2.6664738955328438	-2.327797398282758	50.65502848046917
2.527020473030428	-2.4837056723770603	50.26252815662489
2.3872773708244095	-2.6277768097840335	49.87284283745047
2.247573214653001	-2.7603587721777916	49.48614398889686
2.108217808998845	-2.8818154867191494	49.10258373056345
1.96950225493861	-2.9925239846983893	48.72229516590566
1.831699140889772	-3.0928717243359727	48.34539287391396
1.695062799166823	-3.1832540992207377	47.97197353805071
1.5598296214421001	-3.2640721317812487	47.60211668944091
1.4262184264376734	-3.3357303493755195	47.235885542702285
1.2944308734459666	-3.3986348390412333	46.87332790432001
1.1646519155790214	-3.4531914756619457	46.514477135076284
1.0370502869729168	-3.4998043172596085	46.15935314969722
0.9117790185165852	-3.538874160302811	45.80796343854357
0.7889759770276934	-3.5707972473037564	45.46030409782043
0.6687644231559894	-3.595964118544716	45.11636085638905
0.5512535836526231	-3.614758599505552	44.77611008881362
0.4365392339970538	-3.6275569154372027	44.439519805750756
0.3247042877189817	-3.6347269245215417	44.106550614179525
0.21581938908676743	-3.636627461156603	43.7771566412644
0.10994350615625452	-3.633607781089816	43.45128641684342
0.007124521479992144	-3.6260071003742147	43.128883710628436
-0.09260018193209818	-3.6141542204284742	42.80988832119984
-0.18920314153609838	-3.5983672318276323	42.4942368147727
-0.2826662449405543	-3.5789532898258383	42.18186321250754
-0.3729801699965089	-3.556208455004924	41.87269962584207
-0.46014383671018666	-3.5304175928444637	41.566676839933265
-0.5441638721937263	-3.501854326412588	41.263724845827916
-0.6250540896815272	-3.4707810367764624	40.963773322430626
-0.7028349824687212	-3.437448906121659	40.66675206971535
-0.7775332334719129	-3.402097998947156	40.37259139493721
-0.8491812409709453	-3.36495737706418	40.08122245385078
-0.9178166609620855	-3.3262452444707358	39.79257754913554
-0.9834819664378538	-3.2861691184978	39.50659038837382
-1.0462240238048013	-3.2449260239273565	39.223196304028114
-1.1060936865586957	-3.2027027070655283	38.94233243792331
-1.1631454062529027	-3.159675867017925	38.66393789277095
-1.2174368607232307	-3.116012401657167	38.38795385326708
-1.2690285994672275	-3.0718696659969154	38.11432367926863
-1.3179837060188664	-3.0273957408924645	37.84299297350371
-1.3643674771092114	-2.98272971017664	37.57390962620342
-1.4082471183598833	-2.938001944512087	37.30702383896054
-1.449691456217923	-2.8933343903985778	37.04228813002596
-1.4887706658078337	-2.8488408629174558	36.77965732314969
-1.525556014348169	-2.8046273409264924	36.51908852196301
-1.5601196197561222	-2.760792263537771	36.2605410717822
-1.5925342240432092	-2.717426826820387	36.00397651059583
-1.6228729810884581	-2.674615279769255	35.74935851087738
-1.6512092583616627	-2.632435218672619	35.4966528137446
-1.6776164521583996	-2.590957879094351	35.24582715686804
-1.7021678158999696	-2.5502484247640544	34.99685119741435
-1.7249363010453798	-2.510366232738549	34.74969643119581
-1.7459944101581824	-2.4713651742638434	34.504336109087774
-1.765414061668812	-2.4332938908270125	34.26074515166963
-1.7832664658723365	-2.3961960649436795	34.01890006294406
-1.7996220117024968	-2.3601106852788947	33.77877884389324
-1.8145501638250725	-2.3250723057480616	33.54036090654032
-1.8281193695971414	-2.2911112982899837	33.30362698909936
-1.8403969754433311	-2.2582540990468347	33.06855907271734
-1.8514491522058278	-2.2265234477256763	32.83514030023852
-1.8613408290313476	-2.1959386199537523	32.6033548973526
-1.8701356353656553	-2.1665156524748546	32.373188096425906
-1.877895850634239	-2.138267561067167	32.14462606325711
-1.8846823611965027	-2.111204551093865	31.917655826947115
-1.8905546241701252	-2.0853342206268404	31.69226521302535
-1.895570637732063	-2.060661756111033	31.46844277993241
-1.8997869175129454	-2.0371901205622494	31.24617775892099
-1.903258478712284	-2.0149202343149577	31.025459997403996
-1.9060388235729087	-1.9938511483585184	30.80627990574859
-1.9081799338643248	-1.9739802103206325	30.588628407489644
-1.909732268036192	-1.9553032231755727	30.372496892913833
-1.9107447627148042	-1.937814596771929	30.157877175946638
-1.9112648382272728	-1.9215074922903748	29.944761454258686
-1.91133840785001	-1.9063739597561984	29.733142272494703
-1.9110098904900616	-1.892405068744256	29.52301248851775
-1.9103222265197966	-1.8795910324254739	29.314365242553105
-1.9093168964973777	-1.867921325114277	29.107193929109897
-1.9080339425173125	-1.857384793485232	28.901492171554125
-1.9065119919471265	-1.8479697616349606	28.697253799203953
-1.9047882833178624	-1.839664130171916	28.494472826816907
-1.9028986941475734	-1.832455469522126	28.293143436338443
-1.9008777704882889	-1.8263311076433983	28.093259960782472
-1.898758757998032	-1.821278212343942	27.894816870116497
-1.8965736343503439	-1.8172838684038155	27.697808759026767
-1.8943531428044011	-1.8143351496992595	27.50223033644242
-1.8921268267691926	-1.8124191865307313	27.308076416701677
-1.8899230652053192	-1.8115232283555063	27.115341912247686
-1.8877691087177904	-1.8116347021249954	26.924021827746493
-1.8856911162027166	-1.8127412664256108	26.734111255524855
-1.8837141919199942	-1.8148308616200477	26.54560537223097
-1.8818624228729863	-1.8178917561833767	26.358499436626712
-1.8801589163847665	-1.821912589425335	26.172788788425517
-1.8786258377687526	-1.8268824107867851	25.988468848095703
-1.8772844479994766	-1.8327907158944692	25.80553511755459
-1.8761551412968365	-1.8396274795540084	25.62398318168428
-1.8752574825444395	-1.84738318585659	25.443808710605317
-1.8746102444695922	-1.8560488555700312	25.26500746264983
-1.8742314445191028	-1.8656160709799134	25.08757528798087
-1.8741383813713655	-1.8760769983413084	24.911508132809438
-1.874347671031157	-1.8874244080962364	24.736802044166048
-1.8748752824592572	-1.8996516930065868	24.56345317518752
-1.8757365726943453	-1.9127528843466133	24.39145779088474
-1.8769463214296935	-1.9267226662935282	24.22081227436104
-1.878518765011925	-1.9415563886489968	24.05151313345498
-1.880467629833591	-1.9572500780186746	23.88355700778513
-1.8828061650955008	-1.9738004475712074	23.716940676178062
-1.8855471749186778	-1.9912049054924459	23.551661064464223
-1.8887030497894524	-2.0094615622449568	23.387715253629654
-1.8922857973246237	-2.02856923673734	23.22510048831457
-1.8963070723467654	-2.0485274615022977	23.063814185652713
-1.9007782062626821	-2.069336486976958	22.903853944448226
-1.9057102357406939	-2.0909972849735317	22.745217554689294
-1.9111139306849125	-2.113511551423118	22.587903007400346
-1.9169998215069146	-2.1368817084702374	22.431908504836894
-1.9233782256972833	-2.161110905990589	22.277232471029226
-1.9302592737013238	-2.1862030225994755	22.12387356268342
-1.937652934104952	-2.2121626662134766	21.971830680449926
-1.9455690381382273	-2.238995174223117	21.821102980571922
-1.9540173035053265	-2.266706613329571	21.67168988692752
-1.963007357550904	-2.29530377909385	21.523591103481415
-1.9725487597737856	-2.3247941952424007	21.376806627163344
-1.9826510236997825	-2.3551861127686076	21.23133676119234
-1.99332363812612	-2.386488508865395	21.08718212886704
-2.004576087750537	-2.4187110857198406	20.944343687844032
-2.016417873198555	-2.4518642691965513	20.802822744927447
-2.028858530462698	-2.4859592074324413	20.662620971394475
-2.041907649767676	-2.5210077693614905	20.52374041888282
-2.055574893875567	-2.5570225431840887	20.38618353586733
-2.0698700158450314	-2.5940168347915797	20.249953184754432
-2.084802876258322	-2.63200466615247	20.11505265962509
-2.100383459930198	-2.6710007736642942	19.98148570465304
-2.116621892111063	-2.7110206064676508	19.849256533239284
-2.1335284541980815	-2.752080324719762	19.718369847887704
-2.151113598966082	-2.7941967978174582	19.58883086086088
-2.1693879653299906	-2.837387602556939	19.460645315651167
-2.1883623926496925	-2.8816710212134744	19.333819509304103
-2.2080479345874218	-2.9270660395201085	19.208360315632422
-2.228455872526854	-2.9735923445203714	19.084275209360033
-2.249597728562098	-3.021270322265765	18.961572291236447
-2.2714852780636616	-3.0701210553244915	18.840260314163302
-2.2941305618273407	-3.1201663200634946	18.720348710375557
-2.3175458978106525	-3.1714285836613065	18.60184761972107
-2.3417438924601206	-3.223931000804471	18.484767919083207
-2.3667374516312405	-3.2776974100155005	18.369121252992006
-2.3925397911014117	-3.3327523295551837	18.254920065470365
-2.4191644466744404	-3.3891209528368083	18.142177633162543
-2.4466252838735705	-3.4468291432844986	18.030908099792555
-2.474936507217923	-3.50590342856178	17.92112651200156
-2.5041126690755156	-3.5663709940909256	17.812848856612668
-2.53416867808376	-3.6282596757770094	17.706092099372754
-2.5651198071262025	-3.691597951844116	17.60087422522075
-2.5969817008519342	-3.756414933684225	17.497214280131875
-2.629770382721629	-3.8227403556119786	17.395132414587113
-2.6635022615615567	-3.8906045634108986	17.294649928716765
-2.698194137604237	-3.9600385015486443	17.195789319166153
-2.7338632079913756	-4.031073698930257	17.098574327730677
-2.7705270717118187	-4.103742253049678	17.003029991805867
-2.808203733943935	-4.178076812390316	16.90918269669642
-2.8469116097684926	-4.254110556915668	16.817060229826108
-2.886669527214482	-4.331877176480662	16.726691836887667
-2.927496729596597	-4.411410846983557	16.638108279968638
-2.969412877099014	-4.492746204066746	16.551341897685557
-3.0124380475563526	-4.575918314163622	16.466426667353474
-3.056592736377281	-4.660962642674348	16.383398269214833
-3.1018978555529246	-4.747915019042796	16.302294152742874
-3.1483747316863626	-4.83681159849144	16.223153605030017
-3.1960451029747974	-4.927688820157529	16.14601782126298
-3.244931115070499	-5.020583361358982	16.0709299772775
-3.29505531574101	-5.1155320877030634	15.997935304175588
-3.3464406482431532	-5.212571998735014	15.927081164976629
-3.399110443319214	-5.311740168807356	15.858417133261016
-3.453088409717125	-5.413073682833602	15.791995073750417
-3.508398623129753	-5.516609566572731	15.727869224752892
-3.565065513441261	-5.62238471107285	15.666096282383018
-3.6231138501611473	-5.730435790884288	15.606735486447446
-3.6825687259188897	-5.840799175633873	15.549848707864054
-3.743455537884112	-5.953510834533362	15.495500537458677
-3.8057999669688973	-6.06860623337622	15.443758375956328
-3.869627954660361	-6.186120223558202	15.394692524954294
-3.934965677322644	-6.3060869226385385	15.348376278631866
-4.001839517798478	-6.42853958594036	15.304886015915823
-4.070276034131045	-6.553510468671292	15.264301292781802
-4.140301925217282	-6.681030678028233	15.226704934328993
-4.2119439931941045	-6.8111300147346965	15.192183126219273
-4.285229102348997	-6.943836803444417	15.160825505021464
-4.360184134336486	-7.079177711432336	15.132725246946649
-4.436835939471887	-7.217177554983313	15.107979154401379
-4.515211283863842	-7.3578590928810845	15.086687739721613
-4.5953367921369805	-7.501242806394489	15.068955305381492
-4.6772388854864815	-7.647346665156805	15.054890019897062
-4.760943714796699	-7.796185878336493	15.044603988565806
-4.846477088547082	-7.947772630505355	15.038213318098148
-4.933864395219915	-8.102115801622961	15.035838174106836
-5.023130519917217	-8.259220670576847	15.03760283032417
-5.1142997548838025	-8.419088601738903	15.04363570831542
-5.2073957036356715	-8.581716714047781	15.054069406349603
-5.302441178377461	-8.747097532152484	15.069040715976131
-5.399458090397415	-8.915218619221188	15.088690624737662
-5.498467333123752	-9.086062191080188	15.113164303326496
-5.599488657527412	-9.25960471142823	15.142611075364321
-5.7025405395590365	-9.435816467965005	15.177184367853435
-5.807640039313801	-9.614661129382275	15.217041640212694
-5.91480265162632	-9.796095283292575	15.262344289674257
-6.024042147810315	-9.980067955316521	15.313257530678658
-6.135370408273692	-10.166520109715371	15.369950245767356
-6.248797245760475	-10.355384132144104	15.432594805335235
-6.364330218996499	-10.546583295312116	15.501366853472396
-6.4819744365469365	-10.74003120857634	15.57644505699726
-6.601732350730666	-10.935631252755808	15.658010814663879
-6.723603541480369	-11.133276001749818	15.746247923418535
-6.847584490087783	-11.332846632863944	15.841342198486984
-6.973668342833588	-11.53421232810373	15.943481043999121
-7.10184466456722	-11.737229669078891	16.052852970803755
-7.232099182379798	-11.941742028580997	16.169647058100722
-7.364413519599244	-12.147578962347364	16.294052355522748
-7.498764920433765	-12.35455560500726	16.426257222342418
-7.6351259656977675	-12.562472074720828	16.566448600565526
-7.773464280173898	-12.771112891565679	16.714811218807675
-7.913742232296414	-12.980246415297694	16.871526724042507
-8.055916626985313	-13.189624308708975	17.0367727385651
-8.19993839261719	-13.398981033421324	17.210721839839167
-8.345752263288533	-13.6080333855842	17.393540461300113
-8.493296457709402	-13.81648007958357	17.58538771267471
-8.642502356260332	-14.024001388505214	17.78641411895918
-8.793294177952147	-14.23025885072244	17.99676027787862
-8.94558865924669	-14.434895052583078	18.216555436437915
-9.099294736923387	-14.63753349773844	18.445915988071132
-9.254313237416781	-14.837778574180756	18.684943892916255
-9.410536575289614	-15.035215630502833	18.933725024870434
-9.567848463757661	-15.22941117326581	19.19232745034117
-9.72612364043144	-15.419913197621693	19.460799644982604
-9.885227611688869	-15.606251663473211	19.739168656198935
-10.045016419336665	-15.78793912943929	20.0274382208002
-10.205336433452436	-15.964471556706215	20.325586848899516
-10.366024175519003	-16.13532929445767	20.633565886931848
-10.526906176162939	-16.299978257966977	20.95129757453527
-10.687798871983288	-16.45787130957739	21.2786731119427
-10.848508546099021	-16.60844985166855	21.615550756459225
-11.008831317147	-16.751145639288325	21.961753968514167
-11.16855318151961	-16.885382818401233	22.317069629640176
-11.327450113634884	-17.010580193653897	22.6812463565015
-11.485288228974772	-17.126153727175787	23.053992936722324
-11.641824014501237	-17.23151926721741	23.43497691370078
-11.796804630858608	-17.326095502384046	23.823823348780703
-11.949968290486316	-17.40930713386365	24.22011379002999
-12.101044715393815	-17.480588254397887	24.623385477383955
-12.249755677883188	-17.53938591883821	25.033130813991423
-12.39581562694129	-17.58516388701138	25.448797133192564
-12.538932402359787	-17.617406515347575	25.86978678960494
-12.678808037877571	-17.635622769369643	26.295457601247858
-12.815139653777477	-17.639350324785152	26.725123667453946
-12.947620438411814	-17.628159720656978	27.15805658446936
-13.075940717085448	-17.601658524055107	27.593487077113103
-13.19978910560047	-17.559495461823612	28.030607060649448
-13.318853744574783	-17.501364471748424	28.468572142140985
-13.432823609403284	-17.427008622603537	28.906504565029
-13.541389889452988	-17.336223850404092	29.343496594590473
-13.644247428792637	-17.22886245681938	29.778614335325212
-13.741096219475386	-17.10483631520417	30.2109019643292
-13.83164293714938	-16.964119730181682	30.63938635745191
-13.915602507583626	-16.806751898239373	31.063082077622564
-13.992699691604209	-16.63283891942372	31.480996687367302
-14.062670674958172	-16.442555313976285	31.892136340365294
-14.125264648791243	-16.236145002636725	32.29551160010559
-14.18024536576655	-16.01392171531434	32.69014342749292
-14.22739265638891	-15.776268799832376	33.07506927379289
-14.26650388985461	-15.52363841037554	33.44934921078439
-14.297395363737548	-15.256550063987973	33.81207202655925
-14.319903607061944	-14.975588562808195	34.16236121322032
-14.3338865818073	-14.681401289498657	34.49938077188836
-14.339224768644792	-14.374694893312997	34.82234076101802
-14.33582212371123	-14.056231394213935	35.13050251608461
-14.323606894476786	-13.72682374216647	35.42318347223809
-14.30253228423831	-13.387330877945052	35.69976152648619
-14.272576956448466	-13.038652350272656	35.959678882282084
-14.233745371943279	-12.68172255163882	36.20244532692419
-14.18606795412314	-12.317504641520872	36.42764090076904
-14.129601079237457	-11.946984230799885	36.63491792670778
-14.064426891080048	-11.571162904785586	36.82400237844616
-13.99065294157865	-11.191051664358962	36.99469457660924
-13.90841166091422	-10.807664365262406	37.14686921231401
-13.817859662891713	-10.422011234519319	37.280474708357765
-13.719176893262748	-10.035092540394334	37.395531938308665
-13.612565630534853	-9.647892488303746	37.49213233332088
-13.49824935045749	-9.261373409780882	37.57043541521962
-13.376471466823977	-8.87647030515785	37.63066580212483
-13.247493962446901	-8.494085793231111	37.67310973945976
-13.11159592513648	-8.115085513044166	37.69811121450849
-12.969072004225408	-7.74029401426652	37.70606771667507
-12.82023080363646	-7.370491163699806	37.69742570822458
-12.665393227681543	-7.006409086417779	37.67267587156176
-12.50489079572417	-6.64872965116612	37.632348199072005
-12.339063941538605	-6.298082501087852	37.57700699028971
-12.16826031268392	-5.955043622792861	37.50724581877749
-11.99283308449563	-5.620134439385612	37.42368252772622
-11.81313930240959	-5.293821406429636	37.326954309065286
-11.629538265298198	-4.9765160840459775	37.21771291596346
-11.442389961346551	-4.6685756534749165	37.09662005316466
-11.25205356675466	-4.370303842504555	36.96434298380156
-11.058886016249186	-4.081952221188734	36.82155038532039
-10.863240653052438	-3.8037218272183986	36.66890848107924
-10.665465964612546	-3.5357650791312656	36.50707746818326
-10.465904409070848	-3.2781879351837566	36.33670825631307
-10.26489133615142	-3.031052256091996	36.15843952678735
-10.062754004921606	-2.794378330890114	35.972895115961336
-9.859810699706806	-2.5681475267631657	35.780681722363035
-9.656369944360003	-2.3523050257943017	35.582386932756464
-9.45272981409579	-2.146762614026978	35.37857755862407
-9.249177343207027	-1.951401490991525	35.16979827139345
-9.045988026193305	-1.7660750707942732	34.95657052209597
-8.843425409145928	-1.5906117489363074	34.73939172902449
-8.641740767653362	-1.424817612145226	34.51873471533111
-8.441172867012035	-1.2684790716030876	34.29504737734453
-8.241947800145446	-1.1213654029818956	34.0687525636514
-8.044278898344926	-0.9832311796088709	33.84024814463731
-7.848366709741455	-0.853818587840313	33.609907252176974
-7.6543990402932565	-0.732859616297123	33.37807866945403
-7.462551052020133	-0.6200781129860746	33.14508735143471
-7.272985413225882	-0.5151917064860508	32.911235057272954
-7.08585249551616	-0.4179135893105436	32.67680107684545
-6.901290612533452	-0.3279541632655604	32.44204303466547
-6.719426295485944	-0.24502254810917265	32.207197755568274
-6.540374600735639	-0.16882795609234408	31.97248217776663
-6.364239444927573	-0.09908093603114344	31.738094300115208
-6.191113963377595	-0.03549449143940784	31.50421415166986
-6.021080887688949	0.02221492204579471	31.271004772865332
-5.854212938829669	0.07432651417210963	31.0386131988416
-5.69057323217051	0.12111438634340593	30.807171436612855
-5.530215691252846	0.1628468602184894	30.57679742888204
-5.373185467323719	0.19978590204827779	30.347595998349668
-5.219519361938628	0.2321866361091629	30.119659767342498
-5.069246250188986	0.26029694062134384	29.89307004849151
-4.92238750235878	0.2843571196431029	29.66789770301782
-4.778957402052024	0.30459964459294586	29.444203963938975
-4.638963559058108	0.32124895925985925	29.22204122218754
-4.502407315435272	0.33452134240749426	29.0014537742414
-4.369284143492432	0.34462482235174496	28.78247853040248
-4.239584034536382	0.3517591381849253	28.56514568333223
-4.11329187742484	0.3561157426266076	28.34947933686175
-3.990387826125787	0.35787784179515686	28.13549809544533
-3.8708476556306723	0.3572204675100003	27.923215614924136
-3.754643105703283	0.35431057804845867	27.712641115515183
-3.6417422120682166	0.3493071835890485	27.503779858144462
-3.532109624753266	0.3423614928727451	27.296633585406607
-3.425706913399251	0.33361707790256184	27.091200928560703
-3.3224928594395338	0.3232100537782944	26.887477782066895
-3.2224237351304494	0.31126927102619284	26.685457647235374
-3.1254535694834953	0.29791651803185565	26.485131946601353
-3.031534401211281	0.28326673141830205	26.28649031066005
-2.9406165188524978	0.26742821242980525	26.08952083859801
-2.852648688287162	0.25050284758569574	25.894210334643525
-2.7675783678926558	0.23258633205719517	25.70054452163226
-2.685351911624387	0.2137683943948247	25.508508233346856
-2.6059147603325807	0.19413302139453423	25.318085587142992
-2.529211621649494	0.1737586820380181	25.129260138321335
-2.4551866387994283	0.15271854957733277	24.942015017645904
-2.3837835486983177	0.13108072095671794	24.756333053347394
-2.3149458297200716	0.10890843287599215	24.572196878884363
-2.248616839514284	0.08626027390092499	24.389589027668507
-2.184739943264458	0.06319039211722906	24.20849201589261
-2.1232586327778593	0.039748697906965294	24.02888841453208
-2.064116636797947	0.015981061499955047	23.850760911524095
-2.00725802292825	-0.008070494981131323	23.674092365062712
-1.9526272915527267	-0.03236761120436703	23.498865848884115
-1.9001694621325207	-0.05687540821067003	23.325064690354186
-1.8498301522525717	-0.08156231401766405	23.152672502110846
-1.8015556497840806	-0.10639989532734746	22.981673207956145
-1.755292978520573	-0.1313626953832926	22.812051063638627
-1.7109899576362382	-0.15642807799123762	22.643790673114417
-1.668595255305654	-0.18157607768905726	22.476877000826406
-1.6280584368139606	-0.20678925602785161	22.311295380494585
-1.5893300074761814	-0.232052563904892	22.14703152086714
-1.5523614506737091	-0.25735320987112115	21.98407150884106
-1.5171052613051903	-0.2826805343204662	21.822401810323026
-1.4835149749381642	-0.30802588945513526	21.662009269166084
-1.4515451929368188	-0.33338252491013265	21.502881104484523
-1.4211516038303882	-0.35874547891110276	21.34500490661925
-1.3922910011758256	-0.3841114748322391	21.18836863199776
-1.3649212981577026	-0.4094788230150455	21.032960597107028
-1.3390015391577013	-0.43484732770416	20.87876947177406
-1.3144919085156728	-0.4602181989530248	20.725784271927093
-1.2913537366940613	-0.48559396934980675	20.57399435199069
-1.2695495040475364	-0.5109784154124847	20.423389397050013
-1.2490428423899536	-0.536376483501394	20.27395941490318
-1.2297985345413256	-0.5617942200975234	20.125694728105987
-1.2117825120283872	-0.5872387062954101	19.97858596610054
-1.1949618511028441	-0.6127179963615073	19.83262405750275
-1.1793047672342896	-0.6382410602084702	19.68780022262497
-1.1647806082243697	-0.6638177296406873	19.544105966284196
-1.151359846082332	-0.6894586482266849	19.401533070950133
-1.139014067793679	-0.7151752246576054	19.260073590274843
-1.1277159651063082	-0.7409795894537762	19.11971984303993
-1.1174393234513509	-0.7668845548845487	18.980464407551562
-1.108159010109035	-0.7929035779699342	18.842300116508344
-1.0998509617233012	-0.8190507264360423	18.70522005236298
-1.0924921712625733	-0.8453406474999009	18.569217543194686
-1.0860606745180432	-0.8717885393629147	18.43428615910637
-1.080535536225048	-0.8984101252959259	18.30041970915785
-1.0758968358875936	-0.9252216302025984	18.16761223884428
-1.0721256533808206	-0.9522397595516348	18.03585802812716
-1.0692040544011914	-0.9794816805720722	17.905151590024
-1.0671150758294043	-1.0069650056096682	17.775487669761837
-1.065842711066497	-1.034707777546128	17.646861244498684
-1.0653718953992928	-1.0627284571865283	17.519267523617316
-1.0656884914472442	-1.0910459125239935	17.392701949594898
-1.066779274738848	-1.1196794097941711	17.26716019945254
-1.0686319194621154	-1.1486486062355368	17.142638186788975
-1.0712349844301157	-1.1779735444749568	17.01913206440306
-1.0745778992992925	-1.2076746484612142	16.896638227510483
-1.0786509510751487	-1.2377727208724159	16.775153317560804
-1.083445270936939	-1.2682889419262537	16.654674226661975
-1.0889528214102417	-1.299244869525102	16.535198102620484
-1.0951663839136432	-1.3306624406707563	16.416722354606513
-1.1020795467032998	-1.3625639740863589	16.299244659454782
-1.1096866932368021	-1.3949721739856513	16.18276296861311
-1.1179829909755745	-1.4279101349321668	16.067275515752222
-1.126964380642956	-1.4614013477332852	15.952780825051972
-1.1366275659531295	-1.4954697063161357	15.839277720181084
-1.1469700038244142	-1.53013951553507	15.726765333986988
-1.1579898950882135	-1.5654354998605529	15.615243118919972
-1.1696861757039005	-1.6013828129033414	15.504710858209913
-1.18205850848791	-1.638007047727652	15.395168677821713
-1.1951072753640015	-1.675334247909062	15.286617059215237
-1.2088335701402646	-1.7133909192940096	15.17905685293798
-1.223239191817082	-1.7522040424187446	15.072489293080965
-1.2383266384290186	-1.7918010855464117	14.966916012630536
-1.254099101422391	-1.8322100182815992	14.86233905975105
-1.2705604605691176	-1.873459325722092	14.75876091503587
-1.2877152794163185	-1.915578023107785	14.65618450976651
-1.3055688012700575	-1.9585956709267094	14.554613245222349
-1.324126945710555	-2.0025423904378847	14.4540510130859
-1.3433963056351537	-2.0474488795702013	14.35450221699141
-1.3633841448242996	-2.093346429155832	14.255971795267257
-1.3840983960247593	-2.1402669394556226	14.15846524492557
-1.4055476595433465	-2.188242936932824	14.061988646955047
-1.4277412023431808	-2.2373075912294325	13.966548692977026
-1.4506889576337305	-2.2874947322982178	13.87215271332651
-1.4744015249445916	-2.3388388676407628	13.778808706624183
-1.4988901706719113	-2.391375199599502	13.686525370908225
-1.5241668290851977	-2.445139642648753	13.595312136398235
-1.550244103781023	-2.5001688406264404	13.505179199966927
-1.577135269568853	-2.5565001838444426	13.41613756139883
-1.6048542747728753	-2.614171826011383	13.328199061518742
-1.6334157439322528	-2.6732227008969454	13.241376422276376
-1.6628349808807008	-2.733692538661776	13.155683288877285
-1.6931279721846513	-2.7956218817713165	13.071134274053833
-1.7243113909174783	-2.8590521004056946	12.987745004573874
-1.7564026007454092	-2.9240254072710186	12.905532170088412
-1.7894196602986774	-2.99058487170996	12.824513574423415
-1.823381327799118	-3.058774433001027	12.744708189425069
-1.8583070659141199	-3.1286389127293086	12.666136211468935
-1.894217046801606	-3.2002240260964085	12.588819120753522
-1.9311321573115083	-3.273576392034098	12.51277974349375
-1.969074004303595	-3.3487435419695992	12.438042317139624
-2.0080649200393053	-3.425773927080324	12.364632558746123
-2.0481279676016304	-3.5047169238624187	12.292577736623684
-2.089286946293287	-3.585622837823241	12.221906745401444
-2.1315663969593897	-3.668542905092641	12.152650184637787
-2.1749916071764224	-3.7535292917314274	12.084840441114704
-2.2195886162445917	-3.8406350904977744	12.018511774954073
-2.2653842199155285	-3.929914314813312	11.953700409694834
-2.3124059747817887	-4.0214218896502985	11.890444626470428
-2.3606822022486527	-4.115213639039461	11.828784862425346
-2.4102419920024	-4.211346269874893	11.768763813508308
-2.4611152048822564	-4.309877351667319	11.71042654177726
-2.5133324750558867	-4.410865291870596	11.653820587347854
-2.5669252113902488	-4.514369306377817	11.598996085112288
-2.621925597901328	-4.620449384753625	11.546005886348835
-2.678366593156795	-4.729166249736808	11.49490568533463
-2.736281928496054	-4.8405813105135875	11.44575415106409
-2.7957061049215244	-4.954756609225884	11.398613064163275
-2.8566743885038695	-5.07175476014087	11.353547459075788
-2.9192228041317603	-5.191638880867769	11.31062577157863
-2.983388127424056	-5.314472514965644	11.269919991665844
-3.04920787460853	-5.440319545241292	11.23150582181411
-3.1167202901569415	-5.569244096990021	11.195462840616598
-3.1859643319505646	-5.70131043038287	11.161874671739756
-3.2569796537340814	-5.836582821153289	11.130829158120969
-3.329806584598277	-5.97512542868328	11.10241854128335
-3.4044861052137794	-6.117002150534516	11.076739645596412
-3.4810598205184826	-6.262276462413203	11.053894067257628
-3.559569928541339	-6.411011242500367	11.033988367709126
-3.640059185021853	-6.563268579016617	11.017134271135843
-3.7225708634666295	-6.719109559839009	11.003448865613827
-3.8071487102548027	-6.878594042915923	10.993054807393264
-3.8938368943840347	-7.041780406173921	10.986080527704162
-3.9826799514214706	-7.208725275547567	10.982660441366871
-4.073722721197948	-7.379483229705619	10.982935156371976
-4.167010278756331	-7.554106479990856	10.987051683463813
-4.262587858036926	-7.732644524038329	10.995163644618422
-4.360500767754099	-7.9151437714883235	11.007431479148783
-4.460794298889447	-8.101647140168467	11.024022645997151
-4.563513623197036	-8.292193621083536	11.045111820584822
-4.6687036820871795	-8.486817810526244	11.070881084383204
-4.776409065225868	-8.685549407606997	11.101520105145458
-4.886673878158473	-8.888412675499412	11.137226305494616
-4.999541598238656	-9.095425864712684	11.178205017301128
-5.115054918117358	-9.306600596735496	11.224669618999734
-5.2332555760218495	-9.521941206450268	11.27684165269171
-5.354184172034607	-9.741444041800214	11.334950917554849
-5.477879969561284	-9.965096719298216	11.399235535737784
-5.6043806811640176	-10.19287733411328	11.469941986550674
-5.733722237926093	-10.424753623651561	11.547325104379585
-5.865938541510438	-10.660682083775066	11.63164803534944
-6.001061198077529	-10.9006070370756	11.723182147341747
-6.139119233239825	-11.144459652950896	11.82220688754115
-6.280138787250804	-11.392156919619833	11.92900958124248
-6.424142789658994	-11.643600568671314	12.043885165201997
-6.57115061270181	-11.89867595327174	12.167135848367346
-6.721177702773674	-12.157250881768451	12.299070692378256
-6.87423518937834	-12.419174409125224	12.440005103800521
-7.030329471069474	-12.684275589419292	12.590260229649603
-7.189461777998333	-12.952362193523275	12.750162247387559
-7.351627710826577	-13.223219397098473	12.920041540252482
-7.516816755915425	-13.49660844512177	13.10023174850372
-7.685011776916822	-13.772265300436217	13.291068687002447
-7.856188483081343	-14.04989928510861	13.492889119421582
-8.03031487487442	-14.329191724882758	13.706029379425889
-8.207350667771328	-14.60979460858502	13.930823829315205
-8.38724669542828	-14.891329276039256	14.167603146950391
-8.569944293791668	-15.173385149852558	14.416692432296491
-8.75537466811307	-15.455518528333007	14.67840912565117
-8.943458245285024	-15.737251458779088	14.953060730607493
-9.134104014403587	-16.018070712418115	15.240942336060698
-9.32720885899678	-16.297426884338524	15.542333933137572
-9.522656884934008	-16.574733643826967	15.857497524836884
-9.720318748647392	-16.84936716254315	16.186674028447346
-9.92005099094958	-17.120665749896034	16.530079973483062
-10.12169538241892	-17.38792972676675	16.887904000966998
-10.325078287036852	-17.65042157029245	17.260303173418304
-10.530010051494873	-17.907366363706057	17.64739910886623
-10.736284428333388	-18.157952586142684	18.04927395662828
-10.943678041814241	-18.40133327777717	18.465966237429782
-11.151949906156627	-18.636627615564016	18.89746657569549
-11.360841006460126	-18.862922934102755	19.343713357457805
-11.570073953283329	-19.079277224650337	19.804588353247713
-11.77935272242048	-19.284722142944226	20.279912351480828
-11.988362491898885	-19.47826655318706	20.769440854121274
-12.196769588580914	-19.658900631184654	21.27285989267209
-12.404221556971283	-19.825600544146845	21.789782028656298
-12.61034736287304	-19.977333717992746	22.319742608538117
-12.814757744378102	-20.113064695113597	22.862196348296404
-13.017045722290646	-20.231761576428415	23.416514327379577
-13.216787281437515	-20.33240303125067	23.981981475309567
-13.413542233394743	-20.413985847037846	24.557794636513474
-13.606855269930644	-20.47553297863916	25.143061299791952
-13.796257214916157	-20.51610204335995	25.736799077930062
-13.981266480575563	-20.534794194251734	26.337936020097025
-14.161390731731572	-20.530763289793978	26.945311834624473
-14.33612875915541	-20.503225263900788	27.557680092361284
-14.504972560269563	-20.451467586349082	28.173711470923227
-14.667409622298681	-20.374858690723972	28.79199808774146
-14.822925399559372	-20.272857235281965	29.411058954880133
-14.97100597297123	-20.14502105223848	30.029346571241717
-15.111140876122278	-19.991015633391434	30.64525464821522
-15.242826068404835	-19.810621995183293	31.25712694334696
-15.365567031938639	-19.603743764727668	31.863267153642692
-15.478881965308881	-19.370413330373587	32.46194979614739
-15.58230504367009	-19.11079690635483	33.0514319791072
-15.675389711606094	-18.825198371172927	33.6299659429759
-15.757711972398367	-18.51406175366003	34.195812227534276
-15.828873635141715	-18.177972259090232	34.74725330021868
-15.888505479554416	-17.817655750022386	35.282607462192395
-15.93627029744253	-17.433976622379888	35.80024283348464
-15.97186576966703	-17.027934046044525	36.29859120737051
-15.995027138175155	-16.600656570278673	36.7761615576423
-16.005529634224494	-16.153395126757854	37.231552981002
-16.003190626351557	-15.68751449597882	37.6634668607698
-15.987871454893678	-15.204483335308167	38.07071804757456
-15.959478923913492	-14.705862897944426	38.452244867574784
-15.917966426122732	-14.193294600574923	38.80711778876911
-15.863334681755841	-13.668486622588045	39.13454660059622
-15.79563207818102	-13.133199740507816	39.433885990630856
-15.71495460321717	-12.58923261717174	39.70463943391486
-15.62144537149641	-12.03840677554999	39.94646134437078
-15.515293749614141	-11.482551491697711	40.15915747278585
-15.396734092079493	-10.923488840032602	40.342683570950754
-15.266044106063394	-10.36301911706197	40.497142375615745
-15.123542868490528	-9.80290685715778	40.62277899797546
-14.969588524008348	-9.244867636529236	40.719974833486106
-14.804575696674128	-8.690555839818765	40.78924013217872
-14.628932651749436	-8.141553538588017	40.83120539062561
-14.443118246712736	-7.599360603234037	40.846611742911726
-14.247618712464307	-7.065386140541708	40.83630053910351
-14.04294430669352	-6.54094131907675	40.80120230574078
-13.82962588152608	-6.027233614872706	40.74232528392541
-13.608211406908872	-5.525362481206191	40.66074373693567
-13.379262489786298	-5.03631641943695	40.557586211387935
-13.143350927052522	-4.5609714035328714	40.43402392434099
-12.901055327623165	-4.10009058949865	40.29125943401841
-12.652957835858226	-3.6543252228232497	40.130515734682625
-12.39964098509249	-3.2242166424620757	39.953025897323265
-12.14168470629721	-2.8101992688419055	39.760023357899094
-11.879663513012316	-2.412604455866887	39.552732934543215
-11.614143879750133	-2.031665082749163	39.33236263498997
-11.34568182717073	-1.6675207604390418	39.10009629602595
-11.074820723543517	-1.3202235291653335	38.85708707843743
-10.80208930841082	-0.9897439277545441	38.604451824069855
-10.527999941010279	-0.6759773215795591	38.34326626648676
-10.25304707293918	-0.37875038379204784	38.07456107348753
-9.977705941785752	-0.09782763351818614	37.7993186885073
-9.702431480029835	0.16708205543582264	37.51847092869759
-9.427657431437618	0.4163190514641006	37.232897290233076
-9.153795665441526	0.650266733189392	36.94342390601479
-8.881235678598687	0.869345483765086	36.65082309731292
-8.61034427114447	1.0740069564669166	36.35581345885128
-8.34146538588179	1.2647286469918229	36.05906041620265
-8.074920096146357	1.4420087989377146	35.76117719494689
-7.811006729337716	1.606361660749684	35.462726142652336
-7.550001112475538	1.75831310505258	35.16422034718481
-7.292156926402962	1.898396614779195	34.86612549794999
-7.037706155581204	2.027149634855909	34.56886194026335
-6.786859620881206	2.1451102834028806	34.27280687697368
-6.5398075833432046	2.252814412414178	33.97829667559691
-6.296720407527375	2.350793004651154	33.68562924344045
-6.057749273790464	2.4395698909543615	33.39506643740851
-5.823026929577031	2.519659770288798	33.10683647929982
-5.592668470590609	2.5915665135165433	32.82113635137337
-5.366772143495252	2.6557817310700456	32.538134150716154
-5.1454201625778	2.7127835843105075	32.25797138446414
-4.928679533565524	2.763035820333155	31.980765191177106
-4.716602878533362	2.806987010263094	31.70661047663743
-4.509229256543231	2.8450699716148233	31.435581955025505
-4.306584975329207	2.8777013560135445	31.16773608882128
-4.10868438997354	2.9052813844507015	30.903112922900416
-3.9155306851063996	2.9281937132290135	30.64173781014489
-3.727116637706333	2.9468054148079634	30.383623027486937
-3.5434253580777018	2.9614670588591827	30.12876928266846
-3.36443100703661	2.972512879956804	29.877167113143724
-3.190099487748758	2.9802610194397436	29.628798179500258
-3.0203891110333485	2.9850138300739535	29.383636456541097
-2.855251233277645	2.98705823319962	29.14164932577863
-2.694630866400172	2.9866661190608452	28.902798573556034
-2.5384672595584212	2.984094781976028	28.667041299352732
-2.3866944525223093	2.979587382910894	28.434330739062872
-2.2392418008296024	2.9733734328596686	28.204617008174786
-2.096034473006963	2.965669291221888	27.977847769839503
-1.9569939202823592	2.956678674082485	27.7539688328097
-1.822038319333826	2.946593167962124	27.532924684168695
-1.6910829887181196	2.935592745204949	27.314658961662097
-1.5640407797031841	2.923846277714433	27.09911487030228
-1.4408224422919231	2.9115120462376187	26.886235547744548
-1.3213369672747257	2.8987382428370996	26.675964382743107
-1.205491905183095	2.885663464581495	26.468245290784868
-1.0931936630442625	2.872417196833181	26.26302295078554
-0.9843477798506206	2.859120284819158	26.060243006506425
-0.8788591816658196	2.845885392441351	25.859852236126176
-0.7766324172892616	2.8328174475191914	25.661798693176873
-0.677571875394827	2.820014072863443	25.466031821832583
-0.5815819840485443	2.8075660027587537	25.272502549322443
-0.4885673934945092	2.7955574845862747	25.081163358030917
-0.3984331430794809	2.784066665449405	24.891968339646496
-0.31108481316494896	2.773165963777887	24.704873233527774
-0.2264286628514107	2.7629224259801433	24.519835451272552
-0.14437175431396254	2.753398068293119	24.33681408930259
-0.06482206452136165	2.7446502040447163	24.155769931113507
0.01231141491725317	2.7367317565979428	23.976665440686272
0.08711858906219165	2.7296915582895913	23.799464748413822
0.15968818142257546	2.723574635711032	23.624133630763342
0.2301076655470442	2.7184224817057006	23.450639484771198
0.2984632057962677	2.7142733144782056	23.278951298353512
0.3648396066961164	2.7111623242245866	23.10903961731004
0.42932027029826036	2.709121907702994	22.94087650980248
0.4919871610022995	2.708181891169649	22.774435528999692
0.5529207773202837	2.7083697421070063	22.609691674501533
0.6122001300904872	2.709710770170212	22.446621353079195
0.6699027266724752	2.712228317774605	22.28520233920336
0.726104560679967	2.7159439407416848	22.12541373577065
0.780880106831561	2.7208775794139335	21.96723593538449
0.834302320522077	2.7270477206405204	21.81065058249728
0.8864426417391493	2.7344715510264295	21.655640536676756
0.9373710029706538	2.743165101827232	21.502189837220154
0.9871558407686623	2.7531433858607	21.350283669304766
1.0358641106549	2.764420526794957	21.199908331832322
1.083561305070744	2.777009881160871	21.051051207098336
1.1303114740932114	2.790924153424428	20.903700732390845
1.176177248653937	2.8061755044422103	20.757846373605666
1.22121986601498	2.822775653610869	20.613478600944234
1.265499197270084	2.840735975008906	20.470588866745665
1.3090737766544325	2.8600675878166264	20.329169585490952
1.3520008324596573	2.880781441287709	20.189214116005886
1.3943363193637326	2.902888394533481	20.05071674587979
1.4361349519976847	2.92639929136877	19.913672678109243
1.4774502395825664	2.9513250304560223	19.778078019969634
1.518334521481106	2.977676630972416	19.64392977411236
1.5588390035187183	3.005465294012788	19.511225831881493
1.5990137949382608	3.034702459929464	19.379964968841016
1.6389079458619837	3.0653998617984053	19.25014684250177
1.678569485142695	3.0975695751896306	19.121771992236116
1.7180454584941263	3.1312240644084537	18.99484184136781
1.757381966797851	3.1663762253626997	18.86935870142525
1.7966242044912766	3.20303942520007	18.745325778545947
1.8358164979473535	3.2412275388484115	18.622747182022415
1.8750023437628147	3.2809549825807682	18.501627934980423
1.9142244468771887	3.322236744715977	18.381973987182604
1.9535247584498534	3.365088413554617	18.263792229952394
1.992944513426981	3.4095262026390474	18.147090513215684
2.0325242677344133	3.4555669734153396	18.031877664659746
2.072303935036217	3.5032282553637595	17.91816351101168
2.112322823002061	3.552528263653499	17.805958901440853
2.152619669029435	3.603485914366036	17.69527573309257
2.193232675369305	3.6561208373202847	17.586126978762568
2.234199543605991	3.7104533865213263	17.478526716724286
2.275557508443813	3.7665046482429063	17.372490162723096
2.31734337075449	3.824296446742203	17.268033704153865
2.359593529840557	3.883851347593746	17.165174936439488
2.4023440148694344	3.94519265861534	17.063932701632986
2.4456305154364446	4.008344428351153	16.964327129258926
2.4894884112106523	4.073331442058257	16.866379679421996
2.5339528006203262	4.140179215134537	16.770113188202874
2.5790585285328267	4.208913983910785	16.675551915365332
2.6248402128828254	4.279562693716421	16.582721594397558
2.6713322702014017	4.352152984114269	16.49164948491013
2.7185689399967408	4.426713171185377	16.402364427411772
2.766584307935067	4.503272226729947	16.314896900482246
2.815412327768	4.581859754235313	16.229279080358797
2.8650868419495854	4.662505961445859	16.14554490294971
2.915641600883142	4.745241629353691	16.063730128283986
2.9671102807344716	4.8300980774120115	15.983872407401204
3.0195264997440217	4.917107124755898	15.906011351679384
3.0729238329662962	5.006301047197311	15.830188604591568
3.127335825360145	5.0977125297428945	15.756447915873235
3.182796003148372	5.191374614364058	15.684835218073111
3.239337883359885	5.287320642729844	15.615398705448289
3.2969949814614625	5.385584193592691	15.548188915152277
3.3558008169801705	5.486199014497191	15.483258810649685
3.4157889170107905	5.589198947461034	15.420663867275001
3.4769928174955247	5.694617848256087	15.360462159834471
3.5394460621558834	5.802489498896094	15.302714452129445
3.6031821989488213	5.9128475129156985	15.247484288256533
3.668234773911018	6.025725233003547	15.194838085514343
3.734637322246497	6.141155620530128	15.144845228718218
3.8024233565040015	6.2591711364893	15.097578165693013
3.871626351681126	6.379803613350661	15.053112503679383
3.9422797270826315	6.503084117298742	15.011527106351043
4.014416824750324	6.629042800314325	14.972904191098863
4.088070884271798	6.757708741533683	14.937329426191871
4.163275013764714	6.889109777302782	14.904892027375608
4.24006215682299	7.02327231932719	14.875684853413821
4.318465055199601	7.160221160301826	14.849804500020946
4.398516206990939	7.29997926639387	14.82735139156842
4.480247820075883	7.442567555940749	14.808429869879213
4.56369176055231	7.588004663718997	14.793148279350264
4.648879495902876	7.736306690136899	14.78161904756243
4.7358420326117185	7.887486934705857	14.773958760451452
4.824609847943537	8.041555613152363	14.770288231021516
4.915212815587368	8.198519557546211	14.770732560484712
5.007680124858193	8.358381898840259	14.775421190605304
5.102040193142269	8.52114173124627	14.784487945917006
5.198320571265043	8.686793757908411	14.798071064364523
5.296547841455332	8.855327917383825	14.816313214797638
5.39674750757563	9.026728990499	14.839361499617125
5.4989438772868136	9.200976187223	14.867367440737425
5.603159935815646	9.378042713284682	14.900486946891421
5.709417210997274	9.557895316364544	14.938880260159014
5.817735629269295	9.740493811809129	14.982711879453097
5.92813336230539	9.925790587958053	15.032150458547136
6.040626663988261	10.113730091331261	15.087368676076565
6.155229697439901	10.304248292107683	15.148543074795304
6.271954351849236	10.497272130533098	15.215853867219037
6.390810048865492	10.692718945128982	15.289484704641962
6.511803538359343	10.890495883835598	15.369622406374898
6.634938683394603	11.090499299514317	15.456456645923364
6.760216234300901	11.29261413155704	15.550179590707382
6.8876335917942	11.49671327570758	15.650985491824702
7.017184559156357	11.702656944590005	15.759070220279028
7.1488590835592465	11.910292021865068	15.874630746040152
7.282642986703129	12.119451413397602	15.997864556278317
7.418517685034309	12.32995339931579	16.12896900912659
7.556459899912869	12.541600991375272	16.268140619377494
7.696441358225571	12.754181300617118	16.41557427262771
7.838428484057514	12.967464920889137	16.57146236452934
7.982382082198767	13.181205334457369	16.735993862044857
8.128257014407852	13.395138346570787	16.90935328388267
8.276001869531807	13.60898155652745	17.091719597667023
8.425558628768648	13.822433873480922	17.283265031854864
8.576862327558588	14.03517508592371	17.48415380096755
8.729840715804952	14.246865494479973	17.694540743364925
8.884413918353118	14.45714561832063	17.914569871560513
9.040494097895131	14.665635986167432	18.144372835966262
9.197985122718281	14.87193702346385	18.38406730397033
9.356782241975079	15.075629047841783	18.633755257395368
9.516771771418473	15.276272385485592	18.893521212661597
9.677830792816952	15.473407621368148	19.16343036938969
9.83982687053577	15.666555996582984	19.44352669472054
10.002617789039611	15.855219966099366	19.73383095229878
10.166051315334565	16.038883930196377	20.034338686656728
10.32996499061702	16.217015152560418	20.34501817563074
10.494185955630316	16.38906487753153	20.665808365429942
10.65853081443895	16.554469658229245	20.996616805032776
10.822805541508872	16.712652906251822	21.33731759868543
10.986805437123659	16.863026672299593	21.687749397384295
11.1503151362621	17.004993665400253	22.047713452304524
11.31310867610516	17.137949516394123	22.416971755144036
11.474949627320907	17.261285288956405	22.795245292237208
11.635591294187059	17.374390238684686	23.182212441000328
11.794776988442925	17.47665481766347	23.57750753874053
11.95224038150957	17.567473918443454	23.980719655029578
12.107705939370055	17.646250347560592	24.39139159964457
12.260889443955643	17.712398514600356	24.80901919844383
12.411498604333149	17.76534831842949	25.23305086940977
12.559233760329404	17.80454920762722	25.66288753038621
12.70378868046051	17.829474387421346	26.09788286870962
12.844851455153831	17.839625140654366	26.537344000921752
12.982105485267134	17.834535225569436	26.9805325480289
13.115230564821939	17.81377530862219	27.426666148294895
13.243904055690104	17.776957386212935	27.87492042532342
13.367802150713242	17.72373914532065	28.324431424200004
13.486601220409787	17.653828209638085	28.774298522756037
13.599979237052176	17.566986215089262	29.223587818637522
13.707617268498172	17.463032656687638	29.671335985885403
13.809201032760175	17.34184844768902	30.116554587264176
13.904422502921314	17.203379132018107	30.558234820736505
13.99298155068571	17.047637692096142	30.995352670421767
14.074587615613579	16.87470689653992	31.426874424268252
14.148961385970297	16.684741135783426	31.851762512697285
14.21583647614363	16.47796769850554	32.26898161484452
14.274961084784813	16.254687447807882	32.67750497193611
14.326099617235462	16.0152748633157	33.07632084100488
14.369034255438361	15.76017742367511	33.46443901677455
14.403566458417098	15.489914313154665	33.840897345307575
14.4295183765642	15.205074446056726	34.20476815009202
14.446734163410252	14.906313813199803	34.555164489772274
14.455081169262053	14.594352165615433	34.891246166810554
14.45445100209417	14.269969061557495	35.212225408066026
14.444760442345451	13.933999313685566	35.51737214160905
14.425952199794123	13.58732788358246	35.80601879902433
14.397995502438478	13.230884280338524	36.07756457891548
14.360886509264915	12.865636528526196	36.33147911518289
14.31464854090584	12.492584778274024	36.567305502733056
14.259332124436032	12.112754636131903	36.78466264338435
14.195014850883716	11.727190299843949	36.983246885617824
14.121801046394525	11.336947582900212	37.16283294321767
14.039821260335975	10.94308691576303	37.323274089471916
13.94923157591876	10.546666409946477	37.46450163517402
13.850212751093874	10.148735068707449	37.58652370989981
13.742969199518893	9.750326224079398	37.68942337666064
13.6277278232338	9.352451274471493	37.77335611981363
13.504736710313543	8.956093790246618	37.83854675482652
13.374263712144863	8.562204046785512	37.88528581597463
13.236594916087325	8.171694035769288	37.913925484156294
13.092033030110999	7.785432996016059	37.9248751216628
12.940895696549182	7.404243495438678	37.91859648388651
12.7835137523653	7.02889808579815	37.895598679597036
12.620229453316123	6.660116542149445	37.856432951605946
12.451394679113072	6.298563689432883	37.801687348455026
12.277369136157745	5.9448478097497075	37.73198135531827
12.098518573681785	5.599519615644955	37.64796054874264
11.915213028180814	5.263071767337703	37.55029133533031
11.727825109927657	4.935938905392136	37.43965582915813
11.536728344112612	4.618498164881573	37.31674691682085
11.342295577819616	4.311070132696656	37.1822635526526
11.144897462638623	4.01392020629505	37.03690632010378
10.944901021266364	3.7272603098595014	36.881373288591135
10.74266830498883	3.4512509224784367	36.71635618855036
10.53855514749556	3.1860033725208092	36.54253692103513
10.332910019071054	2.9315823527621747	36.36058441213958
10.12607298386353	2.6880086119377973	36.171151816865866
9.91837476166241	2.4552617801492413	35.974874071888514
9.710135894437391	2.233283287827676	35.77236579203415
9.501666016814228	2.0219793406552875	35.564219501233694
9.293263228692608	1.8212239158624177	35.35100418522851
9.085213567354774	1.6308617485562296	35.13326415042299
8.877790575670932	1.4507112801061235	34.911518170959226
8.671254962378583	1.280567544031348	34.68625890431959
8.465854349895356	1.1202049682359552	34.45795255450582
8.26182310471332	0.9693800757539371	34.227038761057116
8.059382245113223	0.8278340693535134	33.99393069180967
7.858739420718967	0.6952952883609314	33.759015317314564
7.660088958283263	0.5714815288732764	33.52265384517347
7.46361196804141	0.45610222111101234	33.28518229316897
7.2694765049864865	0.3488604600023678	33.0469121809117
7.077837779496027	0.24945488718569464	32.8081313207542
6.888838411868601	0.15758142446114656	32.56910468988725
6.702608725501389	0.07293486032462948	32.33007536680001
6.519267073648229	-0.004789707417124912	32.091265516615806
6.3389201949351115	-0.07589556880893095	31.852877411178714
6.161663593069099	-0.1406832336124711	31.6150944711359
5.987581936452085	-0.19944939205976672	31.37808231861455
5.816749473696242	-0.2524859981158648	31.14198983041033
5.649230461329025	-0.30007946846570094	30.90695018287218
5.485079600267729	-0.3425099901745572	30.673081880873266
5.32434247793373	-0.3800509298288161	30.440489764392296
5.167056013160571	-0.4129683369275318	30.20926598728572
5.013248901326541	-0.4415205343493615	29.979490963806544
4.86294205740824	-0.4659577888492251	29.751234279317355
4.7161490549063725	-0.48652205473071664	29.524555562454434
4.572876558836243	-0.50344678408172	29.299505316726474
4.433124751203146	-0.516956797240512	29.076125710179078
4.296887747596077	-0.527268207468129	28.854451322327407
4.1641540037319755	-0.5345883941311826	28.634509848058805
4.034906710966706	-0.5391160190402245	28.41632275863863
3.9091241799584284	-0.5410410809356768	28.199905920321125
3.7867802118243197	-0.5405450034609149	27.985270171377895
3.6678444562732686	-0.537800752305787	27.772421858614273
3.552282756325185	-0.5329729775400703	27.561363334653283
3.4400574793434937	-0.5262181774821318	27.352093417433583
3.331127834210895	-0.5176848807611845	27.144607813495448
3.225450174571285	-0.5075138435303214	26.938899506723086
3.1229782881416606	-0.4958382590706885	26.734959114273657
3.02366367217123	-0.48278397729420713	26.53277521146314
2.927455795186993	-0.4684697319024956	26.332334627392694
2.834302345219955	-0.45300737319317264	26.13362271309525
2.7441494647530478	-0.4365021047216096	25.936623583961797
2.6569419726717283	-0.4190527222268172	25.74132033817274
2.572623573531629	-0.40075185341495473	25.54769525281448
2.4911370544854674	-0.3816861973636139	25.35572995930767
2.4124244702336948	-0.3619367624651788	25.16540559971227
2.3364273163813345	-0.34157910196904906	24.97670296540867
2.2630866915968944	-0.32068354631104656	24.789602619583825
2.192343448979125	-0.29931543153476664	24.604085004878964
2.1241383370438927	-0.27753532321482316	24.420130537481533
2.058412130747023	-0.25539923538660686	24.237719688869596
1.995105752960001	-0.23295884407221115	24.056833056343013
1.9341603868141697	-0.21026169506825046	23.877451423402672
1.8755175793259053	-0.18735140572922737	23.69955581096765
1.8191193367104046	-0.1642678605404957	23.523127520350783
1.7649082117854358	-0.1410474003284581	23.34814816884612
1.7128273838589112	-0.11772300500297107	23.1745997187173
1.6628207314856018	-0.09432446976865028	23.00246450031425
1.6148328984689901	-0.07087857477834394	22.831725229987107
1.5688093534742076	-0.04740924823403223	22.662365023410672
1.5246964436074129	-0.023937722968185852	22.49436740488028
1.4824414423059233	-0.0004826865626924448	22.327716313090445
1.441992591872152	0.022939574916854704	22.162396103861635
1.4032991409728368	0.046315039476018754	21.99839155023715
1.3663113774133655	0.06963181792509998	21.835687840331737
1.330980656485276	0.0928800286683924	21.67427057327614
1.29725942517332	0.11605167841566832	21.51412575356724
1.2651012424967636	0.13914054867392575	21.355239784101126
1.2344607962481637	0.16214208787056889	21.1975994581375
1.2052939163812335	0.1850533089539826	21.041191950415545
1.1775575852884863	0.20787269231331612	20.886004807618033
1.151209945198117	0.23060009385659871	20.732025938356536
1.1262103029089507	0.25323665808446516	20.579243602830516
1.1025191320717074	0.2757847359959135	20.427646402294034
1.0800980732146743	0.2982478076624208	20.277223268446907
1.0589099317018813	0.3206304093073785	20.127963452851553
1.0389186738022889	0.34293806472900895	19.97985651646309
1.0200894210391236	0.36517722090666754	19.832892319347717
1.002388442979502	0.38735518763264654	19.687061010653174
0.9857831486157521	0.4094800810141686	19.54235301888524
0.97024207648148	0.43156077069318355	19.39875904253529
0.9557348836373178	0.4536068306347521	19.256270041096304
0.9422323336535465	0.4756284933382693	19.11487722649755
0.9297062837093127	0.4976366073293772	18.974572054982385
0.9181296709210547	0.5196425977941868	18.835346219448255
0.9074764980058281	0.5416584302213845	18.697191642263363
0.897721818378758	0.5636965769217441	18.560100468570717
0.8888417207775293	0.5857699862986634	18.424065060086885
0.880813313500893	0.6078920547474593	18.28907798939994
0.8736147083424199	0.6300766010653251	18.155132034768755
0.8672250042953698	0.652337843257966	18.02222017542402
0.8616242710993302	0.6746903776331139	17.890335587369744
0.8567935326944243	0.6971491600752241	17.759471639682808
0.8527147506441672	0.7197294893997749	17.629621891307433
0.8493708075836941	0.7424469926896133	17.50078008834064
0.8467454907458508	0.7653176125198018	17.37294016180458
0.8448234756137202	0.7883575959813057	17.2460962259015
0.8435903097443544	0.8115834854177982	17.120242576747014
0.8430323968050037	0.8350121107935388	16.99537369157779
0.843136980859752	0.8586605836142087	16.87148422842917
0.8438921309413551	0.8825462923250751	16.74856902628444
0.8452867259400635	0.9066868991171027	16.626623105683723
0.8473104398385107	0.931100338071378	16.505641669800653
0.8499537273190424	0.9558048145782467	16.385620105981136
0.8532078097674706	0.9808188059696644	16.26655398774546
0.8570646616948852	1.0061610633065396	16.148439077254928
0.8615169975970436	1.0318506142657922	16.031271328245392
0.866558259268804	1.0579067670747448	15.915046889431133
0.872182603589236	1.0843491154431777	15.799762108383801
0.8783848907912076	1.1111975444460085	15.685413535892426
0.885160673227687	1.1384722373120741	15.571997930811795
0.8925061846454093	1.1661936830768704	15.459512265407817
0.9004183299752027	1.194382685059361	15.347953731210033
0.9088946756468542	1.2230603701251053	15.237319745382834
0.9179334404352665	1.2522481986999778	15.127607957628419
0.9275334868434394	1.2819679755006383	15.018816257636113
0.9376943130267972	1.312241860949562	14.910942783094628
0.9484160452623867	1.343092383244352	14.803985928284433
0.9596994309655376	1.3745424510521511	14.697944353270605
0.9715458322557394	1.4066153668016281	14.592816993717111
0.9839572200727341	1.4393348405460962	14.488603071345846
0.9969361688430025	1.4727250043724325	14.3853021050654
1.0104858516962272	1.5068104273313958	14.282913922796551
1.0246100362305792	1.541616130865693	14.18143867402351
1.0393130808251556	1.5771676047127925	14.080876843101937
1.0545999314972263	1.6134908232599978	13.981229263356745
1.0704761193014636	1.6506122623295	13.88249713200526
1.086947758267748	1.6885589163713515	13.784682025943237
1.104021543873705	1.7273583160422297	13.687785918433757
1.1217047520474983	1.7670385461476377	13.59181119674149
1.1400052386960409	1.807628263924785	13.49676068075722
1.1589314397533728	1.849156717643197	13.402637642659336
1.1784923717423994	1.8916537654967465	13.309445827667329
1.1986976328453869	1.93514989476603	13.217189475930883
1.2195574044744473	1.9796762412204312	13.125873345620198
1.2410824533353821	2.0252646087338726	13.035502737271788
1.2632841339766334	2.0719474890839877	12.946083519452971
1.2861743918145647	2.1197580819028383	12.857622155810434
1.309765766625713	2.168730314744893	12.77012573357172
1.3340713964958508	2.218898863235343	12.683601993571896
1.3591050222149894	2.2702991712587526	12.598059361881342
1.3848809921065734	2.322967471144885	12.513506983113995
1.411414267278183	2.3769408038045086	12.429954755499676
1.4387204272800826	2.4322570387640923	12.347413367807604
1.4668156761569036	2.48895489404362	12.265894338212515
1.4957168488764156	2.54707395581669	12.18541005519881
1.5254414181181992	2.606654697786608	12.105973820602449
1.5560075014035244	2.6677385002061933	12.027599894894424
1.587433868545952	2.730367668461698	11.950303544815046
1.6197399494011566	2.794585451135718	11.874101093470422
1.6529458418916292	2.8604360574538465	11.799009973010088
1.687072320280569	2.9279646740128835	11.725048780007066
1.7221408436668495	2.997217480678492	11.652237333667136
1.7581735646703576	3.0682416655300804	11.580596736998489
1.7951933382745449	3.141085438719845	11.510149441077543
1.8332237307899453	3.2157980451008985	11.440919312551172
1.8722890288993759	3.2924297754666108	11.37293170452005
1.9124142487420095	3.3710319762294882	11.30621353095182
1.9536251449897775	3.4516570573527097	11.240793344777181
1.9959482198654643	3.5343584983314122	11.176701419825507
2.039410732047535	3.6191908520033933	11.113969836760175
2.0840407054017	3.70620974594989	11.052632573176924
2.1298669374742873	3.7954718812271975	10.992725598031008
2.1769190076762914	3.8870350281472428	10.934286970561503
2.2252272850831045	3.980958018806107	10.877356943879857
2.2748229357629968	4.077300736024293	10.821978073396782
2.3257379295472345	4.176124098349049	10.768195330252603
2.3780050461419493	4.27749004073063	10.716056219921091
2.4316578804755657	4.381461490457416	10.665610906151695
2.486730847166127	4.488102337901243	10.616912340411279
2.5432591839835834	4.597477401589783	10.57001639698058
2.6012789541713888	4.709652387085075	10.524982013853078
2.6608270474809985	4.824693839108212	10.481871339573987
2.7219411797603374	4.942669086307224	10.440749886145099
2.7846598909251514	5.063646178021629	10.401686688105878
2.849022541127953	5.187693812349113	10.364754467883346
2.9150693049248906	5.314881254770271	10.33002980748175
2.9828411632248133	5.445278246534298	10.297593326557477
3.0523798927884913	5.578954901953682	10.267529866894904
3.1237280530276172	5.715981593697176	10.239928683264262
3.1969289698355094	5.856428825111769	10.214883640602174
3.2720267161583196	6.000367088535621	10.192493417410375
3.349066088998023	6.147866708505191	10.172861715214012
3.428092582512939	6.298997668686205	10.156097473861847
3.5091523568588547	6.45382942129005	10.142315092382058
3.5922922023880703	6.612430677664187	10.131634655030119
3.677559498797574	6.77486917867222	10.124182162078304
3.765002168789361	6.941211443404194	10.12008976479853
3.8546686257772187	7.111522494683405	10.119496003980867
3.946607715142968	7.285865559759794	10.122546051207586
4.040868648514832	7.4643017445086635	10.129391951966605
4.137500930506837	7.646889679380292	10.140192869536865
4.2365542773250695	7.83368513527899	10.155115328410906
4.338078526611439	8.024740607485965	10.174333455834855
4.442123537860811	8.22010486568403	10.198029219842748
4.548739082710669	8.419822468091763	10.22639266193835
4.657974724369968	8.62393323768241	10.259622122334257
4.769879685409328	8.83247169842106	10.297924455388728
4.884502703110659	9.045466469464092	10.341515232593538
5.001891871531307	9.262939615257242	10.390618930149374
5.122094469408278	9.484905949505102	10.445469097826344
5.245156772996292	9.711372291039684	10.506308505441085
5.371123852905703	9.942336669702788	10.573389262890277
5.50003935398149	10.177787480478367	10.646972909261828
5.631945257245068	10.417702584274199	10.727330466101256
5.766881622905621	10.66204835396013	10.814742449440857
5.904886313441308	10.910778664533582	10.909498834707351
6.045994695750775	11.163833826603677	11.011898968108982
6.190239321386361	11.421139462774505	11.122251417571023
6.337649583902241	11.68260532697208	11.240873755741893
6.488251352386252	11.948124067306516	11.368092267036756
6.642066580294521	12.21756993369969	11.50424157012728
6.799112888776732	12.490797432248742	11.649664146734425
6.959403123767219	12.767639929143627	11.80470976704338
7.122944886228688	13.047908207925236	11.969734801550848
7.289740035070739	13.331388984963503	12.145101408684996
7.459784162429801	13.617843389263273	12.331176587126496
7.633066041192335	13.907005414075071	12.528331081421497
7.809567044872956	14.19858034930399	12.736938129236766
7.989260540226064	14.492243205376301	12.957372038486058
8.172111253277398	14.787637141041786	13.190006582582722
8.358074609813004	15.084371909557767	13.43521320227481
8.547096051760889	15.382022339813906	13.693359002929038
8.73911033134745	15.680126871204955	13.964804536782362
8.93404078540839	15.978186163425896	14.249901360611965
9.131798592784703	16.275661804831227	14.548989360524947
9.332282018338503	16.571975145537046	14.862393837177901
9.535375647780652	16.866506284015625	15.19042234674197
9.740949618217128	17.15859323850017	15.533361295381322
9.948858850070057	17.44753133699785	15.89147228791374
10.158942286850836	17.732572862097815	16.264988234773817
10.371022150097927	18.012926988905804	16.65410922534488
10.584903217674798	18.287760056311935	17.058998180251443
10.80037213452357	18.55619621327602	17.479776300287885
11.01719676587876	18.817318482793038	17.916518335303103
11.235125603848953	19.070170286564476	18.369247702548748
11.453887239151612	19.313757473020093	18.837931490686834
11.673189910617785	19.547050890080584	19.322475392782838
11.89272114584305	19.768989541789022	19.82271861909338
12.112147507022806	19.97848436453829	20.338428848181476
12.331114456541592	20.17442265395618	20.8692972827078
12.549246357257084	20.35567316746933	21.414933883981046
12.766146622592847	20.521091920057728	21.974862866789973
12.981398031495992	20.669528681669536	22.548518542947274
13.194563222988458	20.79983417415947	23.13524160807502
13.405185384410554	20.910867953459466	23.734275971162415
13.612789146486687	21.001506949050768	24.34476623000625
13.816881697008538	21.070654617810703	24.96575589748107
14.016954123204117	21.11725065314602	25.596186483347264
14.212482990725489	21.140281173264487	26.23489753367805
14.402932164633748	21.13878929481617	26.880627724676998
14.587754874789772	21.111885980371984	27.532017099424234
14.766396024687323	21.05876103078598	28.187610524745438
14.938294739018966	20.978694076960164	28.845862430837272
15.102887141188159	20.8710654104989	29.505142878497377
15.259609347631974	20.735366479841762	30.1637449779021
15.407900661273752	20.571209868348298	30.819893659084066
15.54720694177287	20.378338564114507	31.471755767947503
15.67698412558637	20.15663432862345	32.11745143333177
15.796701864321221	19.906124973193926	32.75506662093645
15.90584724556384	19.626990359007365	33.38266675962194
16.003928556459655	19.31956694853915	33.998311295585445
16.090479046912026	18.984350753613104	34.60006900112853
16.165060646512387	18.62199854795071	35.18603383821077
16.22726758732208	18.233327239718026	35.75434115372848
16.27672988351092	17.81931133168329	36.30318396445538
16.313116618707944	17.381078432471483	36.830829075737824
16.336138992799068	16.91990282113899	37.33563277010702
16.345553081851907	16.437197107805062	37.816055800557706
16.341162267861023	15.934502074168401	38.2706774287073
16.322819299057308	15.41347481810252	38.698208260530635
16.290427946545822	14.87587536484767	39.09750165171427
16.243944228926594	14.323551942292818	39.467563480492295
16.18337718318059	13.758425148275881	39.80756011742715
16.108789167307556	13.1824712626498	40.11682445808417
16.020295687803188	12.59770497522124	40.394859924788534
15.918064752861186	12.006161811933973	40.64134238638464
15.802315759978143	11.409880545507034	40.85611998876062
15.673317934218547	10.810885873073449	41.0392109324512
15.531388340568855	10.211171632438727	41.190799275503736
15.376889500389225	9.61268481087534	41.311228878695296
15.210226647801932	9.017310576644162	41.40099564497272
15.031844666802218	8.426858534622996	41.46073823469757
14.84222475384286	7.843050374635673	41.49122746218402
14.641880853558412	7.267509045498852	41.49335459664144
14.431355917132407	6.701749550690155	41.46811880175101
14.21121803357131	6.1471714241037	41.416613952747646
13.98205648387185	5.6050529077604505	41.34001506830907
13.744477766817488	5.076546818621005	41.239564587243294
13.499101643007908	4.562678059709124	41.116558707554304
13.246557240821344	4.064342702315877	40.97233398872367
12.987479264459491	3.582308541656891	40.80825439782673
12.722504340162029	3.1172170083446202	40.625698957303285
12.452267532237673	2.669586302571403	40.426050127719925
12.177399055880235	2.2398156069737087	40.21068303355825
11.898521208945867	1.8281902275909125	39.98095561473381
11.616245540083971	1.4348875098596243	39.738199761902344
11.331170265944682	1.0599833778034458	39.48371347024373
11.043877945722725	0.7034593490262855	39.218754024814714
10.754933417116407	0.3652098852859195	38.94453221109649
10.464881993941958	0.04504994778759623	38.66220752728324
10.174247922190446	-0.25727736263155826	38.37288436030658
9.88353308827639	-0.5420931880584656	38.077609075611726
9.593215970616589	-0.8097754135362851	37.77736796125561
9.303750823498506	-1.0607513661324859	37.47308595987416
9.01556708043792	-1.2954907815134367	37.16562611729946
8.729068962870144	-1.5144990937977394	36.85578967389303
8.444635279040456	-1.7183110924027352	36.544316723764155
8.162619397327967	-1.9074849783699765	36.23188736771532
7.88334937791834	-2.082596842392629	35.91912328774781
7.6071282466992285	-2.2442355775568963	35.60658967402466
7.334234395448656	-2.3929982316964606	35.294797439087404
7.064922092786884	-2.5294857972484914	34.98420565864275
6.799422090928409	-2.6542994305711867	34.67522418317688
6.537942313970723	-2.7680370877872202	34.36821636984515
6.280668614257923	-2.8712905602910013	34.06350188937353
6.027765584233274	-2.9646428900210986	33.761359567969684
5.779377412117788	-3.0486661423679537	33.462030229371564
5.5356287707028	-3.1239195130690143	33.16571950708103
5.2966257295005725	-3.19094774454984	32.87260060147394
5.06245668144564	-3.2502798268097615	32.58281696080592
4.833193276264484	-3.302427958040822	32.296484869112604
4.608891353524156	-3.347886740628251	32.01369592762121
4.389591869221434	-3.3871325889376442	31.7345194195404
4.175321810578417	-3.4206233262816266	31.459004550983074
3.966095094461793	-3.4487979496194163	31.18718256331047
3.7619134455424295	-3.472076541824057	30.919068714387397
3.562767250952994	-3.490860312711528	30.654664128120324
3.368636388789316	-3.5055317514249316	30.39395751324304
3.1794910283328988	-3.5164548741755675	30.13692675363757
2.9952924003511723	-3.5239755527349987	29.88354037355847
2.8159935362600224	-3.5284219104286323	29.63375888199117
2.6415399753131963	-3.5301047736860167	29.38753600104425
2.4718704393172537	-3.529318168444829	29.14481978377426
2.3069174746628445	-3.5263398518759	28.90555362719259
2.1466080617155665	-3.5214318709907158	28.6696771864268
1.990864191827034	-3.5148411407075613	28.437127196124358
1.8396034124104619	-3.5068000348872546	28.207838205209487
1.6927393406797382	-3.4975269847046717	27.981743231051887
1.5501821467784462	-3.487227079500306	27.75877433899148
1.4118390071295237	-3.4760926659595843	27.538863152999948
1.2776145289184617	-3.4643039421004156	27.321941303056583
1.1474111466871684	-3.4520295431153922	27.10794081458421
1.0211294920627931	-3.4394271166187393	26.896794445037138
0.8986687376790836	-3.426643885293981	26.688435972465182
0.7799269163682423	-3.4138171953310397	26.482800440601114
0.6648012167113807	-3.4010750493855384	26.279824364738534
0.5531882560363757	-3.388536623092986	26.079445902387157
0.44498433194510684	-3.3763127644303745	25.881604992416104
0.34008565343841585	-3.3645064754416785	25.686243466125234
0.23838855268882708	-3.3532133760354665	25.49330513342338
0.13978967848764512	-3.3425221497259026	25.302735847039962
0.044186172366586174	-3.332514971326019	25.114483547455713
-0.04852417163517143	-3.323267916717375	24.928498291009756
-0.13844276261913427	-3.314851354915615	24.744732263423497
-0.22567008298426383	-3.3073303227296913	24.563139780778542
-0.31030557222059896	-3.300764882375556	24.38367727979317
-0.3924475235002153	-3.2952104624555303	24.206303299068693
-0.47219299226416706	-3.29071818275306	24.03097845280448
-0.5496377160364024	-3.2873351633220733	23.857665398332088
-0.6248760447312212	-3.285104818370973	23.68632879867502
-0.6980008807547506	-3.284067135455267	23.516935281210557
-0.7691036282344612	-3.284258940500831	23.349453393389997
-0.8382741507434313	-3.2857141491828084	23.183853556364127
-0.9056007369178122	-3.2884640051840037	23.020108017260714
-0.9711700733969622	-3.2925373058520613	22.85819080076966
-1.0350672245454642	-3.2979606157672783	22.69807766060898
-1.097375618445109	-3.30475846872322	22.539746031370168
-1.1581770386726118	-3.3129535586107366	22.383174981173987
-1.2175516214055147	-3.3225669196829997	22.228345165507534
-1.275577857424153	-3.333618096665008	22.07523878255902
-1.3323325986020762	-3.346125305156059	21.923839530318414
-1.387891068500533	-3.360105582758004	21.774132565669163
-1.4423268767049884	-3.375574931346101	21.62610446565792
-1.4957120365627683	-3.3925484508828916	21.479743191095622
-1.5481169860010402	-3.411040465159016	21.33503805261391
-1.5996106111235573	-3.4310646398283358	21.191979679274766
-1.650260272302786	-3.4526340930881974	21.050559989808804
-1.7001318325011165	-3.475761499339182	20.910772166538507
-1.7492896875712791	-3.500459186142388	20.77261063202577
-1.7977967983013852	-3.526739224776132	20.636071028468972
-1.8457147239846212	-3.5546135146779805	20.50115019986293
-1.8931036573072562	-3.584093862042275	20.367846176924942
-1.9400224603615293	-3.615192052827741	20.23615816478197
-1.9865287016021103	-3.6479199204144823	20.106086533407247
-2.0326786935761425	-3.6822894081344684	19.977632810789363
-2.078527531267537	-3.718312626884745	19.850799678812635
-2.1241291309060233	-3.7560019080177747	19.72559097182481
-2.169536269101333	-3.7953698516892693	19.602011677864052
-2.2148006221698378	-3.8364293708281036	19.480067942520567
-2.2599728055312136	-3.8791937308804894	19.359767075400818
-2.30510241305835	-3.923676585465056	19.241117559166973
-2.3502380562711207	-3.969892008062003	19.124129061122275
-2.3954274032708422	-4.017854519845418	19.008812447313925
-2.4407172173177636	-4.067579113753969	18.895179799125614
-2.4861533949591386	-4.119081274881284	18.783244432332694
-2.53178100361994	-4.17237699725353	18.67302091859382
-2.577644318572436	-4.227482797047744	18.56452510935387
-2.623786859204365	-4.284415722290679	18.457774162133564
-2.6702514245086184	-4.3431933590639105	18.352786569181973
-2.7170801277199015	-4.403833834226992	18.249582188468416
-2.764314430026085	-4.466355814656237	18.148182276990568
-2.81199517328367	-4.530778502982634	18.048609526375103
-2.860162611668031	-4.597121629797874	17.950888100746955
-2.9088564421900753	-4.665405442283214	17.855043676841735
-2.958115834011185	-4.735650689200886	17.76110348633483
-3.0079794564885636	-4.807878602173338	17.66909636035785
-3.058485505882553	-4.882110873160282	17.579052776170705
-3.1096717306566863	-4.958369628028439	17.491004905953577
-3.161575455300161	-5.036677396093446	17.40498666767904
-3.2142336026006846	-5.117057075497775	17.321033778018826
-3.2676827142937572	-5.199531894272714	17.239183807233708
-3.32195897001204	-5.284125366916503	17.159476235987523
-3.3770982044557556	-5.370861246304472	17.08195251401789
-3.4331359227019203	-5.459763470730787	17.006656120586396
-3.490107313566774	-5.550856105864939	16.93363262662004
-3.548047260931865	-5.64416328138947	16.862929758443045
-3.606990352940162	-5.739709122068977	16.794597462984346
-3.666970888963932	-5.837517672983645	16.72868797433004
-3.7280228842413976	-5.9376128186442365	16.665255881472742
-3.7901800720737326	-6.040018195688646	16.604358197090402
-3.8534759034689845	-6.144757098844669	16.54605442716531
-3.917943544113119	-6.251852379826927	16.49040664123082
-3.9836158685428167	-6.361326338821149	16.437479543007022
-4.05052545138806	-6.47320060819389	16.387340541158082
-4.118704555546292	-6.587496028051988	16.340059819873083
-4.188185117142976	-6.70423251326277	16.2957104089381
-4.2589987271266825	-6.823428911534261	16.254368252930618
-4.331176609339705	-6.94510285214407	16.21611227912734
-4.404749594898372	-7.069270584896984	16.181024463673456
-4.479748092709871	-7.195946808884206	16.149189895514848
-4.556202055945537	-7.325144490612818	16.1206968375448
-4.634140944283553	-7.4568746710721925	16.095636784362974
-4.713593681727309	-7.5911462613053216	16.07410451598722
-4.794588609799083	-7.7279658260578294	16.056198146797367
-4.877153435902811	-7.867337355086547	16.042019168925084
-4.96131517664353	-8.009262021722407	16.031672489234737
-5.047100095887044	-8.153737928302455	16.0252664589671
-5.134533637337885	-8.300759838108817	16.02291289504076
-5.223640351411029	-8.450318893484736	16.024727091925243
-5.314443816170105	-8.602402319835946	16.030827822915136
-5.406966552103924	-8.756993115272474	16.041337329546753
-5.501229930513169	-8.914069725701413	16.056381297807263
-5.597254075281412	-9.073605705247257	16.07608881969237
-5.695057757808072	-9.235569361952477	16.10059233857205
-5.794658284887433	-9.399923388799943	16.13002757672576
-5.896071379325895	-9.566624480199886	16.164533443309253
-5.999311053101086	-9.735622934199744	16.204251920915873
-6.104389472880699	-9.906862240805877	16.249327928796557
-6.211316817736672	-10.08027865695302	16.299909160706733
-6.320101128911763	-10.255800768821544	16.35614589525511
-6.430748151521651	-10.433349042385816	16.4181907765421
-6.543261168104124	-10.612835363276226	16.48619856279367
-6.6576408239666325	-10.794162567266943	16.560325840627424
-6.773884944318335	-10.977223962935884	16.64073070252417
-6.891988343223778	-11.161902848316009	16.72757238503459
-7.011942624466447	-11.348072023642203	16.821010865220373
-7.133735974470532	-11.535593302609225	16.921206412820613
-7.257352947496041	-11.724317024889444	17.02831909564879
-7.382774243397082	-11.91408157301478	17.142508235768044
-7.509976478315547	-12.104712897104278	17.263931814065966
-7.638931948773524	-12.296024051316152	17.39274582096012
-7.769608389727232	-12.487814746318936	17.52910355111517
-7.901968727254005	-12.679870922508451	17.673154840248124
-8.035970826661266	-12.871964349142043	17.825045242343393
-8.171567236933269	-13.06385225501551	17.98491514589983
-8.308704932567078	-13.255276996766476	18.152898828192512
-8.447325053994216	-13.445965771345257	18.329123446957873
-8.587362647936821	-13.635630379642397	18.51370796940489
-8.728746409209188	-13.82396704869634	18.706762039025612
-8.871398425642681	-14.010656320312032	18.908384781323193
-9.015233927987142	-14.195363014295951	19.118663550304266
-9.1601610468206	-14.377736274840666	19.337672618391913
-9.306080578681703	-14.557409708861687	19.56547181330961
-9.452885763823144	-14.734001625287831	19.802105106463973
-9.600462078167476	-14.907115384418331	20.047599158413043
-9.748687042226308	-15.07633986647075	20.30196182814276
-9.897430049917498	-15.241250068337218	20.565180654082464
-10.046552220378807	-15.40140783732644	20.8372213160604
-10.195906276027305	-15.556362750278332	21.118026088722605
-10.345336450247343	-15.705653145881081	21.407512298297846
-10.49467842820209	-15.848807317280842	21.705570795971266
-10.643759324349498	-15.985344871138139	22.012064462508143
-10.79239770029891	-16.114778258139296	22.326826760124803
-10.940403626662022	-16.236614478604153	22.649660348903605
-11.08757879253304	-16.35035696524083	22.9803357862768
-11.2337166661598	-16.45550764327003	23.31859032919966
-11.37860271025095	-16.551569166089703	23.664126859593193
-11.522014655186469	-16.638047322371015	24.016612954395736
-11.663722833162215	-16.714453607985646	24.375680122095876
-11.803490575997268	-16.780307953480175	24.740923227878888
-11.941074678963476	-16.835141594960664	25.111900129468705
-12.076225932557055	-16.878500073263524	25.48813154534626
-12.208689723620884	-16.909946343207565	25.869101176236846
-12.338206706644245	-16.92906397159641	26.254256099553533
-12.464513545414542	-16.935460399525518	26.643007454832443
-12.587343724476902	-16.928770241508392	27.034731436080556
-12.706428429077	-16.908658591040638	27.428770604368026
-12.821497491426895	-16.874824299544244	27.824435530933993
-12.93228040025133	-16.827003193255123	28.221006777549658
-13.03850736965396	-16.764971190615167	28.617737216920244
-13.139910462401106	-16.6885472811848	29.013854691545475
-13.2362247617699	-16.597596326080833	29.408565004751164
-13.32718958516324	-16.492031639537505	29.801055232616935
-13.412549731773797	-16.37181731144945	30.190497340340933
-13.49205675570122	-16.236970231735658	30.576052081292232
-13.565470255110332	-16.087561779100877	30.95687315171494
-13.632559167282517	-15.923719139287392	31.332111568875156
-13.693103058777158	-15.745626221208056	31.700920235508377
-13.74689339940316	-15.55352414341407	32.06245864885167
-13.79373480831988	-15.347711268138571	32.415897708460236
-13.833446260356991	-15.12854276560945	32.76042457352865
-13.86586224057757	-14.896429697358535	33.095247517678516
-13.890833835217338	-14.651837613766471	33.41960072723314
-13.908229747422999	-14.395284667950971	33.73274898796296
-13.917937226686105	-14.127339255193297	34.03399220521224
-13.919862901525445	-13.84861719425167	34.322669703253155
-13.913933505804646	-13.559778473977817	34.5981642516645
-13.900096490073592	-13.261523595462561	34.85990576949936
-13.878320510477893	-12.95458954634001	35.10737466193329
-13.848595789072997	-12.639745449714528	35.340104748917554
-13.810934340787002	-12.317787935305448	35.55768575099892
-13.76537006377459	-11.989536284702268	35.75976530379648
-13.711958691467096	-11.655827405988715	35.94605047950533
-13.650777606221778	-11.317510695345156	36.116308801078056
-13.581925516077852	-10.975442844526915	36.27036874224843
-13.505521997707152	-10.630482653314603	36.40811971414332
-13.42170691017526	-10.283485905152832	36.52951154670147
-13.330639685576005	-9.935300362267409	36.63455348032132
-13.232498503943326	-9.586760933643719	36.72331268993481
-13.12747936105616	-9.238685065446917	36.79591236991273
-13.015795038815456	-8.89186839887813	36.85252941372519
-12.89767398877097	-8.547080735214545	36.89339172701109
-12.773359140098583	-8.205062342017282	36.91877521657531
-12.643106643867823	-7.866520628351802	36.92900050078571
-12.50718456579202	-7.532127210505708	36.92442938885708
-12.36587153982052	-7.202515383252787	36.905461177591064
-12.219455394918855	-6.878278005344112	36.87252881431453
-12.068231767197032	-6.559965801736363	36.82609497407216
-11.912502709200378	-6.24808607921494	36.76664809764957
-11.752575307686039	-5.943101846635439	36.694698434812345
-11.588760320587822	-5.645431326076786	36.610774134339984
-11.42137084314096	-5.3554478368374525	36.51541741911272
-11.250721012315921	-5.073480030459771	36.40918088078216
-11.07712475781655	-4.799812451863369	36.292623924530886
-10.900894606951908	-4.534686399215865	36.16630939020864
-10.722340549712818	-4.278301053360731	36.03080037182321
-10.541768969391587	-4.030814846436522	35.88665725305799
-10.359481643093341	-3.792347038723533	35.73443497226871
-10.17577481551607	-3.562979472699942	35.57468052635399
-9.990938348436599	-3.342758473725335	35.40793071906006
-9.805254947443839	-3.13169686763844	35.23471015572025
-9.618999466618572	-2.9297760867961	35.05552948318402
-9.432438291078208	-2.7369483376286423	34.8708838707853
-9.245828796591535	-2.5531388045809362	34.68125172565274
-9.059418884826556	-2.378247867288267	34.487093633481926
-8.873446592226758	-2.2121533099448665	34.28885151407045
-8.688139770017528	-2.0547125040075254	34.086947979450734
-8.503715832425284	-1.905764547589933	33.88178588132721
-8.320381569844425	-1.7651323471030693	33.673748033713515
-8.138333023409746	-1.6326246288474184	33.46319709614653
-7.957755417219661	-1.5080378703330035	33.25047560260086
-7.778823144304594	-1.3911581430689606	33.035906121209095
-7.601699802340775	-1.2817628604068723	32.819791530082504
-7.426538275066607	-1.1796224257266972	32.602415394891636
-7.253480855361671	-1.0845017778120383	32.38404243437911
-7.0826594059924295	-0.9961618316674481	32.164919060609826
-6.914195554107433	-0.9143608142826887	31.94527398148986
-6.748200915674288	-0.8388554959492742	31.725318853882044
-6.584777346184852	-0.7694023186871756	31.505248976490282
-6.424017214110277	-0.7057584241505006	31.285244012557797
-6.266003693758612	-0.6476825840582435	31.065468733309018
-6.110811074371069	-0.5949360367486487	30.846073773946195
-5.95850508248492	-0.5472832338934117	30.627196394877263
-5.809143214788378	-0.5044925017409673	30.40896124169167
-5.662775078892448	-0.4663366214970446	30.1914810982063
-5.5194427396443855	-0.4325933336058763	29.974857627668587
-5.379181068804653	-0.40304577077715303	29.75918209792357
-5.242018096102831	-0.377482824621754	29.54453608702266
-5.107975359875574	-0.3556994507226561	29.33099216637213
-4.9770682556706705	-0.33749691688483785	29.118614559088027
-4.849306381374397	-0.322682999187525	28.907459771741397
-4.724693877584298	-0.3110721303108476	28.69757719814457
-4.6032297621048395	-0.30248550443355593	28.489009694246192
-4.484908257590026	-0.29675114280467635	28.281794123573363
-4.369719111493743	-0.2937039238850794	28.075961872984422
-4.257647907615718	-0.29318558173924747	27.87153933877891
-4.148676368648915	-0.2950446761371639	27.668548383455356
-4.042782649242452	-0.29913653760427844	27.46700676361464
-3.9399416191934584	-0.30532319043695827	27.266928529680317
-3.8401251364720093	-0.3134732564837618	27.068324398250876
-3.743302309865457	-0.3234618422813594	26.871202098014432
-3.649439751102684	-0.33517041192928926	26.67556669024697
-3.5585018163853905	-0.34848664789129324	26.481420864983665
-3.4704508373133627	-0.3633043017233299	26.288765214002257
-3.3852473412433266	-0.37952303655036984	26.097598481788655
-3.302850261167772	-0.39704826294588513	25.907917795671707
-3.223217135241111	-0.41579096970987545	25.719718876317945
-3.1463042961160834	-0.4356675508932462	25.532996229769555
-3.072067050283874	-0.45659963027841105	25.347743322191768
-3.0004598476377846	-0.47851388439770415	25.163952738471743
-2.931436441502368	-0.5013418650524895	24.98161632578005
-2.8649500393880514	-0.5250198221862978	24.80072532316928
-2.8009534447463196	-0.5494885278645085	24.621270478244455
-2.739399190012398	-0.5746931020205527	24.443242151896715
-2.68023966123151	-0.6005828405440022	24.266630412046723
-2.6234272145713193	-0.627111046208677	24.09142511729705
-2.568914285027483	-0.6542348628687071	23.91761599134519
-2.5166534876319058	-0.6819151132865757	23.745192688961705
-2.466597711473957	-0.7101161408994515	23.574144854290505
-2.4187002068438983	-0.7388056557780053	23.40446217218102
-2.3729146658057743	-0.7679545849848836	23.236134413216636
-2.3291952965035816	-0.7975369274978054	23.06915147305916
-2.2874968915004397	-0.8275296138243112	22.90350340668674
-2.2477748904448833	-0.8579123704015775	22.739180458060133
-2.2099854373527705	-0.8886675888444282	22.576173085713688
-2.1740854327866375	-0.9197802000779477	22.414471984729378
-2.1400325812072225	-0.9512375533674583	22.254068105516346
-2.1077854337644424	-0.9830293002376596	22.094952669784803
-2.0773034267872887	-1.0151472832543604	21.937117184071393
-2.048546916223964	-1.0475854296261973	21.78055345114297
-2.0214772082753485	-1.0803396495697302	21.625253579577922
-1.9960565864564654	-1.113407739369184	21.471209991798062
-1.9722483353121782	-1.146789289051629	21.3184154308002
-1.9500167610047519	-1.1804855945895731	21.166862965813564
-1.9293272089824336	-1.2144995745354215	21.016545997088553
-1.910146078929773	-1.2488356909858689	20.86745826000348
-1.8924408371920143	-1.2834998747691073	20.719593828658393
-1.8761800268575202	-1.3184994547435942	20.572947119108505
-1.8613332756741279	-1.3538430910936767	20.427512892375606
-1.847871301967239	-1.3895407125048438	20.283286257362192
-1.835765918719631	-1.4256034570994511	20.14026267378113
-1.824990035965245	-1.4620436170124869	19.998437955202675
-1.815517661641727	-1.4988745864862283	19.85780827231068
-1.807323901039169	-1.5361108133622534	19.718370156451357
-1.8003849549753932	-1.5737677538494232	19.580120503549935
-1.7946781168211707	-1.6118618304468864	19.443056578463587
-1.7901817684921162	-1.6504103929018734	19.307176019832987
-1.786875375517442	-1.6894316820830089	19.17247684548949
-1.7847394812895017	-1.7289447966510658	19.03895745847029
-1.7837557005919318	-1.7689696624104132	18.90661665368981
-1.7839067124983727	-1.8095270042257814	18.77545362531267
-1.7851762527280115	-1.8506383203906092	18.645467974870183
-1.7875491055387598	-1.8923258593347734	18.516659720160405
-1.7910110952335596	-1.9346125985611922	18.389029304969693
-1.7955490773502536	-1.9775222257021534	18.262577609653043
-1.8011509296005046	-2.021079121588173	18.137305962608426
-1.8078055426185629	-2.0653083452234853	18.013216152680467
-1.8155028105760618	-2.1102356205637727	17.890310442528353
-1.824233621714694	-2.1558873249930905	17.768591582992904
-1.8339898488443145	-2.2022904793982243	17.648062828497913
-1.8447643398499867	-2.2494727397398053	17.528727953521486
-1.8565509082474652	-2.2974623900204545	17.410591270173864
-1.8693443238228724	-2.346288336550907	17.293657646919364
-1.883140303388557	-2.3959801034157673	17.17793252848097
-1.8979355016836024	-2.4465678290408266	17.063421956967552
-1.9137275024439158	-2.498082263763971	16.950132594265256
-1.9305148096635059	-2.5505547683115632	16.838071745736208
-1.9482968390652153	-2.6040173130818127	16.727247385269287
-1.9670739097959897	-2.658502478135892	16.61766818172969
-1.9868472363585692	-2.7140434537965774	16.509343526855815
-2.007618920788427	-2.770674041752742	16.40228356465417
-2.029391945081681	-2.8284286565664223	16.296499222344845
-2.0521701638767302	-2.887342327477087	16.1920022429122
-2.0759582973892776	-2.9474507003951325	16.088805219317685
-2.1007619245975033	-3.00879003997388	15.986921630433596
-2.1265874766710753	-3.071397231645926	15.88636587875877
-2.1534422306346936	-3.135309783505837	15.78715332997933
-2.181334303253791	-3.200565827916946	15.689300354439439
-2.2102726451270107	-3.2672041227152055	15.592824370589023
-2.240267034966826	-3.3352640518775725	15.497743890477222
-2.271328074046519	-3.4047856255164852	15.404078567362127
-2.303467180788406	-3.4758094790554805	15.311849245508657
-2.3366965854648605	-3.548376871433787	15.221078012247974
-2.371029324980113	-3.6225296821798634	15.13178825237277
-2.4064792376971407	-3.698310407185138	15.044004704943967
-2.4430609582704372	-3.7757621530005965	14.957753522583872
-2.4807899124409114	-3.854928629467335	14.873062333332967
-2.5196823117458242	-3.935854140483235	14.789960305144849
-2.5597551480917353	-4.0185835726947445	14.708478213094924
-2.6010261881341488	-4.103162381890832	14.628648509376433
-2.643513967402806	-4.189636576862686	14.55050539615556
-2.687237784106446	-4.278052700478181	14.474084901354956
-2.732217692545593	-4.36845780770475	14.399424957431645
-2.778474496056388	-4.460899440298077	14.326565483210905
-2.8260297394025895	-4.555425597856538	14.25554846883264
-2.87490570052656	-4.652084704922736	14.18641806386047
-2.92512538156359	-4.750925573794076	14.119220668596151
-2.976712499016862	-4.851997362683573	14.05400502863315
-3.0296914729830924	-4.955349528850278	13.990822332672732
-3.0840874153110795	-5.061031776295877	13.929726313613903
-3.1399261165672536	-5.169093997599893	13.870773352914592
-3.197234031673616	-5.2795862094408665	13.814022588205477
-3.256038264074425	-5.392558481324485	13.75953602411973
-3.316366548278308	-5.508060857012408	13.707378646281164
-3.37824723061251	-5.626143268117295	13.657618538369825
-3.4417092480152247	-5.746855439300065	13.61032700215778
-3.5067821046809464	-5.870246784475366	13.565578680378122
-3.5734958463619875	-5.996366293400297	13.52345168225701
-3.641881032117334	-6.125262407990147	13.484027711501382
-3.7119687032869724	-6.256982887672645	13.447392196493805
-3.7837903494567398	-6.391574663060108	13.413634422400008
-3.8573778711648905	-6.529083677186818	13.38284766484375
-3.9327635390873934	-6.669554713527099	13.355129324747574
-4.009979949423965	-6.813031209978043	13.330581063876108
-4.089059975191893	-6.959555057960824	13.309308940550485
-4.170036713118946	-7.109166385765767	13.291423544927786
-4.252943425810873	-7.261903325239669	13.277040133157671
-4.337813478852227	-7.417801760888854	13.266278759639231
-4.424680272484302	-7.576895060453059	13.25926440650371
-4.5135771674857095	-7.739213785985366	13.256127109343524
-4.604537404865974	-7.904785384463735	13.25700207809338
-4.69759401896601	-8.073633856953427	13.262029811845819
-4.7927797435435915	-8.245779405340793	13.271356206250339
-4.8901269104066625	-8.421238055668589	13.285132652002213
-4.989667340143009	-8.600021257122322	13.303516122773873
-5.091432224481449	-8.782135455747703	13.326669250778115
-5.195451999808002	-8.967581642023083	13.35476038797857
-5.301756211350036	-9.156354871468642	13.38796365077839
-5.410373367533407	-9.348443757549296	13.426458945823672
-5.521330784012122	-9.543829936222407	13.470431974353795
-5.634654416867672	-9.74248750159686	13.520074212317459
-5.750368684475998	-9.944382412308881	13.575582863251187
-5.868496277545422	-10.149471868385818	13.637160780688024
-5.989057956838813	-10.357703658563983	13.705016356629077
-6.1120723381092805	-10.569015478254741	13.779363372372012
-6.237555663799875	-10.783334218614637	13.860420807749604
-6.365521561087272	-11.000575227477341	13.948412604592075
-6.495980785886398	-11.22064154324832	14.043567379991778
-6.628940952479232	-11.443423103251188	14.146118084721806
-6.764406248486815	-11.668795928450486	14.256301601945687
-6.902377134971355	-11.896621286963633	14.374358281159475
-7.042850031534651	-12.126744839315563	14.500531402135294
-7.1858169863719725	-12.35899576898648	14.635066563494052
-7.33126533134865	-12.593185902459476	14.778210990432918
-7.479177322290321	-12.829108823689662	14.930212756078193
-7.629529764818044	-13.066538988690855	15.091319910935532
-7.7822936262187055	-13.305230846770502	15.261779514979043
-7.937433634019525	-13.544917975836226	15.441836567068883
-8.094907862134425	-13.785312240144684	15.631732826626546
-8.254667305669145	-14.02610297985961	15.831705522839483
-8.416655445715357	-14.266956242828869	16.041985947129806
-8.580807805726787	-14.507514070063587	16.262797925213373
-8.747051501358914	-14.747393847503883	16.494356165817653
-8.915304785962359	-14.986187737762986	16.736864484026864
-9.085476594251547	-15.223462206643099	16.990513898299678
-9.257466087022705	-15.458757660290246	17.255480601469873
-9.431162200166545	-15.691588209877702	17.531923807506175
-9.60644320160874	-15.921441581650505	17.819983477482655
-9.783176260213164	-16.147779190997515	18.1197779301052
-9.961217031094987	-16.37003639990753	18.43140134425618
-10.140409262207484	-16.58762297767267	18.754921163357547
-10.320584427482377	-16.7999237849851	19.090375413907914
-10.501561392212778	-17.00629970158794	19.437769953311065
-10.683146116761367	-17.20608881734103	19.797075665063492
-10.865131405046492	-17.398607905899723	20.16822562248188
-11.047296704593899	-17.58315419913022	20.551112245391312
-11.229407965233024	-17.75900747885388	20.945584477521212
-11.411217563750158	-17.925432500478365	21.351445015711118
-11.592464301974204	-18.081681760496053	21.768447625348006
-11.772873485851887	-18.22699861667808	22.196294579668574
-11.952157093052381	-18.36062076603839	22.634634263573822
-12.130014036513185	-18.481784081274732	23.08305898532444
-12.306130531086747	-18.589726801413295	23.541103041811905
-12.480180570056085	-18.683694066806726	24.008241084915912
-12.651826517746343	-18.762942782498154	24.48388683764992
-12.820719823757484	-18.826746787323952	24.967392209243748
-12.986501863471767	-18.874402299064403	25.458046857897028
-13.148804908444323	-18.905233598570003	25.955078248550713
-13.307253229062514	-18.918598908219725	26.45765225056377
-13.46146433046202	-18.913896412461554	26.964874316561573
-13.611050321121482	-18.890570360721533	27.475791278880948
-13.755619411833687	-18.848117185844483	27.98939379393267
-13.894777540886789	-18.786091564662517	28.50461945743244
-14.028130119305965	-18.70411234150498	29.020356604844647
-14.155283887932164	-18.601868230698763	29.53544880161253
-14.275848875984565	-18.47912321059333	30.048700016930773
-14.38944044860517	-18.335721519601837	30.558880463112725
-14.495681428761454	-18.171592164381135	31.064733070220626
-14.5942042768344	-17.98675285175165	31.564980552818092
-14.684653309295115	-17.78131325941605	32.058333012760805
-14.766686936124582	-17.55547756605987	32.54349600918382
-14.839979895112112	-17.309546169034064	33.01917901462894
-14.904225459928115	-17.043916527493543	33.484104164942835
-14.959137597953731	-16.759083080494328	33.937015200531484
-15.004453053305907	-16.455636202959507	34.37668648813444
-15.039933330357979	-16.13426017736442	34.80193200581508
-15.065366553347785	-15.795730175157297	35.21161416963062
-15.080569178405952	-15.440908258953124	35.60465237868504
-15.085387535531105	-15.0707384339984	35.98003115614443
-15.07969917968013	-14.686240794848707	36.33680776739872
-15.06341403221046	-14.288504830162246	36.674119202883745
-15.036475296376649	-13.878681964514305	36.99118842205333
-14.9988601334015	-13.457977430723577	37.287329766436734
-14.95058008875821	-13.027641578925026	37.561953463375495
-14.89168126165043	-12.588960739158162	37.81456915756537
-14.822244214190581	-12.143247762255074	38.04478842453547
-14.742383620376303	-11.691832369084782	38.25232623822182
-14.65224765857055	-11.236051440599253	38.43700138335186
-14.552017154723114	-10.777239380590933	38.598735821942924
-14.441904486952092	-10.316718679660028	38.737553041335396
-14.322152265260359	-9.855790802744632	38.85357542835189
-14.193031803028171	-9.395727513914267	38.94702072996158
-14.054841399442486	-8.93776274126947	39.01819767485293
-13.90790445414946	-8.483085072084608	39.06750084226687
-13.75256743711524	-8.032830954185302	39.09540487408061
-13.58919773792887	-7.588078664395747	39.10245813330865
-13.418181419571821	-7.149843089170615	39.08927591683362
-13.239920902012592	-6.7190713466713845	39.05653333231096
-13.054832600878076	-6.296639263976747	39.004957948898536
-12.863344545930877	-5.88334870820702	38.935322328904725
-12.665894003176726	-5.479925756423275	38.848436542843906
-12.462925123181163	-5.0870196765118	38.74514076399809
-12.254886636635996	-4.705202680098469	38.62629803070318
-12.042229616435863	-4.3349703990116915	38.49278725552221
-11.825405323556032	-3.976743029018598	38.34549655055606
-11.604863151916339	-3.630867078528204	38.18531692769083
-11.381048685226782	-3.2976176556704333	38.01313642188896
-11.154401876586869	-2.977201224552764	37.829834674978024
-10.925355359397864	-2.6697587604563373	37.636278007020024
-10.694332895985475	-2.375369234121877	37.43331499246715
-10.46174796825689	-2.0940533569309707	37.221772549102035
-10.228002512760794	-1.8257775215316638	37.00245253935607
-9.993485800703965	-1.5704578761004746	36.77612887609517
-9.758573461823337	-1.3279644747913228	36.543545118419715
-9.523626649530554	-1.098125451813899	36.30541253747312
-9.288991343444426	-0.8807311718372397	36.06240862768991
-9.054997784307831	-0.6755383148714152	35.815176035312746
-8.821960035348441	-0.4822738592998526	35.56432187332141
-8.590175663382439	-0.3006389321944783	35.31041739008315
-8.359925532368724	-0.1303125013408566	35.05399795797563
-8.131473701687543	0.029045111553722577	34.79556334786934
-7.905067421131108	0.1777889122652856	34.53557825559764
-7.680937214439447	0.31628612150137375	34.27447304730036
-7.459297043179653	0.44491327585332596	34.0126446917133
-7.240344542835773	0.5640535461603289	33.75045784900791
-7.024261323136153	0.6740942740616246	33.488246087583995
-6.811213324879746	0.7754247248003696	33.22631320220984
-6.601351225821055	0.8684340520344994	32.96493460902562
-6.394810888520749	0.9535094684879188	32.704358795118
-6.191713843455015	1.0310346147142833	32.44480880258758
-5.9921678010908614	1.101388117017308	32.1864837292249
-5.7962671870661655	1.1649423246461574	31.929560230048164
-5.604093695054796	1.2220622157297982	31.674194006010786
-5.415716852342235	1.2731044609985007	31.420521268137882
-5.231194593577668	1.3184166341333903	31.16866016718045
-5.050573838600021	1.3583365575559683	30.918712180573873
-4.873891070654106	1.3931917725904077	30.670763450047616
-4.701172911715863	1.4232991231761263	30.424886064653474
-4.532436692028238	1.4489644426530142	30.18113928525816
-4.367691011311088	1.4704823335647998	29.9395707076873
-4.206936289448353	1.488136030908118	29.70021736271682
-4.050165304771985	1.5021973397791957	29.463106751989407
-3.897363718354852	1.5129266389218574	29.22825781969605
-3.7485105829944225	1.5205729422472534	28.995681860514654
-3.603578835815708	1.5253740109667817	28.7653833648472
-3.462535773645503	1.5275565095464185	28.537360802852007
-3.325343510512264	1.5273361992458092	28.311607349138225
-3.1919594168084036	1.5249181635435194	28.088111550285433
-3.0623365398137055	1.5204970602663996	27.866857937577457
-2.9364240054224493	1.5142573957328576	27.647827587506395
-2.8141674010439326	1.5063738166846659	27.4309986327178
-2.695509139756973	1.4970114162184538	27.216346726136965
-2.5803888058954927	1.4863260503353992	27.003845461046808
-2.468743482324967	1.47446466210578	26.793466749884455
-2.3605080597401904	1.461565610794187	26.58518116449301
-2.255615528374491	1.4477590036121792	26.378958240511697
-2.1539972525596705	1.4331670280587427	26.174766748514603
-2.0555832286163414	1.4179042830764685	25.972574934421324
-1.9603023265866655	1.4020781074941109	25.77235073160409
-1.8680825163462484	1.385788904445614	25.57406194700831
-1.7788510786505778	1.3691304606532746	25.37767642349029
-1.692534801684221	1.3521902596399993	25.183162180458396
-1.6090601636891138	1.3350497880941106	24.990487534785366
-1.5283535022515629	1.3177848347512995	24.799621203839127
-1.450341170827406	1.3004657812835865	24.610532392360863
-1.3749496830815804	1.2831578847960226	24.423190864802944
-1.3021058456120067	1.2659215516294202	24.23756700462514
-1.2317368796191	1.2488126022530877	24.053631861937344
-1.1637705320716991	1.2318825271063876	23.871357190770762
-1.0981351769081107	1.21517873331314	23.690715477158303
-1.0347599067975448	1.198744782249322	23.51167995910818
-0.9735746159724338	1.1826206179931293	23.334224639462587
-0.9145100746268311	1.1668427867281554	23.158324292546887
-0.8574979953600822	1.1514446472059536	22.983954465433403
-0.8024710921284127	1.136456572404208	22.811091474567437
-0.749363132150262	1.1219061425418837	22.639712398431797
-0.6981089811941491	1.107818329633521	22.46979506685946
-0.6486446426609408	1.09421567378193	22.30131804754278
-0.6009072908553774	1.0811184514222525	22.134260630230447
-0.5548352988247843	1.0685448357411615	21.968602809050726
-0.5103682611262471	1.0565110495032417	21.804325263350872
-0.46744701186723214	1.0450315105226944	21.64140933739877
-0.42601363834844375	1.0341189700225981	21.479837019251697
-0.3860114906219973	1.023784644126457	21.319590919060186
-0.3473851872626991	1.014038338727805	21.16065424704142
-0.3100806176351654	1.0048885679834079	21.00301079132563
-0.27404494092513404	0.9963426666743804	20.84664489585161
-0.2392265821891699	0.9884068966773415	20.691541438462387
-0.20557522566336914	0.9810865477848193	20.53768580932941
-0.1730418055585898	0.9743860331105536	20.385063889813992
-0.14157849455695964	0.9683089793112112	20.233662031856213
-0.11113869021228291	0.9628583118514942	20.08346703796586
-0.08167699944520128	0.9580363355346893	19.934466141875717
-0.053149221312675986	0.9538448105154936	19.786646989904952
-0.025512328220518632	0.9502850240064918	19.639997623069185
0.0012755542626335043	0.9473578578840425	19.494506459964526
0.027255168841450954	0.9450638523935606	19.350162280444263
0.05246614904123135	0.9434032661483264	19.206954210099667
0.07694704273652517	0.9423761326100348	19.064871705550193
0.1007353365398753	0.9419823132333643	18.923904540543017
0.12386748093770514	0.9422215474508956	18.784042792857594
0.14637891606831374	0.9430934996687944	18.645276832006942
0.1683040980443893	0.9445978034377923	18.507597307724424
0.1896765257295865	0.9467341029581811	18.37099513922252
0.21052876788549385	0.9495020920717917	18.23546150520788
0.23089249061175632	0.9529015508882633	18.100987834635742
0.2507984850081639	0.9569323801873503	17.967565798185706
0.27027669499336354	0.9615946337335477	17.835187300440193
0.2893562452202806	0.9668885486339788	17.70384447274648
0.3080654690335283	0.9728145738652467	17.573529666743326
0.3264319364189492	0.9793733970898586	17.44423544853336
0.34448248190008096	0.986565969877841	17.315954593482658
0.362243232340684	0.9943935314443311	17.188680081629688
0.3797396346165766	1.0028576310091977	17.06240509368638
0.39699648312385166	1.0119601488801708	16.93712300761528
0.4140379470942426	1.021703316356512	16.812827395767325
0.4308875976917718	1.0320897345459403	16.68951202256613
0.44756843486804815	1.0431223921833592	16.56717084272583
0.46410291395654407	1.0548046825358623	16.445797999990713
0.4805129719890316	1.0671404194746066	16.325387826386258
0.49682005371989385	1.0801338527902915	16.20593484197289
0.5130451373469005	1.093789682825648	16.087433755092363
0.5292087599182721	1.108113074494012	15.96987946310551
0.5453310424193865	1.1231096707507013	15.853267053611555
0.5614317145334106	1.1387856055798526	15.737591806148135
0.577530139072394	1.1551475165564917	15.622849194369769
0.5936453360769751	1.1722025570405135	15.509034888704516
0.6097960065844334	1.1899584080562737	15.396144759490086
0.6260005560662696	1.2084232899086733	15.284174880592136
0.6422771175378084	1.2276059735838125	15.173121533509288
0.6586435743435388	1.2475157919796775	15.062981211970794
0.6751175826230412	1.2681626510097308	14.953750627034422
0.6917165934633138	1.2895570406197603	14.845426712693946
0.7084578747442868	1.311710045755967	14.738006632007062
0.7253585326850948	1.3346333573199185	14.631487783756269
0.7424355330994395	1.3583392831436958	14.525867809657095
0.7597057223690054	1.3828407590163505	14.42114460212973
0.7771858481445069	1.4081513597906044	14.317316312651906
0.7948925797844346	1.434285310596666	14.214381360712489
0.8128425285419741	1.461257498187825	14.112338443387523
0.8310522675109737	1.4890834824405388	14.011186545561959
0.8495383513421202	1.5177795080296144	13.910924950822471
0.8683173357406877	1.5473625162970774	13.81155325304877
0.8874057967574445	1.5778501573313075	13.713071368732741
0.9068203498843598	1.60926080227095	13.61547955005704
0.9265776689668552	1.6416135558460871	13.518778398766894
0.9466945049442881	1.6749282691670724	13.422968880871057
0.9671877044303295	1.709225552769295	13.32805234221036
0.988074228144737	1.7445267899199712	13.23403052493462
1.009371169207892	1.780854150190837	13.140905584931287
1.0310957713091875	1.8182306032983282	13.048680110251578
1.05326544676009	1.8566799332103836	12.95735714058287
1.0758977944422845	1.8962267525164915	12.866940187818816
1.0990106176610994	1.9368965170552321	12.777433257781016
1.1226219419135002	1.978715540790177	12.68884087315052
1.1467500325799225	2.0217110109228864	12.601168097668719
1.1714134125482336	2.065911003228097	12.514420561671734
1.1966308797775969	2.1113444975931217	12.428604489025311
1.2224215248091543	2.158041393739893	12.343726725530777
1.2488047482297169	2.2060325271044454	12.259794768876196
1.2758002780936497	2.255349684844559	12.176816800210563
1.3034281873071938	2.3060256219420068	12.094801717422852
1.3317089109782978	2.3580940773612684	12.013759170211566
1.3606632637338922	2.41158979022158	11.933699597034689
1.3903124570051888	2.4665485159338987	11.854634264034047
1.420678116280194	2.5230070422485915	11.776575306032582
1.4517822983210267	2.581003205153478	11.699535769707339
1.4836475083419964	2.6405759045551775	11.623529659045708
1.5162967171425386	2.7017651196695343	11.548571983197006
1.5497533781870458	2.764611924038889	11.47467880683659
1.5840414446217421	2.829158500086182	11.40186730316374
1.6191853862160146	2.89544815310594	11.330155809660576
1.6552102062134233	2.963525324583143	11.259563886743289
1.6921414580747085	3.0334356047199806	11.190112379442494
1.7300052620921762	3.1052257440393176	11.121823482254186
1.7688283218516798	3.178943663921314	11.054720807307808
1.8086379405148312	3.254638465916287	10.988829456002923
1.8494620368904269	3.3323604396626654	10.924176094270537
1.891329161259998	3.4121610692236115	10.860789031619673
1.9342685109179476	3.494093037638976	10.798698304134355
1.978309945381961	3.57821022947144	10.737935761590135
2.0234840012243853	3.6645677311065588	10.678535158862948
2.069821906469629	3.7532218285456445	10.620532251806369
2.1173555944966918	3.84423000240808	10.563964897776176
2.166117717379547	3.937650919835957	10.508873160983073
2.2161416585906193	4.0335444229671	10.455299422856449
2.2674615449865927	4.1319715136180815	10.403288497600673
2.3201122579856723	4.2329943337851725	10.352887753127387
2.3741294438382705	4.336676141542746	10.304147237543459
2.4295495228831374	4.443081281883599	10.257119811371957
2.4864096976710375	4.552275152010011	10.211861285678346
2.5447479598272533	4.664324160545727	10.168430566267613
2.6046030955125365	4.77929568009809	10.126889804109213
2.666014689329892	4.897257992556239	10.087304552135414
2.7290231265110196	5.018280226464729	10.049743928544837
2.793669593202167	5.142432285763112	10.014280786725896
2.859996074653728	5.269784769129905	9.98099189189442
2.9280453511017526	5.400408879114673	9.949958104515321
2.9978609911119842	5.534376320184069	9.9212645705494
3.069487342138576	5.671759184746874	9.895000918532713
3.1429695180296964	5.812629826159125	9.871261463456774
3.218353383192013	5.957060717645141	9.850145417372472
3.2956855331017967	6.105124295997172	9.831757106588988
3.3750132708292444	6.256892788848863	9.81620619527881
3.456384579215851	6.412438024239799	9.803607915232574
3.5398480883188834	6.571831221112548	9.79408330143032
3.6254530377089895	6.735142759304718	9.787759433008603
3.7132492331779656	6.902441927518575	9.784769679104802
3.8032869973827914	7.073796647669434	9.785253948949618
3.895617113920393	7.249273173933355	9.789358945455383
3.9902907642934475	7.428935764732914	9.797238421409668
4.0873594571938305	7.612846325822391	9.809053437230348
4.186874949493794	7.80106402255648	9.824972619067633
4.2888891582983755	7.9936448593550615	9.845172415850032
4.393454063374531	8.190641224310045	9.869837353662732
4.5006215992342575	8.39210139682202	9.899160285617784
4.610443536110409	8.598069016106376	9.93334263512394
4.722971349022668	8.80858250836765	9.972594630188162
4.8382560740978295	9.023674470429826	10.01713552608221
4.9563481512635095	9.243371007593712	10.067193813379564
5.077297252403081	9.46769102352173	10.123007408016019
5.201152094022498	9.696645459990936	10.184823819645523
5.32796023344783	9.930236484431374	10.25290029415293
5.457767847543798	10.168456623278429	10.327503925747001
5.590619492918931	10.411287839319819	10.408911733589507
5.726557846564596	10.65870055141859	10.497410697421424
5.865623425862295	10.91065259524632	10.593297746124744
6.0078542868906775	11.167088123978104	10.696879692612544
6.153285699968907	11.427936448284873	10.808473107871116
6.301949801390399	11.693110815421536	10.928404126391861
6.453875220332159	11.962507127759867	11.05700817463189
6.6090866799709085	12.236002601759852	11.19462961353697
6.767604571901385	12.513454369124219	11.341621285556942
6.92944450303708	12.794698022747635	11.498343955992315
7.0946168142824355	13.079546111064923	11.665165637943469
7.26312607039807	13.367786585526012	11.842460789602308
7.434970520645208	13.659181207197191	12.030609372151316
7.610141529990682	13.953463919908227	12.229995756131778
7.788622980886269	14.250339198945396	12.441007463836502
7.970390645906404	14.549480386032043	12.66403373509503
8.155411531842317	14.850528023247062	12.899463903781244
8.343643196210609	15.153088200605739	13.147685572515195
8.53503303754384	15.45673093426277	13.409082573386739
8.729517561291164	15.760988594682807	13.684032703134429
8.927021623674587	16.065354406650897	13.972905222112455
9.12745765641878	16.369281045636235	14.27605810760869
9.330724875903899	16.67217935775411	14.593835053685064
9.536708480980607	16.973417233354603	14.926562211740798
9.745278844434909	17.272318667057355	15.274544668494627
9.956290703888419	17.56816303978391	15.638062661075443
10.169582358784941	17.86018466097469	16.01736753247463
10.38497488100046	18.147572611579406	16.412677434715196
10.602271347562645	18.42947093055648	16.824172791837583
10.821256104926256	18.704979189345526	17.25199154013806
11.041694075232103	18.973153500002976	17.696224169059455
11.263330115954064	19.233008003275017	18.15690859269483
11.485888445295377	19.48351688269112	18.63402488899098
11.709072146606307	19.723616949649127	19.127489951363927
11.932562765938275	19.952210842286547	19.637152105482713
12.15602001758978	20.168170877539556	20.16278575230983
12.37908161311054	20.370343591048805	20.70408610696811
12.601363229671454	20.557554993345033	21.260664111434785
12.822458633945352	20.728616562935542	21.83204160722873
13.041939977635899	20.882331987432465	22.41764686189255
13.259358280501841	21.017504652676525	23.016810549889218
13.474244116107778	21.13294586691707	23.628762294200623
13.686108514560564	21.227483792577736	24.252627879104438
13.894444095120589	21.29997304208743	24.88742724693456
14.098726439788802	21.349304876894273	25.532073391755276
14.298415716737873	21.374417930381806	26.185372260434644
14.49295855977038	21.374309356336504	26.8460237662696
14.681790206847639	21.3480462853201	27.512624011811905
14.864336897153155	21.29477745230666	28.18366880565489
15.040018522164667	21.21374484085277	28.857558542542666
15.208251521851107	21.104295172538563	29.53260449722399
15.368452012450899	20.96589105614869	30.20703656010424
15.520039127403743	20.798121599772927	30.87901241718206
15.662438547999413	20.600712281402927	31.546628148392465
15.795086195285794	20.37353387034822	32.20793018785284
15.917432049874924	20.116610193472688	32.86092855733346
16.028944061635503	19.83012454733501	33.503611251375034
16.129112107013984	19.514424570111547	34.13395961984126
16.21745194802568	19.170025405832426	34.74996456235021
16.29350914395398	18.79761101787731	35.34964332012845
16.356862864618062	18.398033538567415	35.9310566254595
16.407129552843987	17.972310576488006	36.49232594818578
16.44396638359362	17.521620442119524	37.03165056362387
16.4670744681456	17.047295294427418	37.547324157651445
16.47620175381898	16.550812255089852	38.03775068324104
16.471145572988743	16.033782581668543	38.50145918879445
16.45175479952627	15.497939034850852	38.93711735237143
16.417931576235105	14.945121616411544	39.34354347718713
16.369632583230544	14.377261892369557	39.719716732073074
16.306869824384787	13.796366148582523	40.06478545523799
16.229710916751856	13.204497652607763	40.37807337957461
16.138278876096173	12.603758315088331	40.659083681719395
16.03275140006153	11.996270055569948	40.907500803642925
15.913359658904204	11.384156181119847	41.123190043230906
15.780386611856208	10.769523081400834	41.30619495752976
15.634164874860373	10.154442531187893	41.45673266757733
15.47507417243871	9.540934871326	41.57518719558193
15.30353841263909	8.930953312619568	41.66210100242155
15.120022429219782	8.326369575224865	41.71816492496563
14.925028439362846	7.72896103998299	41.74420673781342
14.719092268196333	7.1403995491477525	41.74117858219418
14.502779393216626	6.562241953476705	41.710143515784836
14.276680862351474	5.995922462028008	41.652261441141604
14.041409138931108	5.442746811485681	41.56877466764303
13.797593925321719	4.903888234567261	41.46099335285836
13.54587801452103	4.3803851729962915	41.33028105482234
13.28691321574911	3.873140650424527	41.17804060768811
13.021356396122478	3.3829231951050756	41.00570051059913
12.74986567602848	2.9103691814009753	40.814701994365194
12.473096810966776	2.4559864434931313	40.606486903632245
12.191699787546229	2.020159003882164	40.38248650464213
11.906315656150365	1.6031527532337335	40.14411130124196
11.617573617651434	1.20512191646453	39.89274191528455
11.326088376566736	0.8261161422373374	39.62972106259108
11.032457768310408	0.466088058706049	39.35634663272949
10.737260663780749	0.1249011468590567	39.0738658603714
10.441055150494226	-0.19766220643892327	38.78347055816846
10.144376985878512	-0.5018926011822944	38.48629336606472
9.847738315194063	-0.7881455746641521	38.183404959754654
9.55162664387843	-1.0568337073752885	37.87581215153983
9.256504051897474	-1.308418967770686	37.56445680998691
8.962806635930855	-1.5434053651710167	37.25021552034887
8.670944163889962	-1.7623319664543435	36.93389990543824
8.3812999253411	-1.9657663193558796	36.61625752627597
8.094230760842654	-2.154298313328059	36.29797328309939
7.810067252969998	-2.328534498144411	35.979671239925274
7.52911406185176	-2.4890928708413678	35.661916799557034
7.251650388338023	-2.636598133212617	35.34521916044691
6.9779305484220675	-2.7716774148981504	35.030033991940485
6.7081846432073045	-2.8949564511059864	34.716766269935206
6.442619309510023	-3.0070561991105804	34.40577322069177
6.181418537089755	-3.108589873806228	34.09736732629757
5.924744539464514	-3.2001603796700535	33.79181935095767
5.67273866627933	-3.2823581144056893	33.48936135278537
5.425522346225152	-3.35575911819777	33.19018965099487
5.183198050534317	-3.42092354180731	32.894467723305816
4.945850268090204	-3.47839440658302	32.602329012910815
4.713546484172877	-3.5286966297607614	32.31387962851088
4.486338155803354	-3.572336289089675	32.02920092467265
4.264261677544208	-3.609800101779898	31.748351953110816
4.047339332453464	-3.641555093945481	31.471371778452987
3.835580223672461	-3.668048438055214	31.19828165462232
3.6289811828492766	-3.6897074373518746	30.929087060190042
3.4275276522632967	-3.7069396377107737	30.663779592937495
3.2311945381168536	-3.7201330489449798	30.40233872544307
3.039947033004288	-3.7296564590952848	30.144733424808884
2.8537414060548114	-3.735859826743739	29.890923640687113
2.6725257596789054	-3.739074737840481	29.640861666588197
2.4962407522286916	-3.739614914920283	29.394493380074774
2.3248202862182463	-3.7377767678967957	29.15175936789725
2.1581921620392768	-3.7338399768520913	28.912595942426748
1.9962786973571607	-3.7280680983823333	28.676936055914283
1.8389973125843702	-3.720709188115545	28.444710119169486
1.6862610830081004	-3.7119964329846638	28.215846731228957
1.5379792582964305	-3.7021487877200263	27.990273326484225
1.3940577502291795	-3.6913716108229795	27.767916745582
1.254399589596466	-3.6798572960002396	27.54870373620383
1.1189053532841242	-3.6677858956813285	27.332561389591675
0.9874735626215662	-3.6553257338136005	27.119417518417347
0.8600010541087989	-3.6426340056361792	26.909200981308462
0.7363833236654307	-3.6298573625805597	26.70184195904535
0.6165148455586738	-3.617132480836801	26.49727218713981
0.5002893671707795	-3.6045866124651127	26.29542514920148
0.3876001807616148	-3.592338118228039	26.096236235196475
0.2783403733692302	-3.580496981572829	25.899642868406545
0.17240305597263864	-3.569165303411304	25.705584604609825
0.06968157301694836	-3.5584377775295524	25.514003206726514
-0.02993030662630104	-3.548402146615854	25.32484269790852
-0.1265382162219228	-3.5391396390257066	25.138049395799246
-0.22024703424875058	-3.530725386510794	24.95357193045067
-0.31116074301933155	-3.523228823227057	24.77136124815932
-0.3993823019046941	-3.516714066408301	24.591370603272537
-0.48501353426482974	-3.5112402791481307	24.413555539818407
-0.5681550272221099	-3.506862015776682	24.237873864631055
-0.6489060434548362	-3.5036295503511177	24.06428561346782
-0.7273644442218956	-3.50158918880239	23.892753011464745
-0.8036266228688881	-3.5007835652959436	23.723240429126527
-0.8777874481012194	-3.5012519233727666	23.555714334916217
-0.9499402163449814	-3.5030303824402376	23.390143245387787
-1.0201766125507952	-3.5061521901806065	23.226497673693686
-1.0885866788290248	-3.5106479614394743	23.064750077198322
-1.1552587903369729	-3.516545904148021	22.904874804836577
-1.2202796378696505	-3.523872032821591	22.746848044773397
-1.2837342166354924	-3.5326503701640397	22.590647772845802
-1.3457058207270642	-3.5429031372924995	22.436253702201057
-1.4062760428241732	-3.554650933081199	22.283647234484494
-1.4655247786929602	-3.567912903106086	22.132811412876606
-1.5235302360696084	-3.582706898654419	21.983730877230833
-1.5803689475411282	-3.599049626245506	21.836391821520884
-1.6361157870582672	-3.6169567880904685	21.69078195376893
-1.6908439897372636	-3.636443213900521	21.546890458592618
-1.7446251746274355	-3.657522984434802	21.40470796248018
-1.7975293701412294	-3.6802095471604943	21.264226501877022
-1.849625041861407	-3.7045158243797034	21.12543949414584
-1.9009791224575714	-3.7304543141595423	20.988341711443148
-1.9516570434605625	-3.758037184384112	20.852929257538754
-2.0017227686586727	-3.7872763602294786	20.719199547591234
-2.051238828894177	-3.818183605345485	20.58715129088062
-2.1002663580523007	-3.850770597011191	20.45678447649019
-2.1488651300475947	-3.885048995514004	20.328100361920974
-2.197093596624751	-3.9210305079861203	20.201101464616215
-2.245008925801978	-3.9587269469155757	20.075791556368017
-2.292667040795696	-3.998150283533291	19.952175660574184
-2.34012265927496	-4.039312696261694	19.830260052310297
-2.387429332803155	-4.082226614394973	19.71005226117966
-2.434639486332612	-4.126904757165385	19.59156107690286
-2.481804457626221	-4.173360168335458	19.47479655760592
-2.528974536486309	-4.221606246440037	19.3597700407676
-2.5761990036781524	-4.2716567707876685	19.24649415678475
-2.6235261694412015	-4.323525923315841	19.134982845114813
-2.6710034114865318	-4.3772283063798225	19.025251372954617
-2.7186772123836587	-4.432778956540031	18.917316356414858
-2.766593196244192	-4.490193354398187	18.811195784149632
-2.814796164613506	-4.549487430517794	18.706909043400152
-2.863330131484913	-4.610677567449925	18.604476948411484
-2.912238357353389	-4.673780597870342	18.503921771180718
-2.961563382228238	-4.738813798819342	18.405267274493866
-3.011347057525845	-4.805794882020815	18.30853874720747
-3.0616305767650407	-4.874741980242308	18.213763041728825
-3.1124545049883396	-4.945673629642601	18.12096861364654
-3.1638588068329097	-5.018608748038542	18.030185563459803
-3.215882873174847	-5.09356660900734	17.941445680351208
-3.268565546270514	-5.170566811726051	17.85478248794255
-3.3219451433170892	-5.24962924643362	17.770231291968727
-3.3760594783539055	-5.330774055386311	17.68782922979732
-3.4309458824241994	-5.414021589161435	17.60761532171451
-3.4866412219150296	-5.49939235814889	17.5296305238892
-3.543181914990723	-5.586906979054504	17.453917782917387
-3.600603946032502	-5.676586116223603	17.380522091837626
-3.658942877993821	-5.768450417577745	17.309490547496072
-3.7182338625776006	-5.8625204449422155	17.240872409125252
-3.7785116481376995	-5.958816598526531	17.174719157985383
-3.8398105852030353	-6.057359035305423	17.111084557899375
-3.9021646295182992	-6.158167581032867	17.05002471649359
-3.96560734249061	-6.261261635607511	16.991598146935367
-4.030171888926594	-6.366660071494169	16.93586582993484
-4.095891031939153	-6.474381124892744	16.88289127575342
-4.162797124898396	-6.584442279334596	16.832740585932964
-4.2309221002942445	-6.696860141372548	16.785482514430875
-4.300297455374515	-6.811650308023853	16.741188527811694
-4.370954234415141	-6.928827225614257	16.699932864111748
-4.442923007473838	-7.048404039664914	16.66179258995461
-4.516233845472594	-7.170392435458416	16.626847655453986
-4.590916291448682	-7.294802468917197	16.595180946396404
-4.666999327808109	-7.421642387426742	16.56687833314881
-4.7445113394099145	-7.550918440238293	16.5420287156855
-4.823480072304506	-7.682634678091167	16.520724064075043
-4.9039325879444045	-7.816792741704144	16.50305945371061
-4.985895212681003	-7.953391638798221	16.489133094506702
-5.069393482357393	-8.09242750933163	16.479046353221282
-5.154452081803949	-8.233893378651034	16.472903767995295
-5.241094779040838	-8.377778898291854	16.47081305413121
-5.329344353990183	-8.524070074196278	16.472885100058857
-5.419222521500571	-8.672748982160948	16.479233952360545
-5.5107498484868405	-8.82379347037577	16.489976788648903
-5.603945664991349	-8.977176848976269	16.50523387700963
-5.698827968976504	-9.132867566599858	16.52512852063874
-5.795413324664594	-9.290828874016178	16.549786986219917
-5.893716754249095	-9.451018474991946	16.579338414502768
-5.993751622812429	-9.61338816465384	16.613914711458605
-6.0955295162983845	-9.777883455728418	16.653650418306817
-6.1990601124039255	-9.944443193168143	16.698682558623826
-6.30435104427458	-10.112999157816596	16.7491504606686
-6.411407756911244	-10.283475659927008	16.805195552985715
-6.5202333562234	-10.455789123524713	16.86696113128018
-6.630828450695446	-10.629847662798284	16.934592094499386
-6.743190985669303	-10.805550651916544	17.008234648009314
-6.857316070287969	-10.98278828989913	17.088035971715758
-6.973195797191449	-11.161441162417614	17.17414385095992
-7.090819055109783	-11.341379802673499	17.266706268014214
-7.210171334556015	-11.522464253785575	17.365870952020156
-7.331234526888382	-11.7045436354267	17.471784885250933
-7.453986717082841	-11.887455717773241	17.584593763648243
-7.578401970636697	-12.071026506171446	17.704441409680783
-7.704450115110987	-12.255069840281154	17.831469135703916
-7.832096516913876	-12.439387011826705	17.965815056170733
-7.961301854029477	-12.623766405464867	18.107613347257615
-8.092021885506552	-12.807983167667045	18.256993452726842
-8.224207218638824	-12.991798908903247	18.414079235158656
-8.357803074894154	-13.17496144480527	18.578988072050056
-8.492749055782074	-13.357204582368967	18.75182989670091
-8.62897890998789	-13.538247957624222	18.932706184292574
-8.766420303246663	-13.71779693155003	19.121708884114515
-8.904994592580737	-13.89554255133181	19.31891929951229
-9.044616606678922	-14.071161584339896	19.524406917817483
-9.185194434352196	-14.244316632440862	19.73822819327677
-9.326629223159813	-14.414656334428365	19.96042528682562
-9.468814990457084	-14.58181566446259	20.191024767446788
-9.611638449271931	-14.745416334427683	20.43003628081587
-9.754978851567211	-14.905067308038896	20.67745119195705
-9.89870785158806	-15.060365434343893	20.933241209707635
-10.042689392125533	-15.210896207951501	21.19735700191002
-10.186779616645623	-15.356234662873053	21.46972681140424
-10.33082681033205	-15.495946406261472	21.750255084066005
-10.474671373170148	-15.629588797572199	22.03882112131253
-10.618145828252324	-15.756712277734918	22.3352777706591
-10.761074868508672	-15.876861851807067	22.63945016903161
-10.903275445055735	-15.989578727273203	22.951134554600625
-11.04455690030776	-16.09440210865438	23.270097163874006
-11.184721148903025	-16.19087114739781	23.59607323163656
-11.323562909359493	-16.278527044133696	23.928766112026885
-11.460869989186802	-16.356915298322146	24.26784653956431
-11.596423625936252	-16.42558809807864	24.612952049235783
-11.729998886374744	-16.484106840587376	24.96368657481511
-11.861365125607717	-16.532044771004994	25.319620244352876
-11.990286507558904	-16.568989725160957	25.680289391238027
-12.116522587735176	-16.594546958708666	26.045196798350048
-12.239828958665877	-16.608342042719485	26.41381219157604
-12.35995795780916	-16.6100238030889	26.785572997339216
-12.47665943706654	-16.5992672785959	27.159885376763295
-12.589681592346228	-16.575776670082817	27.536125546677827
-12.698771850872143	-16.53928825106691	27.91364139485666
-12.803677813156431	-16.48957320822205	28.291754393690294
-12.904148245749893	-16.426440378645093	28.66976181295186
-12.999934120066456	-16.34973884971125	29.046939228459834
-13.09078969175811	-16.259360386687845	29.422543319317544
-13.176473614309579	-16.155241653171483	29.795814942083485
-13.2567500797425	-16.037366189887813	30.165982465767673
-13.331389978581134	-15.905766118485108	30.532265347035082
-13.400172070554584	-15.760523538686401	30.893877920527025
-13.462884156907606	-15.601771589554158	31.25003337487235
-13.519324244680748	-15.429695148661487	31.59994788085955
-13.569301692915515	-15.244531146634534	31.94284483447926
-13.612638330455644	-15.046568478792691	32.277959174228066
-13.649169534862875	-14.836147500412178	32.604541729282445
-13.678745261955857	-14.61365909739909	32.921863553000016
-13.70123101562057	-14.37954332979281	33.22922019475678
-13.716508747835874	-14.134287651421038	33.52593586245717
-13.724477679308519	-13.878424715083076	33.811367428194295
-13.725055031717563	-13.612529778717217	34.084908230528804
-13.718176663322566	-13.33721773398426	34.34599162869663
-13.703797600584863	-13.053139784435043	34.5940942667387
-13.681892459473906	-12.760979805798474	34.82873900902656
-13.652455751266347	-12.46145042580029	35.04949751288204
-13.615502068875305	-12.155288865189409	35.255992408872125
-13.571066151051113	-11.843252585206567	35.44789906480715
-13.519202823149566	-11.52611478949797	35.62494691536257
-13.45998681454559	-11.20465983039148	35.78692034545746
-13.393512454154777	-10.879678570475656	35.93365912191876
-13.319893246886807	-10.551963750533016	36.06505837440105
-13.239261335170077	-10.222305414089869	36.18106813287431
-13.151766850931953	-9.891486437182323	36.28169243510322
-13.057577164573283	-9.560278209457527	36.366988023292045
-12.956876038519262	-9.2294365094992	36.43706265434488
-12.84986269384662	-8.89969761338353	36.492073052890206
-12.736750799264186	-8.571774671030227	36.53222254026169
-12.617767392352492	-8.246354380037095	36.55775837594922
-12.493151743440285	-7.9240939814888955	36.568968850595226
-12.363154172810042	-7.605618596839789	36.56618017139046
-12.22803483208014	-7.291518919501515	36.54975318172117
-12.088062460613715	-6.982349269348154	36.520079957155204
-11.943513127658937	-6.678626013078154	36.477580319366204
-11.794668970643416	-6.380826348357371	36.422698308435855
-11.641816939637035	-6.089387444985903	36.3558986522093
-11.48524755747785	-5.804705932061273	36.27766326908581
-11.325253704439305	-5.52713771630603	36.18848783788806
-11.162129435619647	-5.256998113429992	36.0888784653568
-10.99616883847306	-4.99456227163238	35.97934847845201
-10.827664937093138	-4.740065864127836	35.86041536509534
-10.656908649018682	-4.493706025899214	35.73259788334461
-10.484187799475947	-4.255642508725803	35.59641335532978
-10.309786197113574	-4.025999027880358	35.45237515867138
-10.133982774440542	-3.8048647736990544	35.30099042461082
-9.957050795356388	-3.5922960614646833	35.14275794876237
-9.779257131375068	-3.388318093656189	34.97816631729238
-9.600861607399473	-3.192926809559179	34.807692248478894
-9.42211641720893	-3.006090798450064	34.631799147029135
-9.243265608184274	-2.8277532540110086	34.45093586625184
-9.064544634215146	-2.6578339492506178	34.26553567120285
-8.886179975218067	-2.4962312129518427	34.07601539424872
-8.708388821240055	-2.3428238904964944	33.882774773118385
-8.531378818732664	-2.197473273785522	33.68619596042618
-8.355347876252846	-2.0600249868483447	33.48664319283602
-8.180484026579832	-1.9303108155823194	33.28446260747702
-8.006965342026797	-1.8081504718564756	33.07998219289476
-7.834959899569427	-1.6933532839294734	32.87351186170424
-7.664625792307258	-1.5857198067531693	32.66534363217864
-7.49611118371417	-1.485043347246296	32.455751906237666
-7.329554401115098	-1.3911114010167522	32.24499383166317
-7.16508406484517	-1.3037069982813116	32.03330973684953
-7.002819249598345	-1.222609957873921	31.82092362696476
-6.842869674552303	-1.1475980492487556	31.608043731038705
-6.685335918959986	-1.0784480632737155	31.394863090185794
-6.530309660021362	-1.0149367933777418	31.181560177894678
-6.377873929988336	-0.9568419292673409	30.96829954406084
-6.228103389608667	-0.9039428659708775	30.755232475188713
-6.0810646151752765	-0.8560214314101712	30.54249766393198
-5.936816396615824	-0.8128625360471775	30.330221881869257
-5.795410044229176	-0.7742547484166931	30.118520650116526
-5.6568897018481055	-0.7399908005427283	29.90749890305115
-5.52129266438032	-0.7098680273553479	29.697251641061595
-5.388649697850575	-0.6836887442843586	29.48786456883814
-5.258985360232613	-0.6612605672139488	29.279414716278534
-5.13231832152176	-0.6423966789461555	29.07197103960045
-5.0086616816542096	-0.6269160462474053	28.865595000726053
-4.88802328502822	-0.6146435914480223	28.66034112343567
-4.770406030523992	-0.6054103224352486	28.456257525176635
-4.655808176052686	-0.5990534247312488	28.253386423761498
-4.54422363679121	-0.5954163191836328	28.051764618499416
-4.435642276376917	-0.5943486886211853	27.851423945576215
-4.330050190446147	-0.5957064766455882	27.65239170773593
-4.2274299820021755	-0.5993518615439634	27.454691078521154
-4.127761028191365	-0.6051532081198631	27.25834148150292
-4.031019738152781	-0.6129850000540592	27.063358945078104
-3.937179801684725	-0.6227277552230934	26.86975643353266
-3.846212428542995	-0.6342679262245429	26.677544155166945
-3.758086578250191	-0.6474977881846146	26.486729848356262
-3.6727691803536198	-0.6623153157568523	26.297319046478812
-3.590225345121279	-0.6786240510612562	26.109315322685024
-3.5104185647116415	-0.6963329641614033	25.92272051550994
-3.433310904893987	-0.7153563075335815	25.73753493634529
-3.3588631874320964	-0.7356134658466094	25.55375755979221
-3.287035163275349	-0.7570288022441062	25.371386197909775
-3.217785676728614	-0.7795315022022258	25.190417659361685
-3.151072820795561	-0.8030554159253103	25.010847894443376
-3.0868540839096794	-0.8275389001392423	24.8326721269465
-3.0250864882836352	-0.8529246600472956	24.655884973787437
-2.9657267201212925	-0.8791595921254897	24.480480553293948
-2.9087312519473985	-0.9061946283537732	24.306452583007673
-2.854056457318287	-0.9339845824052592	24.133794467822394
-2.801658718183079	-0.9624879982479433	23.962499379238537
-2.751494525169251	-0.9916670015512933	23.792560326474966
-2.7035205710688417	-1.021487154233698	23.623970220138798
-2.657693837802474	-1.0519173124354664	23.4567219291138
-2.613971677137937	-1.0829294881555596	23.290808331288478
-2.572311885438505	-1.1144987147481171	23.12622235870638
-2.532672772713432	-1.1466029164368698	22.9629570376835
-2.4950132262394296	-1.1792227819713599	22.801005524400903
-2.4592927690174475	-1.2123416425182683	22.64036113644527
-2.4254716133245156	-1.2459453538531566	22.481017380738738
-2.3935107096135066	-1.2800221828944809	22.322967978261694
-2.363371791009161	-1.3145626985983945	22.166206885949002
-2.335017413640932	-1.3495596672145012	22.0107283161056
-2.3084109930468517	-1.385007951885068	21.856526753662678
-2.2835168368754335	-1.4209044165550728	21.703596971569507
-2.26030017410523	-1.4572478341471853	21.551934044591928
-2.2387271809943137	-1.4940387989440014	21.401533361766486
-2.218765003964281	-1.531279643109761	21.252390637738078
-2.2003817796158325	-1.568974357274958	21.104501923189698
-2.183546652065336	-1.6071285150996162	20.957863614555244
-2.1682297877841794	-1.6457492017245248	20.812472463189817
-2.1544023881151286	-1.6848449460142456	20.66832558415677
-2.142036699632423	-1.7244256564910687	20.525420464776936
-2.1311060225049343	-1.764502560855195	20.38375497307302
-2.121584717014404	-1.8050881489833126	20.2433273662305
-2.113448208373607	-1.8461961192951142	20.10413629918624
-2.106672989982211	-1.8878413283754156	19.9661808334462
-2.101236625251252	-1.9300397437378305	19.829460446225685
-2.097117748120359	-1.9728083996148478	19.69397503999806
-2.094296062385273	-2.0161653556584014	19.559724952530804
-2.0927523399468044	-2.0601296584344744	19.426710967482077
-2.0924684180860815	-2.104721305594926	19.294934325626084
-2.0934271958648694	-2.1499612126097265	19.164396736770524
-2.0956126297437945	-2.195871181942763	19.035100392426006
-2.099009728505567	-2.2424738745546016	18.907047979283632
-2.1036045475646774	-2.289792783615765	18.780242693554456
-2.1093841827396136	-2.337852210314347	18.65468825622215
-2.1163367635583676	-2.3866772416421074	18.53038892925832
-2.1244514461628636	-2.436293730043327	18.407349532848553
-2.133718405872965	-2.4867282748109525	18.285575463676246
-2.1441288294658816	-2.53800820511464	18.165072714310277
-2.1556749072220156	-2.5901615645449003	18.045847893743254
-2.168349824783897	-2.6432170970583533	17.927908249124396
-2.1821477548701305	-2.6972042342073634	17.811261688734618
-2.197063848882136	-2.752153083537868	17.695916806248963
-2.213094228437099	-2.80809441803791	17.581882906333348
-2.2302359768564317	-2.865059666518507	17.46917003162286
-2.248487130634956	-2.9230809048071698	17.357788991129706
-2.2678466709120113	-2.982190847632798	17.247751390129825
-2.288314514961742	-3.042422841078734	17.139069661578144
-2.309891507715956	-3.103810855478588	17.03175709910348
-2.33257941332904	-3.1663894786266957	16.925827891635265
-2.3563809067906507	-3.2301939091721876	16.8212971597152
-2.381299565588062	-3.295259950062167	16.718180993548106
-2.4073398614162316	-3.36162400189554	16.616496492847297
-2.4345071519298753	-3.429323056044841	16.516261808530597
-2.462807672528015	-3.498394687398559	16.417496186323927
-2.492248528157437	-3.568877046570737	16.32022001233062
-2.5228376851179553	-3.6408088514196084	16.22445486062382
-2.5545839628479317	-3.714229377709466	16.130223542921257
-2.5874970256647774	-3.789178448743636	16.037550160400553
-2.621587374430879	-3.865696423788479	15.946460157713426
-2.656866338111207	-3.9438241851000475	15.856980379256312
-2.6933460651844205	-4.0236031233559375	15.769139127754157
-2.731039514864805	-4.105075121285124	15.682966225212535
-2.7699604480877036	-4.188282535278182	15.598493076291273
-2.810123418206304	-4.273268174749003	15.515752734150121
-2.851543761342548	-4.360075279007078	15.434779968813968
-2.894237586329762	-4.448747491386633	15.355611338100978
-2.938221764179121	-4.539328830365231	15.278285261152345
-2.9835139169964213	-4.63186365738999	15.202842094596544
-3.030132406269652	-4.726396641114171	15.129324211374401
-3.0780963204416474	-4.822972717730649	15.05777608224333
-3.1274254616756707	-4.921637047071814	14.988244359970064
-3.178140331714859	-5.022434964127186	14.920777966210704
-3.2302621167294903	-5.1254119256115525	14.855428181064905
-3.283812671038433	-5.23061345119635	14.792248735277402
-3.338814499583415	-5.338085058996679	14.731295905044574
-3.3952907390266205	-5.447872194885036	14.672628609366107
-3.4532651373334877	-5.5600201551805295	14.616308509862318
-3.5127620316936974	-5.674574002239629	14.562400112955443
-3.5738063246240968	-5.791578472451236	14.510970874288482
-3.636423458087487	-5.91107787611457	14.462091305227677
-3.700639385451196	-6.033115988654333	14.415835081263944
-3.7664805410987956	-6.157735932602747	14.372279152094686
-3.8339738074974874	-6.284980049753494	14.331503853129627
-3.9031464795123276	-6.414889762867709	14.293593018122994
-3.974026225746897	-6.547505426288058	14.258634092588457
-4.046641046678047	-6.682866164793143	14.226718247603086
-4.121019229340243	-6.82100970000202	14.197940493551497
-4.1971892983017804	-6.961972163615772	14.172399793301386
-4.27517996266337	-7.1057878967650785	14.150199174235599
-4.35502005879595	-7.252489234713726	14.13144583849473
-4.436738488521809	-7.402106276153439	14.116251270706467
-4.520364152429814	-7.554666636313308	14.10473134239399
-4.60592587800291	-7.710195183099846	14.097006412164717
-4.693452342223122	-7.868713755480363	14.093201420682933
-4.782971988307008	-8.030240863325133	14.093445979324555
-4.874512936212189	-8.194791367932046	14.097874451299608
-4.968102886544973	-8.362376142475282	14.10662602390739
-5.063769017488407	-8.533001711644127	14.119844770461073
-5.161537874360867	-8.70666986977347	14.137679700282225
-5.2614352514074305	-8.883377276813954	14.160284795021697
-5.363486065420238	-9.06311503154965	14.187819029411568
-5.467714220779844	-9.245868221544834	14.220446374393719
-5.574142465507911	-9.431615449391973	14.258335780404645
-5.682792237921819	-9.620328334939824	14.301661138423357
-5.79368350348729	-9.81197099331114	14.350601216211789
-5.906834581471806	-10.006499488667764	14.405339566994376
-6.022261961014512	-10.203861263856817	14.466064407638262
-6.139980106244985	-10.403994546272557	14.532968463208572
-6.2600012501058835	-10.606827730498928	14.606248774586911
-6.382335176562877	-10.812278738559044	14.686106465657666
-6.5069889909210445	-11.020254358893583	14.77274646638912
-6.633966878009787	-11.230649565520768	14.866377187967476
-6.763269848050091	-11.443346819200507	14.967210145986014
-6.894895470078524	-11.658215352834334	15.075459527552493
-7.028837592873634	-11.87511044378516	15.19134169806108
-7.16508605341257	-12.093872676296284	15.315074643285776
-7.303626372979578	-12.31432719772907	15.446877342396347
-7.4444394411549855	-12.536282972924123	15.586969067482517
-7.587501188034278	-12.75953204162216	15.735568605205232
-7.732782245162172	-12.983848784555832	15.892893396282693
-7.880247595817328	-13.208989204541574	16.05915858867294
-8.029856215450112	-13.43469022965782	16.23457600054283
-8.181560703259857	-13.6606690463897	16.419352989426535
-8.335306906098884	-13.88662247144308	16.6136912243839
-8.491033536108363	-14.112226371775684	16.81778535848128
-8.64867178372727	-14.33713514325238	17.031821599546582
-8.808144927968302	-14.560981259192127	17.25597617790492
-8.969367946123933	-14.783374900923029	17.490413710693236
-9.132247125350856	-15.003903683283982	17.735285463390014
-9.296679678880245	-15.222132488787421	17.990727510389007
-9.462553369912337	-15.437603424866316	18.25685879779917
-9.6297461465747	-15.649835919247055	18.5337791131729
-9.798125791651461	-15.858326968991763	18.82156696855333
-9.967549591120447	-16.062551559108638	19.120277405086178
-10.137864025865957	-16.26196326681054	19.429939729464017
-10.30890449125112	-16.455995067464602	19.75055519463363
-10.480495049549463	-16.644060358009103	20.08209463952109
-10.652448220518703	-16.82555421305221	20.42449610495135
-10.824564815662773	-16.999854887999263	20.777662445466472
-10.996633821953221	-17.16632558233498	21.141458959330954
-11.168432340961	-17.324316474584155	21.51571106161516
-11.339725589475522	-17.473167038460677	21.900202027823482
-11.510266967748287	-17.612208647264428	22.294670838023016
-11.679798201483894	-17.740767470681664	22.69881015377042
-11.848049563600961	-17.85816766477657	23.11226446225767
-12.014740181588849	-17.963734852129896	23.534628423924698
-12.179578435983078	-18.056799884796522	23.9654454612357
-12.34226245506478	-18.136702878043106	24.404206627303086
-12.502480710347621	-18.20279749772908	24.850349793477317
-12.659912716744392	-18.25445547876631	25.30325919481832
-12.814229840500218	-18.29107134640873	25.762265371442588
-12.965096217037491	-18.312067306274244	26.22664554202189
-13.112169779779624	-18.31689826309725	26.695624443127432
-13.255103399811428	-18.305056922377897	27.16837566461981
-13.393546134900937	-18.276078923475794	27.644023506845574
-13.527144584960961	-18.229547947446292	28.121645380001947
-13.655544349485208	-18.165100738202675	28.600274759687583
-13.77839158087284	-18.08243197157824	29.07890470541195
-13.895334625881164	-17.98129890373052	29.55649194076265
-14.006025745745516	-17.8615257282424	30.03196148513196
-14.110122903811384	-17.723007570388067	30.504211817523124
-14.207291607869601	-17.565714047482523	30.972120543161203
-14.297206792809972	-17.389692326134476	31.43455052362806
-14.379554727748987	-17.195069610655676	31.8903564212488
-14.454034930484399	-16.982055001886753	32.338391598730254
-14.520362071020978	-16.750940672282663	32.77751530584991
-14.57826784503668	-16.502102311209	33.20660007659156
-14.627502797549296	-16.23599880393914	33.62453925278272
-14.667838076731258	-15.953171118662883	34.03025454426433
-14.699067097828925	-15.654240387722007	34.422703531149814
-14.721007097490274	-15.33990518203274	34.800887011006914
-14.733500559500298	-15.01093799096159	35.16385609297323
-14.736416493969694	-14.6681809334678	35.51071894201168
-14.729651553410456	-14.31254073978196	35.84064707976527
-14.713130970846162	-13.94498305590344	36.15288115377683
-14.686809307118509	-13.566526135426919	36.446736094117135
-14.650670996830923	-13.178233994310668	36.72160558558269
-14.604730684872338	-12.7812091138793	36.97696579437382
-14.54903334814026	-12.376584785333549	37.21237830029975
-14.483654199878341	-11.965517195109705	37.42749219877376
-14.408698376900544	-11.549177354420365	37.62204535082856
-14.324300412832622	-11.128742978126606	37.79586477373554
-14.230623503300993	-10.705390417701844	37.94886617918665
-14.127858571681584	-10.280286750493284	38.08105268002278
-14.016223146530232	-9.854582122860025	38.1925126998231
-13.895960064103996	-9.429402438242928	38.28341713197737
-13.767336011404307	-9.005842473007295	38.35401580586885
-13.630639926894142	-8.584959493261405	38.404633327262836
-13.486181277433854	-8.167767435080288	38.435664367746284
-13.334288231027752	-7.755231698975419	38.44756848397407
-13.175305745666456	-7.3482645973673275	38.44086455148908
-13.009593594889907	-6.947721481564704	38.41612489999286
-12.837524350690305	-6.554397562632717	38.373969237207056
-12.65948134404208	-6.16902542883665	38.31505844698641
-12.475856622710975	-5.792273251325493	38.24008834427122
-12.287048925085447	-5.424743659587558	38.14978346498311
-12.093461687625341	-5.066973259142356	38.0448909632825
-11.89550110217458	-4.719432756061786	37.926174681945746
-11.693574237873449	-4.382527646319939	37.79440945421877
-11.488087240773199	-4.056599422699064	37.650375687595
-11.279443622542528	-3.741927248033936	37.49485427177721
-11.068042647897048	-3.4387300409181276	37.328621844823644
-10.854277828617283	-3.147168918562692	37.15244644334258
-10.638535530279224	-2.8673499411969208	36.96708355475344
-10.421193696134797	-2.5993271031237715	36.77327258222052
-10.2026206909707	-2.3431055171615625	36.57173372600117
-9.983174266264209	-2.098644741585784	36.363165278720714
-9.763200646560312	-1.8658622016945214	36.14824132655481
-9.543033735729534	-1.6446366616225656	35.927609843500484
-9.322994440634705	-1.4348117058890921	35.70189116186303
-9.103390108745923	-1.2361991942623531	35.47167679877099
-8.884514075394373	-1.0485826577477193	35.237528615931645
-8.666645315647983	-0.8717206077539668	34.99997828791667
-8.450048195218892	-0.7053497346789401	34.759527052974136
-8.234972314368795	-0.5491879762066089	34.516645719640415
-8.021652438455071	-0.4029374394637628	34.271774902214254
-7.810308508549836	-0.2662871647996314	34.02532545838989
-7.601145725453577	-0.1389157222903174	33.77767910296079
-7.39435470040609	-0.02049363511020326	33.5291891724381
-7.190111665857717	0.08931437335946461	33.28018151661522
-6.988578739794037	0.19084730940228245	33.03095549449707
-6.789904237294335	0.28444601443769074	32.781785053543025
-6.594223023241203	0.3704514429148075	32.53291987280293
-6.4016569003740615	0.4492031079473921	32.2845865522107
-6.212315027184156	0.5210376887754051	32.03698983200327
-6.026294360475823	0.5862877931572936	31.790313827923768
-5.843680117761854	0.6452808670451786	31.54472326952172
-5.664546255010946	0.6983382433505694	31.300364730456312
-5.488955955618552	0.7457743212471202	31.057367841225574
-5.316962126823735	0.7878958672567048	30.815846476173732
-5.148607900140386	0.8250014293035991	30.575899907961105
-4.9839271327073	0.857380854978222	30.33761392391102
-4.822944906784588	0.8853149054072831	30.101061899771103
-4.665678024933883	0.9090749563628453	29.86630582744536
-4.512135498713552	0.9289227785429017	29.633397294168088
-4.362319028996609	0.9451103893058865	29.40237841140322
-4.216223476277889	0.9578799685280218	29.173282692469
-4.073837319577661	0.9674638316642675	28.946135878511697
-3.9351431027720603	0.9740844535210149	28.72095671299123
-3.8001178673847655	0.9779545366833869	28.497757665298913
-3.668733571061782	0.9792771189748489	28.27654560451291
-3.5409574911213864	0.9782457147561703	28.057322424615155
-3.4167526127246384	0.9750444852898827	27.84008562275013
-3.2960780013502187	0.9698484338015303	27.62482883230906
-3.1788891593809523	0.9628236212574233	27.411542312777822
-3.065138366718879	0.9541273992481959	27.200213398398613
-2.9547750054425257	0.9439086567168005	26.990826907769748
-2.8477458686046853	0.9323080775977536	26.783365516549914
-2.743995453343061	0.9194584067411488	26.577810095448058
-2.6434662385392884	0.9054847217800077	26.374140015669862
-2.54609894731641	0.8905047088633767	26.17233342396318
-2.4518327947105885	0.8746289404206116	25.972367489358977
-2.3606057208909603	0.8579611533452935	25.77421862364523
-2.2723546103327217	0.8405985261910279	25.57786267754177
-2.187015497373735	0.8226319541570085	25.38327511446644
-2.104523758604145	0.8041463208095997	25.19043116369872
-2.024814292553179	0.7852207656385054	24.999305954659064
-1.9478216871474832	0.7659289466833767	24.809874633931624
-1.8734803754214866	0.7463392975899811	24.622112466565444
-1.8017247799631373	0.7265152785654666	24.435994923096935
-1.7324894465785177	0.7065156208008594	24.25149775364534
-1.6657091676560458	0.6863945640165755	24.06859705034249
-1.6013190957062264	0.6662020868644952	23.88726929927074
-1.5392548475460515	0.6459841299888041	23.707491422997272
-1.479452599589168	0.6257828116083974	23.529240814712097
-1.421849174692965	0.6056366355366117	23.35249536489763
-1.3663821210032134	0.5855806916004772	23.17723348138346
-1.3129897832252326	0.5656468484620082	23.00343410356885
-1.2616113667381412	0.5458639388789359	22.831076711528187
-1.2121869949559025	0.5262579374723598	22.660141330651403
-1.164657760325565	0.5068521310945155	22.490608532412143
-1.118965769339537	0.48766728191171876	22.32245943180094
-1.0750541819249055	0.4687217833359352	22.15567568190882
-1.0328672455589125	0.4500318089537581	21.990239466098444
-0.9923503244459504	0.4316114546142588	21.826133488155644
-0.9534499240775874	0.4134728738474082	21.663340960772956
-0.9161137114834157	0.39562640679286687	21.50184559267838
-0.8802905314670663	0.37808070282523526	21.341631574688
-0.8459304191084851	0.36084283706649634	21.182683564929054
-0.8129846088004891	0.3439184209795562	21.024986673450556
-0.7814055400749588	0.3273117072387661	20.86852644641226
-0.7511468604615342	0.3110256890741263	20.71328885001795
-0.7221634256096711	0.29506219428581565	20.55926025433753
-0.6944112968931223	0.279421974124747	20.40642741714223
-0.6678477367045452	0.2641047872332277	20.254777467859235
-0.6424312016369219	0.249109478837571	20.104297891736106
-0.6181213337378367	0.2344340553817417	19.954976514290696
-0.5948789500123711	0.22007575478791763	19.806801486109418
-0.572666030340501	0.20603111252627693	19.659761268045227
-0.5514457039653525	0.1922960236724364	19.513844616856428
-0.5311822346995325	0.17886580112682177	19.369040571318433
-0.511841004987947	0.16573523016589023	19.225338438832505
-0.4933884989571387	0.15289861949061975	19.08272778254879
-0.47579228457309625	0.14034984893302374	18.941198409014707
-0.4590209950217921	0.12808241397670678	18.800740356354602
-0.4430443094193115	0.11608946724264824	18.66134388298186
-0.4278329329514507	0.10436385708657103	18.522999456841053
-0.4133585765359343	0.09289816344936279	18.385697745174298
-0.39959393609401384	0.08168473109713656	18.249429604803154
-0.38651267151215385	0.0707157003826778	18.114186072915274
-0.37408938536872055	0.05998303565518383	17.979958358343016
-0.3622996014951121	0.0494785514404325	17.846737833319803
-0.35111974343557945	0.03919393650880298	17.71451602569893
-0.34052711286501913	0.029120775943891276	17.58328461161828
-0.3304998680193965	0.019250571319920556	17.45303540859427
-0.3210170021890198	0.009574759091636204	17.323760369027692
-0.3120583223207154	8.472729597111456e-5	17.1954515741038
-0.3036044277710139	-0.009228169339542687	17.06810122806907
-0.29563668924875847	-0.018372595790838466	16.941701652867156
-0.28813722798204655	-0.027357224547184048	16.81624528311675
-0.2810888951411163	-0.03619072475420019	16.691724661414177
-0.2744752515457235	-0.044881752611231125	16.56813243394435
-0.2682805476826355	-0.05343894294807822	16.4454613463837
-0.2624897040561563	-0.061870901909768496	16.32370424007943
-0.25708829189206933	-0.07018620068157212	16.202854048490046
-0.2520625142129892	-0.07839337018994165	16.082903793872596
-0.2473991873009058	-0.08650089671837323	15.963846584202624
-0.24308572256063665	-0.09451721838040412	15.845675610313613
-0.23911010879597983	-0.10245072239507534	15.728384143243163
-0.23546089490856917	-0.11030974311318582	15.611965531773865
-0.2321271730277879	-0.11810256074554468	15.496413200157546
-0.22909856207854973	-0.12583740074723077	15.381720646011946
-0.22636519179235473	-0.1335224338145264	15.267881438379733
-0.22391768716571694	-0.1411657764537667	15.154889215940427
-0.22174715336885967	-0.14877549208383287	15.042737685366125
-0.21984516110646785	-0.15635959263641577	14.931420619812178
-0.2182037324313379	-0.16392604062024094	14.820931857537555
-0.21681532701070755	-0.17148275161814994	14.711265300642644
-0.21567282884440714	-0.1790375971873309	14.602414913922765
-0.21476953343307015	-0.1865984081355136	14.49437472382862
-0.21409913539402994	-0.19417297814763923	14.38713881752853
-0.21365571652190019	-0.20176906773938416	14.28070134206722
-0.21343373429030238	-0.2093944085156689	14.175056503616283
-0.21342801079071572	-0.2170567077139376	14.0701985668121
-0.21363372210401074	-0.22476365301359633	13.966121854177239
-0.2140463880998453	-0.232522917594517	13.86282074562174
-0.21466186265879866	-0.24034216542894993	13.760289678021309
-0.2154763243118364	-0.2482290567925784	13.658523144869564
-0.21648626729148776	-0.256191253981754	13.557515696002005
-0.21768849298891288	-0.264236427225208	13.45726193738964
-0.2190801018109116	-0.2723722607797215	13.357756531000561
-0.22065848543079897	-0.28060645920036537	13.258994194728142
-0.22242131942701507	-0.2889467537770018	13.1609697023848
-0.22436655630326688	-0.2974009091297707	13.063677883760462
-0.2264924188840067	-0.30597672995724023	12.967113624745423
-0.22879739407904384	-0.3146820679318419	12.871271867517352
-0.23128022701113737	-0.3235248287380779	12.776147610792636
-0.23393991550045415	-0.3325129792498391	12.68173591014238
-0.2367757048998758	-0.34165455484395346	12.5880318783738
-0.23978708327521359	-0.3509576668478389	12.495030685978
-0.242973776924532	-0.3604305101198601	12.402727561645348
-0.24633574623087945	-0.370081370761673	12.31111779284988
-0.24987318184289978	-0.3799186339624755	12.220196726504621
-0.2535865011779331	-0.3899507919757085	12.129959769689846
-0.25747634524241314	-0.40018645222933913	12.040402390456578
-0.2615435757645132	-0.4106343455714125	11.951520118708
-0.2657892726342198	-0.4213033346530856	11.863308547161683
-0.2702147316462294	-0.4322024224519728	11.775763332395012
-0.2748214625410647	-0.4433407609385297	11.688880195981152
-0.27961118734055734	-0.4547276598900762	11.602654925711809
-0.2845858389733542	-0.4663725958556336	11.517083376918505
-0.2897475601868646	-0.4782852212765699	11.432161473892961
-0.2950987027420958	-0.49047537376786626	11.347885211412244
-0.30064182688807223	-0.5029530855653169	11.264250656373832
-0.30637970111280544	-0.5157285931443232	11.181253949546134
-0.31231530216800274	-0.5288123470163044	11.098891307440374
-0.3184518153649725	-0.5422150217090617	11.017159024310205
-0.32479263513940043	-0.5559475259377706	10.936053474285831
-0.3313413658829548	-0.570021012973563	10.855571113649834
-0.3381018230399099	-0.5844468912169696	10.775708483262383
-0.3450780344672508	-0.5992368349837551	10.696462211143986
-0.3522742420569391	-0.6144027955109463	10.617829015224572
-0.35969490361931533	-0.6299570121911131	10.539805706268053
-0.36734469502684824	-0.6459120240432258	10.46238919098212
-0.3752285126176577	-0.6622806814284963	10.38557647532422
-0.3833514758586045	-0.6790761580201603	10.309364668013759
-0.3917189302678299	-0.6963119630359229	10.233750984263361
-0.40033645059700323	-0.7140019537423242	10.158732749741025
-0.40920984427374174	-0.7321603482402879	10.084307404776618
-0.4183451551048886	-0.750801738541334	10.010472508826695
-0.42774866724162697	-0.7699411039440801	9.937225745212478
-0.43742690940759676	-0.7895938247207628	9.864564926146828
-0.4473866593914556	-0.8097756961236184	9.792487998066978
-0.45763494880555206	-0.8305029427211561	9.72099304729049
-0.4681790681125872	-0.8517922330742738	9.650078306013489
-0.4790265719223789	-0.8736606947623382	9.579742158670939
-0.4901852845610787	-0.8961259297693294	9.509983148680085
-0.5016633059153737	-0.9192060302401921	9.440799985589308
-0.5134690175544422	-0.9429195946174692	9.37219155265614
-0.525611089133021	-0.9672857441690955	9.304156914877167
-0.5380984850766914	-0.9923241399131479	9.236695327507926
-0.5509404715567858	-1.0180549999576027	9.169806245077696
-0.5641466237544064	-1.044499117256624	9.103489330952211
-0.5777268334191988	-1.071677877796804	9.037744467464256
-0.5916913167263608	-1.0996132792217748	8.972571766647754
-0.6060506224358222	-1.1283279499040177	8.907971581610763
-0.620815640357725	-1.1578451684723383	8.843944518584793
-0.6359976101284103	-1.1881888838030463	8.780491449690004
-0.6516081303012018	-1.2193837354822104	8.717613526458512
-0.6676591677564526	-1.251455074746103	8.655312194159647
-0.6841630674352255	-1.2844289859057847	8.593589206974675
-0.7011325624011243	-1.3183323082613234	8.532446644070447
-0.7185807842348139	-1.3531926585101275	8.471886926624567
-0.7365212737656444	-1.3890384536527955	8.411912835857827
-0.7549679921448851	-1.4258989343988238	8.352527532132658
-0.7739353322650089	-1.4638041890733702	8.29373457517953
-0.7934381305287138	-1.5027851780233892	8.235537945519004
-0.8134916789729455	-1.542873758523447	8.177942067145192
-0.8341117377506515	-1.5841027101748517	8.12095183154804
-0.8553145479745015	-1.6265057607933149	8.064572623150207
-0.8771168449258743	-1.6701176127766983	8.008810346241063
-0.8995358716320171	-1.714973969941946	7.953671453494623
-0.9225893928140644	-1.7611115648177502	7.8991629761629545
-0.9462957092079795	-1.808568186376253	7.845292556041768
-0.9706736722599272	-1.8573827081835343	7.79206847931051
-0.9957426991970717	-1.9075951169453014	7.7394997123542515
-1.0215227884738474	-1.9592465414194125	7.687595939681387
-1.0480345355930463	-2.01237928166266	7.636367604056776
-1.0752991493001691	-2.0670368385741504	7.585825948976501
-1.1033384681481821	-2.123263943691688	7.5359830636174765
-1.132174977428912	-2.181106589191881	7.486851930401759
-1.16183182646593	-2.2406120580379456	7.438446475322795
-1.1923328462613154	-2.3018289542097636	7.390781621190143
-1.2237025674895876	-2.364807232947884	7.343873343952758
-1.2559662388268058	-2.429598230927246	7.297738732275104
-1.2891498456032577	-2.496254696271716	7.252396050544545
-1.3232801287650264	-2.5648308183080353	7.207864805498938
-1.3583846041270375	-2.6353822569459124	7.164165816672504
-1.3944915818977464	-2.707966171558756	7.121321290867087
-1.4316301864521788	-2.782641249224976	7.079354900865909
-1.46983037632707	-2.8594677321752435	7.038291868616482
-1.5091229644073398	-2.9385074442730983	6.998159053119953
-1.5495396382699196	-3.0198238163397413	6.958985043273694
-1.5911129806456183	-3.1034819101125874	6.920800255924902
-1.6338764899553317	-3.1895484406065844	6.883637039402994
-1.6778646008707643	-3.2780917966226832	6.847529782809355
-1.723112704844524	-3.369182059123394	6.812515031352892
-1.7696571705470132	-3.4628910171659597	6.778631608030559
-1.8175353641426872	-3.559292181057974	6.745920741960306
-1.8667856693251312	-3.6584607923570647	6.71442620368703
-1.9174475070287018	-3.7604738303142766	6.684194447786063
-1.9695613547198974	-3.8654100143118644	6.65527476310074
-2.0231687651637906	-3.9733498018090256	6.62771943095626
-2.078312384548715	-4.084375381262065	6.601583891698639
-2.1350359698410917	-4.198570659437993	6.576926919912155
-2.1933844052283047	-4.31602124248632	6.553810808672031
-2.2534037174942916	-4.436814410078872	6.532301563190028
-2.3151410901550764	-4.5610390818624715	6.512469104209936
-2.378644876166881	-4.6887857754076645	6.494387481505363
-2.4439646089993703	-4.820146554762213	6.478135097825616
-2.511151011847763	-4.955214968643684	6.46379494362438
-2.5802560047352787	-5.094085977222234	6.4514548428907235
-2.651332709235017	-5.236855866358688	6.4412077103817245
-2.7244354505121318	-5.383622148063191	6.433151820530302
-2.7996197563757854	-5.5344834458712455	6.427391088267892
-2.8769423529631024	-5.689539363651388	6.424035361965758
-2.9564611566963204	-5.848890336346779	6.423200728644168
-3.0382352620833792	-6.012637460958797	6.425009831545534
-3.1223249249109744	-6.1808823059843245	6.429592200096635
-3.2087915403375797	-6.353726697379893	6.43708459220402
-3.2976976153532083	-6.5312724789874625	6.447631348731933
-3.3891067350279678	-6.71362124520962	6.461384759901565
-3.4830835219255065	-6.900874043572014	6.478505443223154
-3.579693588005161	-7.093131044648918	6.49916273242513
-3.6790034782866368	-7.2904911766713445	6.523535076677032
-3.781080605492801	-7.493051721966666	6.55181044921077
-3.88599317482801	-7.700907872211545	6.584186764227326
-3.9938100979866396	-7.914152239308804	6.620872300729035
-4.104600895422023	-8.13287431853043	6.662086131639915
-4.2184355858372165	-8.357159900400694	6.70805855626346
-4.3353845617909545	-8.587090427637124	6.759031533778275
-4.455518450233095	-8.822742293302847	6.815259115078221
-4.578907956717068	-9.0641860762002	6.877007869831916
-4.705623691954103	-9.311485709400829	6.9445573051512435
-4.83573597929931	-9.564697577712808	7.018200271726201
-4.969314641681048	-9.823869539812321	7.098243352695195
-5.106428766408528	-10.089039870732506	7.18500722987562
-5.2471464462169575	-10.360236120409702	7.278827021274472
-5.391534494837838	-10.637473884049344	7.380052583032196
-5.539658135312884	-10.920755480195934	7.489048768120517
-5.691580659210636	-11.21006853259507	7.606195633219977
-5.847363054850263	-11.505384452220985	7.731888584239756
-6.007063602595459	-11.80665681623567	7.866538449916742
-6.170737435252806	-12.113819641156558	8.01057147184288
-6.338436061596777	-12.426785548156838	8.164429198125044
-6.510206851052696	-12.745443819227432	8.328568266687082
-6.686092477597256	-13.069658343901814	8.50346006298382
-6.866130321008807	-13.399265457444214	8.689590235643045
-7.050351823679895	-13.734071672773796	8.887458052262064
-7.238781801349816	-14.073851310062551	9.097575576328088
-7.431437706290401	-14.418344029850623	9.320466644995362
-7.6283288417107995	-14.7672522777316	9.556665626285463
-7.829455526435654	-15.12023865117995	9.80671593321065
-8.03480820926871	-15.476923201954575	10.071168271402813
-8.244366532882461	-15.836880690723762	10.350578596107574
-8.458098347585716	-16.199637814138995	10.64550575393707
-8.675958675922343	-16.564670428544233	10.956508784632819
-8.897888629753066	-16.931400798843267	11.284143858346097
-9.123814282274235	-17.299194905748585	11.628960824678732
-9.353645498344672	-17.66735984968766	11.991499351040265
-9.58727472752322	-18.03514139499985	12.372284629857248
-9.824575765377539	-18.4017217036778	12.771822636931464
-10.065402489902938	-18.766217313704136	13.19059492688129
-10.309587581300105	-19.127677422928464	13.62905295624037
-10.556941234885654	-19.485082545276168	14.087611930514777
-10.807249878559194	-19.83734361175312	14.5666441784403
-11.060274907997997	-20.183301594002128	15.06647206489647
-11.315751454593384	-20.52172773288363	15.587360463516806
-11.573387203048972	-20.851324458432167	16.12950882101137
-11.83286127751048	-21.170727090313854	16.69304285761419
-12.09382321704337	-21.478506409254283	17.27800596183045
-12.355892063188044	-21.773172189504884	17.884350352727456
-12.618655584135098	-22.053177779893417	18.51192809920758
-12.881669661730466	-22.316925816019573	19.16048210283049
-13.144457868958588	-22.5627751383313	19.82963716847914
-13.406511266698448	-22.789048979828927	20.51889130512568
-13.66728844930667	-22.99404447267619	21.227607416630374
-13.926215868873008	-23.176043504819972	21.955005559330967
-14.182688467743684	-23.333324935687347	22.70015595852684
-14.43607064793778	-23.464178154037164	23.461972988820893
-14.685697604486549	-23.56691793132126	24.239210333330448
-14.930877047191796	-23.639900490547475	25.030457542493217
-15.170891331945711	-23.681540674227314	25.83413821419124
-15.40500001843516	-23.69033005612312	26.648510012062253
-15.632442865765587	-23.664855801085928	27.471666727425692
-15.852443271279451	-23.60382003640005	28.301542571520944
-16.064212150645815	-23.506059458042078	29.135918858233048
-16.266952249227508	-23.370564857630303	29.972433202872974
-16.459862865907184	-23.196500222243046	30.808591319918676
-16.64214496112431	-22.98322103147503	31.641781452248598
-16.813006611048017	-22.730291355847616	32.469291407080725
-16.971668759820005	-22.437499349702247	33.288328110684155
-17.117371211936717	-22.10487073151851	34.096039526565235
-17.24937879740177	-21.732679856491615	34.889538712156266
-17.366987633612634	-21.32145801105598	35.66592971942076
-17.469531400376784	-20.871998597304778	36.42233497773802
-17.556387538334036	-20.385358926768248	37.15592373577597
-17.62698327669277	-19.862858407080484	37.863941085505026
-17.68080139385992	-19.30607298026807	38.54373704882371
-17.71738561446929	-18.716825755783486	39.19279517780652
-17.736345548654235	-18.09717387235519	39.80876010544747
-17.737361084233743	-17.449391717237624	40.38946348634145
-17.72018614977376	-16.775950726038452	40.93294778689817
-17.68465177612945	-16.0794960774577	41.43748742235684
-17.63066839586188	-15.362820681296379	41.90160679238471
-17.558227333552814	-14.628836931660683	42.32409483673121
-17.46740145513144	-13.880546757271173	42.70401581503663
-17.358344960434138	-13.121010544799642	43.040716107428594
-17.23129231984413	-12.353315537330783	43.33382693159541
-17.08655637249311	-11.580544317498235	43.583262973785175
-16.92452561962556	-10.805743973376428	43.78921703182212
-16.745660761839655	-10.031896515615037	43.952150863955
-16.55049054257407	-9.261891068097444	44.072782524698546
-16.33960697202278	-8.498498293829869	44.15207054480033
-16.113660015319823	-7.7443474456035695	44.19119537467953
-15.873351836137022	-7.001906350436608	44.19153855746832
-15.619430691647569	-6.2734645512252385	44.154660128244934
-15.352684577118584	-5.561119741868299	44.082274750033214
-15.073934718260514	-4.866767546559627	43.97622709524121
-14.784029007047078	-4.192094612948308	43.838466964637256
-14.48383547223573	-3.5385749149015275	43.67102460645462
-14.174235869552273	-2.90746909567782	43.47598665790643
-13.856119468766234	-2.2998266278333905	43.25547308265463
-13.530377106017893	-1.71649052299239	43.01161542309504
-13.197895560105042	-1.1581042930030552	42.746536628146124
-12.859552301340619	-0.6251208437838032	42.46233265788617
-12.516210651363451	-0.11781297370012775	42.1610560079556
-12.16871538221053	0.3637148513639528	41.844701240922284
-11.81788877329096	0.8195137651829931	41.515192560253396
-11.464527135840353	1.2497771134845834	41.17437341624563
-11.109397806144843	1.6548266924239046	40.82399809298708
-10.753236601417932	2.035098868227017	40.465725191574926
-10.396745725771536	2.39113080403507	40.101112897519
-10.040592108270191	2.7235469894382653	39.73161589938352
-9.685406150607605	3.0330462371797338	39.358583810930575
-9.331780858455764	3.3203892810200064	38.98326093982289
-8.980271327971105	3.5863870795576602	38.606787241728824
-8.631394557216817	3.8318899035284586	38.23020029876756
-8.285629551305547	4.05777725918558	37.85443816495118
-7.943417689782491	4.264948678096672	37.48034292791991
-7.605163325070084	4.45431538422432	37.108664845172335
-7.271234581577913	4.626792832530269	36.74006692353752
-6.941964326275367	4.783294099489064	36.37512982229033
-6.6176512830055625	4.92472409470474	36.014356972548555
-6.29856126456606	5.051974554075723	35.65817981806261
-5.984928498458125	5.1659197684612	35.30696309480426
-5.676957024205513	5.267412997291038	34.961010078671976
-5.374822142175748	5.3572835137959425	34.62056774191061
-5.078671895873322	5.436334227252465	34.28583176936286
-4.788628571670741	5.5053398275983	33.95695139532186
-4.504790201875941	5.565045398745603	33.63403403048954
-4.227232058868791	5.616165448697101	33.31714965633039
-3.956008129775775	5.659383306957427	33.00633497097173
-3.6911525627602924	5.695350842569368	32.701597276749055
-3.432681077492318	5.724688459243587	32.40291810458919
-3.1805923337166	5.747985327370606	32.11025657471586
-2.934869253065494	5.765799816102982	31.82355249672061
-2.6954802903591193	5.778660092091594	31.542729214930237
-2.462380651615478	5.787064854786077	31.26769620730167
-2.235513456848252	5.791484181416559	30.998351447839237
-2.0148108464840995	5.792360457822773	30.73458354384448
-1.800195030876948	5.7901093741626415	30.47627366022041
-1.5915792829514923	5.785120967197599	30.22329724363009
-1.3888688744767546	5.7777606933078385	29.975525559603817
-1.1919619568622397	5.768370518634053	29.73282705574946
-1.000750387688912	5.757270014775639	29.495068564086328
-0.8151205044493773	5.7447574503044185	29.262116355241435
-0.6349538471743386	5.731110869986911	29.033837056839843
-0.46012783178050554	5.716589155057339	28.81009844792726
-0.2905163760894242	5.701433059160662	28.590770140700926
-0.12599048054635958	5.685866215702438	28.375724160219495
0.03358123428438526	5.6700961133137575	28.16483543212758
0.18833203134843665	5.6543150369779305	27.95798218778474
0.3383965997564937	5.638700973083934	27.755046295538733
0.483910634385635	5.623418477282257	27.55591352624225
0.6250104503788023	5.608619504533712	27.360473760488876
0.7618326305423772	5.594444201171153	27.16862114443594
0.8945137036947156	5.581021659149254	26.980254200505325
1.0231898520815785	5.568470632946823	26.79527589870109
1.147996646042171	5.556900219818767	26.613593693761427
1.2690688041807883	5.5464105042781435	26.435119532873255
1.3865399773738687	5.537093167829801	26.259769838218375
1.5005425550167728	5.529032065082136	26.08746546819469
1.6112074919913315	5.522303767437932	25.918131660759318
1.7186641549100472	5.516978075613899	25.751697961975502
1.8230401862676933	5.5131185022658205	25.588098142508322
1.924461385203638	5.510782726005648	25.427270104505812
2.0230516036493382	5.510023018091963	25.269155781019617
2.1189326567039277	5.5108866430584005	25.113701029861982
2.2122242461475774	5.5134162345186715	24.96085552356099
2.303043896065175	5.517650147353431	24.81057263686457
2.3915068996140976	5.5236227874454595	24.66280933305125
2.4777262760280228	5.531364920086652	24.517526050131984
2.5618127370036357	5.5409039581345745	24.374686587872006
2.6438746616696305	5.552264230948721	24.23425799642147
2.724018079387349	5.565467235088066	24.096210467217883
2.8023466596788564	5.580531867702569	23.960517226712245
2.878961708622945	5.597474643502627	23.827154433370502
2.9539621711012085	5.61630989614249	23.696101078313593
3.0274446383157403	5.637049964806691	23.56733888988079
3.099503360036839	5.659705366742778	23.44085224233193
3.170230261073992	5.684284956439438	23.31662806884275
3.2397149614956535	5.710796072106292	23.194655778894358
3.308044800154465	5.739244670070901	23.074927180109956
3.375304861102499	5.769635447668995	22.95743640455175
3.441578002507586	5.80197195516625	22.842179839455817
3.506944887709904	5.836256697215697	22.729156062345933
3.57148401807381	5.872491224317162	22.618365780453843
3.6352717673214343	5.910676214717359	22.509811774332835
3.698382417047866	5.950811547155324	22.403498845543858
3.760888193139129	5.992896364829831	22.299433768271616
3.822859302831777	6.036929130937837	22.197625244713322
3.8843639721691203	6.082907676106823	22.09808386407017
3.945468483624344	6.130829238019169	22.000822064960495
4.006237213675129	6.180690493503586	21.905854101063518
4.066732670127453	6.232487583346476	21.81319600979431
4.127015528998424	6.28621613005548	21.722865583802992
4.187144670779593	6.341871248788162	21.634882345084037
4.247177215912451	6.399447551640409	21.549267521475457
4.307168559317539	6.458939145471963	21.46604402532199
4.367172403827869	6.5203396234309166	21.385236434070073
4.427240792385537	6.58364205032404	21.306870972557142
4.487424138868256	6.648838941966409	21.230975496751956
4.547771257419276	6.715922238630713	21.157579478697382
4.608329390161466	6.784883272706145	21.086713992400096
4.6691442331820765	6.8557127306660375	21.01841170040592
4.730259960680362	6.928400609434416	20.95270684079259
4.791719247175836	7.002936167233991	20.889635214304548
4.853563287679796	7.079307868991526	20.82923417134639
4.915831815737338	7.157503326370987	20.771542598543743
4.978563119251761	7.237509232501366	20.716600904570903
5.041794054007259	7.319311291463044	20.664451004935724
5.1055600548099465	7.4028941425957795	20.61513630540176
5.169895144171298	7.4882412796918425	20.5687016837172
5.234831938461695	7.575334965139666	20.525193469308917
5.300401651465879	7.664156139087368	20.484659420588187
5.366634095275768	7.754684323700941	20.447148699502364
5.433557678460293	7.846897522599625	20.412711842954003
5.501199401455187	7.9407721155595175	20.38140073069608
5.569584849121544	8.036282748590097	20.35326854929795
5.6387381804244505	8.133402219499716	20.328369751763894
5.708682115189022	8.232101359083757	20.306760012371782
5.77943791789587	8.33234890808745	20.28849617628591
5.851025378483807	8.434111390116726	20.27363620348464
5.923462790133153	8.537352980693944	20.262239106530334
5.99676692400982	8.6420353726824	20.25436488169669
6.070953000957323	8.748117638333177	20.250074432956506
6.1460346601318765	8.855556088240613	20.24942948832264
6.222023924583874	8.964304127528397	20.25249250802519
6.298931163798611	9.074312109627417	20.259326584000235
6.376765053219131	9.185527188048946	20.26999533015949
6.455532530785358	9.297893166602384	20.2845627629067
6.535238750535438	9.411350348555768	20.303093171365475
6.615887033328877	9.52583538529007	20.32565097678544
6.697478814764346	9.64128112505305	20.35230058059875
6.780013590382245	9.75761646247962	20.383106200609205
6.86348885825687	9.874766189605506	20.418131694809343
6.94790005910214	9.992650849167521	20.4574403723402
7.033240514034077	10.111186591052059	20.501094791132658
7.119501360153831	10.23028503282344	20.549156541799896
7.206671484136898	10.349853125336647	20.601686017387152
7.294737454038371	10.469793024514246	20.658742168629804
7.383683449548343	10.59000197044255	20.720382244422296
7.473491190958235	10.710372175019025	20.786661517261315
7.564139867126761	10.830790719460186	20.85763299349592
7.655606062763063	10.951139463054927	20.933347108296395
7.747863685374982	11.07129496462316	21.01385140534243
7.840883892262248	11.191128418211918	21.099190201331297
7.934635017966535	11.31050560462941	21.189404235516736
8.029082502625005	11.429286860482604	21.28453030461227
8.124188821704132	11.547327066436834	21.38460088352206
8.219913417635006	11.66447565647806	21.489643732517298
8.316212633893977	11.780576649984297	21.599681491620736
8.413039652117027	11.895468708455216	21.714731263139974
8.510344432867322	12.008985218762692	21.834804183466343
8.608073660710442	12.120954404790167	21.95990498544837
8.706170694284694	12.231199469316913	22.090031552849492
8.80457552208611	12.339538767974036	22.22517446861098
8.903224724716946	12.445786017049095	22.36531655885908
9.002051444374157	12.549750536845139	22.510432434821304
9.100985362378513	12.65123753220508	22.660488035047003
9.199952685565437	12.750048411691335	22.815440170560468
9.298876142375159	12.84598114676314	22.97523607580853
9.397674989491454	12.938830672117332	23.139812968496923
9.49626502988364	13.028389328151116	23.309097621634976
9.59455864310629	13.11444734626734	23.483005951326653
9.692464828703681	13.196793377472716	23.661442624051084
9.789889263551398	13.275215064416866	23.84430068736641
9.886734373943195	13.349499656684577	24.03146122813796
9.982899423199528	13.419434668787172	24.222793062537395
10.078280615531659	13.484808579901035	24.418152462173442
10.172771216843655	13.545411573974969	24.61738292079684
10.26626169309092	13.601036318374192	24.820314966062355
10.358639866740369	13.6514787787521	25.026766020830024
10.449791091792273	13.696539067344206	25.236540318438106
10.539598447726439	13.736022321366233	25.44942887627743
10.627942952627487	13.769739607676657	25.665209531838755
10.714703795624006	13.797508849337826	25.88364704518644
10.799758588645364	13.819155769186855	26.104493271530206
10.882983637358517	13.834514845014628	26.327487407221497
10.96425423099563	13.843430270457052	26.552356312088857
11.043444950622531	13.84575691523517	26.77881491054802
11.120429995230037	13.841361277949465	27.006566673379904
11.195083524854239	13.830122424247104	27.23530418146036
11.26728001975254	13.811932902849184	27.464709772060147
11.336894654478142	13.786699631656713	27.69445626760882
11.403803685511074	13.754344745958512	27.9242077860439
11.467884850919948	13.714806400649529	28.15362063105205
11.529017780347685	13.668039518342342	28.382344259660215
11.587084413438928	13.614016475324462	28.61002232376205
11.641969424660237	13.552727717484794	28.836293781282606
11.693560652307243	13.484182298608875	29.060794071799286
11.741749529350155	13.408408333826866	29.283156350567026
11.78643151364187	13.325453361491261	29.503012774052824
11.827506514904552	13.235384607362016	29.71999582928361
11.864879315822689	13.138289145682629	29.93373969856521
11.898459984506678	13.034273952535015	30.14388165045718
11.928164275551234	12.923465847758939	30.350063447295312
11.95391401690108	12.806011322700735	30.55193275906271
11.975637479751828	12.682076252107676	30.749144573023827
11.99326972875945	12.551845489593049	30.941362588272717
12.00675294990654	12.41552234724957	31.128260584208626
12.016036753478707	12.273327961166842	31.30952375195141
12.021078449738873	12.125500545797944	31.484849977843954
12.021843295050958	11.972294541298051	31.653951068468615
12.018304706395288	11.813979659110474	31.816553907020765
12.010444442434974	11.650839832180576	31.97240153143751
11.998252749532742	11.483172077220237	32.12125412536315
11.981728471379087	11.311285277403936	32.26288991384127
11.960879121171628	11.135498894740909	32.39710595653936
11.935720915579207	10.956141622117338	32.52371883232743
11.90627877002876	10.773549985629288	32.64256521012871
11.872586255164274	10.588066908316993	32.75350230212373
11.834685514641821	10.400040246761709	32.85640819659763
11.792627144737903	10.209821312207508	32.95118206895865
11.74647003655634	10.017763387921372	33.037744270702504
11.69628118191848	9.824220254410774	33.116036297331185
11.642135444307694	9.62954473387507	33.18602063744064
11.584115296508633	9.4340872648841	33.2476805063491
11.522310526832324	9.238194517767486	33.301019468728214
11.456817916045312	9.042208060563333	33.34606095571121
11.387740887323595	8.846463084636147	33.382847682867876
11.315189131727458	8.651287198240407	33.411440976247654
11.239278211839263	8.456999295394578	33.43192001438762
11.160129146323104	8.263908506458968	33.44438099475691
11.077867978251351	8.07231323579526	33.44893623355735
10.992625330097775	7.882500290840285	33.44571320812162
10.904535948322435	7.694744105874684	33.43485355134387
10.813738240468648	7.509306062718184	33.416512007648045
10.72037380765921	7.3264339095563695	33.390855359949846
10.624586975319513	7.14636127811241	33.35806133690729
10.526524324869845	6.969307298432496	33.318317509488914
10.42633422902185	6.795476309668833	33.27182018552988
10.324166393186054	6.625057664427115	33.218773310503394
10.220171405351023	6.4582256235031466	33.15938738222019
10.114500296633711	6.295139337174184	33.09387838659518
10.00730411452682	6.1359429086354975	33.02246676099842
9.898733510684924	5.9807655346854	32.945376391050495
9.788938344900966	5.829721718363632	32.86283364604228
9.678067306729126	5.682911547936202	32.77506645746589
9.566267556012603	5.540421036392413	32.68230344444916
9.453684383378292	5.4023225154751655	32.584773089200034
9.340460891565533	5.268675078196281	32.48270296489731
9.226737698265737	5.1395250637912415	32.37631901781926
9.112652660966688	5.014906579136463	32.2658449048888
8.998340624118027	4.894842050777782	32.15150138723581
8.883933188767946	4.779342801898085	32.03350577984243
8.76955850466467	4.6684096487763425	31.912071456846647
8.655341084668912	4.562033511549931	31.787407411633925
8.541401641190115	4.460196034385927	31.6597178704519
8.42785694423691	4.362870210483558	31.529201957936127
8.314819700561689	4.270021007664432	31.39605341263558
8.202398453282358	4.181605990654611	31.260460350376402
8.09069750127826	4.097575936515576	31.122605073096256
7.979816837584394	4.01787544003652	30.982663920620496
7.869852105947155	3.942443506253363	30.84080716273154
7.7608945746537	3.871214127604799	30.697198928800077
7.653031126707851	3.8041168435717414	30.55199717219994
7.5463442653967725	3.7410772809697685	30.405353666715076
7.4409121342722795	3.6820176733716035	30.257414032160145
7.336808550559695	3.6268573584273582	30.108317786476388
7.23410305100424	3.5755132521227786	29.95819842162609
7.132860949169129	3.5279002992685475	29.807183500689742
7.033143403210803	3.4839318997471245	29.65539477366728
6.935007493172949	3.4435203102560323	29.502948309593844
6.838506306862837	3.4065770214794053	29.349954642700787
6.7436890334002095	3.3730131107925065	29.196518930481083
6.650601063558398	3.3427395707572973	29.04274112165098
6.559284096050863	3.315667613801956	28.88871613213698
6.46977624895186	3.2917089535942243	28.734534027355394
6.382112175477662	3.2707760637184324	28.580280209189826
6.296323183394105	3.252782414350392	28.426035606209073
6.212437357356265	3.2376426876935365	28.27187686580134
6.130479683526888	3.2252729729954877	28.11787654703088
6.0504721758615805	3.2155909420073217	27.96410331314902
5.972434003489337	3.2085160057795394	27.810622122811033
5.896381618657813	3.203969453710039	27.657494419164834
5.8223288847526975	3.201874575771545	27.504778316085552
5.750287203939352	3.202156768849681	27.35252878093083
5.680265644013082	3.2047436281196076	27.200797813286854
5.612271064081099	3.2095650243792386	27.049634619262743
5.54630823873451	3.216553168241913	26.89908578097182
5.482379980402764	3.225642662071425	26.749195420912976
5.420487259615381	3.236770540518567	26.600005361033194
5.3606293229264415	3.2498763004911853	26.451555276313496
5.302803808286701	3.264901921360103	26.303882842776428
5.24700685767563	3.2817918761714253	26.157023879862848
5.193233226831514	3.3004931346025224	26.01101248716942
5.141476391942179	3.3209551583643817	25.865881175578064
5.091728653181317	3.3431298897179724	25.721660992841777
5.043981234996504	3.3669717337366194	25.578381643721414
4.9982243830745645	3.392437534910795	25.43607160479314
4.954447457927698	3.41948654865628	25.294758234067547
4.912639025060428	3.448080408251609	25.154467875579513
4.8727869416924365	3.4781830876962485	25.015225959122223
4.834878440026155	3.5097608609472735	24.87705709531067
4.79890020706042	3.5427822579593844	24.73998516616891
4.764838460962517	3.577218017921481	24.60403341144112
4.732679024021238	3.613041040051918	24.469224510831786
4.702407392212497	3.650226332284943	24.335580662382807
4.674008801416662	3.688750958152386	24.20312365719497
4.647468290333928	3.7285939821371685	24.07187495070149
4.622770760149974	3.7697364137488703	23.94185573069911
4.599901031009113	3.81216115054689	23.813086982338362
4.57884389535662	3.8558529203125214	23.685589550271242
4.55958416821539	3.9007982225486915	23.5593841981493
4.542106734464805	3.946985269464563	23.43449166565903
4.5263965931920165	3.994403926581655	23.31093272327564
4.5124388991873134	4.043045653078655	23.188728224909273
4.5002190016562835	4.0929034419736805	23.06789915861079
4.489722480221846	4.143971760225669	22.948466695495586
4.480935178289532	4.196246488819019	22.8304522370391
4.473843233848526	4.2497248628814255	22.713877460885776
4.468433107780443	4.3044054118689985	22.598764365308174
4.464691609746493	4.360287899839194	22.48513531244356
4.462605921722098	4.417373265818881	22.37301307042713
4.46216361924622	4.4756635642622955	22.262420854532856
4.463352690450449	4.535161905581844	22.153382367424616
4.466161552930485	4.595872396723471	22.045921838611882
4.470579068520077	4.657800081747982	21.940064063195617
4.4765945560245415	4.720950882369307	21.835834439982158
4.484197801967996	4.785331538391433	21.733259009034064
4.493379069405172	4.850949547976726	21.632364488718576
4.504129104845391	4.917813107669732	21.53317831230584
4.5164391433326765	4.985931052092488	21.435728664160628
4.530300911722464	5.055312793219825	21.340044515562397
4.545706630191517	5.125968259135625	21.246155660180047
4.562649012013952	5.197907832164306	21.15409274921888
4.581121261632309	5.2711422862652375	21.06388732624794
4.601117071048648	5.345682723571544	20.9755718617072
4.6226306145565825	5.421540509949032	20.889179787084114
4.64565654183124	5.4987272094455815	20.804745528739762
4.6701899693898365	5.577254517496042	20.722304541354656
4.69622647043161	5.657134192743203	20.64189334095402
4.723762063061551	5.738377987330821	20.563549537461697
4.752793196898424	5.820997575520919	20.487311866720802
4.783316738063278	5.905004480483908	20.413220221907686
4.815329952540655	5.990409999107063	20.341315684253864
4.848830487900535	6.077225124664176	20.271640552978027
4.883816353365191	6.165460467187307	20.2042383743172
4.920285898200947	6.255126171379641	20.13915396953268
4.958237788411125	6.346231831907921	20.076433461751897
4.997670981702921	6.438786405913311	20.016124301492013
5.038584700696178	6.532798122577315	19.958275290697465
5.080978404340039	6.628274389584693	19.902936605104458
5.124851757498939	6.725221696324639	19.85015981473062
5.170204598666389	6.823645513675579	19.799997902269496
5.217036905762194	6.923550190223396	19.75250527915106
5.265348759965665	7.024938844768253	19.707737799010236
5.315140307534877	7.127813254981858	19.665752768285426
5.36641171955974	7.232173742085596	19.6266089536481
5.419163149594682	7.338019051429571	19.590366585943162
5.473394689114965	7.445346228864146	19.55708736029752
5.529106320739614	7.55415049280926	19.52683443203135
5.5862978691627925	7.664425101941833	19.499672407983223
5.644968949735534	7.776161218439852	19.475667332836096
5.7051189146395735	7.889347766741346	19.45488667000685
5.766746796595873	8.003971287799137	19.437399276637308
5.829851250051863	8.12001578883788	19.423275372199583
5.894430489793762	8.237462588648485	19.412586500203723
5.960482226932645	8.356290158485788	19.405405482470762
6.028003602217294	8.47647395867129	19.401806365409737
6.096991116630906	8.597986271040401	19.40186435771331
6.167440559234766	8.72079602741651	19.40565575886368
6.239346932228458	8.844868634340294	19.413257877818424
6.31270437320389	8.97016579433278	19.424748941225715
6.387506074579672	9.096645324026017	19.440207990499662
6.463744200212689	9.224260969554086	19.45971476707063
6.541409799195368	9.352962219661213	19.483349585111807
6.620492716860483	9.48269411705226	19.511193191033346
6.700981503030049	9.613397068584366	19.54332660902908
6.782863317561887	9.74500665497731	19.579830971959343
6.866123833264997	9.877453440802485	19.620787336856516
6.950747136275798	10.010662785599248	19.666276484349513
7.03671562400786	10.144554657058011	19.716378701318316
7.124009900815105	10.279043447311192	19.77117354611479
7.212608671530216	10.414037793467854	19.830739595714892
7.3024886330716745	10.549440403638021	19.895154174209676
7.393624364341753	10.685147889798703	19.964493062091975
7.485988214670557	10.821050608964752	20.038830185857165
7.579550191096304	10.957032514241288	20.118237287509334
7.674277844808614	11.092971017447706	20.20278357364992
7.770136157120711	11.228736865117758	20.29253534392504
7.86708742537785	11.364194029793302	20.387555598721953
7.965091149251832	11.499199618639434	20.487903626133733
8.06410391791665	11.633603801515676	20.593634568356702
8.164079298646689	11.767249760738736	20.704798967846994
8.264967727426768	11.899973664865723	20.821442293741967
8.366716402212301	12.03160466891058	20.9436044492489
8.469269179527606	12.161964943478322	21.07131926091823
8.572566475140356	12.290869735359193	21.204613950950932
8.676545169601187	12.418127462166447	21.343508593940964
8.781138519485593	12.543539843620977	21.488015559719177
8.886276075225505	12.666902072086536	21.63813894425088
8.991883606463508	12.788003024931166	21.79387399083637
9.097883035907318	12.906625521235089	21.955206504175905
9.20419238270387	13.022546625279313	22.122112260184895
9.31072571638916	13.135537999126843	22.294556414776725
9.417393122502084	13.245366306449315	22.472492915168267
9.524100680977885	13.35179366955303	22.65586391760502
9.630750458455736	13.454578181315394	22.84459921574022
9.73724051564696	13.553474473455193	23.03861568423476
9.843464930913882	13.6482343422263	23.237816742466645
9.949313841202176	13.738607432240997	23.442091843542244
10.05467350145134	13.824341978697142	23.65131599408192
10.15942636357843	13.905185607802375	23.865349310504584
10.263451176085773	13.980886194658137	24.0840366177473
10.366623105289527	14.051192777291908	24.30720709653319
10.468813879089785	14.115856524902375	24.534673985411736
10.569891954117915	14.174631757722834	24.76623434386094
10.66972270699255	14.227277015210932	25.001668882734563
10.76816865029473	14.27355616854578	25.24074186825777
10.865089673735117	14.313239572664505	25.483201105615294
10.960343310831703	14.346105252307323	25.728778007930895
11.05378503124505	14.371940115773057	25.977187756099767
11.145268558730674	14.390541189326663	26.228129554503305
11.234646214464632	14.401716864458436	26.48128698710259
11.321769285281086	14.40528814948468	26.736328477775157
11.406488416130223	14.401089916315017	26.992907858027046
11.488654025823289	14.388972132606433	27.250665044380074
11.568116744880983	14.36880106899369	27.509226826808828
11.644727874044419	14.340460470644054	27.7682077685866
11.718339861747376	14.303852682046157	28.027211216805846
11.788806798587114	14.258899713721648	28.28583042167278
11.855984926573035	14.205544239457216	28.543649761456173
11.919733160680558	14.143750512704534	28.800246068706596
11.979913619996248	14.07350519099671	29.055190052075346
12.036392165513126	13.994818057588866	29.308047806768744
12.089038941426569	13.90772263005284	29.558382405395825
12.137728916594693	13.812276646243678	29.805755559725092
12.182342422667361	13.708562418907194	30.049729342684063
12.222765685257524	13.596687051210175	30.289867958833014
12.258891344432639	13.476782506638004	30.52573955055022
12.290618960743403	13.349005528010427	30.756918026293643
12.317855502986873	13.213537401796609	30.982984896583208
12.34051581392145	13.070583565450583	31.203531102789984
12.358523050215059	12.92037305711486	31.418158823444273
12.371809093015306	12.763157808731005	31.626483242594805
12.380314925682173	12.599211785322268	31.828134264780335
12.383990975418525	12.428829974953569	32.02275816141038
12.3827974157713	12.252327235589943	32.2100191338086
12.376704427253221	12.070037006746102	32.38960077883529
12.365692413649485	11.882309895410817	32.56120744387773
12.349752171921944	11.689512147216709	32.724565459061985
12.328885014000967	11.492024015177131	32.87942423578737
12.303102839157324	11.290238039508647	33.02555722209037
12.272428156068038	11.084557253072626	33.162762706891705
12.236894054125425	10.875393327789988	33.29086446683819
12.196544123981214	10.66316467798893	33.40971225119685
12.151432327762292	10.44829453703423	33.51918210205774
12.101622819834047	10.231209023744455	33.619176508928305
12.047189719416064	10.012335215036574	33.709624398621855
11.9882168367672	9.792099240945834	33.79048096312551
11.92479735504683	9.570924417662342	33.86172732985084
11.85703347032115	9.349229433514168	33.9233700802953
11.785035992514159	9.127426601932415	33.97544062464745
11.708923910396749	8.905920194367452	34.01799444123531
11.628823923962457	8.685104864917449	34.05111019092296
11.544869947751549	8.46536417710126	34.07488871759269
11.45720258885424	8.24706924178337	34.08945194669688
11.365968603448337	8.030577473766595	34.09494169451924
11.27132033580673	7.816231473037993	34.09151840124491
11.173415143744501	7.604358035104846	34.07935980120603
11.072414814467583	7.395267293324478	34.05865954374692
10.968484974735416	7.1892519946326	34.02962577805051
10.861794499160592	6.986586908631739	33.992479714995476
10.752514920344161	6.787528368637768	33.94745417868608
10.640819844387627	6.592313942011854	33.894792159729576
10.526884375135262	6.401162225940844	33.83474538164688
10.410884550288694	6.214272763786089	33.76757289100957
10.292996792302448	6.031826076203349	33.693539681019494
10.173397376719416	5.853983800452647	33.61291535730638
10.052261920341653	5.6808889306653665	33.525972853731076
9.92976489135998	5.51266615132007	33.432987204967894
9.80607914328993	5.34942225579481	33.334234381615616
9.681375474283271	5.1912466416055905	33.229990192569176
9.555822213108298	5.03821187380205	33.12052925838642
9.42958483282204	4.890374307966398	33.00612405842192
9.302825592895346	4.747774764338091	32.88704405358187
9.175703210299758	4.610439244755632	32.76355488568992
9.048372559826678	4.478379684357777	32.635917653652676
8.92098440368397	4.351594730306839	32.50438826587853
8.79368515020721	4.230070540177588	32.36921686774117
8.666616641330492	4.113781593083614	32.230647342290084
8.539915968287394	4.00269150707886	32.08891688189588
8.413715314856368	3.89675385686593	31.94425562807853
8.288141827326951	3.7959129863546766	31.796886376399797
8.163317510242365	3.700104811135441	31.64702434300334
8.039359146871991	3.609257606454461	31.49487698915651
7.916378243282024	3.5232927767967235	31.34064389998027
7.794480994802653	3.442125603686899	31.184516713443415
7.673768273637721	3.365665968809484	31.02667909564166
7.554335636323591	3.2938190500175404	30.8673067583737
7.436273349718373	3.226485988243773	30.706567515059685
7.31966643419113	3.163564523745709	30.54462137112089
7.204594722678319	3.1049496005047756	30.38162064504153
7.091132934284498	3.050533937957705	30.217710116465756
6.979350761122765	3.000208569566397	30.053027197836577
6.869312967116154	2.9538633480284253	29.88770212625405
6.761079497514922	2.911387417196448	29.721858172415832
6.654705597924208	2.8726696510104617	29.555611863698545
6.550241941680451	2.837599059953379	29.38907321863946
6.44773476446383	2.806065165719397	29.222345990283557
6.347226005085172	2.777958344937134	29.055527916065852
6.248753451440284	2.753170142917411	28.88871097210332
6.152350890680243	2.731593558500466	28.72198162997026
6.058048262703059	2.7131233011609814	28.55542111422534
5.965871816129436	2.6976560215937333	28.389105659145873
5.875844265982845	2.6850905170492796	28.223106763304457
5.787984952350422	2.6753279127199736	28.05749144079249
5.702309999357605	2.6682718204933793	27.892322468056587
5.618832473843778	2.66382847639447	27.727658625463878
5.537562543179165	2.661906858031287	27.56355493285208
5.45850763171479	2.6624187833427726	27.40006287845038
5.381672575406499	2.665278991923281	27.237230640675996
5.30705977420122	2.670405210167445	27.07510330242024
5.234669341818966	2.6777182014424197	26.91372305753749
5.1644992526062765	2.6871418024534988	26.753129409338655
5.096545485177588	2.6986029469242525	26.593359360971885
5.0308021625989205	2.71203167766493	26.43444759764415
4.967261688903611	2.7273611480533098	26.276426660699855
4.905914881763287	2.7445276139014214	26.119327113628138
4.846751101168173	2.763470416629979	25.963177700118273
4.789758373999362	2.7841319586206805	25.80800549432336
4.734923514402285	2.8064576715649308	25.653836043527622
4.682232239894681	2.830395978576703	25.500693503441106
4.631669283164899	2.855898250787148	25.34860076637003
4.583218499536417	2.882918759089794	25.197579582529528
4.536862970092945	2.9114146216576646	25.047650674780524
4.4925851004751305	2.941345747807712	24.898833847083523
4.450366715374725	2.972674778743678	24.751148086969426
4.410189148765331	3.0053670256660916	24.60461166233177
4.372033329920861	3.0393904056971977	24.459242212847393
4.3358798652829265	3.074715376030036	24.315056836330946
4.301709116247556	3.111314866673792	24.172072170326643
4.269501272949731	3.1491642121321983	24.03030446923746
4.239236424130283	3.1882410823189833	23.88976967728405
4.210894623175831	3.2285254129824446	23.750483497580802
4.184455950426765	3.269999335881682	23.61246145760755
4.159900571851966	3.312647108929072	23.47571897134683
4.137208794191863	3.3564550464870235	23.340271398347465
4.116361116673385	3.4014114499824006	23.20613409996521
4.0973382794017175	3.447506538978609	23.073322493020935
4.080121308534449	3.494732382823541	22.941852101106544
4.064691558343742	3.54308283297097	22.811738603758204
4.051030750271675	3.592553456053941	22.68299788370546
4.0391210090829155	3.643141467770414	22.555646072394776
4.028944896217503	3.694845667624767	22.42969959397504
4.020485440444586	3.7476663745527934	22.30517520792229
4.0137261659158145	3.801605363443019	22.18209005047063
4.008651117714491	3.8566658025532092	22.06046167500637
4.005244884993756	3.9128521918079366	21.940308091572177
4.003492621793953	3.97017030195065	21.821647805618912
4.003380065625954	4.028627114512207	21.70449985613297
4.004893553903624	4.0882307625468455	21.588883853258086
4.008020038304867	4.148990472076381	21.47482001552125
4.012747097136711	4.210916504173521	21.362329206763945
4.019062945775819	4.27402009760599	21.251432972871307
4.026956445251524	4.338313411954348	21.142153578383162
4.036417109034221	4.4038094711081195	21.03451404306291
4.047435108087386	4.470522107036564	20.928538178492072
4.060001274237029	4.5384659037230595	20.824250624750054
4.074107101907656	4.607656141144419	20.721676887230934
4.089744748269207	4.678108739169448	20.62084337364111
4.106907031834587	4.749840201244227	20.52177743121338
4.125587429542608	4.822867557724762	20.424507384165356
4.145780072356349	4.897208308711631	20.329062571421307
4.167479739401836	4.972880366234036	20.235473384609424
4.1906818506672305	5.049901995625639	20.14377130633653
4.215382458277609	5.128291755927995	20.05398894873438
4.241578236355385	5.208068439151622	19.96616009226247
4.269266469471455	5.289251008219076	19.880319724742993
4.298445039687098	5.371858533409135	19.796504080593394
4.329112412181615	5.455910127115635	19.714750680212084
4.361267619455552	5.541424876729335	19.63509836946205
4.394910244094482	5.628421775446524	19.557587359185515
4.430040400073035	5.716919650802962	19.48225926467126
4.466658712574036	5.806937090727598	19.409157144983244
4.504766296292429	5.898492366906301	19.33832554204589
4.544364732188807	5.991603355241873	19.26981051936741
4.585456042652305	6.086287453193418	19.20365970026727
4.628042665027862	6.182561493775268	19.139922305458004
4.672127423457759	6.280441655992864	19.07864918981495
4.717713498982938	6.379943371491882	19.019892878149154
4.7648043978446175	6.48108122719533	18.963707599779976
4.81340391792228	6.583868863703208	18.91014932168382
4.863516113239702	6.688318869230249	18.859275779973846
4.915145256466465	6.794442668858914	18.81114650944326
4.968295799338128	6.902250408887639	18.765822870880957
5.022972330914584	7.011750836058876	18.723368075843133
5.079179533592223	7.122951171456996	18.683847208538406
5.1369221367825295	7.235856978874085	18.647327244455916
5.196204868166444	7.3504720274507225	18.61387706533729
5.25703240243112	7.466798148410136	18.58356747006304
5.3194093073937925	7.5848350857187	18.55647118099207
5.383339987415438	7.704580340521368	18.532662845260717
5.448828624005716	7.826029009220137	18.51221903051349
5.515879113520354	7.949173615086285	18.49521821450272
5.5844950018516135	8.074003933321887	18.4817407679586
5.654679416014064	8.20050680951667	18.471868930094043
5.726434992528927	8.328665971478689	18.465686776071717
5.799763802512964	8.458461834455031	18.463280175722527
5.87466727338182	8.589871299801763	18.46473674276712
5.951146107082135	8.722867547208892	18.47014577375387
6.029200194772734	8.85741982063888	18.47959817588969
6.108828527882987	8.993493208196158	18.493186382903346
6.190029105484673	9.131048416208627	18.51100425804588
6.27279883792441	9.270041537872974	18.53314698329934
6.357133446676155	9.410423816893747	18.559710933834186
6.4430273603868145	9.552141406629248	18.590793536727805
6.530473607104538	9.69513512534982	18.626493112932494
6.61946370269761	9.83934020831294	18.666908701461995
6.70998753549202	9.984686057465659	18.712139864751368
6.8020332471793825	10.13109598969999	18.76228647413762
6.895587110072168	10.278486984708508	18.817448474408298
6.990633400812091	10.426769433617885	18.87772562637374
7.087154270668456	10.575846889715104	18.943217226437
7.185129612597855	10.725615822726214	19.014021802164667
7.284536925274216	10.875965378259473	19.090236782903848
7.385351174338622	11.026777144182388	19.171958144545854
7.487544651162486	11.177924925866135	19.25928002760826
7.5910868294656115	11.329274532400138	19.352294327895226
7.6959442201806105	11.480683576050504	19.451090259101488
7.802080225009518	11.632001287410423	19.55575388685185
7.909454989176396	11.78306834886641	19.666367633815902
8.018025253940003	11.93371674917697	19.783009755708154
8.127744209494061	12.083769662130058	19.905753788178327
8.23856134894993	12.23304135241032	20.034667964818034
8.350422324164928	12.381337111961438	20.16981460675672
8.463268804251193	12.52845323027217	20.311249484595365
8.577038337672505	12.674177002141775	20.45902115372908
8.691664218912436	12.818286776590538	20.61317026444443
8.80707536076939	12.960552050662862	20.77372884853457
8.923196173411633	13.100733611930746	20.940719584567997
9.039946451397368	13.238583733528037	21.114155044360885
9.157241269937852	13.37384642553412	21.29403692364606
9.274990891750413	13.506257746470892	21.480355260397165
9.39310068591327	13.635546178574348	21.673087644752677
9.511471060193733	13.761433070347339	21.872198424987268
9.629997408374477	13.883633149687642	22.077637914493792
9.74857007414748	14.00185511061065	22.28934160526118
9.867074333180112	14.115802276243757	22.50722939385605
9.985390394981847	14.225173340356946	22.731204826432155
10.103393426211312	14.329663189206956	22.961154369793885
10.220953597058534	14.428963804907337	23.196946716015532
10.337936152317251	14.522765250893924	23.43843212856188
10.454201508723655	14.610756739333155	23.685441838253954
10.569605380079226	14.692627779519901	23.937787497765655
10.683998931594912	14.768069405434591	24.195260703608824
10.79722896479207	14.836775479681927	24.4576325947592
10.909138134167454	14.898444070018527	24.724653537172184
11.01956519667779	14.952778893605167	24.99605290343113
11.128345294921683	14.999490822999862	25.27153895664689
11.235310274691374	15.038299446752324	25.550798847471075
11.340289037336452	15.068934676284432	25.83349873269293
11.443107927124494	15.091138389560474	26.11928402334681
11.543591153501142	15.104666100884376	26.407779769558843
11.641561247846484	15.109288645029292	26.69859118850434
11.736839553996449	15.10479386282992	26.99130434082714
11.829246751450253	15.090988274372917	27.285486959689862
11.918603409821774	15.067698725030661	27.580689435287855
12.00473057271576	15.034773988822417	27.87644595617109
12.087450368824948	14.992086312979799	28.172275807094657
12.166586647655894	14.939532887163644	28.46768482137381
12.241965636903704	14.87703722055004	28.762166983870937
12.313416618117015	14.804550409993473	29.055206178819592
12.380772616927823	14.722052282703599	29.346278074713677
12.443871103774354	14.629552397352072	29.634852136495475
12.502554700725744	14.527090888266267	29.920393753298118
12.556671889729186	14.414739138374607	30.202366468065136
12.606077717352875	14.292600267840246	30.48023429353041
12.650634490895156	14.160809426851742	30.753464097325715
12.690212460578804	14.019533882818344	31.02152803743288
12.72469048245379	13.868972894225703	31.28390602784744
12.753956656597692	13.709357365617803	31.54008821321269
12.777908935231798	13.540949280558095	31.789577430335996
12.796455695467406	13.364040911944914	32.03189163395509
12.809516271560883	13.178953811677916	32.26656626389209
12.817021441788498	12.986037584346603	32.49315653083858
12.818913865351757	12.785668452292809	32.71123959846407
12.81514846508854	12.578247622035018	32.920416640336775
12.805692752191039	12.364199464589376	33.12031475127855
12.790527089613644	12.143969524622188	33.31058869424149
12.769644891386124	11.918022375584862	33.49092246556048
12.743052755622783	11.686839339962251	33.66103066348466
12.710770529628569	11.4509160954762	33.820659647180854
12.672831306139269	11.210760189489047	33.969588475897126
12.629281350385853	10.966888484924612	34.10762962062629
12.580179958332339	10.719824561742469	34.23462944337064
12.52559924709296	10.470096098358145	34.350468441927376
12.465623879176798	10.21823225738615	34.45506126093958
12.400350722828207	9.964761099708438	34.5483564727338
12.329888451318551	9.710207050140195	34.63033613414702
12.254357084591623	9.455088436904813	34.701015128081764
12.173887477163474	9.199915125763827	34.7604403008775
12.088620756620957	8.945186268009577	34.80868940870994
11.998707717445521	8.691388179651831	34.84586988809743
11.904308175207879	8.438992367064932	34.872117467176835
11.805590286428812	8.188453712141213	34.887594635695365
11.702729839582899	7.9402088276755896	34.89248899263596
11.595909522833734	7.69467459132577	34.887011491049336
11.485318174131594	7.452246864096551	34.871394600008784
11.37115001928102	7.213299396931439	34.84589040364324
11.253603903498611	6.978182926697293	34.810768656955304
11.132882521834384	6.747224460653923	34.76631481761516
11.009191653629497	6.52072674644444	34.71282807216212
10.882739405932995	6.298967922747008	34.650619374072434
10.753735470508213	6.08220134401969	34.580009509994504
10.622390398730548	5.870655571259856	34.501327209143795
10.488914898319898	5.6645345194013945	34.414907309421814
10.35351915547034	5.464017750892877	34.321088992309825
10.21641218554254	5.269260904137747	34.22021409701987
10.077801215076583	5.080396244829241	34.11262552279309
9.937891097472326	4.897533327773941	33.998665726646806
9.796883764275728	4.720759756555827	33.878675322313136
9.65497771360744	4.5501420283340455	33.75299178460412
9.512367536879921	4.385726451177236	33.62194826200258
9.369243484575046	4.227540121598094	33.48587249892912
9.225791071499357	4.075591950345212	33.345085867887384
9.082190721601023	3.929873725016088	33.19990251055142
8.938617452124255	3.7903611986569534	33.05062858583711
8.795240596594505	3.6570151941929487	32.89756162209885
8.652223565872744	3.5297827152681385	32.740989969812965
8.509723646289169	3.4085980548515726	32.58119235045059
8.367891833668034	3.2933838937687083	32.41843749670184
8.226872701883266	3.1840523821308615	32.25298387878488
8.086804304439504	3.0805061974468506	32.085079511251074
7.9478181074554355	2.9826395740004195	31.914961834475992
7.810038952332118	2.8903392988526666	31.742857664894334
7.673585046318745	2.8034856705740347	31.568983207988207
7.538567979140748	2.7219534175187623	31.393544128064303
7.4050927638264215	2.645612573119893	31.216735668944814
7.273257899859201	2.5743293063024257	31.038742819843396
7.143155456789192	2.5079667056825	30.859740520889925
7.014871176459899	2.4463855167410236	30.67989390300032
6.888484592040875	2.3894448316298083	30.49935855705091
6.76406916210278	2.3370027316873148	30.318280827603125
6.641692418027257	2.288916883111407	30.136798126728845
6.521416123108039	2.2450450865591023	29.955039263802572
6.4032964417689895	2.2052457817201527	29.773124787446463
6.287384117400929	2.16937850814585	29.59116733613782
6.173724657398051	2.1373043238085536	29.40927199430784
6.0623585240560365	2.108886183024244	29.22753665107257
5.953321330077439	2.0839892754934866	29.046052359040686
5.846644037514521	2.0624813283082366	28.86490369093559
5.742353159062687	2.044232872835769	28.684169092045977
5.640470960701232	2.0291174784303467	28.50392122678333
5.54101566475948	2.01701195494042	28.32422731787186
5.444001652565571	2.007796525977076	28.145149476926395
5.349439665912261	2.0013549748909307	27.96674502538762
5.257337006648333	1.9975747653719036	27.789066804980475
5.167697733775046	1.9963471385417062	27.612163477040692
5.080522857495065	1.9975671883544426	27.4360798102179
4.995810529725073	2.001133917058391	27.260856956209427
4.913556230644411	2.006950272403469	27.086532713311318
4.833752950909161	2.014923168205648	26.91314177768957
4.756391369214176	2.0249634898029383	26.740715982376745
4.681460024935534	2.036986085858843	26.569284524088907
4.6089454856323595	2.050909747889238	26.39887417803581
4.5388325092296276	2.0666571788084775	26.229509500963104
4.471104200743066	2.0841549517108473	26.06121302272136
4.405742163443121	2.1033334600250653	25.894005426702247
4.342726644388478	2.1241268601025647	25.72790571952091
4.282036674289576	2.1464730072255356	25.562931390353423
4.223650201689449	2.1703133859484387	25.39909856036015
4.1675442214739435	2.1955930356170468	25.236422122642935
4.113694897745495	2.2222604718421772	25.074915873195724
4.062077681113808	2.250267604641744	24.91459263331325
4.012667420474435	2.279569653903938	24.75546436392518
3.9654384693613505	2.310125062766886	24.59754227232132
3.920364786972776	2.3418954094558146	24.44083691172802
3.8774200339810774	2.374845318067464	24.285358274188884
3.8365776632472417	2.408942368743295	24.131115877192773
3.7978110055686836	2.44415700762783	23.978118844480623
3.761093350595959	2.4804624569660514	23.82637598144967
3.72639802305917	2.5178346256545203	23.67589584555839
3.693698454449476	2.5562520205236456	23.526686812121714
3.662968250304097	2.5956956585944075	23.37875713586955
3.6341812532452735	2.6361489805209746	23.232115008625208
3.6073116019251477	2.677597765400915	23.08676861344461
3.582333786028771	2.720030047107345	22.94272617554022
3.5592226974872534	2.7634360322719487	22.799996010297356
3.5379536780520926	2.8078080200241966	22.65858656867482
3.5185025633801525	2.8531403235705213	22.518506480265255
3.500845723776687	2.8994291936770002	22.379764594275837
3.4849601017412626	2.946672744100625	22.242370018674716
3.4708232464584166	2.994870878997115	22.106332157734123
3.458413345371563	3.0440252223175257	21.97166074818707
3.447709252974993	3.0941390491912117	21.838365894201498
3.4386905169548574	3.145217219279238	21.706458101362955
3.4313374018057496	3.1972661120701913	21.575948309843984
3.4256309100452453	3.250293564078125	21.446847926928676
3.4215528011439464	3.3043088078925864	21.319168859047515
3.419085608283983	3.3593224130200334	21.192923543469114
3.4182126530539505	3.4153462284469693	21.068124979784955
3.41891805818328	3.4723933268466505	20.94478676131354
3.4211867584139455	3.530477950342756	20.822923106542483
3.42500450960224	3.589615457736036	20.702548890718102
3.430357896138087	3.649822273092735	20.583679677684337
3.4372343367641363	3.7111158355865506	20.466331752065678
3.445622088871486	3.773514550479509	20.35052215188131
3.455510251343609	3.8370377411208194	20.23626870167114
3.4668887660145846	3.9017056018364653	20.123590046207987
3.479748417802453	3.9675391515766587	20.01250568486381
3.494080833572982	4.034560188182049	19.903036006692243
3.50987847978385	4.102791243124383	19.795202326283086
3.5271346589536736	4.172255536570944	19.68902692043967
3.5458435049950126	4.242976932617	19.584533065723534
3.565999977444935	4.314979894524335	19.481745076905625
3.58759985462135	4.388289439798498	19.380688346357296
3.6106397257277925	4.4629310949312915	19.28138938440879
3.6351169819239364	4.53893084962937	19.183875860696713
3.661029806373589	4.616315110343625	19.088176646516008
3.688377163276392	4.695110652907782	18.99432185818569
3.7171587858839947	4.775344574088628	18.90234290143042
3.747375163495892	4.857044241843632	18.812272516773344
3.7790275274244998	4.94023724407512	18.72414482592791
3.8121178359135657	5.024951335663688	18.637995379168096
3.8466487579881887	5.111214383556269	18.553861203648367
3.882623656209263	5.199054309677681	18.47178085263477
3.9200465682992713	5.288499031427009	18.391794455599076
3.9589221876006997	5.379576399513114	18.313943769116896
3.9992558423226168	5.4723141328765	18.23827222849866
4.041053473524861	5.566739750436675	18.164825000070664
4.084321611783749	5.662880499397772	18.09364903400867
4.129067352477141	5.760763279837394	18.024793117612237
4.175298329620644	5.860414565296411	17.958307928892147
4.223022688180993	5.961860319080789	17.8942460903256
4.272249054786437	6.06512590597955	17.832662222615372
4.32298650674805	6.170235999096698	17.773612998268987
4.375244539299834	6.277214481489078	17.717157194791945
4.429033030959487	6.386084342296723	17.663355747265953
4.484362206905656	6.496867567047572	17.61227180005766
4.541242600261725	6.609585021814979	17.56397075737636
4.599685011170119	6.724256330903233	17.518520332370215
4.659700463535498	6.840899747735141	17.47599059441944
4.721300159309552	6.959532018615481	17.436454014251687
4.784495430184625	7.080168239045641	17.399985506469605
4.849297686558289	7.202821702268402	17.366662469042723
4.915718363625781	7.327503739726984	17.336564819276234
4.983768864452845	7.454223553131039	17.309775025726637
5.053460499877205	7.582988037833022	17.28637813548968
5.1248044250829885	7.7138015972322895	17.26646179623906
5.197811572689249	7.846665947941826	17.250116272344975
5.272492582191098	7.981579915474228	17.237434454349852
5.348857725590198	8.118539220229568	17.22851186102476
5.426916829050136	8.257536253598472	17.22344663317395
5.5066791904119565	8.398559844029512	17.22233951829725
5.588153492406437	8.54159501295288	17.225293845160092
5.671347711401751	8.686622720500571	17.232415487260052
5.756269021528645	8.833619601018826	17.24381281411664
5.842923694030176	8.982557688431498	17.259596629247902
5.9313169916903155	9.133404131585431	17.279880093634496
6.021453058204264	9.286120899788987	17.304778633408983
6.113334802363391	9.440664478843726	17.33440983044615
6.206963776942664	9.596985557972431	17.36889329447046
6.302340052192064	9.755028708154322	17.408350515239075
6.399462083852898	9.914732052502325	17.452904693305065
6.498326575641655	10.076026929452247	17.502680547816883
6.5989283361683375	10.238837549679788	17.557804099767004
6.7012601302845685	10.403080647821465	17.618402429067334
6.805312524889034	10.568665130249059	17.684603403802733
6.9110737292537845	10.735491720333789	17.7565353799984
7.018529429975635	10.903452602837216	17.834326870234165
7.127662620701837	11.072431069279993	17.918106179450525
7.238453426829043	11.242301166367039	18.008001006320168
7.350878925429985	11.412927349788966	18.1041380086071
7.464912960721832	11.584164145971211	18.206642331005128
7.580525955456517	11.755855824607307	18.31563709404227
7.697684718684659	11.927836085086405	18.431242842759612
7.8163522504206515	12.099927760205544	18.55357695402383
7.936487543820893	12.27194254084709	18.682753001518904
8.05804538557382	12.443680725590234	18.81888007768156
8.18097615529509	12.61493099951717	18.96206207210449
8.305225624820643	12.785470246761959	19.112396906232295
8.430734758394422	12.955063401628445	19.26997572451876
8.557439514856535	13.123463343370076	19.43488204260479
8.685270653050772	13.290410839972195	19.6071908535149
8.814153541786418	13.455634546500084	19.786967693357674
8.944007975809022	13.61885106376892	19.97426766855539
9.074747999354084	13.779765063243286	20.16913444721559
9.206281738978902	13.938069484181042	20.371599217897586
9.3385112474873	14.093445809087083	20.581679619714457
9.471332360878177	14.24556442352861	20.79937864844405
9.604634570361332	14.394085066276956	21.02468354409815
9.73830091158962	14.538657375570983	21.257564666211202
9.872207873352071	14.678921537033156	21.497974363949524
10.006225328060024	14.81450903840688	21.74584584900841
10.140216486427263	14.945043535805171	22.001092080133862
10.274037878801808	15.07014183556779	22.26360466898178
10.407539365641316	15.189414995101375	22.53325281788401
10.540564179636775	15.302469545223024	22.80988230091838
10.67294900197566	15.40890883553628	23.093314500458817
10.804524075194678	15.508334503238554	23.38334551209562
10.93511335499712	15.600348064488095	23.679745331438266
11.064534703301906	15.684552626052824	23.98225713682892
11.192600124645503	15.760554713426819	24.29059668237757
11.319116047871479	15.827966209942389	24.604451815955162
11.44388365481485	15.886406399640947	24.92348213682888
11.566699257416817	15.93550410481096	25.247318807468325
11.687354724389705	15.9748999071781	25.575564533673425
11.805637958191312	16.00424843976721	25.907793726553148
11.921333422662734	16.023220734478016	26.243552859001884
12.034222721236173	16.031506608461104	26.58236102816604
12.14408522513054	16.028817070485122	26.923710733954955
12.250698750426784	16.01488672669209	27.267068881925713
12.35384028235636	15.989476163488453	27.611878016863326
12.453286744550512	15.952374283860564	27.957557791094214
12.548815810390636	15.90340057218075	28.303506669025005
12.640206752980403	15.842407261629656	28.649103866618656
12.727241329636763	15.769281377745445	28.993711521536458
12.809704696176757	15.683946631362357	29.33667708651873
12.887386345675223	15.586365134354546	29.677335935311024
12.960081065791462	15.476538912187001	30.015014167105083
13.027589908224511	15.354511188316252	30.34903159212272
13.08972116336874	15.220367416991252	30.678704877692226
13.146291332814346	15.074236042984326	31.003350831016927
13.19712609198247	14.916288969226036	31.322289791884
13.242061234913917	14.746741716203577	31.634849105889813
13.280943593050884	14.565853260283664	31.940366646421097
13.313631919773309	14.373925541789283	32.23819435171029
13.339997732480297	14.171302637644661	32.52770174182646
13.359926104148633	13.95836959763442	32.808279379532095
13.373316396556465	13.735550947729417	33.07934223856568
13.380082927731738	13.503308868428377	33.34033294313423
13.380155566669874	13.262141060565481	33.590724843231676
13.3734802489595	13.012578315440168	33.83002489184994
13.36001940765131	12.755181810355515	34.05777629219135
13.339752314495044	12.4905401546031	34.273560885612284
13.312675327541402	12.219266214526412	34.477001254174006
13.278802042046177	11.941993749449	34.66776251529757
13.23816334260874	11.659373892901895	34.845553790040704
13.19080735550876	11.372071515661407	35.01012933086459
13.136799301257852	11.080761508581144	35.1612892993375
13.076221248437907	10.786125024030783	35.298880188946335
13.009171770938256	10.48884571493438	35.42279489295148
12.935765511710843	10.189606009926273	35.53297242193356
12.856132657121133	9.88908346204268	35.62939728024036
12.77041832686536	9.58794720666488	35.71209851486515
12.678781885239474	9.286854562181711	35.78114845428593
12.58139618026806	8.986447804097365	35.83666115840082
12.4784467178246	8.687351140152593	35.87879060384301
12.370130778387416	8.390167910521798	35.90772863160583
12.25665648447577	8.095478033386714	35.923702686016824
12.138241827093333	7.8038357122486515	35.926973375652494
12.01511365967168	7.515767417313311	35.91783188777586
11.887506668056519	7.231770149248101	35.89659728831517
11.755662325018827	6.952309989651928	35.86361373930539
11.6198278376058	6.67782093875905	35.819247665115405
11.480255095383411	6.408704037294015	35.76388489772565
11.337199627270177	6.145326766052845	35.69792782985173
11.190919574231271	5.88802271375443	35.62179260288517
11.041674684605878	5.637091501022336	35.5359063545023
10.88972533828908	5.3927989460433645	35.440704548437296
10.73533160539393	5.155377455518734	35.336628406387675
10.578752344393427	4.925026622984963	35.22412245938025
10.42024434409611	4.701914015427169	35.10363223323065
10.260061513154106	4.4861761283265755	34.975602080033404
10.098454120148803	4.2779194888562415	34.84047316497062
9.935668086656	4.077221886840504	34.6986816151683
9.771944335069639	3.8841337132963933	34.55065683489873
9.607518192365525	3.698679386843742	34.39681998915299
9.442618850421086	3.520858848971542	34.23758265551449
9.277468882980662	3.3506491100476707	34.07334564237127
9.112283818869544	3.18800582901826	33.90449796982108
8.947271770618244	3.0328649109292156	33.73141600815617
8.782633117263511	2.885144107682143	33.55446276756649
8.618560239742727	2.7447446087770415	33.37398733166343
8.45523730699748	2.6115526101692863	33.19032442659942
8.292840110646615	2.4854408507502304	33.003794116927715
8.13153594587741	2.3662701073264807	32.81470161889878
7.971483536035824	2.2538906403050976	32.62333722161203
7.812832998270134	2.148143583573124	32.4299763063188
7.655725847491842	2.048862273275686	32.23487945418412
7.5002950358634175	1.9558735113389032	32.03829263294813
7.346665024999567	1.8689987606435143	31.84044745316381
7.19495188807419	1.78805526972713	31.641561485010122
7.0452634390562885	1.7128571257751941	31.44183862707308
6.8976993863513405	1.6432162354516702	31.241469518937244
6.752351508196249	1.5789432338207685	31.040631989921156
6.60930384724521	1.519848322223969	30.83949153681379
6.4686329218842555	1.4657420365037115	30.63820182400827
6.3304079519247285	1.4164359474124646	30.436905199979236
6.194691096446989	1.3717432954176885	30.235733224601013
6.061537701690609	1.3314795624139895	30.03480720234441
5.930996557017677	1.2954629830908693	29.83423871691911
5.803110157108937	1.2635149988830678	29.63413016344024
5.677914968684654	1.2354606575559486	29.434575274684374
5.555441700174339	1.2111289615572949	29.235659638462593
5.435715572888465	1.1903531683043553	29.03746120357054
5.318756592373725	1.172971045577125	28.840050772181968
5.204579818755694	1.1588250851597146	28.643492476925132
5.093195634990865	1.1477626778166417	28.447844241223752
4.984610012064042	1.1396362526144193	28.253158221797804
4.878824770275079	1.1343033835045346	28.05948123250213
4.775837835860598	1.131626865975618	27.866855148933563
4.67564349229338	1.1314747664635938	27.675317293464353
4.578232625691775	1.1337204470816145	27.484900800557924
4.483592963855921	1.1382425680992199	27.29563496239782
4.391709308525927	1.1449250704646716	27.1075455550119
4.302563760529269	1.1536571405275162	26.920655145202815
4.216135937551097	1.1643331589819825	26.734983378704754
4.132403184322765	1.1768526359168585	26.550547250078708
4.051340775078788	1.1911201337254884	26.36736135493124
3.972922108183526	1.207045179501016	26.18543812510211
3.8971188928745377	1.224542168417937	26.004788047511816
3.823901328110286	1.2435302594819178	25.825419867393034
3.7532382735470535	1.2639332649159596	25.647340776653888
3.6850974127024108	1.285679534342748	25.47055658813422
3.619445408391426	1.3087018348205812	25.295071896521467
3.5562480505474983	1.332937227693486	25.12089022669201
3.495470396561254	1.3583269431254923	24.948014170235034
3.437076904290547	1.3848162531037589	24.776445510904768
3.381031557910646	1.4123543436158976	24.60618533972955
3.3272979867873063	1.440894186632925	24.437234160485573
3.2758395775670692	1.470392412460531	24.26959198622098
3.2266195796882484	1.5008091829577899	24.103258427490353
3.1796012045232622	1.5321080660638162	23.938232772932473
3.134747718368829	1.5642559120185446	23.774514062797294
3.092022529504338	1.5972227316141618	23.612101155998836
3.0513892695412523	1.6309815767680464	23.45099279124159
3.0128118692878108	1.6655084236661755	23.29118764273959
2.9762546293533996	1.7007820586877538	23.132684371018122
2.9416822857160194	1.7367839672870597	22.975481669259533
2.909060070474713	1.773498225976583	22.819578305627527
2.878353768006138	1.8109113975268485	22.664973161976825
2.8495297667413007	1.8490124294720973	22.511665269329217
2.8225551067746903	1.8877925559873194	22.35965384047227
2.7973975235136765	1.9272452031807497	22.2089383000127
2.7740254875712544	1.9673658978267	22.05951831219363
2.752408241100157	2.0081521795460877	21.911393806763588
2.7325158307608133	2.049603516426578	21.764565003164286
2.7143191375100044	2.091721224060045	21.61903243328538
2.6977899033910506	2.134508387962763	21.4747969630156
2.682900755500361	2.1779697893323013	21.331859812803355
2.6696252272989867	2.222111834085085	21.19022257742413
2.657937777431419	2.266942485109811	21.04988724513669
2.6478138062076035	2.312471197663829	20.910856216396965
2.6392296698977424	2.3587088578324336	20.773132322286077
2.6321626929830164	2.4056677239649273	20.63671884279677
2.6265911784990172	2.4533613709955446	20.501619525112275
2.6224944166023323	2.5018046375522056	20.36783860200232
2.6198526914843483	2.551013575751894	20.23538081045121
2.6186472867501593	2.60100540357729	20.10425141062529
2.618860489374237	2.6517984597256135	19.974456205280024
2.6204755923384258	2.703412160817431	19.846001559700042
2.623476896051786	2.7558669608504207	19.718894422259083
2.6278497086458756	2.8091843127796405	19.593142345683017
2.6335803452332023	2.863386632104161	19.46875350909215
2.6406561262108093	2.918497262336759	19.345736740896523
2.649065374685316	2.9745404422313064	19.224101542613262
2.658797413090113	3.031541274640011	19.10385811367206
2.6698425590599575	3.0895256968703766	18.985017377271742
2.6821921206228025	3.1485204524094135	18.86759100734809
2.695838390763327	3.2085530638798745	18.751591456711456
2.7107746414074843	3.2696518070912233	18.63703198640949
2.7269951168721285	3.331845686044878	18.52392669636946
2.744495026818655	3.3951644087503237	18.41229055737295
2.7632705387446204	3.459638363705985	18.302139444413353
2.783318770042264	3.525298596895107	18.193490171485962
2.8046377796478588	3.592176789143211	18.086360527858783
2.827226559300971	3.660305233680035	17.98076931587077
2.8510850244276167	3.729716813744016	17.87673639030345
2.8762140046567906	3.800444980063967	17.77428269936883
2.9026152339745037	3.872523728046207	17.673430327356982
2.930291340514823	3.945987574490848	17.574202538983727
2.9592458359824967	4.020871533655123	17.476623825476988
2.9894831046967125	4.09721109247515	17.38071995243854
3.021008392240551	4.175042184750826	17.28651800951531
3.0538277936957785	4.254401164091658	17.194046461911203
3.0879482414373474	4.335324775413244	17.103335203767635
3.123377492456866	4.41785012476603	17.01441561343688
3.160124115179028	4.502014647269313	16.92732061066812
3.1981974757296348	4.587856072914124	16.842084715720965
3.237607723608237	4.675412389988581	16.758744110416004
3.2783657767129384	4.764721805869141	16.677336701125032
3.3204833056590175	4.855822704909972	16.59790218369679
3.363972717327202	4.948753603151272	16.520482110305508
3.408847137571312	5.043553099555241	16.445119958200415
3.455120393008678	5.1402598234655805	16.371861200324116
3.5028069918104445	5.238912377973566	16.30075337775578
3.55192210340213	5.339549278859839	16.231846173922275
3.6024815369779795	5.442208888766922	16.16519149050576
3.6545017187257747	5.546929346243286	16.100843524960016
3.7079996676512557	5.653748489284337	16.038858849530087
3.7629929698841518	5.762703772981157	15.979296491649565
3.819499751339925	5.873832180872018	15.922218015568294
3.8775386486034966	5.987170129576251	15.867687605038924
3.937128777893217	6.102753366274831	15.815772146864157
3.9982897019549886	6.220616858586496	15.766541315077415
4.061041394727902	6.340794676373177	15.7200676554978
4.125404203614226	6.463319864994076	15.67642667036523
4.19139880917772	6.588224309513883	15.63569690272366
4.25904618208514	6.715538589357275	15.597960020179093
4.328367537097224	6.845291822890967	15.563300897613752
4.399384283905709	6.977511501403064	15.531807698389748
4.472117974604447	7.1122233119421745	15.503571953522394
4.546590247573374	7.249450948472054	15.47868863824694
4.622822767545022	7.389215910793637	15.457256245341423
4.700837161614857	7.531537290686544	15.439376854502727
4.780654950948004	7.676431544724793	15.42515619700288
4.862297477926815	7.823912253228837	15.414703714777716
4.945785828476559	7.973989864829065	15.4081326130202
5.031140749298778	8.126671426132354	15.405559905266154
5.118382559736446	8.28196029600885	15.407106449870376
5.207531057989417	8.439855844046827	15.412896976676736
5.298605421394405	8.600353132762708	15.42306010258643
5.391624100481167	8.763442583202234	15.437728334624696
5.486604706515145	8.929109623627127	15.457038058997933
5.583563892237377	9.09733432105131	15.481129514520912
5.682517225514776	9.268090995472507	15.510146748677766
5.783479055619859	9.441347816742407	15.544237554462136
5.886462371865095	9.617066384126653	15.583553386020473
5.9914786543292315	9.79520128873539	15.6282492510009
6.098537716426424	9.975699659148566	15.67848357738783
6.2076475390867705	10.158500690723471	15.73441805248156
6.318814096339778	10.343535159257417	15.79621743156446
6.432041172119198	10.530724919884221	15.864049313682175
6.547330168139688	10.719982392312275	15.938083881861836
6.664679902733749	10.911210033765762	16.018493604992138
6.784086400582248	11.104299801271274	16.10545289850545
6.905542673322752	11.299132605238082	16.1991377409322
7.029038491078387	11.495577756614367	16.299725243346288
7.154560145016443	11.693492410263838	16.40739316869156
7.282090201121517	11.892721007598713	16.522319397977487
7.411607245451498	12.09309472192299	16.644681340360734
7.5430856212384185	12.294430910386415	16.77465528419453
7.676495158301292	12.49653257692465	16.912415686235892
7.811800895350182	12.699187851055258	17.058134396352678
7.948962795887518	12.902169487921292	17.211979815281293
8.087935458548543	13.105234395511774	17.374115983252207
8.228667822869536	13.308123195539462	17.544701597631935
8.371102871631964	13.510559825018412	17.723888958135426
8.515177331100588	13.712251186146684	17.9118228386459
8.660821370652949	13.912886852654935	18.10863928524513
8.807958303489677	14.112138841325217	18.314464340716682
8.956504290314346	14.309661457899136	18.529412696536898
9.106368048079217	14.50509122707151	18.753586274220606
9.257450566109059	14.698046916692903	18.98707273884604
9.409644832134477	14.888129666662412	19.22994394864352
9.562835570988156	15.074923233266604	19.48225434569792
9.716898998940529	15.25799435989436	19.744039294085155
9.871702596868992	15.436893285107397	20.01531337312803
10.027104905671782	15.611154398961665	20.296068634924257
10.182955347534472	15.780297058216751	20.58627283683262
10.33909407684798	15.943826570639647	20.885867661220054
10.495351864743672	16.10123535796876	21.194766936433865
10.651550021352392	16.25200430623838	21.512854874653716
10.807500360005951	16.395604311056335	21.839984343975917
10.963005207673913	16.531498024058745	22.175975193754592
11.117857465957657	16.659141805120772	22.52061265383258
11.271840726946	16.77798788297594	22.873645829811547
11.424729448159443	16.887486724677238	23.23478631787978
11.576289190671641	16.98708961182634	23.60370696390094
11.726276924289422	17.07625141870845	23.980040792416403
11.874441403389797	17.154433584413646	24.36338013187303
12.020523616650385	17.22110726772607	24.753275962708965
12.164257313464361	17.27575667005219	25.14923751486016
12.30536960929816	17.31788250798126	25.550732140736695
12.443581671630756	17.34700561327838	25.95718548872071
12.578609487404378	17.362670634265584	26.367982000708185
12.710164712122241	17.364449808722927	26.7824657551273
12.837955599853661	17.35194677472165	27.19994167419514
12.961688012454506	17.32480038227454	27.619677110901797
13.081066505292727	17.282688465452583	28.040903827347826
13.195795485695257	17.225331531771545	28.46282037162223
13.305580439216047	17.152496323300717	28.884594855424897
13.410129217683094	17.063999202190473	29.305368129166133
13.509153381834365	16.959709312251366	29.72425734539365
13.602369590215437	16.83955146793594	30.14035989518116
13.689501024911728	16.703508722651065	30.55275769568571
13.770278843645702	16.551624569825986	30.960521800557004
13.844443646811166	16.384004732620888	31.362717298409905
13.91174694716501	16.20081850160367	31.758408458293005
13.971952629177174	16.00229958414228	32.14666407516651
14.024838384473574	15.788746434626063	32.52656296299489
14.070197109417165	15.560522040876116	32.8971995383344
14.107838250674515	15.318053149149259	33.2576894333852
14.137589084627377	15.061828917855511	33.60717507454111
14.15929591671885	14.792398998359953	33.94483116060698
14.172825187280027	14.510371049851754	34.26986997417438
14.178064471065575	14.2164077040575	34.581546460205615
14.174923358632427	13.911223004345247	34.87916300772158
14.163334208814094	13.59557835231467	35.162073873604825
14.143252762860163	13.270278003075767	35.42968919189846
14.114658612305357	12.936164157898984	35.68147851751116
14.077555514280636	12.59411170956897	35.91697385984015
14.031971549750725	12.24502270143645	36.13577216934418
13.977959122025716	11.889820565687659	36.337537248376776
13.915594794814197	11.529444209633525	36.5220010664309
13.8449789710232	11.164842020769722	36.68896446915053
13.766235415431312	10.79696586195654	36.83829727980144
13.679510626225605	10.4267651272882	36.96993780115812
13.584973062167661	10.055180927121974	37.08389173472853
13.482812233803953	9.683140467378339	37.18023054270843
13.373237668633026	9.311551683719044	37.25908928584191
13.256477761459132	8.941298185689789	37.32066397730718
13.132778522281496	8.573234559547537	37.36520849870979
13.002402234970015	8.208182071440394	37.39303112915339
12.865626040656648	7.846924805075635	37.40449074209811
12.722740460219663	7.490206260180639	37.39999272727958
12.574047870456727	7.138726430126154	37.37998469634642
12.419860948538169	6.793139369223122	37.344952031112804
12.260501099115647	6.454051252597124	37.29541333247748
12.096296878046195	6.122018924333757	37.23191582621539
11.927582426098429	5.797548922912881	37.15503077911124
11.754695925254465	5.481096966909795	37.065348975395814
11.57797808933386	5.173067878626521	36.96347629929948
11.39777069966683	4.873815918779116	36.850029464890824
11.214415195458537	4.583645501641299	36.725631929360105
11.028251327340563	4.302812257142483	36.59091002067512
10.839615881422336	4.031524404323793	36.44648930520826
10.648841479956404	3.7699443992378656	36.292991215627275
10.456255463541687	3.5181908197949263	36.13102995416659
10.262178858623177	3.276340450142397	35.96120968144131
10.066925432923268	3.0444305278518335	35.78412199631011
9.870800840375937	2.8224611184013026	35.60034370799952
9.67410185613711	2.6103975830975847	35.410434897813396
9.477115701326133	2.4081731086049585	35.21493726430183
9.280119456319062	2.21569126855363	35.01437274276936
9.083379560670013	2.0328285902158245	34.809242387469006
8.88715139708323	1.859437101888457	34.60002550274966
8.691678956297054	1.6953468393436582	34.387179007784184
8.497194579270094	1.5403682924437623	34.17113701828281
8.303918772676552	1.3942947757140993	33.95231062775961
8.11206009341714	1.2569047092818335	33.731087870436674
7.921815097631903	1.12796379908824	33.50783384770682
7.733368349551705	1.0072271076340118	33.28289100018804
7.546892485443402	0.8944410087039896	33.05657950775854
7.36254832788199	0.7893450215234264	32.82919780051932
7.180485045613765	0.6916735216129087	32.60102316435521
7.000840354350791	0.6011573272299102	32.37231242562017
6.823740753955998	0.5175251617139135	32.14330270043062
6.649301797628016	0.4405049932902218	31.91421219507641
6.47762838887234	0.36982525494403695	31.68524104512937
6.308815102245541	0.3052159478608159	31.456572181921846
6.14294652407623	0.24640963265205543	31.228372216162573
5.980097609593768	0.19314231315942385	31.000792329534065
5.82033405313284	0.14515421806914885	30.773969166166086
5.663712668320084	0.10219048588451532	30.548025716885487
5.510281775390988	0.06400175901286864	30.323072190102973
5.360081593023425	0.030344692836096216	30.099206864099592
5.213144632306491	0.000982385663332092	29.876516916314824
5.0694960906915725	-0.02431526457535159	29.655079226017445
4.929154243991295	-0.0457712711351912	29.434961147452583
4.792130834701049	-0.0636013311523239	29.216221251204995
4.658431455117691	-0.07801365480577546	28.998910032103286
4.528055923916804	-0.08920884574167051	28.783070582508586
4.400998655027746	-0.09737982779710512	28.568739230294657
4.277249017809979	-0.10271181331958143	28.355946141229875
4.156791687686909	-0.10538230864695321	28.144715885822233
4.039606986535228	-0.10556115258751024	27.935067970990424
3.9256712122577877	-0.10341058401603831	27.72701733717989
3.81495695708593	-0.09908533497574028	27.520574821754273
3.707433414266292	-0.09273274594491451	27.315747589669645
3.603066672884363	-0.08449290018893277	27.112539532578175
3.501820000664932	-0.07449877437044716	26.91095163761695
3.4036541146685084	-0.06287640283248169	26.710982327219455
3.308527439873127	-0.049745053199182196	26.512627771344892
3.2163963556926696	-0.03521741115668327	26.31588217355587
3.1272154305377184	-0.019399772481579078	26.12073803239298
3.040937644572139	-0.002392240576466829	25.927186379495545
2.9575146008601445	0.015711072048751863	25.7352169959067
2.876896725133738	0.03482183974470029	25.544818607977184
2.7990334544401514	0.0548573183803555	25.355979064249173
2.7238734149543125	0.07574013978958634	25.16868549466194
2.6513645892616555	0.09739810697455563	24.982924453374032
2.581454473433059	0.11976399091454447	24.79868204644514
2.5140902242272234	0.14277532971927165	24.61594404556769
2.449218796764816	0.16637423076645474	24.434695988979218
2.386787073026155	0.19050717637276995	24.254923270629618
2.3267419815282717	0.21512483346557132	24.076611218617455
2.269030608539218	0.2401818676487846	23.899745163850255
2.2136003011875727	0.26563676198979225	23.724310499825012
2.16039876282356	0.29145164079423824	23.550292734367886
2.1093741409847153	0.3175920985822319	23.37767753411492
2.0604751083148356	0.34402703443143806	23.206450762461934
2.01365093677916	0.3707284918100065	23.036598511658628
1.968851565512171	0.3976715039844574	22.86810712967141
1.926027662627103	0.42483394505414146	22.700963242391673
1.8851306813081212	0.45219638663443273	22.535153771719862
1.8461129104976601	0.47974196018484594	22.370665950012924
1.8089275204823825	0.5074562249555954	22.20748733134152
1.7735286036717106	0.5353270415065492	22.045605799964342
1.7398712108535783	0.5633444507352348	21.885009576391873
1.707911383202124	0.591500558335994	21.725687221377758
1.6776061803021185	0.6197894245998967	21.567627638144064
1.6489137044451765	0.6482069594542905	21.410820073118604
1.6217931214427732	0.6767508226320542	21.255254115434855
1.5962046781911947	0.7054203288533403	21.100919695419975
1.5721097172139127	0.7342163578964895	20.947807082274174
1.5494706883971299	0.7631412694301595	20.795906881123294
1.52825115812474	0.7921988224750651	20.645210029607057
1.5084158160096497	0.821394099361037	20.49570779414812
1.4899304794092625	0.8507334340432859	20.34739176603099
1.4727620959040222	0.8802243446407093	20.200253857405446
1.4568787439092192	0.9098754700586376	20.054286297316125
1.4422496315817361	0.9396965105587564	19.90948162784746
1.4288450941752946	0.9696981721394723	19.76583270046339
1.4166365899897806	0.9998921145911596	19.623332672611692
1.4055966950524517	1.0302909030923708	19.481975004653737
1.395699096661448	1.0609079632148528	19.341753457173514
1.386918585914792	1.0917575392074563	19.202662088712703
1.3792310493412339	1.122854655431105	19.064695253974143
1.37261345974248	1.1542150808199794	18.927847602529116
1.3670438663500282	1.1858552962465279	18.79211407806074
1.362501384393654	1.217792464670851	18.657489918171883
1.3589661841726792	1.2500444039578482	18.523970654783128
1.3564194797154614	1.282629562248761	18.39155211514299
1.3548435171071518	1.3155669957765779	18.260230423471345
1.3542215625605503	1.348876349017962	18.13000200325502
1.354537890299925	1.3825778370774995	18.000863580212958
1.3557777703229277	1.4166922302029692	17.872812185948238
1.3579274561011903	1.4512408403335253	17.745845162302988
1.3609741722758781	1.4862455095855938	17.619960166432385
1.3649061024003388	1.521728600584176	17.495155176613892
1.3697123767780601	1.5577129885501353	17.37142849880818
1.375383060440411	1.594222055056783	17.248778773988576
1.3819091413050393	1.6312796833715861	17.12720498625714
1.3892825185524516	1.668910255301592	17.006706471765487
1.397495991255009	1.7071386494632967	16.887282928460465
1.4065432472895028	1.7459902408999917	16.768934426675884
1.4164188525615355	1.7854909019718082	16.65166142059254
1.4271182405671374	1.8256670044455912	16.535464760590546
1.4386377023143326	1.866545422713367	16.420345706519996
1.4509743766248528	1.90815353806993	16.30630594191728
1.4641262408337075	1.9505192439813022	16.19334758919678
1.4780921019020137	1.993670952277145	16.081473225849308
1.4928715879562167	2.037637600201102	15.970685901681
1.5084651402646476	2.082448658253748	15.86098915712876
1.5248740056603147	2.128134138763457	15.752387042690295
1.5421002294167891	2.1747246051207147	15.644884139509397
1.5601466485820736	2.2222511816113655	15.538485581159675
1.5790168857734423	2.2707455637840694	15.433197076672363
1.5987153434343442	2.3202400292866208	15.329024934856685
1.619247198552705	2.3707674491051005	15.225976089963478
1.6406183978380429	2.4223612991384305	15.124058128746142
1.6628356533530668	2.4750556720395105	15.023279318975527
1.6859064385936182	2.5288852892522478	14.923648639468173
1.7098389850090447	2.583885513171626	14.825175811690327
1.734642278953195	2.640092359351165	14.72787133300329
1.7603260590544523	2.697542508679271	14.631746511618406
1.7869008139912832	2.756273319442404	14.536813503333226
1.8143777806578707	2.8163228391890924	14.44308535012339
1.8427689427023743	2.8777298163044054	14.350576020667823
1.8720870294183274	2.940533711199614	14.259300452887883
1.902345514967468	3.004774707016218	14.169274598584183
1.9335586179100954	3.0704937197375624	14.080515470257804
1.9657413010166207	3.1377324075945436	13.993041190205577
1.998909271331603	3.2065331796448344	13.906871041981733
2.033078980458566	3.2769392033963785	13.822025524321859
2.0682676250318295	3.348994411338728	13.73852640762591
2.10449314733774	3.422743506234547	13.656396793101688
2.1417742360451326	3.4982319650145914	13.575661174670955
2.1801303270012617	3.575506041107979	13.496345503742855
2.2195816040459895	3.6546127650277893	13.418477256960857
2.2601489997930138	3.7355999430188485	13.342085507031069
2.3018541963229726	3.818516153560899	13.267200996740485
2.344719625728795	3.903410741505305	13.193856216274307
2.3887684704490937	3.9903338096075545	13.122085483941362
2.434024663320264	4.079336207200477	13.05192503041599
2.4805128872726807	4.170469515734861	12.983413086603328
2.528258574590592	4.2637860308944395	12.916589975232682
2.577287905649267	4.359338740971432	12.851498206280372
2.6276278070363097	4.457181301166409	12.788182576319269
2.679305948956949	4.557368003452317	12.72669027188692
2.732350741816155	4.659953741618406	12.667070976956586
2.7867913318613335	4.764993971080945	12.609376984588552
2.842657595762112	4.8725446630219125	12.553663312827332
2.8999801339938482	4.98266225238548	12.499987824899373
2.958790262881831	5.095403579230778	12.44841135375164
3.019120005153235	5.210825822907063	12.39899783095438
3.081002078832594	5.328986428482123	12.35181441997262
3.14446988430489	5.449943024818304	12.30693165378864
3.209557489358436	5.57375333365346	12.264423576831977
3.2762996120061505	5.700475069003547	12.224367891144762
3.344731600870378	5.830165826163377	12.186846106676953
3.4148894129017835	5.9628829595395185	12.151943695568582
3.486809588187287	6.098683448505301	12.119750250234054
3.5605292215861257	6.237623750423657	12.090359645015853
3.636085930916137	6.379759639937798	12.063870201121798
3.7135178213941975	6.52514603358268	12.040384854500584
3.7928634460172983	6.673836798725703	12.020011326243633
3.874161761549737	6.825884545795292	12.002862295027997
3.9574520797636423	6.981340402713457	11.989055571032702
4.042774013558239	7.140253770401407	11.97871427067082
4.130167417562102	7.3026720581844895	11.971966991379663
4.219672322800777	7.468640397881942	11.968947985601696
4.311328864989801	7.638201335329602	11.96979733296827
4.40517720598999	7.811394498049483	11.974661109566487
4.50125744793958	7.988256237753473	11.983691553025528
4.599609539553771	8.168819246345093	11.997047222002085
4.700273174060142	8.353112144071384	12.014893148474446
4.803287678215705	8.541159038472665	12.037400981070745
4.908691891829402	8.732979052785584	12.064749117458181
5.016524037192697	8.928585822475256	12.09712282360637
5.126821577802156	9.12798695861064	12.134714337509061
5.239621065740196	9.331183476852383	12.177722954704135
5.354957977063073	9.538169190895387	12.226355092671122
5.472866534536521	9.748930069315675	12.280824330911535
5.593379517045664	9.963443554890125	12.341351423225573
5.7165280550044955	10.181677845622554	12.408164278395802
5.842341411088715	10.403591136899998	12.48149790517101
5.970846745622187	10.629130824436146	12.56159431711549
6.102068865959949	10.85823266793401	12.648702392552002
6.236029959231023	11.090819915722527	12.743077684483113
6.372749307834612	11.32680239099872	12.844982175029998
6.5122429871225815	11.56607554073896	12.954683968582763
6.654523544753279	11.808519448839506	13.07245691751864
6.79959966126619	12.053997815608888	13.198580174018709
6.947475791506568	12.302356906370344	13.333337661208233
7.098151786625068	12.553424472644705	13.477017456568076
7.25162249649114	12.807008650177105	13.629911080324455
7.407877352492777	13.062896838948893	13.792312681332842
7.566899930849756	13.32085457127982	13.964518112839958
7.728667496748853	13.5806243751842	14.146823890454337
7.8931505298104465	13.841924641282992	14.339526024686084
8.060312231628867	14.104448502808964	14.542918720558442
8.230108016389138	14.367862739559504	14.757292937059374
8.402484985851734	14.63180671804637	14.982934799609797
8.577381390318774	14.895891381559096	15.22012385930012
8.75472607754959	15.159698305385751	15.469131193409549
8.934437931978525	15.422778834001397	15.73021734269137
9.11642530700903	15.684653318629886	16.00363008211258
9.30058545360856	15.944810475174542	16.28960202319132
9.486803948911506	16.20270688407469	16.588348047807532
9.67495412904893	16.457766655141313	16.90006257538872
9.864896530961342	16.709381281815297	17.224916667711152
10.056478348507836	16.95690971052706	17.56305497821589
10.249532908759987	17.199678651869295	17.914592555733407
10.44387917495012	17.436983161059718	18.279611515832535
10.639321283132041	17.66808751561763	18.658157596670172
10.835648120179975	17.89222641821368	19.05023662016814
11.032632951309042	18.108606552234892	19.455810883596378
11.230033105818665	18.316408516639793	19.874795511128873
11.427589730229796	18.51478916509598	20.307054799617198
11.625027618389982	18.702884372118852	20.752398597624715
11.822055128441285	18.87981224590034	21.210578761602083
12.018364196760986	19.04467680366383	21.68128573784939
12.213630459078836	19.196572120661802	22.164145323493226
12.407513488921394	19.33458695830629	22.658715663961416
12.59965716331636	19.457809870376373	23.16448454821854
12.789690165285194	19.565334778787967	23.680867066162676
12.977226632041319	19.656267002073747	24.2072036949003
13.161866956976922	19.729729710573835	24.742758881930992
13.34319875244981	19.78487077248228	25.286720193404747
13.520797979058571	19.82086994446976	25.838198094373134
13.694230245517382	19.836946349791948	26.396226425186654
13.863052281408674	19.83236617581442	26.959763633743776
14.026813583007847	19.806450511998662	27.527694817053423
14.18505823005354	19.758583238895017	28.098834617457534
14.337326868801602	19.688218868903785	28.6719310088445
14.48315885398119	19.594890230842697	29.245669996296893
14.622094539405085	19.47821588306066	29.818681238942528
14.753677704024089	19.337907134325988	30.389544590488114
14.87745809721099	19.173774548343367	30.95679753523361
14.992994084080594	18.985733806837462	31.518943479614595
15.099855368765219	18.773810807963212	32.074460840863345
15.197625770850992	18.538145881573307	32.62181285568646
15.285906027711732	18.27899701073856	33.159458013403736
15.364316593337973	17.996741959917166	33.685861000345696
15.432500402521157	17.691879224258404	34.19950402600984
15.49012556799336	17.365027731526613	34.69889838712697
15.536887977398388	17.016925247781742	35.182596113899194
15.572513756839708	16.648425459839512	35.64920153379021
15.596761568247361	16.260493731181327	36.09738258277221
15.60942470895652	15.854201552785666	36.52588169223837
15.610332983697292	15.4307197356584	36.933526082086146
15.599354321645766	14.991310416920385	37.31923729689079
15.576396114245535	14.537317975449348	37.68203983255999
15.54140625312458	14.070158975507637	38.02106871524344
15.494373851532808	13.591311276855196	38.33557591220975
15.435329637223031	13.102302466882557	38.62493547547552
15.3643460094925	12.6046977838	38.88864734257683
15.28153675807995	12.10008770943269	39.12633974436915
15.187056446658465	11.590075415447536	39.33777019636676
15.081099468654633	11.07626424771552	39.52282507712726
14.963898787943421	10.560245430036128	39.681517823751875
14.835724381498126	10.043586160759991	39.813985799962715
14.696881405219873	9.527818264292899	39.92048591571132
14.54770810783239	9.014427544441961	40.00138909826732
14.388573520839172	8.504843968653113	40.0571737326988
14.219874955039918	8.000432791982057	40.088418204204984
14.042035335958234	7.502486707822642	40.09579268563097
13.855500411721103	7.0122190896625405	40.08005032056302
13.66073586746175	6.530758365150388	40.042017955678155
13.458224380203282	6.059143541164331	39.982586575642145
13.248462647464931	5.598320876982554	39.90270159005902
13.031958421563084	5.149141682577097	39.80335311511578
12.809227579818687	4.71236120091144	39.68556638304917
12.58079125870323	4.288638517252588	39.550392400852196
12.34717307743541	3.8785374251388127	39.39889896623198
12.108896473754843	3.4825281678946665	39.23216213422382
11.86648217163528	3.1009899665044824	39.051258212555034
11.620445797628516	2.734214239179007	38.85725634829367
11.371295659425929	2.3824084149563283	38.65121175293168
11.119530697159185	2.0457002429886875	38.43415959821299
10.865638614985425	1.7241425005333144	38.20710960102722
10.610094197672016	1.4177180058328163	37.97104130280213
10.353357814252428	1.1263448467500912	37.726900037227765
10.095874108397174	0.8498817419172332	37.47559356995444
9.838070872958875	0.5881334579826494	37.21798938519725
9.580358104223405	0.34085621401788335	36.954912586969485
9.323127229732748	0.10776301201456254	36.68714437692642
9.066750502146926	-0.11147115956174974	36.415421066473186
8.811580550471064	-0.3172042941988996	36.14043357777954
8.55795007908021	-0.5098225450007634	35.86282738653788
8.306171704315524	-0.6897356414058953	35.58320285857239
8.056537917983565	-0.8573725678105917	35.30211593262081
7.809321166842825	-1.0131775205170512	35.0200791026227
7.564774037091572	-1.1576061535956754	34.737562654527
7.323129532951555	-1.2911221190500854	34.45499611483772
7.084601438658731	-1.4141939021102399	34.17276987073517
6.849384753496423	-1.527291948551729	33.89123692451773
6.617656189921809	-1.6308860776247176	33.61071474820916
6.3895747253240325	-1.7254431714433471	33.33148720737834
6.165282198495303	-1.8114251294957475	33.05380652644603
5.94490394247488	-1.8892870752431787	32.77789527093863
5.728549446032059	-1.9594758005328148	32.5039483252446
5.516313036669533	-2.022428432705229	32.2321348473883
5.308274578648172	-2.078571308782348	31.962600185132118
5.10450018014357	-2.1283190409281856	31.6954677403229
4.9050429042412285	-2.172073757434894	31.430840770803364
4.709943479051839	-2.2102245037583486	31.168804121401525
4.519231002777573	-2.2431467885702947	30.909425877491305
4.332923640078591	-2.271202260372234	30.652758936383634
4.151029306580018	-2.294738500896288	30.39884249337446
3.973546338813108	-2.3140889222735392	30.147703440641244
3.8004641473060605	-2.329572755754708	29.899357678362367
3.6317638509267876	-2.3414951206009453	29.653811338442882
3.46741889093441	-2.3501471626060613	29.411061922081625
3.307395623515701	-2.3558062525512242	29.171099353117352
3.1516538898728212	-2.358736235716759	28.933906949666024
3.0001475631862213	-2.3591877243740638	28.699462317014206
2.852825072007733	-2.3573984259463496	28.467738165084643
2.709629899841712	-2.3535935002547523	28.23870305404686
2.5705010608500647	-2.3479859399525695	28.01232207182191
2.435373551772494	-2.340776968892648	27.788557447338352
2.3041787802869913	-2.33215645377022	27.56736910344416
2.176844970149288	-2.322303324935383	27.348715153375977
2.0532975435477154	-2.311386002776784	27.132552344644694
1.9334594811892507	-2.2995628265417616	26.918836454115773
1.8172516606996247	-2.2869824828801097	26.707522637957872
1.704593173973288	-2.2737844317805735	26.498565740004533
1.595401624150984	-2.2600993279134474	26.291920561929096
1.4895934029342277	-2.246049435701516	26.087542098475478
1.3870839489693911	-2.2317490367176656	25.885385740823192
1.2877879880482315	-2.217304828252921	25.6854074509927
1.1916197558807262	-2.202816312116326	25.48756391002578
1.0984932041983138	-2.18837617291998	25.291812642502556
1.0083221909426048	-2.1740706452710614	25.09811211978482
0.9210206552881257	-2.159979869440148	24.906421844208815
0.8365027782371706	-2.1461782352034557	24.716702416287685
0.7546831295109262	-2.1327347136677	24.528915586825885
0.6754768014456736	-2.1197131769821533	24.34302429569848
0.598799530584305	-2.1071727059244	24.158992698903184
0.5245678076340942	-2.09516788541621	23.976786185357177
0.4526989764410912	-2.083749088085003	23.796371384782393
0.38311132260913167	-2.0729627460357904	23.617716167900223
0.31572415236978946	-2.062851611039696	23.44078964004448
0.2504578622862429	-2.053455003378809	23.265562129194088
0.18723400035143598	-2.0448090496145213	23.092005169329216
0.1259753190177181	-2.0369469095681736	22.92009147992255
0.06660582067193785	-2.0298989928196627	22.74979494229208
0.009050796047716069	-2.0236931650423844	22.5810905734649
-0.04676314395594302	-2.0183549445018776	22.41395449812941
-0.10090804260268058	-2.0139076890514516	22.248363919187238
-0.15345457736785326	-2.010372773961343	22.08429708735613
-0.20447204530389188	-2.0077697609189893	21.921733270221097
-0.2540283533376465	-2.0061165585370757	21.760652721081033
-0.3021900131352682	-2.0054295747034905	21.601036647893103
-0.34902214018937733	-2.0057238611034784	21.442867182576293
-0.39458845680160437	-2.007013250239293	21.286127350899736
-0.4389512986514791	-2.0093104852667363	21.130801043148495
-0.48217162465998836	-2.0126273429613195	20.9768729857298
-0.5243090298724836	-2.01697475011951	20.82432871385723
-0.5654217611014629	-2.0223628936927724	20.673154545427387
-0.6055667350851459	-2.028801324943994	20.523337556182536
-0.6447995589321256	-2.036299057907469	20.37486555623571
-0.6831745526363089	-2.044864662424963	20.227727068018996
-0.7207447734598639	-2.054506352021656	20.081911305701603
-0.7575620419943524	-2.065232066876867	19.93740815611352
-0.7936769697224499	-2.0770495521355485	19.79420816120021
-0.8291389879142068	-2.0899664317976705	19.652302502025204
-0.8639963777026329	-2.103990278413649	19.511682984331085
-0.8982963011939529	-2.1191286788051844	19.37234202566299
-0.9320848334777171	-2.1353892960220713	19.23427264405433
-0.9654069954112248	-2.152779927736806	19.09746844827118
-0.9983067870617679	-2.171308561270262	18.961923629608542
-1.0308272216985306	-2.1909834254331866	18.827632955229856
-1.0630103602338976	-2.2118130393598556	18.694591763040176
-1.0948973460213711	-2.233806258501907	18.562795958082976
-1.126528439924501	-2.2569723179422754	18.43224201044997
-1.1579430555777375	-2.2813208731810195	18.30292695469428
-1.1891797947664051	-2.3068620385368956	18.174848390738177
-1.2202764828588455	-2.3336064233006786	18.048004486267704
-1.251270204229266	-2.3615651657684986	17.922393980608213
-1.2821973376148734	-2.390749965275732	17.79801619007699
-1.3130935913556843	-2.42117311234445	17.674871014811128
-1.343994038469903	-2.452847517050001	17.552958947070834
-1.3749331515217225	-2.4857867357047367	17.43228108102154
-1.405944837242158	-2.520004995949494	17.312839124000924
-1.4370624708671866	-2.5555172203362404	17.194635409279186
-1.4683189301604977	-2.592339048477902	17.077672910324274
-1.499746629091025	-2.6304868578340006	16.961955256587107
-1.5313775511381784	-2.6699777831936102	16.847486750824306
-1.563243282199795	-2.7108297349095283	16.734272387980123
-1.595375043080242	-2.753061415930628	16.622317875651095
-1.6278037215375567	-2.796692337671499	16.511629656161666
-1.6605599038702363	-2.841742834751214	16.402214930281573
-1.6936739060256487	-2.888234078625531	16.294081682618984
-1.7271758042129493	-2.9361880901289927	16.187238708727037
-1.7610954650042996	-2.9856277509356266	16.08169564396454
-1.795462574908767	-3.0365768139390075	15.977462994154594
-1.8303066694034984	-3.089059912544029	15.874552168088762
-1.8656571614070725	-3.1431025688546907	15.77297551192654
-1.9015433691796166	-3.19873120073325	15.672746345543803
-1.937994543633895	-3.255973127697189	15.573879000886707
-1.9750398950411248	-3.3148565756114334	15.476388862389953
-2.0127086191142896	-3.3754106801235784	15.38029240952145
-2.0510299224506188	-3.437665488779862	15.285607261517999
-2.09003304731354	-3.5016519617493542	15.19235222437905
-2.129747295733249	-3.5674019710737133	15.100547340186784
-2.1702020529019728	-3.634948298346722	15.010213938825652
-2.2114268098395087	-3.7043246307186704	14.92137469217229
-2.253451185301016	-3.77556555510641	14.834053670831143
-2.296304946896803	-3.8487065504777145	14.748276403491058
-2.3400180313909056	-3.92378397806512	14.664069938978875
-2.3846205641418203	-4.000835069349905	14.58146291108657
-2.4301428776453915	-4.079897911642349	14.50048560624787
-2.4766155291357523	-4.161011431068349	14.421170034139875
-2.5240693171961177	-4.244215372756269	14.343550001283424
-2.5725352973265916	-4.329550278000456	14.267661187714006
-2.6220447964112163	-4.41705745815966	14.193541226791933
-2.6726294260211905	-4.506778965029539	14.121229788216592
-2.7243210944854255	-4.5987575574082005	14.050768664304861
-2.7771520176535014	-4.693036663552736	13.98220185958762
-2.8311547282696123	-4.789660339202665	13.915575683770955
-2.886362083868958	-4.888673220822779	13.850938848100272
-2.9428072731007036	-4.990120473693871	13.788342565154965
-3.000523820373625	-5.0940477344542625	13.727840652089618
-3.0595455887122363	-5.200501047668848	13.669489637323656
-3.1199067807020504	-5.309526795974321	13.61334887066568
-3.181641937393494	-5.4211716233213245	13.559480636840059
-3.2447859350237462	-5.535482350803962	13.507950272362848
-3.3093739794050876	-5.652505884536236	13.458826285690526
-3.375441597817648	-5.772289115004017	13.412180480537945
-3.443024628232366	-5.894878807287876	13.368088082232193
-3.51215920567783	-6.020321481519073	13.326627866935144
-3.582881745551752	-6.148663282896845	13.287882293529757
-3.6552289236643247	-6.279949840560677	13.251937637923064
-3.7292376527868316	-6.414226114576723	13.218884129471872
-3.8049450554641244	-6.551536230262554	13.188816089185236
-3.882388432834329	-6.691923299039733	13.161832069300305
-3.961605229183317	-6.835429224969477	13.138034993764634
-4.0426329919464	-6.982094496095901	13.117532299087685
-4.125509326851257	-7.13195795968637	13.10043607494817
-4.210271847880551	-7.285056580431857	13.086863203859108
-4.296958121714771	-7.441425180642054	13.07693549910062
-4.38560560629854	-7.601096161447153	13.070779840030173
-4.476251583155884	-7.764099203998429	13.068528303770798
-4.5689330830622055	-7.930460949645349	13.070318292159396
-4.663686804663708	-8.100204658059452	13.076292652709162
-4.760549025617432	-8.27334984227336	13.086599792201941
-4.859555505808982	-8.449911879611697	13.101393781377674
-4.960741382188922	-8.629901597507486	13.120834449028665
-5.064141054754517	-8.813324833227353	13.14508746363604
-5.169788063189946	-9.000181966570848	13.17432440050428
-5.277714953666905	-9.19046742466733	13.208722792157253
-5.387953135297705	-9.384169158068325	13.248466159555658
-5.500532725726709	-9.581268087428743	13.29374402148201
-5.615482385341862	-9.781737520186681	13.344751879215249
-5.7328291395881585	-9.985542536793249	13.4016911733841
-5.852598188869264	-10.192639346213518	13.464769209647324
-5.974812705532612	-10.40297461061931	13.534199049601433
-6.099493617447952	-10.616484739427904	13.610199363064162
-6.226659377711242	-10.833095153112277	13.692994237627682
-6.356325720034327	-11.052719517519222	13.782812941121529
-6.48850539941822	-11.275258949787029	13.879889632375255
-6.623207917753941	-11.500601197356012	13.984463015428513
-6.760439234052641	-11.728619792019419	14.096775932107455
-6.900201459075065	-11.95917318146856	14.217074887675082
-7.042492534211923	-12.192103841349777	14.345609504076673
-7.187305894562366	-12.427237371474314	14.482631895146834
-7.334630116268887	-12.664381580507325	14.628395958030065
-7.484448548294891	-12.903325564210915	14.783156575001541
-7.636738928974433	-13.143838783124485	14.947168719865914
-7.791472987833988	-13.38567014644991	15.12068646318165
-7.948616033363897	-13.62854710983484	15.303961870697217
-8.108126527629322	-13.872174795752443	15.497243789632838
-8.269955648837467	-14.116235146222598	15.700776517790588
-8.434046843230082	-14.360386118717125	15.914798350950708
-8.600335367947222	-14.604260937228217	16.139540004627463
-8.768747826807344	-14.847467411639705	16.375222907025933
-8.939201701272864	-15.08958733971416	16.622057360980477
-9.111604879218898	-15.330176007177856	16.88024057378232
-9.285855184490005	-15.56876180252147	17.149954555125124
-9.461839910620798	-15.804845964222569	17.431363884935852
-9.639435362504283	-16.037902479100577	17.724613354619297
-9.818506410213756	-16.267378151403758	18.02982548723573
-9.99890605961755	-16.492692862965797	18.34709794436008
-10.18047504486595	-16.713240045316255	18.676500829837824
-10.363041448265987	-16.928387384935185	19.018073903345833
-10.546420353495112	-17.137477782871734	19.371823719590285
-10.730413538515963	-17.339830589632328	19.737720712084712
-10.914809214947331	-17.53474313555305	20.115696243747692
-11.099381821000637	-17.721492575739603	20.505639649988865
-11.283891875397519	-17.89933806703939	20.907395303470146
-11.468085899930996	-18.067523292357727	21.320759733281253
-11.651696418506445	-18.225279344900407	21.745478834785782
-11.834442040581356	-18.37182798157892	22.181245209787267
-12.016027636905799	-18.506385250832228	22.627695679854952
-12.196144615328398	-18.62816549548053	23.084409018521544
-12.374471304163043	-18.736385725935797	23.550903950513014
-12.550673450196134	-18.83027035316974	24.026637468075098
-12.724404837838133	-18.909056264320103	24.511003515692774
-12.89530803517643	-18.971998216763886	25.003332094932748
-13.06301527176173	-19.018374518988722	25.5028888406538
-13.227149451847257	-19.04749295876197	26.008875118294906
-13.387325305503488	-19.058696931074927	26.520428689277516
-13.543150678545693	-19.051371710289462	27.036624987635065
-13.694227960550192	-19.024950803031505	27.556479045759517
-13.840155648407592	-18.978922310871877	28.078948100585613
-13.980530040885338	-18.9128352249436	28.602934903614273
-14.114947057573202	-18.82630556861001	29.127291748947517
-14.243004173393501	-18.719022299371158	29.65082522304786
-14.364302457609568	-18.59075287762411	30.172301668374562
-14.478448704002359	-18.441348407913498	30.690453340563106
-14.585057636656066	-18.27074825813256	31.2039852256403
-14.683754173645474	-18.078984063947853	31.711582470161712
-14.774175728910784	-17.866183029653804	32.21191836346174
-14.855974530789798	-17.63257044280652	32.7036627977475
-14.928819934112683	-17.37847132835567	33.18549111894198
-14.992400701501559	-17.10431117854658	33.65609326936577
-15.046427228609087	-16.810615707471296	34.11418311294856
-15.09063368751707	-16.498009593621692	34.55850782503346
-15.124780062439259	-16.167214189849542	34.98785722235631
-15.148654052253942	-15.81904419744467	35.401072904712976
-15.162072815252023	-15.454403319177844	35.797057078442435
-15.164884532825374	-15.074278924684487	36.174780933287366
-15.1569697706313	-14.67973577998253	36.533292448549034
-15.13824261802776	-14.271908910731469	36.87172351169766
-15.108651589245207	-13.851995685526703	37.18929624264222
-15.068180272795647	-13.421247220620065	37.48532842947974
-15.016847718957196	-12.9809592204938	37.759237996462474
-14.954708558744219	-12.532462379335803	38.01054644174024
-14.881852851500033	-12.07711247632751	38.238881200735605
-14.798405662049783	-11.616280302565608	38.44397691027619
-14.704526372139112	-11.151341559251538	38.625675568325406
-14.600407734576514	-10.683666865489512	38.78392560377284
-14.486274682007972	-10.214612009689427	38.918779889745934
-14.362382905511614	-9.745508571384232	39.03039275177045
-14.229017221132489	-9.277655030467619	39.1190160383986
-14.08648974503215	-8.812308468811349	39.184994336237864
-13.935137900052656	-8.350676955305378	39.22875942334534
-13.775322278160834	-7.893912690040664	39.25082406446804
-13.607424384423542	-7.443105967080031	39.25177525847305
-13.431844288864621	-6.999279998520475	39.232267052474064
-13.248998212772008	-6.563386625790488	39.19301303866297
-13.059316075783189	-6.136302927797514	39.1347786488154
-12.86323902940362	-5.718828720020803	39.058373358049046
-12.66121700154747	-5.31168492428013	38.96464290392104
-12.453706275279194	-4.915512775977428	38.8544616196491
-12.241167123229667	-4.530873824316927	38.72872497145603
-12.024061517214923	-4.158250671500513	38.58834238010587
-11.802850930459808	-3.798048389255267	38.43423039596929
-11.577994247576	-3.450596545288054	38.26730628575762
-11.3499457951209	-3.116151768342549	38.088482077714595
-11.119153503219513	-2.7949007783641995	37.89865910083755
-10.886057206415604	-2.4869638077348415	37.6987230428686
-10.651087089671393	-2.192398340458228	37.4895395415626
-10.414662283291287	-1.9112030983775818	37.27195031427391
-10.177189608537606	-1.6433222067954951	37.046769822339236
-9.939062473855401	-1.3886494760403671	36.81478245915775
-9.700659919947784	-1.1470327403851035	36.576740244334054
-9.462345810454128	-0.9182782010816901	36.33336100077282
-9.22446816368778	-0.7021547259514551	36.08532698718386
-8.987358619786516	-0.49839806380049995	35.83328395503369
-8.751332036718184	-0.3067149377725549	35.57784059650921
-8.516686207855226	-0.12678698747986733	35.31956834846365
-8.283701693279648	0.041725464732553494	35.05900151651327
-8.052641756589384	0.1991798428184529	34.796637683351314
-7.823752398735712	0.3459479559320589	34.53293836584837
-7.597262480314179	0.48241285732598765	34.26832988652148
-7.3733839237455285	0.6089659293558335	34.00320442638671
-7.152311986898027	0.7260041971367447	33.73792122796962
-6.934225599908606	0.8339278702801118	33.47280791925795
-6.71928775723943	0.9331381094627382	33.208161931565115
-6.5076459573453524	1.0240350123288329	32.94425198656402
-6.299432682713481	1.107015811372959	32.681319630092
-6.094765913459315	1.1824732749703297	32.41958079267244
-5.893749668107603	1.2507943015807574	32.159227358997846
-5.6964745656489955	1.3123586963169556	31.900428730849477
-5.503018403429466	1.3675381185062063	31.643333370053767
-5.313446745896749	1.416695188550344	31.38807031008267
-5.127813519688493	1.4601827422708238	31.134750626776768
-4.946161610994322	1.4983432209823582	30.883468860396032
-4.768523461555743	1.5315081857404491	30.634304382780034
-4.594921660083028	1.559997944527969	30.387322704829327
-4.425369526257757	1.584121281560767	30.1425767207956
-4.259871684859662	1.604175278378439	29.900107887004246
-4.098424627900647	1.6204452169258314	29.65994733362899
-3.941017262967945	1.6332045554063044	29.422116909002618
-3.7876314462731746	1.6427149682846391	29.1866301566908
-3.638242499174994	1.6492264424236096	28.95349322618672
-3.492819707187301	1.6529774219435986	28.722705718607198
-3.351326800709249	1.654194994990369	28.49426146920437
-3.213722416913206	1.6530951161760283	28.26814926885211
-3.0799605424056926	1.6498828590167722	28.044353526935744
-2.9499909364357157	1.6447526932243048	27.822854878276242
-2.8237595345661415	1.637888782213163	27.603630736864517
-2.701208832846486	1.6294652966616034	27.386655799272642
-2.582278252633009	1.6196467404081953	27.1719025006571
-2.4669044862942884	1.6085882853794058	26.9593414262788
-2.3550218241199365	1.5964361126254951	26.74894168144378
-2.246562462816448	1.5833277568934558	26.540671222719602
-2.1414567960302247	1.5693924524875682	26.334497153213412
-2.0396336873832945	1.5547514784615417	26.130385984610207
-1.9410207265443338	1.5395185014526354	25.92830386857002
-1.845544468885766	1.523799914708949	25.728216799970678
-1.7531306593001992	1.5076951720781606	25.530090794366316
-1.6637044407643022	1.491297115920616	25.33389204190759
-1.5771905482484359	1.474692298083768	25.139587039844294
-1.4935134885754027	1.4579612932300228	24.947142705604218
-1.4125977068326527	1.4411790039476227	24.756526472315652
-1.3343677399398557	1.424414957195906	24.5677063685171
-1.258748357967898	1.4077335917434006	24.380651083675573
-1.1856646937968793	1.3911945363511766	24.195330021016293
-1.1150423616907288	1.3748528785361238	24.011713339054037
-1.0468075653533	1.3587594238201772	23.829771983106106
-0.9808871960171415	1.3429609454333946	23.649477707962983
-0.9172089211012114	1.3275004244920894	23.47080309279424
-0.8557012639577501	1.3124172807188281	23.29372154927339
-0.7962936752118442	1.2977475938099248	23.118207323817426
-0.7389165961801525	1.2835243155888911	22.944235494754654
-0.683501514837523	1.2697774731117235	22.771781965156688
-0.629981014782617	1.2565343629126902	22.60082345199912
-0.5782888176357224	1.2438197365978834	22.431337472248284
-0.5283598192841708	1.2316559780087957	22.263302326409974
-0.48013012037304253	1.2200632721899871	22.096697080018682
-0.43353705142139115	1.209059766403955	21.931501543493717
-0.3885191929269494	1.198661723442948	21.767696250740073
-0.34501639080540464	1.1888836674920031	21.605262436828056
-0.30296976749376237	1.179738522800237	21.44418201504524
-0.26232172903118867	1.1712377454185838	21.284437553577785
-0.22301596841499882	1.1633914482620322	21.126012252044873
-0.18499746551424373	1.1562085197531222	20.96888991808002
-0.14821248380842614	1.1496967363011754	20.813054944125522
-0.11260856420476836	1.1438628688686894	20.658492284582543
-0.07813451617341383	1.1387127838725097	20.505187433436696
-0.044740406426771503	1.134251538663081	20.35312640246001
-0.012377545356311385	1.1304834718202406	20.202295700072593
0.019001528572262106	1.1274122884988091	20.052682310931623
0.04944306627632301	1.1250411410517214	19.904273676302097
0.07899212718842558	1.1233727051526654	19.757057675251467
0.10769259989638644	1.1224092516342519	19.6110226066999
0.13558722413495866	1.1221527142516399	19.46615717234895
0.1627176139827388	1.122604753575357	19.322450460503273
0.18912428212745674	1.1237668172108062	19.179891930793506
0.21484666507189082	1.1256401965356808	19.038471399802734
0.23992314916137328	1.1282260801402304	18.898179027593926
0.26439109732211696	1.1315256041490804	18.759005305131794
0.28828687640741685	1.1355398995971009	18.62094104258952
0.3116458850563483	1.1402701370256827	18.48397735852775
0.3345025819766121	1.1457175684597098	18.348105669931662
0.3568905145700069	1.1518835669195515	18.213317683090086
0.3788423478253826	1.158769663616521	18.079605385299615
0.40038989340993636	1.1663775829744667	17.946961037376497
0.4215641388955762	1.1747092756145334	17.815377166958076
0.4423952770624349	1.1837669494345944	17.684846562575967
0.4629127352267135	1.1935530989094272	17.55536226848376
0.48314520454500276	1.204070532732477	17.426917580221772
0.5031206692517002	1.2153223999148817	17.299506040902806
0.5228664357904035	1.2273122144523803	17.173121438203925
0.5424091618043473	1.2400438786659271	17.047757802049684
0.5617748849546889	1.2535217053170562	16.923409402973714
0.5809890515389562	1.2677504385943903	16.800070751147423
0.6000765448854256	1.2827352740632676	16.67773659606534
0.6190617135022974	1.2984818776660978	16.556401926878298
0.6379683989633808	1.3149964038567556	16.436061973367963
0.6568199635149208	1.3322855129483728	16.316712207556552
0.6756393173905556	1.350356387749751	16.198348345948656
0.6944489458238939	1.3692167495618657	16.08096635240296
0.7132709357503677	1.3888748736021461	15.964562441633788
0.7321270021920211	1.409339603920553	15.849133083344338
0.7510385143208442	1.4306203678679827	15.734675006995122
0.7700265211979417	1.4527271901740464	15.621185207213282
0.7891117771874591	1.475670706687944	15.508660949850244
0.8083147670456472	1.4994621778329005	15.397099778697157
0.8276557306867481	1.5241135018214003	15.286499522869786
0.847154687628632	1.5496372276753925	15.17685830487632
0.8668314611222064	1.5760465680925837	15.068174549383697
0.8867057019695571	1.6033554121968967	14.960446992700344
0.9067969120367062	1.631578338208296	14.853674692995122
0.9271244674675545	1.660730626064159	14.747857041274903
0.947707641606391	1.6908282700217026	14.642993773144614
0.9685656276367381	1.7218879912678666	14.539084981376924
0.9897175609448943	1.7539272505603685	14.43613112932036
1.0111825412168876	1.7869642609207426	14.334133065177307
1.0329796542778515	1.821018000397343	14.233092037185658
1.0551279936830193	1.8561082249133394	14.133009709740648
1.0776466820696835	1.8922554812118766	14.033888180495682
1.100554892279475	1.9294811199075195	13.935729998483954
1.1238718682603037	1.967807308650148	13.838538183305008
1.147616945757139	2.007257045404258	13.742316245423522
1.171809572800591	2.0478541718434164	13.647068207630388
1.196469330002001	2.0896233868563368	13.552798627719
1.2216159506633064	2.1325902601575017	13.459512622432912
1.247269340709501	2.176781245991657	13.367215892744127
1.2734495984509817	2.2222236969177693	13.275914750524338
1.3001770341823369	2.2689458776539158	13.185616146675182
1.3274721896234982	2.3169769789605557	13.096327700786508
1.3553558572082072	2.366347131534979	13.008057732395704
1.3838490992239303	2.4170874198852434	12.92081529392422
1.4129732668061827	2.4692298961467016	12.8346102053717
1.4427500187891427	2.522807593799047	12.749453090851464
1.4732013404130864	2.5778545412360225	12.665355417055347
1.504349561887818	2.634405775133956	12.582329533739646
1.5362173768096659	2.6924973535587275	12.50038871632815
1.5688278604279742	2.7521663687438696	12.419547210732292
1.6022044877551462	2.8134509594650328	12.339820280492676
1.6363711515123198	2.8763903229280894	12.261224256350472
1.6713521799005302	2.9410247260795046	12.183776588361477
1.7071723541849515	3.007395516238541	12.107495900669852
1.7438569260771555	3.0755451309408377	12.032402049062899
1.7814316348976407	3.1455171068724064	11.95851618143243
1.8199227244975869	3.217356087761146	11.88586080127294
1.8593569599163737	3.291107831082189	11.81445983434943
1.8997616437467268	3.366819213418093	11.744338698673845
1.941164632176566	3.444538234302525	11.67552437793105
1.983594350672011	3.524314018359923	11.608045498499758
2.0270798092618243	3.606196815537678	11.541932410216768
2.0716506173787814	3.690237999209822	11.477217271035768
2.1173369982082577	3.7764900619122264	11.413934135734673
2.1641698024889573	3.865006608449472	11.352119048827092
2.2121805217047092	3.955842346091836	11.291810141835112
2.2614013005998266	4.0490530715576485	11.2330477350812
2.311864948943803	4.144695654451857	11.17587444415666
2.363604952463573	4.2428280168048484	11.120335291223162
2.4166554828537956	4.343509108327765	11.066477821301342
2.4710514067670344	4.446798876970218	11.014352223697026
2.5268282936764948	4.552758234334185	10.964011458710587
2.584022422494615	4.661449015464444	10.915511389767909
2.6426707868194788	4.772933932498159	10.868910921103444
2.7028110986707605	4.887276521619436	10.824272141114212
2.764481790564314	5.004541082722851	10.781660471490838
2.8277220157619176	5.12479261114711	10.74114482221552
2.8925716465186873	5.2480967207939075	10.702797752497839
2.959071270136565	5.374519557899881	10.666695637696394
3.027262182616291	5.504127704678191	10.632918842248065
3.0971863796839654	5.636988071993663	10.601551898595638
3.1688865449504986	5.773167780179541	10.57268369206905
3.2424060349438313	5.9127340270464055	10.5464076516343
3.3177888607337627	6.055753942073072	10.522821946377267
3.395079665848517	6.202294425707278	10.502029687536004
3.4743237001599057	6.352421972639122	10.484139135834448
3.5555667893908556	6.506202477844498	10.469263913801617
3.638855299874146	6.6637010241272066	10.45752322268299
3.724236098166808	6.824981649822298	10.44904206346355
3.811756505095162	6.990107095249044	10.443951461424758
3.901464243780496	7.159138526438587	10.442388693548411
3.9934073811643604	7.332135234589474	10.444497517959284
4.087634262522667	7.50915430963821	10.450428404463821
4.184193438426475	7.690250286267846	10.460338765092777
4.283133583575776	7.875474760618009	10.474393183391154
4.384503406899333	8.06487597590385	10.492763641017284
4.488351552280946	8.258498375104105	10.515629740013768
4.594726489237994	8.456382118837086	10.543178918894752
4.703676392845767	8.658562566516647	10.575606660455973
4.815249012166934	8.86506971886278	10.613116688954824
4.929491526413369	9.075927619842238	10.65592115402646
5.046450388035789	9.291153716132762	10.704240798398033
5.166171151907311	9.510758172246335	10.75830510613567
5.288698289739888	9.734743139514556	10.818352427807724
5.414074988845597	9.963101977232025	10.884630078570975
5.542342934340403	10.19581842439749	10.957394404790087
5.6735420738642866	10.432865720650593	11.03691081437412
5.807710363887145	10.67420567523044	11.123453765571325
5.944883496665288	10.919787683049268	11.217306708497148
6.085094606918089	11.169547687301753	11.318761973186279
6.228373957309996	11.423407088424781	11.428120597460994
6.374748601849813	11.681271599688808	11.545692087398836
6.524242026358198	11.94303005024656	11.671794102667286
6.676873765209024	12.208553137098777	11.806752058479347
6.832658993623162	12.477692128167945	11.950898635420081
6.991608094883842	12.750277519503289	12.10457318790797
7.153726201956497	13.026117650586617	12.268121041599752
7.3190127131344624	13.30499728277433	12.441892669636486
7.487460781496194	13.586676147100468	12.626242737275257
7.659056778155932	13.870887468990194	12.821529004176769
7.833779729516628	14.157336478890041	13.028111073439687
8.011600728999516	14.445698919421348	13.246348976416318
8.192482324025	14.735619561396078	13.476601582428737
8.37637787936519	15.026710742909312	13.719224822766437
8.563230918374623	15.318550947722017	13.974569718807693
8.75297444403985	15.6106834412691	14.242980204805583
8.945530242269033	15.902614984849887	14.524790736845766
9.140808170374985	16.193814650866308	14.820323680758401
9.33870543428256	16.483712764328946	15.129886473377145
9.539105858621278	16.77169999822935	15.453768553531207
9.741879154541317	17.057126652728318	15.792238061561644
9.946880190812111	17.339302150381034	16.145538309002784
10.153948274524938	17.617494781750878	16.513884023393768
10.362906448518249	17.89093173768202	16.89745737700802
10.573560813467626	18.15879946612298	17.296403812621776
10.785699883424412	18.420244392630888	17.710827684298476
10.99909398442919	18.67437404443001	18.14078773652378
11.213494706661638	18.920258618048848	18.586292450878332
11.428634421392928	19.156933029994875	19.047295295730372
11.644225874762588	19.38339948852618	19.523689921109113
11.859961871084664	19.59863062222468	20.015305347896536
12.075515058975201	19.801573197649432	20.52190120764366
12.290537834049134	19.991152453733772	21.04316309652456
12.504662372237728	20.166277074697057	21.57869811403597
12.717500807890005	20.325844815986443	22.12803066382387
12.928645570712202	20.468748789095617	22.690598600248894
13.137669895234268	20.59388440100654	23.265749809736
13.344128515841497	20.7001569324905	23.85273932032143
13.547558559440198	20.786489726654697	24.450727035815298
13.747480646515575	20.85183294505889	25.05877619235105
13.943400209662387	20.89517283363783	25.67585263448611
14.134809036613342	20.915541424805177	26.300825005176257
14.321187042349289	20.91202658580325	26.932465938611795
14.502004272050854	20.88378230698765	27.569454336854786
14.676723133460335	20.830039107750306	28.210378800303197
14.844800853692218	20.750114422695262	28.853742268143055
15.005692151702382	20.64342281704211	29.497967908141092
15.15885211355599	20.50948586862267	30.14140627548802
15.303739253393031	20.347941544848023	30.78234373815375
15.439818738660925	20.158552897232973	31.419012141698772
15.566565753869398	19.94121589400229	32.049599660201295
15.683468972923087	19.6959662134414	32.67226275246503
15.79003410612879	19.42298482735092	33.2851391147166
15.885787484371754	19.122602215467477	33.88636149335944
15.970279639838013	18.795301068101253	34.474072194925704
16.04308884014137	18.441717355441924	35.046438106048
16.10382453091384	18.062639667707593	35.60166601502478
16.152130640927368	17.659006760113403	36.13801800921933
16.187688703719722	17.23190326984316	36.65382670996438
16.210220750551887	16.78255360800975	37.14751009949753
16.21949193136349	16.312314066977773	37.617585693297066
16.215312823214244	15.822663221331295	38.06268381630867
16.197541389477802	15.315190737988443	38.48155975311099
16.166084557725657	14.791584746324673	38.87310455989357
16.12089938971188	14.253617951457464	39.23635434987895
16.061993823023567	13.703132702012	39.570497892865845
15.989426970649575	13.142025246717896	39.87488240311784
15.90330897177792	12.572229431347445	40.14901742682147
15.803800394376948	11.995700098179897	40.39257677967354
15.691111197362908	11.414396454075082	40.6053985255604
15.565499267215632	10.83026567026559	40.78748302750271
15.427268550598676	10.245226967350504	40.938989140784805
15.276766810696234	9.661156423093704	41.060228654305575
15.114383040457144	9.079872719199123	41.15165911860663
14.940544570605764	8.50312401705861	41.21387522688598
14.75571391405274	7.932576122564419	41.247598937900634
14.560385391145482	7.369802067499254	41.25366854654789
14.35508158201635	6.81627320091822	41.233026918861725
14.140349653105284	6.273351849394519	41.18670911317286
13.916757604793807	5.742285571108761	41.11582960847138
13.684890486038624	5.2242029964579455	41.021569354983534
13.445346620020752	4.7201112179935585	40.90516285119296
13.198733882224094	4.230894665736578	40.76788543668163
12.945666069143021	3.7573153807872357	40.61104097200491
12.686759392110963	3.300014580984624	40.435950056156955
12.422629126666502	2.8595153973508265	40.24393890984331
12.15388644355279	2.4362266491901234	40.03632902954463
11.881135443002574	2.0304475188885034	39.814427693966444
11.60497040950429	1.6423729844256327	39.57951938158038
11.325973299873166	1.2720998680317155	39.332858136137986
11.044711473255248	0.9196333628918811	39.07566089674269
10.761735667739552	0.5848939058610917	38.80910179065185
10.477578224610097	0.26772427233724483	38.53430737070672
10.192751557968776	-0.032103220741506046	38.25235276529724
9.907746864539897	-0.31487950680802884	37.96425869712941
9.623033065937221	-0.5809516477754665	37.67098931775212
9.339055973544717	-0.8307158775339805	37.37345079773808
9.056237664420507	-1.0646108779192007	37.07249060745665
8.774976055271566	-1.2831113424122607	36.76889742035234
8.495644660538366	-1.486721871532071	36.46340156934193
8.218592519949521	-1.6759712332912804	36.15667598714644
7.944144280525016	-1.851407012346635	35.849337562851574
7.672600417891915	-2.0135906626732663	35.54194884951923
7.40423758189064	-2.163092970785014	35.23502006103118
7.139309051765266	-2.300489929722276	34.929011300338246
6.878045286707088	-2.4263590182274433	34.624334965720976
6.620654558134219	-2.54127587468489	34.32135828638538
6.367323650802983	-2.645811351468932	34.02040594356675
6.1182186206403655	-2.7405289322479076	33.72176273818233
5.873485598030832	-2.8259824924628907	33.4256762708528
5.633251626167449	-2.902714381553235	33.13235960472513
5.397625524965763	-2.9712538044566235	32.84199388591183
5.16669877192677	-3.0321154793862015	32.55473090046934
4.9405463922026644	-3.0857985488050024	32.270695550634294
4.719227850966035	-3.1327857208009835	31.989988236512882
4.502787941989303	-3.1735426186494564	31.71268713255355
4.2912576671090505	-3.208517317168538	31.438850350938125
4.08465510197041	-3.2381400454727007	31.168517986502913
3.882986244118882	-3.262823036860003	30.901714039964897
3.686245840127605	-3.282960507787618	30.638448218094062
3.49441818901859	-3.298928749161105	30.378717611062964
3.3074779197532336	-3.3110863144553218	30.122508248535702
3.12539074103919	-3.3197742904729037	29.86979653716259
2.948114162120138	-3.3253166378105434	29.620550583035037
2.775598183590365	-3.328020589327113	29.37473140335785
2.6077859576085394	-3.3281770960790698	29.132294032132997
2.4446144171768944	-3.32606131129878	28.893188525040372
2.2860148744047692	-3.3219331040342506	28.65736086896409
2.131913587896505	-3.3160375950406875	28.424753801772045
1.982232299589746	-3.3086057084135754	28.195307548019336
1.836888741529421	-3.2998547332795454	27.96896047623503
1.695797113195542	-3.289988890616409	27.745649683376918
1.5588685301116354	-3.2791999009594544	27.525311511911514
1.4260114445482581	-3.2676675493704135	27.307882004807915
1.2971320392069918	-3.2555602446020595	27.093297303536787
1.1721345948223425	-3.2430355698886397	26.88149399394078
1.0509218326581302	-3.230240823234688	26.67240940460314
0.933395232901172	-3.217313545466105	26.465981862090143
0.8194553299706816	-3.2043820346520206	26.26215090718629
0.7090019857674724	-3.1915658458077405	26.060857475981415
0.6019346418857822	-3.178976275052201	25.862044049412415
0.4981525518015715	-3.1667168276212965	25.665654774608257
0.3975549940373494	-3.1548836693349616	25.471635561141046
0.3000414672844691	-3.143566061284139	25.27993415504653
0.20551186844171143	-3.1328467776469937	25.09050019324945
0.1138666545032332	-3.122802506664634	24.90328524081019
0.025006989201092802	-3.1135042349078703	24.718242813201975
-0.06116512472213532	-3.105017615050561	24.53532838563183
-0.14474672676580333	-3.097403317433985	24.354499391235304
-0.22583379263619593	-3.0907173657623552	24.17571520980124
-0.30452114014337966	-3.085011457313929	23.998937148523403
-0.3809023462817972	-3.080333268086525	23.82412841612613
-0.4550696747792783	-3.0767267433221885	23.65125409157212
-0.5271140134307759	-3.074232373874401	23.480281088433955
-0.5971248205655401	-3.0728874588936583	23.3111781158918
-0.6651900800264544	-3.0727263553145123	23.143915637214533
-0.7313962640718378	-3.073780714629913	22.97846582648018
-0.7958283036389288	-3.0760797074378514	22.814802524203117
-0.8585695654370192	-3.079650236241345	22.65290119245374
-0.919701835365961	-3.0845171369763236	22.492738869982162
-0.9793053077828042	-3.0907033697334536	22.334294127790034
-1.037458580164837	-3.0982301991297447	22.177547025534924
-1.0942386527422392	-3.1071173647742474	22.022479069097212
-1.149720932697328	-3.1173832422596233	21.869073169590944
-1.2039792425500246	-3.1290449950979746	21.717313604057267
-1.2570858323711769	-3.142118718005426	21.567185978039966
-1.3091113954859253	-3.156619571925534	21.418677190209298
-1.3601250873491406	-3.1725619111669463	21.271775399170238
-1.4101945472939434	-3.189959403015913	21.126469992564758
-1.4593859228722068	-3.2088251401693513	20.98275155855487
-1.5077638965228073	-3.2291717463191647	20.8406118597539
-1.5553917143198102	-3.2510114752037453	20.700043809655472
-1.6023312165679122	-3.274356303427742	20.56104145159563
-1.6486428700268176	-3.2992180173364543	20.423599940271462
-1.6943858015601871	-3.3256082942168166	20.287715525828368
-1.7396178330175542	-3.3535387780825396	20.153385540520006
-1.7843955171696628	-3.383021150286724	20.020608387938154
-1.828774174529285	-3.4140671951913397	19.88938353480377
-1.8728079309001446	-3.4466888611090374	19.75971150530653
-1.9165497555068467	-3.4808983167191823	19.631593877976446
-1.960051499567916	-3.516708003146385	19.505033285069306
-2.003363935182883	-3.5541306818764027	19.380033414446224
-2.046536794412651	-3.593179478671157	19.2565990139263
-2.0896188084398037	-3.633867923631322	19.13473589809186
-2.1326577467026198	-3.6762099875419723	19.014450957525643
-2.175700455903014	-3.7202201146237828	18.89575217046027
-2.218792898794633	-3.7659132517994482	18.77864861682088
-2.2619801926624232	-3.8133048745717537	18.663150494644352
-2.3053066474104837	-3.862411009597462	18.54926913885807
-2.3488158031788244	-3.9132482540276863	18.437017042404563
-2.3925504674140257	-3.965833791672904	18.326407879698742
-2.4365527513221226	-4.020185406037734	18.21745653240638
-2.48086410563501	-4.076321490257401	18.110179117534106
-2.5255253556243837	-4.1342610539549	18.00459301782215
-2.5705767352993165	-4.194023727024501	17.900716914432323
-2.6160579207252437	-4.255629760333804	17.798570821924727
-2.662008062403549	-4.3191000233230925	17.69817612551691
-2.7084658166518145	-4.3844559984669935	17.599555620619423
-2.755469375925221	-4.451719772549407	17.502733554641758
-2.8030564980197603	-4.52091402468856	17.407735671061452
-2.8512645340975213	-4.592062011034537	17.31458925574839
-2.9001304554738376	-4.665187546047245	17.223323185533772
-2.9496908791045953	-4.740314980247235	17.133967979011604
-2.999982091711078	-4.817469174317337	17.046555849556203
-3.0510400724773485	-4.896675469416771	16.961120760536133
-3.1029005142532693	-4.977959653554018	16.87769848269939
-3.155598843193507	-5.061347923848351	16.79632665369905
-3.2091702367600026	-5.14686684449366	16.717044839721336
-3.263649640011814	-5.234543300221082	16.639894599170393
-3.319071780102771	-5.324404445040301	16.564919548354222
-3.3754711789031044	-5.416477646021755	16.49216542910588
-3.432882163656675	-5.510790421864321	16.42168017826188
-3.49133887558082	-5.607370375975567	16.35351399890583
-3.550875276310471	-5.706245123773425	16.287719433270098
-3.611525152082629	-5.8074422139000035	16.224351437171116
-3.673322115551558	-5.910989043020382	16.16346745583448
-3.736299605118622	-6.0169127638607804	16.105127500945024
-3.800490881654222	-6.125240186122635	16.049394228733274
-3.865929022482592	-6.235997669891619	15.996333018883558
-3.932646912492597	-6.349211011142567	15.946012054020887
-4.000677232230751	-6.464905318925203	15.898502399501847
-4.07005244282475	-6.583104883799055	15.853878083200671
-4.140804767577826	-6.703833037070535	15.812216174944302
-4.212966170066306	-6.827112000371401	15.773596865209285
-4.286568328564492	-6.952962725105066	15.738103542649222
-4.361642606612439	-7.0814047212758595	15.705822869973616
-4.438220019534249	-7.212455875208197	15.676844857646957
-4.516331196705639	-7.346132255655262	15.651262934821325
-4.5960063393616295	-7.482447907793726	15.629174016855584
-4.677275173727067	-7.62141463460067	15.610678568709915
-4.760166899244574	-7.763041765111876	15.595880663435713
-4.844710131667464	-7.907335909069259	15.584888034907287
-4.930932840778	-8.054300697477823	15.577812123863866
-5.018862282484758	-8.203936508610715	15.574768116247656
-5.10852492504791	-8.35624017902724	15.575874972736155
-5.199946369176077	-8.511204699200043	15.581255448275032
-5.293151261735133	-8.668818893388867	15.591036100321219
-5.388163202807225	-8.82906708344792	15.605347284405186
-5.485004645837664	-8.991928736313778	15.624323135516464
-5.583696790608353	-9.15737809499143	15.648101533708216
-5.684259468780128	-9.325383792940187	15.676824052205124
-5.786711021751804	-9.495908451857531	15.710635886185113
-5.891068170592342	-9.668908262971181	15.749685760289891
-5.997345877813723	-9.844332552076862	15.79412581280318
-6.105557200767282	-10.022123328704895	15.844111454319883
-6.2157131364651965	-10.202214819963016	15.899801198615888
-6.3278224576515685	-10.384532989786214	15.961356463317872
-6.441891539974883	-10.56899504452923	16.028941337867337
-6.557924180147555	-10.75550892606682	16.1027223161762
-6.6759214050164495	-10.943972793817945	16.18286799128353
-6.79588127151181	-11.134274497384542	16.26954870924731
-6.917798657497033	-11.32629104180345	16.362936179448045
-7.0416650435959465	-11.519888047731323	16.463203038437914
-7.16746828614467	-11.714919209244059	16.570522364454444
-7.295192381487983	-11.911225752311344	16.68506713972582
-7.4248172219244735	-12.108635897416896	16.80700965773666
-7.556318343698029	-12.306964330230025	16.936520872700505
-7.689666667535333	-12.506011684692321	17.073769688603658
-7.824828232342288	-12.705564043365369	17.218922185350863
-7.9617639227959485	-12.905392460387079	17.372140779762045
-8.100429191701672	-13.105252512900378	17.53358331944525
-8.240773778129888	-13.304883887346909	17.703402107912094
-8.382741422502608	-13.504010007553791	17.881742859714176
-8.526269579965255	-13.702337712075332	18.068743584866745
-8.671289133554808	-13.899556988776432	18.264533402395553
-8.817724108860308	-14.095340775152113	18.469231283500132
-8.965491392064967	-14.289344833356283	18.682944725575055
-9.11450045346176	-14.481207709353846	18.90576835917825
-9.264653078737965	-14.67055078599119	19.137782490973848
-9.41584311053693	-14.856978440099196	19.379051586722422
-9.567956203016893	-15.040078313973362	19.62962269953182
-9.720869592338094	-15.219421711704825	19.889523849819625
-9.874451886216988	-15.394564130844671	20.158762364768222
-10.02856287588637	-15.565045939752519	20.437323186467285
-10.183053373988821	-15.73039321068899	20.725167159426547
-10.337765082104925	-15.890118718241908	21.022229309691355
-10.492530491769019	-16.04372311200428	21.32841712938258
-10.647172822953241	-16.19069627153478	21.643608882096633
-10.801506004096302	-16.330518850507225	21.967651946210243
-10.95533469781226	-16.46266401558105	22.300361214710403
-11.108454376430457	-16.586599383887314	22.64151757167961
-11.26065145148485	-16.701789161116942	22.990866466972708
-11.411703461180794	-16.80769648001382	23.34811661187881
-11.561379319721027	-16.903785936623045	23.71293881964117
-11.709439632151023	-16.989526318921985	24.084965015532543
-11.855637078098056	-17.064393519498093	24.46378744174144
-11.999716867411296	-17.12787362074678	24.848958082539095
-12.141417270264563	-17.179466137683026	25.23998833503224
-12.28047022375423	-17.218687399933113	25.636348950212934
-12.41660201641261	-17.245074050850352	26.03747026795293
-12.549534051361352	-17.258186638042037	26.442742768018885
-12.678983688052693	-17.257613265975422	26.851517957075778
-12.804665161693356	-17.242973277826756	27.263109608982667
-12.926290578522456	-17.213920930436284	27.676795372454745
-13.043570984130488	-17.170149023224955	28.091818756379023
-13.156217500971044	-17.111392439311484	28.50739149874069
-13.263942530145876	-17.037431554937548	28.92269632028856
-13.36646101145082	-16.948095471759398	29.33689005878596
-13.463491734574076	-16.84326502568618	29.749107174034304
-13.55475869325812	-16.722875525821337	30.158463607904395
-13.639992473195328	-16.58691917776165	30.56406097747941
-13.718931663444085	-16.435447147087146	30.964991073209024
-13.791324280253743	-16.26857122136714	31.360340627845325
-13.856929191392984	-16.086465032431096	31.749196316008543
-13.915517528411959	-15.889364804996138	32.130649938671716
-13.96687407375331	-15.677569602974094	32.503803741802
-14.010798609282357	-15.451441050833669	32.86777581401091
-14.04710721264655	-15.211402514185789	33.22170550447161
-14.075633487915246	-14.957937731168663	33.56475879970492
-14.096229717199678	-14.691588894105877	33.896133596204976
-14.108767920417582	-14.412954189125019	34.21506480537695
-14.113140811045925	-14.122684809788382	34.52082922793691
-14.10926263659514	-13.821481469107551	34.81275013681502
-14.097069893629289	-13.510090442400438	35.09020151069853
-14.07652190843384	-13.189299181097198	35.35261186462316
-14.047601275876938	-12.85993154464209	35.59946762937895
-14.010314150596757	-12.522842703870397	35.83031603786128
-13.964690386349282	-12.178913774531368	36.04476748371086
-13.910783521136118	-11.829046243830685	36.24249732550524
-13.848670607567737	-11.47415625588616	36.42324711819872
-13.778451889767979	-11.11516882375065	36.586825262266764
-13.700250329956942	-10.753012036132596	36.733107069884525
-13.614210989624182	-10.388611326122831	36.86203425625783
-13.520500271892182	-10.022883867172293	36.973613872718396
-13.419305033236839	-9.65673315831085	37.06791670621155
-13.310831574152635	-9.291043856271012	37.14507517716393
-13.195304519598944	-8.92667690689902	37.205280774275785
-13.072965601122998	-8.564465022157606	37.24878107041017
-12.944072353408156	-8.20520854231105	37.27587636835882
-12.808896738636621	-7.849671715718382	37.286916028786656
-12.667723712475498	-7.498579421214467	37.282294535066676
-12.520849745699763	-7.152614350524176	37.2624473510127
-12.368581315456808	-6.812414660691873	37.227846627732255
-12.211233379967474	-6.478572099283363	37.17899681501193
-12.049127850061046	-6.151630598271055	37.11643023089448
-11.882592070373597	-5.832085326168542	37.040702640510276
-11.711957322320227	-5.520382182238736	36.95238889189993
-11.537557360105447	-5.216917711541873	36.85207865263545
-11.359726990081674	-4.922039415262891	36.740372286641964
-11.178800702731856	-4.636046427202426	36.61787690587417
-10.995111365458222	-4.359190524533709	36.48520262653749
-10.80898898322852	-4.091677438909745	36.34295905448466
-10.620759532988746	-3.8336684327276496	36.19175201937838
-10.430743876612388	-3.5852821047684706	36.032180572288176
-10.23925675604165	-3.346596389479999	35.86483425667224
-10.046605873202767	-3.117650714793091	35.69029065825858
-9.853091056255538	-2.8984482844824973	35.50911323523897
-9.659003512782	-2.688958452631723	35.321849426472134
-9.464625169636607	-2.489119159658052	35.129029032087075
-9.270228098376858	-2.2988394015236233	34.931162858000334
-9.076074024477188	-2.1180017061335654	34.72874161342151
-8.88241391789741	-1.9464645934291291	34.52223504841045
-8.689487662032594	-1.784064998263496	34.31209131695415
-8.497523797614829	-1.6306206377463146	34.09873654983403
-8.30673933776309	-1.4859323073085682	33.88257462072357
-8.117339650082455	-1.349786092231541	33.66398708846273
-7.929518401496301	-1.221955483770622	33.443333298268
-7.7434575613450685	-1.1022033912552545	33.220950624714554
-7.559327458199771	-0.9902840436428513	32.99715483963786
-7.377286885811224	-0.8859447759315646	32.77224058860883
-7.197483253639224	-0.7889276975848389	32.54648196030481
-7.02005277747431	-0.6989712416859671	32.3201331338953
-6.845120705772479	-0.6158115949237043	32.09342909045764
-6.672801577461954	-0.539184009712544	31.86658637540244
-6.503199507148779	-0.46882400078194	31.639803899901295
-6.336408493835322	-0.404468429434017	31.41326377034325
-6.172512749470648	-0.3458564793811701	31.1871321358858
-6.011587043868323	-0.29273052864405047	30.961560045192996
-5.853697062751517	-0.24483692242936853	30.736684304454144
-5.698899775914088	-0.2019266522283497	30.512628329740746
-5.54724381271668	-0.16375594659344592	30.289502987678798
-5.3987698423637	-0.1300867791747477	30.06740741927793
-5.2535109566329545	-0.10068729964210349	29.846429842571144
-5.111493052947401	-0.0753321930938878	29.626648330467905
-4.972735215888969	-0.05380297347045653	29.408131560911528
-4.83725009545692	-0.035888216359467665	29.19093953705968
-4.705044280565927	-0.0213837364102113	28.975124275773474
-4.576118666460428	-0.010092714373107136	28.760730463206873
-4.450468814893833	-0.00182577855622328	28.547796076739516
-4.328085306080393	0.0035989547508976675	28.336352972890538
-4.2089540815771	0.006355877588586186	28.126427441196732
-4.0930567773905855	0.0066119193354456695	27.918040724335125
-3.9803710467306272	0.004526604637395685	27.711209505022293
-3.870870871947953	0.0002521367414822382	27.50594636043463
-3.764526865300377	-0.0060664970248967545	27.302260185069464
-3.661306558286626	-0.01429140063857707	27.100156583106987
-3.5611746793743078	-0.024291628396355607	26.899638231445078
-3.464093420025783	-0.035943030096989285	26.700705214662417
-3.3700226889951628	-0.049128084703105604	26.50335533322606
-3.2789203549311625	-0.06373572458662467	26.307584386299084
-3.190742477374618	-0.07966115226318447	26.11338643052495
-3.1054435262866598	-0.09680565133512237	25.92075401617043
-3.022976590285333	-0.11507639318863794	25.72967840200229
-2.9432935738028916	-0.13438624082914072	25.540149750251857
-2.866345383406932	-0.15465355108864481	25.352157302994595
-2.7920821035537258	-0.17580197630046282	25.165689541235412
-2.720453162062654	-0.1977602664089419	24.980734327946855
-2.6514074856181287	-0.22046207236473958	24.79727903626111
-2.584893645618861	-0.2438457515489145	24.61531066396589
-2.5208599947042654	-0.26785417587142607	24.434815935399833
-2.459254794295633	-0.29243454310051803	24.25578139178888
-2.400026333494601	-0.3175381918987086	24.078193471009183
-2.3431230396838	-0.3431204209681601	23.902038577704886
-2.288493581175425	-0.36914031264221503	23.727303144633794
-2.2360869622525708	-0.39556056120046235	23.553973686059354
-2.1858526109452527	-0.4223473061315961	23.38203684395243
-2.1377404598794483	-0.4494699705205074	23.211479427715112
-2.0917010205322812	-0.4769011046935923	23.042288448087547
-2.0476854512204983	-0.5046162352183918	22.87445114585039
-2.0056456191427037	-0.5325937193200134	22.70795501588941
-1.9655341567880082	-0.5608146047472994	22.54278782714346
-1.9273045130161892	-0.5892624950952271	22.378937638916955
-1.890910999105427	-0.6179234205674273	22.216392813996404
-1.8563088300550887	-0.6467857141425029	22.05514202897423
-1.823454161421914	-0.6758398930903887	21.89517428214835
-1.7923041219584992	-0.705078545770046	21.7364788993326
-1.7628168423135488	-0.734496223626859	21.579045537882852
-1.734951480043943	-0.7640893382969989	21.422864189215733
-1.708668241178951	-0.7938560637169066	21.267925180069874
-1.6839283985674787	-0.8237962431282565	21.11421917273551
-1.660694307229882	-0.8539113008622906	20.961737164456625
-1.6389294169263289	-0.8842041587825259	20.810470486187974
-1.6185982821446447	-0.9146791572606165	20.660410800871514
-1.5996665697015031	-0.9453419805570933	20.511550101379587
-1.5821010641418065	-0.9761995864766932	20.36388070825567
-1.5658696711125564	-1.007260140166385	20.21739526737013
-1.550941418878966	-1.0385329519235096	20.07208674759529
-1.5372864581423042	-1.0700284188813345	19.92794843859235
-1.524876060310985	-1.10175797043953	19.784973948792857
-1.5136826143685265	-1.1337340173081136	19.6431572036472
-1.5036796224745388	-1.1659699040344096	19.502492444205064
-1.4948416944275893	-1.1984798648840747	19.362974226085672
-1.4871445411116584	-1.2312789829492692	19.224597418888063
-1.480564967041162	-1.264383152358905	19.08735720608705
-1.475080862112921	-1.2978090434682217	18.951249085455178
-1.4706711926671356	-1.3315740709073798	18.816268870046724
-1.4673159919533583	-1.365696364371193	18.682412689776566
-1.4649963500915884	-1.400194742034953	18.549676993623
-1.4636944036130315	-1.4350886864838286	18.418058552481753
-1.4633933246596882	-1.4703983230460476	18.287554462696544
-1.4640773099167548	-1.5061444004229958	18.15816215028927
-1.4657315693469088	-1.5423482735120422	18.02987937591218
-1.4683423147908161	-1.5790318883206376	17.90270424054353
-1.4718967484936736	-1.6162177688727992	17.776635191948287
-1.4763830516132834	-1.6539290060120486	17.651671031924078
-1.4817903727610133	-1.6921892480070697	17.527810924354092
-1.4881088166230514	-1.731022692869064	17.405054404088105
-1.4953294327055937	-1.7704540822920527	17.283401386673756
-1.503444204243985	-1.8105086971296034	17.162852178961153
-1.5124460373123831	-1.8512123543235717	17.043407490604785
-1.5223287501672238	-1.8925914052024189	16.925068446488005
-1.5330870628546107	-1.9346727350684925	16.807836600096607
-1.5447165871087165	-1.9774837639952088	16.691713947869818
-1.5572138165653935	-2.0210524487565644	16.576702944558555
-1.5705761173124209	-2.0654072858126735	16.46280651962252
-1.5848017187951153	-2.1105773152759824	16.35002809469995
-1.59988970509348	-2.156592125783683	16.2383716021856
-1.6158400065845948	-2.2034818602024826	16.12784150495467
-1.632653392001468	-2.251277222091938	16.018442817273222
-1.6503314608973938	-2.300009482853143	15.910181126936799
-1.6688766365224026	-2.34971048948874	15.803062618682754
-1.6882921591163018	-2.4004126729001527	15.697094098923333
-1.7085820796206042	-2.452149056646975	15.592283021849447
-1.7297512538094506	-2.504953266092271	15.48863751695778
-1.7518053368375728	-2.5588595378561334	15.386166418056428
-1.7747507782012206	-2.613902729498038	15.28487929380696
-1.798594817105834	-2.670118329346124	15.184786479863849
-1.8233454782321954	-2.727542466389197	15.085899112674623
-1.8490115678906087	-2.786211920143954	14.98822916500725
-1.8756026705504978	-2.84616413040655	14.89178948327402
-1.9031291457306365	-2.9074372067936793	14.79659382672392
-1.931602125232946	-2.9700699379738964	14.702656908578426
-1.9610335107004246	-3.034101800484789	14.609994439188545
-1.9914359714773846	-3.099572967026189	14.518623171293571
-2.0228229427480553	-3.1665243141142607	14.428560947463664
-2.055208623925806	-3.234997428972072	14.33982674981447
-2.088607977264188	-3.305034615528458	14.252440752079373
-2.1230367266568266	-3.3766788993861563	14.166424374131333
-2.1585113565907053	-3.4499740316125167	14.08180033904678
-2.195049111214153	-3.5249644911965348	13.998592732806058
-2.232667993477333	-3.6016954860052546	13.91682706672709
-2.2713867642996184	-3.6802129520618103	13.83653034272975
-2.3112249417143196	-3.760563550955001	13.757731121529964
-2.3522027999372153	-3.842794665177406	13.680459593862919
-2.394341368301076	-3.926954391175092	13.604747654835014
-2.4376624299937384	-4.013091529876875	13.530628981503824
-2.4821885205324428	-4.101255574455099	13.458139113784314
-2.5279429259019173	-4.191496695052605	13.387315538777841
-2.574949680278073	-4.283865720192105	13.318197778618066
-2.6232335632534904	-4.378414114564997	13.250827481924112
-2.6728200964742332	-4.475193952875172	13.185248518947324
-2.7237355395910043	-4.574257889391597	13.121507080491954
-2.7760068854204873	-4.675659122839945	13.059651780683227
-2.8296618542049217	-4.779451356238331	12.999733763647903
-2.8847288868499112	-4.885688751256018	12.941806814162312
-2.941237137011959	-4.994425876646518	12.885927472310646
-2.9992164618976975	-5.1057176502765556	12.832155152182752
-3.0586974116271834	-5.219619274242029	12.78055226462409
-3.119711217003345	-5.336186162529972	12.73118434403175
-3.182289775518423	-5.455473860651427	12.684120179168891
-3.246465635416844	-5.577537956635381	12.639431947945198
-3.3122719776215246	-5.7024339827371975	12.597195356082858
-3.3797425953176266	-5.830217307177118	12.557489779555693
-3.448911870974164	-5.96094301518554	12.52039841065305
-3.5198147505693798	-6.094665778591467	12.486008407479595
-3.592486714770818	-6.231439713149715	12.454411046656624
-3.66696374680459	-6.371318222759644	12.425701878939902
-3.7432822967332537	-6.51435382968872	12.399980887411713
-3.8214792418424715	-6.660597989868123	12.377352647842605
-3.9015918428201224	-6.810100892288208	12.357926490747657
-3.98365769539229	-6.9629112414789285	12.341816664584943
-4.06771467706163	-7.119076022020481	12.32914249945832
-4.153800888573578	-7.278640243990383	12.320028570592637
-4.241954589715611	-7.441646668216985	12.314604860746162
-4.332214129034421	-7.608135510177024	12.313006920611684
-4.424617867034414	-7.778144121345065	12.315376026134329
-4.519204092400344	-7.951706646779852	12.321859331539171
-4.6160109307654364	-8.1288536577146	12.332610016715414
-4.715076245525859	-8.309611757909236	12.347787427445189
-4.816437530181435	-8.494003162521171	12.367557206793533
-4.920131791663253	-8.682045248262472	12.392091415791407
-5.0261954240899875	-8.873750073634175	12.421568641345367
-5.134664072377295	-9.06912386806629	12.456174089095244
-5.245572485108666	-9.268166488846422	12.496099658714973
-5.35895435606341	-9.47087084479583	12.541543998911644
-5.474842153786389	-9.677222285748146	12.592712539124005
-5.59326693857667	-9.887197957008171	12.64981749465455
-5.714258166268812	-10.100766118119289	12.713077841689817
-5.837843478182288	-10.317885425451967	12.78271925837308
-5.964048476620476	-10.538504178343452	12.858974027792904
-6.09289648531465	-10.762559528778922	12.942080898443374
-6.224408294228353	-10.989976654906172	13.03228489739853
-6.358601888166586	-11.22066789902681	13.129837091128646
-6.495492158672983	-11.454531871110852	13.234994288573317
-6.63509059874716	-11.691452519341498	13.348018680779957
-6.777404979975906	-11.931298169718596	13.469177411122525
-6.922439011747223	-12.173920537337569	13.59874206984046
-7.070191982306393	-12.419153712617865	13.736988106389294
-7.220658381517216	-12.666813126481363	13.884194152878155
-7.373827505323763	-12.916694499300602	14.040641251707427
-7.529683042043006	-13.168572779306794	14.206611980398185
-7.688202640791899	-13.422201077125974	14.382389466567
-7.849357462539459	-13.677309604154928	14.568256286035641
-8.013111714488488	-13.933604623615379	14.7644932372004
-8.179422168731762	-14.190767424327811	14.971377985034692
-8.348237666395601	-14.448453328521026	15.189183568479274
-8.5194986087789	-14.706290746329072	15.418176765503016
-8.693136437322469	-14.96388029101895	15.658616310817868
-8.869073104597996	-15.220793970419352	15.910750962118781
-9.04722053889057	-15.476574471469068	16.174817411816026
-9.227480105364108	-15.730734556253418	16.4510380425551
-9.409742067241151	-15.982756589316846	16.73961852639339
-9.593885050895851	-16.2320922174004	17.040745269340363
-9.779775519252253	-16.47816222402185	17.354582705089612
-9.967267258388807	-16.720356582443667	17.681270444177965
-10.156200882779464	-16.95803473152649	18.020920287522042
-10.346403365131511	-17.19052609967257	18.373613116284638
-10.537687597317449	-17.417130902487607	18.73939567333007
-10.729851989424837	-17.637121239857432	19.11827725511069
-10.92268011445722	-17.84974251778884	19.510226336669476
-11.115940406696039	-18.054215219531308	19.915167156503955
-11.3093859221696	-18.249737049118128	20.33297629227953
-11.502754170051364	-18.435485468470322	20.763479262735473
-11.695767024111907	-18.61062064653569	21.206447195524596
-11.888130723558847	-18.77428883553185	21.661593605075918
-12.079535972699599	-18.925626185181482	22.128571328766007
-12.269658148832745	-19.063763000835458	22.606969673606102
-12.458157627597984	-19.187828445559596	23.096311829168258
-12.644680234670254	-19.296955679614825	23.596052605431424
-12.828857832158485	-19.39028742331902	24.105576556484255
-13.01030904733938	-19.46698192109117	24.62419655239324
-13.188640150416855	-19.526219275635874	25.151152861890797
-13.36344608683045	-19.567208111842156	25.685612807677924
-13.534311668238407	-19.58919252020114	26.226671053929334
-13.700812924671022	-19.591459219581044	26.773350581898622
-13.862518618490466	-19.573344869257784	27.32460440423573
-14.018991918715257	-19.5342434504431	27.87931806166951
-14.169792231990018	-19.47361362846276	28.436312937043628
-14.314477184027739	-19.390985998522044	28.994350411328504
-14.452604742755195	-19.28597011097551	29.552136874230733
-14.583735471698043	-19.158261166515675	30.108329588525084
-14.707434899392217	-19.00764626802981	30.661543392410167
-14.823275987865259	-18.834010114338678	31.21035820831649
-14.930841680552842	-18.637340021888544	31.753327309980413
-15.029727507471158	-18.41773016392682	32.288986282629196
-15.119544223123324	-18.175384922902293	32.81586259422603
-15.199920450550822	-17.91062126085874	33.33248567938504
-15.27050530321465	-17.62387002442901	33.837397422260615
-15.330970955078476	-17.315676115556123	34.329162910991656
-15.381015128419067	-16.98669747607603	34.80638132459037
-15.42036346856567	-16.637702853462823	35.26769680401607
-15.44877177500477	-16.269568335966433	35.711809152951794
-15.466028059109018	-15.883272667557105	36.13748421087098
-15.471954400167094	-15.479891375978182	36.54356374156719
-15.466408573401619	-15.060589770158705	36.928974684591125
-15.449285426239427	-14.626614885622718	37.29273762498619
-15.42051798220402	-14.179286477663426	37.63397434826766
-15.380078255374853	-13.719987181321951	37.951914362484416
-15.327977762330718	-13.250151974003236	38.24590028711136
-15.264267722778845	-12.771257090378784	38.51539202896003
-15.189038944570115	-12.284808549622552	38.759969687723114
-15.102421393411879	-11.792330461715759	38.979335157535814
-15.004583452202635	-11.295353282326568	39.1733124153833
-14.895730879422795	-10.795402184602526	39.34184651158991
-14.77610548031387	-10.29398571116006	39.48500130131863
-14.645983508571973	-9.79258486086359	39.60295597831669
-14.505673819877826	-9.292642752959729	39.69600049248342
-14.355515801715288	-8.795554996233257	39.76452995068827
-14.19587710652955	-8.302660873573856	39.80903811522655
-14.027151217306375	-7.815235433281263	39.830110126065186
-13.849754876085457	-7.334482558181528	39.82841458142637
-13.664125406751602	-6.861529062810861	39.80469511622173
-13.470717963680153	-6.3974198481253595	39.75976161944417
-13.270002737477105	-5.943114122987906	39.69448123000902
-13.06246214818755	-5.499482682566064	39.609769245967414
-12.848588054998556	-5.067306216174846	39.506580074824285
-12.628879009690843	-4.647274601358405	39.38589834326594
-12.403837578971464	-4.239987127400544	39.24873027336709
-12.173967758409951	-3.8459535801387696	39.09609541974469
-11.939772498081103	-3.4655961110277347	38.92901884860435
-11.70175135725567	-3.0992518068489	38.74852382560936
-11.460398302645759	-2.747175872229723	38.555625065395084
-11.216199661871686	-2.4095453350907903	38.3513225817131
-10.969632241023954	-2.0864631850937285	38.136596163930065
-10.721161612500483	-1.7779628569027983	37.912400493184975
-10.471240576750787	-1.484012973357935	37.67966090013219
-10.220307799187616	-1.2045222682252275	37.43926975601333
-9.9687866213596	-0.9393446137821538	37.192083479906685
-9.717084043536412	-0.6882840848558102	36.938920137446615
-9.46558987414995	-0.45109999781823606	36.68055760009268
-9.214676040069744	-0.22751187023381822	36.417732229128895
-8.96469605046234	-0.017204254145388884	36.15113804492198
-8.71598460599128	0.18016859679219935	35.881426339481166
-8.468857344342602	0.36497825911904574	35.609205688933365
-8.223610712499749	0.5376178964387988	35.335042322044515
-7.980521955820982	0.6984982612350172	35.05946080125239
-7.739849213779787	0.8480439557816976	34.78294497371238
-7.501831712189354	0.9866899610994133	34.50593915146582
-7.266690041828819	1.1148784382807413	34.22884948190723
-7.034626513604204	1.2330558024540739	33.95204547214504
-6.805825580688598	1.3416700661682348	33.675861633516625
-6.580454318476083	1.4411684460413938	33.40059921534388
-6.35866295364118	1.531995224095042	33.126527999927625
-6.1405854340954615	1.6145898532562932	32.853888133701226
-5.926340032169034	1.6893852950149781	32.58289197234782
-5.716029973900985	1.7568065761245908	32.31372592048168
-5.5097440878892865	1.8172695504933705	32.04655224916789
-5.307557467716855	1.8711798519795515	31.781510877075956
-5.10953214253117	1.9189320236393208	31.518721103417402
-4.915717750899291	1.9609088090375324	31.258283282985655
-4.726152213587476	1.997480591480041	31.000280435598295
-4.540862401416181	2.0290049674285595	30.74477978402873
-4.359864794819144	2.055826440880899	30.491834216115947
-4.183166132181631	2.0782762261140384	30.241483668154792
-4.01076404445117	2.096672146868342	29.993756427909556
-3.8426476739004296	2.111318620777159	29.748670356666352
-3.6787982752782287	2.12250671859784	29.506234030658227
-3.5191897979087026	2.130514288562366	29.26644780296972
-3.3637894475952934	2.1356061369247357	29.02930478767254
-3.212558227452116	2.1380342565278276	28.794791768467423
-3.065451457024276	2.13803809593579	28.56289003452471
-2.9224192692713045	2.1358448623727146	28.33357614653819
-2.7834070851771635	2.1316698523695594	28.106822636246847
-2.6483560659152463	2.125716804645626	27.882598642843835
-2.5172035426414943	2.118178270336203	27.660870489794743
-2.3898834241130227	2.1092359962230702	27.44160220563424
-2.2663265824378107	2.099061317129313	27.22475599231418
-2.1464612173507467	2.0878155541045462	27.01029264463819
-2.030213199487767	2.075650415452308	26.798171924250536
-1.9175063931927578	2.062708398039404	26.58835289155363
-1.8082629594425201	2.049123186679012	26.38079419881435
-1.702403639514944	2.035020049697318	26.17545434758877
-1.599848020057391	2.0205162290796057	25.972291913455724
-1.5005147802338554	2.0057213238478533	25.771265740898496
-1.4043219216452327	1.9907376655505107	25.57233511102049
-1.3111869817257382	1.9756606849482028	25.375459884623652
-1.221027231321979	1.9605792691588149	25.1806006230212
-1.133759857159765	1.945576108683774	24.98771868880034
-1.0493021298985057	1.930728033876349	24.79677632859804
-0.9675715584638892	1.9161063405341618	24.6077367398033
-0.8884860313381882	1.9017771044037834	24.420564122956158
-0.8119639454732732	1.8878014844766768	24.235223721475062
-0.73792432347526	1.8742360150344475	24.051681850211768
-0.6662869196923517	1.86113288646878	23.869905914207983
-0.5969723158183916	1.8485402149587453	23.689864418908606
-0.5299020066048453	1.8365023011365544	23.51152697297441
-0.46499847625378926	1.8250598779134517	23.33486428473274
-0.402185266043006	1.8142503476709377	23.159848153205125
-0.34138703371362417	1.8041080090501744	22.986451454560417
-0.28252960512932196	1.7946642735946143	22.814648124756786
-0.22554001869461446	1.7859478725184803	22.644413139056464
-0.17034656299894216	1.7779850538873327	22.475722489025234
-0.11687880813237769	1.7707997705070737	22.308553157561697
-0.06506763109809541	1.764413858824799	22.142883092439433
-0.01484523572694277	1.7588472091494807	21.978691178790037
0.03385483252045189	1.7541179275027121	21.815957210902887
0.08109767649762928	1.75024248941021	21.65466186367144
0.12694704171439214	1.7472358859435826	21.49478666397381
0.17146531474736842	1.74511176231933	21.336313962236787
0.21471352540675204	1.7438825493583991	21.179226904398078
0.25675135236365587	1.7435595881050119	21.023509404451314
0.2976371319590064	1.7441532478980921	20.869146117729834
0.3374278699303867	1.7456730381826089	20.716122415061214
0.3761792558083355	1.7481277143416014	20.56442435790255
0.4139456797481239	1.7515253778227102	20.41403867454676
0.4507802515768399	1.7558735708257618	20.264952737473475
0.48673482184885636	1.7611793658104382	20.11715454190316
0.521860004715585	1.7674494500753712	19.970632685599643
0.5562052024274119	1.774690205652175	19.82537634995559
0.5898186312973825	1.7829077847500323	19.68137528238549
0.622747348967281	1.792108180978537	19.538619780042332
0.6550372828271956	1.8022972965685249	19.39710067486772
0.6867332594497857	1.8134810058027517	19.2568093199789
0.7178790349099268	1.8256652148603858	19.117737577391896
0.7485173258694741	1.8388559182714939	18.9798778070762
0.7786898413155577	1.8530592521699976	18.84322285733309
0.8084373148488517	1.868281544525931	18.707766056488232
0.8377995374260288	1.884529362530313	18.573501205887435
0.8668153904679414	1.9018095572985592	18.440422574183437
0.895522879251915	1.920129306051037	18.308524892901538
0.9239591665130537	1.939496151922192	18.177803353272004
0.9521606061856167	1.959918041542624	18.048253604317615
0.9801627772212538	1.9814033605315224	17.91987175218587
1.0080005174263391	2.0039609670300615	17.79265436071646
1.0357079572657522	2.0276002233996566	17.6665984532361
1.063318553585104	2.0523310262022885	17.54170151557511
1.0908651232080202	2.0781638345737212	17.41796150030135
1.1183798763691442	2.1051096970939587	17.2953768321699
1.145894449947386	2.1331802772529658	17.173946414789125
1.1734399404675708	2.1623878776034893	17.053669638506065
1.2010469368419538	2.1927454626866427	16.934546389516864
1.2287455528260318	2.2242666808097535	16.81657706021091
1.2565654591660842	2.256965884750116	16.699762560759478
1.2845359154181826	2.290858151452034	16.584104331963562
1.3126858014209422	2.3259593007787815	16.469604359377783
1.3410436484063402	2.36228591337513	16.356265188730408
1.3696376697347374	2.399855347690046	16.244089942662963
1.398495791241931	2.438685756203244	16.1330823388159
1.427645681187567	2.4787961008933337	16.023246709289754
1.4571147797954698	2.5202061679792735	15.914588021514582
1.4869303283774407	2.562936581960654	15.80711190056381
1.5171193980329911	2.607008818976247	15.70082465295175
1.5477089179180965	2.6524452194939196	15.5957332919574
1.5787257030765416	2.699269000338666	15.491845564520316
1.6101964818276766	2.7475042660588826	15.389169979757838
1.6421479227045315	2.7971760196244073	15.287715839155997
1.67460666093592	2.8483101724425444	15.187493268490492
1.707599324466396	2.900933553672053	15.088513251535623
1.7411525595067137	2.9550739188065003	14.990787665624746
1.7752930556073108	3.0107599574916173	14.894329319127191
1.8100475702462238	3.0680213005329158	14.799151990910659
1.845442952921827	3.126888526041656	14.705270471860832
1.8815061687394488	3.1873931646584226	14.612700608533428
1.918264321479504	3.2495677037846313	14.52145934901644
1.955744676133011	3.3134455907425817	14.431564791083586
1.9939746808884364	3.379061234774714	14.343036232722449
2.032981988551705	3.4464500077821834	14.255894225123477
2.0727944773787206	3.515648243691628	14.170160628218436
2.1134402712971725	3.586693236327338	14.08585866885905
2.1549477594915	3.6596232356537124	14.00301300172827
2.1973456153215976	3.7344774422395126	13.921649773078661
2.2406628145426	3.8112959997820055	13.841796687393007
2.284928652788877	3.8901199855135613	13.763483077064077
2.3301727622821296	3.9709913982993283	13.68673997518916
2.376425127718078	4.053953144216314	13.611600191576809
2.423716101282213	4.139049019388187	13.53809839206095
2.4720764167396165	4.226323689830996	13.466271181216806
2.5215372025386795	4.315822668046251	13.396157188570127
2.5721299938623967	4.4075922860766275	13.327797158388632
2.6238867435545776	4.501679664717897	13.261234043140215
2.676839831841882	4.598132678558194	13.196513100696757
2.7310220747651917	4.696999916491393	13.133681995355959
2.7864667312260814	4.798330637325575	13.072790902745629
2.8432075085460715	4.902174720081147	13.01389261866494
2.901278566427619	5.008582608544836	12.957042671905706
2.960714519196444	5.117605249616261	12.902299441083246
3.021550436195023	5.229294024952804	12.849724275490594
3.0838218401865163	5.343700675386065	12.799381619971657
3.1475647036176517	5.460877217549946	12.751339143787721
3.2128154425766127	5.580875852123928	12.705667873428308
3.279610908270576	5.703748863060438	12.66244232928925
3.3479883758337774	5.829548507126159	12.621740666110536
3.417985530263457	5.958326893048647	12.583644817031187
3.4896404492666466	6.090135849519906	12.548240641079024
3.5629915827854846	6.225026781267424	12.515618073869032
3.638077728952783	6.363050512361619	12.485871281234497
3.714938006213378	6.504257115887345	12.459098815459814
3.793611821328784	6.648695729063714	12.435403773722593
3.8741388329653312	6.796414352855664	12.414893958284328
3.95655891054723	6.947459635079199	12.397682037893505
4.0409120880365	7.101876635961383	12.38388570978184
4.127238512281902	7.259708575077692	12.37362786154248
4.21557838555928	7.420996558553932	12.367036732078276
4.305971901904131	7.5857792853851	12.364246070697908
4.3984591768174965	7.754092731696602	12.365395293316933
4.493080169903495	7.925969811745977	12.370629634589417
4.5898745999772945	8.10144001444802	12.380100294652783
4.688881852160518	8.280529014193856	12.393964579013643
4.790140876460726	8.463258254732997	12.41238602993494
4.893690077311459	8.64964450489537	12.435534547504101
4.999567193530862	8.839699384952166	12.463586498368269
5.107809168139073	9.03342886244895	12.496724809915046
5.218452007458604	9.230832716396401	12.53513904745613
5.331530628907599	9.4319039687736	12.579025471735738
5.4470786968855585	9.636628282392977	12.62858707383759
5.565128446142429	9.844983324291658	12.6840335843022
5.685710492017972	10.056938093959065	12.74558145299238
5.80885362693826	10.272452215885812	12.813453795959072
5.93458460256233	10.491475196130477	12.887880305265043
6.062927896983433	10.713945642849371	12.969097117420526
6.193905466408183	10.939790451026264	13.057346635776653
6.327536480764077	11.168923951977737	13.152877301911596
6.463837042721827	11.401247028599235	13.255943310734832
6.602819889666467	11.636646197763286	13.366804263731776
6.744494078209034	11.874992661785296	13.485724754478246
6.888864650902172	12.116141331441368	13.612973880278961
7.035932284910292	12.359929823661545	13.748824673534811
7.185692922486667	12.606177437729919	13.893553446225877
7.338137383229909	12.854684114607185	14.04743904072236
7.493250958232508	13.105229384854177	14.210761980014903
7.651012986393844	13.357571311574617	14.383803510399176
7.811396413353266	13.611445435816092	14.566844529672368
7.974367333706326	13.866563732967892	14.760164394015712
8.139884517399413	14.122613589868198	14.964039596961674
8.307898921457802	14.379256813579573	15.178742314196258
8.478353188490182	14.636128684101996	15.404538808443215
8.651181133726986	14.892837064653227	15.641687689333569
8.82630722270005	15.148961584557215	15.89043802401154
9.00364604204079	15.40405291120116	16.151027295265926
9.183101766282215	15.657632128959134	16.42367920524793
9.364567623980669	15.909190244387077	16.708601324342776
9.54792536693173	16.15818783835186	17.00598258652922
9.733044746736443	16.404054887027854	17.31599063460108
9.919783003475844	16.646190774838775	17.6387690209504
10.107984371768223	16.88396452339456	17.974434272229615
10.297479610011775	17.116715261226396	18.323072829127526
10.488085559142178	17.343752959594635	18.684737875696737
10.679604737758181	17.564359459784352	19.059446076157577
10.871824980975394	17.777789817044187	19.447174240848998
11.064519130848058	17.98327398560199	19.847855946969847
11.257444786636336	18.180018867937743	20.261378143906867
11.450344123582145	18.36721074965086	20.687577777230782
11.642943789169856	18.54401813875753	21.126238469779086
11.834954886076561	18.709595025043804	21.577087302557413
12.026073051136281	18.863084571127285	22.039791742367047
12.215978639643131	19.003623242117893	22.51395676700665
12.404337024173516	19.130345375187794	22.99912224245528
12.590799016803816	19.242388183966717	23.494760609491525
12.77500142311696	19.338897185490097	24.000274939580695
12.956567735714522	19.419032029493426	24.514997421414577
13.135108974064483	19.481972701242857	25.03818834004945
13.310224676409252	19.526926059930528	25.56903561000244
13.481504048125643	19.553132665086064	26.106654921780375
13.648527269365244	19.559873833642115	26.650090557991202
13.81086696301378	19.546478860455352	27.198316930314775
13.968089821999907	19.512332325470098	27.750240882100954
14.11975839277306	19.45688140159466	28.304704793172444
14.265433009380612	19.379643069038146	28.860490513539666
14.404673870037612	19.28021113464082	29.41632414123792
14.537043245435015	19.158262948944927	29.970881646477984
14.66210780532497	19.013565709707073	30.522795329948536
14.779441047203072	18.845982238547926	31.07066108764131
14.888625808242058	18.65547611773214	31.61304643830797
14.989256839080843	18.442116076893914	32.14849925294975
15.080943415708013	18.206079525028084	32.67555710901319
15.163311963566956	17.947655131345996	33.19275717566277
15.236008666223888	17.667244369645413	33.698646521130236
15.298702029541586	17.36536195458629	34.19179271917723
15.351085371356072	17.042635114500094	34.670794619674666
15.392879206208587	16.699801663819574	35.13429313863828
15.42383349478734	16.337706858499626	35.5809819162196
15.44372972840769	15.957299039456593	36.009617687459354
15.452382820122587	15.559624091526418	36.41903021035712
15.449642775904053	15.14581876814409	36.80813159914412
15.435396121753552	14.717102954220621	37.17592491763872
15.409567065546874	14.274770960919376	37.521511898112365
15.37211837584636	13.82018196554209	37.8440996650335
15.323051963751377	13.354749726965458	38.143006360036416
15.262409158024631	12.879931721456416	38.417665584079536
15.190270668135541	12.39721785482831	38.66762959445732
15.10675623440018	11.908118914421765	38.89257121752563
15.01202396896636	11.414154928109078	39.09228446201895
14.906269395882497	10.916843597326446	39.2666838420049
14.789724202799942	10.417688967112989	39.41580244213759
14.662654720887051	9.918170488426844	39.53978878029502
14.525360153195262	9.419732616947655	39.63890254330033
14.37817057493209	8.923775078542839	39.71350928971603
14.22144473180468	8.431643915082024	39.764074229227255
14.05556766474883	7.944623405862324	39.79115520057743
13.880948190929454	7.463928940173729	39.79539497917583
13.698016271870555	6.990700896069904	39.77751305127896
13.507220299956941	6.525999559831442	39.73829699408041
13.309024334360654	6.070801100459315	39.67859360026347
13.103905316722765	5.62599459434277	39.59929988180462
12.892350295708434	5.192380077439199	39.50135408137282
12.674853687909236	4.770667586255056	39.38572681091718
12.451914600553865	4.361477134901573	39.253412426384934
12.22403423917775	3.96533956371392	39.10542073539712
11.991713420860616	3.582698185464401	38.942769121568475
11.755450210943998	3.2139111481028118	38.76647515542052
11.515737698354247	2.859254428165202	38.57754974790465
11.273061921841908	2.518925366388826	38.37699088878809
11.027899956672	2.1930466565035984	38.16577799888707
10.780718168608267	1.8816706994221788	37.944866912623425
10.531970639468868	1.5847842378858008	37.71518549584761
10.282097766136001	1.3023131908014827	37.47762989347935
10.03152503270434	1.0341276117671936	37.233061392376825
9.780661953468378	0.7800467023653371	36.98230387701165
9.529901182693497	0.5398438174735563	36.726141849019704
9.279617785600685	0.3132514068740905	36.46531897649881
9.030168663714962	0.09996584462776027	36.200537134976024
8.781892126676336	-0.10034789516278231	35.93245589918768
8.535107601792614	-0.28805175058518073	35.66169244311905
8.290115471997952	-0.4635302998463231	35.3888218050121
8.047197032460446	-0.6271867263154011	35.114377474154786
7.806614555844139	-0.7794390362839525	34.83885225709901
7.568611456148477	-0.9207165397583115	34.56269938238531
7.333412541105436	-1.0514565998661598	34.286333804768354
7.10122434329598	-1.1721016522885588	34.010133672232314
6.872235520427601	-1.2830964925228292	33.73444192165065
6.646617315580262	-1.3848858257206225	33.45956797169587
6.424524068658943	-1.4779120713054936	33.18578948445654
6.206093770777453	-1.5626134125190205	32.91335417010972
5.991448653814778	-1.6394220794407905	32.64248161185452
5.780695807932928	-1.7087628528268703	32.37336509110597
5.573927820401882	-1.7710517752756065	32.10617339562481
5.37122342963882	-1.8266950557121908	31.841052595797432
5.172648188922059	-1.876088152943336	31.57812777665109
4.9782551347881325	-1.919615024026493	31.317504715393063
4.788085455645817	-1.957647523389768	31.059271496273617
4.602169156643407	-1.9905449389911767	30.803500056394014
4.4205257173070205	-2.01865365228579	30.550247657720426
4.243164738919127	-2.0423069093491204	30.29955828201766
4.07008657902751	-2.061824691158343	30.051463946692348
3.901282970868218	-2.0775136717364164	29.805985940647112
3.7367376258462244	-2.089667253599426	29.56313598019909
3.5764268175498035	-2.0985656706970905	29.322917285926096
3.4203199460742595	-2.1044761497873963	29.085325581976473
3.2683800817050863	-2.107653121926715	28.850350019935235
3.1205644872540392	-2.108338476478314	28.61797402978205
2.9768251185615187	-2.106761850737104	28.388176100825792
2.8371091028713207	-2.103140948932065	28.160930495759928
2.701359194955711	-2.0976818849958323	27.936207901170445
2.5695142110190674	-2.090579544081361	27.713976017949943
2.441509440536083	-2.082017958356506	27.49420009513262
2.317277036292837	-2.072170693118579	27.276843410682233
2.1967463829952774	-2.061201239742626	27.061867702743555
2.0798444448874163	-2.0492634124099216	26.84923355480669
1.966496092889469	-2.036501745958418	26.638900738151925
1.8566244118198691	-2.0230518925561696	26.43082851483578
1.7501509883078032	-2.0090410152236977	26.224975904354803
1.6469961800371988	-1.9945881765242524	26.021301916989
1.5470793669878131	-1.9798047210036267	25.81976575668148
1.4503191853561115	-1.9647946501959495	25.620326996158955
1.356633744850451	-1.9496549892209576	25.422945726845445
1.2659408300592454	-1.9344761441833576	25.227582685964332
1.1781580865918517	-1.9193422497484975	25.03419936307102
1.0932031926872479	-1.9043315064122488	24.84275808810514
1.0109940169783467	-1.8895165071088642	24.653222102903346
0.9314487630893883	-1.8749645529103474	24.465555617970615
0.8544861017299701	-1.8607379576658298	24.279723856167564
0.7800252909348163	-1.8468943415117283	24.09569308484053
0.7079862850811321	-1.833486913253847	23.913430637794157
0.6382898332969802	-1.8205647416827146	23.73290492838597
0.5708575678553242	-1.8081730159344496	23.55408545491077
0.5056120831280007	-1.7963532950522334	23.37694279933561
0.44247700565357606	-1.785143746939175	23.201448620347403
0.38137705585178694	-1.7745793769227034	23.02757564158148
0.3222381018966227	-1.7646922461745616	22.855297635814182
0.2649872062390774	-1.7555116802495903	22.68458940582295
0.2095526652494505	-1.7470644680213283	22.51542676254274
0.1558640424280343	-1.7393750513037296	22.34778650107881
0.10385219561348415	-1.7324657054565533	22.181646375075836
0.053449298597462024	-1.7263567112773448	22.016985069884374
0.004588857534544354	-1.7210665184860463	21.853782174913256
-0.04279427748229629	-1.7166119011095173	21.6920181555105
-0.08876390532956267	-1.7130081050726096	21.53167432467003
-0.13338247091083033	-1.7102689883005808	21.372732814824502
-0.17671106604834277	-1.708407153634419	21.215176549947945
-0.2188094339098237	-1.7074340748565098	21.058989218160047
-0.25973597668764	-1.7073602161191115	20.904155244996996
-0.29954776626369334	-1.708195145062397	20.75065976748651
-0.3383005576081985	-1.709947639902616	20.598488609143423
-0.37604880467516805	-1.7126257907642397	20.447628255981712
-0.41284567857137094	-1.7162370955229151	20.29806583362126
-0.44874308778892574	-1.720788550418755	20.149789085552005
-0.48379170030475893	-1.7262867356920337	20.002786352603486
-0.5180409673613404	-1.7327378964855547	19.857046553660467
-0.5515391487564257	-1.7401480192504049	19.712559167648507
-0.5843333394794049	-1.7485229038838772	19.569314216810007
-0.6164694975429883	-1.7578682318205632	19.42730225128187
-0.6479924728691081	-1.7681896302898354	19.286514334979906
-0.6789460370974381	-1.7794927329451564	19.14694203279035
-0.7093729141941022	-1.791783237062927	19.008577399065015
-0.7393148117468475	-1.805066957500972	18.87141296741322
-0.7688124528413826	-1.8193498775992636	18.735441741780647
-0.7979056084210957	-1.8346381971979602	18.60065718880473
-0.8266331300399258	-1.8509383779405162	18.467053231434658
-0.8550329829251615	-1.8682571860224335	18.334624243803233
-0.8831422792735789	-1.8866017325391025	18.2033650473379
-0.9109973117104866	-1.905979511579194	18.07327090809882
-0.9386335868470401	-1.9263984362031	17.94433753533315
-0.9660858588768777	-1.9478668724392996	17.816561081234703
-0.9933881631583061	-1.9703936714248715	17.689938141900054
-1.0205738497329238	-1.9939881998097335	17.564465759474313
-1.0476756167363281	-2.0186603685378905	17.44014142548098
-1.0747255436606895	-2.044420660112621	17.31696308533267
-1.101755124432993	-2.071280154446306	17.194929144021735
-1.128795300276369	-2.099250553389483	17.074038472992218
-1.1558764923254334	-2.128344204027702	16.954290418196923
-1.183028633969591	-2.158574120828725	16.835684809346322
-1.2102812029012917	-2.1899540067167695	16.718221970358496
-1.2376632528487597	-2.2224982731445695	16.60190273102239
-1.265203444975293	-2.25622205922834	16.486728439889095
-1.2929300789292701	-2.2911412500048125	16.372700978409448
-1.320871123531102	-2.3272724938638025	16.25982277633884
-1.3490542470851319	-2.3646332192041033	16.14809682843315
-1.3775068473059089	-2.403241650354456	16.037526712463464
-1.4062560808499154	-2.443116822796021	15.92811660857909
-1.435328892444553	-2.4842785977162407	15.819871320053549
-1.464752043607682	-2.5267476759188723	15.712796295449136
-1.4945521409513096	-2.5705456111082587	15.606897652240972
-1.524755664063942	-2.6156948225603194	15.502182201943276
-1.55538899296638	-2.662218607186269	15.398657476784635
-1.5864784351359635	-2.710141150988772	15.296331757982163
-1.6180502520943743	-2.759487539903761	15.195214105667612
-1.6501306855538505	-2.810283770014322	15.095314390522086
-1.6827459831165144	-2.8625567571162716	14.996643327178932
-1.7159224235207478	-2.9163343456075763	14.89921250945825
-1.7496863414281596	-2.971645316666704	14.80303444749897
-1.7840641517435585	-3.0285193956769283	14.708122606858248
-1.8190823734592567	-3.0869872588453697	14.614491449651316
-1.8547676530139723	-3.1470805389575607	14.522156477807192
-1.891146787154939	-3.2088318301990477	14.431134278519455
-1.9282467452899017	-3.272274691965929	14.341442571974527
-1.9660946913145683	-3.3374436515775954	14.253100261441068
-2.0047180048978754	-3.4043742057929522	14.166127485809204
-2.0441443022058503	-3.4731028210217025	14.080545674669043
-2.0844014560419057	-3.5436669321103236	13.996377606020879
-2.1255176153786315	-3.6161049395701776	13.913647466711613
-2.1675212242529147	-3.690456205102338	13.832380915693664
-2.210441039993021	-3.7667610452602913	13.752605150203902
-2.254306150742225	-3.8450607230768385	13.674348974961648
-2.2991459922399486	-3.925397437466662	13.597642874485011
-2.3449903638167306	-4.007814310199537	13.522519088625247
-2.391869443554854	-4.092355370222193	13.44901169141824
-2.4398138025613507	-4.179065535088638	13.377156673351058
-2.4888544182947236	-4.267990589239459	13.306992027139852
-2.5390226868809376	-4.359177158850435	13.238557837112362
-2.5903504343479913	-4.452672682949126	13.171896372284815
-2.642869926701774	-4.548525380475616	13.107052183217935
-2.6966138787586833	-4.64678421293914	13.04407220273112
-2.751615461643108	-4.747498842297682	12.9830058505459
-2.807908308849505	-4.850719583660214	12.923905141921264
-2.86552652076041	-4.9564973523838916	12.86682480033232
-2.9245046675024002	-5.064883605108458	12.811822374231403
-2.9848777900122547	-5.17593027423945	12.75895835791567
-3.0466813991754065	-5.289689695359629	12.708296316508042
-3.1099514728873974	-5.406214527013612	12.65990301503857
-3.174724450877843	-5.525557662276071	12.613848551590323
-3.241037227123896	-5.647772131476964	12.570206494447836
-3.308927139667034	-5.7729109954187825	12.529054023156704
-3.3784319576336266	-5.901027228382314	12.49047207336895
-3.4495898652452617	-6.032173590176646	12.45454548531118
-3.5224394425893855	-6.166402486447376	12.421363155669786
-3.5970196429051677	-6.303765816415031	12.39101819263976
-3.6733697661231997	-6.444314807173456	12.363608073829901
-3.7515294283791314	-6.58809983363243	12.339234806658402
-3.8315385272049007	-6.735170223148579	12.318005090805615
-3.913437202081288	-6.885574043843494	12.300030482218206
-3.9972657900165167	-7.039357875566746	12.285427558077288
-4.0830647757957275	-7.196566562420777	12.274318082053838
-4.1708747365252625	-7.357242945725568	12.26682916907609
-4.260736280075264	-7.5214275762659	12.263093448725535
-4.352689977002147	-7.689158404630802	12.263249226259799
-4.446776285511032	-7.860470448426947	12.267440640131635
-4.543035468997162	-8.035395435127054	12.275817814732417
-4.64150750568244	-8.21396141929649	12.288537006935917
-4.742231989843121	-8.396192372936884	12.30576074485261
-4.845248024103481	-8.582107747687346	12.327657957026458
-4.950594102250087	-8.771722007638488	12.354404090113743
-5.0583079820027965	-8.9650441315431	12.386181212877627
-5.1684265471596245	-9.162077083248613	12.423178104111212
-5.280985658522063	-9.36281724924734	12.465590321868982
-5.396019992987797	-9.56725384231196	12.513620251135873
-5.513562870192449	-9.775368270299005	12.567477126802109
-5.633646066074251	-9.987133469334848	12.627377028535967
-5.756299612733286	-10.202513200762645	12.693542843858918
-5.881551583959582	-10.421461311426572	12.76620419542844
-6.009427865814225	-10.64392095710767	12.845597328226644
-6.139951911662261	-10.869823789201789	12.93196495203732
-6.273144481079429	-11.099089105053897	13.025556034275095
-6.409023362088615	-11.331622962740216	13.12662553791162
-6.547603076223167	-11.56731726151704	13.235434098927323
-6.688894565968792	-11.806048789645404	13.352247637410288
-6.83290486420283	-12.047678241854317	13.477336896132051
-6.979636745330794	-12.29204920932694	13.610976900159255
-7.1290883579168955	-12.538987145787614	13.753446330819482
-7.281252838719678	-12.78829831403771	13.905026807137682
-7.436117908179357	-13.039768718139822	14.066002067709848
-7.593665447555062	-13.293163027375241	14.236657045887338
-7.753871058088878	-13.548223499114426	14.417276831131357
-7.916703602773846	-13.804668908832666	14.608145509469617
-8.082124731530927	-14.062193496678198	14.809544876167303
-8.250088390851714	-14.320465941246363	15.021753014022734
-8.420540319246472	-14.579128372533145	15.245042731139876
-8.593417530149372	-14.83779543742233	15.479679852631612
-8.768647784272503	-15.096053432485364	15.725921361486083
-8.946149053772501	-15.353459520334695	15.984013384809082
-9.125828980996822	-15.609541047246703	16.254189022858437
-9.307584335005737	-15.863794981230312	16.53666601972468
-9.491300469525315	-16.115687491140775	16.831644276212415
-9.676850786472079	-16.36465368878982	17.13930320745422
-9.86409620969774	-16.610097557242117	17.4597989500563
-10.052884674122092	-16.851392089562683	17.793261426132055
-10.243050635967137	-17.087879663165214	18.139791274462937
-10.434414610339873	-17.31887267551405	18.49945666218526
-10.62678274295794	-17.543654467234518	18.872289993881065
-10.819946423337418	-17.761480558591863	19.258284538691484
-11.013681947267584	-17.971580224759347	19.657391000066248
-11.207750236867259	-18.173158434238733	20.069514056968405
-11.401896626936667	-18.36539817315257	20.49450890971396
-11.595850726671603	-18.54746317583232	20.932177868074483
-11.789326366077365	-18.71850107911975	21.38226702372699
-11.982021636590972	-18.877647014029026	21.844463053502864
-12.173619035471818	-19.024027643839695	22.31839020405207
-12.363785723430706	-19.15676565227711	22.803607512363698
-12.552173904723151	-19.274984679183262	23.299606319944115
-12.738421338510575	-19.377814693995262	23.805808141183302
-12.92215198967488	-19.46439778946997	24.321562948375107
-13.102976826446895	-19.533894369492845	24.846147936841344
-13.280494771161864	-19.585489695584876	25.378766833472262
-13.45429380917218	-19.618400747007456	25.91854981056117
-13.623952259434002	-19.6318833393377	26.46455406396006
-13.789040208531878	-19.625239436248325	27.015765110162658
-13.949121107924634	-19.597824579221907	27.571098850842535
-14.103753532001177	-19.549055350332306	28.129404445576903
-14.252493092144933	-19.478416774336125	28.68946802394512
-14.394894499452814	-19.385469558453554	29.250017256949285
-14.530513766071596	-19.26985706171202	29.809726794839786
-14.658910532353675	-19.131311880903212	30.36722456412309
-14.779650504240616	-18.969661937382188	30.921098900978457
-14.892307982521462	-18.784835948402623	31.46990648182156
-14.99646846294678	-18.576868168680843	32.01218099467378
-15.091731283680739	-18.345902292598208	32.546442477747085
-15.177712294309183	-18.092194415011438	33.07120723467512
-15.254046518670117	-17.816114959068194	33.58499821963634
-15.320390782198677	-17.518149492668204	34.08635577071772
-15.376426273348416	-17.19889837110717	34.57384855678195
-15.4218610080212	-16.859075161733454	35.0460845923191
-15.456432165858466	-16.499503826758367	35.5017221667612
-15.479908267746548	-16.121114662257625	35.93948052986739
-15.492091164993292	-15.724939014318677	36.35815017339814
-15.492817812342036	-15.31210281664566	36.75660255156025
-15.481961799291014	-14.883819017053778	37.133799088744425
-15.459434617047428	-14.441378982527382	37.488799332823106
-15.425186641818508	-13.986142993187725	37.820768125594704
-15.379207818960662	-13.519529954011487	38.12898167853204
-15.321528036691399	-13.043006468860678	38.412832461428245
-15.252217182525857	-12.558075433872311	38.67183283328838
-15.171384880226961	-12.066264316102393	38.90561736830583
-15.079179909748184	-11.569113288283496	39.11394385430549
-14.97578931729003	-11.06816339150647	39.29669296593046
-14.861437227079243	-10.564944894599915	39.45386663938033
-14.73638337070318	-10.060966012070844	39.58558519899678
-14.600921353704717	-9.557702132014148	39.69208330777515
-14.4553766825756	-9.056585691746408	39.773704833406754
-14.300104578213858	-8.558996822580859	39.830896738243766
-14.135487604276294	-8.06625486667297	39.86420211526381
-13.961933140632564	-7.5796108488613285	39.87425250244573
-13.779870733287591	-7.1002409655030485	39.86175961483289
-13.589749352690058	-6.629241131098263	39.82750663694891
-13.392034592301444	-6.16762260259872	39.77233921825742
-13.187205838696508	-5.716308681249514	39.69715631123464
-12.975753443342075	-5.276132473085032	39.60290098564935
-12.758175924621781	-4.8478356722111	39.4905513441884
-12.534977226697478	-4.432068316048241	39.36111165404313
-12.306664059491757	-4.029389449006252	39.21560379692469
-12.073743341523235	-3.64026862075748	39.05505912666473
-11.836719764591779	-3.265088137401298	38.880510809526825
-11.596093496461659	-2.904145978325612	38.69298670802136
-11.352358034809798	-2.5576592883983884	38.493502854782776
-11.10599822284185	-2.225768354075843	38.28305754926734
-10.857488434190845	-1.9085409729007279	38.062626096956066
-10.6072909320521	-1.6059771284495463	37.83315619864011
-10.355854405006502	-1.318013886806194	37.595563986399114
-10.10361267968341	-1.0445304358386478	37.35073069318934
-9.850983608330539	-0.785353194661213	37.099499934607145
-9.598368127504857	-0.5402609274221439	36.8426755744071
-9.346149482491215	-0.30898980273615784	36.58102013972647
-9.094692610695422	-0.09123834746481503	36.31525374764909
-8.844343676129705	0.11332774906657529	36.04605350164324
-8.59542974622145	0.3050710170837588	35.77405331445016
-8.348258601504963	0.48437780432678573	35.49984411305738
-8.103118668285836	0.6516541131243911	35.223974381341094
-7.860279064087482	0.8073216936607297	34.94695099668583
-7.6199897455778265	0.9518144049672274	34.66924031825949
-7.382481748708601	1.0855748501928273	34.39126948651274
-7.147967510960304	1.2090512883105085	34.113427895767416
-6.9166412658576135	1.3226948206024554	33.83606880435941
-6.688679500282644	1.4269568470184428	33.55951104960836
-6.4642414655428535	1.5222867847989983	33.28404083780776
-6.243469733640685	1.6091300395581587	33.00991358240254
-6.0264907907194285	1.6879262172954146	32.73735576647534
-5.8134156602163936	1.7591075645072614	32.46656680855049
-5.604340548822385	1.8230976226529318	32.19772091349957
-5.3993475089255725	1.8803100826474521	31.930968892973482
-5.1985051117882355	1.931147824767785	31.666439942256407
-5.001869126264077	1.9760021293195362	31.404243362727087
-4.809483198408291	2.015252043581381	31.144470221215187
-4.621379527854026	2.0492638908861123	30.887194939447532
-4.437579537323633	2.078390908176144	30.63247680849022
-4.258094532111561	2.102972998956493	30.38036142461651
-4.082926346811811	2.123336589232871	30.130882044367926
-3.912067976970569	2.1397945747420732	29.884060857743474
-3.74550419371869	2.1526463485364107	29.639910179452908
-3.5832121397825567	2.1621778987556537	29.398433559021164
-3.425161905584505	2.1686619671942586	29.159626811242397
-3.2713170844276322	2.1723582600366904	28.92347896906788
-3.1216353060136974	2.173513702879703	28.689973161482023
-2.976068747771647	2.1723627328801016	28.459087419292096
-2.834564623673431	2.1691276215539896	28.230795412032013
-2.697065650394521	2.164018822404764	28.005067119384762
-2.5635104908313906	2.1572353381694964	27.78186944065817
-2.433834175121941	2.1489651030451737	27.56116674591839
-2.307968499432282	2.1393853757869117	27.342921372409133
-2.18584240287213	2.1286631400599925	27.127094069863844
-2.0673823229842903	2.116955508876977	26.913644398261845
-1.9525125303229782	2.1044101303616385	26.702531081495334
-1.8411554426917152	2.091165592454431	26.49371232030547
-1.73323191965777	2.0773518245118714	26.28714606772235
-1.6286615379947513	2.063090494056247	26.082790270103924
-1.5273628487310706	2.0484953972048507	25.880603076720146
-1.4292536165005851	2.0336728415516445	25.68054302067396
-1.3342510419038187	2.018722020491183	25.482569173793248
-1.242271967592741	2.0037353781665734	25.28664127796598
-1.1532330687937493	1.9887989643930042	25.09271985523391
-1.0670510289792052	1.973992779057287	24.90076629880274
-0.9836427013900044	1.9593911056242115	24.710742946972935
-0.9029252571013318	1.9450628334941096	24.52261314184777
-0.8248163203101823	1.9310717690544719	24.336341274531815
-0.7492340915079493	1.917476935353388	24.151892818396764
-0.6760974591838641	1.9043328603953862	23.96923435186055
-0.6053261006864911	1.8916898541223102	23.788333572002138
-0.5368405728511114	1.8795942741945122	23.609159300218717
-0.4705623929798119	1.8680887807316535	23.431681481020963
-0.40641411074050365	1.8572125802092245	23.255871174960607
-0.34431937152965647	1.8470016587370692	23.081700546588554
-0.28420297182178167	1.8374890049706913	22.90914284825225
-0.22599090700731245	1.8287048229256768	22.738172400458826
-0.16961041219914788	1.8206767349808124	22.568764569454483
-0.11498999646677209	1.8134299753669068	22.400895742599943
-0.062059470936056876	1.8069875744466086	22.23454330205746
-0.010749971172340483	1.8013705340959523	22.069685597245854
0.039006025755744994	1.7965979945014567	21.906301916465964
0.087274689153764	1.792687392687625	21.744372458049707
0.13412082716136575	1.7896546130890372	21.583878301341613
0.17960788345417206	1.7875141304790585	21.42480137778103
0.22379793786511418	1.786279145563851	21.26712444231713
0.26675171062001524	1.7859617135459296	21.110831045355642
0.3085285698988819	1.7865728659563198	20.955905505407202
0.3491865424503302	1.7881227260483927	20.802332882581236
0.38878232700225074	1.790620618039978	20.650098953045326
0.42737131022651226	1.7940751704833757	20.499190184549718
0.4650075850296791	1.7984944140355918	20.349593713098912
0.5017439709556514	1.8038858738935357	20.201297320834954
0.5376320364989797	1.8102566571511498	20.054289415184254
0.5727221231399123	1.8176135353274425	19.90855900930797
0.6070633709246545	1.8259630223064673	19.76409570388403
0.6407037454253166	1.8353114479221604	19.620889670241144
0.6736900659249333	1.8456650274128803	19.478931634857727
0.7060680346833487	1.857029926962424	19.338212865231643
0.7378822671495265	1.8694123255362831	19.198725157122077
0.7691763229951066	1.882818473213897	19.060460823160792
0.7999927378529509	1.897254746209789	18.923412682826648
0.8303730556529392	1.9127276987687432	18.787574053774094
0.860357861454917	1.9292441121123416	18.65293874450619
0.889986814686481	1.9468110406067087	18.51950104838034
0.9192986827002545	1.965435855313737	18.38725573893519
0.9483313745721538	1.9851262850808298	18.256198066526302
0.9771219750682797	2.0058904553167993	18.126323756259787
1.005706778714129	2.0277369245945103	17.99762900721311
1.0341213239054998	2.0506747192138874	17.87011049293346
1.062400427005428	2.0747133658518337	17.74376536320638
1.090578216376751	2.0998629224190126	17.618591247087974
1.1186881663042505	2.126134007236623	17.494586257196783
1.1467631307646906	2.1535378266397034	17.371748995263452
1.1748353770070665	2.1820862011070714	17.250078558938352
1.202936618909061	2.2117915900114955	17.1295745498602
1.2310980500790967	2.2426671150773636	17.010237082991267
1.2593503766765417	2.274726582626758	16.892066797227596
1.2877238499256538	2.3079845046888496	16.77506486729482
1.3162482983012291	2.342456119040935	16.6592330169443
1.3449531593665252	2.378157408243558	16.544573533466416
1.3738675112461525	2.4151051177258593	16.431089283541194
1.4030201037185168	2.4533167729711987	16.318783730449514
1.4324393889141478	2.492810695846828	16.207660952671485
1.4621535516077278	2.533606020115253	16.09772566390154
1.492190539092945	2.5757227061585897	15.988983234513263
1.5225780906303055	2.6191815549409214	15.881439714510071
1.5533437664590288	2.6640042212272705	15.775101858001067
1.5845149763646047	2.7102132260710614	15.669977149245215
1.6161190077943342	2.757831968575571	15.56607383030952
1.6481830535132294	2.8068847369278553	15.463400930390634
1.6807342387927398	2.8573967186965343	15.361968296852876
1.7137996481248035	2.9093940103779374	15.261786628038106
1.7474063514533313	2.96290362616747	15.162867507906768
1.7815814299143888	3.017953505925002	15.06522344257311
1.8163520010761522	3.0745725222957536	14.96886789879955
1.8517452436684851	3.132790486939505	14.873815344518961
1.8877884217908676	3.1926381558121983	14.780081291456819
1.9245089085859486	3.2541472334348795	14.687682339928125
1.9619342093647625	3.3173503760758734	14.596636225886249
2.00009198416747	3.3822811937615955	14.506961870304291
2.0390100697417197	3.4489742510212507	14.418679430971801
2.0787165009183988	3.5174650662597458	14.331810356791765
2.1192395313619325	3.5877901096412175	14.246377444665576
2.1606076536696515	3.6599867993537156	14.162404899054977
2.2028496187916677	3.7340934961124903	14.079918394311921
2.245994454739323	3.8101494957458213	13.998945139868296
2.290071484546722	3.888195019692848	13.919513948378523
2.3351103434460154	3.9682712032279794	13.841655306907997
2.3811409952124754	4.050420081209521	13.76540145126117
2.4281937476316036	4.134684571134828	13.69078644354051
2.4762992670347788	4.221108453264685	13.617846253028056
2.525488591844856	4.30973634756118	13.546618840478196
2.5757931450677742	4.400613687163784	13.477144245907068
2.627244745659882	4.493786688106972	13.409464679959914
2.679875618694139	4.589302314960153	13.343624618932916
2.7337184042412077	4.687208242047083	13.279670903519515
2.788806164874463	4.787552809877805	13.217652841342975
2.845172391699594	4.890384976399647	13.157622313327849
2.90285100880109	4.99575426264638	13.099633883951968
2.961876375989055	5.103710692336334	13.04374491540717
3.022283289720025	5.214304724939815	12.990015685682119
3.0841069820554896	5.3275871817051454	12.938509510562548
3.1473831175109326	5.443609164099539	12.88929286952441
3.2121477876369875	5.562421964087399	12.842435535471848
3.278437503162121	5.684076965632739	12.798010708245936
3.346289183513753	5.8086255367765	12.756095151799773
3.415740143521385	5.93611891160155	12.716769334902049
3.4868280770909257	6.066608061359053	12.680117575193163
3.559591037625266	6.200143553991197	12.646228186375074
3.63406741495037	6.336775401244588	12.615193628268427
3.7102959084901217	6.476552892527863	12.587110659417386
3.7883154964163217	6.619524414626275	12.562080491863169
3.8681654004833055	6.765737256346082	12.540208947641668
3.9498850462375232	6.9152373971197925	12.521606616487867
4.0335140182749	7.068069278566042	12.50638901414941
4.11909201019915	7.22427555795974	12.494676740623284
4.206658768914359	7.383896842532339	12.486595637532796
4.296254032865292	7.546971403490271	12.482276943755359
4.387917463818432	7.713534868610605	12.481857448295758
4.4816885717566315	7.883619892250025	12.48547963927271
4.577606632439559	8.057255801584585	12.493291847749257
4.675710597160736	8.234468217885185	12.505448384987998
4.776038994214269	8.415278651634972	12.522109671551323
4.878629821562589	8.599704070298129	12.54344235649285
4.983520430179586	8.787756437571172	12.569619424699871
5.090747397525987	8.979442222980493	12.60082029024681
5.200346390597845	9.174761880737435	12.637230873406732
5.312352017975193	9.373709296828794	12.6790436587414
5.4267976702879555	9.576271203409824	12.726457731451458
5.543715348506419	9.782426559674821	12.77967878891551
5.663135479460284	9.99214589851949	12.838919124083235
5.78508671799011	10.205390638476295	12.904397577112562
5.909595735138968	10.422112360602286	12.976339451355816
6.036686991803638	10.642252050237536	13.054976389507443
6.166382497282107	10.865739303829361	13.14054620542793
6.298701552178991	11.092491501339238	13.233292666857462
6.433660475164793	11.322412945120723	13.333465223933203
6.57127231312985	11.555393966582274	13.441318678129683
6.711546534327752	11.791310002427748	13.557112785956416
6.854488704171781	12.03002064281169	13.681111791478507
7.000100143429483	12.271368654353848	13.81358388148013
7.148377568658469	12.515178981635566	13.95480055687615
7.2993127148398	12.761257731547781	14.105035913801215
7.452891940297914	13.00939114568369	14.264565827679881
7.609095814149643	13.259344566869983	14.433667033518134
7.767898686698936	13.51086140690648	14.612616095666182
7.9292682433904655	13.763662123634724	14.80168826039919
8.093165043158038	14.017443216583432	15.001156184863827
8.259542042251029	14.271876251633396	15.211288536257747
8.428344104896999	14.52660692640294	15.432348455565347
8.599507502460728	14.781254189366622	15.664591880783412
8.772959403090793	15.035409427073528	15.90826572535417
8.948617354203305	15.288635735210018	16.16360590849826
9.126388760542143	15.540467290641741	16.430835235330647
9.306170360965982	15.79040884293392	16.710161126054068
9.487847707555645	16.037935345178756	17.00177319519142
9.671294651097892	16.28249174520541	17.305840683741735
9.856372837484216	16.523492959380576	17.622509749340075
10.042931220063629	16.760324052186213	17.95190062198287
10.230805593498898	16.992340645534924	18.294104635646598
10.419818155186292	17.218869582296854	18.649181149170698
10.609777100810033	17.439209868719704	19.01715437309885
10.800476261097522	17.652633920255443	19.398010122746562
10.991694787313682	17.85838913470828	19.791692521565537
11.183196893466734	18.05569981551964	20.19810068286091
11.374731663583432	18.243769466350393	20.617085402041297
11.56603293273298	18.421783475844865	21.048445895775977
11.756819250718898	18.58891220851062	21.491926628618714
11.946793937498596	18.744314513973112	21.947214271736236
12.135645239421368	18.88714166243541	22.413934842261696
12.323046595264595	19.016541708954133	22.891651075325594
12.508657020793544	19.13166428314257	23.379860083901754
12.692121620142256	19.231665794134944	23.877991364071462
12.873072231703667	19.315715033137966	24.38540520502147
13.05112821540632	19.382999147720508	24.90139156388248
13.225897387234333	19.43272995324967	25.425169465235456
13.396977105610869	19.464150537701784	25.955886983623024
13.563955512804652	19.4765421066209	26.49262186455392
13.726412932835844	19.469231005462934	27.03438283516364
13.883923425464438	19.441595847180885	27.58011164982258
14.03605649374842	19.39307466392945	28.128685908491022
14.182378940382742	19.32317199347929	28.678922676500193
14.32245686560495	19.231465803628318	29.229582923739436
14.45585779690858	19.117614151887572	29.779376789021242
14.582152938189699	18.981361473305707	30.326969661848448
14.700919523311482	18.822544386772083	30.870989059119644
14.811743256465336	18.641096909765242	31.410032258764563
14.9142208191921	18.437054973522844	31.9426746362137
15.007962421575257	18.21056013516329	32.46747863339206
15.092594372989879	17.96186239050213	32.983003273984
15.167761645957215	17.691322001202778	33.48781412352206
15.233130405179454	17.399410262425977	33.9804935788809
15.288390472774513	17.086709152135636	34.45965135950279
15.333257700145325	16.753909820449874	34.923935062574714
15.36747621685013	16.40180989654392	35.372040636867794
15.390820527319425	16.031309611199458	35.80272262538372
15.403097427311076	15.64340675464052	36.21480402563231
15.404147713609007	15.239190511259064	36.60718561845266
15.39384766264287	14.819834234579899	36.97885462191268
15.372110256403843	14.386587246751322	37.32889253590792
15.338886137211503	13.940765766338034	37.6564820555052
15.294164276487606	13.483743085665111	37.96091294655403
15.237972346638465	13.016939133853434	38.24158679526207
15.170376789354332	12.541809573587175	38.49802056378624
15.09148257800467	12.059834588157686	38.72984890590483
15.001432676244026	11.572507520227424	38.936825219861795
14.900407199338648	11.081323524898297	39.11882143887842
14.788622288980097	10.587768397080794	39.27582658293281
14.66632871636909	10.093307726953729	39.40794411758122
14.533810232043885	9.599376527742375	39.515388186229664
14.391381684210666	9.107369467465224	39.59847880083031
14.239386930149065	8.618631821173167	39.65763609202004
14.07819656755485	8.13445124300792	39.69337373289673
13.908205514419667	7.656050438735842	39.70629166069357
13.729830467208604	7.1845807998170725	39.697068227444014
13.54350726768265	6.721117040141949	39.666451914310194
13.349688208739439	6.266652856860634	39.61525274466937
13.148839309138749	5.822097617753965	39.54433352850233
12.941437585979667	5.388274059796665	39.45460106537206
12.727968352359463	4.96591696733759	39.34699742565516
12.508922565822507	4.555672783951206	39.222491420071364
12.284794251072713	4.1581000997338835	39.08207035635983
12.056078018038189	3.7736709457507427	38.92673216959564
11.823266693811405	3.4027728195406763	38.7574779995425
11.586849084311266	3.0457113600422407	38.57530527499773
11.347307878787442	2.7027135869232053	38.38120135166964
11.105117707569084	2.373931617940173	38.176137737060756
10.86074336080679	2.0594467784453827	37.961064923395504
10.614638173412075	1.7592740192770027	37.73690783805692
10.36724257899997	1.4733665627800903	37.50456191045929
10.118982833421253	1.201620701366912	37.26488974491148
9.870269906453077	0.9438806785888417	37.01871838089595
9.621498538416244	0.6999435889195735	36.766837115334305
9.373046456913183	0.46956423911608275	36.50999585582749
9.125273747538328	0.25245992092715325	36.2489039695096
8.878522371294432	0.04831505187093958	35.98422958896979
8.63311582055469	-0.14321435234748808	35.71659933459652
8.38935890472092	-0.3224964036012788	35.446598411570434
8.147537656240448	-0.4899192888449815	35.17477103947863
7.907919347333598	-0.6458874570729782	34.901621173016636
7.670752607632651	-0.7908180580983674	34.62761347336872
7.436267632932134	-0.9251376406836613	34.35317449150719
7.20467647537049	-1.0492791132653652	34.078694026707666
6.97617340559027	-1.1636789667698333	33.80452662594217
6.750935337744722	-1.2687747558053668	33.53099319239924
6.529122308606374	-1.3650028318204797	33.25838267409676
6.310878002481732	-1.4527963196060993	32.98695380633754
6.096330314124594	-1.5325833267591078	32.71693688454195
5.885591942360248	-1.6047853743748297	32.44853554672974
5.6787610076678225	-1.6698160362578467	32.18192854756796
5.475921687513468	-1.728079773289431	31.917271508427778
5.277144863769121	-1.7799709492266254	31.654698630268392
5.082488777087145	-1.8258730140903692	31.39432435838083
4.891999683620189	-1.86615784139133	31.136244990059943
4.705712509978258	-1.9011852057047667	30.880540218132424
4.523651502792839	-1.9313023875087072	30.627274604943423
4.345830869709833	-1.9568438927123193	30.376498982900028
4.172255409058387	-1.9781312748971445	30.128251778993214
4.002921125838948	-1.995473048949631	29.88256026187729
3.8378158320398335	-2.009164685459151	29.639441711085617
3.676919729628905	-2.0194886759736144	29.398904508816603
3.5202059748748162	-2.026714659930763	29.160949155444065
3.367641222931927	-2.031099604804868	28.925569210503447
3.2191861518744087	-2.032888031716312	28.692752161390096
3.0747959655925987	-2.032312279437365	28.462480222393953
2.9344208751643404	-2.029592800385808	28.234731066989525
2.798006558494158	-2.0249384828240427	28.009478496521933
2.6654945981675153	-2.0185469940722873	27.786693048576776
2.53682289760556	-2.01060514009818	27.56634254841555
2.4119260757240415	-2.0012892373609534	27.348392606899463
2.290735840399712	-1.9907654932656642	27.13280706831978
2.173181341134293	-1.9791903920226508	26.919548411516438
2.0591895013781305	-1.9667110831101435	26.708578107599493
1.9486853310346735	-1.9534657699052376	26.49985693749619
1.8415922197148644	-1.9395840963816806	26.29334527243596
1.7378322113483042	-1.9251875300741583	26.0890033203604
1.637326260788032	-1.9103897397799194	25.886791341111593
1.5399944730657424	-1.895296966711427	25.686669833106535
1.445756325969425	-1.880008388030675	25.488599694059733
1.3545308766236872	-1.8646164718886933	25.292542358166077
1.266236952755763	-1.849207323264468	25.098459912005463
1.1807933293283097	-1.8338610200481096	24.90631519128096
1.0981188912158637	-1.8186519389455547	24.716071860358753
1.0181327825928588	-1.8036490708978217	24.52769447643533
0.9407545436892752	-1.788916325808512	24.34114854001897
0.8659042355569164	-1.7745128264607286	24.156400533281936
0.7935025534738002	-1.7604931915798883	23.9734179477136
0.7234709295972827	-1.7469078080635343	23.792169302385428
0.6557316254582214	-1.7338030924542673	23.61262415402491
0.5902078148693555	-1.721221741778505	23.434753099988598
0.5268236578018555	-1.709202973912959	23.258527775125327
0.4655043657635249	-1.6977827576732036	23.083920843426288
0.40617625919178235	-1.6869940328454183	22.910905985271263
0.3487668173541386	-1.676866920404122	22.73945788099952
0.2932047212286432	-1.6674289231759525	22.56955219145947
0.23941988981574042	-1.6587051172228455	22.40116553611971
0.18734351031369462	-1.6507183342281513	22.2342754692627
0.13690806256986512	-1.6434893351763917	22.068860454723463
0.08804733820007758	-1.6370369756219152	21.904899839580217
0.0406964547500952	-1.6313783628443987	21.74237382715703
-0.005208134745532868	-1.6265290051898065	21.58126344965352
-0.04972863647011004	-1.622502953894594	21.42155054067559
-0.09292591447690887	-1.6193129376888313	21.263217707905817
-0.13485949298378833	-1.6169704904706588	21.106248306118676
-0.17558756202365666	-1.6154860723403188	20.950626410716268
-0.2151669861798864	-1.6148691842770768	20.7963367919336
-0.2536533161508843	-1.6151284767367766	20.643364889839184
-0.2911008029025408	-1.616271852441699	20.491696790235874
-0.3275624141814263	-1.6183065636278768	20.341319201547943
-0.3630898531751265	-1.6212393040082356	20.192219432763537
-0.39773357911863055	-1.6250762957028309	20.04438537248885
-0.4315428296584244	-1.6298233713802208	19.897805469156197
-0.46456564479751306	-1.6354860518466245	19.752468712418125
-0.496848892255809	-1.6420696193120379	19.608364615750805
-0.5284382940912921	-1.6495791865549911	19.465483200280868
-0.5593784544373889	-1.6580197622000963	19.323814979844187
-0.5897128882218964	-1.667396312315049	19.18335094727884
-0.619484050741948	-1.6777138185262541	19.04408256195064
-0.6487333679784267	-1.688977332844874	18.906001738505395
-0.6775012675416683	-1.7011920293877918	18.76910083683908
-0.7058272101480566	-1.714363253170703	18.63337265327566
-0.7337497215348058	-1.7284965661434424	18.49881041294038
-0.7613064247272997	-1.7435977906306368	18.365407763315375
-0.7885340725801159	-1.7596730503338522	18.233158768964227
-0.815468580519175	-1.7767288090445992	18.102057907412235
-0.8421450594185709	-1.7947719072109238	17.97210006616927
-0.8685978485512414	-1.8138095964937615	17.84328054088302
-0.894860548557804	-1.8338495724426558	17.715595034612438
-0.920966054383445	-1.85490000541457	17.589039658209778
-0.9469465881364529	-1.876969569852559	17.46361093180614
-0.972833731827503	-1.9000674720358504	17.33930578739175
-0.9986584599521934	-1.924203476406371	17.21612157248781
-1.024451171883334	-1.9493879305710256	17.094056054907885
-1.0502417240431587	-1.9756317890733173	16.973107428608955
-1.0760594618288866	-2.0029466360222186	16.85327432063464
-1.1019332512680742	-2.031344706660522	16.734555799156116
-1.1278915103831049	-2.0608389079495018	16.616951382618286
-1.153962240246816	-2.0914428382412504	16.500461050001547
-1.1801730557134722	-2.123170806104555	16.38508525221276
-1.2065512158116558	-2.1560378483649765	16.270824924621206
-1.2331236537874757	-2.190059747414383	16.15768150075858
-1.259917006788335	-2.225253047839922	16.045656927205055
-1.2869576451790052	-2.261635072417101	15.934753679686231
-1.3142717014832654	-2.2992239375064805	15.824974780408755
-1.341885098945351	-2.338038567887956	15.716323816665907
-1.3698235797067093	-2.378098711061447	15.60880496074705
-1.398112732594174	-2.4194249510372208	15.502422991188519
-1.426778020516587	-2.462038721633835	15.397183315406044
-1.4558448074671826	-2.505962319295914	15.293091993752542
-1.4853383851294473	-2.5512189154382527	15.190155765048486
-1.5152839990843556	-2.5978325683170813	15.088382073634845
-1.5457068746169789	-2.6458282344234005	14.98777909800187
-1.5766322421199817	-2.6952317793867735	14.8883557810511
-1.6080853620915891	-2.7460699883720774	14.790121862050269
-1.640091549724759	-2.7983705759447397	14.693087910344941
-1.6726761990838124	-2.8521621953733254	14.59726536089365
-1.7058648068639084	-2.9074744473312757	14.502666551696516
-1.7396829957275566	-2.964337887951753	14.409304763191397
-1.7741565372114172	-3.0227840361822853	14.317194259693837
-1.8093113741950244	-3.082845380377234	14.226350332961267
-1.8451736429215646	-3.144555384057777	14.136789347964536
-1.8817696945590558	-3.2079484907598106	14.048528790953398
-1.9191261162882534	-3.2730601278807536	13.961587319905272
-1.957269751901411	-3.339926709425999	13.875984817449746
-1.9962277218936106	-3.408585637545195	13.791742446363846
-2.036027443025593	-3.4790753027368813	13.708882707736104
-2.076696647334243	-3.551435082588377	13.62742950189931
-2.1182634005636993	-3.6257053389049365	13.54740819223425
-2.160756119986249	-3.70192741306822	13.468845671948856
-2.204203591579165	-3.7801436194508407	13.391770433937745
-2.2486349865188497	-3.8603972366974513	13.316212643829193
-2.2940798769495094	-3.9427324966668578	13.242204216326968
-2.3405682509791728	-4.027194570813199	13.169778894953788
-2.3881305268504285	-4.113829553765134	13.098972335303486
-2.436797566228037	-4.202684443843244	13.029822191907035
-2.486600686539635	-4.293807120235034	12.962368208815786
-2.537571672299341	-4.38724631652506	12.896652314002239
-2.589742785337966	-4.483051590255628	12.832718717673915
-2.6431467738555923	-4.581273288167908	12.770614014591468
-2.697816880205026	-4.6819625067482145	12.710387290475039
-2.7537868473064995	-4.785171047677202	12.65209023257449
-2.811090923585178	-4.890951367750773	12.59577724446958
-2.8697638663137237	-4.999356522811407	12.541505565154187
-2.9298409432323314	-5.110440105196891	12.489335392444833
-2.9913579323079964	-5.22425617417997	12.439330010737454
-3.0543511194840454	-5.340859178838174	12.391555923117286
-3.118857294258669	-5.460303872755937	12.34608298780512
-3.184913742918719	-5.582645219923074	12.30298455889818
-3.252558239242139	-5.707938291154946	12.26233763133483
-3.321829032468136	-5.836238150317989	12.224222989980206
-3.392764832319321	-5.967599729601896	12.188725362692782
-3.465404790845086	-6.102077693037074	12.155933577190163
-3.5397884808381845	-6.239726287409684	12.125940721485879
-3.615955870560716	-6.380599179683338	12.098844307615982
-3.6939472944965748	-6.524749279988303	12.074746438315978
-3.7738034198293606	-6.672228549193582	12.053753976242964
-3.855565208325426	-6.823087790031201	12.035978715264973
-3.939273873281214	-6.9773764206954025	12.02153755325907
-4.024970831173174	-7.135142229794669	12.01055266577033
-4.1126976476277335	-7.296431111492472	12.003151679785379
-4.202495977305815	-7.461286779630201	11.999467846765922
-4.294407497274086	-7.629750459588293	11.99964021396885
-4.388473833413126	-7.801860556609854	12.003813792949185
-4.484736479388006	-7.977652299279686	12.012139724000303
-4.583236707684878	-8.157157356832302	12.024775435130898
-4.684015472194009	-8.34040342894797	12.041884794010581
-4.787113301796387	-8.527413806690435	12.063638251133913
-4.8925701843892995	-8.718206903246912	12.090212972256614
-5.000425440765904	-8.912795753152292	12.121792957946687
-5.1107175877430535	-9.111187478712845	12.158569147866888
-5.223484189914614	-9.31338272239986	12.200739507163462
-5.338761699391495	-9.519375044057004	12.248509092079056
-5.45658528287636	-9.729150281862262	12.302090091635264
-5.576988635412402	-9.942685876111465	12.361701841943784
-5.700003780139677	-10.159950155044418	12.42757080940396
-5.825660853391207	-10.380901582122428	12.499930538730428
-5.953987874467847	-10.605487964396174	12.579021561430238
-6.085010499442148	-10.833645621871435	12.66509126001474
-6.218751758360895	-11.06529851809693	12.758393682890768
-6.355231775244421	-11.300357352566905	12.859189304532084
-6.494467470320292	-11.538718615958045	12.96774472519014
-6.636472243978607	-11.780263609706227	13.084332304066649
-6.781255641999482	-12.024857431982545	13.20922971954617
-6.928823001680581	-12.27234793275222	13.342719449781471
-7.07917507858432	-12.522564641297686	13.485088166644108
-7.23230765374294	-12.775317670379549	13.636626035817551
-7.388211121280274	-13.030396602056175	13.797625915606103
-7.546870056568962	-13.287569361146337	13.968382446904055
-7.708262765214582	-13.546581083353788	14.149191026704376
-7.872360813359487	-13.807152986202036	14.340346657552134
-8.039128540025493	-14.06898125214205	14.54214266547638
-8.208522552470393	-14.331735934496512	14.754869279186076
-8.380491205819213	-14.595059898284786	14.978812063709462
-8.554974068546683	-14.858567809422007	15.214250202210671
-8.73190137573585	-15.121845187295987	15.461454620455783
-8.911193472419956	-15.384447537282192	15.72068594934663
-9.092760249727025	-15.645899581334998	15.99219232211117
-9.27650057699162	-15.905694606374086	16.276207004160398
-9.462301733476464	-16.163293951741515	16.5729458553171
-9.650038843852201	-16.418126658498014	16.88260462610644
-9.839574322111286	-16.669589304713842	17.20535609208339
-10.030757329149447	-16.917046052160742	17.5413470327912
-10.223423249812479	-17.159828930851024	17.890695064876283
-10.417393195788572	-17.397238388665205	18.25348534216173
-10.612473541304553	-17.628544133778806	18.629767139072616
-10.80845549915486	-17.852986297682882	19.019550337708253
-11.005114745147013	-18.069776946225456	19.422801843049733
-11.202211099565755	-18.278101965197404	19.83944195522407
-11.399488274727963	-18.47712334547769	20.269340732370615
-11.596673698112175	-18.66598189057238	20.712314382418747
-11.793478420870768	-18.843800366448985	21.1681217268812
-11.98959712175954	-19.009687109830672	21.63646078451351
-12.18470821662549	-19.16274010651974	22.116965527263925
-12.378474083557107	-19.302051545828466	22.60920286520304
-12.570541413602466	-19.42671285079212	23.112669920930966
-12.760541696578384	-19.53582017652757	23.62679165714805
-12.948091850909849	-19.628480360914796	24.15091892347112
-13.132795005636048	-19.703817302779466	24.68432699000183
-13.31424144167643	-19.760978733037987	25.226214635407338
-13.492009698166399	-19.799143333972864	25.775703856205606
-13.665667848132296	-19.817528151104806	26.331840261369027
-13.834774945981339	-19.815396231235216	26.89359421213272
-13.998882647239013	-19.792064409401863	27.4598627608973
-14.157536998685547	-19.746911157010224	28.029472435266193
-14.310280394548778	-19.679384393593125	28.601182903531484
-14.456653691724906	-19.589009155855788	29.173691546317485
-14.596198474167641	-19.47539501024012	29.745638945717367
-14.72845945365143	-19.338243089550016	30.31561528825119
-14.85298699113126	-19.177352630569985	30.882167661556867
-14.969339719954853	-18.992626888405237	31.4438082072027
-15.077087249304146	-18.784078304748544	31.999023073762444
-15.175812923519539	-18.55183281166789	32.5462820957249
-15.265116610477534	-18.296133159949548	33.08404910544409
-15.344617490024577	-18.01734117158438	33.61079276769178
-15.413956811693593	-17.7159388296099	34.12499781001249
-15.472800589615751	-17.39252813507316	34.62517650755713
-15.520842201757787	-17.047829680074443	35.109880268973754
-15.557804860409075	-16.68267990734367	35.57771116071028
-15.583443921260303	-16.298027050087498	36.02733320122467
-15.597548999478226	-15.89492577036415	36.45748325443269
-15.59994586289701	-15.474530539329892	36.86698135351714
-15.590498074802449	-15.038087827680005	37.25474029206445
-15.569108361752505	-14.586927198710898	37.61977432941009
-15.535719685403315	-14.122451418965577	37.961206870864466
-15.490316001327153	-13.646125721668989	38.27827700088343
-15.432922692232236	-13.159466375493444	38.570344767792804
-15.363606667724648	-12.664028725061662	38.83689514182896
-15.282476127681743	-12.161394879579367	39.07754059335659
-15.189679991315064	-11.653161231768275	39.292022264461096
-15.085406998973431	-11.140925990726439	39.48020973389753
-14.969884498550433	-10.626276909436084	39.642099401855425
-14.84337693290655	-10.110779380555508	39.7778115463905
-14.70618404888654	-9.59596506313371	39.88758612698787
-14.558638852221536	-9.083321188420696	39.97177743191717
-14.401105335769085	-8.574280675501361	40.03084768430455
-14.233976011113356	-8.070213167700256	40.06535973675894
-14.057669275476627	-7.572417079217895	40.07596899568527
-13.87262664716606	-7.082112718967009	40.063414723948306
-13.679309903392395	-6.600436535743249	40.02851087431333
-13.478198154271086	-6.1284365063530695	39.97213660619868
-13.269784886185615	-5.66706866672195	39.895226634963024
-13.05457500650216	-5.217194765834159	39.79876155654156
-12.833081919940469	-4.779581004059995	39.68375828114044
-12.605824664796021	-4.354897801343772	39.55126069835449
-12.373325134743187	-3.943720527084475	39.402330682970764
-12.136105409220262	-3.5465311125097903	39.23803953636517
-11.89468521246858	-3.1637204579360114	39.05945994326943
-11.649579518258058	-2.7955915415073345	38.86765850825083
-11.401296314251663	-2.442363132695867	38.66368892092966
-11.150334536902566	-2.10417401283378	38.44858578412818
-10.897182184807068	-1.7810876060267882	38.223359125120176
-10.642314615600933	-1.4730969266970508	37.988989597185466
-10.38619302883042	-1.1801297544438425	37.74642436696103
-10.129263134785175	-0.9020539526016433	37.49657367275353
-9.871954007072901	-0.6386828535291706	37.240308030112004
-9.61467711476144	-0.38978064100315596	36.978456053579926
-9.357825528222605	-0.15506766786058357	36.71180285763418
-9.101773291378601	0.06577434500658208	36.44108899531193
-8.846874951884226	0.27309727424253405	36.16700988984979
-8.593465239853105	0.46728176237638946	35.890215712691955
-8.341858885045932	0.6487326196624098	35.61131166034376
-8.092350561968306	0.8178744831479294	35.33085858262479
-7.845214952052279	0.9751477502371322	35.049373915767546
-7.600706911999056	1.1210047981366678	34.76733287537868
-7.3590617374205545	1.2559064953069865	34.48516986639838
-7.120495511109457	1.380319006416718	34.20328006973206
-6.885205525577366	1.4947108882986275	33.922021168079596
-6.653370769898815	1.599550471022007	33.64171517653881
-6.425152471374194	1.6953035153937368	33.3626503467281
-6.200694683053755	1.7824311359435656	33.08508311637468
-5.980124908738438	1.8613879766918917	32.80924007949066
-5.763554757669413	1.93262062569597	32.535319955346516
-5.551080621730072	1.996566253471381	32.26349553741457
-5.342784368598549	2.053651459840968	31.993915606256415
-5.138734044897864	2.1042913135248726	31.726706792948775
-4.938984583984675	2.1488885688067003	31.461975382060206
-4.7435785135930555	2.187833043848161	31.199809045403423
-4.552546659099016	2.221501145638203	30.94027849978683
-4.365908838693872	2.2502555271157685	30.683439083779827
-4.183674547244303	2.2744448626656046	30.429332250090688
-4.005843626075605	2.2944037289248316	30.177986971546304
-3.832406916338066	2.3104525786294277	29.92942105986544
-3.663346894007671	2.322897796052741	29.683642397448782
-3.498638284928177	2.3320318234245665	29.440650083277163
-3.3382486586266267	2.338133348554006	29.200435494733966
-3.1821389999259364	2.3414675447000874	28.96298326775618
-3.0302642576412646	2.3422863545312875	28.728272198190613
-2.882573869878763	2.3408288107809745	28.49627606759364
-2.739012265663368	2.337321386934915	28.266964396985617
-2.599519342802983	2.3319783719753597	28.040303132258884
-2.4640309220536962	2.325002263851455	27.81625526505491
-2.332479177788233	2.316584176946303	27.594781392984913
-2.2047930454862317	2.306904259366828	27.37584022307335
-2.080898606463346	2.296132116393725	27.159389022265618
-1.9607194503400847	2.2844272368968523	26.945384018770667
-1.844177015818745	2.2719394199473517	26.733780757906963
-1.7311909103921779	2.2588091992439603	26.524534415996712
-1.6216792096514916	2.245168263319204	26.31760007571194
-1.5155587368937102	2.2311398698041227	26.11293296612299
-1.412745323753614	2.2168392523097946	25.91048867053527
-1.3131540526014573	2.2023740187332392	25.710223305033583
-1.2166994814565262	2.1878445400160187	25.512093670480123
-1.1232958521705885	2.173344328579082	25.31605738054148
-1.032857282633538	2.1589604058288856	25.12207296815008
-0.9452979437469076	2.1447736582799375	24.930099972637183
-0.860532221901676	2.1308591819697846	24.740099009613303
-0.7784748676837252	2.117286614955945	24.552031825514376
-0.6990411315145739	2.1041204577820873	24.36586133858056
-0.6221468869179153	2.0914203818848516	24.181551667891497
-0.5477087420832445	2.079241525984227	23.999068151944822
-0.4756441403770234	2.06763478056105	23.818377358134587
-0.40587145043082085	2.0566470605761387	23.639447084365322
-0.3383100464136134	2.046321566627991	23.462246353923092
-0.2728803790725281	2.036698034780822	23.28674540461712
-0.20950403810414772	2.0278129753231897	23.112915673108073
-0.14810380639480455	2.0196999007399805	22.940729775244733
-0.08860370664607078	2.0123895431983168	22.77016148314702
-0.030929040878792256	2.0059100618612953	22.60118569969407
0.024993576713572486	2.0002872403531367	22.43377843100297
0.07923619311282229	1.9955446747059125	22.267916757419254
0.13186949559774896	1.9917039521217195	22.10357880347784
0.1829627962331843	1.9887848208856733	21.940743707238067
0.2325840213398456	1.9868053517646256	21.77939158934755
0.2807997055786324	1.9857820912243107	21.61950352214291
0.32767499030225894	1.9857302067941096	21.461061499054086
0.3732736258450757	1.9866636249039125	21.304048404543895
0.41765797744064226	1.988595161511898	21.14844798477854
0.4608890344731214	1.9915366458356145	20.994244819197508
0.503026422785581	1.9954990374916761	20.841424293123435
0.5441284197839305	2.0004925373418025	20.68997257152981
0.5842519720905539	2.00652669233495	20.53987657406371
0.6234527155165164	2.013610494627025	20.391123951401564
0.6617849971348434	2.0217524752511493	20.24370306300161
0.6993018992509467	2.030960792602764	20.097602956301927
0.7360552650790909	2.0412433159951595	19.952813347400888
0.7720957259457102	2.0526077045321056	19.809324603247592
0.8074727298522395	2.0650614815355093	19.667127725360267
0.8422345712409659	2.078612104757145	19.526214335083857
0.8764284218179637	2.0932670325947496	19.38657666039215
0.9101003622970723	2.109033786524028	19.248207524234793
0.9432954149383718	2.125920009949504	19.11110033442595
0.9760575767635457	2.1439335236685926	18.975249075068053
1.0084298533389051	2.163082378134779	18.840648299502767
1.040454293024968	2.183374902697525	18.70729312477914
1.0721720215988986	2.204819751988166	18.57517922762913
1.1036232771633923	2.2274259496131017	18.44430284193945
1.134847445262176	2.251202929307437	18.314660757710094
1.1658830941285214	2.2761605736943262	18.18625032149045
1.1967680099993692	2.30230925078764	18.059069438284503
1.2275392324328087	2.3296598483676467	17.93311657491916
1.25823308957212	2.358223806351968	17.808390764870975
1.2888852333043204	2.388013147276544	17.684891614548498
1.3195306742656163	2.419040504993836	17.562619311030378
1.3502038166502612	2.4513191516881387	17.44157463126162
1.380938492783283	2.4848630233006115	17.321758952712994
1.4117679974210473	2.5196867434494132	17.203174265511244
1.442725121746862	2.5558056459230545	17.085823186050973
1.473842187031592	2.593235795817726	16.969708972102495
1.5051510779322619	2.631994009382461	16.854835539432077
1.5366832754037785	2.6720978726285773	16.74120747995488
1.5684698892011777	2.7135657587526913	16.628830081443848
1.6005416899514675	2.756416844415148	16.51770934882155
1.632929140776025	2.8006711249085865	16.40785202706457
1.6656624284457597	2.84634942824387	16.299265625753538
1.6987714940523868	2.893473428172966	16.191958445305563
1.7322860631799741	2.9420656561607323	16.085939604928825
1.7662356755617645	2.9921495123098563	15.981219072342238
1.8006497142075262	3.0437492752350805	15.877807695306512
1.8355574339869956	3.0968901108747304	15.775717235016083
1.8709879896547879	3.151598080219049	15.674960401404466
1.9069704633020084	3.207900145926249	15.575550890418622
1.9435338912192475	3.265824177788275	15.477503423320739
1.9807072901546703	3.3253989569985216	15.380833788079473
2.0185196829504966	3.3866541791651774	15.285558882913492
2.057000123539164	3.4496204560024855	15.191696762055196
2.0961777212795405	3.5143293156227533	15.099266683803032
2.1360816646116803	3.5808132013407037	15.008289160933673
2.176741244006478	3.64910546889032	14.918786013547269
2.218185874184472	3.7192403819424653	14.830780424420572
2.2604451155754997	3.7912531057991847	14.744296996943925
2.3035486949880912	3.865179699127351	14.659361815719304
2.3475265254541795	3.9410571035803805	14.576002509897336
2.3924087252115602	4.018923131142538	14.494248319331051
2.4382256357828136	4.098816449015306	14.414130163623554
2.4850078391051422	4.18077656184883	14.33568071414644
2.5327861736611994	4.264843791104753	14.25893446910382
2.5815917495564933	4.351059251319413	14.18392783171424
2.631455962483583	4.439464823017423	14.110699191579785
2.6824105065079387	4.530103122006242	14.039289009307527
2.734487385604245	4.62301746476162	13.96973990444318
2.787718923866	4.718251829592778	13.902096746770242
2.8421377743038914	4.815850813252539	13.836406751020832
2.897776926141936	4.915859582635078	13.772719575034511
2.954669710512211	5.018323821178411	13.711087421391104
3.0128498044409664	5.123289669562864	13.651565142530956
3.0723512330103793	5.2308036602700625	13.594210349361319
3.133208369570975	5.340912645538575	13.539083523331037
3.195455933869755	5.453663718222721	13.486248131936646
3.2591289879491523	5.569104125031189	13.435770747601078
3.3242629296611383	5.6872811715909	13.387721169841326
3.390893483628983	5.808242118748331	13.342172550614073
3.459056689477456	5.932034069487996	13.299201522696444
3.5287888871396316	6.058703845813535	13.258888330924101
3.6001266990352128	6.188297854902362	13.221316966069438
3.673107008901764	6.320861943809984	13.186575301098832
3.7477669370450095	6.456441241963633	13.154755229499353
3.8241438117607927	6.595079990651797	13.125952805310714
3.9022751366643926	6.7368213586790135	13.10026838443908
3.982198553647721	6.881707243322503	13.077806766762926
4.063951801168298	7.0297780556941	13.058677338468524
4.147572667556781	7.181072489578967	13.042994213973067
4.233098939012219	7.335627272792954	13.030876376706015
4.320568341937322	7.493476900075153	13.022447817923672
4.410018479247802	7.654653346508778	13.017837672628044
4.501486760271972	7.819185760444835	13.017180351548031
4.595010323838805	7.987100134889959	13.020615668018243
4.690625954135679	8.15841895631405	13.028288958458278
4.788369988899063	8.333160829833394	13.040351195012235
4.888278219485359	8.511340079735714	13.056959088754672
4.990385782353539	8.692966324334725	13.078275181704527
5.094727041475465	8.878044024172198	13.104467925712596
5.201335461179459	9.066572002637606	13.135711746101338
5.310243468918091	9.258542938131932	13.172187087737015
5.421482307444982	9.453942826988497	13.214080441005219
5.5350818758783324	9.652750416463622	13.261584344940953
5.6510705591255395	9.854936607234128	13.314897364534163
5.769475045145385	10.06046382499158	13.374224038993377
5.890320129529394	10.269285360902204	13.439774797503226
6.013628506894435	10.481344680912752	13.511765838758937
6.139420548595864	10.696574704130462	13.590418970303878
6.267714066294554	10.914897050791494	13.675961403438363
6.398524060941331	11.136221260657976	13.768625499209861
6.531862456783775	11.360443983058973	13.868648460743685
6.667737820050788	11.587448140214027	13.976271966930785
6.806155062029753	11.817102065949738	14.09174174226032
6.947115126325389	12.049258622452516	14.215307057377276
7.090614660175856	12.283754298289406	14.347220154764713
7.236645669803043	12.520408291579663	14.48773559380383
7.385195159890567	12.759021582912144	14.637109509361649
7.536244757417825	12.999376003382256	14.795598778005767
7.689770320231769	13.24123330396548	14.963460085959074
7.845741530910434	13.484334233350783	15.140948892994402
8.004121476666255	13.728397632326605	15.328318286644798
8.164866216254161	13.973119553841396	15.52581772138253
8.327924335087424	14.218172418939815	15.733691637811036
8.493236490027199	14.46320421990243	15.952177957436382
8.660734945599437	14.707837783079452	16.181506449254744
8.830343103704715	14.951670105094056	16.421896965223755
9.001975029220207	15.194271777278932	16.673557542691842
9.175534974254052	15.435186514391358	16.936682373063775
9.350916904192196	15.673930804792985	17.211449637388117
9.528004029078904	15.909993700361303	17.498019211180697
9.70666834428981	16.142836765386015	17.796530242655496
9.886770184892292	16.371894204568118	18.10709861063628
10.068157798523908	16.596573190924435	18.429814270750114
10.250666942070445	16.81625441489094	18.764738501088488
10.434120507866147	17.030292876143225	19.111901061327615
10.618328185572123	17.23801893957683	19.471297282327157
10.803086166303423	17.438739676458255	19.842885106451764
10.988176895961852	17.631740510918927	20.226582102252543
11.173368885075153	17.816287190661306	20.622262480658144
11.358416582737313	17.991628098936012	21.029754143416888
11.543060322471682	18.156996922477784	21.44883579813159
11.727026347989266	18.31161568712046	21.87923417777351
11.910026926864187	18.454698169203247	22.320621405943175
12.091760560093473	18.58545368662195	22.772612552291108
12.271912295329697	18.70309126845358	23.23476342530495
12.450154151251876	18.806824196494503	23.706568651979538
12.62614566006712	18.895874905833068	24.18746009560854
12.799534534496564	18.969480224771928	24.676805663934232
12.96995746478093	19.02689692709268	25.17390856002911
13.137041050240962	19.067407561917168	25.678007027446974
13.300402868737597	19.090326518387283	26.18827463924541
13.459652685995932	19.095006274211357	26.703821177342512
13.614393805190552	19.08084376898867	27.223694144247833
13.7642245554458	19.04728683532755	27.7468809434382
13.908739915997149	18.993840613341945	28.272311757505374
14.047533270712494	18.920073867387526	28.798863144703184
14.180198285506467	18.8256251181336	29.32536236470301
14.30633089893384	18.710208498518195	29.85059243333845
14.425531413960664	18.573619239046117	30.373297894041816
14.53740667662123	18.415738686502223	30.892191280716656
14.641572325032802	18.236538760666964	31.405960233232047
14.737655090105864	18.03608575621273	31.9132752128382
14.825295127315632	17.814543401743993	32.41279775094488
14.904148357143448	17.5721750949911	32.9031891512232
14.97388879031397	17.30934524246913	33.383119552295646
15.034210812796793	17.026519643398878	33.85127724675413
15.08483140476065	16.724264871197402	34.30637814230204
15.125492267304029	16.40324662116033	34.747175242808474
15.155961830874693	16.064227009761037	35.17246802134834
15.176037119852866	15.70806082892374	35.5811115541426
15.185545448823534	15.335690777238698	35.97202528395048
15.18434592759855	14.948141708918135	36.344201284011085
15.172330754056457	14.546513959820215	36.696711899151275
15.14942627631821	14.131975827589294	37.02871664910628
15.115593808628589	13.705755299347725	37.339468290307934
15.07083018851257	13.269131134969157	37.62831794611883
15.015168066257052	12.823423426310246	37.89471923141666
14.948675921458932	12.369983762536629	38.13823131513202
14.871457805196174	11.910185138534633	38.35852088336205
14.783652810238031	11.445411747201623	38.55536298547742
14.685434275522521	10.977048797026683	38.72864076569
14.577008734811972	10.50647249385651	38.87834410228619
14.458614622906952	10.035040320187592	39.00456719563491
14.33052075598246	9.564081736959679	39.10750516364998
14.193024605440945	9.09488942194056	39.187449719187306
14.046450387101002	8.628711145764315	39.24478401751793
13.891146989516294	8.166742371940213	39.27997677325227
13.727485766720411	7.71011965115819	39.29357575470169
13.55585822169754	7.2599148634373245	39.286200769548465
13.376673607395839	6.817130344610727	39.25853625883724
13.190356472133534	6.382694916746154	39.21132361677765
12.997344175824404	5.957460825805193	39.14535335180984
12.798084402602328	5.542201574519829	39.061457200049986
12.593032694199602	5.13761062443999	38.96050029587754
12.382650026874513	4.744300928622107	38.84337349635975
12.167400452850902	4.3628052456893	38.71098594677358
11.947748825179296	3.9935771771088104	38.56425796402759
11.724158622714993	3.6369928625579577	38.404114303656044
11.497089889588603	3.2933532631764484	38.23147786458585
11.26699730117372	2.9628869592691403	38.04726387437262
11.03432836618929	2.6457533875276256	37.85237458634804
10.79952177224835	2.342046442922716	37.64769450934897
10.563005879926177	2.051798371920739	37.43408618061387
10.325197368305163	1.7749838864030707	37.21238648319313
10.08650003297896	1.5115244314068377	36.983403500933306
9.847303735696139	1.2612925443644463	36.74791389684425
9.607983503205798	1.0241162486958406	36.506660794479004
9.36889877143764	0.799783430203775	36.26035213684702
9.130392769920366	0.5880461505746852	36.009659493327135
8.892792040306949	0.3886248582296257	35.755217281992785
8.65640608203181	0.2012124626673012	35.49762237264496
8.421527117465347	0.025478244177161682	35.237434034588105
8.188429968442332	-0.13892842372269604	34.97517419268782
7.957372035712898	-0.2923745566234058	34.71132795542567
7.728593372682428	-0.43524025908423436	34.446344379415976
7.502316844748957	-0.5679156504332253	34.18063743607113
7.2787483656124055	-0.690798021049121	33.91458714771867
7.058077202088068	-0.8042892202458172	33.648540862381346
6.840476339196549	-0.9087932739171671	33.382814638555736
6.626102897617216	-1.0047142275745045	33.11769471360285
6.4150985959577165	-1.0924542083073048	32.853439031719674
6.20759025070001	-1.1724116974894954	32.590278809843866
6.003690307125045	-1.2449800047083464	32.3284201222115
5.803497394975574	-1.3105459323800153	32.06804548659239
5.607096903090071	-1.3694886197968146	31.809315437449666
5.414561567713391	-1.422178554895431	31.552370073374746
5.225952069661195	-1.4689767418057365	31.297330568126515
5.041317635976249	-1.5102340122052953	31.044300636437345
4.860696642163085	-1.5462904686334011	30.79336794743475
4.684117211514467	-1.577475048183081	30.544605480055917
4.5115978084556225	-1.6041051953613201	30.298072816216663
4.343147823217052	-1.6264866333660273	30.053817368724452
4.178768145508217	-1.6449132235499928	29.81187554200995
4.018451725203585	-1.6596669034090157	29.572273824702826
3.862184118363445	-1.6710176940282022	29.335029813895304
3.7099440171992666	-1.6792237685327958	29.10015317163688
3.561703762855737	-1.6845315737065292	28.867646514792426
3.417429840119111	-1.687175997551971	28.63750623988228
3.2770833533774324	-1.6873805761657272	28.40972328492031
3.140620483349351	-1.6853577338808454	28.184283830576906
3.007992924271921	-1.6813090511843454	27.961169943237273
2.879148301388957	-1.6754255554463675	27.740360162699808
2.754030568715985	-1.6678880299963352	27.521830037380045
2.6325803871740097	-1.658867337549411	27.305552609955512
2.514735483286515	-1.6485247544226458	27.091498856417612
2.400430988721314	-1.6370123123845588	26.879638081491148
2.289599761031825	-1.6244731453545769	26.66993827334487
2.18217268601456	-1.6110418385108662	26.46236642045659
2.078078962151812	-1.596844777677677	26.256888793418184
1.9772463676498253	-1.5820004971476018	26.053471194369628
1.8796015106156057	-1.5666200243516069	25.852079176643176
1.7850700629409835	-1.5508072200220462	25.65267823708213
1.6935769784819301	-1.5346591127027926	25.45523398337736
1.6050466961334624	-1.5182662266475888	25.259712278637355
1.519403328407929	-1.5017129023145128	25.066079365278934
1.436570836127647	-1.485077608812773	24.87430197019748
1.356473189842205	-1.4684332477893842	24.684347393048675
1.2790345185757908	-1.4518474483589785	24.496183579347182
1.2041792465037127	-1.4353828527819719	24.309779179967975
1.1318322181467004	-1.4190973926851715	24.125103598515977
1.0619188126607055	-1.4030445556966733	23.94212702791799
0.9943650477864857	-1.3872736424341974	23.760820477482337
0.9290976740081106	-1.3718300138439954	23.58115579156716
0.8660442594547524	-1.3567553289375636	23.403105660903215
0.8051332660627287	-1.3420877730157552	23.2266436275227
0.7462941174977614	-1.3278622765059842	23.051744084159537
0.689457259320257	-1.3141107245686108	22.87838226890682
0.6345542118579645	-1.3008621576537052	22.70653425584009
0.5815176162325554	-1.2881429632101724	22.536176942245334
0.5302812739686741	-1.2759770587660646	22.36728803302565
0.48078018059593414	-1.2643860666122682	22.199846022800106
0.43295055363637264	-1.253389480332099	22.033830176152126
0.3867298553527021	-1.243004823427203	21.8692205064351
0.342056810615038	-1.2332478002955756	21.705997753494877
0.2988714202270196	-1.2241324398210802	21.54414336062649
0.2571149700358276	-1.2156712318357452	21.38363945104406
0.21673003613420974	-1.207875256716425	21.22446880410636
0.17766048644722218	-1.2007543083766483	21.06661483150928
0.139851478981175	-1.1943170109125372	20.910061553627582
0.10324945699732407	-1.1885709291588662	20.75479357616107
0.06780214135891062	-1.1835226734078066	20.600796067218134
0.033458520286472095	-1.1791779985387283	20.44805473494878
0.00016883674278319984	-1.175541897802657	20.296555805819136
-0.03211542634364522	-1.172618691499916	20.146286003604075
-0.06344156281980039	-1.1704121107839691	19.997232529159927
-0.09385566182939878	-1.1689253768187169	19.84938304102526
-0.12340262794035992	-1.1681612755105395	19.702725636887553
-0.15212620271565647	-1.1681222280302472	19.557248835943312
-0.18006898757496048	-1.1688103573338335	19.412941562170587
-0.2072724678045258	-1.1702275508846272	19.2697931285248
-0.2337770375817949	-1.1723755197730663	19.12779322206413
-0.2596220258905221	-1.1752558544239555	18.986931890003955
-0.2848457232106141	-1.1788700770747094	18.84719952669594
-0.3094854088749934	-1.1832196912017636	18.708586861524115
-0.33357737899367107	-1.1883062280660914	18.571084947706474
-0.35715697485242426	-1.1941312905425545	18.43468515198929
-0.38025861170054204	-1.2006965943917216	18.29937914521904
-0.4029158078487964	-1.2080040071268017	18.165158893775413
-0.4251612140049198	-1.216055584622401	18.032016651848682
-0.44702664277994897	-1.2248536056060502	17.899944954543965
-0.4685430983043688	-1.2344006041677649	17.76893661179483
-0.4897408058983968	-1.2446994004173948	17.6389847030686
-0.5106492417455621	-1.2557531294140154	17.5100825728473
-0.5312971625237919	-1.2675652684864522	17.38222382686721
-0.5517126349524177	-1.280139663058786	17.255402329102267
-0.5719230652177384	-1.2934805510896334	17.129612199477663
-0.5919552282439223	-1.3075925862292406	17.00484781229992
-0.611835296779538	-1.322480859793543	16.8811037953925
-0.6315888702735908	-1.3381509216497989	16.758375029926572
-0.6512410035181355	-1.3546088001038448	16.636656650938765
-0.6708162350376213	-1.3718610208747044	16.515944048528915
-0.6903386152079957	-1.3899146252380223	16.396232869732607
-0.7098317340911341	-1.4087771874156103	16.27751902106555
-0.7293187489727938	-1.4284568312844947	16.159798671737867
-0.7488224115944219	-1.4489622464748542	16.043068257538987
-0.768365095071353	-1.4703027039224563	15.927324485395554
-0.787968820491856	-1.4924880709375354	15.812564338606613
-0.8076552831933782	-1.5155288258485018	15.698785082762177
-0.827445878713838	-1.5394360722752358	15.585984272353896
-0.8473617284174733	-1.564221553083391	15.47415975808819
-0.8674237047960913	-1.5898976640677869	15.363309694914264
-0.8876524564477819	-1.616477467409597	15.253432550781987
-0.9080684327362714	-1.6439747049488345	15.144527116146685
-0.9286919081353028	-1.672403811310663	15.036592514239295
-0.9495430062629926	-1.70177992692056	14.929628212124147
-0.9706417236121618	-1.7321189109405493	14.823634032567698
-0.9920079529832343	-1.7634373541555801	14.718610166744233
-1.0136615066268195	-1.7957525918359372	14.614557187807353
-1.035622139103618	-1.8290827165986079	14.51147606535813
-1.0579095698697665	-1.863446591287567	14.409368180842995
-1.0805435055957826	-1.8988638618895495	14.308235343917975
-1.1035436622276806	-1.9353549704989634	14.20807980981771
-1.1269297867988137	-1.972941168342354	14.108904297770664
-1.1507216790010513	-2.011644528869548	14.010712010504722
-1.1749392125237434	-2.0514879609152796	13.913506654890249
-1.1996023561688678	-2.092495221931679	13.817292463770489
-1.224731194750399	-2.134690931288506	13.722074219032185
-1.250345949785587	-2.1781005836341865	13.627857275972664
-1.276466999985234	-2.2227505623067563	13.534647589022963
-1.3031149015500987	-2.2686681527806534	13.442451738888153
-1.3303104082790007	-2.315881556129706	13.351276961172283
-1.3580744914942264	-2.3644199024834283	13.261131176556246
-1.3864283597885438	-2.414313264448445	13.172023022601731
-1.4153934785974052	-2.4655926704621525	13.083961887257574
-1.4449915895987273	-2.5182901180404604	12.996957944148575
-1.475244729941472	-2.5724385868757995	12.911022189730806
-1.5061752513028586	-2.628072051735665	12.826166482401256
-1.5378058387728615	-2.6852254951059438	12.742403583653097
-1.5701595295627007	-2.7439349195160827	12.659747201372642
-1.6032597315324604	-2.804237359476095	12.578212035377803
-1.6371302415311237	-2.8661708929478817	12.497813825301636
-1.6717952635401885	-2.9297746522648302	12.41856940092915
-1.707279426609806	-2.9950888344049744	12.340496735099359
-1.7436078025740371	-3.0621547105135134	12.263614999288762
-1.780805923528297	-3.1310146345588037	12.18794462199818
-1.8188997990516826	-3.201712050999378	12.113507350063875
-1.8579159331504078	-3.2742915013217506	12.040326313024956
-1.8978813408977386	-3.348798629300639	11.968426090677589
-1.9388235647412497	-3.425280184818072	11.897832783952149
-1.9807706904445086	-3.5037840260634714	11.82857408925278
-2.023751362625958	-3.5843591199211704	11.760679376402042
-2.0677947998535426	-3.667055540335525	11.69417977033578
-2.112930809248391	-3.7519244644254024	11.629108236696382
-2.159189800545792	-3.8390181661007348	11.565499671474313
-2.2066027995561304	-3.9283900069137014	11.503390994849033
-2.2552014609621596	-4.020094423854542	11.442821249381568
-2.305018080382578	-4.11418691377894	11.383831702710639
-2.3560856056248753	-4.210724014128629	11.326465954903465
-2.408437647042736	-4.309763279580054	11.270770050610382
-2.4621084869052514	-4.411363254227269	11.216792596169237
-2.517133087676682	-4.5155834388753435	11.164584881800687
-2.573547099095639	-4.6224842529867995	11.114201009030117
-2.631386863933261	-4.732126990790748	11.065698023463051
-2.690689422298905	-4.844573771026852	11.019136053031616
-2.7514925143504425	-4.959887479757713	10.974578451817132
-2.81383458125409	-5.078131705642077	10.932091949539316
-2.8777547642255623	-5.1993706670179485	10.891746806784685
-2.9432929014709077	-5.32366913009972	10.853616976025714
-3.0104895228300563	-5.451092317544556	10.817780268457899
-3.079385841910148	-5.581705806592139	10.784318526653554
-3.1500237454799174	-5.715575415931123	10.75331780299727
-3.2224457798777846	-5.852767080388642	10.724868543830496
-3.2966951341677886	-5.993346712482594	10.699065779188707
-3.37281561975761	-6.137380049816686	10.676009317964962
-3.450851646171808	-6.284932487236813	10.655803948276938
-3.5308481926509905	-6.436068892603444	10.638559642750705
-3.6128507752262786	-6.590853404973911	10.624391768361694
-3.6969054088888824	-6.749349213912854	10.613421300393593
-3.783058564455786	-6.911618318595741	10.605775039983047
-3.871357119700813	-7.077721265294193	10.601585834617968
-3.9618483042941404	-7.247716861769119	10.600992800843361
-4.054579638064974	-7.421661867033618	10.604141548303135
-4.1495988620714135	-7.599610654883831	10.611184404106911
-4.246953861931014	-7.7816148495367585	10.622280636357125
-4.346692582835275	-7.967722931661866	10.637596675502023
-4.448862935637132	-8.157979813040235	10.657306331994079
-4.5535126933705135	-8.352426378048783	10.681591008529125
-4.660689377527647	-8.551098990133738	10.71063990491886
-4.7704401333872575	-8.754028961417779	10.744650213406334
-4.882811593655675	-8.961241983580758	10.783827301970845
-4.9978497296520095	-9.17275751816594	10.828384882883281
-5.115599689239468	-9.388588144495918	10.878545163465805
-5.236105620677808	-9.60873886343881	10.93453897567958
-5.359410481546251	-9.833206355346574	10.996605880810588
-5.485555831866554	-10.061978190605993	11.064994245147876
-5.614581610538684	-10.295031991394085	11.13996128214975
-5.746525894189143	-10.532334543422683	11.221773056172422
-5.881424637526997	-10.77384085669892	11.310704442394881
-6.019311394305545	-11.019493174624847	11.407039037114957
-6.160217017997543	-11.269219931112355	11.511069012116259
-6.30416934131433	-11.522934655813348	11.623094906319682
-6.451192833731615	-11.780534828058903	11.743425347439025
-6.601308236233151	-12.04190068068063	11.872376695865833
-6.75453217254563	-12.306893955552024	12.010272602519013
-6.9108767362192625	-12.575356613450914	12.157443471919882
-7.070349053010766	-12.84710950171323	12.314225821304476
-7.23295081814816	-13.121950984125368	12.480961526170669
-7.398677808205317	-13.399655538598847	12.657996942294746
-7.567519367491384	-13.679972329393207	12.845681893956563
-7.7394578690700895	-13.962623762007393	13.044368517905214
-7.914468150758405	-14.247304030331982	13.254409952485863
-8.092516926736131	-14.533677667279136	13.476158861378833
-8.273562175710476	-14.821378111849318	13.709965781578031
-8.45755250693462	-15.110006307465365	13.956177285595084
-8.644426505781368	-15.399129348400688	14.215133948451557
-8.83411206101653	-15.688279193223947	14.48716811083759
-9.026525676407095	-15.976951466366176	14.772601430908438
-9.221571769838974	-16.264604371166385	15.071742218598038
-9.419141963705009	-16.55065774003248	15.384882548081565
-9.619114370957293	-16.83449224963071	15.712295146153759
-9.821352881893873	-17.115448831238748	16.05423005683516
-10.025706457468912	-17.392828308514673	16.410911085509248
-10.232008435669636	-17.665891296878094	16.782532029349838
-10.440075858287198	-17.933858400397984	17.169252704740646
-10.649708826210555	-18.195910743447243	17.571194786820453
-10.860689892192138	-18.451190875337794	17.9884374812281
-11.07278350083734	-18.698804086563634	18.42101305351557
-11.28573548636506	-18.937820175077125	18.86890224756029
-11.499272639439925	-19.167275700071723	19.332029630560818
-11.71310235507	-19.386176758931406	19.810258908777747
-11.926912374176764	-19.593502320222914	20.303388264995615
-12.140370631948917	-19.78820814173899	20.81114577560983
-12.353125226458117	-19.96923129754758	21.333184972132702
-12.564804521216393	-20.135495331682495	21.86908061859848
-12.775017395358343	-20.28591604845949	22.41832478262032
-12.983353654906596	-20.419407940385433	22.98032328349094
-13.189384618091431	-20.534891244244463	23.554392605461487
-13.392663886919554	-20.63129960424154	24.139757367922513
-13.592728316092904	-20.707588308149997	24.735548446357733
-13.789099188946718	-20.762743048396157	25.340801838372276
-13.981283608280885	-20.79578914512493	25.954458367508618
-14.168776107798148	-20.805801152803596	26.575364313719557
-14.351060487336381	-20.791912756170763	27.20227305304649
-14.52761187218617	-20.753326845720796	27.833847780034507
-14.697898993553363	-20.689325647891692	28.468665374626234
-14.861386683682538	-20.59928077119941	29.105221460646252
-15.017538575353182	-20.482663017275616	29.74193668558356
-15.165819991449855	-20.339051795680277	30.37716423133612
-15.305701006172344	-20.16814397403215	31.00919854319362
-15.436659655269619	-19.969761990966802	31.636285239955868
-15.558185268558756	-19.74386105917306	32.256632142249146
-15.669781894028688	-19.490535289683372	32.868421329406
-15.770971779147157	-19.210022576998362	33.469822108449044
-15.861298871703237	-18.902708097681053	34.05900475255796
-15.940332299745673	-18.569126292775934	34.63415484176341
-16.007669788029684	-18.209961226639866	35.193488016377444
-16.062940966966874	-17.826045241170238	35.735264934725876
-16.10581052946654	-17.418355854482364	36.257806211880386
-16.135981191338722	-16.988010886094937	36.75950710608203
-16.153196412135575	-16.53626182581997	37.23885171493416
-16.157242835465947	-16.064485499789814	37.69442644472488
-16.147952410911117	-15.574174123349227	38.124932523593145
-16.125204163662197	-15.066923865725967	38.52919734273963
-16.088925582818256	-14.544422084351496	38.906184429262446
-16.03909360483082	-14.008433416318162	39.25500187904517
-15.975735174729373	-13.460784939748745	39.57490910776072
-15.898927374365362	-12.903350637935471	39.86532181164314
-15.80879711380694	-12.338035413338734	40.12581506617652
-15.705520389023476	-11.766758906416392	40.356124529151785
-15.589321115942084	-11.191439375608574	40.556145753415976
-15.460469557656646	-10.613977889619056	40.72593165288898
-15.319280367857072	-10.036243071705504	40.865688201861126
-15.166110279264823	-9.460056618487545	40.975768481133734
-15.001355470882752	-8.88717979352862	41.05666521426357
-14.825448652077833	-8.319301069467114	41.109001962254936
-14.638855904841066	-7.758025062773346	41.13352316492371
-14.442073327952846	-7.204862873310738	41.13108323148031
-14.235623528213427	-6.661223907885021	41.10263489149797
-14.020052004376097	-6.1284092338863	41.049217020422596
-13.795923468991953	-5.607606476978886	40.971942151404036
-13.563818152099898	-5.099886246442036	40.87198387792583
-13.3243281286546	-4.606200043956784	40.75056434005596
-13.078053708876899	-4.127379586968528	40.60894197181362
-12.825599927452457	-3.6641374566846814	40.44839966889391
-12.567573163807555	-3.217068963553905	40.27023351558988
-12.304577921674946	-2.7866551098374672	40.0757421879697
-12.037213791951142	-2.373266519609727	39.866217127948374
-11.766072618547566	-1.9771682010504883	39.64293356051653
-11.491735882650772	-1.5985250039529542	39.40714240465208
-11.214772316635218	-1.2374076366423143	39.16006310786277
-10.935735754883591	-0.8937991105589929	38.9028774152934
-10.655163225035876	-0.5676014871782391	38.636724067194905
-10.373573279761068	-0.2586428102576522	38.36269440350826
-10.091464566060107	0.033315883829089975	38.08182884148098
-9.809314626390213	0.30857357413311753	37.7951141816471
-9.527578923561565	0.5674823666141654	37.50348168912645
-9.24669007940186	0.8104407824907949	37.20780589094549
-8.967057315597808	1.037887285306041	36.90890402579972
-8.689066083897238	1.2502940973117198	36.60753608019916
-8.41307787196094	1.4481613450806194	36.30440534405256
-8.13943017057339	1.63201156427154	36.00015941925292
-7.868436587615824	1.8023845843268427	35.695391616495584
-7.600387094147893	1.959832805649014	35.390642678185834
-7.335548388103141	2.104916874522973	35.086402768670126
-7.07416436144391	2.2382017547360915	34.78311367696288
-6.816456657111708	2.3602531894801264	34.48117118146615
-6.562625302725372	2.4716345426581294	34.18092753074679
-6.3128494086824185	2.5729040051161998	33.88269399909864
-6.067287919100329	2.6646121485007965	33.58674348028419
-5.826080404851745	2.747299807343255	33.293313087405096
-5.589347888800496	2.821496268508089	33.00260673124366
-5.357193694201367	2.887717746238869	32.71479765357365
-5.1297043080802425	2.9464661206140335	32.430030895828104
-4.906950252244366	2.998227917212843	32.148425687099035
-4.688986955383146	3.043473506117038	31.870077738723108
-4.475855620491775	3.0826564989748446	31.595061435661513
-4.267584082581839	3.1162133236709515	31.32343191751857
-4.064187652329697	3.1445629571270275	31.055227044368685
-3.8656699419551246	3.1681067978563062	30.790469244592423
-3.672023670213457	3.1872286610737723	30.529167243669836
-3.4832314439250127	3.2022948803863986	30.271317674363818
-3.299266513958188	3.213654501327016	30.016906569970505
-3.12009350403083	3.2216395532276705	29.765910743343046
-2.9456691110914166	3.2265653871356315	29.518299055218936
-2.77594277639892	3.2287310686419395	29.27403357603383
-2.6108573267348203	3.228419815608001	29.03307064589927
-2.450349585457434	3.2258994718320477	28.795361837780618
-2.2943509533484994	3.221423008688809	28.56085482915029
-2.1427879594110926	3.2152290476993732	28.329494187532116
-1.9955827819539123	3.2075423978424094	28.101222075403143
-1.8526537404481613	3.198574602202915	27.875978879901528
-1.7139157587685694	3.188524489271604	27.6537037727107
-1.5792808005324337	3.1775787248590723	27.434335205362242
-1.4486582773345222	3.165912361176973	27.217811345036242
-1.3219554307413268	3.153689380166819	27.0040704557438
-1.1990776889572554	3.1410632286293074	26.79305122955847
-1.0799289991128238	3.128177343127322	26.58469307233334
-0.9644121361491648	3.1151656630076765	26.37893634809829
-0.8524289892871818	3.102153130214283	26.175722586084223
-0.7438808270743529	3.089256174852442	25.974994654071207
-0.638668542001533	3.0765831857145103	25.776696901512835
-0.5366928756727091	3.0642349651942444	25.580775275644974
-0.4378546254968409	3.0523051682044224	25.387177413550567
-0.3420548338522538	3.040880724872838	25.195852712922896
-0.24919496065303817	3.03004224692863	25.006752384051946
-0.1591770402221921	3.019864417806521	24.819829485349395
-0.07190382334831362	3.0104163665934114	24.63503894452726
0.012721094625250434	3.001762026022425	24.452337567359248
0.09479315885968777	2.9939604747857422	24.27168403577782
0.17440675244049444	2.987066264491118	24.093038896894054
0.2516551054007366	2.981129731629856	23.916364544373998
0.3266302146220778	2.9761972949573443	23.741625193462415
0.39942277391927156	2.972311738712549	23.56878685081226
0.47012211364529843	2.9695124821211207	23.397817280154847
0.5388161491841816	2.9678358356392867	23.228685964735014
0.605591337728989	2.967315244402995	23.061364067331468
0.6705326427720488	2.967981519349967	22.895824388587663
0.7337235057628103	2.9698630564819015	22.732041324293
0.7952458244165468	2.9729860447307312	22.56999082217586
0.8551799371840261	2.977374662887025	22.409650338698913
0.9136046134182773	2.9830512660408344	22.25099879628291
0.9705970487995225	2.990036561975881	22.094016541327555
1.0262328656033415	2.998349777947242	21.938685303346283
1.0805861174203988	3.008008818260994	21.784988155484893
1.1337292979579803	3.019030413061723	21.632909476652994
1.1857333535746823	3.0314302587206816	21.482434915460686
1.2366676992200654	3.0452231502038476	21.333551356119564
1.2866002374698755	3.0604231057851887	21.18624688643981
1.3355973803672014	3.077043484456808	21.040510768025957
1.3837240737941126	3.0950970963725175	20.896333408761535
1.4310438241191727	3.114596306648427	20.753706337641482
1.4776187268790073	3.1355531328292012	20.61262218200342
1.523509497267929	3.15797933631476	20.473074647192472
1.5687755022237235	3.181886508028222	20.33505849868242
1.613474793911174	3.207286148592106	20.19856954666598
1.6576641444172782	3.2341897432659987	20.06360463311936
1.7013990814841506	3.262608831885398	19.9301616213395
1.74473392511679	3.292555074028066	19.798239387946772
1.7877218249133653	3.3240403096209508	19.66783781734247
1.830414797975449	3.3570766151875775	19.53895779860741
1.8728637672651258	3.3916763559230283	19.411601224825368
1.9151186002842453	3.427852233770642	19.2857709948145
1.9572281479593203	3.4656173316619676	19.161471017248946
1.9992402836229672	3.5049851540688888	19.03870621715303
2.0412019419896503	3.545969664004226	18.9174825447512
2.083159158030129	3.588585316594987	18.797806986656923
2.1251571056543885	3.6328470893395135	18.67968757938672
2.1672401361188443	3.6787705091480842	18.563133425184844
2.209451816078085	3.7263716762537893	18.44815471014736
2.2518349652055982	3.7756672850678665	18.33476272463645
2.29443169331253	3.8266746420420046	18.22296988597609
2.337283436896599	3.8794116805872654	18.112789763423095
2.3804309950563187	3.933896973086648	18.00423710540967
2.423914564708462	3.990149740025974	17.897327869054514
2.467773775048921	4.048189856254953	17.792079251941473
2.5120477211986914	4.108037854377205	17.6885097261662
2.556774996978431	4.169714925255294	17.586639074652037
2.6019937267557594	4.233242915603353	17.48648842973721
2.647741596310138	4.298644322626375	17.388080314036095
2.6940558826603636	4.365942285651635	17.291438683577038
2.7409734828001193	4.435160574684512	17.196588973217768
2.7885309412846033	4.506323575804154	17.103558144342063
2.836764476613062	4.5794562733037525	17.012374734834218
2.8857100063483263	4.654584228461948	16.92306891133056
2.9354031709141397	4.731733554818605	16.83567252374149
2.98587935600841	4.81093088981195	16.75021916203503
3.037173713568254	4.892203362618305	16.666744215267883
3.0893211812198182	4.975578558019386	16.585284932844605
3.1423565001426663	5.061084476105428	16.505880487979127
3.1963142312750517	5.14874948760568	16.428572043324756
3.251228769782328	5.238602284620131	16.353402818730476
3.30713435770636	5.330671826508606	16.28041816107105
3.364065094709302	5.424987280675547	16.209665616086724
3.422054946820007	5.5215779579705	16.141195002155055
3.481137753085747	5.620473242405362	16.07505848590303
3.541347230026216	5.721702514870831	16.011310659550634
3.602716973780597	5.825295070515358	15.950008619858663
3.6652804598321884	5.931280029431334	15.891212048532497
3.7290710401878004	6.03968624027331	15.83498329391119
3.7941219378822217	6.150542176414602	15.78138745374536
3.8604662386706345	6.263875824230012	15.730492458839473
3.928136879763601	6.3797145630733	15.682369157303478
3.997166635451726	6.498085036501127	15.637091399124648
4.067588099458226	6.619013014277255	15.594736120733815
4.1394336638492994	6.742523244674994	15.555383429199704
4.212735494323497	6.8686392965811836	15.519116685641013
4.287525501692073	6.9973833908909	15.486022587398454
4.363835309353478	7.128776220670983	15.456191248457047
4.441696216556146	7.262836759561006	15.429716277553128
4.521139157234423	7.39958205787316	15.406694853340307
4.602194654193577	7.539027025848765	15.38722779592384
4.684892768412086	7.681184203530723	15.371419634003015
4.769263043217728	7.8260635167096915	15.359378666787583
4.855334443091991	7.97367201842089	15.351217019773502
4.943135286842733	8.124013615470602	15.347050693380453
5.032693174883067	8.277088779500229	15.34699960336288
5.124034910346889	8.432894242120616	15.35118761181219
5.217186413766363	8.5914226736846	15.359742547468013
5.312172631033285	8.752662345310677	15.372796213951956
5.409017434363997	8.916596773825093	15.390484384428133
5.507743515986932	9.08320434935501	15.412946781081423
5.6083722742729405	9.252457945382519	15.44032703768686
5.710923692032987	9.424324511161705	15.472772643423227
5.815416206713704	9.59876464650631	15.510434865960656
5.921866572230296	9.775732159077254	15.55346865172711
6.030289712189949	9.955173604441015	15.602032501133454
6.140698564273934	10.137027809326348	15.656288316411757
6.253103915568403	10.32122537868848	15.716401219599305
6.367514228658544	10.507688187390206	15.7825393380822
6.483935458331146	10.696328857534324	15.854873554999894
6.602370858767138	10.887050222731949	15.933577221708356
6.722820781147832	11.079744780866825	16.01882582940669
6.845282461647746	11.274294137218515	16.110796636953445
6.96974979984328	11.470568440138383	16.209668251837904
7.096213127631078	11.668425811832149	16.31562016123212
7.224658968823288	11.867711777192676	16.4288322100359
7.355069789668334	12.068258694043669	16.549484022842854
7.48742374063772	12.269885188602686	16.677754366807083
7.6216943899216565	12.472395600447081	16.813820452482584
7.757850449188442	12.675579441767221	16.957857169845514
7.895855492285845	12.879210876215774	17.110036256899775
8.035667667698217	13.083048223208536	17.27052539851649
8.177239405718575	13.286833494092747	17.4394872534713
8.320517121453754	13.490291967173592	17.61707840803067
8.46544091494771	13.693131809163912	17.803448254899777
8.61194426989427	13.895043751205645	17.998737796900517
8.759953752593868	14.095700828163043	18.203078375378354
8.909388713017222	14.294758190439218	18.416590324081746
9.060160990044983	14.49185299806819	18.639381550090537
9.212174623170512	14.686604407294281	18.871546044312762
9.365325573177433	14.87861366024755	19.113162325120804
9.519501454529918	15.067464288638732	19.36429181985554
9.674581282441004	15.252722442613772	19.624977190191444
9.830435237811665	15.43393735601003	19.895240608727164
9.986924453452648	15.610641959216299	20.175081995630816
10.143900825214523	15.782353650643994	20.46447722572827
10.30120685184706	15.948575237435675	20.763376318051034
10.458675507589257	16.108796055456807	21.07170162155301
10.616130151646985	16.26249327781079	21.389346012436967
10.773384478838715	16.40913342006466	21.716171120272197
10.930242515780602	16.548174049060606	22.05200560181635
11.08649866702987	16.679065700597178	22.39664348313623
11.241937815600798	16.801254009379274	22.749842592208868
11.39633548221186	16.914182052458862	23.111323105650584
11.549458047501853	17.017292904909528	23.48076623450579
11.70106304126297	17.110032403705524	23.857813075084227
11.850899502475352	17.191852112723726	24.24206365161575
11.99870841358365	17.26221247847463	24.633076177939433
12.144223212026162	17.320586162626867	25.030366565502018
12.287170381510663	17.36646153366136	25.433408204563975
12.427270124923112	17.399346296125522	25.841632044644196
12.564237120058676	17.41877123201815	26.254426998839815
12.697781358576242	17.424294024892674	26.671140694688678
12.827609067704174	17.415503133403963	27.09108059167713
12.953423713274336	17.392021677332007	27.513515482327364
13.074927081636549	17.353511295691675	27.937677390009007
13.191820436918912	17.299675933485986	28.362763872224882
13.303805748968971	17.230265511085832	28.78794073316876
13.410586986145407	17.14507942822757	29.212345143869676
13.511871465951717	17.04396985331445	29.63508916230211
13.607371255334453	16.926844748180603	30.055263639550372
13.696804611326812	16.7936705788138	30.471942491557886
13.779897451630953	16.644474663802534	30.884187309305172
13.856384843723749	16.479347114523318	31.29105227358292
13.92601250016461	16.298442324344947	31.691589334005133
13.98853826700754	16.101979968395966	32.084853605713064
14.043733591594227	15.89024548069821	32.46990893150844
14.091384955554098	15.663589981657951	32.845833552091285
14.131295258582586	15.422429635931424	33.211725822840485
14.163285138521147	15.167244428448965	33.566709912271385
14.18719421344064	14.898576354726885	33.90994141510715
14.202882231836474	14.61702703036904	34.240612811880766
14.210230117684437	14.323254733664553	34.557958707236935
14.209140897977079	14.017970904226322	34.8612607806648
14.199540501453479	13.701936129467136	35.14985238628152
14.181378418536035	13.375955659176523	35.42312274245867
14.15462821397741	13.04087449631168	35.68052065749488
14.119287885374195	12.697572119172587	35.92155774406432
14.075380062492277	12.346956896199076	36.145811082691885
14.022952044239181	11.989960259559115	36.35292530284699
13.962075672075411	11.627530707370605	36.54261405921693
13.892847040642572	11.260627706722552	36.71466089010949
13.81538604836045	10.890215570579151	36.86891945452185
13.729835792673633	10.517257381171456	37.00531315396185
13.636361816468588	10.142709030606472	37.12383415440953
13.535151213904834	9.767513446249549	37.224541832633165
13.42641160547344	9.392595064044016	37.30756067923958
13.31036999348865	9.018854607471697	37.37307769816523
13.187271510408127	8.647164223475578	37.42133934866225
13.057378073350536	8.27836301955491	37.45264808108793
12.920966958921293	7.913253038584251	37.46735852189244
12.778329312964937	7.552595699908348	37.4658733660753
12.629768610132812	7.197108727114725	37.44863903704081
12.47559907819582	6.847463574785234	37.41614117425252
12.316144101850655	6.504283358645651	37.368900008424916
12.151734620381468	6.168141286038051	37.307465682280814
11.98270753296312	5.839559576667845	37.23241357225099
11.809404124650493	5.519008857246753	37.14433966302287
11.632168525212117	5.2069080080511165	37.04385602269158
11.451346211961031	4.90362443460666	36.931586421571886
11.267282566638585	4.609474733737817	36.80816213263772
11.080321495242956	4.3247257200934355	36.67421794620975
10.890804118483857	4.049595776965693	36.53038842604087
10.699067539319957	3.784256493739333	36.37730442848552
10.50544369281359	3.5288345515896404	36.21558990109095
10.31025828233573	3.283413819026693	36.04585897181233
10.113829804997666	3.0480376195003087	35.86871333521707
9.916468668083704	2.8227111344476894	35.68473993756827
9.718476397225743	2.6074039068049184	35.49450895861455
9.520144936105895	2.402052412030741	35.29857208429846
9.321756036606324	2.206562666025311	35.09746106144895
9.123580737549206	2.0208128418856677	34.891686522852496
8.925878929484481	1.8446558701470372	34.681737068892446
8.728899002395455	1.6779219999523691	34.46807859020066
8.532877572697922	1.5204213014062053	34.25115381445235
8.338039285501404	1.3719460921469913	34.03138205952179
8.144596687784244	1.2322732738749493	33.809159174677376
7.952750167896919	1.1011665671569786	33.5848576512839
7.762687956645405	0.9783786352679416	33.35882688456281
7.574586185116012	0.863653090098158	33.13139356829982
7.388608994371176	0.7567263752394602	32.90286220493725
7.204908692172394	0.6573295232517381	32.67351571421647
7.0236259519604864	0.565189785800848	32.44361612440205
6.844890049437922	0.48003213684746404	32.21340533109075
6.668819132249739	0.4015806503607697	31.983105909658597
6.495520518439204	0.3295597551358206	31.752921968496707
6.325091019555623	0.26369537021901324	31.52304003130664
6.157617284513114	0.2037159252053109	31.293629937852902
5.993176160531354	0.14935327027457754	31.064845753680125
5.831835067730284	0.10034348129717896	30.836826680384004
5.673652384196968	0.056427565675055635	30.60969795906673
5.5186778385875375	0.017352074806545666	30.383571760595505
5.366952907572905	-0.017130370813002012	30.158548057217196
5.2185112156768385	-0.047260637805845246	29.934715470952828
5.073378935287147	-0.07327271142954882	29.71215209499871
4.931575184845501	-0.09539339648408734	29.490926285098496
4.793112423438595	-0.11384208184388842	29.27109741852384
4.657996840216232	-0.12883056304163487	29.052716618903098
4.526228737256587	-0.14056291755353778	28.8358274456794
4.397802904679222	-0.14923542768357015	28.620466547455678
4.272708986977285	-0.15503654620894827	28.406664278905744
4.150931839697759	-0.15814690022561148	28.194445281294893
4.032451875743011	-0.15873932891494952	27.983829026964475
3.9172454007014803	-0.15697895123710723	27.7748303284015
3.8052849367376127	-0.15302325983831783	27.567459812736065
3.69653953468187	-0.14702223773678538	27.361724362690435
3.5909750740624493	-0.13911849462106443	27.157627525149714
3.4885545509112914	-0.129447419854944	26.9551698886387
3.3892383532574715	-0.11813734953185422	26.75434943107345
3.29298452429331	-0.10530974515884924	26.5551618392162
3.199749013263074	-0.09107938177457545	26.357600801301366
3.1094859141791087	-0.0755545435166599	26.161658274316736
3.022147692520454	-0.05883722485188107	25.96732472742855
2.937685400110101	-0.04102333586681313	25.77458936302498
2.856048878404316	-0.022202910188094747	25.583440316830547
2.7771869504577382	-0.0024603142599910655	25.39386483851001
2.7010476018535874	0.018125543146969878	25.205849454138296
2.6275781509099	0.039481002188043	25.019380111866795
2.556725408489449	0.06153744482581394	24.834442312062862
2.4884358277540946	0.084231090097796	24.651021223142788
2.4226556442148732	0.10750279242422518	24.469101784261124
2.3593310064360593	0.13129784351735246	24.288668795958923
2.298408097755435	0.15556577836967037	24.109706999811294
2.2398332493855464	0.1802601857225104	23.932201148054922
2.1835530452608105	0.20533852334814418	23.756136064115832
2.129514418993224	0.230761938417374	23.581496694897233
2.0776647432965913	0.2564950931695748	23.40826815563051
2.0279519122344913	0.28250599605318444	23.236435768036095
1.9803244166413903	0.30876583846108363	23.06598509248664
1.9347314130593352	0.335248837146782	22.89690195481198
1.8911227865256668	0.3619320823728805	22.729172468337737
1.849449207538738	0.38879539181324496	22.562783051701444
1.8096621835196216	0.41582117020407733	22.397720442944582
1.7717141050789362	0.44299427471575115	22.233971710338075
1.7355582873882403	0.4703018859973086	22.07152426035874
1.701149006945562	0.4977333848281989	21.910365843196708
1.6684415340148313	0.5252802342968416	21.75048455613983
1.637392161008817	0.5529358674129092	21.59186884514864
1.6079582270750845	0.5806955800494775	21.43450750490547
1.5800981391342384	0.6085564291023219	21.27838967759302
1.5537713896098797	0.636517135746072	21.123504850633044
1.52893857107964	0.6645779936609687	20.969842853592013
1.5055613880667558	0.6927407820993218	20.817393854438507
1.4836026661820683	0.7210086836570013	20.666148355318004
1.4630263588163999	0.7493862066132371	20.516097187989633
1.4437975515751826	0.7778791116986197	20.36723150906149
1.4258824646363855	0.8064943431523982	20.219542795134522
1.4092484532052074	0.8352399639282955	20.07302283795984
1.3938640062299685	0.8641250949088505	19.927663739699387
1.3796987435353083	0.8931598579889845	19.783457908369506
1.3667234115206361	0.922355322890901	19.640398053536355
1.354909877564025	0.9517234575738939	19.49847718232431
1.3442311232641246	0.9812770821046952	19.357688595790357
1.3346612366453676	1.0110298258562094	19.21802588571079
1.3261754034446875	1.0409960879050375	19.07948293182044
1.3187498975912146	1.0711910005008278	18.94205389953962
1.3123620709839101	1.1016303954832807	18.80573323821988
1.306990342665747	1.1323307735259673	18.670515679934237
1.30261418748719	1.163309276088805	18.53639623883622
1.299214124345895	1.194583659964281	18.403370211108854
1.2967717040840518	1.2261722743059686	18.27143317552159
1.2952694971195198	1.2580940400309433	18.140580994612034
1.294691080881927	1.290368431490937	18.01080981650819
1.295021027120053	1.3230154603102995	17.882116077405914
1.2962448891422635	1.3560556612921875	17.754496504714925
1.29834918904737	1.38951008029736	17.62794812088736
1.3013214049991542	1.4234002640031638	17.50246824794223
1.3051499585938138	1.457748251453395	17.378054512699165
1.3098242023658364	1.4925765673124467	17.254704852735994
1.3153344074741808	1.5279082167401914	17.132417523084637
1.3216717516072825	1.5637666818067313	17.011191103680883
1.3288283071421005	1.600175919368675	16.89102450758485
1.3367970295893747	1.6371603603310978	16.77191698999009
1.345571746354323	1.6747449102219787	16.653868158039675
1.3551471458392144	1.7129549510077082	16.536877981470433
1.36551876691149	1.7518163440801882	16.420946804108297
1.3766829887589587	1.7913554343492013	16.306075356235677
1.3886370211504446	1.8315990553728052	16.19226476786143
1.4013788951188093	1.872574535463082	16.079516582916725
1.414907454080506	1.9143097047038389	15.967832774408349
1.4292223454039457	1.9568329028187081	15.85721576056105
1.4443240124368064	2.0001729878287424	15.747668421983153
1.460213687000624	2.0443593454395947	15.639194119891433
1.4768933823590316	2.0894218990986286	15.53179671543403
1.4943658866642031	2.1353911206623737	15.425480590152926
1.512634756884363	2.182298041615081	15.320250667629194
1.53170431321344	2.2301742647784075	15.216112436357752
1.5515796339622505	2.2790519764517865	15.113071973900697
1.5722665509290314	2.3289639589222526	15.011135972370841
1.5937716452453987	2.3799436032811365	14.910311765300191
1.616102243692233	2.432024922483515	14.810607355950921
1.6392664154783272	2.485242564584446	14.712031447129325
1.663272969473015	2.539631826083692	14.614593472566302
1.6881314518822872	2.5952286653080994	14.518303629930832
1.7138521443562327	2.6520697157576043	14.423172915546239
1.7404460625138722	2.7101922993374763	14.329213160881945
1.7679249548696707	2.769634439395363	14.236437070896832
1.7963013021441319	2.830434873477417	14.144858264313195
1.8255883169389804	2.8926330657127934	14.054491315903697
1.8557999437553014	2.95626921873025	13.965351800876995
1.8869508593309274	3.021384285004565	13.877456341450806
1.9190564732712614	3.088019977524294	13.79082265570377
1.952132928945158	3.156218779664599	13.705469608801275
1.9861971046148226	3.2260239541407576	13.621417266693518
2.0212666147664367	3.2974795509101034	13.538686952385948
2.057359811605075	3.370630413880265	13.45730130488559
2.0944957866744045	3.445522186271196	13.377284340929476
2.132694372558409	3.5222013144675364	13.298661519603543
2.1719761446195816	3.600715050187215	13.221459809961116
2.2123624227224634	3.6811114507756986	13.145707761755531
2.253875272889857	3.7634393774262658	13.071435579397788
2.2965375088329387	3.847748491108134	12.998675199254816
2.340372693292634	3.9340892459696515	12.927460370402883
2.385405139124635	4.022512879966539	12.857826738950532
2.4316599100550182	4.1130714024463595	12.789811936044908
2.4791628210280168	4.205817578401307	12.723455669673209
2.5279404380611585	4.300804909079728	12.658799820368971
2.5780200775167676	4.398087608625044	12.595888540928774
2.6294298046917164	4.497720576386445	12.534768360240621
2.6821984316198724	4.5997593645204535	12.475488291319063
2.7363555139740074	4.704260140475947	12.418099943634463
2.791931346944977	4.811279643925963	12.362657639814929
2.848956959967466	4.920875137680345	12.309218536788014
2.9074641101515115	5.033104352080783	12.257842751416439
2.967485274268913	5.148025422346454	12.208593490666509
3.0290536391327576	5.265696818303589	12.161537186329701
3.0922030901963637	5.386177265894505	12.116743634297247
3.1569681981859117	5.509525659823769	12.074286138363018
3.2233842035676967	5.635800966658186	12.03424165850261
3.291486998637106	5.765062117655529	11.99669096354472
3.361313107001626	5.897367890553005	11.96171878811511
3.4328996602150963	6.032776779502278	11.929413993692505
3.5062843713037366	6.171346852290804	11.899869733570137
3.581505504906997	6.313135593941283	11.873183621465055
3.6586018437391106	6.4581997357342775	11.849457903459108
3.737612651057799	6.606595068649102	11.828799632891144
3.818577628806976	6.758376240169093	11.811320847747846
3.9015368710798217	6.913596533348557	11.797138750020437
3.9865308125274237	7.072307626990571	11.786375886405771
4.073600171316737	7.234559335738961	11.779160329632033
4.162785886215724	7.400399328836766	11.775625859581362
4.254129047368118	7.569872826275994	11.775912143261861
4.347670820286446	7.743022271006184	11.78016491255192
4.4434523625753775	7.919886975849668	11.788536138495992
4.54151473287029	8.100502743738396	11.8011842007754
4.641898791452453	8.284901459868514	11.818274050807988
4.7446450919781125	8.47311065435754	11.839977366746403
4.84979376373508	8.665153033988487	11.866472698445541
4.957384383818318	8.861045981638974	11.897945600255106
5.067455838594376	9.060801022020833	11.934588749262408
5.180046173804571	9.264423252400997	11.976602046363553
5.295192432638903	9.471910737040012	12.02419269727743
5.412930481098259	9.683253864175107	12.077575270337412
5.533294819949573	9.89843466448883	12.136971727599184
5.656318382571146	10.117426090151646	12.202611425491996
5.782032317982682	10.340191253708445	12.274731080915181
5.910465758355503	10.566682626295496	12.353574698342353
6.041645570308458	10.796841194938409	12.43939345314649
6.175596089310954	11.030595578990392	12.532445526000751
6.312338836540213	11.26786110613306	12.632995882846634
6.45189221757468	11.508538848781265	12.741315994556297
6.594271202352759	11.752514622217447	12.857683490055068
6.739486985885396	11.999657946331844	12.982381736318596
6.887546629285534	12.249820973470491	13.115699338324124
7.03845268076814	12.502837385597	13.25792955172513
7.192202776381995	12.758521264759695	13.409369600741012
7.34878922036382	13.016665941732153	13.570319893522454
7.508198545155638	13.277042828661367	13.7410831270785
7.670411051298819	13.53940024261501	13.921963273745927
7.835400327618621	13.80346222807509	14.113264441164247
8.003132752340209	14.068927387674059	14.315289597805185
8.173566976034127	14.33546773181126	14.528339156313201
8.346653387570248	14.602727559205986	14.752709407254676
8.522333564595714	14.870322381977854	14.988690796406084
8.700539710383218	15.137837910387118	15.23656603938209
8.881194079301872	15.404829114028558	15.496608068334254
9.064208393577243	15.670819377927888	15.769077806582183
9.249483254465956	15.935299773673993	16.05422176843983
9.436907551461235	16.19772846738605	16.35226948317948
9.6263578736674	16.457530287928922	16.66343074405689
9.81769792803189	16.714096480313806	16.987892685623468
10.01077796970011	16.966784670609425	17.325816695192866
10.205434250353079	17.214919069884328	17.67733516731673
10.401488490996323	17.457790945647663	18.042548113465276
10.598747386282382	17.694659389888322	18.421519642800387
10.797002148058573	17.92475241305925	18.814274333959375
10.996028096422483	18.147268393137367	19.220793522108327
11.195584307132084	18.361377908137996	19.64101153014963
11.395413324734033	18.566225979088898	20.074811877816344
11.595240951232675	18.760934748401446	20.522023507404334
11.794776120494957	18.944606615729395	20.982417069977338
11.993710868867312	19.116327849724748	21.455701320959225
12.191720412632097	19.275172689509958	21.941519678947454
12.388463342943945	19.42020794415521	22.439447006229575
12.583581948733617	19.550498091946903	22.948986673697725
12.776702677722986	19.66511087375445	23.469567976452467
12.967436745144585	19.763123366376934	24.000543969198972
13.155380898979505	19.843628512433515	24.541189792363262
13.340118349500349	19.905742073244987	25.090701560494608
13.521219869622563	19.948609960375325	25.64819588378996
13.698245071014579	19.971415890233608	26.21271009128263
13.87074385909287	19.973389294599407	26.78320322021682
14.038258067938902	19.9538134083897	27.358557830256103
14.2003232738284	19.91203344473275	27.937582693336378
14.356470783479615	19.847464756791553	28.519016400122513
14.506229790337956	19.759600876150262	29.101531912178793
14.64912968925562	19.64802130932289	29.683742075182614
14.784702536843412	19.51239896745335	30.26420609294026
14.912485641628482	19.352507099927365	30.84143694483979
15.032024265006022	19.168225600768817	31.413909710979613
15.142874410906268	18.959546557651553	31.980070749958045
15.244605679179895	18.726578917383712	32.538347654613816
15.336804155024764	18.46955214898458	33.0871598914191
15.419075304414136	18.188818796062996	33.6249300102893
15.491046843527215	17.8848558240892	34.150095293908706
15.552371548700238	17.558264685199486	34.66111969985978
15.602729972484823	17.209770043112897	35.156505935507084
15.64183303107576	16.840217123199515	35.634807495256084
15.669424428701399	16.45056767720892	36.09464048299555
15.685282885582845	16.041894578054496	36.53469503961595
15.689224137775314	15.615375086659508	36.953746196772045
15.681102679596577	15.17228285946626	37.350663983663395
15.660813222393646	14.713978790978665	37.72442262357357
15.628291847047324	14.241900809908971	38.074108671042154
15.583516831795748	13.757552769331634	38.39892795858504
15.526509141583391	13.262492590053238	38.698211243343664
15.457332570106413	12.758319831562183	38.971418468375035
15.37609353091414	12.246662875968815	39.21814157978328
15.282940499213806	11.729165916928975	39.438105868781975
15.178063111287509	11.207475947508893	39.63116983622767
15.061690933534077	10.683229938243546	39.79732360535938
14.934091917978606	10.158042389452289	39.936685935577394
14.795570565532786	9.63349343047749	40.04949991534621
14.64646582224396	9.111117623362427	40.13612743502069
14.48714873715355	8.592393610121498	40.1970425600024
14.318019913138425	8.078734721850084	40.23282394068221
14.139506784183235	7.571480645156305	40.24414640781694
13.952060753910652	7.071890217524612	40.23177191015882
13.756154230872152	6.5811353989538555	40.19653995529551
13.552277596099982	6.100296443271939	40.13935771488489
13.340936137771422	5.6303582695395145	40.06118995202872
13.122646986595099	5.172208012492686	39.963048921769555
12.89793608375849	4.726633711505338	39.84598438604645
12.667335211050766	4.294324080443943	39.711073872394515
12.431379110177838	3.8758692863042348	39.559413291745535
12.190602715400887	3.4717626528087333	39.3921080154159
11.945538520537845	3.0824031962536003	39.21026449527768
11.696714098156841	2.708098894786827	39.01498249469874
11.444649785536637	2.3490705888473244	38.80734798156115
11.18985654874162	2.00545640950187	38.588426718922875
10.932834033025864	1.677316632647256	38.35925857401665
10.674068804793116	1.364638860210556	38.120852552551284
10.414032787542855	1.0673434342792938	37.87418255289933
10.153181891664444	0.785288996215645	37.6201838238631
9.891954835624956	0.5182781099412228	37.35975010038363
9.630772154049788	0.26606287642701726	37.09373138382053
9.370035386426808	0.02835047471009741	36.82293232725977
9.110126438675552	-0.1951914267640607	36.5481111816373
8.851407108606773	-0.40492943622645866	36.26997925520321
8.594218765345579	-0.6012594216137465	35.98920083687582
8.338882172085546	-0.784601742190016	35.706393533209685
8.0856974410638	-0.9553967530262039	35.422128968880834
7.834944109382058	-1.114100599788711	35.136933801633916
7.586881324212459	-1.2611813151137758	34.8512910043793
7.341748126010955	-1.3971152223308365	34.56564136944778
7.099763818581252	-1.5223836474672405	34.28038519276195
6.861128415169136	-1.63746993630899	33.99588409874734
6.626023150202488	-1.7428567697847426	33.712462970078604
6.394611046802838	-1.8390237680518149	33.430411949735515
6.167037530761539	-1.9264453713513425	33.14998848624966
5.943431082281816	-2.0055889839160814	32.871419396386415
5.723903917423527	-2.076913365906856	32.594902922774324
5.50855269183327	-2.1408672574704117	32.32061076711616
5.297459219989882	-2.1978882184980506	32.04869008256159
5.090691203838488	-2.2484016674680714	31.779265411572208
4.8883029653078065	-2.2928201028294635	31.51244055813722
4.690336177808773	-2.3315424906799382	31.24830038550724
4.496820592387365	-2.36495380296779	30.986912532694266
4.307774754749406	-2.393424691064958	30.728329044844568
4.123206709882358	-2.417311280284721	30.472587914226565
3.94311469147908	-2.436955071719242	30.219714530014336
3.767487793806854	-2.452682938626445	29.96972303628226
3.5963066240666546	-2.4648072054784027	29.722617598677747
3.4295439336583637	-2.473625798675642	29.478393581128444
3.2671652271002967	-2.4794224588190072	29.237038634671556
3.1091293476522157	-2.4824670052998665	28.998533701087602
2.955389038959435	-2.4830156448107465	28.762853934490458
2.8058914822733296	-2.481311316184481	28.52996954438409
2.66057880901572	-2.477584064734985	28.299846563961818
2.5193885886374527	-2.4720514399933102	28.072447547600778
2.3822542918818947	-2.4649189114060945	27.8477322016109
2.2491057297016406	-2.45638029718898	27.625657952341765
2.1198694681951165	-2.446618202104936	27.406180455744316
1.9944692200263994	-2.435804460467158	27.189254052429252
1.8728262128762323	-2.424100581150039	26.974832172180882
1.7548595355393948	-2.411658191831214	26.76286769176977
1.6404864623356274	-2.3986194800847382	26.55331324976624
1.5296227565451712	-2.385117629303104	26.346121521905037
1.4221829536115087	-2.371277247746089	26.141245460384127
1.3180806248753605	-2.357214789300015	25.938638500303394
1.2172286226201117	-2.3430389647849097	25.73825473627173
1.1195393072139146	-2.328851142871166	25.540049072024082
1.0249247571375044	-2.3147457398651046	25.343977345712347
0.9332969626820227	-2.3008105977959046	25.149996433352328
0.8445680040929564	-2.287127350387387	24.958064332732693
0.7586502149245904	-2.2737717766293293	24.768140229921155
0.6754563313555774	-2.2608141417764362	24.58018455034059
0.5948996281975741	-2.2483195257002286	24.39415899622718
0.5168940423106947	-2.236348138602394	24.210026572134723
0.44135428411867567	-2.224955624168653	24.027751600006862
0.3681959378938973	-2.214193350301415	23.84729972520302
0.2973355514600945	-2.2041086876191316	23.6686379147389
0.2286907159370025	-2.1947452759511035	23.491734448884102
0.16218013612700524	-2.1861432790898174	23.316558907148487
0.09772369212001776	-2.178339628089658	23.143082149586906
0.03524249266871593	-2.1713682534218566	22.971276294256967
-0.025341079137731152	-2.1652603063116325	22.80111469157646
-0.08410332739700163	-2.160044369595253	22.632571896246255
-0.14111921163276067	-2.1557466584429297	22.465623637330452
-0.1964623212909919	-2.1523912112984602	22.30024678701817
-0.25020485605746295	-2.150000071388851	22.136419328528703
-0.3024176115820815	-2.1485934591572238	21.97412032356497
-0.3531699702164557	-2.1481899359705183	21.813329879670643
-0.40252989639187087	-2.148806559450042	21.654029117798714
-0.4505639362845184	-2.150459030768169	21.496200140357942
-0.4973372214338038	-2.1531618342486367	21.33982599996643
-0.5429134759980468	-2.156928369601135	21.18489066910764
-0.5873550273494742	-2.1617710771134067	21.031379010854508
-0.6307228197274206	-2.167701556116012	20.879276750800557
-0.6730764306849036	-2.1747306770263997	20.72857045031352
-0.7144740900793152	-2.1828686872700485	20.57924748120622
-0.7549727013730362	-2.192125311367354	20.43129600190085
-0.7946278650235684	-2.2025098454655354	20.284704935148568
-0.8334939037572473	-2.2140312465855647	20.13946394734954
-0.8716238895325843	-2.2266982168444476	19.99556342951036
-0.9090696720122496	-2.240519282903753	19.852994479863547
-0.9458819083741684	-2.2555028708857052	19.711748888166476
-0.9821100943037946	-2.2716573769888204	19.571819121688463
-1.017802596019644	-2.288991234025457	19.433198312891232
-1.0530066831944547	-2.3075129740943536	19.295880248802558
-1.0877685626440943	-2.327231287592102	19.159859362078425
-1.122133412664989	-2.34815507875818	19.02513072374777
-1.1561454179094908	-2.3702935179391997	18.89169003763157
-1.1898478046967238	-2.3936560907491193	18.759533636426667
-1.2232828766638022	-2.4182526442932635	18.62865847944486
-1.2564920506695416	-2.444093430615292	18.49906215199784
-1.2895158928694652	-2.471189147517684	18.370742866418905
-1.3223941548871603	-2.4995509768977873	18.243699464713583
-1.355165810012743	-2.529190620732929	18.117931422833344
-1.3878690893649952	-2.5601203348400507	17.99343885656706
-1.4205415179583227	-2.5923529605266484	17.870222529048842
-1.4532199506209216	-2.6259019542420527	17.74828385988123
-1.485940607714496	-2.6607814153296134	17.62762493587677
-1.5187391106100543	-2.6970061119723736	17.508248523423184
-1.5516505168781083	-2.7345915054169065	17.39015808247967
-1.5847093551546598	-2.773553772551603	17.273357782216056
-1.617949659647661	-2.8139098269079015	17.157852518308644
-1.6514050042514252	-2.855677338144984	17.043647931909522
-1.6851085362386116	-2.8988747500699663	16.93075043031051
-1.7190930095018153	-2.9435212972377665	16.8191672093251
-1.7533908173185992	-2.989637020166506	16.708906277415227
-1.7880340246153723	-3.0372427791959486	16.59997648159319
-1.8230543997068114	-3.08636026700798	16.492387535132085
-1.8584834454888488	-3.1370120198199296	16.386150047120687
-1.8943524300629173	-3.1892214272511903	16.28127555390494
-1.9306924167721176	-3.2430127408581417	16.177776552454095
-1.9675342936270164	-3.2984110813186414	16.075666535702013
-2.0049088021012698	-3.35544244424146	15.974960029909575
-2.0428465652758914	-3.414133704564789	15.875672634100091
-2.0813781153105464	-3.4745126194980416	15.777821061621946
-2.120533920219733	-3.5366078299512784	15.681423183894264
-2.1603444099303726	-3.6004488603854217	15.58649807639441
-2.2008400015960117	-3.6660661170053466	15.49306606694794
-2.2420511241414824	-3.733490884206778	15.401148786382777
-2.2840082420095857	-3.8027553191752563	15.310769221611707
-2.3267418780794435	-3.873892444523296	15.221951771207745
-2.3702826357235596	-3.94693613883855	15.134722303537888
-2.4146612199680053	-4.021921125002336	15.049108217520788
-2.4599084577168626	-4.09888295612324	14.96513850607403
-2.5060553169988116	-4.177857998915759	14.882843822315682
-2.5531329251896517	-4.258883414337702	14.802256548583953
-2.6011725861614123	-4.341997135285108	14.723410868335284
-2.650205796303015	-4.4272378411242075	14.646342840980477
-2.7002642593535398	-4.514644928823308	14.571090479713368
-2.7513798999837684	-4.604258480428303	14.49769383238224
-2.803584876056002	-4.696119226605528	14.426195065448821
-2.8569115894864106	-4.7902685059553844	14.35663855107246
-2.911392695627557	-4.886748219778174	14.289070957349377
-2.967061111082032	-4.9856007819512005	14.223541341727069
-3.0239500198511764	-5.086869063553221	14.160101247602539
-3.082092877714627	-5.190596331846951	14.098804804100688
-3.141523414728597	-5.296826183205502	14.039708829013938
-3.202275635722117	-5.405602469542275	13.982872934867187
-3.2643838186611522	-5.516969217776289	13.928359638053015
-3.3278825107410173	-5.63097054183705	13.876234470960005
-3.3928065220570005	-5.747650546683592	13.826566096992575
-3.4591909166930757	-5.86705322378372	13.779426428352439
-3.52707100105608	-5.989222337466998	13.734890746421582
-3.5964823092725076	-6.114201301536796	13.69303782455075
-3.6674605854513875	-6.2420330454930575	13.653950053019697
-3.7400417626048816	-6.372759869687776	13.617713565891734
-3.814261938003999	-6.5064232887021305	13.584418369438024
-3.890157344733827	-6.643063862204632	13.554158471753883
-3.9677643191976917	-6.782721012517898	13.52703201313169
-4.047119264305344	-6.925432828092855	13.503141396690937
-4.128258608064845	-7.071235852060486	13.482593418696052
-4.211218757282645	-7.220164855005461	13.465499397915837
-4.296036046060235	-7.372252591081418	13.451975303294892
-4.382746678760264	-7.5275295365675685	13.442141879115983
-4.471386667098771	-7.686023609948891	13.436124766733569
-4.561991761003902	-7.847759872589134	13.434054621851274
-4.6545973728666254	-8.012760209060561	13.436067226200105
-4.749238494793087	-8.1810429861933	13.44230359234944
-4.845949608451665	-8.352622689911472	13.45291006024836
-4.94476458709688	-8.527509538945452	13.468038383951109
-5.045716589336231	-8.705709074531155	13.487845806826858
-5.14883794419549	-8.887221725248295	13.512495123390531
-5.2541600270270425	-9.072042346200844	13.542154725718076
-5.36171312579757	-9.260159731810807	13.576998632226639
-5.4715262972854815	-9.451556101582117	13.617206496407853
-5.583627212715019	-9.646206558295964	13.662963592901253
-5.698041992353195	-9.844078518224645	13.714460778085286
-5.814795028600923	-10.045131113104853	13.77189442214741
-5.933908797116735	-10.249314563787884	13.835466309372176
-6.055403655524984	-10.45656952569305	13.905383503159685
-6.179297629280213	-10.666826406433037	13.981858172058587
-6.305606184284196	-10.880004656255386	14.065107372868964
-6.434341985885058	-11.096012032259717	14.155352786645093
-6.565514643933223	-11.314743837714389	14.252820403212477
-6.699130443610471	-11.536082138182904	14.357740149599712
-6.835192061821669	-11.759894956640986	14.470345457602296
-6.973698269001879	-11.98603545024957	14.590872765518563
-7.114643616280459	-12.21434107200853	14.719560948957255
-7.258018108042218	-12.44463272112297	14.856650675507552
-7.40380686003806	-12.6767138865758	15.00238367799508
-7.551989743327239	-12.910369789121035	15.15700194103235
-7.702541014480264	-13.145366527689967	15.32074679561818
-7.855428932634712	-13.381450237032464	15.493857916656042
-8.010615364180461	-13.618346264301922	15.67657221846123
-8.168055376054602	-13.855758373226879	15.869122643621004
-8.327696818848699	-14.093367985487088	16.07173684097093
-8.48947990117892	-14.330833469929017	16.284635728975474
-8.653336757034404	-14.567789491292066	16.50803194145461
-8.819191008107369	-14.803846431169786	16.742128153401772
-8.986957323418943	-15.03858989498422	16.987115285605096
-9.156540978883893	-15.271580319783482	17.243170587923093
-9.327837419804574	-15.502352698663767	17.510455602389374
-9.50073182964974	-15.730416438544717	17.78911400884244
-9.675098708853218	-15.955255368862158	18.079269357501765
-9.850801467758624	-16.17632791945407	18.381022694847598
-10.027692038230365	-16.39306748646403	18.694450091302752
-10.205610508850988	-16.604883005443277	19.019600081569752
-10.384384789018506	-16.81115975094974	19.356491031029147
-10.563830307639572	-17.011260381778687	19.705108444342844
-10.743749752476315	-17.20452625047013	20.065402235307054
-10.923932856540324	-17.390278994880262	20.43728398003949
-11.104156238221341	-17.56782242832744	20.820624178717583
-11.284183302086044	-17.736444743091095	21.215249554272535
-11.463764207466516	-17.895421039809413	21.62094041962218
-11.642635912068455	-18.04401619255628	22.037428148129433
-11.82052229785453	-18.181488056055397	22.464392784930915
-11.997134386384012	-18.307091017589265	22.901460839502622
-12.172170650597215	-18.42007989167525	23.348203302208272
-12.345317429723012	-18.519714150528582	23.804133929539248
-12.516249453532597	-18.60526247772676	24.26870784416028
-12.684630481561364	-18.676007626384653	24.741320496631477
-12.850114062164034	-18.731251556607248	25.221307035673664
-13.012344415345542	-18.770320820094398	25.707942132963513
-13.17095744221895	-18.79257215264032	26.200440306587165
-13.32558186268627	-18.797398228036236	26.697956784372902
-13.475840481516876	-18.78423351970155	27.19958894427831
-13.621351581420774	-18.75256020941662	27.70437836377991
-13.761730439997923	-18.701914076003934	28.211313503796617
-13.896590965602343	-18.631890290913212	28.71933304506557
-14.02554744521856	-18.542149042628324	29.227329886138442
-14.148216395436208	-18.432420907850165	29.734155802364647
-14.264218505562203	-18.302511884733036	30.238626754510626
-14.37318065986461	-18.152308002265208	30.739528824192778
-14.47473802394529	-17.981779420362994	31.23562474130618
-14.568536178332511	-17.790983937540883	31.72566095635241
-14.654233280623108	-17.580069827227494	32.20837519831718
-14.731502235931035	-17.349277929979856	32.682504446817184
-14.800032854068192	-17.098942937000537	33.14679323598154
-14.859533970838209	-16.829493810426193	33.600002197284496
-14.909735510110194	-16.54145329769558	34.04091673966342
-14.950390462991425	-16.235436510733436	34.46835575804395
-14.981276760467143	-15.912148555442249	34.88118025615469
-15.002199016343056	-15.572381212762911	35.278301766492504
-15.012990118223973	-15.217008688966601	35.65869044970322
-15.013512645587811	-14.846982469488331	36.02138275756763
-15.003660095759626	-14.463325327049558	36.36548854830967
-14.983357900730365	-14.06712455061295	36.69019755001984
-14.952564220265357	-13.659524476412162	36.99478507751174
-14.91127049956335	-13.241718415506302	37.278616919685774
-14.859501782801106	-12.814940083602403	37.541153328221775
-14.797316777169694	-12.380454647994332	37.78195205377512
-14.724807665405175	-11.939549513078779	38.000670392448264
-14.642099668265194	-11.49352496987538	38.19706622268656
-14.549350361828077	-11.043684836189364	38.370998030449115
-14.446748757818082	-10.59132721251335	38.522423938051226
-14.334514158315132	-10.137735474535791	38.65139976900919
-14.212894799126557	-9.684169616391264	38.75807619709539
-14.082166298719056	-9.231858049772994	38.842695042247314
-13.942629931884717	-8.781989953050864	38.90558478862692
-13.794610749201752	-8.335708251938897	38.947155410733
-13.638455564824733	-7.894103299443102	38.967892601830286
-13.474530836179271	-7.458207308188262	38.96835150496395
-13.30322045974326	-7.0289895732047825	38.949150050436856
-13.124923507270411	-6.607352508236274	38.91096200488116
-12.940051926576215	-6.194128504005486	38.85450983605974
-12.749028230384459	-5.790077602980529	38.78055749445937
-12.552283195758726	-5.395885972311376	38.68990320780259
-12.350253595361572	-5.012165145007233	38.58337237806801
-12.143379980235993	-4.63945198927422	38.461810662752505
-11.93210453204418	-4.278209357370198	38.326077313233
-11.716869000773166	-3.92882735841832	38.17703883349164
-11.498112741875461	-3.591625194370445	38.015563012446094
-11.27627086470883	-3.266853494701268	37.842513372958855
-11.051772502012781	-2.9546970833583894	37.65874407053269
-10.825039208057103	-2.6552781108899355	37.46509526496095
-10.59648349105149	-2.368659485373494	37.26238897897572
-10.366507483453248	-2.094848537628755	37.051425449382265
-10.135501751976012	-1.8338008590364379	36.8329799683996
-9.903844247404905	-1.5854242539290238	36.607800206024805
-9.671899392786925	-1.3495827528004434	36.37660399825926
-9.440017307189462	-1.1261006373196294	36.14007758098783
-9.208533161020291	-0.9147664331804554	35.898874245188644
-8.977766657874483	-0.7153368320255576	35.65361338593628
-8.748021637019493	-0.5275405089194662	35.40487991529963
-8.519585789938509	-0.3510818070012855	35.15322400766129
-8.292730483824066	-0.18564426593192798	34.89916114513183
-8.067710684530597	-0.03089397548268386	34.643172430513474
-7.844764971247698	0.11351725996470012	34.385705135602734
-7.624115635034084	0.2479489561629417	34.127173453429705
-7.4059688533406085	0.3727691894521895	33.867959424229
-7.1905149327328335	0.4883520460867295	33.60841400644271
-6.977928612192274	0.5950752807000409	33.348858265803756
-6.76836941961227	0.6933181816658632	33.08958465746537
-6.561982074397278	0.7834596389863587	32.83085837817033
-6.358896929413491	0.8658764085716903	32.5729187675408
-6.159230445914145	0.9409415653447243	32.31598073967244
-5.963085695461056	1.0090231364848126	32.06023622829174
-5.770552883278678	1.0704829052856373	31.805855630754646
-5.581709887897823	1.1256753755149542	31.552989238099002
-5.396622812374215	1.1749468857966512	31.301768640203964
-5.215346542785525	1.2186348633626278	31.052308096827407
-5.0379253101207	1.2570672065132606	30.8047058668862
-4.864393252074502	1.2905617852542859	30.559045489809524
-4.694774971642826	1.319426049821444	30.31539701412726
-4.529086089776882	1.3439567371399	30.073818169652583
-4.367333789698188	1.3644396656726316	29.834355480687396
-4.2095173507989	1.3811496095732079	29.597045318624055
-4.055628670351127	1.3943502435582094	29.361914893140675
-3.905652771526571	1.4042941504389217	29.12898318190063
-3.7595682964842467	1.4112228837895253	28.898261799277414
-3.61734798351628	1.4153670787701982	28.66975580513725
-3.478959127455195	1.416946604659911	28.443464455138898
-3.344364022737004	1.41617075317892	28.219381894354527
-3.2135203886883112	1.4132384571897652	27.997497796292677
-3.0863817767572312	1.4083385348539308	27.777797949611564
-2.962897959546853	1.4016499547862764	27.56026479496984
-2.843015301629808	1.393342118188898	27.34487791456704
-2.726677112226753	1.3835751543587917	27.131614476987338
-2.613823979924418	1.372500226349048	26.920449639989368
-2.5043940896871257	1.3602598439211095	26.711356913879694
-2.3983235224829773	1.3469881812561801	26.504308488077555
-2.2955465379024855	1.3328113971978603	26.299275523426655
-2.1959958401942896	1.3178479560763363	26.09622841274003
-2.0996028281815744	1.3022089474182652	25.895137011981998
-2.00629782955265	1.2859984030767562	25.695970844395095
-1.91601032004386	1.2693136105244194	25.498699279779686
-1.828669128050377	1.2522454212402612	25.303291691025336
-1.744202625212651	1.2348785532899038	25.10971758988143
-1.662538903534017	1.2172918873495706	24.917946743841277
-1.5836059395886528	1.1995587555589813	24.727949275900986
-1.507331746378579	1.181747222707849	24.539695748840682
-1.4336445133956053	1.1639203593666871	24.353157235565646
-1.3624727354378985	1.1461365066660156	24.168305376936136
-1.293745330722835	1.1284495325102026	23.9851124284099
-1.2273917488282111	1.1109090790841973	23.80355129672175
-1.1633420689816552	1.093560801573936	23.623595567726326
-1.1015270892054494	1.0764465980756435	23.445219526438656
-1.0418784068102913	1.0596048307163068	23.268398170220532
-0.9843284907166338	1.0430705380478908	23.09310721597787
-0.9288107460668277	1.026875638812292	22.91932310215648
-0.8752595715753594	1.0110491272031628	22.747022986250443
-0.8236104100489416	0.9956172597754411	22.576184738471213
-0.77379979249112	0.9806037341735881	22.406786932159658
-0.7257653761901888	0.9660298598664583	22.23880883146602
-0.6794459771732604	0.9519147210904224	22.072230376769575
-0.6347815973922107	0.9382753322128665	21.907032168256602
-0.5917134469917953	0.925126785736688	21.74319544803089
-0.5501839619944366	0.9124823931725909	21.580702081088564
-0.5101368177206499	0.9003538190102781	21.41953453545018
-0.47151693824881996	0.8887512080223051	21.259675861707073
-0.4342705022031936	0.8776833061356325	21.101109672206604
-0.398344945144734	0.8671575751060547	20.94382012007222
-0.3636889588255146	0.8571803012297309	20.78779187822812
-0.3302524875535126	0.8477566983241243	20.63301011857323
-0.2979867219015598	0.8388910052080674	20.479460491427886
-0.26684408998171716	0.8305865779074862	20.327129105358097
-0.23677824649398677	0.8228459768095029	20.1760025074648
-0.20774405974639323	0.8156710489833845	20.026067664209645
-0.17969759683203348	0.8090630058821932	19.87731194283478
-0.15259610713805466	0.80302249663416	19.72972309342355
-0.1263980043508436	0.797549677127614	19.58328923163734
-0.10106284711159064	0.7926442750879527	19.437998822154082
-0.07655131846702438	0.788305651339728	19.29384066282725
-0.052825204250630184	0.7845328574412886	19.150803869575608
-0.029847370521027972	0.7813246898738152	19.008877862008806
-0.007581740175773499	0.7786797409609048	18.868052349788726
0.014006731149263003	0.776596446689163	18.72831731972154
0.03495207979230943	0.7750731315946058	18.589663023572488
0.055287359294614986	0.7741080508740242	18.452079966591853
0.075044666057487	0.7736994298748796	18.31555889673843
0.09425516534566264	0.773845501111774	18.180090794584515
0.11294911756138852	0.7745445389520959	18.04566686388556
0.1311559047196432	0.7757948921080843	17.91227852279564
0.14890405706046583	0.7775950140673018	17.77991739570961
0.16622127973944786	0.779943491588322	17.64857530571423
0.18313447954356674	0.7828390713835373	17.51824426762191
0.1996697915819049	0.786280685105774	17.388916481579056
0.21585260590833266	0.7902674727509642	17.260584327218158
0.23170759403520724	0.7947988045842046	17.133240358340203
0.24725873530207826	0.7998743016920915	17.006877298107554
0.2625293430669258	0.8054938552597752	16.881488034729763
0.2775420906910643	0.8116576446669141	16.757065617625084
0.2923190372921806	0.8183661544925755	16.633603254041255
0.30688165324301653	0.8256201905150832	16.511094306120686
0.3212508453962206	0.833420894788971	16.389532288395554
0.3354469820185618	0.8417697598774148	16.268910865699926
0.34948991742036284	0.8506686423149563	16.149223851486365
0.3633990162683323	0.8601197753718105	16.030465206536192
0.3771931775721716	0.8701257811876577	15.912629038054126
0.390890858337552	0.8806896823396735	15.79570959913803
0.4045100968799124	0.891814912906396	15.679701288616467
0.4180685357953406	0.9035053290860452	15.564598651247834
0.4315834445864556	0.9157652194250279	15.450396378276258
0.4450717419428371	0.9285993147096661	15.337089308339976
0.4585500176768967	0.9420127975714874	15.224672428729884
0.4720345543174523	0.9560113118539074	15.113140876996757
0.48554134836450297	0.9706009717857406	15.002489942906772
0.4990861312097726	0.985788371004592	14.892715070746569
0.5126843897286564	1.0015805914709999	14.783811861979995
0.5263513865501382	1.0179852123120512	14.675776078260057
0.5401021800120978	1.0350103186311597	14.568603644800687
0.5539516438101707	1.0526645103186754	14.462290654114652
0.567914486349123	1.070956910896244	14.356833370124331
0.582005269806257	1.0898971764259309	14.252228232654062
0.5962384289168744	1.1094955045133164	14.148471862314384
0.6106282894924955	1.1297626434323085	14.045561065788661
0.6251890866827904	1.1507099013975697	13.943492841535225
0.6399349829929685	1.1723491560094625	13.842264385916785
0.6548800860677807	1.1946928638935947	13.741873099776749
0.6700384662548524	1.2177540705573886	13.642316595474536
0.6854241739592939	1.2415464204832636	13.54359270440058
0.7010512568021912	1.266084167477256	13.445699484990017
0.7169337765956306	1.291382185290434	13.348635231256258
0.7330858261469888	1.3174559785290298	13.25239848186755
0.7495215459053588	1.3443216938680245	13.156988029790718
0.7662551404629594	1.3719961315814613	13.06240293252857
0.783300894924379	1.4004967574015086	12.968642522978916
0.8006731911565117	1.4298417147169753	12.875706420944924
0.8183865239318625	1.4600498371204995	12.783594545328956
0.836455516977914	1.4911406613124223	12.692307127043389
0.8548949389449934	1.5231344403678084	12.60184472267445
0.8737197193049429	1.556052157371646	12.512208228937185
0.8929449641926642	1.5899155394257578	12.423398897961846
0.912585972202401	1.624747072029402	12.3354183534543
0.9326582501501703	1.6605700138336748	12.24826860777603
0.9531775288136516	1.6974084117683952	12.161952079991039
0.9741597786602753	1.7352871165380195	12.076471614930357
0.995621225573917	1.7742317984812377	11.991830503327444
1.0175783665901739	1.814268963786924	11.908032503080417
1.0400479856496023	1.8554259710566336	11.825081861700616
1.0630471693777934	1.8977310482015641	11.74298334000984
1.0865933229005809	1.941213309659303	11.661742237151932
1.110704185701894	1.9859027739127528	11.581364416988125
1.1353978475312094	2.0318303812908285	11.501856335948665
1.1606927643665428	2.0790280120269222	11.42322507241771
1.186607774438239	2.1275285045478833	11.345478357731702
1.213162114317799	2.1773656739623526	11.268624608875832
1.2403754350749212	2.228574330713022	11.19267296296745
1.2682678185045029	2.2811902993523523	11.11763331362046
1.296859793426153	2.335250437400136	11.043516349283944
1.3261723520524482	2.3907926542267006	10.970333593666286
1.3562269664272812	2.447855929912021	10.898097448343165
1.3870456049292328	2.5064803340157247	10.826821237666026
1.4186507488350624	2.566707044189638	10.756519256087714
1.4510654089363748	2.6285783645568865	10.687206818027635
1.4843131422003493	2.692137743773223	10.618900310404753
1.5184180684633035	2.7574297926777565	10.55161724797198
1.5534048871436161	2.824500301431096	10.485376331590981
1.5892988939576345	2.8933962560281525	10.420197509592708
1.6261259976197573	2.9641658540624767	10.356102042374049
1.6639127365046515	3.0368585196067226	10.29311257038723
1.7026862952463009	3.111524917060923	10.231253185684277
1.7424745212449777	3.188216963806248	10.170549507184774
1.7833059410493903	3.266987841486814	10.111028759840686
1.825209776577158	3.347892005725978	10.052719857877564
1.868215961131987	3.430985194065393	9.995653492297121
1.9123551551711488	3.516324431896399	9.939862222831122
1.9576587617714907	3.6039680361326005	9.885380574541399
2.004158941736393	3.693975616350268	9.832245139265277
2.0518886282798183	3.7864080730992025	9.780494682109637
2.100881541216894	3.88132759306114	9.730170253200061
2.1511722005830896	3.978797640704845	9.681315304894166
2.2027959395960743	4.078882946057204	9.63397581466995
2.2557889168659724	4.181649488177866	9.588200413900477
2.310188127750361	4.287164473890468	9.544040522725702
2.3660314147404553	4.395496311286641	9.501550491230274
2.4233574767542425	4.506714577479758	9.46078774713236
2.4822058772007125	4.620889980043032	9.421812950183016
2.542617050666993	4.73809431152184	9.384690153467773
2.6046323080666998	4.858400396361792	9.349486971791846
2.6682938400741367	4.981882029544361	9.31627475731684
2.733644718650537	5.1086139061615965	9.28512878260196
2.8007288964590935	5.238671541117591	9.256128431178759
2.869591203938613	5.37213117806533	9.22935739576922
2.94027734379352	5.5090696866362965	9.204903884224045
3.0128338826347596	5.649564446946281	9.182860833225387
3.0873082394855604	5.793693220291295	9.16332612975747
3.1637486708422773	5.941534004870751	9.146402840302006
3.2422042519563354	6.093164875297111	9.13219944766085
3.322724853977299	6.248663804569132	9.120830095245891
3.405361116569374	6.408108467100661	9.112414838604545
3.490164415584508	6.571576021308849	9.107079903867584
3.5771868253437744	6.739142870173972	9.10495795271311
3.6664810750467853	6.91088439809141	9.10618835333539
3.75810049879468	7.086874682242231	9.110917456788442
3.852098978675657	7.267186176612225	9.119298877941079
3.9485308803247148	7.451889366694676	9.131493780130258
4.047450980330178	7.6410523928180885	9.147671162432449
4.148914384819658	7.834740639949677	9.168008148286392
4.25297643851456	8.033016291734457	9.192690273993483
4.359692623500628	8.235937846450387	9.221911775392746
4.46911844691698	8.443559592483552	9.255875870753911
4.58130931672162	8.65593104086344	9.294795037653229
4.6963204046464275	8.873096312346833	9.338891281290511
4.814206495408501	9.095093476501209	9.388396391370492
4.935021821201501	9.321953840224772	9.44355218430666
5.058819880445968	9.553701183145575	9.50461072710818
5.185653239736336	9.79035093737876	9.571834538880738
5.315573317883258	10.031909309190372	9.645496765408422
5.448630150913781	10.278372340224019	9.725881321785529
5.584872136861664	10.529724906102718	9.813282997535238
5.724345759154006	10.78593965042408	9.908007518085379
5.867095287385582	11.046975852441445	10.010371555874807
6.013162454248203	11.312778227034073	10.12070268372356
6.162586107419984	11.583275656052306	10.23933926246834
6.315401835186535	11.858379850542713	10.366630254151488
6.471641564628844	12.137983944024821	10.50293495137602
6.631333131246952	12.421961017683662	10.648622612722273
6.794499818956216	12.71016255918164	10.80407199341189
6.961159869481729	13.002416857762254	10.969670759703085
7.131325960293716	13.298527339437046	11.145814774824743
7.305004650370638	13.598270847317641	11.332907243617283
7.482195793255412	13.901395873596142	11.531357702468117
7.662891917087065	14.207620751298712	11.741580840631723
7.847077571545827	14.516631815741796	11.963995138630667
8.034728641952158	14.828081547621297	12.199021309177608
8.225811631112895	15.141586711864829	12.447080525972503
8.420282909910863	15.456726508769941	12.708592425845923
8.618087938098915	15.773040756544479	12.983972870088207
8.819160457279938	16.090028127134637	13.273631451458181
9.023421658647132	16.407144460176557	13.577968734369481
9.230779328707012	16.72380118298387	13.897373217131907
9.441126976935202	17.03936386768909	14.232218006962434
9.654342950104782	17.353150959919606	14.582857200805618
9.870289538887464	17.664432716669054	14.949621967881654
10.088812083253355	17.97243039424986	15.3328163333595
10.309738084183271	18.276315730303708	15.73271266668256
10.53287633024728	18.575210766701762	16.149546882888103
10.758016048692763	18.868188062684734	16.58351337080301
10.984926091802853	19.1542713496348	17.034759668268432
11.213354170423814	19.432436680306473	17.50338091155897
11.443026147694493	19.70161412601117	17.989414093891124
11.673645407119961	19.96069007498563	18.492832176316423
11.90489231018576	20.208510183800293	19.01353810328809
12.13642375968389	20.443883031009257	19.551358784680694
12.367872885766772	20.665584518114805	20.106039115850468
12.598848872447931	20.8723630571756	20.677236117320888
12.828936942746804	21.062945576835347	21.264513285542606
13.057698520927453	21.236044369105755	21.867335255730538
13.284671590226042	21.390364787777926	22.48506288662474
13.509371264070591	21.524613795836846	23.116948884836244
13.731290588016401	21.63750934372476	23.76213409281385
13.949901588406517	21.72779054282977	24.419644568974917
14.164656582083493	21.794228579339865	25.088389590752953
14.374989759291998	21.835638292861344	25.767160710780757
14.580319049196584	21.850890322317845	26.454631992719918
14.780048274192213	21.838923699091232	27.149361546003902
14.973569595401214	21.798758744705275	27.849794467632943
15.160266247459028	21.729510108257486	28.55426728393675
15.339515555926702	21.630399758024655	29.261013965770147
15.510692225490864	21.50076972302618	29.96817356694022
15.673171881611733	21.34009436468437	30.67379950799245
15.826334842545217	21.147991946951056	31.375870496104568
15.969570092837726	20.924235266212687	32.07230303736307
16.102279423601814	20.6687611007206	32.760965460813466
16.223881699292164	20.381678243877264	33.439693335327036
16.333817205482603	20.063273896943876	34.10630612159138
16.431552027478094	19.714018214899845	34.75862486366754
16.516582405646847	19.334566824349814	35.39449068883392
16.588439010306807	18.925761164296706	36.011783852279876
16.646691076994667	18.48862653878115	36.60844303593677
16.690950342121408	18.02436781400449	37.18248458964721
16.72087471947379	17.53436274053115	37.73202138907019
16.736171659826127	17.020152932144008	38.25528097914301
16.73660113910272	16.483432585364316	38.75062267518647
16.72197822505856	15.926035075835363	39.21655330617873
16.692175178255944	15.349917617951752	39.651741306274225
16.64712305009216	14.757144220489197	40.05502889092873
16.586812748619966	14.149867211939094	40.42544209217301
16.511295551698243	13.530307643216043	40.762198472585325
16.420683056387276	12.900734901205308	41.06471238787069
16.3151465632039	12.263445883267702	41.332597722041925
16.19491590361322	11.620744089814869	41.565668075159294
16.06027772868056	10.97491898918992	41.763934439559165
15.911573285883884	10.328225996612149	41.92760045459011
15.749195719442936	9.682867387435646	42.05705538033148
15.573586936950628	9.04097443543167	42.152864975998625
15.385234091406437	8.404591030427925	42.215760507436215
15.1846657328208	7.775658987924515	42.24662613924008
14.972447687291856	7.156005217850247	42.24648498996521
14.749178723807304	6.547330872089325	42.216484143256544
14.515486069994429	5.95120254243585	42.157878913611135
14.272020837687052	5.369045533806901	42.07201666320148
14.019453417576154	4.802139193233185	41.960320456401114
13.758468899491271	4.251614234574513	41.82427282223033
13.489762571156463	3.7184519629994606	41.665399872924134
13.214035543756713	3.2034852727567684	41.485256000381575
12.93199054750369	2.7074012670563605	41.285409342591386
12.644327934789995	2.2307453301652407	41.06742818045164
12.351741922638928	1.7739264690408518	40.8328683928532
12.05491710016583	1.3372237347267162	40.58326206553372
11.754525220818651	0.9207935318897963	40.320107317950175
11.451222293389193	0.5246776277236062	40.04485938302934
11.14564598030975	0.14881167834813241	39.75892294775581
10.83841330665642	-0.2069658989051583	39.46364573858614
10.530118678642825	-0.5429048660378839	39.16031331492193
10.221332206264185	-0.8593340616276248	38.85014501648715
9.912598321164381	-1.1566523825157635	38.53429099644088
9.604434677761404	-1.4353199608908338	38.21383026132415
9.297331323180288	-1.695849630778217	37.88976963130846
8.99175011958069	-1.9387987613295599	37.563043529424945
8.688124401012459	-2.1647615183732145	37.23451450622057
8.386858845934947	-2.3743616007479886	36.90497440626976
8.088329545968179	-2.5682454841985187	36.57514608484451
7.792884251245714	-2.7470761932194514	36.24568558646139
7.500842772868579	-2.9115276102731245	35.91718470166283
7.212497523367654	-3.062279322300487	35.59017382394826
6.928114176721516	-3.200011996379966	35.265125034972186
6.647932430295855	-3.325403269713787	34.94245535271887
6.372166852041002	-3.4391241337464655	34.62253008414863
6.101007797353103	-3.541835788053106	34.305666230594845
5.834622381144284	-3.634186936556752	33.99213590083318
5.573155491849232	-3.716811496523267	33.68216969313084
5.316730835290547	-3.7903266895173093	33.375960013621466
5.065451997510979	-3.8553314829625913	33.073664303976706
4.819403516842329	-3.912405351016612	32.77540815651988
4.578651956599919	-3.9621073240371274	32.48128829962345
4.343246970860597	-4.004975296883717	32.191375440445796
4.113222356788878	-4.041525567574028	31.905716955794677
3.888597087919622	-4.072252579319589	31.62433942517569
3.669376323675997	-4.097628840632357	31.347251002907107
3.455552391205013	-4.118104999959172	31.074443628596057
3.2471057363410676	-4.134110053118308	30.805895077295165
3.0440058411688766	-4.146051663637579	30.541570852335425
2.8462121062491286	-4.154316577894071	30.281425925189684
2.653674696096715	-4.159271118704904	30.02540632779562
2.4663353469659843	-4.161261742695967	29.773450603590998
2.2841281364061814	-4.160615648366656	29.525491124121015
2.1069802144040586	-4.157641423263079	29.281455278493606
1.9348124962342774	-4.152629720063517	29.041266543211343
1.7675403173972943	-4.145853952665065	28.804845440024778
1.6050740512449433	-4.137571004538784	28.572110389457478
1.4473196900723724	-4.1280219426940175	28.342978467557124
1.294179390605864	-4.117432731563805	28.117366073262716
1.1455519849329108	-4.106014941996939	27.89518951354718
1.0013334580154594	-4.093966451323575	27.676365513222656
0.8614173929955158	-4.081472131155768	27.460811655984674
0.725695385553909	-4.068704520198623	27.24844676294076
0.5940574286150634	-4.055824479887593	27.039191214519555
0.4663922687085436	-4.042981831139446	26.832967221299892
0.3425877353040277	-4.0303159709146685	26.629699048941212
0.22253104443099753	-4.017956467643374	26.429313202040614
0.10610907787950019	-4.006023634870815	26.23173857139113
-0.006791360742072942	-3.9946290827378754	26.036906548777967
-0.11628331184400556	-3.983876247131156	25.84475111312172
-0.2224794463721134	-3.9738608965210753	25.655208891462298
-0.3254918718241993	-3.9646716166592957	25.46821919798126
-0.42543195662551786	-3.956390273432232	25.283724053976616
-0.5224101717637336	-3.949092454269112	25.10166819143798
-0.6165359486252215	-3.9428478885842524	24.921999042622478
-0.7079175520189457	-3.937720847796399	24.74466671779699
-0.7966619674164038	-3.9337705255161026	24.569623973098174
-0.8828748014806169	-3.9310513985269933	24.39682617025943
-0.966660194999506	-3.9296135692107557	24.22623122976997
-1.0481207473813459	-3.9295030900801593	24.057799578861164
-1.1273574519121727	-3.93076227109121	23.891494095557498
-1.2044696410146152	-3.9334299704057485	23.727280049888275
-1.2795549407876148	-3.9375418692707007	23.565125043224437
-1.3527092341440403	-3.9431307316707014	23.404998946587035
-1.4240266319000812	-3.9502266493978158	23.246873838666012
-1.4935994512055617	-3.958857273166306	23.090723944190486
-1.5615182007378414	-3.9690480303823863	22.936525573204758
-1.62787157211495	-3.980822330159351	22.784257061723945
-1.6927464370135823	-3.994201756147483	22.633898714174663
-1.75622784950828	-4.0092062477266115	22.48543274796013
-1.818399053174827	-4.025854270086657	22.338843240436052
-1.8793414925288585	-4.044162973699145	22.194116078530666
-1.939134828395207	-4.0641483436597845	22.05123891119997
-1.9978569568274767	-4.085825339359424	21.910201104870392
-2.05558403122062	-4.109208024918339	21.770993701985578
-2.112390487280436	-4.134309690796402	21.63360938274494
-2.1683490705340946	-4.161142966969655	21.49804243009582
-2.223530866085005	-4.189719928042204	21.364288698018395
-2.2780053303334418	-4.22005219064118	21.23234558312291
-2.331840324401275	-4.2521510034217185	21.102211999562172
-2.3851021490148376	-4.286027329988437	20.973888357248608
-2.43785558061517	-4.321691925020115	20.847376543352684
-2.490163908478556	-4.359155403864587	20.72267990704994
-2.5420889726436675	-4.398428305852019	20.59980324747485
-2.5936912024533143	-4.43952115155569	20.478752804833768
-2.6450296555307222	-4.482444494211501	20.359536254622366
-2.696162057020024	-4.527208965488912	20.242162704889836
-2.7471448389313067	-4.573825315789055	20.12664269648634
-2.798033179438754	-4.622304449227897	20.012988206228894
-2.848881041988871	-4.672657453445267	19.90121265291794
-2.899741214083773	-4.724895624364255	19.791330906133755
-2.9506653456109393	-4.7790304860084705	19.683359297741102
-3.001703986597223	-4.8350738054684035	19.57731563602857
-3.0529066242708494	-4.893037603092275	19.47321922240672
-3.1043217193196693	-4.952934157960307	19.37109087058863
-3.1559967412388827	-5.01477600868598	19.27095292817344
-3.2079782026650663	-5.078575949571935	19.17282930055199
-3.2603116925968605	-5.144347022132713	19.07674547705096
-3.3130419084055243	-5.212102501981228	18.98272855922887
-3.3662126865410236	-5.281855881060659	18.89080729123374
-3.4198670318402473	-5.353620845187082	18.801012092129717
-3.4740471453479267	-5.4274112468565034	18.713375090090732
-3.5287944505584496	-5.503241073250745	18.627930158359614
-3.584149617989499	-5.581124409364729	18.544712952860632
-3.640152587998048	-5.661075396162534	18.46376095134699
-3.69684259174885	-5.743108183655114	18.385113493956784
-3.7542581702448787	-5.82723687877839	18.308811825041147
-3.812437191328186	-5.913475487936665	18.234899136117736
-3.87141686455823	-6.001837854062722	18.163420609790677
-3.9312337538732387	-6.092337588033096	18.09442346446446
-3.9919237879377047	-6.184987994263702	18.027956999665133
-4.053522268077277	-6.27980199029943	17.96407264176514
-4.1160638736993524	-6.376792020199162	17.902823989890706
-4.17958266509519	-6.475969961507287	17.84426686177068
-4.244112083516105	-6.577347025592321	17.788459339264495
-4.30968494841315	-6.680933651124241	17.73546181328356
-4.376333451726541	-6.786739390454393	17.685337027794915
-4.444089149107246	-6.894772788654545	17.638150122568955
-4.512982947950001	-7.005041254966946	17.59396867430321
-4.5830450921132675	-7.117550926413223	17.552862735722748
-4.654305143198164	-7.232306523308476	17.51490487222369
-4.726791958254857	-7.3493111964268385	17.480170195590265
-4.800533663781689	-7.468566365567999	17.44873639427706
-4.875557625879305	-7.590071549279627	17.42068375970716
-4.9518904164189435	-7.7138241854987095	17.396095207993696
-5.0295577750816856	-7.839819442886915	17.375056296446356
-5.108584567123624	-7.968050022650877	17.35765523417644
-5.188994736720052	-8.098505950657566	17.343982886063653
-5.270811255741252	-8.231174359679645	17.33413276929524
-5.354056067812288	-8.366039261635084	17.32820104163355
-5.438750027509747	-8.503081309719676	17.326286480511534
-5.5249128345506	-8.642277550372862	17.328490451997663
-5.612562962831913	-8.78360116506575	17.33491686861237
-5.70171758418176	-8.927021201950662	17.34567213491748
-5.792392486691432	-9.072502297480504	17.36086507973918
-5.884601987503792	-9.220004388172743	17.38060687382404
-5.978358839942755	-9.369482412774046	17.405010931666887
-6.073674134880239	-9.520886005171004	17.434192796189947
-6.170557196250977	-9.674159178492799	17.468270004895313
-6.269015470641322	-9.829240000961354	17.507361936058132
-6.369054410897503	-9.98606026416724	17.551589633477366
-6.470677353720706	-10.144545144583317	17.601075608255268
-6.5738853912416	-10.304612859274592	17.6559436160375
-6.6786772365954645	-10.466174316921574	17.716318408114255
-6.785049083551643	-10.62913276544697	17.78232545476034
-6.892994460288223	-10.793383437722099	17.854090639181727
-7.0025040774429295	-10.958813197027473	17.93173992043734
-7.11356567061608	-11.125300184153588	18.01539896372141
-7.226163837553223	-11.292713468255835	18.105192736426766
-7.340279870288808	-11.46091270381323	18.201245068462335
-7.455891582593198	-11.629747796291014	18.30367817537404
-7.572973133130324	-11.79905857936629	18.412612142918086
-7.691494844805301	-11.968674506846279	18.528164371864015
-7.811423020857325	-12.138414362684038	18.65044898196188
-7.932719758335622	-12.308085992778258	18.779576174198752
-8.055342759683807	-12.477486062527001	18.915651550695863
-8.179245143251185	-12.646399844387972	19.05877539186212
-8.304375253648043	-12.814601039976154	19.209041890725853
-8.43067647296421	-12.981851641497169	19.366538344714474
-8.55808703397869	-13.147901837571071	19.531344305547485
-8.68653983659847	-13.312489968735054	19.703530688348884
-8.81596226887897	-13.475342538123341	19.883158841575256
-8.946276034095842	-13.636174283000356	20.07027957989637
-9.077396985453431	-13.794688312957962	20.26493218275105
-9.20923497013677	-13.950576320681963	20.467143361943965
-9.341693684522378	-14.103518871216934	20.676926202321628
-9.47467054248462	-14.25318577563741	20.894279080305758
-9.608056558836044	-14.399236554919991	21.119184565820074
-9.741736250042884	-14.541320999624132	21.351608313949914
-9.875587554448039	-14.679079830707163	21.591497953501083
-10.009481774313674	-14.812145466415636	21.838781980469857
-10.143283542061456	-14.94014289970167	22.093368665290136
-10.276850813136083	-15.062690690000492	22.355144983571293
-10.410034887947464	-15.179402072469859	22.623975580873182
-10.542680465351559	-15.289886186924107	22.899701782859495
-10.67462573011128	-15.393749427696081	23.182140662919434
-10.80570247672931	-15.490596914522603	23.471084180021865
-10.935736271962847	-15.580034083276677	23.766298400148624
-11.064546658217372	-15.661668393967974	24.067522815131035
-11.19194739986342	-15.735111151904107	24.37446977305106
-11.31774677432779	-15.799979436261495	24.68682403454771
-11.441747909578027	-15.855898128571228	25.004242469371984
-11.563749169344145	-15.902502031798774	25.3263539073358
-11.683544587101583	-15.9394380688079	25.652759157376266
-11.80092434947644	-15.96636754707661	25.98303120779389
-11.91567532932928	-15.982968474605824	26.316715619806413
-12.027581668325777	-15.988937910063376	26.653331125370737
-12.136425408316292	-15.983994328375204	26.992370438760936
-12.241987170325284	-15.96787998125277	27.33330128964944
-12.344046879399489	-15.940363230572702	27.675567683422212
-12.442384532984473	-15.90124083114677	28.01859139217152
-12.536781009902983	-15.850340138282041	28.36177367727853
-12.627018916401608	-15.787521214675706	28.704497241744498
-12.712883465121708	-15.712678810659249	29.046128407478726
-12.794163382247673	-15.62574419164092	29.386019509649966
-12.870651837500311	-15.526686786827662	29.723511497000633
-12.942147391086806	-15.415515633964269	30.05793672376666
-13.008454951200207	-15.292280595931235	30.388621915589898
-13.069386735195632	-15.157073326601525	30.714891288633098
-13.124763227165426	-15.010027965373599	31.036069798065977
-13.174414124303466	-14.8513215422641	31.35148648925805
-13.218179264199751	-14.681174078336696	31.660477922460473
-13.255909525049383	-14.499848369530497	31.962391639553044
-13.287467690701964	-14.307649445590425	32.2565896396324
-13.312729272525548	-14.104923699734853	32.54245182888619
-13.331583280216996	-13.892057688859838	32.81937940937975
-13.34393293396103	-13.669476608396277	33.08679817112132
-13.349696310722363	-13.437642450331435	33.34416165208644
-13.34880691794826	-13.197051857283757	33.59095413179828
-13.341214188556597	-12.9482336897983	33.826693425567726
-13.326883891781153	-12.691746328115563	34.050933448584445
-13.305798455231765	-12.428174733473083	34.26326652168823
-13.27795719439076	-12.158127297438748	34.46332539379809
-13.243376446696054	-11.882232510783437	34.6507849595686
-13.202089608340053	-11.601135485897954	34.82536365482208
-13.15414707292662	-11.315494368702627	34.986824516583106
-13.099616072158797	-11.02597667734246	35.134975899035254
-13.038580419760464	-10.733255605679137	35.269671841338116
-12.971140160848234	-10.438006329675234	35.39081208788788
-12.89741112994865	-10.140902354218357	35.49834176618494
-12.817524421784277	-9.842611936776246	35.59225073189304
-12.7316257798165	-9.543794622544775	35.67257259484994
-12.639874908316107	-9.24509792348466	35.73938344364545
-12.542444714428365	-8.94715417091897	35.792800289841516
-12.439520487294146	-8.65057756823432	35.83297925592128
-12.331299021776271	-8.35596146677548	35.86011353357133
-12.217987694717065	-8.06387588432929	35.87443114089266
-12.09980350191604	-7.774865281740253	35.87619250858501
-11.976972064163833	-7.489446609265141	35.86568792605198
-11.849726610704318	-7.208107630344996	35.8432348787398
-11.718306948426118	-6.931305526625207	35.80917530787181
-11.582958424909597	-6.6594657843493446	35.763872823107285
-11.443930893188206	-6.392981358762389	35.70770989757629
-11.301477685729731	-6.132212109929302	35.64108507327172
-11.155854604715184	-5.877484500452571	35.56441020296935
-11.00731893520196	-5.629091542989933	35.47810775275474
-10.856128487212507	-5.387292983250264	35.382608186920606
-10.702540672205531	-5.152315702301433	35.27834745452202
-10.546811618771484	-4.924354320555548	35.16576459429514
-10.389195331761373	-4.703571984704411	35.04529947201587
-10.22994289841739	-4.490101318146155	34.917390661748684
-10.069301744434773	-4.284045515054002	34.78247347985842
-9.907514942257775	-4.085479558167437	34.64097817817315
-9.744820573304544	-3.8944515406036917	34.49332830032659
-9.581451145233586	-3.710984072461923	34.33993920310373
-9.417633064814865	-3.5350757536914448	34.181216742587125
-9.253586166456486	-3.366702695583804	34.01755612306914
-9.089523295965122	-3.2058200742900356	33.84934090506837
-8.925649948690614	-3.052363700928554	33.676942167372935
-8.76216396081949	-2.906251594098876	33.500717816827084
-8.599255252246028	-2.767385541928283	33.32101203858243
-8.437105619157105	-2.6356526421190356	33.13815487873963
-8.275888574217879	-2.510926809808799	32.9524619506989
-8.115769232043855	-2.393070244389823	32.764234256113454
-7.956904237481707	-2.2819348477275	32.573758111075634
-7.799441734098635	-2.1773635874649573	32.38130516805133
-7.6435213701949465	-2.0791918002837497	32.18713252409713
-7.489274339601799	-1.9872484311000596	31.991482906027667
-7.336823454505292	-1.9013572052059267	31.79458492343444
-7.186283247544922	-1.8213377313098424	31.59665338077499
-7.0377601004652215	-1.7470065342878045	31.39788964013613
-6.891352396652079	-1.678178017224378	31.19848202671485
-6.747150694956938	-1.614665353004246	30.998606269541565
-6.60523792229826	-1.5562813063094567	30.798425970479204
-6.465689582629022	-1.5028389873902648	30.598093095058516
-6.328573979970225	-1.454152539412484	30.397748479247667
-6.193952453326662	-1.4100377615446948	30.197522346787625
-6.061879621424786	-1.3703126702417698	29.99753483225335
-5.93240363534107	-1.3347980014119796	29.797896505517723
-5.805566437218017	-1.3033176563282058	29.598708893791528
-5.681404023394278	-1.2756990942660216	29.40006499788683
-5.559946710405004	-1.251773674928491	29.20204979980191
-5.441219402436122	-1.2313769537544301	29.004740759149403
-5.325241858938799	-1.214348933208534	28.808208296340823
-5.212028961232313	-1.2005342731242032	28.612516260807386
-5.101590977038919	-1.1897824631164946	28.417722382870846
-4.993933822005119	-1.1819479600082459	28.22387870818245
-4.889059317368917	-1.176890293120905	28.031032013923067
-4.786965443033884	-1.174474140176482	27.83922420620693
-4.687646585404511	-1.1745693764411502	27.648492698351035
-4.591093779425154	-1.17705109961752	27.4588707698656
-4.497294944348341	-1.1817996328638103	27.270387906193307
-4.406235112834181	-1.188700508186133	27.08307011937131
-4.317896653053473	-1.197644432316839	26.896940249916533
-4.232259483533013	-1.208527237058764	26.712018250342844
-4.149301280540455	-1.2212498159437801	26.528321450806146
-4.068997677861545	-1.2357180489251427	26.345864807447786
-3.9913224588717693	-1.251842716697799	26.16466113406433
-3.9162477408492262	-1.2695394061197263	25.984721317776422
-3.8437441515161597	-1.288728408090949	25.806054519403407
-3.773780997832441	-1.3093346091357052	25.62866835927251
-3.706326427096542	-1.3312873778274035	25.452569089205497
-3.641347580438725	-1.3545204470954972	25.277761751433275
-3.5788107388137633	-1.3789717933595933	25.104250325181756
-3.5186814616254347	-1.4045835133462132	24.932037861673287
-3.4609247181318765	-1.431301699360822	24.761126608271198
-3.405505011796977	-1.4590763137099854	24.591518122478636
-3.3523864977673696	-1.4878610628956541	24.42321337648584
-3.3015330936651535	-1.5176132721365059	24.25621285293567
-3.252908583895918	-1.5482937607087488	24.090516632553708
-3.206476717678961	-1.579866718541066	23.926124474263517
-3.1622013010118812	-1.612299584445322	23.763035888379658
-3.1200462827859505	-1.6455629263155782	23.60125020344414
-3.079975835271146	-1.6796303235830605	23.440766627243462
-3.0419544291910547	-1.7144782521735589	23.281584302515178
-3.0059469036079665	-1.750085972176147	23.123702357824445
-2.971918530837981	-1.7864354183975004	22.967119954064707
-2.939835076613848	-1.8235110939451398	22.811836327007818
-2.9096628557111774	-1.8612999669541512	22.657850826304138
-2.8813687832504518	-1.8997913705460925	22.505162951307604
-2.8549204218833086	-1.9389769060856952	22.353772384075086
-2.8302860250676933	-1.9788503497793568	22.203679019867785
-2.8074345766316107	-2.0194075626404815	22.054882995459163
-2.7863358268200407	-2.060646403829748	21.907384715532018
-2.7669603250145425	-2.1025666473623925	21.76118487742894
-2.749279449309304	-2.1451699021608013	21.616284494500917
-2.7332654331214923	-2.188459535418428	21.472684918280475
-2.7188913890078705	-2.232440599229647	21.330387859689658
-2.706131329853573	-2.277119760430036	21.189395409478205
-2.694960187592607	-2.3225052335828837	21.049710058071817
-2.685353829613512	-2.368606717039351	20.911334714998365
-2.6772890729971697	-2.4154353319929784	20.774272728046142
-2.6707436967275338	-2.463003564442584	20.638527902297845
-2.665696452009753	-2.51132520997174	20.504104519173836
-2.6621270708237796	-2.5604153212481977	20.371007355607958
-2.6600162728353673	-2.610290158142197	20.239241703469833
-2.6593457707801966	-2.6609671403579003	20.108813389341492
-2.660098274430696	-2.7124648024687836	19.97972879474774
-2.6622574932490535	-2.7648027512444204	19.851994876933308
-2.6658081378239635	-2.818001625153014	19.72561919027361
-2.6707359201827288	-2.8720830559207378	19.60060990840173
-2.6770275530645122	-2.9270696320265386	19.476975847128443
-2.6846707482348267	-2.982984864008285	19.35472648822832
-2.693654213915653	-3.039853151453447	19.233872004161224
-2.7039676514000486	-3.0976997515450666	19.114423283795052
-2.715601750914632	-3.156550749031331	18.996391959192195
-2.728548186787885	-3.21643302748406	18.879790433520462
-2.742799611976928	-3.2773742417091816	18.764631910145717
-2.7583496520001822	-3.3394027911692614	18.65093042296189
-2.7751928983180383	-3.402547794274898	18.538700868012455
-2.793324901198619	-3.4668390633990342	18.427959036455068
-2.812742162100694	-3.532307080465041	18.31872164891885
-2.833442125600575	-3.5989829729550404	18.211006391303876
-2.855423170884987	-3.6668984901817394	18.10483195206934
-2.8786846028268576	-3.7360859796625463	18.000218061055993
-2.9032266426560573	-3.8065783634303605	17.89718552988646
-2.9290504182320762	-3.878409114110263	17.795756293985818
-2.956157953920812	-3.9516122305865307	17.695953456262217
-2.9845521600725364	-4.026222213078245	17.597801332485982
-3.0142368220931766	-4.1022740374359685	17.501325498402903
-3.045216589096009	-4.179803128465324	17.40655283861492
-3.0774969621158026	-4.258845332076377	17.313511597258458
-3.111084281862271	-4.3394368860501	17.222231430507275
-3.1459857159844886	-4.421614389205306	17.13274346092307
-3.182209245812688	-4.505414768740949	17.045080333672345
-3.2197636525384143	-4.590875245519641	16.959276274623363
-3.2586585027883186	-4.678033297048131	16.875367150331837
-3.2989041335419214	-4.766926617902002	16.793390529915925
-3.3405116363370606	-4.857593077329095	16.71338574881614
-3.3834928407013587	-4.95007067375624	16.635393974426183
-3.42786029674191	-5.044397485911923	16.55945827357197
-3.4736272568192965	-5.140611620265493	16.485623681805446
-3.52080765622536	-5.238751154470163	16.413937274469017
-3.5694160927778715	-5.338854076484424	16.344448239472904
-3.619467805238321	-5.440958219032483	16.277207951713837
-3.670978650452316	-5.54510118905077	16.212270049047117
-3.7239650791047336	-5.651320291752731	16.14969050970689
-3.778444109974372	-5.759652448929408	16.08952773104999
-3.834433302565668	-5.870134111089222	16.031842609476627
-3.8919507279868246	-5.982801163024529	15.976698621358192
-3.9510149379360704	-6.097688822378235	15.924161904775985
-4.0116449316495775	-6.2148315307689295	15.874301341846154
-4.073860120656225	-6.334262837018508	15.82718864137506
-4.137680291175746	-6.4560152720119435	15.782898421555144
-4.203125563988486	-6.580120214706249	15.74150829237406
-4.270216351596178	-6.706607748793074	15.703098937369461
-4.338973312484243	-6.835506509508117	15.667754194318087
-4.409417302287125	-6.966843520070519	15.635561134400321
-4.481569321649826	-7.100644017228513	15.606610139329804
-4.555450460569436	-7.236931265380757	15.580994975882753
-4.631081838991846	-7.375726358739878	15.558812867202006
-4.708484543431078	-7.517048011005922	15.54016456018676
-4.787679559369616	-7.6609123320193735	15.525154388211096
-4.86868769919006	-7.807332590870626	15.513890328341336
-4.951529525382467	-7.956318964957591	15.506484052144494
-5.036225268763636	-8.107878274498463	15.50305096909801
-5.122794741439109	-8.262013702031442	15.503710261523777
-5.211257244234081	-8.418724496465032	15.508584909877593
-5.301631468314819	-8.578005661280095	15.51780170712891
-5.393935390719421	-8.739847626532304	15.531491260864676
-5.488186163516567	-8.904235904362677	15.549787981646142
-5.584399996310501	-9.071150727790272	15.57283005603856
-5.682592031813752	-9.24056667264257	15.600759402621485
-5.782776214213864	-9.412452262572131	15.633721609172376
-5.884965150067721	-9.586769557215629	15.67186584909913
-5.989169961468434	-9.763473723676466	15.715344775079277
-6.095400131243059	-9.942512591651973	15.764314387745493
-6.203663339956473	-10.123826192684426	15.818933877139814
-6.313965294520127	-10.307346284196944	15.879365434545857
-6.426309548229726	-10.492995859173735	15.945774032198578
-6.540697312087477	-10.680688642567086	16.018327168268534
-6.657127257302048	-10.870328575760606	16.097194574424247
-6.775595308902566	-11.061809290689625	16.18254788319444
-6.896094430452203	-11.255013575515813	16.274560252284335
-7.018614399904886	-11.449812834078523	16.373405942951607
-7.14314157671271	-11.646066541695326	16.47925984951976
-7.269658660364739	-11.843621700262677	16.592296977104972
-7.398144440619785	-12.042312296013735	16.71269186466112
-7.528573539786704	-12.241958763722252	16.84061795051106
-7.660916147506356	-12.442367461599165	16.97624687763565
-7.7951377485999265	-12.643330161609242	17.11974773614071
-7.931198844671204	-12.844623560440175	17.27128624052406
-8.069054670280876	-13.046008816874348	17.43102383962072
-8.208654904653367	-13.24723112184716	17.599116757424635
-8.3499433800332	-13.44801930802197	17.775714963378356
-8.492857787969847	-13.648085506252679	17.96096107118542
-8.637329384986037	-13.84712485684537	18.154989165748436
-8.783282699269328	-14.044815284055263	18.35792355847044
-8.930635240219708	-14.240817342753802	18.569877471882137
-9.07929721288835	-14.434774146665216	18.790951655380766
-9.229171239551874	-14.626311387986904	19.021232934789595
-9.38015209087494	-14.815037458551917	19.260792699462698
-9.53212642933545	-15.000543682969134	19.509685331792326
-9.684972567799424	-15.18240467434466	19.767946585195332
-9.838560246344343	-15.360178823242846	20.035591917972535
-9.992750430639196	-15.533408930469548	20.312614791847064
-10.147395135384626	-15.701622994023635	20.598984945473717
-10.30233727649888	-15.864335160152313	20.89464665476554
-10.457410555900008	-16.021046847840942	21.19951699349148
-10.612439382873161	-16.171248055244906	21.513484109233296
-10.767238836121601	-16.314418855515253	21.836405531431325
-10.9216146706748	-16.450031088164263	22.168106529869103
-11.075363373859135	-16.57755025054662	22.50837854350994
-11.22827227452168	-16.696437592188207	22.856977701070665
-11.380119709628543	-16.80615241257205	23.21362345605776
-11.530675252229228	-16.90615456058847	23.577997360152754
-11.67970000458308	-16.995907131182147	23.949741999773092
-11.82694695997625	-17.074879351795186	24.32846012130082
-11.972161436412495	-17.142549648033786	24.71371397081129
-12.115081584939391	-17.19840887461096	25.105024874112157
-12.255438974860343	-17.24196369407214	25.501873082444792
-12.392959257490014	-17.272740082151806	25.90369790828456
-12.527362909435134	-17.290286934893373	26.30989817426231
-12.658366055618345	-17.29417974895946	26.719832996262856
-12.78568137142232	-17.284024342946356	27.132822919237384
-12.909019062417231	-17.259460584079047	27.548151421174737
-13.028087919152846	-17.220166081493808	27.965066797004923
-13.142596443460405	-17.165859804511616	28.382784429980003
-13.2522540416327	-17.09630558196509	28.80048945332846
-13.356772278744932	-17.01131543686238	29.217339799744746
-13.455866187263899	-16.910752709548422	29.632469630630496
-13.549255621988966	-16.794534922142624	30.044993131035277
-13.63666665229489	-16.66263633746857	30.454008650050024
-13.717832981626046	-16.515090167008672	30.858603160101477
-13.79249738324915	-16.351990384656073	31.257857002321124
-13.860413140429241	-16.17349310622131	31.650848879054188
-13.921345478474597	-15.979817498781435	32.03666104878433
-13.975072975523075	-15.771246189008554	32.41438467343017
-14.021388938537138	-15.548125145521693	32.783125263288035
-14.060102730751801	-15.310863016999104	33.14200816097267
-14.091041036797261	-15.059929915150496	33.49018400269966
-14.114049051905809	-14.795855639548254	33.82683409326935
-14.128991582017544	-14.519227349596786	34.15117563024865
-14.135754042223583	-14.230686697405881	34.46246671317117
-14.134243341826377	-13.930926443832071	34.76001107513507
-14.124388645345253	-13.620686588274292	35.04316247696446
-14.106142000038824	-13.300750050743543	35.31132870810241
-14.079478821935394	-12.97193795209209	35.56397514354071
-14.044398233935013	-12.635104544886122	35.800627812284056
-14.000923251244565	-12.291131853081177	36.0208759399532
-13.949100811200122	-11.940924083269508	36.224373936000504
-13.889001646384784	-11.585401873694028	36.410842804465176
-13.820720001829153	-11.225496449380953	36.58007096603851
-13.744373198952058	-10.862143752603167	36.73191448822552
-13.660101050721442	-10.496278617413608	36.86629672938166
-13.568065134258525	-10.128829055235215	36.98320741114991
-13.46844792873778	-9.760710715509132	37.082701142134766
-13.361451827922474	-9.392821581286354	37.16489542334002
-13.247298037994614	-9.026036954524624	37.22996817280755
-13.126225372468655	-8.66120477987041	37.27815481288938
-12.99848895690325	-8.299141349030126	37.30974496856206
-12.864358856835102	-7.9406274206474015	37.325078829077746
-12.724118642845701	-7.586404783083174	37.324543228001396
-12.57806390693808	-7.237173279834365	37.30856749829989
-12.426500744448115	-6.893588309694957	37.27761915965234
-12.269744215554208	-6.556258806331676	37.23219949459091
-12.108116800094187	-6.225745694866857	37.17283906853696
-11.941946858864615	-5.902560816461797	37.100093246364814
-11.771567113883965	-5.587166305882644	37.014537754917846
-11.597313159273506	-5.279974401702892	36.9167643370458
-11.419522013465874	-4.9813476642008085	36.80737653835782
-11.238530722417812	-4.691599572191682	36.68698566312715
-11.054675022407023	-4.410995467011346	36.55620693077394
-10.868288069851637	-4.139753809623819	36.415655859216265
-10.679699244429765	-3.878047715342742	36.26594489623338
-10.489233030618253	-3.6260067298940646	36.10768031493737
-10.297207981629663	-3.383718810446775	35.94145938459001
-10.103935768624265	-3.1512324757390195	35.76786782341088
-9.909720317023506	-2.928559090456139	35.58747753576393
-9.714857030760623	-2.715675250493924	35.40084463222764
-9.519632104392333	-2.512525237599131	35.20850772759163
-9.324321922161026	-2.3190235140308864	35.01098650879261
-9.12919254234472	-2.135057230258538	34.80878056221336
-8.934499264572038	-1.9604887212407647	34.60236844762376
-8.74048627720788	-1.795157969446795	34.39220700432633
-8.547386381430119	-1.6388850154243948	34.17873087375934
-8.355420788218156	-1.4914722993417575	33.9623522218835
-8.164798984158889	-1.352706919488948	33.74346064410467
-7.9757186617360825	-1.2223627961791113	33.5224232352272
-7.788365709601786	-1.1002027318128942	33.29958480695561
-7.6029142582294265	-0.9859803600399916	33.07526823573218
-7.419526776306688	-0.8794419789501032	32.849774924172486
-7.238354213240659	-0.7803282650449468	32.62338536001059
-7.0595361832066015	-0.6883758663746724	32.39635975724988
-6.883201186273793	-0.6033188746686294	32.168938765110155
-6.709466862278445	-0.5248901775526741	31.941344231333325
-6.538440273274928	-0.45282269302766204	31.713780007429126
-6.370218210585428	-0.3868504892990542	31.48643278449447
-6.204887522672743	-0.32670979380230103	31.259472949298615
-6.0425254602784255	-0.27213989587555704	31.03305545137476
-5.883200035495137	-0.22288394800306066	30.807320672883915
-5.726970391673947	-0.17868967090189453	30.58239529400691
-5.5738871813010515	-0.1393099679648281	30.358393147565632
-5.423992949209857	-0.10450345471502193	30.13541605746624
-5.277322518724523	-0.07403490898794772	29.913554656394947
-5.133903378552287	-0.047675647542217356	29.692889178969672
-4.993756068459475	-0.02520383472713437	29.473490227266527
-4.856894561971823	-0.006404728709171147	29.255419506288447
-4.723326644537322	0.00892912940703164	29.038730527531577
-4.593054285777742	0.02099777842705498	28.823469279333956
-4.466074004629344	0.029993746973529897	28.609674863157263
-4.34237722633857	0.036102005783679676	28.397380095366053
-4.221950630432417	0.03949995798576796	28.18661207443005
-4.104776488923955	0.04035746320611961	27.97739271378386
-3.9908329941448617	0.03883689162473649	27.7697392408443
-3.8800945757166625	0.0350932043633661	27.563664662908476
-3.772532206281326	0.02927405685201695	27.359178200839374
-3.668113695710813	0.021519922075841632	27.156285691594714
-3.5668039736052277	0.011964230852140234	26.954989960773954
-3.468565359969272	0.0007335265253951449	26.75529116644785
-3.373357824028427	-0.012052368304409774	26.557187115600104
-3.281139231209458	-0.02628017518927763	26.360673554553195
-3.191865578367129	-0.041842975341822145	26.165744434777054
-3.1054912173870575	-0.05864001901922549	25.97239215548514
-3.021969067337879	-0.0765765303778503	25.780607784417278
-2.9412508153829147	-0.095563509227257	25.59038125819155
-2.8632871066924936	-0.11551753095798413	25.4017015635786
-2.7880277236244493	-0.13636054577476064	25.214556901015868
-2.715421754462879	-0.15801967823517393	25.02893483163822
-2.6454177520225577	-0.1804270279732586	24.844822409052853
-2.577963882440802	-0.20351947237693532	24.662206297035283
-2.513008064489443	-0.22723847188744647	24.481072874269206
-2.450498099747581	-0.2515298784971808	24.30140832719697
-2.3903817939810956	-0.2763437479390649	24.123198731990588
-2.332607070078056	-0.3016341559852978	23.946430126596237
-2.2771220728895933	-0.32735901920547156	23.77108857374669
-2.223875266325785	-0.35347992047259635	23.597160215782292
-2.1728155230530324	-0.37996193945090373	23.424631322064133
-2.1238922071357202	-0.4067734882501429	23.253488329709786
-2.0770552499605235	-0.4338861523869421	23.083717878331907
-2.0322552197749504	-0.4612745371551874	22.91530683940769
-1.989443385165491	-0.48891611947246844	22.74824234086127
-1.9485717727930931	-0.5167911052390796	22.58251178739559
-1.9095932196954422	-0.5448822922192051	22.41810287706659
-1.8724614204571177	-0.5731749384301593	22.255003614552553
-1.8371309695396851	-0.6016566360049431	22.0932023215328
-1.8035573990545344	-0.6303171904754303	21.932687644554065
-1.7716972122518329	-0.6591485054080045	21.77344856072905
-1.7415079129894548	-0.6881444723100931	21.615474381580675
-1.7129480314360128	-0.7173008657147779	21.458754755315933
-1.6859771462525217	-0.7466152433410229	21.303279667786626
-1.6605559034874753	-0.7760868512191836	21.14903944236869
-1.6366460324107204	-0.8057165336647073	20.996024738969787
-1.6142103585017504	-0.8355066479779271	20.844226552352133
-1.593212813798924	-0.8654609837434681	20.69363620993932
-1.5736184448069295	-0.8955846865995438	20.544245369258487
-1.5553934181505806	-0.9258841863454461	20.39604601515141
-1.5385050241543865	-0.9563671292538244	20.249030456874756
-1.5229216785186874	-0.987042314453605	20.103191325195986
-1.5086129222547724	-1.0179196342491887	19.95852156957963
-1.4955494200332509	-1.0490100182418691	19.815014455548095
-1.483702957091894	-1.0803253811205473	19.67266356228997
-1.4730464348417387	-1.111878573989545	19.53146278058256
-1.4635538653026658	-1.1436833391031505	19.391406311086406
-1.4552003644925147	-1.1757542678784196	19.252488663062753
-1.4479621448868905	-1.2081067620598023	19.114704653559283
-1.441816507060197	-1.2407569979113702	18.978049407104727
-1.4367418306119382	-1.273721893315117	18.842518355947703
-1.4327175644762162	-1.3070190776563022	18.708107240871808
-1.429724216706424	-1.3406668643793975	18.574812112616332
-1.427743343821402	-1.3746842261012833	18.44262933392819
-1.4267575397939118	-1.4090907721710164	18.311555582269136
-1.4267504247570493	-1.4439067285683547	18.18158785320078
-1.427706633499203	-1.479152920036128	18.052723464468393
-1.4296118038133898	-1.5148507543444218	17.924960060803592
-1.4324525647622146	-1.5510222085873964	17.798295619465375
-1.436216524915339	-1.587689817416228	17.672728456538977
-1.4408922606121473	-1.6248766631144607	17.54825723401184
-1.4464693042983305	-1.662606367424664	17.424880967646285
-1.4529381329812803	-1.700903085037768	17.3025990356692
-1.4602901568455369	-1.7397914986587597	17.181411188300004
-1.4685177080661214	-1.7792968155651343	17.061317558137972
-1.4776140298542035	-1.8194447655761072	16.94231867143266
-1.4875732657663823	-1.8602616003527652	16.824415460262006
-1.498390449305888	-1.9017740939513683	16.707609275643534
-1.5100614938410797	-1.9440095445535182	16.591901901606175
-1.5225831828638414	-1.9869957772983633	16.47729557025209
-1.5359531606077947	-2.0307611481432586	16.363792977839765
-1.5501699230437598	-2.075334548680583	16.251397301921084
-1.565232809267362	-2.120745411839001	16.1401122195679
-1.581141993291335	-2.167023718398179	16.029941926725538
-1.5978984762528792	-2.2142000042466092	15.92089115873226
-1.615504079043909	-2.262305368311444	15.812965212048228
-1.633961435370392	-2.311371481090589	15.706169967236336
-1.6532739852442642	-2.3614305937151285	15.60051191324392
-1.673445968909788	-2.412515547470686	15.495998173033911
-1.694482421203936	-2.464659783704582	15.392636530618303
-1.7163891663485342	-2.5178973540446563	15.290435459548485
-1.7391728131697881	-2.57226293085361	15.189404152920508
-1.7628407507387749	-2.6277918178404818	15.089552554956178
-1.7874011444246216	-2.6845199607487453	14.990891394223144
-1.812862932349962	-2.742483958037289	14.893432218560427
-1.8392358222362022	-2.801721071467209	14.79718743177882
-1.8665302886240303	-2.862269236503504	14.702170332208402
-1.8947575704524984	-2.9241670724365862	14.608395153168146
-1.9239296689776924	-2.9874538921234466	14.51587710543586
-1.9540593460097493	-3.052169711243091	14.42463242179933
-1.9851601224446942	-3.1183552569551107	14.334678403772049
-2.0172462770646638	-3.186051975842876	14.246033470560889
-2.050332845578224	-3.255302041017229	14.15871721037339
-2.0844356198688003	-3.3261483582467464	14.072750434157674
-2.119571147417074	-3.3986345709736288	13.988155231868118
-2.1557567308597836	-3.4728050640642167	13.904955031353168
-2.1930104276440914	-3.548704966133004	13.823174659963541
-2.2313510497334526	-3.6263801502685062	13.74284040898029
-2.2707981633169827	-3.70587723297702	13.663980100964094
-2.3113720884705833	-3.787243571147867	13.586623160127807
-2.3530938987138885	-3.8705272568299636	13.510800685834859
-2.395985420402575	-3.9557771095946612	13.436545529326315
-2.4400692318909343	-4.043042666244169	13.363892373778707
-2.485368662394452	-4.132374167607775	13.292877817793668
-2.531907790476847	-4.223822542150211	13.223540462418281
-2.579711442080197	-4.317439386097036	13.155921001792349
-2.628805188010593	-4.413276939761341	13.09006231751502
-2.67921534078485	-4.511388059733419	13.02600957681871
-2.7309689507380916	-4.611826186574427	12.963810334630399
-2.784093801282584	-4.714645307626447	12.903514639595507
-2.838618403201752	-4.819899914528327	12.8451751441283
-2.894571987854342	-4.927644954998046	12.7888472185426
-2.951984499154299	-5.037935778412627	12.734589069304166
-3.0108865841828893	-5.150828074687064	12.682461861430353
-3.071309582279151	-5.266377805921105	12.632529845045575
-3.1332855124437824	-5.3846411302487605	12.58486048608106
-3.196847058880232	-5.505674317290491	12.53952460108413
-3.2620275544846358	-5.629533654571428	12.496596496075774
-3.3288609620832914	-5.756275344230641	12.45615410936543
-3.3973818532029507	-5.885955389307414	12.418279158197642
-3.46762538414461	-6.018629468849175	12.383057289067205
-3.539627269116852	-6.154352801044853	12.350578231495845
-3.6134237501687254	-6.293179993544203	12.320935955015283
-3.689051563645812	-6.435164880080776	12.294228829047329
-3.7665479028755375	-6.58036034247187	12.27055978531133
-3.845950376770479	-6.728818117026418	12.250036482321997
-3.9272969640186295	-6.880588584346278	12.232771471466561
-4.0106259625116465	-7.035720541466522	12.218882364067433
-4.095975933640662	-7.19426095523637	12.20849199874618
-4.183385641069601	-7.356254695804886	12.201728608304384
-4.272893983575082	-7.521744249039389	12.198725985227323
-4.36453992152003	-7.690769406670654	12.199623644796457
-4.458362396506207	-7.863366932930184	12.20456698466539
-4.554400243730347	-8.039570206424665	12.21370743961124
-4.652692096545845	-8.2194088359751	12.227202630018173
-4.753276282710963	-8.402908249141849	12.245216502481995
-4.856190711783639	-8.590089252159654	12.267919460743148
-4.9614727531026945	-8.780967560021079	12.29548848496031
-5.069159103776693	-8.975553295476137	12.328107237127329
-5.179285646085984	-9.173850455763528	12.365966150213072
-5.29188729368211	-9.375856345941564	12.409262498363486
-5.406997825964055	-9.581560977786339	12.458200445254773
-5.524649709995638	-9.790946433324025	12.512991067418568
-5.644873909322863	-10.003986192201818	12.573852349079782
-5.767699679048816	-10.22064442227066	12.64100914475536
-5.893154346526927	-10.440875232954443	12.714693105558556
-6.021263077041873	-10.664621891219603	12.795142564839828
-6.152048623864473	-10.891816000243459	12.882602378475852
-6.285531062089971	-11.122376641208021	12.977323714793284
-6.421727505703318	-11.356209479029074	13.079563788789772
-6.560651807358063	-11.593205833267179	13.189585534993416
-6.7023142404103915	-11.833241715964947	13.307657212989666
-6.846721162819568	-12.07617683872124	13.434051939348914
-6.993874662607288	-12.32185359194331	13.56904713941234
-7.143772184668	-12.57009599992606	13.71292391214992
-7.296406138840101	-12.820708656193716	13.865966301101608
-7.4517634892826585	-13.073475644401556	14.028460464258293
-7.609825325360487	-13.328159451043897	14.200693735649574
-7.77056641442155	-13.584499877246708	14.382953571392532
-7.933954737054221	-13.842212958035184	14.57552637303191
-8.099951005642826	-14.100989898661627	14.778696181186621
-8.26850816729944	-14.36049603885291	14.992743232828493
-8.43957089253748	-14.620369857179723	15.21794237597282
-8.613075051368545	-14.880222029151936	15.454561336175523
-8.788947178852037	-15.139634554097706	15.702858830032055
-8.9671039325064	-15.398159967370828	15.963082521879125
-9.147451544400653	-15.655320655929604	16.23546682113148
-9.329885271181487	-15.910608296813145	16.52023051915841
-9.514288845760673	-16.163483439488676	16.817574266347997
-9.700533934880106	-16.41337525441089	17.127677892028707
-9.888479607285904	-16.659681471384296	17.450697572232894
-10.07797181777792	-16.901768532411747	17.786762852911917
-10.268842912947717	-17.138971984590622	18.13597353914786
-10.460911164966719	-17.370597139223403	18.498396464144555
-10.653980340336505	-17.59592002359097	18.874062155325944
-10.847839311048592	-17.8141886517213	19.262961418692683
-11.042261716111998	-18.024624639908243	19.665041866662307
-11.237005681880884	-18.22642519162615	20.080204418903456
-11.431813610037084	-18.418765474776844	20.50829981011599
-11.626412042436225	-18.60080141182863	20.94912514323477
-11.82051161229711	-18.771672900303773	21.402420531066838
-12.013807091377268	-18.930507477181674	21.867865873795267
-12.20597754282365	-19.076424436077353	22.34507782400314
-12.396686589286393	-19.20853940049175	22.833606994733206
-12.585582805621883	-19.32596935001002	23.332935469469998
-12.772300245071223	-19.42783808906147	23.842474675658558
-12.956459107157913	-19.513282139786643	24.361563685275367
-13.137666554693736	-19.581457031759967	24.889468006885718
-13.315517686200465	-19.63154395189393	25.42537893338411
-13.489596668736414	-19.662756707942773	25.968413508052997
-13.659478034559365	-19.67434894880994	26.517615168548055
-13.824728143259284	-19.665621574556663	27.071955123788808
-13.984906808964675	-19.635930258860874	27.630334512407924
-14.139569089981025	-19.584692996966503	28.19158738333418
-14.28826723577737	-19.51139758320224	28.75448452922768
-14.430552783630981	-19.41560891426302	29.31773819190004
-14.565978794510496	-19.296976007972386	29.88000764564407
-14.694102214965147	-19.155238622515775	30.43990564970928
-14.814486348952661	-18.990233358473844	30.996005745245935
-14.926703420743477	-18.801899125674876	31.54685035521205
-15.030337207342505	-18.590281859181662	32.09095962832352
-15.124985716353065	-18.355538373807185	32.62684095059586
-15.2102638829379	-18.097939254532818	33.15299903082402
-15.285806257585039	-17.81787069110491	33.66794644999456
-15.35126965483082	-17.515835178844135	34.17021454964141
-15.406335731996277	-17.19245102413626	34.65836452108081
-15.450713466410487	-16.84845061191311	35.13099854678013
-15.484141499574479	-16.484677413290754	35.5867708372997
-15.506390317294143	-16.102081733938633	36.02439840267913
-15.51726423599984	-15.701715227138655	36.442671396136
-15.516603167273948	-15.284724219251771	36.84046287068226
-15.50428413501153	-14.852341918752767	37.21673779584553
-15.480222522607324	-14.405879602455975	37.570561192035015
-15.444373031043826	-13.946716893346881	37.90110525404544
-15.396730332680956	-13.476291262927772	38.20765535242388
-15.337329409834153	-12.996086906592913	38.48961482150733
-15.26624557177989	-12.50762315280571	38.7465084653174
-15.183594148539115	-12.012442575357086	38.9779847365617
-15.089529864551473	-11.512098982520756	39.183816569033894
-14.984245900051633	-11.008145457353233	39.363900869017115
-14.867972652486246	-10.502122619769537	39.51825669614211
-14.74097621455766	-9.995547273504958	39.64702218784144
-14.60355658935696	-9.489901589971401	39.75045030341906
-14.456045666469054	-8.98662296673155	39.828903483258
-14.298804985829396	-8.487094681358725	39.88284733534538
-14.132223318434143	-7.99263744240059	39.91284347474749
-13.956714094719572	-7.5045019186413935	39.919541651684945
-13.772712712518063	-7.023862306501884	39.90367131032929
-13.580673756971057	-6.551810973862159	39.86603272338531
-13.381068164648568	-6.089354197424416	39.80748784706512
-13.174380363431927	-5.63740899051746	39.728951037432346
-12.96110541850527	-5.196800999444225	39.631379762615694
-12.741746213132004	-4.76826342948704	39.51576543644369
-12.51681069082888	-4.352436946810115	39.38312448806577
-12.286809183169481	-3.9498704899579393	39.23448976955811
-12.052251844820228	-3.5610229145486896	39.07090238982763
-11.813646214614126	-3.1862653871449833	38.893404048779956
-11.571494918567213	-2.8258844390934934	38.70302993113169
-11.326293527814821	-2.4800855882576283	38.500802204817646
-11.078528581546248	-2.14899743584229	38.28772415500905
-10.828675782203268	-1.832676146714404	38.064774971608365
-10.577198367532773	-1.531110224518628	37.832905195955824
-10.324545661573229	-1.2442254971934144	37.59303282153664
-10.071151804356065	-0.9718902339601764	37.34604003384803
-9.817434658027487	-0.7139203212025871	37.09277056633015
-9.563794885254989	-0.4700844316158528	36.83402764239931
-9.310615194195604	-0.240109128362219	36.57057246813642
-9.058259742963527	-0.023683853493140377	36.30312323601739
-8.807073695435403	0.17953424260098297	36.032354597138216
-8.557382919367027	0.36991566663292363	35.75889755758736
-8.309493817154088	0.5478541716649272	35.483339753836674
-8.063693279129664	0.713762592487207	35.20622606212685
-7.820248749038639	0.8680689433688576	34.92805949769045
-7.579408391245346	1.0112127888837028	34.649302361158284
-7.34140134928948	1.1436418935615213	34.370377591502795
-7.106438085594517	1.2658091517552654	34.09167028727879
-6.8747107924257405	1.3781697953485186	33.813529360612705
-6.646393864576618	1.4811788737343439	33.53626929127498
-6.421644424713817	1.5752889978503695	33.26017195116031
-6.200602892815606	1.6609483379201102	32.98548847252461
-5.983393591680699	1.7385988628861497	32.71244113632191
-5.770125381053696	1.8086748082816777	32.44122525990422
-5.560892313493514	1.8716013584286304	32.17201106614494
-5.355774305695425	1.9277935283256644	31.904945518696113
-5.154837819556454	1.9776552303526787	31.64015411056898
-4.958136547839419	2.0215785109275974	31.377742595517656
-4.765712099837124	2.059942942464843	31.117798653800882
-4.57759468296437	2.093115156364925	30.86039348579717
-4.393803776700225	2.121448503278571	30.60558332864565
-4.21434879577319	2.1452828275039217	30.353410892595942
-4.039229739917599	2.164944343066315	30.103906715071588
-3.868437827936334	2.180745599772092	29.857090431601645
-3.701956114177494	2.192985528301346	29.612971963758365
-3.5397600858750358	2.201949554191727	29.371552625072642
-3.381818240114591	2.2079097713524423	29.132826146593665
-3.228092639465407	2.211125166522737	28.89677962432582
-3.078539445572061	2.2118418868428815	28.66339439123142
-2.933109430224871	2.2102935434310442	28.43264681684232
-2.791748463625449	2.2067015445509117	28.20450903778535
-2.654397979740691	2.201275452608636	27.97894962271541
-2.5209954187909447	2.194213359831304	27.755934175267942
-2.3914746470497126	2.1857022780510924	27.5354258787017
-2.265766354246686	2.175918538549302	27.31738598591528
-2.143798428962603	2.1650281984027884	27.101774258491005
-2.0254963124841203	2.1531874502228097	26.888549358353476
-1.9107833316557215	2.140543032584532	26.677669195541085
-1.7995810113185742	2.127232638815819	26.469091235472188
-1.691809366970148	2.113385322148693	26.26277276895748
-1.5873871783121682	2.0991218955380835	26.058671148067123
-1.4862322443780545	2.0845553247221726	25.85674399080646
-1.3882616209485246	2.0697911133394173	25.656949357396694
-1.293391840974302	2.0549276791312368	25.459245900795462
-1.2015391187285953	2.0400567204484954	25.263592993928672
-1.1126195384119002	2.025263572446769	25.069950835944674
-1.0265492279266295	2.0106275525016857	24.878280539643345
-0.9432445185302218	1.9962222945034274	24.68854420207739
-0.8626220910638025	1.982116071800628	24.50070496017392
-0.7845991094396407	1.9683721086601575	24.314727033081112
-0.7090933420538647	1.955048880191975	24.130575752806273
-0.6360232717735892	1.9422004007591915	23.948217584582068
-0.5653081951277319	1.929876500953616	23.76762013827244
-0.49686831131098647	1.918123093267985	23.588752172013912
-0.43062480158973826	1.9069824266386906	23.41158358917909
-0.36649989967659485	1.896493330067987	23.23608542964515
-0.30441695361875876	1.886691445563591	23.06222985625496
-0.2443004797238338	1.877609450656942	22.88999013727059
-0.1860762090247191	1.8692772707797947	22.71934062553634
-0.12967112676339368	1.8617222817930075	22.5502567349921
-0.07501350535202812	1.8549695029719688	22.382714915108178
-0.02203293124891434	1.8490417807605266	22.2166926237489
0.029339673833903145	1.843959963610002	22.05216829891402
0.07917203699484039	1.8397430682222204	21.8891213297526
0.12753052310209662	1.8364084375159377	21.727532027195384
0.1744801282900552	1.8339718906348146	21.567381594508614
0.22008447765369965	1.8324478653124079	21.40865209803135
0.26440582681980296	1.831849552905832	21.251326438322476
0.3075050670908361	1.8321890264049265	21.095388321911916
0.3494417338744706	1.8334773617181435	20.940822233820935
0.39027401812756574	1.8357247525300886	20.787613410990765
0.43005878055896385	1.8389406190188333	20.635747816736075
0.46885156835021885	1.8431337107138699	20.485212116319683
0.5067066341677634	1.8483122037680109	20.33599365372654
0.5436769572536145	1.8544837929087192	20.188080429699475
0.5798142663946693	1.8616557783263443	20.041461081086002
0.6151690645831588	1.8698351477485995	19.896124861533366
0.6497906551927907	1.8790286539424312	19.75206162355879
0.6837271695063419	1.8892428878761642	19.609261802013563
0.717025595441335	1.9004843477665734	19.467716398952188
0.7497318073307262	1.9127595042273196	19.32741696991173
0.7818905966251974	1.9260748617269838	19.188355611602002
0.8135457033930197	1.9404370165568454	19.050524951002988
0.8447398485025986	1.9558527115007167	18.91391813586135
0.8755147663799485	1.9723288873906573	18.778528826580935
0.9059112382429343	1.9898727317253113	18.644351189493214
0.9359691257203749	2.0084917245193945	18.51137989149814
0.9657274047715627	2.028193681545421	18.37961009606355
0.9952241998282972	2.0489867951212077	18.24903746057211
1.0244968180878808	2.0708796725893777	18.119658135004855
1.0535817838914803	2.093881372627883	17.991468761951086
1.082514873127579	2.1180014395232956	17.86446647793674
1.1113311476055057	2.143249935531589	17.738648916064413
1.1400649893490256	2.1696374714443545	17.614014209959606
1.1687501347642821	2.197175235471364	17.490560999020726
1.1974197086406375	2.2258750205436786	17.368288434972524
1.2261062579471211	2.2557492501350613	17.247196189723976
1.2548417853905027	2.2868110026925867	17.127284464535663
1.2836577827043376	2.319074034760751	17.008554000504443
1.3125852636416986	2.3525528028772227	16.891006090374763
1.3416547966469785	2.38726248431179	16.774642591689602
1.3708965371845565	2.4232189967134903	16.65946594129755
1.4003402597046037	2.4604390167246857	16.545479171234987
1.4300153892283092	2.498939997614361	16.432685926005618
1.4599510325366942	2.538740185976582	16.32109048128275
1.4901760089487277	2.5798586375334995	16.21069776406306
1.5207188806758438	2.622315232075779	16.101513374303906
1.5516079827411535	2.6661306875667785	15.99354360807938
1.5828714524526861	2.711326573430258	15.886795482293326
1.614537258420542	2.7579253230343466	15.781276760991544
1.646633229108528	2.805950245377782	15.676995983318113
1.679187080911122	2.8554255359773073	15.57396249316428
1.7122264457467264	2.9063762869478165	15.472186470561674
1.7457788981581808	2.9588284962595433	15.37167896487453
1.7798719819109192	3.012809076148421	15.272451929849794
1.8145332360791973	3.06834586064861	15.174518260585474
1.8497902206094008	3.1254676122068346	15.077891832482852
1.8856705413492383	3.184204027330692	14.982587542249156
1.9222018745299243	3.2445857412132875	14.888621351021811
1.9594119906875171	3.3066443312678278	14.796010329687206
1.9973287780076385	3.3704123194955313	14.704772706470438
2.0359802650762053	3.435923173600258	14.614927916874624
2.075394643016858	3.503211306752752	14.526496656050451
2.115600286993156	3.5723120758955504	14.439500933679646
2.1566257770512722	3.6432617784681134	14.353964131457401
2.1984999182760077	3.7160976474190464	14.26991106326067
2.2412517602300666	3.79085784435948	14.18736803809016
2.2849106156428807	3.867581450697318	14.10636292587531
2.329506078311587	3.9463084565773485	14.02692522623208
2.3750680401730877	4.027079747437312	13.949086140262713
2.421626707501488	4.109937087973086	13.872878645486734
2.4692126161806174	4.19492310328907	13.79833757399102
2.517856645996482	4.282081256991828	13.72549969388465
2.5675900338887194	4.371455825965231	13.65440379414202
2.618444386094864	4.4630918715459496	13.585090772913189
2.6704516891145653	4.557035206795915	13.517603729376432
2.7236443194143605	4.65333235954606	13.451988059201875
2.778055051786607	4.752030530862062	13.388291553687663
2.8337170662687523	4.853177548558102	13.326564502621343
2.8906639535205922	4.956821815357677	13.26685980090935
2.9489297185489893	5.063012251273687	13.209233059004829
3.008548782660375	5.171798229751218	13.153742717149933
3.0695559835113153	5.2832295070857365	13.100450163432694
3.1319865731176346	5.397356144598844	13.049419855639169
3.1958762136715464	5.5142284230208025	13.000719446860204
3.2612609710046137	5.6338967484948625	12.95441991478758
3.3281773055225683	5.756411549583945	12.910595694606151
3.396662060424732	5.881823164623061	12.869324815357299
3.4667524470084192	6.010181718725633	12.830689039612814
3.538486026843248	6.141536989711307	12.794774006259228
3.6119006905866806	6.275938262186197	12.761669376147186
3.6870346331961468	6.413434168966253	12.731468980310888
3.7639263252771786	6.554072518995287	12.704270970407102
3.8426144802901914	6.697900110869582	12.680177970961545
3.923138017321554	6.844962531042715	12.659297232942206
4.005536019106246	6.995303935745309	12.641740788103984
4.089847684971072	7.148966815617872	12.627625603466017
4.176112278348826	7.305991742020725	12.617073735191857
4.264369068493975	7.4664170939519	12.610212481042906
4.354657266011065	7.6302787644754995	12.607174530466201
4.447015951787401	7.797609845538812	12.608098111258704
4.54148399890139	7.968440290036602	12.613127131620693
4.63809998705798	8.142796549967759	12.622411316270476
4.7369021090838155	8.320701189525527	12.636106335140726
4.8379280689950575	8.502172471965013	12.654373923013019
4.941214971133266	8.687223919107506	12.677381988271128
5.046799199846811	8.875863842366686	12.70530470876489
5.15471628918032	9.068094844224726	12.73832261257522
5.2650007820207865	9.26391328914444	12.77662264125664
5.377686078136133	9.463308742978773	12.820398192906584
5.492804270535082	9.666263380041237	12.869849142171901
5.610385969569973	9.872751357121304	12.925181834051632
5.730460114202335	10.082738153879221	12.986609048092802
5.853053769855725	10.296179879239283	13.054349929305017
5.978191912286541	10.513022543612436	13.128629881838775
6.1058971969193605	10.733201297034833	13.209680421186823
6.236189713114574	10.956639633603043	13.297738980377996
6.369086722865609	11.183248562926702	13.39304866534252
6.5046023834630144	11.412925749710972	13.495857954341536
6.642747453709229	11.645554623019898	13.606420336072322
6.783528983334734	11.88100345728269	13.724993880799149
6.926949985333106	12.119124427655311	13.851840738607823
7.07300909102555	12.359752642985171	13.987226558665247
7.221700187767812	12.602705160319402	14.131419823178808
7.373012039334607	12.847779985664951	14.284691089609863
7.526927889155524	13.094755066545918	14.447312134607788
7.683425046736929	13.343387282816726	14.619554993110382
7.842474457787115	13.593411443177517	14.801690886115583
8.004040258766116	13.844539295894743	14.99398903077958
8.16807931681141	14.096458563357817	15.196715326756058
8.33454075624571	14.348832011292805	15.410130913074639
8.503365473154135	14.601296564699743	15.634490590380869
8.674485639827697	14.853462483873045	15.870041104045074
8.847824201204983	15.104912615185913	16.11701928450694
9.023294365807743	15.355201732658376	16.375650042279414
9.200799094055794	15.60385598766049	16.64614421630426
9.380230587264444	15.850372485406757	16.928696275854314
9.561469781063147	16.09421900813479	17.223481877916917
9.744385847437103	16.334833906013902	17.530655284000446
9.928835710068947	16.5716261778433	17.850346642574348
10.11466357814814	16.803975764441905	18.18265914589922
10.301700504311203	17.03123407824894	18.527666072820853
10.489763972871087	17.25272479299661	18.88540773218733
10.678657524981801	17.467744917329714	19.2558883248897
10.868170427853086	17.675566175869832	19.639072746099007
11.05807739556735	17.87543672039365	20.034883353039344
11.248138369450292	18.066583192461	20.443196727565727
11.438098366287148	18.248213156921572	20.863840466837235
11.627687402948379	18.419517923200598	21.296590039430555
11.81662050617383	18.5796757680604	21.741165748239933
12.004597816346598	18.727855569617038	22.19722984536057
12.191304794048891	18.863220857729104	22.66438384774178
12.376412538019169	18.9849342804588	23.14216610561146
12.559578222795878	19.09216248013016	23.630049678357704
12.740445663836441	19.184081365613107	24.127440574599127
12.918646017211811	19.259881759884383	24.633676414400266
13.093798620093255	19.318775393743564	25.14802557186407
13.265511977158953	19.360001207900897	25.669686855513977
13.433384896743565	19.382831916641823	26.1977897818153
13.597007779035907	19.38658077708465	26.73139549376613
13.755964056900277	19.37060849888616	27.269498371606584
13.909831787969814	19.334330220347212	27.8110283762956
14.05818539454532	19.27722246848338	28.3548541584334
14.200597545556942	19.198830013033664	28.899786955784364
14.33664117243971	19.098772517873176	29.44458529154056
14.46589160827394	18.97675088816681	29.9879604730721
14.587928836991209	18.83255320813873	30.52858287730323
14.702339836898181	18.666060162805714	31.06508899426691
14.808721000279961	18.47724983766989	31.596089185111435
14.906680608474156	18.26620179337933	32.12017609521019
14.995841339616023	18.03310031788788	32.63593364742855
15.075842784315048	17.778236766739074	33.14194652548676
15.146343942892052	17.502010912762792	33.63681004314847
15.207025676547616	17.20493123960917	34.11914028213878
15.257593084000964	16.887614128973357	34.58758437069675
15.297777774783155	16.550781908802335	35.040830765941564
15.327340010522574	16.19525974888003	35.477619397127775
15.346070686255077	15.82197141049677	35.89675152374251
15.353793125032876	15.431933877937464	36.29709916245917
15.350364660894892	15.026250920698693	36.677613940374364
15.335677987576705	14.606105656092556	37.037335238736986
15.309662253146431	14.172752201600236	37.37539750147313
15.272283884003066	13.727506524436961	37.69103659600642
15.223547125302906	13.271736611723798	37.983595129883774
15.163494288810618	12.806852097953497	38.252526645132164
15.092205703317363	12.334293496676702	38.49739863260545
15.009799367037463	11.855521190239376	38.71789433025978
14.916430305685088	11.372004334743407	38.913813291734705
14.812289644149768	10.885209837153724	39.08507073415572
14.69760340373283	10.396591557647804	39.23169569610531
14.572631040688165	9.907579883088275	39.35382805761607
14.437663745246502	9.419571807165108	39.45171449327223
14.29302252332255	8.933921639677997	39.52570344658003
14.139056085648305	8.451932452052905	39.57623922828763
13.976138571106523	7.974848349041064	39.60385535299988
13.804667132520196	7.503847638146875	39.6091672370573
13.625059414082441	7.040036949258268	39.59286438614282
13.437750949988681	6.584446337746465	39.55570220346981
13.243192513674138	6.138025385471839	39.49849354881085
13.041847446402366	5.70164029616808	39.42210017525418
12.834188992834255	5.276071964977592	39.327424164704766
12.62069766968135	4.862014986813476	39.215399475114765
12.40185869167978	4.460077555007683	39.086983702611455
12.178159476964417	4.0707821905292825	38.94315015048533
11.950087251550329	3.694567233042054	38.78488028481211
11.71812677010387	3.331789018239387	38.61315664370624
11.48275816757215	2.9827246612065434	38.428956254211776
11.244454953594374	2.647575362913136	38.233244597967555
11.0036821590022	2.326470156194044	38.026970154341406
10.76089464117515	2.019470008544112	37.81105953796449
10.516535552590137	1.7265722015143736	37.58641323671402
10.27103497463279	1.4477149102357099	37.35390194635139
10.024808716642136	1.1827819113626226	37.11436348932298
9.77825727826813	0.9316073533031438	36.868600297743136
9.531764971540463	0.6939805287458528	36.61737743431727
9.285699197583547	0.46965059600333336	36.3614211199133
9.040409871677902	0.2583312023811463	36.101417732615886
8.796228989343508	0.059704969468931064	35.83801324031724
8.553470325308826	-0.12657219319740598	35.5718130271323
8.312429256621172	-0.30086697335563867	35.30338207307853
8.073382700722915	-0.4635647614355611	35.033245446407726
7.83658915906199	-0.6150659919755718	34.761889068623496
7.602288856698484	-0.755782731800023	34.48976071344104
7.370703968397931	-0.8861355211894383	34.217271202642515
7.142038921848007	-1.0065504702672692	33.944795763847964
6.916480768878217	-1.1174566093416853	33.672675517561224
6.694199615888457	-1.219283488964443	33.40121906337919
6.4753491050872976	-1.3124590229793105	33.13070413789832
6.260066938580494	-1.3974075658049623	32.86137931953581
6.048475437835216	-1.4745482135902235	32.59346575816566
5.84068213155252	-1.5442933176611582	32.32715891009224
5.636780365499962	-1.6070471978086394	32.062630261408586
5.436849928385572	-1.6632050423989178	31.80002902519379
5.240957688379748	-1.7131519819914738	31.539483800263884
5.049158235404574	-1.7572623230796962	31.281104181286363
4.861494524812674	-1.7958989286923654	31.024982312000546
4.677998518558585	-1.8294127328761822	30.771194375040654
4.498691820422879	-1.858142376490027	30.51980201343786
4.323586302282765	-1.8824139522519507	30.27085368028747
4.152684718830028	-1.9025408475657835	30.024385914312898
3.985981308514012	-1.9188236742942841	29.780424540142544
3.8234623788383186	-1.931550275320361	29.53898579305551
3.665106874459005	-1.9409957984317725	29.300077368748717
3.5108869268275065	-1.9474228287635098	29.06369939935345
3.360768384387251	-1.9510815717254932	28.829845357485226
3.2147113225709782	-1.9522100790218295	28.598502890559267
3.0726705330628117	-1.9510345110243816	28.36965458796395
2.9345959919796285	-1.9477694293928056	28.143278683956815
2.8004333067948	-1.9426181144311647	27.919349699346235
2.670124141977453	-1.9357729022351526	27.697839025159773
2.5436066234485066	-1.9274155372121056	27.478715451577987
2.4208157220677413	-1.9177175360475942	27.261945645446694
2.301683616460676	-1.9068405596472373	27.047494579670882
2.186140035576457	-1.8949367900012086	26.83532591775432
2.0741125814355668	-1.8821493093025021	26.62540235667979
1.9655270325814687	-1.8686124789996323	26.417685931232597
1.8603076287961335	-1.8544523167818878	26.21213828276253
1.7583773376753475	-1.839786869782131	26.008720895257824
1.6596581036859468	-1.8247265825401775	25.80739530147102
1.5640710803480036	-1.8093746585013626	25.608123261700037
1.471536846197577	-1.793827414031453	25.410866917683833
1.3819756051929228	-1.7781746241128273	25.215588923926944
1.2953073722302364	-1.7624998590497756	25.02225255862393
1.2114521444323676	-1.7468808116543086	24.830821816209795
1.1303300588691463	-1.7313896145102599	24.641261483423495
1.051861537359334	-1.7160931470239689	24.453537200635033
0.9759674189922813	-1.7010533320659944	24.26761551005307
0.9025690809950412	-1.686327422092016	24.083463892305534
0.8315885485553748	-1.6719682747031275	23.90105079276456
0.7629485941939714	-1.6580246176674813	23.72034563887071
0.6965728272618424	-1.6445413034780612	23.541318849603442
0.6323857741209447	-1.6315595535662029	23.363941838143976
0.5703129495458429	-1.6191171923278291	23.18818700867787
0.510280919865526	-1.6072488711508344	23.014027748196817
0.452217358344644	-1.5959862826578057	22.84143841407569
0.3960510932830084	-1.585358365399082	22.67039431812138
0.3417121492926722	-1.575391499247906	22.500871707719163
0.2891317821922723	-1.5661096917624515	22.332847744635952
0.23824250793871124	-1.557534755789273	22.166300481978602
0.18897812599689437	-1.549686478589734	22.001208839748575
0.141273737529742	-1.5425827827756606	21.83755257938411
0.09506575877201351	-1.5362398793430003	21.675312277633296
0.050291929933616614	-1.530672413093113	21.514469300059062
0.006891319960651936	-1.5258936007306485	21.355005774438556
-0.03519567253447638	-1.5219153619250183	21.196904564284587
-0.0760273218789863	-1.5187484436194516	21.040149242685104
-0.11566058120284324	-1.5164025378676818	20.884724066627694
-0.1541510912952237	-1.5148863934736962	20.730613951951845
-0.19155319220527006	-1.5142079217046642	20.577804449048948
-0.2279199373526143	-1.5143742963413707	20.426281719408532
-0.2633031099263202	-1.5153920483243115	20.276032513093245
-0.297753241364276	-1.5172671552470753	20.127044147208196
-0.3313196317176247	-1.520005125941892	19.97930448541646
-0.36405037171658794	-1.5236110803952725	19.83280191854154
-0.3959923663657939	-1.5280898252245934	19.687525346286048
-0.4271913599080825	-1.533445924939322	19.543464160087368
-0.45769196200616774	-1.5396837692033534	19.400608227123822
-0.4875376750016618	-1.5468076363077232	19.258947875477723
-0.516770922120469	-1.55482175305576	19.118473880456417
-0.5454330765025064	-1.5637303512555558	18.979177452068544
-0.5735644909424154	-1.5735377210075285	18.841050223648708
-0.6012045282360462	-1.5842482609678026	18.704084241621324
-0.6283915920354058	-1.595866525761233	18.56827195639162
-0.6551631581219819	-1.608397270711012	18.433606214350956
-0.6815558060152325	-1.621845494044999	18.300080250983232
-0.7076052508399584	-1.6362164767324243	18.16768768505703
-0.7333463753822087	-1.6515158200979945	18.03642251388966
-0.75881326226935	-1.6677494813540499	17.90627910966922
-0.7840392262155738	-1.6849238071852526	17.77725221682089
-0.8090568462791952	-1.7030455655140282	17.649336950405605
-0.8338979980830881	-1.7221219755690316	17.52252879553996
-0.8585938859542213	-1.742160736372996	17.396823607827812
-0.8831750749426194	-1.7631700537606099	17.272217614795462
-0.9076715226840477	-1.7851586660313206	17.148707418324612
-0.9321126110745573	-1.8081358683364814	17.026289998079022
-0.9565271777285654	-1.8321115358948068	16.90496271592293
-0.9809435471954389	-1.857096146124803	16.784723321331466
-1.0053895619126032	-1.8831007997775893	16.665569957795665
-1.0298926128759418	-1.9101372411483062	16.547501170227548
-1.0544796700109997	-1.9382178774393672	16.43051591337252
-1.0791773122308423	-1.9673557973437863	16.314613561239256
-1.1040117571685557	-1.9975647889117913	16.199793917560147
-1.1290088905744684	-2.0288593567591797	16.08605722729769
-1.154194295369987	-2.0612547386710243	15.97340418921494
-1.179593280351431	-2.094766921649398	15.861835969531567
-1.2052309085388768	-2.1294126574491776	15.751354216689199
-1.2311320251662852	-2.1652094776412327	15.641961077252605
-1.257321285310115	-2.202175708237225	15.533659212977245
-1.2838231811548828	-2.2403304839059106	15.426451819075144
-1.310662068894601	-2.2796937618054938	15.320342643715641
-1.3378621952699288	-2.320286335052087	15.21533600879944
-1.3654477237412814	-2.362129845839231	15.111436832047897
-1.393442760298278	-2.4052467982181223	15.008650650453333
-1.4218713789064061	-2.4496605705434247	14.906983645138203
-1.4507576465916883	-2.49539542758412	14.80644266767464
-1.480125648163941	-2.542476532293206	14.707035267919608
-1.509999510579026	-2.590929957224615	14.608769723423723
-1.5404034269400975	-2.64078269557984	14.51165507047529
-1.5713616801372878	-2.6920626718607816	14.415701136844335
-1.6028986661245261	-2.7447987520989154	14.320918576295067
-1.635038916831263	-2.7990207536242857	14.227318904938567
-1.667807122705964	-2.8547594543310826	14.134914539500691
-1.7012281548869106	-2.912046601389158	14.043718837583905
-1.7353270869945931	-2.970914919343396	13.953746140004895
-1.7701292165382194	-3.0313981175344926	13.865011815293713
-1.8056600859274503	-3.0935308967667514	13.77753230644274
-1.8419455030781706	-3.1573489551389033	13.691325179998108
-1.8790115615993526	-3.2228889929450806	13.60640917758838
-1.9168846605453793	-3.290188716542459	13.5228042699894
-1.955591523715902	-3.3592868410717767	13.440531713826521
-1.9951592184823796	-3.430223091905424	13.359614111018612
-2.0356151741174595	-3.503038204685726	13.280075471070855
-2.0769871996000044	-3.5777739238032122	13.201941276325764
-2.1193035008650343	-3.654472999150956	13.125238550284019
-2.162592697464086	-3.7331791809767716	13.049995929108356
-2.206883838597141	-3.8139372126392317	12.976243736425431
-2.252206418472899	-3.896792821057218	12.904014061541442
-2.298590390949344	-3.981792704625203	12.833340841187612
-2.346066183401348	-4.06898451834788	12.764259944911506
-2.394664709756256	-4.158416855927427	12.69680926422962
-2.444417382632961	-4.250139228516854	12.631028805654035
-2.4953561245129845	-4.344202039829315	12.56696078770431
-2.5475133778652426	-4.440656557269733	12.504649742011827
-2.6009221141392307	-4.539554878730662	12.444142618618475
-2.655615841533202	-4.640949894667198	12.385488895565654
-2.7116286114355157	-4.744895245037546	12.328740692861853
-2.768995023428235	-4.851445270665907	12.27395289090765
-2.82775022873287	-4.9606549585535875	12.221183253445213
-2.887929931967608	-5.072579880630561	12.170492555086177
-2.9495703910745363	-5.187276125404847	12.12194471345579
-3.012708415264248	-5.3048002219313855	12.075606925972243
-3.0773813608125504	-5.425209055482924	12.031549811258907
-3.143627124530959	-5.548559774265478	11.989847555162202
-3.211484134719257	-5.674909686479775	11.950578061319066
-3.2809913393939802	-5.804316146987044	11.913823106185324
-3.352188191570654	-5.936836432791387	11.879668498399665
-3.4251146313621486	-6.072527606506002	11.84820424231542
-3.4998110646380405	-6.211446366922072	11.819524705485383
-3.576318337972302	-6.3536488857511175	11.793728789831443
-3.65467770958779	-6.499190629561792	11.770920106171252
-3.734930815986128	-6.648126165881599	11.751207151707549
-3.8171196339316595	-6.800508952384681	11.734703490011219
-3.901286437436663	-6.956391108036445	11.721527932946755
-3.9874737493728105	-7.115823165016247	11.711804723897234
-4.075724287311394	-7.278853800192201	11.705663721544608
-4.166080903171517	-7.44552954487664	11.703240583349606
-4.258586516230737	-7.61589447154682	11.704676947752787
-4.353284039029265	-7.78998985617866	11.710120613983628
-4.450216295673452	-7.96785381480665	11.719725718217248
-4.549425932019131	-8.149520912895284	11.73365290465772
-4.65095531719133	-8.335021746089508	11.75206948995207
-4.754846435871873	-8.524382490900859	11.775149619149538
-4.861140770761421	-8.717624423885825	11.803074411215302
-4.969879174601169	-8.914763407890911	11.83603209188717
-5.081101731116249	-9.115809343967165	11.874218111425948
-5.194847604223102	-9.320765587606633	11.917835244556228
-5.311154874824688	-9.529628328022515	11.967093669622868
-5.430060364502805	-9.742385929290519	12.022211023701107
-5.551599445404561	-9.959018232290486	12.083412430093842
-5.67580583561231	-10.179495816541152	12.1509304943299
-5.802711379283501	-10.403779221210291	12.225005264442679
-5.932345810850254	-10.631818124812384	12.305884150961422
-6.064736502578105	-10.863550483379553	12.393821801689052
-6.199908194800819	-11.098901627214232	12.489079925973728
-6.33788270817627	-11.337783316712121	12.591927062810871
-6.478678637344899	-11.580092758180154	12.702638286740008
-6.622311025421097	-11.825711581076549	12.821494845133103
-6.768791018811707	-12.07450477867572	12.948783720115166
-6.9181255019346395	-12.326319614812292	13.084797108020274
-7.070316711501938	-12.580984500083801	13.22983180897117
-7.2253618301490485	-12.838307841715698	13.384188518898142
-7.383252559323436	-13.09807687219498	13.548171016082518
-7.543974671502773	-13.360056462780861	13.722085234142657
-7.7075075419947465	-13.62398792909885	13.906238213288171
-7.8738236607776235	-13.88958783721777	14.100936921665545
-8.042888125076997	-14.156546819899797	14.306486938725202
-8.2146581136395	-14.424528414096152	14.523190992773367
-8.389082343963608	-14.693167932234799	14.751347345256447
-8.566100514079986	-14.962071381400133	14.991248014881025
-8.745642730837368	-15.230814446121396	15.243176835417849
-8.927628927053934	-15.498941552164732	15.507407342008676
-9.111968270329921	-15.76596503042892	15.784200482003993
-9.298558566788495	-16.031364401759156	16.07380214783678
-9.487285663518232	-16.294585805186664	16.376440531207233
-9.678022854029212	-16.555041593737364	16.692323299937268
-9.870630291598673	-16.812110123481972	17.021634601264108
-10.064954415974226	-17.06513576288426	17.364531898105472
-10.260827399512763	-17.31342915068111	17.721142647948604
-10.45806661945423	-17.55626773143607	18.09156083749439
-10.65647416365402	-17.792896598480535	18.475843390023527
-10.855836377716637	-18.022529674121827	18.874006466631528
-11.055923462070647	-18.244351256672402	19.286021686970567
-11.256489128091802	-18.457517962965316	19.71181229990808
-11.457270322896022	-18.661161093478462	20.151249339498904
-11.657987032876324	-18.854389444922813	20.60414780681331
-11.858342176419644	-19.036292592070726	21.070262923359085
-12.058021596497301	-19.205944656650008	21.54928650699039
-12.256694163953826	-19.362408576247134	22.040843526179366
-12.454012002293563	-19.50474088030241	22.544488893179153
-12.649610844569484	-19.631996973427082	23.059704560785235
-12.843110532587838	-19.74323691842672	23.585896990922365
-13.03411566802638	-19.837531702603837	24.122395065932558
-13.222216424217994	-19.913969961214143	24.66844851505517
-13.406989526248616	-19.97166512146077	25.22322692894511
-13.587999405646965	-20.009762919278025	25.785819433975224
-13.764799534299565	-20.027449229573072	26.355235095338664
-13.936933940304398	-20.023958138792494	26.93040411343926
-14.103938906283423	-19.998580176939278	27.51017987159329
-14.265344848226183	-19.950670614802604	28.09334188458775
-14.420678370252727	-19.879657721529046	28.678599687099588
-14.569464487795447	-19.78505086813889	29.264597688397306
-14.711229008651685	-19.66644835456824	29.84992100522664
-14.845501058198266	-19.52354483169433	30.433102268477697
-14.971815731849256	-19.35613818596163	31.012629381400387
-15.089716854646817	-19.164135753025807	31.5869541881052
-15.198759824780385	-18.94755972857538	32.15450199127551
-15.298514514908987	-18.70655164942375	32.71368183789077
-15.388568202505617	-18.441375826237884	33.26289747188428
-15.468528498131901	-18.15242162094974	33.800558833604384
-15.53802623867282	-17.84020447692165	34.325093968349414
-15.59671831118974	-17.505365628139298	34.83496119071118
-15.644290372257593	-17.148670434776367	35.328661338607624
-15.68045942749319	-16.77100531599678	35.804749941249426
-15.704976236500611	-16.373373276287968	36.261849119358864
-15.717627509680804	-15.956888048311088	36.69865903411385
-15.718237865281283	-15.522766902483717	37.11396870378822
-15.7066715176828	-15.072322200509843	37.50666601399881
-15.682833671197143	-14.606951796008593	37.875746758842
-15.646671597524472	-14.128128409495245	38.22032256577514
-15.598175379413469	-13.637388126457868	38.53962757654087
-15.53737830788758	-13.136318185473845	38.833023779233095
-15.464356925534155	-12.626544237626543	39.10000491214288
-15.379230713681178	-12.109717268487781	39.34019888754909
-15.282161426678034	-11.58750037929916	39.55336871234068
-15.173352081823237	-11.061555624600256	39.73941191141076
-15.053045618612863	-10.533531099429982	39.898358488298896
-14.921523245799861	-10.005048460589414	40.03036748474104
-14.779102499140814	-9.4776910536244	40.13572222586601
-14.626135036569725	-8.952992800676451	40.2148243600715
-14.463004200800858	-8.432427984761036	40.26818682157567
-14.290122381962815	-7.9174020440362955	40.29642585885883
-14.107928214764506	-7.409243465956215	40.300252283415546
-13.916883645880262	-6.909196846634936	40.280462100308604
-13.717470907715883	-6.418417156007473	40.23792668498878
-13.510189434507197	-5.937965225167421	40.17358266987915
-13.295552755845831	-5.468804449220412	40.08842169960738
-13.074085401287773	-5.01179867768114	39.98348020588782
-12.846319847741858	-4.5677112452948485	39.859829342371356
-12.61279353894009	-4.137205079533398	39.71856520680746
-12.37404600354196	-3.7208438071273133	39.5607994631436
-12.130616095409616	-3.319093770973822	39.387650460268674
-11.883039376394382	-2.9323268606217314	39.20023492752114
-11.63184565867863	-2.5608240542011007	38.99966031032268
-11.377556720407068	-2.2047795670011126	38.78701779282019
-11.120684205079405	-1.8643055016703762	38.56337603860631
-10.861727712024015	-1.5394368969582692	38.32977566576492
-10.601173082293867	-1.2301370757517356	38.087224458917035
-10.339490881550198	-0.9363031985525387	37.83669330880232
-10.077135078966112	-0.6577719351761524	37.579112859346694
-9.814541918917573	-0.3943251750233273	37.31537083320202
-9.552128980239347	-0.1456957044717673	37.046309999398886
-9.290294416119993	0.08842721150829197	36.77272674099341
-9.029416366291255	0.30839239774044624	36.495370176335584
-8.769852532023325	0.5145815328865302	36.21494178473095
-8.51193990355613	0.7074041465132193	35.93209548567988
-8.25599462896441	0.8872928786721214	35.64743812041977
-8.002312013045644	1.0546990241463539	35.36153028500867
-7.751166634618462	1.2100883767876172	35.074887465527645
-7.502812570594981	1.3539373833050121	34.78798142798674
-7.257483715329881	1.4867296104896013	34.50124181806439
-7.015394184019751	1.6089525251791137	34.21505792875085
-6.7767387893062345	1.7210945822708985	33.929780597182784
-6.541693580712378	1.8236426127473997	33.64572419535054
-6.3104164370846965	1.9170795009544144	33.36316868282954
-6.083047702807177	2.0018821382209055	33.08236169315452
-5.859710859186795	2.0785196382769255	32.80352062886152
-5.640513223062448	2.147451798762505	32.52683474350716
-5.425546665348763	2.209127792369391	32.25246719209753
-5.214888342883568	2.2639850707644427	31.980557034291653
-5.008601437597432	2.312448464355324	31.71122117746957
-4.806735897650248	2.3549294611289002	31.444556249250702
-4.609329175782676	2.391825648172538	31.180640391314167
-4.416406960702362	2.4235203000369707	30.919534968405653
-4.227983897869424	2.450382098777632	30.661286188228488
-4.044064296550358	2.4727649712880617	30.40592662950459
-3.8646428204778585	2.4910080303832887	30.153476676870618
-3.6897051598897184	2.5054356069775254	29.90394586246472
-3.519228683115914	2.516357361608782	29.657334115064515
-3.353183066242665	2.524068464474641	29.413632918475013
-3.191530899709899	2.528849834043624	29.172826381556884
-3.0342282709905026	2.530968425184252	28.934892222837764
-2.8812253227601694	2.530677558599478	28.699802673080917
-2.7324667861975165	2.5282172841609585	28.467525299510715
-2.58789248925785	2.523814771500736	28.238023755626816
-2.44743783994095	2.517684721934212	28.011258460689504
-2.3110342847262917	2.5100297964558136	27.787187213039072
-2.17860974247911	2.501041055166859	27.56576574143188
-2.0500890142446786	2.4908984040642417	27.346948198552
-1.9253941694399712	2.4797710456395206	27.130687600786548
-1.8044449090283874	2.467817930212323	26.916936218249774
-1.6871589063274006	2.455188205352108	26.705645918915767
-1.5734521261474588	2.4420216611300294	26.496768470569066
-1.4632391229981725	2.4284491692907992	26.29025580411777
-1.3564333191271492	2.4145931147458133	26.086060241641512
-1.252947263175179	2.400567818065743	25.88413469236371
-1.1526928702426276	2.386479947896161	25.684432819551535
-1.05558164416715	2.3724289224363706	25.486909181161778
-0.9615248828116651	2.358507299311726	25.29151934686526
-0.870433867155757	2.34480115333603	25.098219993900777
-0.7822200349738032	2.3313904418052536	24.906968984032336
-0.6967951398691696	2.3183493570890055	24.717725423710853
-0.6140713964186773	2.305746666394182	24.530449709378818
-0.5339616121618043	2.293646038667428	24.345103559696444
-0.45637930714950925	2.282106358681679	24.16165003631971
-0.38123882174571855	2.2711820284184174	23.980053554719124
-0.30845541335106297	2.260923255912754	23.800279886393206
-0.23794534269546683	2.2513763317746363	23.622296153707122
-0.1696259503216619	2.242583893637236	23.44607081846903
-0.10341572385732094	2.2345851788141196	23.2715736652479
-0.03923435664911927	2.227416265471083	23.098775780335764
0.022997201692507935	2.2211103026372907	22.92764952716353
0.08335670231329004	2.215697729394447	22.758168518893466
0.14192056119907764	2.2112064835927345	22.59030758883175
0.19876382984650104	2.207662200448804	22.42404275923228
0.2539601720659933	2.2050884013846805	22.25935120899623
0.30758184648514325	2.2035066734675195	22.09621124071154
0.3596996943423951	2.202936839809067	21.93460224742067
0.41038313218179223	2.2033971212809003	21.774504679456307
0.45970014908008217	2.204904289897138	21.61590001163924
0.5077173080573923	2.2074738142108035	21.458770711091592
0.5544997513414035	2.2111199970634443	21.303100205883162
0.6001112091735008	2.215856106020237	21.148872854695473
0.6446140118628428	2.2216944968147643	20.99607391765958
0.6880691048111334	2.228646730119087	20.844689528498176
0.7305360662472798	2.2367236819457896	20.694706668079174
0.7720731274263594	2.2459356479794113	20.546113139468854
0.8127371950621132	2.2562924421251433	20.398897544555293
0.8525838757764652	2.267803489553094	20.25304926229724
0.8916675023630997	2.2804779145067053	20.10855842864026
0.9300411616745904	2.294324623134059	19.96541591813231
0.9677567239551805	2.309352381591102	19.823613327259963
1.0048648734527854	2.3255698896560792	19.68314295951922
1.041415140154624	2.3429858500846663	19.543997812229005
1.0774559325016773	2.3616090339258027	19.406171565088943
1.1130345709468548	2.381448342008615	19.269658570479727
1.1481973222310926	2.402512862801351	19.134453845501366
1.1829894342606417	2.4248119268339985	19.000553065741645
1.2174551714769963	2.4483551578669682	18.867952560766344
1.2516378506187866	2.47315252097907	18.73664931132198
1.285579876782501	2.4992143677391065	18.606640948241203
1.3193227796957439	2.5265514786164256	18.47792575304184
1.3529072501232897	2.555175102777	18.350502660211298
1.3863731763322995	2.5850969954028833	18.2243712611694
1.4197596805486936	2.6163294526642242	18.099531809904615
1.4531051553422132	2.6488853444646736	17.97598523027969
1.486447299882257	2.682778145072239	17.853733125006386
1.5198231560114486	2.718021961739459	17.732777786290267
1.5532691440880413	2.754631561408413	17.61312220814937
1.5868210985517939	2.7926223955873373	17.494770100414538
1.620514303172103	2.832010623477987	17.377725904419904
1.654383525939668	2.8728131334237608	17.261994810397518
1.688463053566366	2.9150475627408414	17.147582776591392
1.7227867255603744	2.9587323159859635	17.034496550110116
1.7573879678457656	3.003886581705898	16.922743689540678
1.7922998258979546	3.0505303477053864	16.81233258934865
1.8275549973679157	3.098684414861494	16.70327250609365
1.8631858641695227	3.1483704095036305	16.595573586491955
1.899224524005484	3.1996107943695864	16.48924689736126
1.9357028213082157	3.2524288781389235	16.384304457485577
1.9726523775724154	3.306848823535581	16.28075927144164
2.010104621056622	3.3628956539824113	16.17862536543036
2.0480908158308115	3.4205952587802515	16.07791782516037
2.086642090146949	3.4799743967742836	15.97865283583296
2.1257894641089545	3.541060698460228	15.88084772427993
2.165563876617545	3.603882666471915	15.784521003308711
2.205996211564317	3.668469674380711	15.689692418311006
2.2471173232486295	3.734851963726672	15.596382996191798
2.288958060988293	3.8030606391879833	15.504615096679146
2.331549292893791	3.8731276617838333	15.414412466074777
2.374921928773368	3.9450858399927946	15.325800293506687
2.4191069421337072	4.018968818655096	15.238805269745475
2.4641353912381385	4.094811065513311	15.153455648645961
2.510038439181205	4.172647855231324	15.069781311274872
2.5568473729348336	4.252515250716007	14.987813832784376
2.604593621317637	4.334450081550083	14.907586552089253
2.653308771834556	4.418489919327734	14.829134644403037
2.7030245863298377	4.504673049667422	14.752495196684624
2.7537730153911784	4.5930384406576605	14.677707286042931
2.805586211437531	4.683625707472158	14.604812061141947
2.858496540417674	4.77647507287122	14.533852826641555
2.9125365920405875	4.871627323285442	14.464875130701897
2.9677391884518896	4.9691237601554255	14.397926855570331
3.0241373912637757	5.069006146178699	14.333058311259217
3.0817645068388293	5.1713166460919995	14.270322332310123
3.1406540897197828	5.276097761591663	14.209774377626488
3.200839944089346	5.383392259970145	14.151472633340129
3.262356123135382	5.493243096020179	14.09547811865871
3.3252369261871837	5.605693326730603	14.041854794620615
3.389516893479324	5.720786018270789	13.990669675659708
3.4552307983886834	5.838564144730987	13.941992943856457
3.5224136369799495	5.959070478057469	13.895898065721918
3.5911006146832642	6.0823474685910925	13.852461911328108
3.661327129916002	6.208437115588016	13.811764875561364
3.733128754448486	6.337380827071257	13.773891001234208
3.8065412103000407	6.469219268330473	13.73892810374622
3.8816003429393495	6.603992198358862	13.706967896933708
3.958342090548579	6.741738293485259	13.678106119693217
4.036802449097022	6.882494957431861	13.652442662902798
4.1170174329551745	7.02629811700005	13.630081696098518
4.199023030765537	7.173182002561879	13.611131793290575
4.282855156271078	7.323178912511049	13.59570605722387
4.3685495937870975	7.476318960807066	13.583922241301115
4.456141937986892	7.632629806729512	13.575902868292324
4.545667527655811	7.792136365946104	13.571775344852515
4.637161373053813	7.954860501992208	13.57167207075904
4.730658076511252	8.120820697257383	13.575730541661203
4.826191745867403	8.29003170257925	13.584093444006875
4.923795900349129	8.462504164562302	13.596908740674035
5.023503368472871	8.638244229761002	13.614329745688899
5.125346177541734	8.817253124902368	13.636515186256629
5.229355434299644	8.999526712372198	13.663629250165693
5.335561196295671	9.18505502025085	13.695841616452537
5.443992333505256	9.373821746263548	13.733327467029872
5.554676379751753	9.565803735108263	13.776267476790034
5.667639373471411	9.7609704287431	13.824847779495299
5.782905687367023	9.959283289354861	13.879259906559948
5.900497846503297	10.160695194898521	13.939700695616517
6.020436334408663	10.365149807291926	14.006372165541697
6.142739386766082	10.572580913576678	14.07948135439829
6.267422772298235	10.782911740614415	14.159240116529748
6.394499560483588	10.996054244184847	14.24586487482716
6.523979875778525	11.211908373687816	14.339576323977667
6.6558706380667685	11.430361314027612	14.440599080301098
6.790175289115305	11.651286706682546	14.549161273594752
6.926893504883718	11.874543852433204	14.665494076238216
7.066020893612246	12.099976898741719	14.789831164665909
7.207548679706351	12.327414015346827	14.922408108203282
7.351463373542435	12.556666562266253	15.063461680190114
7.497746427439802	12.787528255076237	15.213229086287656
7.64637387818135	13.019774333072109	15.371947104896373
7.797315976619922	13.253160736700837	15.539851134706714
7.95053680507921	13.487423301494072	15.717174144576811
8.105993883451209	13.722276976618838	15.904145521192588
8.263637765100645	13.957415077088022	16.100989810322368
8.423411623920801	14.192508579642155	16.307925347952647
8.585250834135424	14.427205473304042	16.525162778186736
8.749082544714318	14.661130176617528	16.75290345552343
8.914825250563627	14.893883034594142	16.991337730019474
9.082388362963071	15.125039909387747	17.24064311488768
9.251671782054157	15.354151879683734	17.500982337307804
9.422565474530378	15.580745064698023	17.772501274635992
9.59494906004221	15.804320589509539	18.05532677980094
9.768691410202702	16.024354709167635	18.349564401475963
9.943650264460294	16.240299109592062	18.65529600661915
10.11967186748924	16.451581403681363	18.9725773151769
10.296590633127602	16.657605841226	19.301435359139703
10.474228840267756	16.857754251152468	19.641865880722992
10.65239636645553	17.051387234246892	19.993830687179482
10.830890465289935	17.237845623798854	20.357254982638956
11.009495594008687	17.416452230503616	20.73202470035011
11.187983297898285	17.586513886437846	21.117983861748357
11.366112158366185	17.747323800936048	21.514931991836463
11.543627811641947	17.89816423870481	21.9226216233736
11.720263045124877	18.038309527495453	22.340755925259067
11.895737978356815	18.167029399094012	22.768986493194262
12.069760335452235	18.283592663266514	23.20691134311071
12.242025815555206	18.387271209625883	23.654073149875114
12.41221856750396	18.4773443271829	24.10995777532827
12.58001177435342	18.553103325641192	24.573993130666377
12.745068352727124	18.613856436351803	25.045548418429213
12.90704177113723	18.65893396433427	25.523933798820106
13.065576990418396	18.68769365599412	26.00840052364521
13.220311528267388	18.699526240241575	26.49814157873676
13.370876648566492	18.693861093785358	26.99229287224013
13.516898674704294	18.6701719746009	27.489935001551064
13.65800042450099	18.62798276113405	27.990095625952634
13.793802762612675	18.566873128894812	28.491752465118168
13.923926264452932	18.486484090925835	28.993836935657054
14.047992983754531	18.38652332440664	29.495238428846985
14.165628313931123	18.266770202584294	29.994809222731302
14.276462931423428	18.127080449501904	30.491370011009618
14.38013480726881	17.96739033480487	30.983716019813798
14.47629127125648	17.787720327396325	31.470623671751213
14.564591111273183	17.588178130000475	31.950857744794448
14.644706688850317	17.36896102185034	32.4231789619828
14.716326050541474	17.130357443764986	32.886351936794384
14.779155013633773	16.87274776878929	33.339153388768196
14.832919203873034	16.59660421223109	33.780380534849165
14.877366022394748	16.30248984720043	34.20885955428446
14.912266518936127	15.99105670540162	34.62345401903411
14.937417148680412	15.663042957682153	35.023073177811064
14.952641390770184	15.319269184360357	35.406679980261956
14.95779120762414	14.960633761277311	35.773298728566324
14.952748325697824	14.588107403430655	36.12202224696838
14.9374253202247	14.20272692353689	36.45201846545197
14.911766488731859	13.805588277498703	36.762536321865994
14.87574850070565	13.397838982132587	37.05291089713277
14.82938081363729	12.980670002234078	37.32256771052165
14.77270584875034	12.55530721381156	37.57102611602358
14.705798922936065	12.123002557811116	37.79790175627853
14.628767936730771	11.685025003683675	38.00290804687781
14.541752821488357	11.242651444577287	38.18585668075448
14.44492475215991	10.797157645726827	38.3466571593372
14.33848513521945	10.349809364796869	38.48531537372798
14.22266438420612	9.901853757635402	38.60193127494116
14.097720498022884	9.454511175287823	38.6966956868218
13.963937459495353	9.008967448499135	38.769886328285914
13.821623473701433	8.566366744578811	38.8218631227165
13.671109067205968	8.12780506879857	38.8530628814807
13.512745070548828	7.694324468806253	38.8639934554593
13.346900507132188	7.266907986274282	38.85522745312661
13.173960412033923	6.846475385548183	38.827395626086975
12.994323604249562	6.433879674792316	38.78118002313375
12.808400435455491	6.029904421389667	38.71730701197804
12.61661053762263	5.635261850452065	38.636540263983136
12.41938059072702	5.250591703489185	38.53967379176252
12.217142130444826	4.876460823778761	38.42752512261481
12.010329414127616	4.513363425923275	38.30092868275316
11.799377361577422	4.161721999567798	38.16072945842712
11.584719585232552	3.8218887913394877	38.00777699061828
11.366786522374813	3.49414780473236	37.84291975028607
11.146003679925402	3.1787172548587583	37.666999931402266
10.922790000354805	2.875752413637262	37.48084868947204
10.697556355224856	2.5853487809600817	37.28528184409073
10.470704170946545	2.3075455185478795	37.08109605549732
10.242624189500809	2.0423290853956724	36.86906547718703
10.01369536515575	1.7896370167772642	36.64993887953474
9.784283896643142	1.549361792542435	36.42443723312477
9.554742392837458	1.3213547447407308	36.19325173511182
9.325409168725534	1.1054299592870227	35.95704225746339
9.096607667366694	0.9013681312995622	35.71643619233952
8.868646002619458	0.7089203387567681	35.472027667112755
8.641816616650564	0.5278117041210997	35.224377099569224
8.416396045641886	0.35774491846962275	34.9740110626021
8.19264478665392	0.19840360736174192	34.72142242712891
7.970807258288812	0.04945552210671654	34.46707075196666
7.751111847606473	-0.08944445578626747	34.21138288990078
7.533771035669334	-0.21865150542105732	33.95475378010313
7.31898159411622	-0.33852825763167343	33.697547398320225
7.106924845278091	-0.4494423884199481	33.44009783778903
6.897766978534558	-0.5517644140850816	33.18271049557674
6.691659415859324	-0.6458656851426274	32.92566334092294
6.488739219803649	-0.7321165742126551	32.66920824413407
6.289129537506049	-0.8108848514766654	32.413572346589454
6.092940074685263	-0.8825342400353176	32.15895945442674
5.900267593965984	-0.947423142517	31.905551440451898
5.711196432288635	-1.005903529565568	31.653509640729194
5.525799032563829	-1.0583199803434475	31.402976234134176
5.344136485138672	-1.1050088648973093	31.15407559487567
5.166259075047392	-1.1462976581181992	30.90691560960767
4.992206831409622	-1.182504375063268	30.66158895223949
4.822010075718514	-1.213937117565546	30.41817431091594
4.65568996612506	-1.2408937223193894	30.17673756287763
4.4932590351690145	-1.2636615009726593	29.937332894021516
4.3347217187305755	-1.2825170631632976	29.700003860968387
4.18007487428301	-1.2977262138911387	29.464784394317228
4.029308286808455	-1.3095439171021765	29.23169974252425
3.8824051609996504	-1.3182143178691312	29.000767356497164
3.7393425986116244	-1.3239708160684187	28.771997715553915
3.6000920600463595	-1.3270361849711385	28.545395095862013
3.464619809452106	-1.3276227286769307	28.32095828285992
3.3328873428001504	-1.325932472818649	28.098681229476185
3.204851798561028	-1.3221573834482467	27.878553662204816
3.080466350748265	-1.316479609476373	27.66056163728624
2.959680584224464	-1.3090717444775477	27.44468804937767
2.8424408522764772	-1.3000971040874616	27.230913095186402
2.7286906165650446	-1.289710015607976	27.01921469459159
2.618370769639362	-1.278056116798252	26.809568871797758
2.51141994028069	-1.265272661167163	26.601950099053486
2.407774782000559	-1.2514888273929203	26.396331605432657
2.3073702450718847	-1.236826030781553	26.192685653122332
2.2101398325153356	-1.2213982349374448	25.990983783592473
2.11601584049738	-1.2053122620572747	25.791197035937767
2.024929583625741	-1.188668100475233	25.59329613959181
1.936811605649238	-1.1715592082830508	25.397251683513673
1.8515918760849261	-1.154072812024773	25.20303426384241
1.7691999733061339	-1.1362901996245596	25.01061461190719
1.6895652546320499	-1.1182870068476907	24.819963704372878
1.6126170139621394	-1.1001334967214176	24.631052857192202
1.5382846274973039	-1.0818948314545664	24.443853804926206
1.466497688086708	-1.0636313364944605	24.258338766890134
1.3971861287330023	-1.0453987564475824	24.07448050147867
1.3302803357802646	-1.027248502667578	23.892252349924103
1.2657112522992322	-1.0092278923819085	23.71162827064542
1.2034104721730223	-0.991380379287476	23.532582865254817
1.14331032537374	-0.97374577559673	23.35509139720013
1.0853439549067911	-0.9563604655600313	23.179129803938874
1.0294453858855692	-0.939257610528133	23.004674703461845
0.97554958718413	-0.9224673456510988	22.831703395910438
0.9235925261001916	-0.9060169683375344	22.660193860962956
0.8735112164449471	-0.8899311186211031	22.490124751600046
0.8252437604609102	-0.8742319516007416	22.321475384801122
0.7787293849526661	-0.8589393021366942	22.15422572966617
0.7339084719999821	-0.8440708419974455	21.98835639340707
0.690722584606988	-0.8296422296628122	21.8238486056048
0.6491144876254475	-0.8156672529962646	21.66068420108429
0.6090281642753759	-0.8021579650055575	21.498845601720422
0.5704088285707887	-0.7891248129146635	21.338315797450015
0.5332029339439721	-0.7765767607726255	21.179078326731954
0.4973581783475364	-0.7645214058262071	21.021117256667825
0.46282350609920125	-0.752965088883147	20.86441716296614
0.4295491067210922	-0.7419129988920016	20.708963109909455
0.3974864110121813	-0.7313692719627698	20.55474063046111
0.36658808457962994	-0.7213370850499168	20.401735706627086
0.3368080190426161	-0.7118187445163283	20.249934750170485
0.3081013211105326	-0.7028157697931279	20.09932458376064
0.28042429972587346	-0.6943289723461624	19.949892422623368
0.2537344514511678	-0.6863585301555398	19.80162585674614
0.22799044426895176	-0.6789040579099344	19.6545128336813
0.2031520999534495	-0.6719646731123572	19.50854164197954
0.1791803751629505	-0.6655390582889608	19.363700895276928
0.1560373413926997	-0.6596255194872033	19.219979517051883
0.13368616391921107	-0.654222041244314	19.077366726061776
0.11209107985827776	-0.6493263382015142	18.935852022462253
0.09121737545096166	-0.6449359035340009	18.79542517460819
0.07103136268401927	-0.6410480543611878	18.656076206530496
0.051500355344054616	-0.6376599742962513	18.517795386080856
0.03259264459733562	-0.6347687532885053	18.380573213731527
0.01427747418079186	-0.6323714249067791	18.24440041201651
-0.003474984716731419	-0.630465001206603	18.10926791559811
-0.020693658809918854	-0.6290465053187321	17.97516686194124
-0.03740659824179643	-0.6281130018913568	17.842088582576928
-0.0536410022159654	-0.6276616255132539	17.710024594935824
-0.06942324467950402	-0.6276896072401371	17.57896659473176
-0.08477890000459928	-0.6281942993415849	17.448906448875253
-0.09973276862156717	-0.6291731983811581	17.319836188896986
-0.11430890256024448	-0.6306239667376655	17.191748004861395
-0.12853063086086766	-0.6325444526710137	17.064634239750532
-0.14242058481933295	-0.6349327090316716	16.938487384299357
-0.15600072303541243	-0.6377870107085066	16.81330007226389
-0.16929235623593625	-0.6411058709056127	16.68906507610393
-0.18231617184810275	-0.6448880563347339	16.565775303063432
-0.19509225830107546	-0.6491326014059915	16.44342379163243
-0.20764012903691106	-0.6538388214958822	16.32200370837477
-0.21997874621451313	-0.6590063253679129	16.201508345106696
-0.2321265440926827	-0.6646350268177029	16.081931116413145
-0.24410145208073072	-0.670725155611056	15.963265557488805
-0.25592091744725753	-0.677277267780258	15.845505322292064
-0.2676019276796967	-0.6842922553407464	15.72864418200118
-0.27916103248911633	-0.691771355487317	15.612676023762686
-0.29061436545647085	-0.6997161593261549	15.497594849723423
-0.30197766531816783	-0.7081286201962597	15.383394776338024
-0.31326629689024177	-0.7170110616311696	15.27007003394528
-0.3244952716318836	-0.7263661850094163	15.15761496660717
-0.33567926785028807	-0.7361970769397068	15.04602403220578
-0.34683265054998336	-0.7465072164245343	14.935291802794248
-0.3579694909309356	-0.7573004818437834	14.825412965198216
-0.3691035855406538	-0.7685811577977455	14.716382321866028
-0.38024847508643156	-0.7803539418469756	14.608194791966662
-0.3914174629147588	-0.7926239511845775	14.500845412734892
-0.40262363316565225	-0.8053967292746733	14.394329341064402
-0.413879868610363	-0.8186782524891115	14.288641855350471
-0.4251988681814897	-0.8324749367727857	14.183778357585158
-0.43659316420520133	-0.8467936443665043	14.079734375707938
-0.4480751393456712	-0.8616416906147658	13.97650556621663
-0.45965704327234325	-0.8770268508844619	13.87408771704391
-0.4713510090610531	-0.8929573676192197	13.772476750705518
-0.4831690693403486	-0.9094419575527739	13.671668727727766
-0.49512317219470403	-0.9264898191036143	13.57165985036245
-0.5072251968365957	-0.944110639972013	13.472446466598406
-0.5194869690596088	-0.962314604959409	13.374025074480164
-0.5319202764849931	-0.9811124040291502	13.276392326744817
-0.54453688361422	-1.0005152406265712	13.17954503578959
-0.5573485467002276	-1.0205348402754129	13.083480178983685
-0.5703670284501854	-1.0411834594667697	12.98819490433875
-0.5836041125726465	-1.062473894855773	12.893686536553915
-0.597071618182004	-1.0844194927803834	12.799952583452473
-0.6107814140732707	-1.1070341591159418	12.706990742828085
-0.6247454328800928	-1.13033236947815	12.614798909720397
-0.6389756851289857	-1.1543291797864896	12.523375184140729
-0.6534842732027196	-1.1790402371992825	12.432717879269978
-0.6682834052256803	-1.2044817914307182	12.342825530152725
-0.6833854088840045	-1.2306707064594875	12.25369690291258
-0.6988027451931835	-1.257624472637837	12.165331004515565
-0.7145480222256528	-1.2853612192089492	12.077727093110258
-0.7306340088108326	-1.3138997272398538	11.99088468897473
-0.747073648219881	-1.3432594429761342	11.904803586102295
-0.7638800718472496	-1.373460491623789	11.819483864460112
-0.7810666129008367	-1.4045236915624821	11.734925902957015
-0.7986468201128067	-1.436470568994301	11.65113039315669
-0.8166344714817623	-1.4693233730290123	11.568098353780144
-0.8350435880581952	-1.5031050912083823	11.485831146036187
-0.8538884477836469	-1.5378394654687282	11.404330489827114
-0.8731835993942839	-1.5735510085406184	11.323598480876356
-0.8929438763990749	-1.6102650207829168	11.243637608828331
-0.9131844111424	-1.6480076074468482	11.164450776373466
-0.9339206489604859	-1.6868056963640654	11.086041319454283
-0.9551683624406886	-1.7266870560509944	11.00841302861135
-0.97694366579206	-1.7676803142196145	10.931570171531268
-0.9992630293351618	-1.8098149766827474	10.855517516862188
-1.0221432941185284	-1.8531214466396448	10.780260359365698
-1.0456016866684652	-1.8976310443248983	10.705804546477925
-1.0696558338783015	-1.9433760270011766	10.632156506356079
-1.0943237780423236	-1.9903896092729063	10.559323277491249
-1.1196239920389472	-2.038705983695001	10.48731253997182
-1.1455753946667642	-2.088360341646989	10.416132648486549
-1.1721973661359164	-2.1393888944385506	10.345792667161328
-1.1995097637165515	-2.191828894608756	10.276302406327435
-1.22753293754472	-2.245718657376146	10.207672461324709
-1.256287746584835	-2.30109758219159	10.139914253448042
-1.2857955747465306	-2.358006174340437	10.073040073150766
-1.3160783471521815	-2.416486066534114	10.007063125624072
-1.3471585465497233	-2.4765800404246594	9.941997578877285
-1.3790592298636943	-2.5383320479684475	9.877858614449599
-1.4118040448753721	-2.6017872325572338	9.814662480889927
-1.4454172470208375	-2.6669919498260657	9.752426550147762
-1.4799237162934895	-2.7339937880382106	9.69116937702406
-1.5153489742349582	-2.8028415879368125	9.630910761837965
-1.5517192009956984	-2.8735854619420493	9.57167181647136
-1.589061252443404	-2.9462768125600647	9.513475033960392
-1.6274026772944357	-3.0209683498574242	9.456344361809187
-1.6667717342396184	-3.09771410783995	9.40030527920835
-1.7071974090319142	-3.176569459559338	9.345384878347417
-1.7487094314995664	-3.2575911307546703	9.291611950016812
-1.7913382924434784	-3.3408372118172673	9.239017073701831
-1.8351152603727472	-3.4263671678477516	9.18763271237736
-1.880072398026897	-3.5142418465530434	9.13749331221825
-1.9262425786275037	-3.604523483707821	9.088635407446098
-1.973659501795535	-3.697275705880154	9.041097730538535
-2.022357709063865	-3.7925635300941196	8.994921328032076
-2.072372598907106	-3.8904533600735953	8.95014968215351
-2.1237404412025347	-3.9910129786796067	8.906828838518573
-2.176498391027484	-4.094311536120695	8.86500754013861
-2.2306845016887396	-4.200419533478896	8.824737367977665
-2.2863377368696898	-4.309408801056019	8.78607288830172
-2.3434979817696364	-4.421352471002582	8.749071807060547
-2.402206053097516	-4.536324943646733	8.713795131539047
-2.4625037077699665	-4.654401846893682	8.680307339508856
-2.524433650149416	-4.7756599880143025	8.64867655610301
-2.588039537642877	-4.900177297086786	8.61897473862545
-2.6533659844661663	-5.0280327612972275	8.59127786949259
-2.7204585633608946	-5.159306349242818	8.565666157486326
-2.789363805033	-5.294078924315351	8.54222424747534
-2.8601291950614436	-5.432432146172413	8.521041438734699
-2.9328031680047415	-5.574448359230304	8.502211911961032
-3.0074350984096268	-5.720210467033584	8.485834965042221
-3.0840752884017975	-5.8698017912738525	8.472015257594942
-3.162774951512605	-6.02330591414379	8.46086306423041
-3.2435861923679448	-6.180806502622205	8.452494536446919
-3.3265619818355776	-6.342387113190284	8.44703197297672
-3.4117561271955035	-6.508130975380432	8.444604098332833
-3.4992232368650873	-6.678120752457966	8.445346349207819
-3.5890186791757266	-6.85243827743158	8.449401168269873
-3.681198534657987	-7.031164262475712	8.456918304780602
-3.775819541258219	-7.21437797974884	8.46805512132197
-3.8729390318620407	-7.402156911468476	8.482976905765636
-3.9726148634618474	-7.594576367002512	8.501857187444624
-4.074905337258396	-7.791709064622936	8.524878056293327
-4.179869108940356	-7.9936246754622795	8.552230483505106
-4.287565088337786	-8.200389327111582	8.584114642015972
-4.398052327595024	-8.412065064201718	8.620740224855112
-4.511389896958505	-8.62870926322486	8.662326759107453
-4.627636747223602	-8.85037399877906	8.709103912907416
-4.746851557831169	-9.077105358356997	8.761311792524074
-4.869092569554592	-9.308942702764051	8.819201226205891
-4.99441740066557	-9.545917869232095	8.883034031024266
-5.1228828454163216	-9.788054314306423	8.953083258488206
-5.254544653630236	-10.035366193633715	9.029633414198331
-5.389457290146654	-10.287857375862513	9.112980646262255
-5.527673672825737	-10.545520388003682	9.20343289660797
-5.669244887784758	-10.808335289788655	9.301310008705443
-5.81421988050915	-11.076268474817402	9.406943784540442
-5.962645121463336	-11.349271396617544	9.520677982980496
-6.114564244817114	-11.627279218147008	9.642868250932358
-6.270017658909624	-11.910209383783933	9.77388197791962
-6.429042127091942	-12.19796011346195	9.914098063910943
-6.591670317626881	-12.49040881934482	10.06390658941172
-6.757930321384808	-12.78741044630739	10.223708376006403
-6.927845136158491	-13.088795738510042	10.393914424714495
-7.10143211652946	-13.394369435531452	10.57494521871284
-7.2787023883620865	-13.703908402883036	10.76722987620135
-7.459660227182671	-14.017159703279468	10.971205138469617
-7.644302399918688	-14.333838616787535	11.187314177576516
-7.832617469738382	-14.653626619942099	11.416005207517994
-8.024585064047065	-14.97616933611091	11.657729882361911
-8.220175106062717	-15.301074471806261	11.912941464603014
-8.419347010826979	-15.627909756304845	12.182092746992131
-8.622048846996297	-15.956200904817432	12.465633711347845
-8.828216466324012	-16.285429628569215	12.764008908438381
-9.037772603377713	-16.61503171847168	13.07765454396515
-9.250625948748581	-16.944395232577214	13.406995257055506
-9.466670199799927	-17.272858821169052	13.752440579539542
-9.685783093874555	-17.599710227110215	14.11438106671148
-9.907825429830787	-17.924185002889786	14.493184093318739
-10.132640084807356	-18.24546548959758	14.889189312250872
-10.360051034222217	-18.562680106734348	15.302703777872736
-10.589862384182535	-18.874903005217462	15.733996741213751
-10.82185742671259	-19.181154139044448	16.18329413032894
-11.055797729479579	-19.480399813683583	16.650772736114313
-11.291422273002354	-19.771553771216574	17.136554131708703
-11.528446649635152	-20.053478873370278	17.64069836231555
-11.76656233990646	-20.324989443655117	18.16319745179674
-12.005436083034507	-20.584854328673188	18.703968782655362
-12.24470935959137	-20.831800736044876	19.26284841690013
-12.483998005315511	-21.064518902125602	19.83958443662638
-12.722891975927551	-21.281667636531026	20.433830394736454
-12.960955283437407	-21.481880782269883	21.04513897779089
-13.197726124789812	-21.66377461983864	21.672955994214586
-13.432717223729622	-21.8259562308432	22.31661481161877
-13.665416406408774	-21.96703282150373	22.975331376384645
-13.895287430460579	-22.085621988785405	23.64819995644983
-14.121771085979937	-22.180362891964474	24.334189753940045
-14.344286585011584	-22.24992827036574	25.03214253733908
-14.562233253735224	-22.293037224100456	25.740771442792592
-14.774992538511418	-22.30846864930556	26.45866109036697
-14.981930333302168	-22.2950751931806	27.18426915316878
-15.182399631706469	-22.251797567707204	27.915929504771967
-15.375743501977139	-22.17767903510767	28.65185705310939
-15.561298377957563	-22.07187985374906	29.390154346710176
-15.738397652958366	-21.93369145130787	30.128820011889363
-15.906375557288152	-21.762550073612402	30.865759047450325
-16.064571293575245	-21.558049643722278	31.598794967045002
-16.212333397317472	-21.319953557503204	32.32568373920694
-16.349024283438876	-21.048205140147576	33.04412943208984
-16.474024933211783	-20.742936493562834	33.751801425250434
-16.58673966991576	-20.404475477896277	34.44635300569874
-16.686600966260695	-20.03335059203862	35.12544112137182
-16.77307422211454	-19.630293547777665	35.78674702380169
-16.845662447639516	-19.196239370085287	36.42799749464969
-16.90391078473951	-18.732323901161152	37.04698631961919
-16.947410798909388	-18.239878637326143	37.64159564954513
-16.975804474270635	-17.72042288430262	38.20981687353485
-16.98878784684979	-17.175653276193856	38.74977062394751
-16.986114215028486	-16.607430764688445	39.25972553846674
-16.96759687153499	-16.01776524559552	39.73811542086893
-16.933111308265534	-15.408798047626114	40.18355446918768
-16.882596853474332	-14.782782561272148	40.59485027723544
-16.816057710256004	-14.142063331716813	40.97101436184347
-16.73356337552065	-13.489053977201188	41.311270022280084
-16.635248429547392	-12.826214321745352	41.61505739832455
-16.52131169739388	-12.156027147595186	41.882035657338704
-16.392014794616443	-11.480974977664363	42.11208230618246
-16.247680080600475	-10.803517291505337	42.30528968867769
-16.088688053007218	-10.126068560382857	42.46195879131033
-15.91547422613448	-9.450977458715377	42.58259053690851
-15.728525544119154	-8.780507571746417	42.667874796342375
-15.528376386687906	-8.116819874427932	42.71867739038357
-15.31560423044005	-7.461957205950159	42.73602538667037
-15.090825032340282	-6.817830910126268	42.72109101959371
-14.854688404177644	-6.186209755938366	42.67517457363719
-14.607872647233226	-5.5687111969158005	42.59968657347077
-14.351079715374254	-4.966794974467273	42.49612961749077
-14.085030172369294	-4.381759020388948	42.366080176419516
-13.810458205562826	-3.814737568857006	42.21117065617964
-13.528106753340111	-3.26670134928307	42.03307199587656
-13.238722798249906	-2.7384596991365786	41.833477038785574
-12.943052871459939	-2.2306644106178317	41.61408487821746
-12.641838807596553	-1.7438151069372245	41.376586342443645
-12.335813782177057	-1.2782659327358399	41.12265074482821
-12.02569865696839	-0.8342333384378698	40.85391398812107
-11.712198651870633	-0.4118047394519347	40.571968076526126
-11.39600035547461	-0.010947837397486993	40.278352056486916
-11.077769080404266	0.368479598891229	39.97454437774951
-10.758146564017647	0.7267196808001196	39.6619566405863
-10.437749010077823	1.0641042473881488	39.341928673334
-10.117165462665257	1.3810447660081804	39.015724866689396
-9.796956499894598	1.6780224197944698	38.68453167743307
-9.477653231941533	1.955578495895551	38.34945620424338
-9.15975658544976	2.214305168739642	38.01152573172762
-8.843736854544828	2.4548367537351345	37.67168813539052
-8.530033497400446	2.6778414890033533	37.330813039606305
-8.219055156522382	2.8840138863117613	36.98969362234169
-7.911179880588463	3.0740676775120317	36.64904896399143
-7.606755525749992	3.2487293696080184	36.309526842836746
-7.306100314704312	3.408732410129135	35.97170688594991
-7.009503532531823	3.5548119547552837	35.636103991502544
-6.717226339201177	3.6877002210714354	35.303171946090565
-6.42950267973158	3.8081224058310195	34.97330716859975
-6.146540274213552	3.9167931380584	34.64685252007964
-5.868521671193235	4.014413436583307	34.32410112689231
-5.59560534927646	4.10166813803211	34.00530017190481
-5.327926853181014	4.1792237597509025	33.69065461559352
-5.065599951828391	4.247726761458416	33.38033081554281
-4.808717807404696	4.307802169479931	33.07446001890341
-4.557354145609004	4.36005252806744	32.77314170789071
-4.311564418534509	4.405057143444106	32.47644678334023
-4.071386952789999	4.443371587712105	32.1844205757115
-3.836844076549815	4.475527431538124	31.897085676747313
-3.607943220221649	4.502032176494377	31.614444588288087
-3.3846779863408383	4.5233693600136196	31.33648218754289
-3.167029185133056	4.539998808054381	31.06316801046263
-2.9549658329413413	4.5523570127171284	30.79445835679366
-2.748446111387348	4.560857614163808	30.53029822194828
-2.547418285733699	4.565891968240747	30.270623062052554
-2.3518215814419277	4.567829783164147	30.015360399465354
-2.161587018380706	4.567019810481462	29.76443127673998
-1.9766382025338745	4.5637905772589695	29.5177515674525
-1.7968920754018674	4.55845114805864	29.275233152594105
-1.622259621578155	4.551291906753188	29.036784971335017
-1.4526465352217603	4.542585349586344	28.802313954944417
-1.2879538463487314	4.532586882118577	28.571725852526935
-1.12807850802644	4.52153561381083	28.344925957022586
-0.9729139456823509	4.509655144995744	28.121819739636056
-0.8223505698384246	4.497154341874099	27.90231340053113
-0.6762762536550195	4.484228095960748	27.686314343256868
-0.5345767767191104	4.471058065096837	27.47373157997843
-0.3971362365426341	4.457813393751035	27.264476074175015
-0.2638374292523768	4.444651410859697	27.058461027051102
-0.13456220095406307	4.431718303911509	26.85560211348986
-0.009191771242297673	4.419149768373359	26.65581767296407
0.11239296969254624	4.407071631887655	26.459028860416062
0.23031118893639213	4.395600452953663	26.26515976172901
0.34468186231355186	4.384844094041992	26.074137478035542
0.4556235480896434	4.37490226928801	25.88589218275072
0.5632541816089774	4.365867067071428	25.700357154877373
0.6676908896064198	4.3578234479201585	25.517468791810522
0.7690498229818932	4.350849718280796	25.337166604566455
0.8674460068749119	4.345017980779425	25.15939319808054
0.9629932069265854	4.340394561658156	24.984094238955603
1.05580381066672	4.337040416117695	24.8112184127992
1.1459887230128738	4.335011512327012	24.64071737306419
1.2336572749176797	4.334359194879873	24.472545683099295
1.3189171442490812	4.335130528486831	24.30666075292541
1.4018742880341677	4.33736862269175	24.143022772081068
1.4826328852433048	4.341112938395678	23.98159463972044
1.5612952893352925	4.346399576959047	23.82234189300258
1.637961989826614	4.353261552637059	23.665232634679295
1.7127315821885352	4.361729049083408	23.510237460670428
1.7857007454146487	4.371829660635145	23.357329388308273
1.8569642266393167	4.38358861906715	23.20648378583537
1.9266148322226506	4.397029006478931	23.057678303653937
1.9947434247516507	4.412171954949591	22.91089280774757
2.061438925439567	4.429036833569521	22.766109315626135
2.1267883214358494	4.447641423429625	22.623311935083848
2.190876677588277	4.468002081121221	22.482486806005237
2.2537871522262014	4.490133891272195	22.34362204540585
2.3156010165597007	4.514050808617701	22.206707695851932
2.376397677314035	4.539765790076958	22.071735677365854
2.4362547022418566	4.567290917281379	21.93869974289136
2.495247848177085	4.596637509973465	21.807595437364853
2.553451091315324	4.627816230671037	21.678420060413075
2.6109366594242838	4.66083718096667	21.551172632677513
2.6677750657059556	4.695709989808535	21.425853865746923
2.7240351440492807	4.732443894085796	21.30246613566327
2.779784085427422	4.771047811819018	21.18101345995389
2.835087475208738	4.811530408234274	21.061501478130687
2.890009331164429	4.853900154978561	20.943937435587156
2.944612141968139	4.898165382713099	20.828330170816834
2.998956905994968	4.944334327301195	20.71469010586924
3.0531031702383173	4.9924151697877415	20.603029239953365
3.107109069173046	5.042416070348268	20.49336114609407
3.1610313634028104	5.094345196366852	20.385700970742224
3.214925477938086	5.148210744784106	20.280065436235386
3.2688455399589813	5.20402095883839	20.176472846002827
3.322844415924706	5.261784139306733	20.074943092404197
3.376973747897329	5.321508650334222	19.975497667089154
3.431283988953681	5.3832029199244085	19.878159673761246
3.4858244375646508	5.446875435147223	19.782953843225528
3.5406432708253375	5.512534732104574	19.689906550596305
3.595787576424066	5.580189380678757	19.599045834536422
3.651303383241528	5.6498479640733	19.510401418395254
3.707235690474466	5.721519053141179	19.42400473310723
3.7636284951809795	5.795211175481055	19.339888941706267
3.8205248181464095	5.870932779267807	19.258088965305507
3.8779667279706413	5.94869219177035	19.178641510383407
3.9359953632788467	6.028497572496383	19.10158509720918
3.9946509529584375	6.110356860890955	19.026960089230926
4.05397283432561	6.194277718503629	18.954808723239164
4.113999469125185	6.280267465527768	18.88517514010652
4.174768457266691	6.368333011603632	18.818105415891942
4.23631654820008	6.4584807807680535	18.753647593082633
4.29867964983313	6.550716630423193	18.69185171173183
4.361892834891468	6.645045764188025	18.632769840233763
4.425990344621764	6.741472638489838	18.576456105457726
4.49100558973699	6.840000862746166	18.5229667219434
4.556971148501051	6.940633092982159	18.472360019838238
4.623918761848704	7.043370918724915	18.424696471233922
4.691879325435499	7.14821474301464	18.380038714533942
4.7608828785104444	7.255163655371496	18.338451576457594
4.830958589503021	7.364215297559098	18.300002091257216
4.902134738214686	7.475365721989228	18.26475951669514
4.974438694503768	7.588609242618405	18.232795346294914
5.047896893351949	7.703938278196115	18.204183317347546
5.1225348061996145	7.821343187735859	18.17899941411812
5.198376908437378	7.940812098095459	18.157321865661103
5.275446642941176	8.062330723571439	18.139231137614033
5.353766379539105	8.185882177434527	18.124809917299274
5.433357370299718	8.311446775360098	18.114143091422196
5.5142397005335555	8.439001830738206	18.107317715611686
5.596432235402862	8.56852144188413	18.104422975005647
5.679952562038302	8.699976271211426	18.105550135040097
5.764816927066895	8.833333316477022	18.110792481556295
5.851040169461371	8.968555674260545	18.120245249296065
5.938635648629361	9.10560229590066	18.134005537811774
6.02761516766973	9.244427736177387	18.152172213774644
6.117988891734446	9.384981895103905	18.174845798623824
6.209765261447522	9.527209753273894	18.202128340459698
6.302950901346713	9.671051101299806	18.234123269048563
6.397550523331381	9.816440263977395	18.270935232773542
6.4935668251189735	9.963305819919066	18.31266991633861
6.591000383734421	10.111570317515495	18.35943383801039
6.689849544081847	10.261149988211875	18.411334125166857
6.790110302675196	10.411954458220416	18.468478266914367
6.891776186635668	10.563886459936944	18.53097384253614
6.994838128096912	10.716841544482959	18.59892822454712
7.099284334197322	10.87070779696002	18.672448255154556
7.205100152879778	11.025365556176302	18.75163989496214
7.312267934763415	11.180687140785714	18.836607842808046
7.420766891400791	11.33653658396921	18.927455125698195
7.530572950287248	11.492769378984864	19.02428265788604
7.641658607044717	11.649232238112674	19.12718876825999
7.753992775263988	11.80576286772685	19.2362686953337
7.8675406345532926	11.962189762434473	19.351614049291964
7.982263477409793	12.118332021426994	19.473312240729772
8.098118555603865	12.273999190397332	19.601445875936196
8.215058926840815	12.42899113257332	19.73609211881713
8.333033302543901	12.583097932609537	19.8773220198257
8.45198589768591	12.73609983726029	20.025199812578702
8.571856283680088	12.887767236918014	20.17978217917836
8.692579245427792	13.037860692243768	20.341117485635664
8.814084643708265	13.186131010233835	20.50924498920368
8.936297284183507	13.332319374151867	20.684194019875203
9.059136794379135	13.47615753180632	20.86598313877988
9.182517510087537	13.617368046659902	21.054619276727976
9.306348372722974	13.75566461621732	21.250096856690803
9.430532839237111	13.890752462042112	21.45239690457715
9.554968806276444	14.02232879559648	21.661486153256483
9.679548550329342	14.150083363874742	21.87731614538963
9.804158685667609	14.273699078503784	22.0998223412487
9.928680141933341	14.392852731607153	22.328923238332035
10.052988163255117	14.507215801268423	22.564519510200043
10.176952330796736	14.616455348879962	22.806493172564203
10.300436610643162	14.72023501002042	23.05470678524184
10.423299428910546	14.818216079765934	23.309002699131334
10.545393775929604	14.910058692507013	23.56920235785717
10.666567341289412	14.995423095412672	23.835105664161368
10.786662681441504	15.073971013660275	24.106490421466347
10.905517421451634	15.14536710443874	24.38311186129164
11.022964492343023	15.209280495538158	24.66470226734946
11.138832405303154	15.265386403072842	24.950970707164092
11.252945563823545	15.313367821558025	25.24160288194047
11.36512461460615	15.35291727818657	25.536261105128492
11.47518683780464	15.38373864175065	25.83458441968824
11.582946576870834	15.405548975242697	26.136188863437678
11.68821570794793	15.418080419773453	26.440667891052144
11.79080414839605	15.421082096088144	26.74759296028206
11.89052040365171	15.414322008671045	27.056514288751817
11.987172151215434	15.397588936233554	27.366961786303897
12.080566860135106	15.37069429131113	27.67844616626351
12.1705124439098	15.33347393078063	27.990460237227367
12.25681794428565	15.28578989838243	28.3024803750408
12.339294242958164	15.227532079820298	28.61396817254288
12.417754797739324	15.15861975074448	28.92437226244845
12.492016399301278	15.079002997924317	29.23313030643455
12.56189994417741	14.988663994208563	29.539671141133894
12.627231219295581	14.887618108469425	29.843417069356974
12.687841692943984	14.77591483264299	30.14378628250252
12.74356930673474	14.65363850922066	30.44019539781637
12.794259262844573	14.520908844108682	30.732062091979717
12.839764800579848	14.377881191650433	31.018807810483302
12.879947956143466	14.224746600782355	31.29986053042753
12.914680299380569	14.061731613741042	31.57465755283151
12.943843641251702	13.889097811429764	31.842648299267452
12.967330705831635	13.707141102446235	32.10329708670577
12.98504576076231	13.516190755822521	32.35608585389532
12.996905200299976	13.316608180683428	32.60051681243334
13.00283807538984	13.108785459236499	32.83611499591952
13.002786565575011	12.893143642700192	33.062430681252984
12.996706387996197	12.670130822902943	33.27904165721091
12.984567139260387	12.440219995277685	33.485555316940115
12.966352566543469	12.203906731774502	33.681610552877515
12.942060764936134	11.961706684765947	33.86687943485788
12.911704298734833	11.714152945265253	34.04106865473839
12.875310245110006	11.461793280677295	34.20392072371577
12.832920159341265	11.205187278816968	34.35521491158283
12.784589961581396	10.94490342602271	34.49476792041259
12.730389745886166	10.681516147852921	34.622434288501154
12.67040351301299	10.415602841065155	34.73810652378487
12.604728829236125	10.1477409253431	34.84171496930678
12.533476414137223	9.878504942561545	34.93322740658012
12.456769660997974	9.60846373029115	35.012648405818524
12.374744094035982	9.338177694768424	35.08001843491993
12.287546767276291	9.068196206726402	35.13541274175434
12.195335610333316	8.799055141347804	35.17894002666935
12.098278726785027	8.531274581212246	35.21074092415857
11.996553651147613	8.265356698512308	35.230986314309995
11.890346570703212	8.001783830070707	35.23987548594715
11.779851518595628	7.741016755860902	35.237634174286036
11.66526954468624	7.483493188862639	35.22451249645874
11.546807870660029	7.229626481236589	35.20078280840737
11.42467903579368	6.979804549027309	35.166737506447284
11.299100039643365	6.73438901493698	35.122686796260716
11.1702914876916	6.493714566209157	35.06895645123861
11.038476745714165	6.2580885223495875	35.00588558097632
10.903881108294787	6.027790605314856	34.93382442938313
10.766730986538422	5.80307290294757	34.85313222032682
10.627253119619846	5.584160014840458	34.76417506704404
10.485673814360332	5.371249368478121	34.66732395974446
10.34221821656234	5.164511692441403	34.56295284396321
10.197109617354284	4.964091632655097	34.45143680030772
10.05056879731486	4.77010849711181	34.33315033433751
9.902813410667015	4.582657114200916	34.20846578344341
9.754057411356927	4.401808789688522	34.07775184577856
9.604510522375111	4.227612347521863	33.94137223456857
9.45437774923635	4.060095239942217	33.799684459507745
9.303858938115901	3.8992647128615894	33.653038735449464
9.153148378749833	3.7451090130717413	33.501777017236655
9.002434451843946	3.597598624579058	33.34623215829661
8.85189932040447	3.456687522176693	33.18672718955046
8.701718664106254	3.32231443125412	33.02357471426402
8.552061455548227	3.194404083779527	32.85707641368845
8.40308977701387	3.0728684613555495	32.68752265770451
8.254958676156447	2.957608017226164	32.515192214187785
8.107816058861474	2.848512870084176	32.34035205044326
7.961802617403898	2.7454639634834477	32.163257219809886
7.817051791911874	2.648334185584762	31.984150826397936
7.673689763069742	2.556989444848565	31.803264060881176
7.531835473942176	2.4712896981269283	31.620816300316346
7.391600678771861	2.3910899283910374	31.43701526508653
7.253090016596101	2.316241070057813	31.25205722625581
7.116401107541205	2.246590880546834	31.06612725686995
6.981624669681636	2.181984757303101	30.879399521026667
6.848844654396494	2.122266500065072	30.692037594866832
6.718138398212981	2.0672790186392067	30.504194813989876
6.589576789194549	2.0168649868646464	30.31601464216771
6.4632244460090105	1.9708674438170155	30.127631056614426
6.33913990789602	1.9291303436110248	29.93916894545604
6.2173758338435885	1.8914990554213864	29.750744513431744
6.097979209376401	1.8578208155534446	29.562465692238234
5.980991559456084	1.8279451335636765	29.374432552301588
5.866449166091667	1.8017241545586942	29.1867377131204
5.754383289356427	1.779012979893713	28.999466749666826
5.644820390604099	1.7596699485515668	28.812698592656588
5.537782356775691	1.7435568815155507	28.626505920809116
5.433286724781608	1.7305392914558493	28.440955543504856
5.3313469050341284	1.720486560034286	28.256108772510956
5.231972403295184	1.7132720850990804	28.07202178169459
5.13516904008836	1.7087733999922379	27.88874595386629
5.040939167004856	1.7068722671304466	27.7063282140995
4.949281879310354	1.7074547479482003	27.52481134905717
4.8601932243323445	1.7104112512114085	27.344234312021094
4.773666405175627	1.7156365616230642	27.164632513465758
4.689691979377376	1.7230298505514012	26.98603809714693
4.6082580521736665	1.7324946706168074	26.808480201789493
4.529350464104334	1.7439389357779576	26.63198520855564
4.452952972734295	1.7572748884613896	26.456576974557926
4.379047428316666	1.7724190551829913	26.28227705275177
4.307613943266629	1.7892921920153715	26.109104898601267
4.23863105535435	1.807819221162638	25.937078063959195
4.172075884561244	1.8279291598141825	25.766212378640084
4.107924283576355	1.8495550423621556	25.596522120193953
4.046150981939033	1.8726338369836695	25.428020172409802
3.9867297238605026	1.8971063575086258	25.260718173092645
3.929633399779888	1.922917171417874	25.094626651664928
3.874834171731247	1.950014504743813	24.929755157146722
3.822303592616293	1.978350144576971	24.7661123770672
3.7720127194933633	2.0078793398173325	24.603706247854255
3.7239322210067534	2.038560700748401	24.44254405723974
3.678032479092326	2.0703560979548215	24.282632539206123
3.63428368510532	2.1032305610508546	24.123977961987077
3.5926559305238706	2.1371521776375375	23.966586209616406
3.5531192923890624	2.1720919928594675	23.810462857504824
3.5156439136472555	2.2080239098891554	23.655613242504785
3.480200078564052	2.244924591627117	23.502042527903257
3.4467582833824952	2.2827733638684498	23.34975576376441
3.4152893023994575	2.3215521201526337	23.19875794302312
3.3857642496349856	2.3612452284816765	23.049054053710393
3.3581546362693526	2.401839440062462	22.900649127672477
3.332432424021554	2.443323800202517	22.75354828612537
3.308570074641487	2.4856895614637193	22.607756782367446
3.286540595685881	2.5289300991558075	22.463280041954537
3.2663175827452906	2.5730408292309592	22.320123700623306
3.247875258286346	2.6180191286215173	22.178293640231924
3.2311885072698465	2.663864258045609	22.0377960229702
3.216232909701233	2.710577287289641	21.898637324074834
3.2029847702659	2.758161022961705	21.76082436327152
3.1914211451970886	2.806619938696924	21.62436433515004
3.1815198665194844	2.855960107783332	21.489264838665715
3.1732595638065937	2.9061891381657694	21.355533905947357
3.1666196835849187	2.9573161097751113	21.223180030579638
3.161580506512729	3.009351514120354	21.092212195517348
3.1581231624558326	3.0623071960727275	20.962639900777514
3.1562296435773303	3.1161962977630786	20.834473191045323
3.155882815552901	3.171033204505979	20.707722683321407
3.1570664270175812	3.2268334926571915	20.582399594729146
3.1597651173444423	3.2836138793048524	20.458515770592278
3.163964422849987	3.34139217368874	20.336083712885344
3.16965078151551	3.40018723023589	20.215116609153554
3.1768115363080387	3.4600189030955573	20.095628361991498
3.185434937178904	3.520908002051312	19.977633619164124
3.1955101418124174	3.5828762496831	19.861147804447405
3.2070272151915797	3.645946239646952	19.74618714926128
3.219977128042137	3.7101413959349876	19.63276872516258
3.2343517542108575	3.7754859329739627	19.520910477260102
3.250143867028391	3.8420048164157063	19.410631258609488
3.2673471347015415	3.9097237244676153	19.301950865641736
3.285956114774293	3.97866900960654	19.19489007467456
3.305966247691603	4.04886766051473	19.089470679550917
3.3273738494943617	4.120347264070821	18.985715530445578
3.350176103668564	4.1931359672237765	18.883648573875906
3.3743710521663575	4.267262438572378	18.783294893948216
3.3999575856110322	4.342755829466653	18.684680754867294
3.4269354326926997	4.419645734442157	18.58783364473116
3.4553051487558117	4.4979621507914205	18.492782320628656
3.4850681035743447	4.577735437070996	18.39955685505136
3.5162264683048154	4.65899627033529	18.308188683626287
3.548783201601648	4.741775601881377	18.218710654169453
3.5827420348741414	4.826104611282413	18.131157077053064
3.618107456658191	4.91201465847867	18.045563776872804
3.6548846960705417	4.9995372336881605	17.961968145392845
3.6930797053075093	5.088703904890623	17.88040919573778
3.732699141144105	5.179546262629761	17.800927617791462
3.773750345383774	5.272095861870564	17.723565834751923
3.816241324202823	5.36638416063929	17.648368060780548
3.860180726327685	5.4624424551650845	17.575380359670685
3.905577819976949	5.560301811232777	17.504650704447737
3.952442468493665	5.659992991446822	17.436229037797954
4.000785104587399	5.761546378097681	17.3701673332064
4.050616703099065	5.864991891312456	17.306519656667092
4.101948752194717	5.970358902161729	17.245342228809427
4.154793222888531	6.077676140386837	17.18669348726316
4.209162536788052	6.186971596401921	17.1306341490622
4.265069531948304	6.298272417217346	17.07722727286245
4.322527426714815	6.411604795923605	17.026538320721993
4.381549781428584	6.526993854367318	16.978635219163273
4.442150457859653	6.644463518645422	16.933588419205538
4.504343576228816	6.7640363870379625	16.891470955022328
4.568143469670797	6.88573358999686	16.85235850084253
4.633564635985519	7.009574641805622	16.816329425674855
4.700621686517725	7.135577283524635	16.78346484539409
4.769329291998984	7.263757316838516	16.75384867168325
4.839702125180207	7.394128428426208	16.72756765727851
4.911754800077497	7.52670200448231	16.704711436913463
4.985501807648406	7.661486935027382	16.685372563306494
5.06095744771131	7.798489407659811	16.669646537478418
5.138135756916515	7.93771269041995	16.657631832628535
5.217050432573859	8.079156903459502	16.64942991073498
5.297714752139156	8.222818779237548	16.645145230980045
5.380141488160281	8.368691410998828	16.644885249033198
5.464342818482588	8.516763989329386	16.64876040615407
5.550330231513775	8.667021526631743	16.65688410700464
5.638114426350919	8.819444569418138	16.669372684984744
5.727705207575221	8.974008898382799	16.686345353828536
5.81911137452578	9.130685216287915	16.707924144121357
5.912340604870388	9.289438823780108	16.734233823317936
6.00739933230137	9.450229283348886	16.765401797764177
6.104292618196629	9.613010071744695	16.801557995147203
6.203024017100169	9.777728221291202	16.842834725722046
6.303595435894497	9.944323950658964	16.88936652059028
6.406006986558344	10.112730285813305	16.9412899452366
6.51025683242834	10.282872672011091	16.99874338646605
6.616341027911287	10.454668577896417	17.06186681082748
6.724253351626719	10.628027092938389	17.130801492561123
6.833985132997704	10.80284851966506	17.205689709071326
6.945525072349972	10.97902396237382	17.286674401901355
7.058859054627335	11.156434914243038	17.37389880117841
7.1739699568849415	11.334952845031802	17.46750601150635
7.290837449781887	11.514438791834367	17.56763855731418
7.409437793359536	11.694742955650467	17.674437885721524
7.52974362746521	11.875704306845664	17.788043825064392
7.651723757259677	12.057150202901662	17.90859399733564
7.77534293433254	12.238896022194949	18.03622318294018
7.900561634043596	12.420744817892864	18.171062636348747
8.027335829807486	12.602486996412257	18.313239351458115
8.15561676514798	12.783900025249979	18.462875275737215
8.285350724461303	12.96474817535489	18.620086472556252
8.416478803549365	13.144782303569356	18.78498223146757
8.548936681112265	13.323739681017575	18.957664126635382
8.682654392521927	13.50134387364858	19.138225024096677
8.817556107338053	13.677304681451	19.326748039083878
8.953559912169272	13.851318143132039	19.52330544524931
9.090577600629302	14.023066613290801	19.72795753830774
9.228514472286049	14.192218919302693	19.940751457353834
9.367269142648018	14.35843060525527	20.161719967912635
9.506733366379702	14.521344270330761	20.390880211647488
9.646791876080512	14.680590009000955	20.628232428573043
9.7873222390979	14.835785960273697	20.87375865859563
9.92819473497304	14.986538972996186	21.12742143022341
10.069272256234711	15.132445393866705	21.38916244534683
10.210410235357466	15.273091984317745	21.658901270068935
10.351456600783697	15.408056971801983	21.93653404265662
10.492251764971273	15.536911240226363	22.221932210770422
10.632628647464188	15.659219663328539	22.514941311191055
10.772412735989942	15.774542583667621	22.815379806275892
10.911422188560143	15.882437438602722	23.12303799232368
11.049467979487197	15.982460533156901	23.4376769958783
11.186354092124038	16.074168958010482	23.75902787473006
11.321877760982776	16.157122649042343	24.08679084094797
11.455829765690137	16.230886582851806	24.42063462367267
11.587994778987198	16.295033100559657	24.760195989580662
11.718151770677194	16.34914434992557	25.105079438868618
11.846074469066762	16.392814833456875	25.45485709427464
11.971531881031613	16.425654047750086	25.80906880002235
12.094288871365487	16.44728919683899	26.16722244661531
12.214106801547285	16.457367959865284	26.52879453611609
12.330744227482779	16.455561290985045	26.893231000888658
12.443957655149566	16.44156622713076	27.259948286759748
12.553502352405728	16.41510867711964	27.62833470917651
12.659133214514803	16.37594616369243	27.9977520881943
12.760605680202545	16.323870488444125	28.36753766504485
12.85767669430573	16.258710288328352	28.73700629964394
12.95010571230885	16.18033345153794	29.10545294473235
13.037655741301924	16.08864936014174	29.472155388447838
13.120094411147802	15.983610926938429	29.83637725306892
13.197195068932274	15.865216394613974	30.1973712335144
13.268737889099283	15.733510866492457	30.554382555002267
13.334510991063093	15.588587539968648	30.90665262515745
13.394311555553108	15.430588616111832	31.253422851896897
13.447946930499986	15.259705861925346	31.593938594707137
13.495235716926484	15.076180805313392	31.92745321355305
13.536008825076372	14.880304546905274	32.25323217671343
13.57011049091122	14.672417177457111	32.57055718642188
13.59739924313369	14.45290679452994	32.87873027936273
13.617748811066397	14.222208117437164	33.17707785791647
13.63104896402949	13.980800704967873	33.46495460761489
13.63720627331842	13.729206786019239	33.741747256589356
13.636144788483906	13.467988718891775	34.00687813390277
13.627806620353084	13.197746100494557	34.25980848554683
13.612152424094749	12.919112551957959	34.50004150953754
13.5891617766116	12.632752212032496	34.72712507492342
13.558833443622643	12.339355974057629	34.94065409356689
13.521185532962997	12.039637506113063	35.140272518194294
13.476255531856244	11.734329097122648	35.325674945343586
13.4241002271853	11.424177374102134	35.49660780736056
13.364795509079705	11.109938937372094	35.65287014338613
13.29843605942641	10.792375961358003	35.794313945218704
13.225134928176105	10.472251808569593	35.92084407989161
13.145023001534886	10.150326703491245	36.032417796654975
13.05824836728019	9.827353511459995	36.129043831668206
12.964975583502872	9.50407366521116	36.210781128977516
12.865384858034975	9.181213278696303	36.27773720117288
12.759671146661352	8.8594794841106	36.33006615739846
12.64804317892185	8.539557023905259	36.367966430057756
12.530722420879233	8.222105125005177	36.39167823455591
12.407941984652894	7.9077546776189545	36.40148079871997
12.279945494794804	7.597105736022345	36.39768940011747
12.146985921715856	7.290725353636017	36.38065225035599
12.009324392360393	6.989145759706873	36.35074726561161
11.867228988179157	6.692862880033884	36.308378762136655
11.720973540178957	6.40233519955331	36.25397411438773
11.570836430439957	6.11798296028567	36.187980411753884
11.417099408998638	5.840187684207743	36.11086114772104
11.260046434415576	5.569292007110085	36.02309297276003
11.099962545694408	5.305599806463775	35.92516253935161
10.937132772504263	5.049376603768717	35.81756346444194
10.771841089902463	4.800850219807777	35.70079343133843
10.604369422970045	4.560211659679095	35.57535144968466
10.434996705971653	4.32761620340628	35.44173528876361
10.263997999852306	4.103184677317772	35.300439096040385
10.091643671093712	3.8870048812033065	35.15195120962308
9.918198634184465	3.6791331464619947	34.99675217024344
9.743921659224648	3.479596001015272	34.83531293548247
9.569064745487305	3.2883919176143803	34.668093296315604
9.39387256111032	3.105493123288717	34.49554049365815
9.218581948494732	2.9308474490068543	34.31808803046711
9.043421494440135	2.7643802001079045	34.13615467310631
8.868611163563838	2.6059960296706017	33.95014363411509
8.694361993122916	2.4555807986733114	33.760441927227895
8.520875846988789	2.3130034085246005	33.56741988446335
8.348345226214475	2.1781175932800223	33.37143082432742
8.176953133379891	2.050763660573269	33.17281085963486
8.006872987697658	1.930770171953941	32.971878833126844
7.838268587712685	1.817955554922699	32.76893636893462
7.671294118323787	1.7121296404654922	32.564268027980624
7.5060941987941465	1.6130951213020546	32.35814155560116
7.34280396839711	1.5206489273711068	32.15080820999785
7.181549206354529	1.4345835162658236	31.9425031605509
7.022446482770458	1.354688077410411	31.733445945543725
6.865603337333358	1.2807496497271444	31.523840979430705
6.711118482652625	1.212554153386036	31.31387810041061
6.559082029208001	1.1498873369605513	31.103733149734495
6.409575729018643	1.092535641936547	30.89356857486263
6.26267323527975	1.0402869870441942	30.683534049278904
6.118440375362301	0.9929314753096047	30.473767102457916
5.976935434728316	0.950262027063815	30.26439375415751
5.838209449474396	0.9120749424078309	30.055529147866363
5.702306505377244	0.8781703968212962	29.847278178864933
5.569264041477018	0.8483528737276871	29.63973611295752
5.439113156393158	0.8224315378973526	29.432989192495576
5.311878915725086	0.8002205535895648	29.227115226840876
5.187580659042127	0.7815393513118071	29.022184164904782
5.0662323051134734	0.7662128470158265	28.818258647847667
4.947842654170007	0.7540716174615357	28.615394540431883
4.832415686124406	0.7449520353670235	28.41364143989263
4.719950853803284	0.7386963678305448	28.213043161523874
4.610443370364226	0.735152841362928	28.013638200471416
4.503884490183242	0.7341756767104716	27.815460169487135
4.4002617826031445	0.7356250964823745	27.61853821262764
4.299559398030821	0.7393673084260697	27.422897395078916
4.2017583259606095	0.7452744670211596	27.22855906945713
4.106836644583867	0.7532246158902203	27.035541219079366
4.014769761721081	0.7631016133542169	26.84385877881854
3.9255306468810716	0.7747950432933483	26.65352393425273
3.8390900543146484	0.7882001133119217	26.464546399897387
3.755416736986959	0.8032175420492592	26.276933677369772
3.674477651442784	0.8197534373285769	26.090691294377887
3.5962381535843764	0.8377191666926478	25.905823025456588
3.5206621854221667	0.8570312217390784	25.722331095392967
3.447712452893523	0.8776110775397727	25.540216366289236
3.3773505948760314	0.8993850483083794	25.35947850921035
3.3095373435486297	0.9222841403663843	25.180116161353805
3.244232676277145	0.9462439033528598	25.002127069663107
3.181395959220818	0.971204280524438	24.8255082217856
3.120986082872668	0.9971094589009339	24.650255965248572
3.0629615897603295	1.0239077199276478	24.4763661156981
3.0072807945454008	1.0515512912473954	24.303834055013674
2.953901896768019	1.079996200103666	24.13265482007718
2.902783086489959	1.109202128830579	23.962823182938983
2.8538826430940882	1.1391322728252096	23.794333723086623
2.8071590275015064	1.1697532013426355	23.62718089248625
2.7625709680689416	1.201034721404005	23.461359074029186
2.7200775404289645	1.2329497450625053	23.296862633978876
2.6796382415347413	1.2654741602306185	23.133685968978202
2.6412130581688977	1.2985867052346785	22.971823548141828
2.604762530172899	1.3322688472290292	22.81126995072365
2.5702478086496923	1.3665046645715486	22.652019899817116
2.5376307093877277	1.4012807332350081	22.494068292514097
2.5068737617493224	1.4365860173042653	22.33741022691756
2.477940253260923	1.4724117635871552	22.18204102637538
2.4507942701365093	1.5087514003476676	22.02795626127405
2.425400733959246	1.5456004401523564	21.87515176870626
2.4017254347397667	1.5829563868055838	21.72362367030176
2.3797350605625125	1.6208186463356826	21.57336838848755
2.3593972240247516	1.65918844198181	21.424382661423486
2.340680485665494	1.6980687331210953	21.276663556837953
2.3235543745745084	1.7374641380661795	21.130208484971106
2.3079894063643107	1.7773808606552952	20.985015210815757
2.2939570986806657	1.8178266205503006	20.841081865829523
2.28142998442007	1.858810587151697	20.69840695927895
2.270381622815316	1.900343317034938	20.556989389361505
2.260786608543191	1.942436694807841	20.41682845423979
2.2526205790013507	1.985103877285121	20.27792386311181
2.2458602198944173	2.0283592408731597	20.140275747430316
2.2404832692625294	2.0722183320555074	20.0038846723757
2.2364685200789074	2.1166978208674614	19.868751648678735
2.2337958215363822	2.1618154572464277	19.73487814488204
2.2324460791364245	2.2075900301433955	19.602266100122726
2.232401253687921	2.2540413292796573	19.470917937513168
2.2336443593167963	2.301190109432158	19.340836578191393
2.2361594605815767	2.3490580571299837	19.212025456108787
2.2399316687841573	2.397667759644183	19.084488533618213
2.2449471375593126	2.44704267615236	18.958230317923242
2.2511930578209394	2.4972071109592275	18.83325587844585
2.2586576521376194	2.5481861886539483	18.709570865167677
2.2673301686047687	2.600005831084368	18.587181527998712
2.277200874275537	2.65269273602821	18.466094737224747
2.2882610482075787	2.706274357440366	18.346318005084633
2.3005029741779075	2.7607788871548715	18.227859508527295
2.313919933113303	2.816235237919474	18.110728113197556
2.328506195279007	2.8726730276394594	17.99493339870001
2.344257012263901	2.9301225647063465	17.880485685189868
2.361168608795853	2.988614834285669	17.76739606133963
2.3792381744165323	3.0481814854363245	17.65567641373079
2.3984638550406343	3.1088548189321017	17.545339457720047
2.4188447444201846	3.1706677756536052	17.43639876983003
2.440380875530309	3.233653925416151	17.328868821715247
2.463073211888875	3.297847456096833	17.222765015753346
2.4869236388180265	3.3632831629199007	17.11810372231374
2.5119349546514873	3.4299964377559258	17.014902318755784
2.53811086188765	3.498023258286808	16.913179230207977
2.5654559582839958	3.5674001768831043	16.81295397218153
2.593975727884461	3.638164309035703	16.714247195070666
2.623676531967057	3.7103533211779496	16.617080730592605
2.6545655998948083	3.7840054177281313	16.521477640219903
2.6866510198488833	3.859159327175828	16.42746226565696
2.7199417294182977	3.9358542870280058	16.335060281412233
2.754447506016094	4.0141300274228	16.244298749516442
2.79017895708745	4.094026753210662	16.155206176435282
2.827147510070432	4.175585124293206	16.067812572223303
2.8653654020651587	4.258846233999892	15.982149511963437
2.904845669162432	4.343851585272711	15.898250199532828
2.9456021353775466	4.430643064417163	15.81614953373255
2.9876494011296577	4.519262912165812	15.735884176814123
3.031002831201757	4.609753691788203	15.657492625430047
3.075678542110469	4.702158253967122	15.581015284029737
3.1216933888088914	4.796519698146694	15.506494540714819
3.16906495063962	4.892881330042888	15.43397484555932
3.217811516448498	4.991286614990798	15.36350279139076
3.2679520687631256	5.0917791267866885	15.295127197016972
3.3195062669329505	5.194402491664963	15.22889919287113
3.3724944291205396	5.2992003270321435	15.16487230903328
3.426937513025976	5.406216174560885	15.103102565570655
3.482857095218583	5.515493427227879	15.04364856512103
3.5402753489415555	5.6270752498585	14.986571587623551
3.5992150202467825	5.7410044927209345	14.931935687078814
3.6596994023081706	5.857323597691203	14.87980779019496
3.7217523077521775	5.976074496488269	14.8302577967492
3.785398038835041	6.0972985004574145	14.783358681463003
3.8506613552861255	6.221036181357925	14.739186597155438
3.917567439626322	6.347327242588971	14.697820978901865
3.986141859759945	6.476210380266215	14.659344648883977
4.056410528627738	6.60772313354087	14.623843921571984
4.128399660697448	6.741901723532742	14.59140870883038
4.202135725056829	6.8787808802293755	14.56213262448484
4.277645394862603	7.018393656686361	14.536113087828925
4.35495549288702	7.160771229847901	14.513451425485325
4.434092932891896	7.3059426872935	14.494252970967082
4.515084656548296	7.453934799206506	14.478627161209069
4.597957565608163	7.604771774852974	14.466687629259058
4.6827384490226995	7.758475002856744	14.458552292230392
4.769453904691381	7.91506277455922	14.45434343352454
4.858130255514316	8.074549989759598	14.454187778231478
4.948793459410589	8.236947844145822	14.45821656050863
5.04146901295604	8.402263497749162	14.466565581624955
5.136181848285446	8.570499723785824	14.479375257235713
5.23295622289702	8.74165453729008	14.496790652325478
5.331815601990752	8.915720802994032	14.518961502122059
5.4327825329691635	9.092685821975488	14.546042217142688
5.535878511726761	9.272530896673322	14.578191870386338
5.641123840354576	9.455230873963234	14.61557416453264
5.748537475890273	9.640753666099927	14.658357376849814
5.858136869750703	9.82905974946233	14.706714279351763
5.969937797493536	10.020101641189793	14.760822031579016
6.0839541785698685	10.21382335397354	14.82086204321158
6.20019788574922	10.410159829468734	14.88701980355534
6.318678543922139	10.609036351018423	14.95948467477866
6.439403318016445	10.810367936638027	15.03844964561573
6.562376689801478	11.01405871349893	15.12411104210102
6.6876002233980065	11.220001275469004	15.21666819175602
6.8150723193648926	11.428076025625664	15.316323037521443
6.944787957295704	11.638150506051286	15.42327969761848
7.076738426928503	11.850078717650385	15.537743967434507
7.2109110478547915	12.063700433200669	15.659922759470488
7.347288878006271	12.278840507360314	15.790023477361979
7.485850411202699	12.49530818790421	15.928253320000563
7.626569264162493	12.712896433053123	16.074818511845457
7.7694138535089445	12.931381240388328	16.229923455632395
7.914347063449521	13.150520993507465	16.39376980386585
8.0613259049678	13.370055833277817	16.56655544573408
8.210301167541305	13.589707061266317	16.748473406416323
8.36121706458926	13.809176583673832	16.939710656172227
8.514010874062226	14.02814640486686	17.140446827124897
8.66861257580592	14.246278180366913	17.350852836275273
8.824944487568667	14.463212839922518	17.571089414030215
8.98292090177296	14.678570292035099	17.801305538397337
9.142447725435455	14.891949222022385	18.04163677600227
9.303422125896274	15.102926996366559	18.292203532228775
9.465732185302999	15.311059686685237	18.553109214068904
9.629256567087605	15.515882227163916	18.824438310706945
9.793864197972077	15.716908719673532	19.106254398446847
9.959413969334365	15.913632901036632	19.398598078321598
10.125754462060096	16.10552878697749	19.701484856594742
10.29272369929131	16.292051507164324	20.014902980367438
10.460148931750643	16.472638345389058	20.33881124261612
10.627846460570595	16.646709998312026	20.673136773200948
10.795621502777983	16.81367206528527	21.017772834665244
10.963268104768465	16.972916780532685	21.37257664396374
11.13056910924909	17.123824997383494	21.737367243578404
11.297296181214243	17.265768432297534	22.111923447750325
11.463209898549053	17.398112174074132	22.495981891734537
11.628059912810851	17.52021746088326	22.889235214006046
11.791585185614604	17.63144472459344	23.291330403145267
11.953514305837142	17.731156898302505	23.701867342649994
12.113565892543468	17.818722979014122	24.120397588073168
12.271449088122733	17.893521833075795	24.546423411604962
12.42686414559417	17.954946227340557	24.979397149425782
12.579503113398026	18.002407064089482	25.41872088677692
12.729050620220573	18.03533779262467	25.86374651465693
12.875184761516138	18.053198965198398	26.3137761902964
13.017578088381457	18.055482899682264	26.768063231029082
13.155898698314969	18.041718406215963	27.22581346782907
13.2898114261636	18.011475530135954	27.686187080597715
13.418979132231025	17.964370258907213	28.14830093224928
13.543064083112371	17.900069136713064	28.611231412790005
13.661729419345198	17.81829372694805	29.074017797941064
13.774640702451173	17.718824860256312	29.535666119506253
13.881467532409983	17.60150660410655	29.99515353671939
13.981885225085128	17.466249889328044	30.451433189351636
14.075576537642737	17.31303572966621	30.903439504573868
14.162233428602475	17.141917972342952	31.350093920634404
14.241558837866641	16.953025520893885	31.79031098152235
14.313268470925921	16.746563976232636	32.22300474816602
14.377092570472698	16.522816647952755	32.64709546359857
14.432777657895508	16.282144895277952	33.06151640213308
14.480088226613155	16.024987765717427	33.46522082616729
14.518808368959213	15.751860909239685	33.85718896900472
14.548743318367329	15.463354756472969	34.23643495822548
14.56972088895037	15.16013196085549	34.60201359184299
14.581592795220049	14.842924116547714	34.95302687887193
14.58423583565921	14.512527775998645	35.28863025710667
14.57755292512803	14.169799803046752	35.608038403890966
14.561473962644227	13.815652109017417	35.910530560454895
14.535956522901852	13.45104583015936	36.195455296921814
14.500986361953013	13.076985014648805	36.462234653232045
14.456577729734741	12.694509896018223	36.71036760081207
14.402773484535382	12.304689836999414	36.939432780621615
14.33964500701396	11.908616033221938	37.149090484970884
14.267291913960525	11.507394069832497	37.3390838629282
14.185841574562291	11.102136425809912	37.509239341922324
14.095448434466983	10.693955020520105	37.65946627095874
13.99629315535962	10.283953894910415	37.789755803399224
13.888581580041619	9.873222115764381	37.90017904919243
13.772543535080615	9.462826985777422	37.990884537502595
13.648431484943686	9.053807635039943	38.062095040620655
13.516519053106439	8.647169061062428	38.114103818643095
13.377099426919624	8.243876674992858	38.14727035150893
13.230483663998296	7.84485140143783	38.16201563048195
13.076998918565684	7.450965368580316	38.15881708499405
12.916986606536279	7.0630382143769825	38.13820322291649
12.750800528166094	6.681834023783077	38.10074806284048
12.57880496684717	6.308058901446153	38.04706543590956
12.401372782097711	5.94235917435641	37.97780323227706
12.218883514024293	5.585320209735915	37.89363766351625
12.031721515540346	5.2374658251554225	37.795267607467274
11.84027412744333	4.899258260596543	37.68340909625722
11.644929910121155	4.571098676022945	37.558790001781524
11.446076944210446	4.2533281330281	37.42214496599092
11.24410121099606	3.9462290152925026	37.27421061608438
11.039385061766225	3.6500268399044336	37.11572109735799
10.832305783742477	3.364892410006962	36.94740394916857
10.623234268623754	3.090944258668033	36.7699763423948
10.41253378824764	2.828251334239159	36.58414169005008
10.200558880395434	2.5768358786569587	36.390586636423095
9.987654346376418	2.3366764520448178	36.189978424381756
9.774154360732942	2.10771105946618	35.982962635332115
9.560381692226315	1.8898403386510447	35.77016129181673
9.346647034200931	1.682930770845134	35.55217130888391
9.133248441483648	1.486817880505767	35.32956327715882
8.92047087016126	1.301309393291028	35.102880557984605
8.708585815894512	1.1261883255714287	34.872638669054695
8.497851045860665	0.9612159824469335	34.63932493757643
8.288510418967158	0.8061348449133962	34.40339839714974
8.08079378864582	0.6606713303382385	34.165289904166386
7.874916982300968	0.5245384137207286	33.925402449568374
7.671081851346342	0.397438100300934	33.68411164220137
7.469476385713445	0.2790637429162965	33.44176634070202
7.2702748867338105	0.1691022000679299	33.19868941180783
7.07363819238763	0.06723583294777666	32.95517859413124
6.879713949054414	-0.026855658312544505	32.71150744773888
6.688636924094366	-0.11349355717090447	32.46792637128677
6.500529353820915	-0.1929986085040483	32.22466366993888
6.315501321686094	-0.2656896470303234	31.981926658805268
6.133651161785466	-0.3318823706207869	31.73990278814849
5.955065883092685	-0.391888252007866	31.498760778100134
5.779821610146907	-0.4460135818088454	31.25865175207953
5.60798403623245	-0.4945586353635732	31.019710359494752
5.439608885409915	-0.5378169556200327	30.78205587962655
5.274742380074079	-0.5760747441698774	30.54579329983477
5.113421711021468	-0.6096103525200228	30.31101436237584
4.955675507310843	-0.6386938657671742	30.077798575180346
4.801524303486791	-0.6635867710043702	29.846214182904802
4.65098100201176	-0.6845417030163456	29.616319095446173
4.504051329012342	-0.7018022601006187	29.388161771891163
4.360734281689151	-0.7156028831715113	29.161782058565592
4.221022565968696	-0.7261687916535476	28.937211980460646
4.084903023189162	-0.733715970039735	28.714476485846006
3.9523570448067455	-0.7384511993711885	28.493594144335027
3.8233609742909835	-0.7405721282799609	28.27457779905801
3.6978864955421296	-0.7402673786215114	28.057435173925192
3.575901007312394	-0.7377166811019423	27.84216943722748
3.457367983250581	-0.7330910366741465	27.628779723043237
3.3422473173092606	-0.7265528998334254	27.417261612085664
3.2304956543631174	-0.718256380284442	27.207607573754785
3.1220667059847687	-0.7083474597761404	26.999807371251883
3.016911551408311	-0.6969642212080911	26.79384843167159
2.9149789237867565	-0.6842370874001499	26.58971618302129
2.816215481913744	-0.6702890671868073	26.387394360124244
2.720566067636546	-0.6552360067483871	26.186865281352087
2.627973949235718	-0.6391868443235457	25.988110098104634
2.538381051086537	-0.6222438666615914	25.79110901891072
2.451728169951022	-0.60450296576981	25.59584150996969
2.3679551782780193	-0.5860538946912003	25.402286473892204
2.287001214910097	-0.5669805212120773	25.21042240832737
2.2088048636132775	-0.5473610785481973	25.020227546087995
2.133304319859043	-0.5272684121933604	24.831679978308255
2.0604375462963977	-0.5067702222363808	24.644757762085888
1.9901424173575466	-0.4859293005622259	24.45943901397933
1.92235685344354	-0.4648037624518307	24.275701990648976
1.8570189451354715	-0.44344727218312113	24.09352515784868
1.7940670678749218	-0.4219092623145999	23.91288724889506
1.7334399875530093	-0.4002351464028364	23.733767313664348
1.6750769574407645	-0.3784665249670006	23.5561447590896
1.6189178068864931	-0.35664138456847105	23.37999938205953
1.5649030221969862	-0.334794289921697	23.205311395550346
1.5129738201095162	-0.31295656899466184	23.032061448754998
1.463072214251274	-0.29115649109425296	22.86023064191192
1.4151410749714066	-0.2694194379637722	22.68980053647477
1.3691241829192633	-0.2477680679475771	22.520753161208983
1.3249662767304131	-0.2262224733016885	22.35307101474833
1.2826130951694596	-0.20480033074945875	22.18673706509488
1.242011414066049	-0.1835170453985714	22.02173474649925
1.203109078368066	-0.1623858881502095	21.858047954115968
1.165855029623306	-0.1414181267432168	21.69566103678925
1.1301993291880326	-0.12062315058573177	21.534558788286297
1.0960931774485974	-0.10000858953478618	21.374726437262638
1.0634889293298377	-0.07958042679046438	21.21614963621236
1.032340106351762	-0.059343106075841	21.05881444962743
1.0026014054841834	-0.03929963327728008	20.902707341564398
0.9742287050371391	-0.01945167272174547	20.747815162792435
0.9471790678136889	0.00020036173100486024	20.594125137675675
0.9214107417403755	0.019657220603364195	20.441624850922217
0.8968831581799399	0.038920737544472894	20.290302234314826
0.8735569281204653	0.05799375272814489	20.140145553522775
0.851393836424771	0.07688004072977403	19.99114339507868
0.8303568343141848	0.09558424271009854	19.84328465359182
0.8104100302513205	0.11411180273647727	19.69655851925777
0.7915186793773972	0.1324689080754019	19.550954465714238
0.77364917165075	0.15066243329347678	19.40646223828316
0.7567690188247193	0.16869988800780888	19.26307184263093
0.7408468403950784	0.18658936813056198	19.120773533872157
0.725852348639347	0.20433951045652435	18.97955780613612
0.7117563328627973	0.22195945044683585	18.83941538260878
0.6985306429588835	0.23945878306629964	18.700337206059093
0.6861481723850139	0.2568475265360802	18.56231442985436
0.6745828406480562	0.2741360888680678	18.4253384094658
0.6638095753877756	0.2913352370516444	18.28940069446281
0.6538042941403995	0.30845606876822895	18.15449302099088
0.6445438858590111	0.3255099865132801	18.020607304727644
0.6360061922620593	0.34250867400998175	17.88773563430934
0.6281699890761464	0.3594640748033765	17.755870265217965
0.6210149672345076	0.3763883729279766	17.625003614119453
0.6145217140879738	0.39329397554634693	17.495128253641578
0.6086716946809517	0.41019349746027894	17.36623690758102
0.6034472331407813	0.4270997474005887	17.238322446527178
0.598831494225044	0.4440257160055328	17.1113778838916
0.5948084650677233	0.46098456540194516	16.98539637233141
0.5913629371616702	0.47798962030723163	16.860371200554933
0.5884804886116346	0.4950543605741152	16.736295790498687
0.5861474666890698	0.5121924151038177	16.613163694865428
0.5843509707170585	0.5294175570570885	16.490968595012852
0.5830788353110405	0.5467437002960934	16.369704299183134
0.5823196139985383	0.5641848969935276	16.249364741064888
0.5820625632387179	0.5817553363487601	16.129943978679385
0.5822976268604464	0.5994693443540958	16.01143619358349
0.5830154209354709	0.6173413845573789	15.893835690382677
0.5842072191014549	0.6353860597701951	15.777136896548557
0.5858649383478416	0.6536181146738974	15.66133436253598
0.5879811252758899	0.6720524392785538	15.546422762195512
0.5905489428427104	0.6907040731925703	15.432396893478542
0.593562157597745	0.7095882106634646	15.319251679432604
0.5970151274188398	0.7287202063527816	15.206982169485595
0.6009027897538908	0.7481155818105496	15.095583541018666
0.6052206503729416	0.7677900326169922	14.98505110122859
0.6099647726346321	0.787759436161462	14.875380289281303
0.6151317672700095	0.8080398600308012	14.76656667875866
0.6207187826858633	0.8286475709811861	14.658605980402616
0.6267234957890073	0.8495990444695407	14.55149404516143
0.6331441033322825	0.870910974722508	14.445226867543324
0.6399793137824289	0.892600285322652	14.339800589284414
0.6472283397094541	0.9146841402932769	14.23521150333856
0.6548908906966114	0.9371799556647281	14.131456058198339
0.6629671667697105	0.9601054115066235	14.028530862556893
0.6714578523441092	0.9834784644118694	13.926432690321583
0.680364110687394	1.0073173604195451	13.825158485991818
0.6896875788954485	1.0316406483649243	13.724705370414819
0.6994303633794102	1.0564671936461272	13.625070646933763
0.7095950358608306	1.0818161923980107	13.526251807943842
0.7201846298720818	1.1077071860645804	13.428246541874183
0.7312026377590188	1.1341600763623698	13.331052740613641
0.7426530081827065	1.161195140627794	13.234668507400846
0.7545401441169911	1.1888330475423372	13.139092165199534
0.7668689013386021	1.2170948732299585	13.044322265582121
0.779644587406344	1.2460021177214649	12.950357598146377
0.7928729611260275	1.275576721781292	12.85719720049075
0.8065602324976546	1.3058410840922239	12.764840368776296
0.8207130631413895	1.3368180787938628	12.673286668904717
0.8353385671988088	1.3685310733707408	12.582535948343866
0.8504443127059519	1.401003946886041	12.492588348633793
0.8660383234346045	1.43426110855664	12.403444318608779
0.8821290811982776	1.4683275166650505	12.315104628372586
0.8987255286193444	1.5032286978035618	12.227570384066185
0.9158370723536277	1.5389907664450861	12.14084304347023
0.9334735867688736	1.5756404448350532	12.05492443248578
0.9516454180732633	1.6132050831974336	11.969816762540496
0.9703633888901869	1.651712680247436	11.885522648969175
0.9896388032753183	1.691191904002149	11.80204513042066
1.0094834521718268	1.7316721128790722	11.719387689346139
1.029909619299531	1.7731833770712897	11.637554273626254
1.0509300874733989	1.8157565001860456	11.556549319398295
1.0725581453466833	1.8594230411318913	11.4763777751474
1.0948075945736166	1.9042153362373755	11.397045127129308
1.1176927573861797	1.9501665215817903	11.318557426195955
1.1412284845791574	1.997310555516123	11.240921316098433
1.1654301638971105	2.045682241349251	11.164144063346093
1.1903137288163363	2.095317250171211	11.088233588704544
1.2158956677143482	2.146252143782004	11.013198500419186
1.2421930334186069	2.198524397690351	10.939048129255536
1.2692234531254478	2.252172424142524	10.865792565452033
1.2970051386792496	2.307235595136764	10.793442697685627
1.3255568972008789	2.3637542653735895	10.7220102541553
1.3548981420532265	2.4217697950865484	10.651507845893857
1.385048904130496	2.481324572692012	10.581949012423118
1.416029843456399	2.542462037189692	10.513348269873328
1.4478622610748912	2.6052267002383287	10.44572116169279
1.4805681112152895	2.669664167822856	10.37908431207957
1.5141700137117797	2.7358211614208354	10.313455482272591
1.5486912666551016	2.8037455385662406	10.248853629845527
1.5841558592519347	2.8734863126985175	10.185298971152687
1.620588484864963	2.9450936721736762	10.12281304708208
1.6580145542037048	3.0186189983018514	10.061418792277017
1.6964602086331706	3.0941148822627516	10.001140607993605
1.735952333564019	3.171635140736051	9.94200443876751
1.776518571884204	3.2512348300683933	9.88403785306935
1.818187337387986	3.332970258781696	9.8272701281341
1.8609878281539545	3.416898998209781	9.771732339155232
1.9049500398187842	3.5030798910304393	9.717457453040048
1.9501047786880736	3.591573057438701	9.664480426927916
1.9964836746203445	3.682439898685015	9.612838311677312
2.0441191936136596	3.775743097676676	9.562570360532353
2.093044650017826	3.8715466163147005	9.513718143182835
2.143294218287914	3.969915689209981	9.466325665434537
2.194902944186761	4.070916813391522	9.420439494708743
2.247906755335586	4.174617733586643	9.37610889159076
2.3023424710027838	4.281087422618043	9.333385947646617
2.3582478110106884	4.390396056424149	9.292325729725633
2.415661403629349	4.5026149831686695	9.252986430962835
2.4746227923149657	4.617816685862351	9.215429528689635
2.535172441137503	4.736074737872416	9.179719949453734
2.5973517387289196	4.857463750646522	9.145926241338632
2.661203000568495	4.982059312924569	9.114120753760018
2.7267694694063658	5.109937920656149	9.084379824899576
2.79409531360925	5.241176896781184	9.056783976916444
2.8632256231942494	5.375854299968069	9.031418119051814
2.934206403297515	5.514048821337249	9.008371758712501
3.007084564803513	5.655839668126922	8.987739220584418
3.0819079118385697	5.801306433183453	8.969619873785694
3.158725125808898	5.950528949081308	8.954118367021152
3.237585745637783	6.103587125594951	8.941344871644377
3.3185401438300723	6.260560769160502	8.931415332469316
3.401639497963651	6.421529382876201	8.92445172609992
3.4869357571771236	6.58657194549856	8.920582326462231
3.5744816031916318	6.755766667797685	8.919941977127726
3.6643304053705275	6.929190724537533	8.922672369908376
3.756536169285257	7.106919960248458	8.928922329081516
3.8511534782195334	7.289028566861766	8.938848100464803
3.948237427004392	7.475588731175291	8.95261364440716
4.047843547535027	7.666670250018433	8.970390931588398
4.1500277252809274	7.862340110894077	8.992360240327702
4.254846106055377	8.062662035778974	9.018710453886687
4.362354992265934	8.26769598567819	9.04963935601506
4.472610727822324	8.477497623451834	9.085353922724387
4.585669570831209	8.692117732363226	9.126070607986101
4.701587553160073	8.911601587742009	9.172015620731864
4.8204203259064275	9.135988279119049	9.223425190186754
4.942222989761038	9.36530998016974	9.280545816185674
5.067049909209318	9.59959116381016	9.343634500710719
5.194954509471368	9.838847759826121	9.412958956439969
5.3259890550395665	10.083086252484707	9.488797787615093
5.460204408637137	10.332302715692867	9.571440638017535
5.597649769386941	10.58648178342434	9.661188300287586
5.738372388953844	10.845595553352137	9.758352780230734
5.882417264405542	11.109602421903535	9.863257309131551
6.029826806527397	11.378445849306457	9.976236296439046
6.180640482326507	11.652053053626988	10.097635214500645
6.334894430476931	11.930333633328237	10.227810406313125
6.492621048486138	12.21317811850798	10.367128806528497
6.653848550412355	12.500456451721288	10.515967565213707
6.818600494030874	12.792016400167117	10.674713563120836
6.986895276440075	13.087681902031104	10.843762806492334
7.158745597219793	13.387251350946054	11.023519688720027
7.334157888405219	13.69049582386145	11.214396105510136
7.513131710725489	13.997157259120927	11.416810409602318
7.695659115783994	14.30694659324652	11.631186190575074
7.881723974123443	14.61954186681619	11.857950864861674
8.071301269434386	14.934586311916025	12.097534060838328
8.264356359536198	15.251686435955401	12.350365783766016
8.460844205181772	15.570410119140796	12.61687434550093
8.660708568220203	15.890284745615302	12.897484044282994
8.863881181201272	16.21079539117921	13.19261258061873
9.07028089111972	16.531383093585966	13.502668196336717
9.27981278068204	16.851443234637575	13.828046525369487
9.492367271235072	17.170324066648153	14.169127146759584
9.70781921232549	17.487325419258024	14.52626983285844
9.926026963756998	17.801697625999505	14.899810488733328
10.146831476980694	18.112640713374805	15.290056782482676
10.370055383687204	18.419303898417116	15.697283470530643
10.595502100556272	18.720785443660574	16.121727427063927
10.82295496025266	19.016132921028326	16.563582392622024
11.052176379928785	19.30434393823295	17.022993463484248
11.282907079673715	19.584367382700176	17.50005135088599
11.514865364527111	19.855105238630173	17.994786447241797
11.74774648482933	20.115415032419435	18.50716274540227
11.981222090766702	20.364112960085983	19.037071666423365
12.214939797968693	20.59997774739267	19.584325861276206
12.448522881884873	20.82175528886239	20.148653062217175
12.681570119363483	21.028164105638464	20.729690069947168
12.913655796335519	21.21790165401713	21.326976972987854
13.144329900723447	21.38965150632956	21.939951705578462
13.373118519595574	21.542091413592367	22.56794505951054
13.599524459124675	21.673902244940397	23.21017627328206
13.8230281050362	21.7837777823332	23.86574932834752
14.0430885398967	21.870435330489165	24.533650086603494
14.259144931765935	21.932627081649972	25.212744405140196
14.470618206373366	21.969152152898968	25.90177736321623
14.676913012066082	21.978869190757074	26.599373731952447
14.877419983305405	21.96070941416717	27.304039809010362
15.071518304459982	21.913689943368425	28.014166728162152
15.258578571087977	21.836927239279337	28.728035336972283
15.437965940863297	21.729650456658177	29.44382271468644
15.609043560847503	21.591214495365655	30.15961037690832
15.771176252029276	21.42111251843207	30.87339418395552
15.923734426062968	21.218987694243925	31.58309593634716
16.06609820306838	20.984643913893343	32.286576604290744
16.197661693360118	20.718055234372734	32.98165109912368
16.317837400226125	20.41937380451088	33.66610445443476
16.42606069555338	20.088936043814314	34.33770924423105
16.521794315387886	19.727266864958576	34.994244026335544
16.604532818600223	19.33508175856026	35.63351256261142
16.67380694888366	18.913286593750914	36.25336353505942
16.72918783849635	18.46297502934493	36.85171044975212
16.770290991601204	17.98542347714386	37.42655140023426
16.796779985860333	17.482083609909903	37.975988349610176
16.808369833160878	16.95457246031677	38.4982455869241
16.804829944002293	16.40466021205144	38.99168701923263
16.785986645126055	15.834255838387797	39.4548319761975
16.751725206333838	15.245390795103775	39.88636922895515
16.70199133998697	14.640201021727766	40.2851689589051
16.636792145229105	14.020907546043023	40.65029245398748
16.556196478309406	13.389796020064152	40.98099935869363
16.460334740253902	12.749195540070518	41.27675235792123
16.349398083268035	12.101457117890623	41.53721923201895
16.223637047371042	11.448932174991912	41.762272279028416
16.083359648579933	10.793951424979868	41.95198515822498
15.92892894920762	10.138804494214707	42.106627264628834
15.760760149270755	9.48572060517432	42.22665579539465
15.579317245397426	8.836850614005089	42.312705714306375
15.385109309816537	8.194250653836079	42.36557785869594
15.178686446861619	7.559867590443538	42.386225463020324
14.960635487858296	6.935526448490667	42.37573939447287
14.731575487254517	6.322919916581908	42.33533240815938
14.492153083413896	5.723599989472465	42.266322732683534
14.243037786690035	5.138971757562613	42.17011729193704
13.984917255337292	4.57028930869272	42.04819485623999
13.718492616623776	4.018653666411151	41.90208939671288
13.444473886361939	3.4850126532438184	41.73337389203722
13.163575535134218	2.970162537678035	41.54364480782171
12.876512243952462	2.4747512999485037	41.33450743691461
12.58399488614566	1.9992833343926224	41.10756225544925
12.286726766094596	1.544125394970177	40.86439241535065
11.98540013919644	1.1095135851838753	40.60655246052872
11.680693031310371	0.6955611936019138	40.33555832195871
11.373266370029503	0.30226718082620274	40.052878617044826
11.063761434565388	-0.07047486762074895	39.75992725166181
10.752797625908705	-0.4228674961477374	39.45805729947911
10.44097055430577	-0.755200000989265	39.14855611283352
10.128850437013792	-1.0678390623279077	38.832641602628215
9.816980795790963	-1.3612195126266766	38.5114596114658
9.505877440647199	-1.6358353494736793	38.18608229433177
9.196027724016053	-1.892231083619262	37.85750741440545
8.887890047686303	-2.1309934957660897	37.52665845770468
8.581893603517427	-2.352743859417369	37.19438546893538
8.2784383281193	-2.558130671969862	36.86146651177219
7.977895051247963	-2.7478229224590502	36.528609659473986
7.680605817615971	-2.9225039120403	36.19645542589741
7.386884362082499	-3.0828656324874113	35.8655795522751
7.097016718717251	-3.2296036987197434	35.53649607125607
6.81126194498642	-3.363412823586893	35.209660576400125
6.529852943238543	-3.484982816778993	34.88547363232797
6.252997362721758	-3.5949950846986733	34.564284267835326
5.980878566516614	-3.694119604306617	34.24639350132505
5.71365664897769	-3.783012341216772	33.93205785474512
5.451469490513442	-3.8623130805394705	33.621492818734765
5.194433837776478	-3.932643638019735	33.31487623779998
4.942646398559768	-3.9946064187704446	33.0123515900014
4.6961849418816755	-4.048783291235973	32.71403114080877
4.455109394885756	-4.0957347448298975	32.41999895544614
4.219462929259669	-4.135999300872569	32.13031375820738
3.989273030895469	-4.1700931479178855	31.845011630886795
3.7645525474576096	-4.198509974227005	31.564108545653866
3.5453007093946516	-4.221720971950824	31.287602730433342
3.331504120728383	-4.2401749894646255	31.015476867167546
3.1231377166749255	-4.254298810209819	30.747700125263798
2.9201656858039406	-4.264497538299014	30.484230034109164
2.7225423550210404	-4.271155073000818	30.22501419979581
2.5302130361723885	-4.274634656014789	29.969991872183105
2.343114833524114	-4.275279477156777	29.719095369162762
2.1611774117612876	-4.273413325687635	29.47225136551585
1.9843237244919778	-4.269341276025097	29.22938205409242
1.8124707035321623	-4.263350397974941	28.99040618722917
1.6455299094944598	-4.255710482901579	28.7552400063767
1.4834081444069558	-4.246674778430625	28.52379806785141
1.3260080272593973	-4.236480725339447	28.295993972488034
1.1732285335102781	-4.225350691250351	28.07174100675634
1.024965499694957	-4.213492696599814	27.850952702636924
0.8811120943587367	-4.201101129122306	27.633543323244716
0.7415592565991694	-4.188357443764761	27.41942828085068
0.6061961035423116	-4.175430845544369	27.208524493593178
0.4749103081034766	-4.162478953384844	27.000750686802533
0.34758844839314923	-4.149648443420987	26.796027644487186
0.22411633012706675	-4.137075670654725	26.594278416155692
0.10437928338918899	-4.124887268184048	26.39542848378241
-0.011737564924230157	-4.113200723514905	26.199405893364055
-0.12434904167787117	-4.1021249317107165	26.00614135516671
-0.23356969981692607	-4.09176072533991	25.815568316431442
-0.3395136111995886	-4.08220138135293	25.627623009986543
-0.44229417874761084	-4.073533105161233	25.442244481914486
-0.5420239667625588	-4.065835492305388	25.259374601136333
-0.6388145482988138	-4.059181968191138	25.078958053509783
-0.732776368528469	-4.053640206444293	24.90094232278848
-0.8240186230795562	-4.0492725264902365	24.72527766055597
-0.9126491503732265	-4.046136271004317	24.55191704703405
-0.9987743370309287	-4.044284163907532	24.380816144465285
-1.0824990354670834	-4.0437646495995745	24.21193324458566
-1.1639264928256337	-4.044622214130342	24.045229211535947
-1.243158290462073	-4.046897689012704	23.880667421404585
-1.3202942932132034	-4.050628538375079	23.71821369945497
-1.3954326077367785	-4.055849130143226	23.557836255962
-1.4686695492421127	-4.062590991927567	23.399505621465273
-1.5400996159695428	-4.070883052276178	23.243194582141616
-1.6098154708119108	-4.080751867934877	23.08887811590486
-1.67790792950586	-4.092221837735358	22.936533329754145
-1.7444659548527028	-4.10531540371041	22.786139398816232
-1.8095766564597917	-4.120053240012312	22.63767750745827
-1.8733252955231237	-4.13645443018708	22.491130792785594
-1.9357952941993906	-4.154536633333216	22.346484290785806
-1.9970682491428726	-4.174316239649675	22.20372488533096
-2.057223948807461	-4.195808515853677	22.062841260207726
-2.116340394138016	-4.219027740925142	21.923823854307926
-2.1744938222979826	-4.243987332611019	21.78666482007857
-2.2317587331012416	-4.270699965099417	21.65135798530248
-2.288207917836532	-4.299177678250798	21.51789881825513
-2.3439124901914763	-4.329431978751005	21.386284396262276
-2.3989419190011065	-4.361473933529049	21.25651337766427
-2.4533640625624393	-4.395314255761161	21.12858597717733
-2.5072452042724844	-4.430963383761794	21.00250394462811
-2.5606500893614887	-4.468431553041704	20.878270547027117
-2.6136419625069407	-4.507728861793263	20.755890553936993
-2.666282606126939	-4.548865330043852	20.635370226082916
-2.718632379162987	-4.591850952698816	20.516717307146845
-2.7707502561736135	-4.6366957466769545	20.399941018681098
-2.822693866570535	-4.683409792323342	20.285052058072168
-2.874519533838253	-4.732003269266109	20.172062599482384
-2.9262823145868153	-4.782486486866304	20.060986297693745
-2.9780360372955137	-4.8348699093927445	19.95183829477533
-3.029833340612725	-4.88916417603687	19.84463522949311
-3.081725711083326	-4.94538011586556	19.73939524937953
-3.1337635201815326	-5.003528757793732	19.636138025377477
-3.1859960605322315	-5.063621335642177	19.534884768971136
-3.238471581208602	-5.125669288329989	19.435658251714273
-3.2912373219980346	-5.189684255235058	19.338482827063707
-3.344339546532424	-5.255678066740959	19.24338445442228
-3.3978235741815372	-5.323662729972522	19.150390725293065
-3.4517338106108335	-5.393650409707093	19.05953089144263
-3.5061137769078283	-5.465653404434179	18.97083589496562
-3.5610061371820687	-5.539684117520381	18.88433840013889
-3.6164527245454585	-5.615755023422441	18.80007282694665
-3.67249456538033	-5.693878628876604	18.718075386151433
-3.7291719018030576	-5.774067428978342	18.638384115777658
-3.7865242122308373	-5.856333858052365	18.561038918866135
-3.8445902299590955	-5.94069023519956	18.486081602347276
-3.9034079596562083	-6.027148704394267	18.413555916869683
-3.9630146916808093	-6.115721168991989	18.34350759740877
-4.023447014126052	-6.206419220496078	18.27598440446548
-4.084740822493046	-6.299254061419436	18.21103616565051
-4.1469313268939345	-6.394236422066499	18.148714817432268
-4.210053056682921	-6.491376471050396	18.08907444680844
-4.274139862410888	-6.590683719350276	18.032171332641035
-4.3392249149969535	-6.69216691770565	17.978063986372703
-4.405340702007266	-6.795833947136665	17.926813191818635
-4.472519020928656	-6.901691702373283	17.878482043702554
-4.540790969321771	-7.009745967971457	17.833135984577776
-4.610186931735247	-7.1200012868910765	17.790842839744702
-4.680736563259719	-7.232460821309394	17.7516728497443
-4.752468769597417	-7.347126205444156	17.715698699973306
-4.825411683520345	-7.4639973901636285	17.68299554693093
-4.899592637587662	-7.583072479166692	17.653641040568395
-4.975038132990425	-7.7043475565244055	17.627715342172504
-5.051773804389812	-7.827816505386088	17.60530113717166
-5.129824380613905	-7.953470817669025	17.58648364220812
-5.209213641076508	-8.081299394569278	17.571350605773528
-5.289964367781313	-8.211288337755018	17.55999230165615
-5.372098292775398	-8.343420731132813	17.552501514397388
-5.455636040916604	-8.477676413109869	17.54897351590348
-5.540597067821919	-8.614031739315331	17.549506032304233
-5.626999592867376	-8.75245933578949	17.554199200096285
-5.714860527114137	-8.892927842701404	17.56315551055267
-5.804195396041269	-9.035401648714938	17.57647974132473
-5.895018256973806	-9.179840616191427	17.59427887410646
-5.987341611103559	-9.326199797492293	17.616661997176305
-6.081176310011267	-9.474429142729424	17.64374019157746
-6.17653145661243	-9.624473199405855	17.675626399645967
-6.273414300464483	-9.776270804492766	17.71243527454667
-6.371830127391693	-9.929754769604113	17.75428300943221
-6.4717821434046545	-10.084851560054853	17.801287144799474
-6.573271352916294	-10.241480968727187	17.853566352584163
-6.676296431283127	-10.399555785817126	17.911240195507087
-6.780853591730782	-10.558981465693417	17.974428860167293
-6.886936446758816	-10.719655792276113	18.043252862370423
-6.994535864157815	-10.881468544525926	18.117832723184865
-7.103639817814124	-11.044301163832245	18.198288614236816
-7.21423323352536	-11.2080264252973	18.284739970790323
-7.326297830101607	-11.372508115134147	18.37730507121129
-7.439811956083378	-11.537600716625843	18.476100581487614
-7.554750422469353	-11.703149107333905	18.581241063574033
-7.671084331913362	-11.868988270491856	18.69283844645169
-7.788780904921051	-12.03494302377287	18.811001458941114
-7.907803303654489	-12.200827768880671	18.93583502348768
-8.028110454033467	-12.366446265670998	19.067439610349865
-8.149656866909325	-12.531591434770432	19.205910551868268
-8.272392459178395	-12.696045192913248	19.351337316778483
-8.396262375797752	-12.859578325462193	19.503802744855353
-8.521206813765378	-13.021950400810702	19.663382242542145
-8.647160849229191	-13.182909731577029	19.83014294062669
-8.77405426899641	-13.342193387692138	20.0041428154813
-8.901811407820533	-13.499527266640712	20.185429775879516
-9.03035099295243	-13.654626226238415	20.37404071794602
-9.159585997551295	-13.807194285408785	20.570000551384158
-9.289423504655618	-13.956924898447786	20.7733212007511
-9.419764583519878	-14.10350130823432	20.984000586221022
-9.550504180221393	-14.246596983745006	21.202021588980404
-9.68153102453339	-14.385876147054951	21.427351007132188
-9.812727555145372	-14.520994394747532	21.65993850874585
-9.943969865385297	-14.651599418304123	21.899715589465785
-10.075127671656857	-14.77733182759086	22.14659454287006
-10.206064306851571	-14.89782608100195	22.40046745255282
-10.336636741020865	-15.012711525145207	22.66120521566408
-10.466695631598679	-15.121613546164282	22.928656608371284
-10.59608540544854	-15.224154833880622	23.202647404395375
-10.724644374963237	-15.319956758900739	23.482979558393435
-10.852204890373077	-15.408640861676531	23.7694304665029
-10.978593530313871	-15.489830451227721	24.061752316802924
-11.10363133256669	-15.563152309842508	24.35967154276649
-11.22713406670784	-15.628238498575676	24.66288839295754
-11.348912550194731	-15.68472825677263	24.97107663024303
-11.46877300916255	-15.732269987180597	25.283883373626058
-11.586517484916131	-15.770523316483553	25.60092909544312
-11.701944286770072	-15.799161219337664	25.92180778608596
-11.814848491520411	-15.817872192217408	26.246087297597004
-11.92502248942384	-15.826362461638288	26.573309876435324
-12.03225657611509	-15.82435820963332	26.902992894402043
-12.136339589415917	-15.81160779776469	27.234629785155455
-12.237059589484678	-15.78788396948661	27.56769119194227
-12.334204580224155	-15.752986009379578	27.90162633011616
-12.427563269316929	-15.706741836691657	28.235864565733536
-12.51692586369915	-15.64901000978728	28.56981720903145
-12.6020848967192	-15.57968161755787	28.902879518919356
-12.682836082670233	-15.49868203362581	29.234432911803466
-12.75897919384158	-15.405972509305368	29.56384736514216
-12.830318954712734	-15.301551581798861	29.89048400314803
-12.896665947428483	-15.18545627502013	30.2136978490713
-12.957837522251111	-15.057763071764958	30.53284072556418
-13.01365870629772	-14.918588637692048	30.84726428180239
-13.06396310354689	-14.768090279733032	31.156323123389242
-13.10859377884972	-14.606466124096169	31.459378018659567
-13.147404118511862	-14.43395500194378	31.755799152883995
-13.180258659934028	-14.250836034070282	32.04496940011273
-13.20703388281562	-14.057427909435019	32.32628758105106
-13.227618954542125	-13.85408785616014	32.599171674463264
-13.241916422595331	-13.641210307523105	32.86306194919824
-13.249842847147226	-13.419225269481498	33.11742398405149
-13.251329367421368	-13.188596400290397	33.36175154333488
-13.246322195926648	-12.94981881673229	33.59556927722059
-13.2347830352821	-12.703416645289307	33.81843521765763
-13.216689413049748	-12.449940340169933	34.029943042901216
-13.192034930766212	-12.18996379338858	34.22972408640679
-13.160829424201179	-11.924081264999549	34.41744906899017
-13.123099032758962	-11.652904164060253	34.59282953666806
-13.078886176864955	-11.377057712884122	34.75561899040936
-13.02824944312545	-11.097177528593596	34.90561369807472
-12.971263378002522	-10.81390615687869	35.04265318301103
-12.908018191689711	-10.527889593187874	35.166620388018984
-12.838619374792009	-10.239773826318286	35.277441517641165
-12.763187231293474	-9.950201438559597	35.37508556583496
-12.681856332119487	-9.659808295184693	35.45956354002802
-12.594774894358013	-9.369220354224712	35.53092739622224
-12.502104091885002	-9.079050625163399	35.58926870315111
-12.404017303730706	-8.789896302484694	35.63471705645173
-12.30069930702067	-8.502336096981113	35.667438266337115
-12.192345421722123	-8.216927784449572	35.687632344314565
-12.079160614719852	-7.934205987937066	35.69553131606974
-11.961358570933987	-7.654680206126707	35.6913968887153
-11.839160739276728	-7.378833096848821	35.67551800118895
-11.712795361228036	-7.107119021130739	35.648208286692544
-11.582496489698075	-6.839962849733074	35.609803475716184
-11.448503005642372	-6.577759030815769	35.56065876742097
-11.311057639608995	-6.320870914281357	35.501146196002175
-11.17040600503849	-6.069630325507791	35.431652017166314
-11.02679564971528	-5.824337378641282	35.352574138082474
-10.880475131292807	-5.585260517393521	35.26431961216311
-10.731693122293489	-5.352636769393788	35.167302217844636
-10.580697549429814	-5.126672198595108	35.061940138226966
-10.427734771520255	-4.907542539032115	34.948653756050014
-10.273048799683316	-4.695393992353585	34.82786357607552
-10.116880562899983	-4.490344171001409	34.69998828455292
-9.959467221449348	-4.292483168662538	34.565442953119565
-9.801041530148174	-4.101874739651409	34.42463739225076
-9.641831252772288	-3.918557569165084	34.27797465726572
-9.482058628508693	-3.742546616858163	34.125849707932055
-9.32193989079311	-3.5738345168862846	33.968648220918475
-9.161684838425378	-3.412393018425663	33.80674555272947
-9.00149645843065	-3.258174451665315	33.64050584932734
-8.841570599753672	-3.1111132053615207	33.47028129741367
-8.682095696532178	-2.9711272032064833	33.29641151129849
-8.52325253939395	-2.8381193674688943	33.11922304842565
-8.36521409296478	-2.711979059594049	32.93902904594548
-8.208145357560207	-2.592583488682123	32.75612897022015
-8.05220327285383	-2.479799079970786	32.57080847079492
-7.8975366611765185	-2.373482796624096	32.38333933016437
-7.744286207997143	-2.2734834092561496	32.19397950058987
-7.592584477062518	-2.179642708683483	32.00297321926482
-7.442555957636019	-2.091796658401172	31.81055119327128
-7.29431714125899	-2.0097764842013945	31.616930846000184
-7.147976625470636	-1.9334096992012644	31.422316617010882
-7.003635241957338	-1.8625210633157558	31.22690030767124
-6.8613862066527895	-1.7969334768982959	31.030861465326428
-6.721315289380246	-1.7364688088808706	30.83436779919028
-6.5835010007106165	-1.6809486602770647	30.637575621621593
-6.448014793804811	-1.6301950643693308	30.44063030893213
-6.31492127910939	-1.5840311252883783	30.24366677635938
-6.184278449887899	-1.5422815970156734	30.04680996233057
-6.056137916683047	-1.5047734050997756	29.850175317622647
-5.930545148922552	-1.4713361135818779	29.653869295490736
-5.80753972200402	-1.4418023397805326	29.457989839293496
-5.687155568311092	-1.416008119692518	29.262626864570105
-5.56942123073438	-1.3937932268347724	29.067862732935186
-5.454360117387642	-1.3750014473835594	28.873772715540845
-5.341990756323965	-1.3594808144672232	28.680425444212208
-5.232327049167753	-1.3470838044422866	28.487883348693366
-5.125378522685423	-1.3376674979333836	28.296203078744462
-5.021150577420254	-1.3310937083492524	28.105435910107808
-4.919644732613327	-1.3272290805032256	27.915628133609417
-4.820858866726249	-1.3259451618707288	27.726821426889895
-4.724787452967467	-1.3271184489105967	27.539053208457407
-4.6314217893053895	-1.3306304107644358	27.35235697393211
-4.54075022252871	-1.3363674925308144	27.166762614508453
-4.452758365984408	-1.3442211001906619	26.9822967177949
-4.367429310689132	-1.3540875691387042	26.798982851305304
-4.284743829571225	-1.3658681181542174	26.61684182897632
-4.2046805746554785	-1.3794687905242247	26.43589196116559
-4.127216267052876	-1.3948003839145062	26.256149288651468
-4.052325879664608	-1.411778370468947	26.077627801210507
-3.979982812550735	-1.430322808506807	25.900339641389472
-3.910159060951193	-1.4503582470808238	25.72429529411881
-3.842825375981176	-1.4718136245567668	25.54950376283756
-3.7779514180525737	-1.4946221622777642	25.37597273281215
-3.7155059030995123	-1.5187212542844999	25.20370872233679
-3.655456741709408	-1.5440523539751883	25.032717222502566
-3.597771171282024	-1.5705608585068291	24.86300282621858
-3.542415881355317	-1.598195991662696	24.694569347154154
-3.489357132253163	-1.6269106858384812	24.527419929260223
-3.4385608672226873	-1.6566614637321877	24.361557147510496
-3.38999281823853	-1.6874083202608188	24.196983100479805
-3.3436186056613306	-1.7191146051681885	24.033699495359013
-3.2994038319439434	-1.7517469067346627	23.87170772598056
-3.2573141695839936	-1.7852749369501462	23.711008944403318
-3.2173154435258637	-1.8196714184653555	23.551604126582568
-3.179373708217315	-1.8549119735944803	23.393494132624095
-3.143455319527168	-1.8909750156037508	23.236679762095186
-3.1095270017310574	-1.927841642484674	23.08116180484106
-3.077555909771399	-1.9654955333783986	22.926941087729322
-3.0475096869962366	-2.0039228477879996	22.77401851772049
-3.019356518579542	-2.043112127688268	22.62239512163932
-2.993065180822373	-2.083054202618251	22.47207208299732
-2.96860508653112	-2.1237420978191315	22.323050776195608
-2.945946326665011	-2.1651709454598036	22.1753327984156
-2.925059708440569	-2.2073378989742403	22.028919999483872
-2.9059167900762017	-2.250242050517791	21.88381450997938
-2.8884899123548906	-2.29388435153468	21.740018767831955
-2.8727522271776658	-2.3382675364154086	21.597535543643602
-2.8586777232751417	-2.3833960492102966	21.45636796494846
-2.846241249238667	-2.429275973354341	21.31651953961189
-2.835418534026788	-2.475914964348749	21.17799417855437
-2.826186205096853	-2.5233221853353753	21.040796217973018
-2.8185218043056035	-2.571508245492298	20.904930441220884
-2.8124038017165875	-2.620485141171144	20.7704021004936
-2.8078116074461383	-2.670266199690355	20.637216938461766
-2.804725581673552	-2.720866025693073	20.50538120997646
-2.8031270429351833	-2.7723004499717865	20.37490170396945
-2.802998274816018	-2.824586480657868	20.245785765658642
-2.804322531146335	-2.8777422566692503	20.118041319162913
-2.8070840398051295	-2.9317870033049465	19.991676890624333
-2.811268005226026	-2.9867409898718695	19.866701631927985
-2.8168606096956186	-3.0426254892250277	19.74312534510547
-2.8238490135283545	-3.099462739099089	19.62095850750219
-2.8322213541963746	-3.157275905105745	19.500212297784135
-2.841966744487083	-3.216089045268105	19.380898622855508
-2.8530752697555974	-3.2759270759598436	19.263030145755234
-2.8655379843337303	-3.3368157391138418	19.146620314596262
-2.87934690715172	-3.398781570561768	19.031683392608397
-2.89449501662345	-3.4618518693623814	18.918234489343075
-2.910976244840611	-3.5260546679730442	18.806289593095276
-2.9287854711159667	-3.5914187031154787	18.695865604594932
-2.947918514910543	-3.657973387182475	18.58698037201867
-2.9683721281743876	-3.7257487800286047	18.479652727369615
-2.9901439871254927	-3.794775560984075	18.373902524270154
-3.0132326834860113	-3.8650850009253377	18.269750677211796
-3.0376377151900056	-3.9367089342321915	18.167219202302324
-3.0633594765717413	-4.009679730455678	18.066331259548384
-3.0903992480382434	-4.084030265515139	17.96711119670962
-3.118759185224878	-4.159793892237686	17.869584594756436
-3.1484423076274557	-4.237004410046781	17.773778314960943
-3.179452486699016	-4.315696033599755	17.67972054764726
-3.2117944333943504	-4.395903360167452	17.587440862623087
-3.2454736851398254	-4.4776613355413035	17.49697026131056
-3.2804965922008833	-4.561005218245661	17.40834123058912
-3.31687030341392	-4.64597054182438	17.32158779835814
-3.354602751243803	-4.732593074961985	17.236745590821002
-3.3937026361225486	-4.8209087791903045	17.153851891485427
-3.4341794100191634	-4.9109537639221665	17.072945701867123
-3.4760432591843933	-5.002764238542658	16.99406780387591
-3.5193050860084085	-5.096376461278369	16.917260823853784
-3.5639764899233115	-5.191826684553952	16.842569298223605
-3.6100697472757823	-5.289151096533087	16.77003974069628
-3.6575977900892025	-5.388385758530073	16.69972071097025
-3.706574183627551	-5.489566537964957	16.63166288484389
-3.7570131026670106	-5.592729036523427	16.565919125644687
-3.808929306374013	-5.69790851316924	16.50254455686219
-3.8623381116814683	-5.805139801644263	16.441596635852257
-3.9172553650479194	-5.914457222078499	16.383135228458727
-3.9736974124766005	-6.025894486318874	16.327222684375876
-4.031681067663967	-6.139484596572779	16.273923913049416
-4.091223578139714	-6.255259736950223	16.223306459885844
-4.152342589252342	-6.373251157475701	16.175440582509882
-4.215056105846291	-6.4934890501293285	16.130399326776768
-4.279382451468948	-6.616002416466373	16.088258602210175
-4.345340224937622	-6.7408189263543425	16.049097256497742
-4.412948254088002	-6.86796476735731	16.012997148634607
-4.482225546518166	-6.997464484291495	15.980043220259363
-4.553191237134155	-7.129340808470877	15.950323564678214
-4.625864532294496	-7.263614476157568	15.923929493020921
-4.7002646503439065	-7.400304035732374	15.900955596915466
-4.776410758318576	-7.539425643103363	15.881499807008305
-4.85432190459866	-7.680992844877297	15.865663446592702
-4.934016947276413	-7.825016348828365	15.853551279539406
-5.015514478002135	-7.971503781213754	15.845271551651432
-5.098832741064785	-8.120459430506395	15.840936024487782
-5.1839895474596736	-8.27188397714224	15.840660000620204
-5.271002183691338	-8.425774208911566	15.844562339202136
-5.359887315056467	-8.58212272166365	15.852765460640029
-5.450660883151603	-8.74091760504539	15.865395339064492
-5.543337997350078	-8.902142113052163	15.882581481202767
-5.637932819993973	-9.065774319237002	15.90445689015482
-5.734458445050885	-9.231786756504441	15.931158012473457
-5.832926769991772	-9.400146041508503	15.96282466684528
-5.933348360655196	-9.570812483780902	15.999599952564594
-6.035732308873867	-9.743739679834533	16.041630135886912
-6.14008608265442	-9.9188740926243	16.08906451224427
-6.246415368720334	-10.09615461690202	16.142055242202463
-6.354723907249957	-10.275512131173443	16.200757158941464
-6.465013318668216	-10.456869037156558	16.265327544946597
-6.577282922381532	-10.640138787850995	16.33592587551144
-6.691529547383303	-10.825225405563499	16.41271352657673
-6.807747334699589	-11.012022991489568	16.49585344436461
-6.925927531692459	-11.200415228728884	16.58550977421627
-7.046058278294491	-11.390274880915774	16.681847446009023
-7.1681243853101755	-11.581463288972254	16.785031713516748
-7.292107104990142	-11.773829868841986	16.895227645091257
-7.417983894162101	-11.967211613437609	17.01259956308396
-7.545728170288434	-12.161432602430251	17.137310429502104
-7.6753090609164625	-12.356303523930181	17.269521175507503
-7.806691147091981	-12.551621212545875	17.409389972521403
-7.939834201419793	-12.74716820876363	17.557071442901925
-8.074692921579214	-12.942712345060443	17.712715808417514
-8.211216660235047	-13.13800636464167	17.876467975053778
-8.349349152428806	-13.332787579181549	18.048466553071325
-8.48902824168526	-13.526777572425122	18.228842811677072
-8.630185606231167	-13.719681956986117	18.417719568193434
-8.772746486893524	-13.911190192134931	18.615210012210184
-8.916629418420529	-14.100975470801433	18.8214164658842
-9.061745966152758	-14.28869468441398	19.03642908232089
-9.208000470160895	-14.47398847454298	19.260324484826512
-9.355289799158252	-14.656481380602154	19.49316435076518
-9.503503116690526	-14.835782093070105	19.734993944788027
-9.652521662298149	-15.011483821812389	19.985840607322206
-9.802218550535786	-15.183164789093347	20.245712205409177
-9.952458590915933	-15.350388856751376	20.51459555425922
-10.103098132017987	-15.512706296755209	20.792454819236937
-10.253984933160558	-15.669654713937922	21.079229909387987
-10.404958067175114	-15.820760129109544	21.37483487505542
-10.555847857938407	-15.96553822996071	21.6791563235966
-10.706475856409014	-16.10349579616749	21.992051868666145
-10.85665485896919	-16.234132303883026	22.313348629958895
-11.00618897189351	-16.35694171334533	22.642841801684405
-11.154873725738014	-16.47141444162794	22.980293309324477
-11.30249624336775	-16.577039520613607	23.325430575381585
-11.448835465212115	-16.6733069380817	23.677945415822546
-11.593662435147602	-16.759710157371465	24.03749308970983
-11.73674065015091	-16.835748808429155	24.403691525046824
-11.877826476542358	-16.900931540191575	24.776120744109942
-12.01666963524603	-16.954779021227722	25.1543225114562
-12.15301375802132	-16.996827072388186	25.537800227324517
-12.286597016075651	-17.026629911946902	25.92601908826938
-12.417152821847672	-17.043763490413134	26.318406535536973
-12.54441060405481	-17.04782888890436	26.714353009885606
-12.668096655337212	-17.038455751772368	27.113213029259352
-12.787935050997653	-17.015305721139313	27.51430660290895
-12.903648636452683	-16.978075838210096	27.916920992251637
-13.014960080076673	-16.92650187376431	28.320312824967395
-13.121592987146881	-16.86036154818285	28.72371056456219
-13.223273069607561	-16.779477599813777	29.126317332965996
-13.319729365369392	-16.68372065951123	29.527314078699305
-13.410695499868483	-16.573011888866915	29.92586307782211
-13.495910981647926	-16.447325340058143	30.321111749373493
-13.575122522811082	-16.30668999641392	30.712196761410645
-13.648085374349058	-16.151191454791025	31.098248398172235
-13.71456466558972	-15.98097321367077	31.478395153463932
-13.77433673636906	-15.796237534535667	31.851768510210647
-13.827190450007908	-15.597245848542286	32.21750786137508
-13.872928474807342	-15.384318685721846	32.574765523246796
-13.91136852156947	-15.15783510984396	32.92271178858298
-13.942344524618568	-14.918231648585186	33.26053996433913
-13.965707753954007	-14.666000715625136	33.5874713368896
-13.981327846514192	-14.40168852862248	33.9027600067721
-13.989093745072882	-14.125892534554444	34.20569753515667
-13.988914534024989	-13.839258361461193	34.49561734549332
-13.980720162239743	-13.542476323056086	34.7718988261282
-13.964462044254322	-13.236277509779562	35.03397108307186
-13.940113532335427	-12.921429506499134	35.28131629652181
-13.907670253329188	-12.59873178304961	35.5134726400859
-13.867150305728723	-12.269010809007941	35.73003672782799
-13.818594313985857	-11.933114948377627	35.93066556113068
-13.762065338751198	-11.591909193124701	36.1150779547823
-13.697648643413084	-11.24626979667316	36.28305542948792
-13.625451318989903	-10.89707886949196	36.43444256599375
-13.545601771080197	-10.545218998772631	36.56914682401812
-13.458249074159898	-10.191567952920812	36.68713783702103
-13.363562200008511	-9.836993529219678	36.788446201339276
-13.261729128416126	-9.482348599630567	36.873161785210876
-13.152955849552045	-9.128466405396342	36.94143158955659
-13.037465268440442	-8.77615614601456	36.99345719796305
-12.915496022875095	-8.426198902397017	37.02949185801877
-12.787301226802702	-8.079343927781588	37.049837239921295
-12.653147151705012	-7.736305333366365	37.054839921057244
-12.513311858814134	-7.397759188861654	37.04488764704139
-12.368083795105724	-7.0643410513576255	37.020405420498214
-12.217760365933495	-6.736643929222457	36.98185146871671
-12.062646496910764	-6.4152166813265845	36.929713140263715
-11.903053197226054	-6.100562845855748	36.864502778783056
-11.739296136008484	-5.793139887413384	36.78675361962987
-11.571694242659488	-5.49335884612017	36.69701575179501
-11.400568341262138	-5.201584368058658	36.59585218387919
-11.226239828279045	-4.918135092707141	36.48383504879098
-11.049029401788511	-4.643284370005477	36.36154197748749
-10.869255849497545	-4.37726127738004	36.22955266756046
-10.68723490172986	-4.120251905413794	36.08844566789625
-10.503278154546301	-3.8724008798666563	35.93879539611075
-10.31769206711892	-3.633813087368099	35.781169401057014
-10.130777036468508	-3.4045555722759087	35.61612587850042
-9.942826551707645	-3.1846595728691383	35.44421144411976
-9.75412642901177	-2.9741226661450533	35.265959164366606
-9.564954127682261	-2.7729109919578736	35.08188684243723
-9.37557814687603	-2.58096152900403	34.8924955537072
-9.18625750185728	-2.3981843971548527	34.698268422457225
-8.997241277990836	-2.224465162808638	34.49966962959131
-8.808768260131469	-2.0596671262073882	34.29714363929611
-8.621066634583139	-1.903633571999322	34.091114631213166
-8.434353760399688	-1.7561899666717562	33.8819861236688
-8.248836006463437	-1.6171460887822233	33.67014077279679
-8.06470865052437	-1.4862980801580186	33.45594033198677
-7.8821558361909725	-1.363430408372873	33.239725755951085
-7.701350583732693	-1.2483177328248287	33.02181743379566
-7.522454850485926	-1.140726668619164	32.80251553578343
-7.345619636634438	-1.0404174441842762	32.582100458949554
-7.170985132159182	-0.9471454501125577	32.36083335733817
-6.998680900820917	-0.8606626781218327	32.13895674335944
-6.828826097138182	-0.78071905027091	31.916695147576224
-6.6615297124522055	-0.7070636396416197	31.694255825102715
-6.496890846324756	-0.6394457846251881	31.471829497711518
-6.334998999688018	-0.5776160997293369	31.249591121680105
-6.175934386351952	-0.5213273864632177	31.027700672342604
-6.019768259672175	-0.47033544837140573	30.806303937237864
-5.866563251388978	-0.42439981468702426	30.585533310650366
-5.716373719855788	-0.38328437736641	30.365508583208403
-5.569246105085101	-0.3467579464668497	30.1463377210325
-5.425219288249581	-0.3145947289456717	29.928117629711004
-5.284324953481007	-0.2865747360031992	29.710934899111898
-5.146587950009047	-0.2624841240742992	29.494866525717672
-5.0120266528754405	-0.24211547450332643	29.27998060979513
-4.8806533206454885	-0.22526801682364028	29.06633702528266
-4.75247444871373	-0.2117478004132604	28.853988060789973
-4.627491116968451	-0.2013678191208325	28.642979030567687
-4.5056993307384605	-0.19394809325691376	28.433348854717067
-4.387090354091192	-0.18931571313014028	28.225130608269158
-4.271651034690839	-0.1873048480819622	28.018352039082387
-4.159364119549268	-0.18775672474091773	27.81303605477509
-4.050208561122567	-0.19051957798244368	27.60920117914698
-3.944159813314282	-0.1954485778452908	27.406861978741034
-3.8411901170415956	-0.20240573542401866	27.20602946035416
-3.741268775112011	-0.21125979053076868	27.006711440440593
-3.6443624162388546	-0.22188608370010224	26.808912887456717
-3.5504352480968344	-0.23416641489952006	26.612636238276778
-3.4594492993823835	-0.24798889110667685	26.417881689864565
-3.37136465090196	-0.2632477647225779	26.224647467426415
-3.28613965576335	-0.2798432646086552	26.032930070295233
-3.2037311487883318	-0.29768142136529485	25.84272449680008
-3.1240946453050036	-0.3166738883095706	25.654024449373285
-3.0471845295117315	-0.3367377594609036	25.466822521132087
-2.9729542326328247	-0.35779538570505776	25.281110365146468
-2.901356401111134	-0.37977419017848435	25.096878847575503
-2.8323430551028816	-0.4026064837966847	24.91411818581737
-2.765865737555946	-0.42622928174157504	24.732818072774823
-2.701875654167247	-0.45058412162260764	24.552967788295852
-2.640323804524464	-0.47561688393518353	24.37455629880005
-2.5811611047448206	-0.5012776153566125	24.197572346051505
-2.5243385019294213	-0.527520355343815	24.0220045259904
-2.469807080754052	-0.5543029664284134	23.84784135848308
-2.4175181625191766	-0.5815869685423092	23.67507134880169
-2.367423396980923	-0.6093373776508266	23.50368304159345
-2.3194748472829985	-0.6375225489198763	23.333665068050863
-2.2736250683065284	-0.6661140245980172	23.16500618694745
-2.229827178750225	-0.6950863867537366	22.9976953201568
-2.1880349272483093	-0.7244171149717914	22.831721583229044
-2.1482027528271517	-0.7540864490803648	22.667074311555126
-2.1102858399956483	-0.7840772569515633	22.50374308261148
-2.0742401687561007	-0.814374907393035	22.34171773473562
-2.040022559815274	-0.8449671481257233	22.18098838284906
-2.0075907152675696	-0.8758439888227136	22.0215454315115
-1.9769032550127534	-0.9069975891679055	21.86337958565327
-1.9479197491629967	-0.9384221518775889	21.706481859306393
-1.9206007466850528	-0.9701138206152105	21.550843582626054
-1.8949078005143698	-1.0020705827187337	21.396456407466907
-1.870803489369348	-1.034292176650257	21.243312311755872
-1.8482514364848093	-1.0667800040698951	21.09140360287898
-1.8272163254751497	-1.0995370464290375	20.94072292028037
-1.8076639135288861	-1.132567785972584	20.79126323745257
-1.7895610421274515	-1.1658781310357003	20.64301786347814
-1.7728756454729178	-1.1994753455166334	20.495980444269154
-1.7575767568007197	-1.2333679824048442	20.35014496363484
-1.7436345127452624	-1.2675658212418794	20.205505744294225
-1.7310201559184974	-1.3020798093907062	20.062057448940607
-1.7197060358535143	-1.3369220069889898	19.919795081452076
-1.7096656084576802	-1.3721055354614085	19.778713988333468
-1.7008734341124578	-1.4076445294663507	19.63880986046659
-1.6933051745498209	-1.443554092153004	19.500078735237683
-1.6869375886282088	-1.479850253605859	19.362516999104123
-1.6817485271242554	-1.5165499323547498	19.226121390656917
-1.6777169266499796	-1.5536708998299964	19.09088900423029
-1.6748228027988037	-1.591231747644067	18.95681729410446
-1.6730472426177232	-1.629251857582618	18.8239040793451
-1.6723723964970547	-1.6677513741898848	18.692147549318914
-1.6727814695635417	-1.7067511798355282	18.561546269921603
-1.6742587126571828	-1.7462728721514627	18.432099190554336
-1.6767894129668763	-1.7863387437300768	18.303805651880374
-1.6803598843949812	-1.826971763976675	18.176665394394266
-1.6849574577160022	-1.868195563010982	18.05067856783519
-1.690570470590021	-1.9100344175151638	17.92584574147339
-1.6971882574869528	-1.9525132384268835	17.802167915301112
-1.704801139573457	-1.9956575603782882	17.679646532157868
-1.7134004146102078	-2.0394935327834554	17.55828349082023
-1.7229783469032287	-2.084047912478184	17.438081160087936
-1.7335281573491672	-2.129348057817536	17.319042393898368
-1.7450440136107395	-2.175421924137909	17.201170547502368
-1.7575210204550182	-2.2222980604914726	17.084469494735668
-1.770955210283832	-2.2700056075616657	16.968943646421746
-1.7853435338821555	-2.3185742966689626	16.8545979699438
-1.8006838514072863	-2.3680344497768835	16.741438010024513
-1.8169749236384694	-2.4184169804083453	16.62946991075434
-1.8342164035035067	-2.469753395382008	16.518700438911836
-1.8524088278961646	-2.5220757972786534	16.409137008619897
-1.871553609795131	-2.5754168875463366	16.300787707385552
-1.8916530306924912	-2.6298099701522415	16.19366132357256
-1.91271023333707	-2.685288955688279	16.08776737535772
-1.9347292147950497	-2.741888365835233	15.983116141225215
-1.9577148198277192	-2.7996433380886554	15.879718692054775
-1.9816727345834497	-2.858589630647109	15.777586924862325
-2.0066094805983985	-2.9187636273607604	15.676733598253605
-2.032532409097466	-2.9802023426343536	15.577172369654907
-2.059449695584654	-3.042943426175729	15.47891783438583
-2.087370334709091	-3.107025167476462	15.381985566642
-2.1163041353899845	-3.172486499906003	15.286392162458554
-2.146261716181253	-3.2393670042962066	15.192155284726153
-2.1772545008532984	-3.3077069118864935	15.09929371033451
-2.2092947141665897	-3.377547106493907	15.00782737951962
-2.2423953778085277	-3.448929125765095	14.917777447492842
-2.2765703064616636	-3.5218951613591263	14.829166338432035
-2.3118341039682213	-3.596488057902138	14.742017801915502
-2.3482021595521188	-3.6727513105451224	14.656356971881245
-2.3856906440560017	-3.7507290609462127	14.572210428194674
-2.424316506147075	-3.8304660914883386	14.489606260908005
-2.4640974684413073	-3.9120078175312303	14.40857413729482
-2.5050520234910914	-3.995400277483834	14.329145371743182
-2.547199429577159	-4.080690120470246	14.251352998589022
-2.5905597062409007	-4.1679245913482195	14.175231847969583
-2.635153629487473	-4.257151512822426	14.10081862477572
-2.681002726585415	-4.348419264379664	14.028151990777152
-2.7281292703825377	-4.441776757755124	13.957272649991344
-2.776556273051387	-4.537273408619362	13.888223437362123
-2.826307479171809	-4.634959104157033	13.821049410806928
-2.877407358051164	-4.734884166187115	13.755797946684408
-2.929881095175317	-4.837099309451705	13.6925188387256
-2.983754582675866	-4.9416555946770195	13.631264400461227
-3.0390544086913236	-5.048604375986202	13.572089571165154
-3.095807845491334	-5.15799724221758	13.515052025319939
-3.154042836223659	-5.269885951674201	13.460212285594435
-3.213787980134377	-5.384322359802784	13.407633839304408
-3.2750725161014484	-5.501358339270253	13.357383258305978
-3.3379263043115754	-5.6210456918761755	13.309530322247205
-3.402379805898577	-5.743436051706709	13.264148145076248
-3.468464060349763	-5.8685807789030715	13.221313304673634
-3.5362106604747985	-5.996530843384586	13.18110597544135
-3.605651724718299	-6.127336697831505	13.143610063642992
-3.6768198665837555	-6.2610481391976895	13.108913345246147
-3.7497481609224503	-6.397714157988379	13.077107605969857
-3.824470106826091	-6.537382774502464	13.048288783186935
-3.9010195868467483	-6.680100861203777	13.022557109271709
-3.9794308222515897	-6.825913950350764	13.000017255918632
-4.059738324003885	-6.9748660259807975	12.980778478885279
-4.141976839144798	-7.126999299312785	12.96495476253435
-4.226181292232796	-7.282353966600587	12.952664963462812
-4.3123867214811	-7.440967948444122	12.944032952411384
-4.400628209214492	-7.602876609538307	12.939187753544608
-4.490940806249878	-7.768112457821618	12.938263680079121
-4.583359449786899	-7.93670482197074	12.941400465115832
-4.677918874376772	-8.108679506178255	12.948743386399771
-4.774653515520728	-8.28405842115006	12.96044338358872
-4.873597405432133	-8.46285919026575	12.976657166458471
-4.974784060480832	-8.645094729863697	12.997547312307999
-5.078246359823099	-8.83077280264177	13.02328235065196
-5.184016414706768	-9.019895543207312	13.054036833100355
-5.29212542793032	-9.212458954870817	13.089991386126457
-5.402603542924062	-9.40845237685272	13.131332744213628
-5.515479681915472	-9.607857921171423	13.178253760650483
-5.630781372636844	-9.810649878600614	13.230953393012214
-5.748534563033733	-10.016794093230148	13.28963666012486
-5.868763423436045	-10.226247305337424	13.354514567059203
-5.991490135664579	-10.43895646248478	13.42580399444515
-6.116734668561254	-10.654857998999695	13.50372754813634
-6.244514539452207	-10.873877084272065	13.58851336499028
-6.37484456108398	-11.095926840626642	13.680394870266676
-6.507736573610607	-11.320907531894413	13.77961048188676
-6.64319916125954	-11.548705724226362	13.886403256546924
-6.781237353360714	-11.779193421157585	14.001020472440246
-6.92185230949617	-12.012227175458213	14.12371314312204
-7.065040988611676	-12.247647180891331	14.254735456862148
-7.2107958020301375	-12.485276347643113	14.394344135665897
-7.359104250422372	-12.724919365902174	14.542797708027832
-7.509948544922575	-12.966361762840487	14.7003556894145
-7.6633052127273125	-13.209368959091615	14.867277664467535
-7.819144687685886	-13.453685331727835	15.043822264984176
-7.9774308865836785	-13.699033291713413	15.230246037887708
-8.138120772034517	-13.945112384845537	15.426802197654103
-8.301163903133741	-14.19159842628131	15.633739258026504
-8.466501975286478	-14.438142679890044	15.851299538347352
-8.634068350911933	-14.684371094847897	16.079717540480356
-8.803787583036149	-14.929883613097498	16.319218193099097
-8.975574934120866	-15.17425356251002	16.57001496109994
-9.149335892835396	-15.417027151794747	16.83230781907069
-9.324965691862621	-15.65772308438162	17.106281089131965
-9.502348830235455	-15.895832309625662	17.392101145075507
-9.681358604119012	-16.13081793071221	17.6899139865568
-9.861856650394309	-16.362115289559373	17.99984268918345
-10.043692507847641	-16.589132249766635	18.321984738666757
-10.226703201222543	-16.811249699206737	18.656409259773763
-10.410712853846723	-17.02782229416075	19.00315415363326
-10.59553233498909	-17.23817946689444	19.362223159985604
-10.780958948531781	-17.441626718225763	19.733582864217126
-10.966776169942923	-17.637447215877426	20.117159672445787
-11.152753438897559	-17.82490371819279	20.512836781487337
-11.338646015208596	-18.003240841069623	20.920451174188994
-11.524194905975627	-18.171687683676744	21.339790674293322
-11.709126872034782	-18.329460825631347	21.770591098640224
-11.89315452186607	-18.475767704777127	22.212533548009365
-12.075976501084924	-18.60981038050347	22.665241881181434
-12.257277785492215	-18.73078968266608	23.12828041973882
-12.436730085361246	-18.83790974060768	23.60115193360322
-12.613992368192042	-18.93038288056117	24.083295959205074
-12.788711506549168	-19.007434872889743	24.57408750336651
-12.960523056806913	-19.06831050324528	25.072836186321
-13.129052173643121	-19.112279433901094	25.578785876649242
-13.293914663951826	-19.138642313363686	26.091114869179236
-13.454718182478592	-19.146737084035927	26.60893665395593
-13.611063569920935	-19.135945429370153	27.131301320131943
-13.762546332494557	-19.10569929381978	27.657197633018015
-13.908758260056247	-19.055487401196018	28.185555815523635
-14.049289177810573	-18.984861690007705	28.715251056797108
-14.183728824441213	-18.893443578265565	29.245107761101284
-14.31166884723321	-18.78092996532707	29.773904538936105
-14.432704902421579	-18.64709887490411	30.300379930259837
-14.54643884666417	-18.491814641597045	30.823238836578604
-14.65248100324483	-18.315032543468703	31.341159624926778
-14.75045248441202	-18.11680278541992	31.852801852609417
-14.839987549213197	-17.897273742603286	32.35681454739154
-14.920735974350189	-17.656694379893747	32.85184496395374
-14.99236541401505	-17.395415772532193	33.33654772429449
-15.05456372342457	-17.113891664404726	33.80959423775686
-15.107041219903799	-16.812678013881747	34.26968228588494
-15.149532854922374	-16.492431492487675	34.71554564877774
-15.181800270497382	-16.153906918601706	35.14596364335872
-15.203633713866761	-15.797953626541847	35.559770440301044
-15.214853785324713	-15.42551079031837	35.955864025490996
-15.215312995596081	-15.03760174056431	36.33321467403842
-15.204897111095356	-14.635327332166426	36.6908728099875
-15.183526267844476	-14.219858438389103	37.027976133028275
-15.151155837669561	-13.792427664257199	37.343755904540465
-15.107777033505998	-13.354320387181064	37.63754229894255
-15.05341724415139	-12.90686524580186	37.90876874226348
-14.988140092540405	-12.451424208407452	38.156975177701554
-14.912045215491109	-11.989382359721285	38.38181021719523
-14.825267766806366	-11.522137549215893	38.583032158165935
-14.727977649511734	-11.051090045192874	38.76050886507523
-14.620378486788274	-10.577632336741893	38.91421653567867
-14.502706344731788	-10.103139220442033	39.044237391314965
-14.375228223360626	-9.628958300498995	39.15075634873121
-14.238240335229987	-9.156401020206072	39.234056747354934
-14.092066193540905	-8.686734329577945	39.2945152201823
-13.93705453371091	-8.221173079152598	39.332595808261686
-13.77357709396318	-7.760873213740526	39.34884342790103
-13.602026281583239	-7.306925822846015	39.34387680608746
-13.422812752081432	-6.860352087071608	39.318381003161846
-13.236362928589951	-6.422099142506357	39.27309964260054
-13.04311648844982	-5.993036868366628	39.20882696596842
-12.84352384312943	-5.573955587368173	39.12639982694081
-12.638043636405747	-5.165564653804482	39.026689732017935
-12.427140284192106	-4.768491891379061	38.91059502749575
-12.21128157755603	-4.38328383166107	38.779033322754884
-11.990936368397051	-4.0104066947435095	38.63293422933954
-11.766572355013688	-3.650248046354394	38.47323248398329
-11.538653982433944	-3.3031190602913556	38.300861512039624
-11.307640469971824	-2.9692573115628176	38.116747476013565
-11.07398397605317	-2.648830023914889	37.921803842351984
-10.83812790797785	-2.341937695361925	37.716926488587525
-10.600505381998227	-2.0486180267503484	37.50298936255716
-10.36153783691715	-1.7688500810542662	37.28084069588509
-10.121633802385134	-1.5025586048425483	37.05129976536392
-9.881187821225467	-1.2496184479533374	36.81515418836667
-9.640579523443066	-1.0098590226468234	36.57315773200688
-9.400172848102944	-0.7830687492025559	36.326028610456525
-9.160315407994428	-0.5689994408921198	36.074448240601825
-8.921337990924386	-0.3673705873262405	35.819060423016225
-8.68355419060791	-0.17787350121028275	35.56047091299519
-8.447260159439061	-0.00017529942007507747	35.29924734504775
-8.2127344749124	0.16607730507227755	35.03591947367783
-7.9802381111199905	0.32125441860995113	34.77097969342231
-7.750014506552077	0.4657396028999192	34.50488380184176
-7.52228971936622	0.5999267405467347	34.23805197038216
-7.297272661343476	0.7242171349282401	33.97086988964965
-7.075155401907087	0.8390168457463911	33.70369005757464
-6.856113533822013	0.9447342585292026	33.43683318110564
-6.640306592506012	1.0417778837567753	33.170589664388174
-6.427878521255501	1.1305543791119683	32.90522115879172
-6.218958175102035	1.2114667865913789	32.64096215258134
-6.013659856462889	1.2849129748200077	32.37802158045106
-5.812083876217901	1.3512842758614285	32.11658443549886
-5.614317134323158	1.410964305069457	31.856813368494116
-5.420433714555138	1.464327952050212	31.598850261446405
-5.230495488460011	1.5117405305602936	31.342817764511487
-5.044552724054581	1.5535570751244558	31.088820787152684
-4.862644695280633	1.5901217722833674	30.836947936201785
-4.684800288649453	1.6217675146485557	30.587272895029912
-4.511038603938071	1.6488155663181276	30.33985573946367
-4.3413695461908635	1.6715753286737836	30.09474418734066
-4.175794406645897	1.6903441961123404	29.85197477970661
-4.014306430556204	1.7054074918430175	29.611573992638338
-3.8568913701915037	1.7170384744920937	29.37355927951294
-3.703528021598886	1.7254984068825099	29.13794004426076
-3.55418874397139	1.7310366789864473	28.904718546747656
-3.40883996071272	1.7338909776746216	28.673890741926343
-3.2674426415088798	1.7342874964979973	28.44544705480735
-3.1299527649131407	1.7324411793304897	28.219373093620213
-2.996321761125379	1.7285559922696425	27.995650303781016
-2.8664969348039464	1.7228252187328406	27.774256565466068
-2.740421867882848	1.7154317731968995	27.555166737711225
-2.618036802488434	1.7065485295073846	27.338353152033076
-2.499279004151635	1.6963386601298887	27.12378605859611
-2.384083105600158	1.6849559831286405	26.911434027943557
-2.2723814314922577	1.6725453140389093	26.701264311276628
-2.164104304514849	1.6592428201490195	26.49324316220219
-2.059180333321879	1.6451763750270088	26.287336122788865
-1.9575366828318983	1.6304659114172795	26.08350827667517
-1.859099327436186	1.61522377089524	25.881724471861123
-1.763793287695358	1.5995550489050434	25.68194951569694
-1.6715428511217623	1.5835579340185473	25.484148344457935
-1.5822717776569566	1.5673240404440851	25.28828616976374
-1.495903490461735	1.5509387329836637	25.094328603969714
-1.412361252639476	1.5344814437882497	24.902241766528007
-1.3315683305119164	1.5180259803943055	24.71199237318413
-1.2534481440617704	1.5016408246424537	24.523547809746475
-1.1779244051507134	1.4853894221828854	24.336876192045345
-1.1049212441096465	1.4693304623622283	24.151946413573555
-1.0343633252874864	1.4535181483655912	23.9687281821879
-0.9661759521309135	1.4380024575557273	23.787192047139754
-0.9002851623517925	1.4228293920099393	23.607309417595886
-0.8366178137244331	1.4080412193061727	23.429052573714856
-0.7751016610365642	1.3936767036524347	23.25239467124687
-0.7156654247008388	1.3797713274901808	23.077309740537736
-0.6582388515161369	1.3663575037329443	22.903772680736207
-0.6027527680493922	1.3534647788267953	22.73175924992606
-0.5491391270902173	1.3411200268400305	22.561246051832384
-0.497331047612218	1.3293476348063442	22.39221051968502
-0.4472628486570298	1.3181696795591906	22.224630897762097
-0.3988700775384057	1.3076060963052485	22.058486221078173
-0.3520895327462172	1.2976748391926565	21.8937562936307
-0.30685928191278394	1.288392034135105	21.730421665571434
-0.26311867518612814	1.2797721241561342	21.568463609623542
-0.22080835433891693	1.271828007519901	21.407864097028998
-0.17987025792475964	1.2645711689147434	21.24860577327218
-0.1402476227776702	1.258011803954884	21.090671933792944
-0.10188498213580705	1.2521589372636597	20.93404649987581
-0.06472816065476686	1.2470205343985314	20.77871399487178
-0.028724266561869712	1.2426036078744958	20.624659520887768
0.006178318810987524	1.238914317538159	20.471868736057562
0.04002995389218811	1.235958065539787	20.32032783248738
0.07287975192172287	1.2337395861454046	20.170023514953893
0.10477559799028205	1.232263030625334	20.02094298041713
0.13576416787922344	1.2315320474496603	19.87307389839777
0.16589094852600075	1.231549858014958	19.72640439225665
0.1952002599505426	1.2323193281203482	19.58092302140411
0.22373527848822555	1.2338430354045413	19.436618764459716
0.25153806118570565	1.236123332949071	19.293481003372158
0.2786495712246371	1.239162409246421	19.151499508506497
0.3051097042477122	1.2429623447252192	19.01066442469911
0.33095731547038143	1.2475251650182337	18.870966258274706
0.35623024746922766	1.2528528911523984	18.73239586501938
0.38096535854639474	1.258947586833766	18.594944439097677
0.40519855157656737	1.265811402993955	18.458603502901084
0.42896480325006126	1.2734466197583996	18.32336489781382
0.4522981936325509	1.281855685990674	18.189220775878965
0.4752319359680155	1.291041256561068	18.056163592348923
0.49779840665753444	1.3010062274816845	17.92418609910368
0.5200291753524482	1.3117537690446222	17.79328133891909
0.5419550351055968	1.3232873570940977	17.66344264056878
0.5636060325294182	1.3356108025578284	17.53466361474372
0.5850114979145405	1.3487282793576227	17.406938150774085
0.6062000752670109	1.3626443508138832	17.28026041413873
0.6271997522263789	1.3773639946534921	17.154624844749982
0.6480378898310294	1.3928926267256514	17.030026156001426
0.6687412521008537	1.4092361235253834	16.906459334568183
0.6893360354107243	1.4264008436195557	16.783919640951396
0.7098478976315988	1.4443936480657278	16.662402610759937
0.7303019870191968	1.4632219199096834	16.5419040567236
0.7507229708328895	1.4828935828430008	16.422420071434985
0.77113506367026	1.503417119097891	16.303947030818144
0.7915620555051691	1.5248015866523128	16.186481598324548
0.8120273394193763	1.5470566358142361	16.070020729859433
0.8325539390201429	1.570192525250268	15.954561679442074
0.8531645355378747	1.5942201375196645	15.840102005607548
0.8738814945998205	1.6191509941711604	15.726639578558688
0.8947268926773985	1.6449972704562619	15.614172588079557
0.9157225432064335	1.6717718097092986	15.502699552222905
0.9368900223807042	1.6994881374407151	15.392219326787599
0.9582506946202959	1.7281604751863977	15.282731115604971
0.9798257377178058	1.7578037541529616	15.17423448165293
1.0016361676660415	1.788433628695074	15.066729359021073
1.0237028631717575	1.8200664896575303	14.960216065752173
1.0460465898608318	1.8527194776116274	14.854695317587232
1.0686880241807368	1.8864104960117642	14.750168242644662
1.0916477770068025	1.9211582242950238	14.6466363970661
1.114946416959122	1.9569821309430204	14.54410178166424
1.1386044934371495	1.993902486521721	14.44256685961118
1.162642559379407	2.0319403767117103	14.342034575207814
1.1870811937557075	2.0711177153377065	14.242508373778012
1.2119410237991917	2.1114572574023094	14.143992222734726
1.2372427469856342	2.152982612125695	14.046490633866883
1.2630071527670457	2.195718255988761	13.950008686900096
1.2892551440661841	2.239689545773108	13.854552054387428
1.316007758538486	2.284922731587607	13.76012702798861
1.34328618960722	2.3314449698666975	13.666740546200067
1.3711118072770327	2.3792843363210534	13.574400223601486
1.3995061787302574	2.428469838816408	13.483114381688258
1.4284910887097277	2.479031430151743	13.392892081361877
1.4580885596906314	2.531000020702378	13.303743157154825
1.488320871842919	2.5844074908880597	13.215678253269848
1.5192105827847302	2.63928670342056	13.12870886151671
1.550780547125648	2.695671515278494	13.042847361234339
1.583053935797329	2.753596789350825	12.95810706128932
1.6160542551673047	2.813098405683221	12.874502244245976
1.6498053659300531	2.8742132722540377	12.792048212806918
1.6843315017673575	2.9369793351984104	12.710761338627242
1.7196572877678855	3.0014355883903807	12.630659113609335
1.7558077585935938	3.0676220822837212	12.551760203789252
1.792808376378075	3.1355799319023188	12.47408450592939
1.830685048339185	3.205351323860258	12.397653206936246
1.8694641440852597	3.2769795222802944	12.322488846225845
1.9091725125910526	3.3505088734672683	12.248615381163054
1.949837498816301	3.4259848091804206	12.176058255703964
1.9914869599358145	3.5034538483340865	12.104844472374426
2.0341492811457322	3.5829635969408766	12.03500266772111
2.0778533910067427	3.664562746096333	11.966563191373204
2.1226287762803384	3.7483010677868145	11.899558188855405
2.1685054962085393	3.834229408282898	11.834021688295573
2.215514196182698	3.922399678862016	11.769989691170725
2.2636861207410224	4.01286484358282	11.70750026723593
2.3130531258277873	4.1056789038105315	11.646593653781187
2.3636476902409598	4.2008968791695045	11.58731235935957
2.4155029261876173	4.298574784573446	11.529701272128284
2.468652588858403	4.398769602955748	11.47380777294154
2.523131084924361	4.5015392532941885	11.41968185332924
2.5789734798504043	4.606942553493016	11.367376238489744
2.636215503909949	4.715039177652344	11.316946515417614
2.694893556775347	4.825889607220562	11.268451266277266
2.755044710547575	4.939555075488095	11.221952207122149
2.8167067110770416	5.056097504842057	11.177514332044762
2.8799179774148973	5.175579436160005	11.135206062826033
2.944717599221147	5.298063949678033	11.095099404132434
3.0111453319413397	5.423614576622023	11.057270104286237
3.079241589548583	5.552295200842979	11.021797821606894
3.1490474346327355	5.684169949649253	10.988766296289603
3.2206045656002282	5.81930307297342	10.958263527751816
3.2939553007303424	5.957758809957637	10.930381957336714
3.369142558815727	6.099601241986713	10.90521865621505
3.446209836094064	6.24489413113815	10.882875518273735
3.525201179157147	6.39370074295937	10.863459457718728
3.6061611535005973	6.546083652419438	10.847082611051777
3.6891348073553725	6.702104531822472	10.833862543003544
3.774167630417255	6.861823919405888	10.823922455919975
3.861305507065048	7.025300967283337	10.817391402002915
3.950594663631595	7.192593167329431	10.814404497699163
4.042081609264799	7.363756053542722	10.815103139413546
4.135813069887323	7.538842879363885	10.819635219590365
4.231835914734348	7.717904268369333	10.828155342062654
4.330197074918833	7.900987836708421	10.840825035408894
4.430943453443427	8.088137785605921	10.8578129628815
4.534121826048322	8.279394462213812	10.879295127279459
4.639778732252174	8.474793887063461	10.905455068927667
4.747960355912827	8.674367246350407	10.936484054697003
4.858712394605718	8.878140347280125	10.972581255751724
4.972079917086719	9.086133034709492	11.013953911442208
5.088107208078902	9.298358567348295	11.060817476471986
5.206837599597997	9.514822951838278	11.113395748158133
5.328313288005443	9.735524233099007	11.171920970271113
5.452575135958144	9.960451739437046	11.236633909586356
5.57966245840782	10.189585281055162	11.307783900904644
5.709612791792234	10.422894300778845	11.385628855903338
5.84246164555228	10.660336976035598	11.470435230763906
5.978242235110864	10.901859271396223	11.562477947088786
6.1169851954596535	11.147393941316583	11.66204026017331
6.258718274518512	11.396859483107825	11.769413568239012
6.403466005461071	11.650159040618895	11.88489715576664
6.551249357243911	11.90717925965136	12.008797863598767
6.70208536263501	12.167789096744384	12.14142967801773
6.855986723108522	12.43183858366981	12.283113230549683
7.012961390068433	12.699157550785484	12.434175199816394
7.173012121977326	12.969554313302432	12.594947606357696
7.336136017101567	13.24281432553567	12.765766990992063
7.502324021748435	13.518698809344636	12.946973466990016
7.6715604140627045	13.796943364224575	13.138909636118887
7.84382226367115	14.077256567886407	13.341919358494723
8.019078867719253	14.359318577666278	13.556346366172463
8.197291164137674	14.642779744736295	13.782532710542652
8.378411123304563	14.927259254834075	14.020817033902487
8.562381119639943	15.212343811090324	14.271532656062478
8.749133285083722	15.497586376502298	14.535005467570244
8.938588846864878	15.78250499565153	14.811551622103114
9.130657452469666	16.066581717379908	15.101475021836483
9.325236485265933	16.34926164229859	15.405064591174114
9.522210374830099	16.62995212116278	15.722591336151206
9.72144990665665	16.90802213226895	16.054305189128414
9.92281153660436	17.182801868069568	16.400431641114373
10.126136716143625	17.45358256309455	16.76116816720901
10.33125123520491	17.719616596944903	17.136680454260212
10.537964590190601	17.98011790751983	17.527098443899153
10.746069385486507	18.234262750660672	17.932512208657375
10.955340777579863	18.48119084294822	18.35296768385593
11.165535971650824	18.720006924383547	18.78846228338073
11.376393781238141	18.949782777012185	19.238940433282142
11.58763426225298	19.169559734091283	19.70428906326841
11.798958433226694	19.378351712067587	20.184333102562185
12.010048094195419	19.57514879431208	20.678831033134482
12.220565757015914	19.758921391144263	21.18747055988068
12.430154700154043	19.928624995099753	21.709864463721352
12.638439161054558	20.08320554357711	22.245546709702968
12.845024679066206	20.22160539290692	22.793968887751955
13.04949860151798	20.342769898497384	23.35449706854343
13.251430764904297	20.44565458506219	23.926409160765317
13.450374362207173	20.52923287909251	24.508892858618257
13.645867006133283	20.592504362812925	25.101044269407797
13.83743199646823	20.634503495043415	25.701867310331426
14.024579797823442	20.654308729899995	26.310273960751186
14.206809731774218	20.651051949403477	26.925085451161934
14.383611884768442	20.623928111180224	27.54503446254182
14.554469230228209	20.572204997936648	28.168768399635862
14.718859960007958	20.495232941730233	28.79485378894026
14.876260016846844	20.392454383736087	29.421781836725494
15.02614581570609	20.263413119742467	30.04797516444315
15.167997137988134	20.107763073525852	30.671795718546967
15.301300178663709	19.925276435068266	31.29155382941659
15.425550722373037	19.715850998765834	31.905518370123044
15.540257420721751	19.47951653874666	32.51192794077624
15.64494513936007	19.21644006449927	33.10900297875509
15.73915834013051	18.926929810419093	33.69495866998025
15.822464460701553	18.61143782769533	34.268018512311215
15.894457251784306	18.270561066105785	34.826428359970805
15.954760030355185	17.90504085652377	35.36847075844278
16.003028806366938	17.515760731875165	35.89247936332338
16.03895524030172	17.103742554319066	36.39685322490455
16.062269389652045	16.670140948839627	36.880070713421276
16.07274220403831	16.21623607737765	37.340702858379345
16.070187731192927	15.743424822085553	37.77742587955219
16.054464999430913	15.253210480255458	38.189032697159504
16.025479546436916	14.747191105852082	38.57444322435571
15.983184569147074	14.227046662330688	38.93271326614733
15.92758167508392	13.694525177544405	39.263041874706005
15.858721221586187	13.151428113181058	39.56477704102643
15.776702235814506	12.59959517757767	39.83741963612865
15.681671915047277	12.04088882140713	40.08062555050423
15.573824713442	11.47717866030313	40.294206017152376
15.45340102795706	10.910326066880813	40.47812614021262
15.32068550233795	10.34216916692953	40.632501686754544
15.176004973824949	9.774508461198128	40.75759423264399
15.019726092394395	9.209093275676256	40.85380478362424
14.852252646788646	8.647609220331587	40.92166601900239
14.67402263523183	8.091666809755345	40.96183332696786
14.485505121504794	7.542791370038566	40.97507481714166
14.287196918929451	7.002414325448284	40.96226050721046
14.079619145785129	6.471865927099369	40.92435088639414
13.863313695765768	5.95236945477458	40.862385059174684
13.638839666332549	5.445036893218673	40.777468668496546
13.406769786294385	4.950866056410824	40.670761789001375
13.167686881739016	4.4707391081354535	40.54346696836692
12.922180416634163	4.005422405120264	40.39681757914147
12.670843141138525	3.5555675704642775	40.232066625318964
12.414267877015348	3.1217136902281903	40.05047612801478
12.153044465633009	2.70429051495061	39.85330719368841
11.887756899984458	2.303622540431692	39.64181084709298
11.618980658057486	1.9199338381962643	39.417219690120575
11.347280250840926	1.5533535053489511	39.180740427495216
11.073206994335685	1.2039216057106639	38.933547281283325
10.797297011219516	0.8715954787836011	38.67677629879283
10.52006946436055	0.5562562998291932	38.41152054288493
10.242025021220936	0.25771578271856693	38.138826140188584
9.963644545369444	-0.024277073189798448	37.85968915127072
9.685388008854638	-0.2900292804657487	37.57505321749092
9.407693617086743	-0.5398972827492413	37.28580793200679
9.130977136124736	-0.7742805620352313	36.99278787708047
8.855631410865037	-0.9936154896443903	36.69677226633251
8.582026061567136	-1.1983694659223771	36.3984851287289
8.310507345392498	-1.389035383785255	36.098595970661755
8.041398169158109	-1.566126442011917	35.797720853301556
7.774998239292225	-1.730171325773441	35.49642382426198
7.511584334986107	-1.8817097643554792	35.195218645318064
7.251410690739137	-2.021288469396443	34.89457076127628
6.99470947486192	-2.1494574512356093	34.59489945893399
6.741691351000133	-2.266766706120905	34.29658016922532
6.492546110358009	-2.373763263018384	33.99994687000991
6.2474433629896495	-2.4709885755514236	33.7052945513789
6.0065332772768665	-2.558976242106529	33.412881709742386
5.769947357506522	-2.6382500353044986	33.12293284124536
5.537799250268714	-2.7093222207826284	32.835640909157824
5.3101855712158414	-2.7726921444873787	32.55116976376344
5.08718674453093	-2.828845067369174	32.26965649688495
4.86886784824172	-2.8782512264324867	31.991213716513002
4.655279459282992	-2.9213651014593713	31.715931730042126
4.44645849293294	-2.958624867337941	31.443880627343223
4.242429031941946	-2.990452012731021	31.175112257339993
4.043203141314766	-3.01725110677103	30.90966209389606
3.848781665307977	-3.0394096965205772	30.647550988686508
3.6591550037591545	-3.0572983190595457	30.38878681033371
3.4743038653691705	-3.0712706132180587	30.13336597044685
3.2941999960228516	-3.0816635171442486	29.881274838347313
3.1188068806473352	-3.0887975390563307	29.632491047195305
2.948080417482196	-3.0929770896623703	29.38698469498836
2.7819695639676	-3.0944908658256676	29.14471944449254
2.6204169537508437	-3.0936122760988867	28.90565352661417
2.4633594845700237	-3.090599899738725	28.669740652041504
2.3107288769963024	-3.0856979717403625	28.436930836195383
2.162452204212071	-3.079136887294345	28.207171142649678
2.018452393167858	-3.0711337198670043	27.980406350222452
1.878648697598503	-3.0618927478389186	27.75657954890906
1.7429571434980182	-3.0516059853058515	27.535632669751
1.611290947748864	-3.0404537132551086	27.31750695361033
1.483560910675984	-3.0286050078796802	27.10214336365516
1.3596757833599735	-3.0162182632867363	26.889482946180088
1.2395426105900353	-3.003441706298922	26.67946714417877
1.1230670503689217	-2.9904139014399185	26.472038067861504
1.0101536709055188	-2.9772642445440693	26.26713872608247
0.9007062260446173	-2.9641134437370056	26.064713222408397
0.7946279100880281	-2.9510739868035247	25.86470691932511
0.6918215929575786	-2.938250594193892	25.667066573842394
0.592190036642093	-2.925740657123814	25.471740447527857
0.4956360938589854	-2.9136346603997993	25.278678393780496
0.4020628898419776	-2.902016589752775	25.087831924936165
0.3113739881460521	-2.8909643235919362	24.899154261590652
0.22347354133667713	-2.8805500092001157	24.7126003663277
0.13826642740561473	-2.870840423483989	24.52812696385365
0.05565837272776981	-2.861897318468911	24.34569254936262
-0.024443937655655373	-2.8537777517911946	24.16525738678782
-0.10213276166976538	-2.846534402492185	23.98678349844327
-0.1774992130283773	-2.8402158724593503	23.810234647409835
-0.25063318454890887	-2.834866973891994	23.635576313887267
-0.32162328129215095	-2.8305290031938264	23.462775666609197
-0.39055676289011143	-2.8272400017125894	23.291801530299946
-0.4575194944529478	-2.825035003759517	23.12262435004897
-0.5225959054758864	-2.823946272349002	22.955216153378515
-0.5858689561947663	-2.824003523102578	22.789550510691587
-0.6474201108655221	-2.8252341367616065	22.62560249470773
-0.7073293174705928	-2.82766336075047	22.46334863941748
-0.7656749933807279	-2.8313145002272537	22.30276689901967
-0.8225340165247941	-2.8362090990520312	22.14383660724738
-0.8779817216450713	-2.8423671110945006	21.986538437431147
-0.9320919012383599	-2.8498070622930882	21.830854363599684
-0.9849368108049059	-2.85854620386689	21.67676762287591
-1.0365871780493372	-2.8686006570704983	21.52426267938415
-1.0871122156972948	-2.879985549869595	21.373325189852185
-1.1365796376112074	-2.8927151459027276	21.223941971060054
-1.185055677907668	-2.9068029660819517	21.07610096925926
-1.2326051127958606	-2.9222619031719	20.929791231664204
-1.279291284873559	-2.9391043296736523	20.785002880096567
-1.3251761296335767	-2.9573421993266837	20.641727086844366
-1.370320203948632	-2.9769871425289733	20.499956052782405
-1.4147827163166788	-2.998050555962024	20.35968298778893
-1.4586215586630307	-3.0205436866946966	20.22090209348032
-1.5018933395079654	-3.044477711026527	20.083608548278292
-1.5446534183213454	-3.0698638083186274	19.947798494814606
-1.5869559408969722	-3.0967132300473814	19.81346902967329
-1.6288538755900817	-3.1250373643034055	19.680618195466252
-1.6703990502722272	-3.1548477959461416	19.549244975232526
-1.711642189867058	-3.186156362611953	19.41934928915001
-1.752632954339471	-3.218975206761352	19.290931993546877
-1.7934199770191954	-3.253316823939016	19.16399488219849
-1.834050903147736	-3.289194107408296	19.038540689895314
-1.8745724285448837	-3.326620389310023	18.91457309826785
-1.9150303382979894	-3.365609478483815	18.792096743854806
-1.9554695453830386	-3.4061756950779656	18.671117228403215
-1.995934129132982	-3.4483339020628874	18.551641131389015
-2.036467373473754	-3.492099533751181	18.433676024749257
-2.0771118048530828	-3.5374886214155556	18.3172304898198
-2.1179092297922333	-3.584517816084884	18.202314136472435
-2.1589007719942344	-3.6332044085864754	18.088937624449553
-2.2001269089455726	-3.6835663468907702	17.977112686896508
-2.24162750795224	-3.735622250803824	17.86685215609232
-2.2834418615528302	-3.7893914240400663	17.758169991383788
-2.3256087222541306	-3.8448938636963006	17.651081309328966
-2.368166336536804	-3.9021502671361783	17.545602416057314
-2.411152478079577	-3.961182036281141	17.441750841857417
-2.454604480152176	-4.022011279292248	17.339545378002843
-2.4985592671275745	-4.084660809614024	17.23900611582907
-2.5430533850647636	-4.149154142338879	17.140154488074753
-2.58812303131326	-4.215515487837426	17.04301331250111
-2.6338040830898333	-4.28376974258601	16.947606837804244
-2.680132124977817	-4.353942477109699	16.85396079183347
-2.7271424752980025	-4.42605992094463	16.762102432128604
-2.7748702112982557	-4.500148944508258	16.67206059878843
-2.823350193108282	-4.576237037752956	16.58386576967836
-2.872617086402577	-4.6543522854612815	16.497550117984858
-2.9227053837126222	-4.734523339026257	16.41314757211955
-2.9736494243268883	-4.816779384544689	16.330693877970706
-3.025483412712877	-4.901150107033175	16.250226663496374
-3.0782414353928553	-4.987665650561207	16.17178550564507
-3.1319574762003812	-5.076356574077411	16.09541199958341
-3.186665429840273	-5.167253802686937	16.0211498302014
-3.242399113670138	-5.260388574120078	15.949044845855553
-3.29919227761626	-5.355792380113064	15.87914513429878
-3.3570786121311436	-5.453496902402837	15.81150110073283
-3.4160917540943054	-5.553533943018392	15.746165547904003
-3.4762652905510243	-5.655935348530315	15.683193758146821
-3.5376327601777184	-5.760732927901048	15.62264357726088
-3.600227652355449	-5.867958363557743	15.564575500085544
-3.6640834037251073	-5.977643115288155	15.50905275761433
-3.729233392090798	-6.089818316540653	15.456141405464383
-3.795710927529242	-6.204514662688049	15.405910413488565
-3.8635492405547147	-6.3217622907947915	15.358431756286112
-3.932781467180543	-6.441590650407887	15.31378050433309
-4.003440630708448	-6.564028364871359	15.272034915416517
-4.075559620068149	-6.689103082646456	15.233276526014263
-4.1491711645202685	-6.816841318102753	15.197590242217498
-4.224307804525125	-6.947268281228097	15.16506442974371
-4.3010018585702765	-7.080407695691318	15.13579100253461
-4.379285385740151	-7.216281604680176	15.109865509375075
-4.4591901438003605	-7.354910163926046	15.08738721790696
-4.54074754255944	-7.496311421320238	15.06845919534388
-4.62398859226153	-7.640501082524593	15.053188385120206
-4.708943846752678	-7.787492261977642	15.04168567862986
-4.795643341155178	-7.9372952187049055	15.034065981126654
-4.884116523775221	-8.089917076352208	15.030448270769053
-4.9743921819604475	-8.245361526877184	15.030955649697452
-5.066498361617429	-8.403628517359985	15.03571538593149
-5.160462280092137	-8.564713919425484	15.04485894476888
-5.256310232111878	-8.728609180811993	15.058522008255489
-5.354067488481829	-8.89530095867052	15.076844481179066
-5.4537581872289795	-9.064770734244776	15.09997048191681
-5.555405216885876	-9.236994408657669	15.1280483163401
-5.659030091607442	-9.411941879617622	15.161230432848209
-5.764652817820066	-9.589576598965682	15.19967335646819
-5.872291752109398	-9.769855111105748	15.243537599820742
-5.981963450065295	-9.952726572502957	15.292987548613114
-6.0936825058161	-10.138132252594145	15.348191319180538
-6.207461382004628	-10.32600501663906	15.409320585459902
-6.323310229982539	-10.51626879124773	15.476550372644637
-6.44123670002855	-10.70883801355013	15.550058814639716
-6.561245741432314	-10.903617065234242	15.630026872314106
-6.683339392327169	-11.100499692964672	15.71663800943611
-6.807516559204019	-11.299368417010307	15.810077823079016
-6.933772786096488	-11.500093930258751	15.91053362520451
-7.062100013491693	-11.702534490172654	16.01819397207117
-7.192486327095484	-11.906535306655282	16.133248138081747
-7.32491569666666	-12.111927929239718	16.255885530681166
-7.459367705226816	-12.318529637489913	16.386295042948575
-7.595817269059673	-12.526142839013824	16.52466434060296
-7.7342343490313015	-12.734554480029551	16.671179080265993
-7.874583653888449	-12.943535473988751	16.82602205600032
-8.016824336338322	-13.15284015436226	16.989372271386276
-8.16090968286408	-13.362205758302407	17.161403934705596
-8.306786798396406	-13.5713519485259	17.34228537518477
-8.454396287145842	-13.779980381407501	17.532177878725083
-8.603671931089067	-13.98777432991009	17.731234442102828
-8.754540367808678	-14.194398370612458	17.939598445283917
-8.906920769602882	-14.399498144711218	18.157402242262723
-9.060724526006968	-14.602700203453772	18.38476567170857
-9.215854932105943	-14.803611948997455	18.621794489697233
-9.372206885259516	-15.001821682161228	18.868578727913743
-9.52966659311081	-15.196898768930714	19.125190981947966
-9.688111296000955	-15.388393937868287	19.391684635657974
-9.847409007159994	-15.575839720746549	19.66809202904533
-10.007418274294153	-15.758751048751595	19.9544225786768
-10.16798796642694	-15.936626016456886	20.250660861376932
-10.328957090073796	-16.108946825426816	20.556764673692307
-10.490154639038467	-16.275180918754636	20.872663081488113
-10.651399482300308	-16.43478231703789	21.198254475944694
-10.81250029461401	-16.587193165228626	21.533404654159312
-10.973255534555973	-16.731845498439156	21.877944944487204
-11.133453474819621	-16.868163233121358	22.23167039864256
-11.292872289582315	-16.99556438805636	22.594338074392624
-11.451280203721298	-17.1134635372729	22.9656654343479
-11.608435708546867	-17.221274494361555	23.345328887845515
-11.764087848539104	-17.31841322466943	23.732962504184197
-11.917976583306329	-17.40430097855307	24.128156926423674
-12.069833228631442	-17.478367635264323	24.530458515567197
-12.219380980026324	-17.540055243172905	24.939368755132733
-12.3663355216723	-17.58882173793429	25.354343945830284
-12.510405722978065	-17.624144815946025	25.774795219228213
-12.651294424245267	-17.645525936071525	26.20008889788732
-12.78869931208727	-17.652494418221902	26.629547227398565
-12.922313884302943	-17.64461160306704	27.062449503044622
-13.051828502880554	-17.621475032998987	27.49803361042762
-13.176931532691569	-17.582722610600047	27.935497995317597
-13.29731056225004	-17.52803668739459	28.37400407321255
-13.412653701674962	-17.457148032705554	28.812679083695073
-13.522650951714958	-17.369839630114637	29.250619388665264
-13.626995636398926	-17.265950247455212	29.68689420700518
-13.72538589058357	-17.14537772555953	30.120549771276508
-13.817526192406032	-17.008081931233736	30.550613884794846
-13.903128929444543	-16.85408732122223	30.976100850006933
-13.981915986265372	-16.68348506631291	31.396016731656196
-14.053620340024302	-16.496434688254283	31.809364910954894
-14.117987649920423	-16.293165166811757	32.21515188005623
-14.174777825595797	-16.07397548005976	32.61239321972329
-14.22376655906398	-15.839234547823544	33.000119697420715
-14.26474680445398	-15.589380555957712	33.37738341828468
-14.29753018979289	-15.324919647749415	33.743263957722185
-14.321948345234553	-15.046423978002387	34.096874401902404
-14.337854132582205	-14.754529135103747	34.43736722125057
-14.345122761653037	-14.449930946387049	34.76393990232692
-14.343652779988998	-14.133381692154554	35.07584026521671
-14.333366923621979	-13.805685763562828	35.372371396791095
-14.314212818036363	-13.467694808970045	35.652896134881566
-14.286163520116302	-13.12030242205028	35.9168410444718
-14.249217893691176	-12.764438432776087	36.1636998343302
-14.203400813267287	-12.401062869047188	36.39303617093237
-14.148763192620377	-12.031159662137869	36.6044858558542
-14.085381837081496	-11.655730173101452	36.79775834284167
-14.013359120534332	-11.275786619706347	36.97263758124234
-13.93282249031468	-10.892345484350345	37.12898218315014
-13.84392380531721	-10.506420982681275	37.26672492222556
-13.746838514628097	-10.119018670380958	37.38587158244951
-13.641764685881101	-9.731129261852013	37.486499184801296
-13.52892189423826	-9.343722729473257	37.56875362881483
-13.40854998439884	-8.957742745840045	37.632846793959175
-13.280907719316302	-8.574101524158818	37.67905315265689
-13.146271330331766	-8.193675103920311	37.70770595237663
-13.00493298420646	-7.8172991203696505	37.719193028530725
-12.85719918304624	-7.445765087337705	37.71395231283897
-12.703389113357916	-7.079817213918921	37.69246710338452
-12.543832960472173	-6.720149766506661	37.65526116282486
-12.378870204317707	-6.367404979008525	37.602893710203745
-12.208847912056413	-6.022171505850812	37.53595436963962
-12.034119042411135	-5.684983404793322	37.45505813596865
-11.855040775658052	-5.356319629734137	37.360840413340185
-11.67197288224415	-5.036604007688298	37.25395217795513
-11.485276141856305	-4.72620566904138	37.135055310768394
-11.295310823533685	-4.425439896030582	37.004818140203874
-11.102435236118437	-4.134569351219319	36.863911228918745
-10.907004357002501	-3.853805645476226	36.71300343255099
-10.709368545775265	-3.583311203604826	36.55275825232561
-10.509872348040105	-3.32320138525085	36.38383049750951
-10.308853393359332	-3.0735468189513626	36.206863268091396
-10.106641390033337	-2.8343759081126345	36.02248526281377
-9.90355721823242	-2.6056774692137497	35.83130841286473
-9.699912121895466	-2.3874034645407423	35.63392583720142
-9.496006998792051	-2.1794717941591357	35.43091011165149
-9.292131787231256	-1.981769114549689	35.22281184065075
-9.088564947086068	-1.7941536542629388	35.010158517716775
-8.885573032090775	-1.6164580000136495	34.793453658522196
-8.683410349769568	-1.4484918297708038	34.573176188704686
-8.482318704849728	-1.2900445725200256	34.349780067290354
-8.282527221608555	-1.140887977437655	34.123694125784915
-8.084252240298737	-1.0007785781727074	33.89532210256826
-7.88769728257443	-0.8694600407363171	33.665042852157214
-7.693053080696709	-0.746665386121975	33.43321070913524
-7.500497665232972	-0.6321190812076162	33.2001559870523
-7.310196505962937	-0.5255389936999486	32.96618559331789
-7.122302700758624	-0.4266382088668857	32.731583742005114
-6.936957207313114	-0.3351267075654304	32.49661274751926
-6.754289112740929	-0.2507129066094618	32.26151388321874
-6.5744159362564805	-0.1731050638427096	32.02650829027917
-6.397443960349027	-0.10201255139632386	31.791797923332968
-6.223468586107128	-0.037147001530284496	31.557566520672882
-6.052574708596643	0.021776669802747256	31.323980588055335
-5.884837108457265	0.07503935595890543	31.091190386359315
-5.7203208561508205	0.12291696303307532	30.859330914535576
-5.559081725566553	0.16567971728896858	30.628522880408788
-5.401166613957289	0.203591569987853	30.398873652958148
-5.246613965445605	0.23690969294332948	30.17047819069663
-5.0954541956004284	0.2658840581455381	29.94341994169538
-4.947710114832686	0.29075709488938867	29.717771711644037
-4.803397348599045	0.31176341799309004	29.49359649711002
-4.6625247526337	0.3291296208945049	29.270948281860015
-4.525094821642486	0.34307412765411754	29.04987279472753
-4.391104090098702	0.35380709816386646	28.8304082280662
-4.260543523967728	0.3615303811536617	28.61258591631071
-4.133398902367482	0.36643750989375307	28.396430974595106
-4.009651188332763	0.3687137358063025	28.18196289773837
-3.889276888001444	0.36853609551719935	27.96919612021539
-3.772248397680217	0.36607350719538073	27.758140537994333
-3.6585343383694755	0.36148689233814213	27.54880199332913
-3.5480998774411447	0.35492931946380823	27.341182723769126
-3.440907037265198	0.3465461664657265	27.135281776782648
-3.3369149906720788	0.336475298662011	26.931095391493304
-3.2360803432177296	0.3248472598422718	26.728617349097206
-3.138357402290166	0.31178547386506505	26.52783929357659
-3.043698433160584	0.29740645459759024	26.32875102435206
-2.952053902135017	0.2818200222114838	26.131340762517212
-2.8633727070112114	0.2651295240560512	25.935595392290857
-2.777602395086058	0.2474320585228215	25.741500679297538
-2.6946893689922384	0.22881870049301412	25.54904146724886
-2.6145790806729043	0.20937472712362465	25.358201854555954
-2.537216213826255	0.18917984287812936	25.16896535234982
-2.4625448551702087	0.16830840284516646	24.981315025326374
-2.3905086548937398	0.14682963351428774	24.79523361677423
-2.321050976671941	0.12480785029174397	24.610703659076343
-2.2541150376294548	0.10230267114244053	24.427707570908872
-2.1896440386424496	0.07936922583768669	24.246227742293726
-2.1275812853715452	0.056058360372393715	24.06624660859292
-2.0678703004183423	0.03241683619096361	23.88774671446553
-2.010454926996631	0.008487523928881463	23.710710768742466
-1.9552794245047882	-0.01569040856295195	23.535121691106394
-1.9022885563822496	-0.0400813140897746	23.360962651405266
-1.8514276706262875	-0.06465289001136029	23.188217102366487
-1.8026427733373367	-0.08937600825624598	23.016868806418454
-1.7558805956534738	-0.11422455150328868	22.84690185727248
-1.7110886544258646	-0.13917525554921473	22.67830069686605
-1.6682153069769987	-0.16420755785240498	22.51105012821694
-1.6272098002737199	-0.18930345221814765	22.345135324691327
-1.5880223148369228	-0.21444734956882602	22.180541836145782
-1.5506040036985007	-0.23962594472429843	22.017255592359096
-1.5149070267060876	-0.2648280891013427	21.855262904134296
-1.48088458046462	-0.290044669227888	21.694550462412955
-1.448490924192837	-0.3152684909564019	21.535105335710497
-1.4176814017622814	-0.34049416925109577	21.376914966152185
-1.388412460174965	-0.36571802341626836	21.219967164358618
-1.3606416647252721	-0.3909379776268245	21.06425010340396
-1.3343277110813254	-0.41615346661692937	20.909752312047686
-1.3094304345100667	-0.4413653463795647	20.756462667415835
-1.285910816460253	-0.46657580972707474	20.60437038728851
-1.2637309887077424	-0.4917883065609663	20.45346502213322
-1.2428542352573613	-0.5170074686987121	20.303736447005438
-1.2232449921863102	-0.5422390391050542	20.155174853423688
-1.2048688456045782	-0.5674898053761368	20.007770741311536
-1.1876925278990613	-0.5927675373257018	19.86151491108778
-1.171683912419392	-0.6180809285241321	19.71639845597563
-1.156812006754842	-0.6434395416434697	19.5724127545899
-1.14304694474373	-0.6688537574636907	19.429549463854052
-1.1303599773489057	-0.6943347273982383	19.287800512290687
-1.1187234625253366	-0.7198943293997621	19.147158093722716
-1.1081108541985745	-0.745545127110175	19.00761466141599
-1.0984966904658726	-0.7713003321226009	18.869162922688595
-1.0898565811251686	-0.7971737692260485	18.73179583400861
-1.0821671946306683	-0.823179844507366	18.595506596597577
-1.0754062445677104	-0.8493335161885904	18.46028865255422
-1.0695524757336308	-0.8756502680818781	18.32613568150859
-1.0645856499059114	-0.9021460855476512	18.193041597816155
-1.0604865313735543	-0.9288374338451857	18.061000548300587
-1.0572368723024268	-0.955741238769273	17.930006910549416
-1.054819398000598	-0.9828748694700339	17.800055291767404
-1.0532177921451	-1.0102561233565766	17.67114052819236
-1.0524166820271401	-1.0379032129890733	17.54325768507683
-1.0524016238686602	-1.0658347548675104	17.416402057238663
-1.0531590882592223	-1.094069760028883	17.290569170183957
-1.0546764457584605	-1.1226276263680732	17.165754781806264
-1.0569419527058272	-1.1515281326012283	17.041954884665707
-1.0599447372760251	-1.1807914337937342	16.919165708852574
-1.063674785815345	-1.210438058377931	16.797383725441524
-1.0681229294911636	-1.24048890658911	16.67660565054229
-1.0732808312840647	-1.270965250251427	16.556828449953585
-1.0791409733493575	-1.301888733847928	16.43804934442953
-1.0856966447722673	-1.3332813768118517	16.320265815568288
-1.0929419297387504	-1.3651655769791915	16.20347561233348
-1.1008716961416223	-1.3975641151447635	16.087676758221306
-1.1094815846396153	-1.4305001606665664	15.972867559087339
-1.1187679981850163	-1.4639972780654806	15.859046611648512
-1.1287280920336464	-1.498079434569344	15.746212812677893
-1.1393597642492392	-1.532771008552531	15.634365368911135
-1.1506616467125617	-1.568096798823798	15.523503807685895
-1.162633096644134	-1.604082034717002	15.413627988336678
-1.1752741886478966	-1.6407523869406284	15.304738114370078
-1.1885857072817343	-1.6781339791432839	15.196834746447616
-1.2025691401594745	-1.7162534001534908	15.08991881620527
-1.2172266715878348	-1.7551377168534108	14.983991640940026
-1.2325611767404274	-1.7948144876463419	14.879054939197543
-1.248576216369731	-1.8353117764783347	14.775110847297475
-1.2652760320571437	-1.8766581673754026	14.672161936833184
-1.282665541999789	-1.91888277945695	14.570211233187816
-1.3007503373319649	-1.962015282386623	14.469262235109356
-1.3195366789780145	-2.0060859122212102	14.369318935390723
-1.3390314950323527	-2.0511254876175453	14.27038584270379
-1.3592423786615029	-2.097165426356812	14.172468004638446
-1.3801775865219141	-2.1442377621443285	14.07557103200124
-1.4018460376863364	-2.1923751616415323	13.979701124430983
-1.4242573130705454	-2.241610941685268	13.884865097391682
-1.4474216553512176	-2.291979086647598	13.791070410606078
-1.4713499693645944	-2.343514265886804	13.698325197996784
-1.4960538229744824	-2.3962518512376305	13.606638299205144
-1.521545448397067	-2.4502279344859423	13.516019292761083
-1.547837743968715	-2.505479344769357	13.426478530980944
-1.5749442763417372	-2.56204366584168	13.338027176673702
-1.602879283091623	-2.619959253134503	13.250677241739789
-1.6316576757178671	-2.679265250544622	13.164441627750316
-1.6612950430191296	-2.7400016068710276	13.079334168597693
-1.6918076548214545	-2.802209091818637	12.995369675313523
-1.7232124660368777	-2.865929311480375	12.912563983152342
-1.7555271210275816	-2.931204723201668	12.830934001044332
-1.7887699582488379	-2.9980786497241145	12.7504977635235
-1.8229600151417498	-3.0665952924967272	12.671274485241836
-1.8581170332442816	-3.1367997440339135	12.593284618183763
-1.894261463486704	-3.2087379991899647	12.516549911698517
-1.9314144716345831	-3.282456965208839	12.441093475472082
-1.9695979438393272	-3.3580044703962884	12.366939845563852
-2.008834492253584	-3.4354292712501113	12.294115053635325
-2.049147460664661	-3.5147810578696497	12.222646699502468
-2.090560930095218	-3.596110457451029	12.152564027146102
-2.133099724317029	-3.679469035660376	12.083898004315861
-2.1767894152187055	-3.764909295659588	12.016681405866084
-2.2216563279633896	-3.8524846745410932	11.950948900963622
-2.2677275458673862	-3.9422495369089887	11.886737144308144
-2.315030914924998	-4.034259165323059	11.824084871505857
-2.3635950478990306	-4.128569747300375	11.76303299873678
-2.4134493278895706	-4.2252383585447975	11.703624726854708
-2.4646239112867647	-4.324322942049534	11.64590565005629
-2.5171497300059733	-4.4258822826912025	11.589923869251777
-2.5710584928953066	-4.529975976904448	11.535730110265291
-2.626382686197013	-4.636664396995768	11.483377846985675
-2.6831555729348637	-4.746008649622558	11.43292342958064
-2.7414111910896026	-4.85807052792863	11.384426217876738
-2.8011843504139375	-4.972912456790964	11.33794871999498
-2.8625106277268286	-5.090597430593154	11.29355673631711
-2.925426360515193	-5.211188942901237	11.251319508839192
-2.989968638657729	-5.334750907373746	11.211309875948569
-3.0561752940710787	-5.461347569191447	11.173604432635932
-3.12408488806488	-5.591043406246918	11.138283696125157
-3.1937366961760993	-5.723903019283617	11.105432276871106
-3.265170690236217	-5.859991010122174	11.075139054838132
-3.338427517406684	-5.999371847056932	11.047497360929308
-3.413548475900402	-6.142109716452169	11.022605163387098
-3.4905754870870993	-6.288268359509804	11.000565258931216
-3.569551063658531	-6.437910893119399	10.981485468337477
-3.650518273509184	-6.591099613644371	10.96547883609079
-3.733520698964142	-6.747895782435333	10.952663833667293
-3.8186023909621456	-6.908359391801017	10.943164565912598
-3.9058078177774185	-7.07254891010706	10.937110979885212
-3.9951818078368033	-7.240521004610726	10.934639075425453
-4.086769486162852	-7.412330240582719	10.935891116589389
-4.18061620394557	-7.588028755210552	10.941015842954002
-4.276767460717108	-7.767665904725125	10.95016867965276
-4.375268818573557	-7.951287883142135	10.963511944838888
-4.476165807860547	-8.138937310971523	10.981215053096435
-4.579503823708109	-8.330652792211062	11.003454713125288
-4.6853280127702845	-8.52646843791472	11.030415117814693
-4.7936831494974825	-8.726413354616776	11.062288124590426
-4.904613501238581	-8.93051109588904	11.09927342367144
-5.018162681442476	-9.13877907532661	11.141578691602776
-5.134373490203903	-9.351227939296535	11.189419727142676
-5.253287741372408	-9.56786089784014	11.243020566271099
-5.374946075422693	-9.78867301220702	11.302613572755872
-5.499387757266288	-10.01365043761481	11.368439500360667
-5.626650458169509	-10.24276961997797	11.440747522405983
-5.756770020935806	-10.475996445543364	11.5197952240035
-5.889780207505826	-10.71328534260203	11.605848551873303
-6.02571242813267	-10.954578334731975	11.69918171622717
-6.164595451304797	-11.199804045372458	11.80007703876322
-6.306455093610182	-11.448876653931745	11.908824740367256
-6.451313888770008	-11.701694804104681	12.02572266166228
-6.59919073511726	-11.958140465625416	12.151075909093489
-6.750100520858232	-12.218077751313254	12.285196418789475
-6.904053726534807	-12.481351691992854	12.428402430009408
-7.061056004201511	-12.747786972684434	12.581017859577294
-7.2211077329535485	-13.017186634385864	12.74337156833602
-7.384203550582516	-13.289330746794185	12.915796510330011
-7.550331861306545	-13.56397505846009	13.098628755168358
-7.719474319719974	-13.84084963213227	13.292206373844696
-7.891605291332544	-14.11965747442529	13.49686817820946
-8.066691290334134	-14.400073170455055	13.712952304339106
-8.244690395515484	-14.681741535703456	13.940794630232398
-8.425551645610701	-14.96427629911074	14.180727018622145
-8.609214415705932	-15.247258833242679	14.433075376250569
-8.79560777677129	-15.530236949310149	14.698157521733087
-8.984649840836004	-15.81272377683841	14.976280855177404
-9.176247094829796	-16.09419674985218	15.267739824050789
-9.37029372665908	-16.37409672353652	15.572813181431723
-9.566670947677762	-16.65182724742318	15.891761034779789
-9.765246316340544	-16.926754023184397	16.22482168572874
-9.965873068494506	-17.198204577050127	16.572208264187285
-10.168389460464704	-17.46546817863623	16.93410516323761
-10.372618131813937	-17.727796039511475	17.31066428496639
-10.57836549540314	-17.984401826071924	17.702001111463947
-10.78542116312862	-18.234462522136592	18.10819061976841
-10.99355741646386	-18.47711967705142	18.529263064517256
-11.202528731661332	-18.711481074876655	18.965199657450253
-11.412071370164597	-18.93662285934503	19.41592817865396
-11.621903045424494	-19.151592147609357	19.88131856048694
-11.83172267787396	-19.355410163235078	20.361178491370804
-12.041210250284236	-19.547075915351826	20.855249092995024
-12.2500267760662	-19.72557044625821	21.36320073081343
-12.457814393265599	-19.88986166399763	21.884629023844706
-12.664196597011562	-20.038909769443144	22.419051125569624
-12.868778622973663	-20.17167327920233	22.96590235291229
-13.071147993947026	-20.28711563618764	23.52453324470385
-13.270875240978025	-20.384212389021634	24.094207134381772
-13.467514809447636	-20.461958909647304	24.674098323739674
-13.660606159230008	-20.519378605723215	25.263290945072406
-13.849675066410455	-20.555531570777024	25.86077859777082
-14.034235132076182	-20.569523600915595	26.46546484208813
-14.213789501387556	-20.560515492445216	27.076164627233343
-14.38783279349793	-20.527732520391524	27.691606722962064
-14.555853239931848	-20.47047398403467	28.310437213310337
-14.717335025790634	-20.388122692642035	28.9312240980328
-14.871760824662369	-20.280154253072894	29.552463031666043
-15.018614514430348	-20.146146011350808	30.172584212092442
-15.157384057362036	-19.98578549315523	30.78996041024377
-15.28756452399536	-19.79887818396193	31.402916110483478
-15.408661236512028	-19.585354488706596	32.009737707691535
-15.520193003593992	-19.34527571373421	32.60868468268444
-15.621695415300474	-19.078838920721505	33.19800165295699
-15.712724163388726	-18.78638051339284	33.77593117155419
-15.792858349837099	-18.468378433235557	34.340727123928254
-15.861703744217815	-18.12545285995101	34.89066855170317
-15.918895949104684	-17.75836533577898	35.42407371415461
-15.964103431967981	-17.368016259685835	35.93931418365092
-15.99703038207459	-16.955440727111796	36.43482876098925
-16.01741935182206	-16.521802722786514	36.909136991075286
-16.025053643710976	-16.068387707200333	37.360852059142424
-16.019759406801516	-15.596593670691709	37.78869285296673
-16.00140740997654	-15.107920761773078	38.1914949873671
-15.969914463588308	-14.603959627217856	38.56822060356575
-15.925244466015311	-14.086378629597345	38.91796677735249
-15.867409057193424	-13.5569101324278	39.23997239593433
-15.796467867180034	-13.017336063047045	39.53362339313126
-15.712528354120074	-12.469472978165927	39.798456265297126
-15.615745232448141	-11.915156866199974	40.03415982504807
-15.506319498617373	-11.356227923734123	40.24057518547626
-15.38449706793668	-10.794515540785465	40.41769400290935
-15.250567042056586	-10.231823721010413	40.56565504039585
-15.104859632134575	-9.669917149093745	40.68473914591186
-14.947743767599526	-9.110508098780933	40.77536276790991
-14.779624424615664	-8.555244352107392	40.83807015549854
-14.600939711738555	-8.005698274187282	40.87352441066124
-14.412157752801248	-7.463357159367236	40.88249757509598
-14.213773408740186	-6.929614934593363	40.865859944275876
-14.006304880864938	-6.405765275435795	40.824568806184566
-13.790290238020896	-5.892996160288169	40.75965680203764
-13.566283909237107	-5.392385859639036	40.67222010149672
-13.334853181853626	-4.904900330713264	40.5634065758834
-13.096574742878172	-4.431391963829382	40.434404140280876
-12.85203129852322	-3.9725996059616002	40.28642941982369
-12.601808303626132	-3.5291497695471508	40.120716877609944
-12.346490829062533	-3.1015589207091794	39.938508522224794
-12.086660591437909	-2.690236730815431	39.74104429252187
-11.822893165394976	-2.29549016858734	39.529553196716826
-11.555755394893906	-1.9175283066053166	39.305245262576456
-11.285803015894906	-1.5564677157501299	39.06930433603689
-11.013578499090084	-1.2123383235599294	38.82288174738154
-10.739609117752707	-0.8850896172725196	38.56709084747752
-10.464405242443247	-0.57459707904966	38.30300240173843
-10.188458861285172	-0.2806687491507421	38.03164081661231
-9.91224232182461	-0.0030518222289997823	37.75398116255845
-9.636207288128755	0.25856080791961505	37.47094694867235
-9.360783904765729	0.5045241292611136	37.18340859728856
-9.08638015765506	0.7352347815131373	36.892182561946825
-8.813381420449709	0.9511250681544487	36.59803102888083
-8.542150174103337	1.1526572532760506	36.30166214052562
-8.273025886575676	1.340318176538589	36.00373067925946
-8.00632503919077	1.5146142106473544	35.704839150487196
-7.742341285973285	1.6760665776879413	35.40553920605215
-7.481345732315554	1.8252070334423314	35.10633335164278
-7.2235873195417035	1.9625739224545158	34.80767688515692
-6.969293302298889	2.0887086011392153	34.50998001672763
-6.718669806205004	2.2041522215959444	34.213610125167186
-6.471902453785959	2.3094428649683203	33.91889410981252
-6.229157047406424	2.405113010128068	33.626120801029245
-5.990580298637916	2.4916873210906414	33.335543396884695
-5.756300594277414	2.569680734828333	33.04738189763318
-5.526428790016034	2.6395968299633155	32.76182551361262
-5.301059023554282	2.7019264561241507	32.479035025895016
-5.080269539744263	2.757146603470826	32.199145082517056
-4.864123521105543	2.805719491967062	31.922266416326845
-4.65266991780172	2.848091860343495	31.648487973406866
-4.445944271868671	2.884694435295953	31.377878943662044
-4.243969531154599	2.915941562246696	31.110490687508356
-4.0467568490571955	2.9422309799193567	30.846358554661112
-3.8543063667232014	2.96394372200001	30.585503592817574
-3.666607974914799	2.981444130242041	30.32793414557822
-3.4836420532367742	2.995079964493622	30.07364734026089
-3.3053801848658226	3.005182596257761	29.822630467360415
-3.131785845329616	3.012067273516602	29.57486225431206
-2.9628150642400635	3.0160334456482585	29.330314036936237
-2.7984170592135005	3.0173651383221123	29.088950832519135
-2.6385348414941223	3.0163313692692326	28.850732318912712
-2.483105793044457	3.0131865967805322	28.615613724342655
-2.332062215089307	3.008171193682165	28.383546632824338
-2.1853318482852333	3.0015119403730854	28.154479710197588
-2.0428383648479493	2.9934225312822083	27.928359355828533
-1.9045018331090013	2.984104089812796	27.705130285005644
-1.770239155084952	2.973745687490528	27.484736046976554
-1.639964477735203	2.962524863621149	27.26711948345034
-1.5135895786629583	2.9506081422966983	27.052223132240222
-1.3910242270708322	2.9381515440683654	26.839989580536937
-1.272176520828331	2.9253010900328738	26.630361772103363
-1.1569532005438599	2.912193296461465	26.423283272471362
-1.0452599415534358	2.8989556584388776	26.218698495994737
-0.9370016247522506	2.8857071212784677	26.016552898386838
-0.8320825872014566	2.872558538742017	25.816793138145734
-0.7304068534382526	2.859613117321613	25.61936721003923
-0.6318783484100263	2.846966846040162	25.424224553600247
-0.5364010929420735	2.8347089113994417	25.231316139369348
-0.44387938263008464	2.8229220972524134	25.04059453540887
-0.3542179510287144	2.8116831695029774	24.852013956412513
-0.26732211798535294	2.801063245643699	24.665530297543523
-0.18309792394285973	2.791128149232322	24.481101154951695
-0.10145225100851415	2.781938749483283	24.29868583474709
-0.022292931558960928	2.773551286212767	24.118245352047037
0.05447115487691792	2.766017680426781	23.939742421562777
0.1289299957452038	2.7593858308824375	23.763141441048447
0.2011723699211661	2.7536998969849735	23.588408468803898
0.27128578183518065	2.7490005684078684	23.415511196304394
0.33935640464623257	2.7453253218416007	23.24441891691215
0.4054690318653682	2.74270866528963	23.07510249152603
0.46970703686008264	2.741182370338291	22.907534311929293
0.532152339699178	2.7407756928314777	22.741688262505434
0.5928853808223549	2.7415155823819743	22.577539680917933
0.6519851010464046	2.7434268811492863	22.415065318273435
0.7095289274448169	2.7465325123096487	22.254243299222967
0.7655927646613596	2.7508536586377357	22.095053082398255
0.820250991241757	2.7564099316118202	21.937475421526745
0.8735764605908188	2.7632195314451664	21.781492327519363
0.9256405061840611	2.7712993984364807	21.627087031782168
0.9765129506828872	2.78066535602134	21.474243950967196
1.0262621186231353	2.7913322458951426	21.32294865334161
1.074954852365895	2.80331405556628	21.17318782692421
1.1226565310171743	2.816624038685885	21.02494924951351
1.1694310920410436	2.8312748284881764	20.87822176070649
1.2153410553072441	2.8472785446628013	20.7329952359875
1.2604475493297302	2.864646893967802	20.58926056295029
1.304810339468152	2.883391264879318	20.447009619699305
1.3484878578782906	2.90352281656143	20.30623525546423
1.391537235010492	2.9250525624267483	20.166931273452526
1.434014332468788	2.9479914485461767	20.029092415952803
1.4759737770550463	2.972350427153776	19.892714351695876
1.517468995833707	2.998140525480231	19.757793665475006
1.5585522520637862	3.0253729101364644	19.62432785002098
1.5992746818548726	3.0540589472568835	19.49231530012444
1.6396863314132433	3.0842102585997933	19.3617553089957
1.6798361947532952	3.1158387737907987	19.232648066850253
1.7197722517580125	3.1489567788835164	19.10499466170676
1.7595415064795934	3.183576961400051	18.978797082385505
1.7991900255791684	3.2197124520026557	18.85405822369396
1.8387629768109448	3.2573768629363378	18.730781893788162
1.8783046674625679	3.2965843233710257	18.608972823699357
1.9178585826693728	3.3373495117607574	18.488636679016707
1.9574674235252283	3.3796876853258753	18.369780073719664
1.9971731449180967	3.4236147067535536	18.252410586154095
2.037016993022188	3.469147068200129	18.13653677715053
2.0770395423831647	3.516301912668055	18.02216821028363
2.117280732536357	3.5650970528190227	17.909315474274642
2.157779904100733	3.6155509872730023	17.797990207542167
2.198575834294728	3.667682914432217	17.688205124907476
2.2397067718219827	3.7215127438570685	17.57997404646405
2.281210471077262	3.7770611052095817	17.473311928622785
2.3231242256244955	3.834349354768265	17.36823489734627
2.3654849008999363	3.893399579505958	17.264760283587968
2.4083289660945324	3.9542345987103826	17.162906660953247
2.451692525170103	4.016877963114576	17.062693885600797
2.495611346964028	4.081353951491682	16.964143138404054
2.540120894336902	4.147687564655469	16.867276969393316
2.5852563523171956	4.2159045167948355	16.772119344498964
2.631052655196194	4.286031224057144	16.678695694616195
2.6775445125247592	4.35809479028055	16.587032967011694
2.7247664339624365	4.432122989761938	16.497159679090487
2.7727527529271074	4.508144246931828	16.409105974540065
2.8215376489910073	4.586187612792229	16.322903681866425
2.871155168966549	4.666282737958276	16.23858637533292
2.921639246622166	4.748459842128042	16.15618943830901
2.9730237209650285	4.8327496797883915	16.075750129030993
3.025342353023525	4.919183501947326	15.99730764877101
3.078628841058345	5.007793013665814	15.920903212403362
3.132916834126942	5.098610327144736	15.846580121348262
3.18823994392045	5.191667910102699	15.774383838864653
3.244631754787089	5.286998529161682	15.704362067652376
3.3021258318507534	5.384635187938519	15.636564829710846
3.360755727127175	5.484611059519728	15.571044548387528
3.4205549835335303	5.586959412976683	15.50785613253349
3.4815571366803195	5.691713533556883	15.44705706266539
3.5437957143277625	5.798906636167081	15.388707479012272
3.607304233380558	5.908571771741322	15.332870271303848
3.672116194287215	6.020741726066012	15.279611170131357
3.7382650727020508	6.135448910613047	15.228998839684118
3.805784308258646	6.252725244909563	15.181104971634669
3.874707290294634	6.372602029951941	15.136004379911217
3.9450673403586913	6.495109812151685	15.09377509605863
4.016897691320283	6.620278237279471	15.054498464848818
4.090231462892958	6.74813589385499	15.018259239756347
4.1651016333721405	6.87871014541269	14.985145677866255
4.241541007377281	7.012026951055831	14.95524963372821
4.319582179377959	7.148110673697079	14.92866665161332
4.399257492772716	7.286983875371123	14.905496055567344
4.480598994279428	7.428667098996307	14.885841036586255
4.563638383384711	7.573178635954599	14.869808736167547
4.648406956588847	7.72053427885553	14.857510325412237
4.7349355461741025	7.870747058854417	14.849061078768008
4.823254453213874	8.023826966900987	14.844580441414223
4.913393374530098	8.179780658306386	14.844192089193607
5.005381323299218	8.338611140038743	14.848023979893096
5.09924654299809	8.5003174401832	14.856208394568295
5.195016414376017	8.66489425904125	14.868881967491674
5.292717355133055	8.832331601389496	14.886185703184543
5.392374711980692	9.00261438947516	14.908264978866681
5.494012644760899	9.175722056399017	14.93526953052651
5.597654002298275	9.351628119618054	14.9673534206782
5.703320189664065	9.530299734401773	15.00467498573173
5.811031026536297	9.71169722719254	15.047396760757854
5.92080459634914	9.895773608955281	15.09568537928318
6.032657085938526	10.082474068759614	15.149711445603078
6.146602615407466	10.271735448014159	15.209649376952207
6.262653057955747	10.463485695973759	15.275677212726183
6.380817849447873	10.657643307371233	15.347976387806987
6.501103787524588	10.854116743277615	15.42673146690845
6.6235148201029554	11.05280383657925	15.512129836731543
6.748051823158437	11.253591183777823	15.604361352606114
6.874712367735085	11.45635352516352	15.703617936196213
7.0034904761933126	11.66095311579253	15.810093120767538
7.134376367778029	11.867239090116836	15.923981540462169
7.267356193671988	12.075046823563849	16.04547836000088
7.402411761790706	12.284197294846496	16.174778641242177
7.53952025168058	12.494496453306134	16.312076643078807
7.678653919997537	12.70573459614354	16.457565051250334
7.819779797171515	12.917685760978047	16.611434134801726
7.962859376004325	13.130107139790509	16.773870826132384
8.107848293101775	13.342738520943605	16.94505772186084
8.254696004211043	13.555301766636243	17.12517200209172
8.403345454714879	13.767500333821214	17.3143842661142
8.553732746730255	13.979018847297727	17.512857283099024
8.705786804469868	14.189522734371973	17.720744657001532
8.859429039742476	14.398657931139068	17.938189405619607
9.014573019707628	14.606050671088134	18.165322454625038
9.171124139240105	14.811307367325426	18.402261048364437
9.328979300512115	15.014014600252535	18.64910708033355
9.48802660266647	15.213739223010544	18.905945347474447
9.648145044713475	15.410028597365365	19.172841733806088
9.809204245052175	15.602410972965718	19.449841330398577
9.971064181281033	15.790396023017589	19.736966500324666
10.1335749542177	15.973475549360364	20.034214898956257
10.296576580296039	16.151124369684428	20.34155746182207
10.45989881673636	16.32280139915958	20.658936374174075
10.623361024090805	16.48795093802777	20.986263038411565
10.786772070945482	16.64600417572827	21.323416057562277
10.949930285700585	16.796380920836775	21.6702392550755
11.112623460447539	16.938491564496726	22.026539753216554
11.274628912010584	17.071739283082678	22.39208613432448
11.43571360520569	17.1955224835431	22.766606711045693
11.59563434328747	17.309237492220063	23.149787933338747
11.754138030401945	17.412281484939115	23.541272961513517
11.910962010623573	17.504055652804873	23.940660435742753
12.065834487822096	17.583968594446603	24.347503473298744
12.218475030181244	17.651439921468338	24.761308925179435
12.368595162663395	17.705904059604148	25.1815369237114
12.515899050081098	17.746814223616898	25.607600752094466
12.660084272696242	17.77364653937546	26.038867065627407
12.800842695418773	17.78590428187987	26.474656492468316
12.937861430727319	17.78312219337092	26.91424463921239
13.070823894382636	17.76487084116124	27.35686352326721
13.199410951860488	17.730760970575915	27.801703449959525
13.323302152208758	17.680447804514998	28.24791534753525
13.44217704474411	17.613635237774627	28.694613567728364
13.555716572668885	17.530079871516197	29.14087915343957
13.663604536318573	17.42959483128602	29.585763568313133
13.76552911738037	17.312053310879968	30.02829287576902
13.861184454076191	17.177391784224348	30.46747234744874
13.950272255998703	17.025612828408224	30.90229147317399
14.032503446067107	16.85678750311789	31.33172933660327
14.107599815953407	16.67105723504405	31.754760312954463
14.175295680354628	16.468635160367377	32.17036003765347
14.235339514677682	16.24980688416651	32.57751158775597
14.287495560090633	16.014930622481817	32.97521181167882
14.331545379502975	15.764436700714466	33.36247773737424
14.367289347887693	15.498826390921527	33.73835298476063
14.39454806046713	15.218670080221042	34.101914105156226
14.413163642664387	14.924604772749014	34.452276768791535
14.423000946377002	14.617330938200196	34.788601721296345
14.423948618059944	14.29760873068117	35.110100431453034
14.41592002530131	13.966253612159427	35.416040355490246
14.398854030022228	13.624131424947382	35.7057497477373
14.372715598111245	13.272152967141126	35.97862195351729
14.337496237183418	12.911268133505793	36.23411912759602
14.293214256203926	12.542459691742945	36.471775330165556
14.239914842894262	12.166736770168447	36.691198962048475
14.177669957104447	11.785128137438498	36.8920745113097
14.106578040644047	11.398675357969733	37.07416359450694
14.026763546368553	11.008425908016072	37.23730528714182
13.938376291571181	10.615426336988602	37.3814157491982
13.841590642889528	10.220715556565969	37.50648716270068
13.736604541957474	9.825318336507973	37.61258600873603
13.623638382878422	9.430239080985801	37.699850721106905
13.502933754232581	9.03645595283736	37.76848876251912
13.374752059732684	8.644915405644447	37.81877317676116
13.239373032784101	8.256527175115423	37.85103867658375
13.097093161076975	7.8721597721942995	37.86567733182659
12.948224037932196	7.492636510844339	37.863133925722465
12.79309065743434	7.118732093799085	37.84390104922802
12.632029670425917	6.7511697699913125	37.80851400371739
12.465387618218493	6.39061906806835	37.75754558150448
12.293519160409568	6.0376941015657675	37.69160079153446
12.11678531251142	5.6929524331332795	37.611311594337735
11.935551708217279	5.356894477805778	37.51733170612336
11.750186900083813	5.029963418806009	37.41033152687048
11.561060711223943	4.712545603821712	37.29099324162948
11.368542649313987	4.404971385166008	37.16000613814645
11.173000392855617	4.107516363718783	37.018062177548806
10.974798358220589	3.82040299403321	36.865851848335616
10.77429635458056	3.5438025064490364	36.70406032745918
10.571848332405457	3.2778371014109955	36.53336396599372
10.367801229827469	3.022582371374433	36.35442711088095
10.162493919838253	2.7780699066059813	36.16789926861896
9.956256260022606	2.5442900427453994	35.9744126115894
9.749408245356431	2.3211947100969605	35.77457982306135
9.542259263517943	2.1087003471568164	35.56899227280396
9.335107451183042	1.9066908437524634	35.35821851169869
9.128239148909712	1.7150204822829103	35.14280307077572
8.921928451460133	1.5335168488093565	34.923265547693134
8.716436849765254	1.3619836890773407	34.70009996181182
8.512012960201096	1.2002036878794662	34.47377435766186
8.308892336417932	1.0479411534331171	34.24473063571046
8.10729735863047	0.9049445915925395	34.013384588877535
7.90743719504375	0.7709491577063702	33.78012612316662
7.709507829940264	0.6456789767299904	33.54531964103011
7.513692152877516	0.528849324781974	33.30930456661491
7.320160103445558	0.4201686676880162	33.07239599280407
7.129068866093579	0.3193405541682316	32.83488543092672
6.940563109645938	0.2260653631935338	32.597041645110174
6.754775266284762	0.14004190666790672	32.35911155445765
6.571825844972404	0.06096888999364836	32.12132118751945
6.391823774511156	-0.011453765745607093	31.88387667484849
6.214866771683796	-0.07752373527976303	31.646965266765346
6.041041730186851	-0.13753522884179237	31.41075636478947
5.870425126344548	-0.19177805396807662	31.175402556490354
5.703083437872937	-0.24053679288437183	30.94104064476271
5.5390735722524935	-0.2840900886511416	30.707792663728977
5.3784433015510436	-0.3227100330673614	30.475766874599387
5.221231700818158	-0.35666164926536026	30.24505873587344
5.067469587447799	-0.3862024619546739	30.01575184324654
4.917179959166835	-0.41158214837774343	29.787918835477594
4.7703784285610356	-0.43304226320844846	29.56162226328969
4.627073652292783	-0.45081603084481153	29.336915419114174
4.48726775338844	-0.4651281988093805	29.113843126139443
4.350956735187392	-0.4761949462628374	28.892442485707836
4.2181308857467705	-0.48422384195057416	28.67274358261824
4.088775171677866	-0.48941384623132067	28.45477014832981
3.9628696205610674	-0.4919553521735689	28.238540182442005
3.8403896912450004	-0.4920302610445812	28.024066533151206
3.721306631476279	-0.4898120878537418	27.81135743764881
3.605587822435912	-0.48546609294253384	27.600417023644805
3.4931971098790764	-0.47914943593492426	27.3912457733829
3.384095121676529	-0.47101134867179223	27.18384095164353
3.2782395716518096	-0.4611933240493693	26.97819699933634
3.1755855496943144	-0.4498293179636277	26.77430589435982
3.0760857981979335	-0.43704596182837235	26.572157481442982
2.9796909749422027	-0.4229627833848863	26.371739772710555
2.886349902589672	-0.40769243375481884	26.17303922071629
2.7960098050204607	-0.3913409189053542	25.97604096567176
2.70861653076714	-0.3740078338972798	25.78072905857075
2.6241147638477895	-0.35578659847251093	25.587086661868266
2.5424482223245075	-0.3367646927086743	25.395096229324185
2.4635598449383127	-0.3170238916249978	25.204739666563846
2.387391966190272	-0.29664049776675583	25.01599847384476
2.313886480254016	-0.2756855709258574	24.828853872452612
2.242984994115278	-0.2542251542731917	24.64328691607886
2.174628970341447	-0.2323204962851234	24.4592785884597
2.108759859889432	-0.21002826794310175	24.276809888485676
2.0453192253616326	-0.18740077477191577	24.095861903917843
1.9842488551193167	-0.1644861633597756	23.916415874774398
1.9254908686603458	-0.14132862207284985	23.738453247381422
1.8689878136643219	-0.11796857573889147	23.561955720013774
1.8146827551023534	-0.09444287412949297	23.38690528098513
1.7625193568016786	-0.07078497411917929	23.213284239982176
1.7124419558477004	-0.04702511544264742	23.04107525337771
1.6643956301967002	-0.02319049000906736	22.8702613441977
1.6183262598633767	0.0006945952343304824	22.700825917363716
1.5741805820367976	0.024608561868463278	22.532752770778373
1.5319062404677641	0.048532409952424756	22.36602610277245
1.491451829459927	0.07244957428956574	22.200630516387132
1.4527669327851234	0.09634578692366388	22.036551020919227
1.41580215783276	0.12020894576301938	21.87377303111971
1.3805091652908794	0.14402898921740057	21.712282364395598
1.3468406946452876	0.16779777672153443	21.552065236331064
1.314750585772137	0.19150897500934017	21.393108254813985
1.284193796887144	0.21515794999623397	21.23539841302046
1.255126419103678	0.23874166412081688	21.078923081483847
1.227505687841128	0.26225857899257904	20.923669999450894
1.2012899913139812	0.28570856318899396	20.769627265704518
1.1764388763210878	0.3090928050434236	20.616783329010172
1.1529130515443107	0.3324137302639028	20.46512697832431
1.1306743885557393	0.35567492422231567	20.31464733288695
1.1096859207227807	0.3788810587537163	20.165333832304974
1.089911840190541	0.4020378233067744	20.017176226716757
1.0713174931118912	0.42515186028754537	19.870164567117587
1.053869373286595	0.44823070444070506	19.724289195914068
1.0375351143620377	0.4712827261149251	19.579540737764276
1.0222834807399137	0.49431707826153454	19.435910090753058
1.0080843573249962	0.517343647018811	19.293388417942417
0.9949087382444245	0.5403730057374239	19.151967139330534
0.9827287146585353	0.5634163723059115	19.01163792424724
0.971517461777025	0.5864855696388361	18.872392684207643
0.9612492251873621	0.6095929891940746	18.734223566240576
0.9518993065959078	0.6327515573894005	18.597122946705632
0.9434440490758941	0.6559747047924885	18.461083425608965
0.9358608219103385	0.679276337962669	18.326097821424
0.9291280051123453	0.7026708138266234	18.192159166421874
0.9232249736997781	0.7261729164742855	18.05926070251443
0.9181320817960589	0.7497978362654207	17.92739587761007
0.9138306466239959	0.7735611511411069	17.79655834248331
0.9103029324547548	0.7974788100387507	17.66674194815559
0.9075321345697306	0.8215671183129044	17.537940743786425
0.9055023632888272	0.8458427250681214	17.41014897507304
0.90419862811463	0.8703226123141768	17.283361083155405
0.9036068220382232	0.8950240858574384	17.157571704025422
0.9037137060487989	0.9199647678462165	17.032775668437367
0.9045068938858554	0.9451625908911708	16.90896800231926
0.9059748370695734	0.9706357936856137	16.786143927683955
0.9081068102419839	0.9964029180541688	16.664298864038752
0.9108928968487128	1.0224828073611303	16.543428430295283
0.9143239751884124	1.0488946062133282	16.42352844718117
0.9183917048545225	1.0756577613955347	16.304594940155457
0.9230885135916416	1.1027920239792917	16.186624142831743
0.9284075845866063	1.1303174525490034	16.06961250091375
0.9343428442122983	1.1582544174918348	15.953556676649612
0.9408889502402851	1.1866236063006896	15.838453553812215
0.9480412805366054	1.2154460298420995	15.724300243214088
0.955795922253322	1.244743029543206	15.611094088767098
0.9641496615268381	1.2745362854541518	15.498832674099194
0.9730999736925837	1.3048478251446014	15.387513829740946
0.9826450140242791	1.3357000333950837	15.277135640896438
0.9927836090046231	1.3671156626453813	15.167696455815998
1.0035152481332	1.3991178441644803	15.059194894787884
1.0148400762761705	1.4317300999077687	14.951629859769433
1.0267588865612498	1.4649763550286332	14.845000544679815
1.0392731138206062	1.49888095101321	14.739306446377462
1.052384828583307	1.533468659407941	14.634547376348037
1.0660967316181043	1.5687646961106512	14.530723473130571
1.0804121490265177	1.6047947361966908	14.427835215511484
1.095335027885406	1.641584929252318	14.32588343651844
1.1108699324375484	1.6791619151882176	14.224869338247585
1.1270220408279223	1.7175528405059888	14.12479450756109
1.143797142382811	1.7567853749909423	14.025660932693226
1.161201635428159	1.7968877288043028	13.927471020806191
1.1792425256429238	1.8378886699476515	13.830227616539455
1.1979274249426428	1.8798175420721932	13.733934021598456
1.2172645508876418	1.9227042826044323	13.638594015432012
1.2372627266098186	1.9665794411592437	13.54421187704982
1.2579313812512183	2.0114741982100517	13.450792408034651
1.279280550906974	2.0574203839844514	13.358340956806813
1.3013208800644385	2.1044504975518676	13.266863444201615
1.3240636235297056	2.1525977260680667	13.176366390423498
1.347520648831914	2.201895964139002	13.086856943443903
1.37170443909491	2.2523798332638902	12.998342908913447
1.3966280963650126	2.3040847013145624	12.910832781662322
1.4223053453827192	2.3570467020049	12.824335778866443
1.4487505377851746	2.4113027543004835	12.738861874960644
1.4759786567251227	2.4668905817144307	12.654421838384163
1.504005321891095	2.5238487314313454	12.571027270246907
1.5328467949121074	2.5822165931958496	12.488690645009822
1.562519985128816	2.6420344178968342	12.407425353276516
1.593042455711889	2.7033433357731633	12.327245746796697
1.6244324301062292	2.7661853741590257	12.248167185787628
1.656708798778416	2.8306034746809514	12.170206088682711
1.6898911262426346	2.896641509810373	12.093379984421231
1.7239996583381585	2.9643442986668775	12.017707567397851
1.7590553297294234	3.0337576219586175	11.943208755194245
1.7950797715970541	3.10492823593589	11.869904749220069
1.8320953194857221	3.177903885223512	11.797818098394236
1.8701250212714815	3.2527333143852646	11.72697276600238
1.909192645208538	3.329466278061963	11.657394199869321
1.949322688011544	3.4081535495102013	11.589109405990245
1.9905403829256825	3.488846927353872	11.52214702576792
2.0328717077333884	3.571599240345905	11.45653741700555
2.0763433926413057	3.6564643499188487	11.392312738809457
2.1209829279867543	3.743497150285325	11.329507040557475
2.166818571698085	3.832753565830075	11.26815635509074
2.2138793564370993	3.9242905455127697	11.2082987962891
2.262195096345773	4.018166053978133	11.149974661190804
2.3117963933133496	4.114439059046041	11.093226536816736
2.362714642672683	4.213169515227777	11.038099411858704
2.4149820382268827	4.314418342886058	10.984640793389557
2.4686315764990843	4.418247402626408	10.932900828749434
2.5236970600897837	4.524719464476226	10.882932432757313
2.580213100016239	4.633898171372965	10.834791420390985
2.638215116898337	4.745847996446651	10.78853664507012
2.6977393408445995	4.860634193543833	10.744230142666384
2.758822809879913	4.978322740398448	10.701937281351947
2.821503366744177	5.0989802738120735	10.661726917381849
2.8858196538777157	5.222674016160404	10.623671556886883
2.9518111063945374	5.349471692493727	10.587847523731654
3.0195179428295504	5.479441437448947	10.554335133466116
3.088981153429401	5.612651691137153	10.523218873368585
3.160242485738815	5.749171083113936	10.49458758854311
3.2333444272164567	5.889068303482516	10.468534673993197
3.308330184594041	6.032411960117576	10.445158272547664
3.3852436596719615	6.179270420935186	10.424561478461175
3.464129421222402	6.329711640068476	10.40685254645174
3.5450326726483277	6.483802966742768	10.39214510586898
3.627999215021572	6.641610935573915	10.380558379610196
3.7130754050975496	6.80320103694377	10.372217407314468
3.8003081078779974	6.968637466037766	10.367253272267776
3.88974464326425	7.13798284905751	10.365803331343717
3.9814327263146883	7.3112979450521935	10.368011447183248
4.075420400589404	7.4886413217437235	10.374028221682472
4.171755964034309	7.670069003655609	10.384011229708438
4.270487886823545	7.855634090791249	10.398125251798104
4.371664720547185	8.045386346052236	10.416542504414226
4.475334998097215	8.23937174953583	10.439442866132367
4.581547123570542	8.437632017807992	10.467014097914674
4.690349251473867	8.640204086216984	10.499452055387161
4.8017891544817894	8.847119552294249	10.536960890777252
4.915914078966021	9.058404078285607	10.579753241885888
5.032770587481466	9.274076750871204	10.628050405162934
5.152404387364793	9.494149396170869	10.682082489625328
5.2748601445724645	9.718625848194284	10.742088548003544
5.400181281860091	9.947501168989488	10.808316681123635
5.528409760383609	10.180760818872022	10.881024111129365
5.659585843785383	10.418379775284738	10.960477218721879
5.7937478438173775	10.660321599052782	11.046951539144597
5.9309318465501235	10.906537447065737	11.140731711170378
6.071171418218776	11.156965030740581	11.242111372857057
6.214497289772016	11.411527520010086	11.351392997331788
6.360937019214443	11.670132393043373	11.468887661346802
6.510514630871823	11.932670232449192	11.594914738825478
6.6632502307606565	12.199013469341734	11.729801511092614
6.8191595973148065	12.46901507737848	11.873882684967295
6.978253746811463	12.742507219711792	12.027499809398009
7.140538472951605	13.019299852743673	12.19100058085112
7.306013860185444	13.29917929163774	12.364738027236013
7.474673770537678	13.58190674373781	12.549069559781477
7.646505303882318	13.867216817372126	12.744355881986097
7.821488231842395	14.154816014986238	12.950959744566783
7.999594405754302	14.444381221157442	13.169244535253027
8.180787139438332	14.735558197792907	13.399572692340843
8.365020567861151	15.027960100702925	13.642303931159796
8.552238983161883	15.321166033759555	13.897793273045535
8.742376149951083	15.614719659000706	14.166388867091301
8.935354602274842	15.90812788329235	14.448429595899814
9.131084925166247	16.200859644496038	14.744242457807177
9.329465024294167	16.492344822493813	15.054139719654737
9.530379387849983	16.781973302839408	15.378415836160153
9.733698345496867	17.069094223207596	15.717344134337264
9.93927732993557	17.353015435142282	16.0711732642634
10.146956147409774	17.63300321579328	16.44012342081852
10.356558264283777	17.908282266319137	16.824382344859213
10.567890117658816	18.178036035323203	17.22410111664402
10.78074045884813	18.441407406998678	17.63938975921109
10.994879739393387	18.69749979448373	18.070312674822343
11.210059550151593	18.945378679146334	18.516883943489326
11.426012124806332	19.184073636028618	18.97906251896725
11.642449919934416	19.412580884351687	19.45674736437613
11.859065284461346	19.629866399686428	19.949772576687423
12.075530231946683	19.834869621019728	20.45790255660305
12.291496329622882	20.026507781371766	20.98082728770875
12.506594718433693	20.20368088474285	21.518157796026987
12.720436278453553	20.365277344911274	22.069421868039164
12.932611953981189	20.51018029290668	22.634060111658062
13.142693252257361	20.637274549825797	23.211422450260773
13.350232929119171	20.745454250052347	23.800765144444316
13.55476587394922	20.833631086965774	24.401248439367112
13.755810204976006	20.90074313899344	25.011934937075576
13.952868584308682	20.94576421856372	25.631788792778657
14.145429760030154	20.967713670407605	26.259675831334103
14.332970340219173	20.965666529056886	26.894364674979798
14.514956800933208	20.938763928689717	27.53452896537703
14.69084772696436	20.886223642134308	28.178750752134103
14.860096280612424	20.80735061037728	28.825525106070465
15.022152889846726	20.701547309895894	29.47326599857337
15.176468143102422	20.56832379313558	30.12031346857803
15.322495873651144	20.407307228091	30.76494207619918
15.459696412085409	20.218250756810505	31.40537061720298
15.587539981060564	20.001041490280453	32.039773045813305
15.705510202155965	19.75570745903928	32.666290525391915
15.813107680667404	19.482423345407515	33.283044498032964
15.909853630455345	19.18151483464207	33.88815063591426
15.99529349776589	18.853461438744258	34.479733510205214
16.069000540342916	18.49889766798653	35.055941788411474
16.130579316273312	18.11861245120739	35.614963749178074
16.1796690359542	17.71354673609087	36.15504288568983
16.215946730424122	17.284789234342874	36.674493355727165
16.23913019012141	16.83357031305393	37.17171502888343
16.248980629954875	16.361254071597415	37.645207879973874
16.24530503939701	15.86932868204878	38.093585482602386
16.227958180112168	15.359395109104982	38.51558736835058
16.196844198347822	14.833154361608395	38.910090034983256
16.15191782485473	14.29239346085512	39.27611641103691
16.093185141338537	13.738970339722794	39.61284361360089
16.02070389923242	13.174797910337587	39.919608870137296
15.934583383750583	12.601827555689717	40.195913512806676
15.834983823550239	12.022032311698128	40.44142499380399
15.722115353704865	11.43739001039302	40.655976911381444
15.596236546883024	10.849866652049723	40.83956707723848
15.457652534447439	10.261400264443877	40.99235369551147
15.306712745470684	9.673885491368416	41.114649760477974
15.143808297252214	9.089159130805992	41.20691581323027
14.969369075690675	8.50898681655408	41.26975122605826
14.78386054772233	7.935051006674252	41.30388420641024
14.587780350912144	7.368940408969501	41.31016072960441
14.381654707143994	6.812140938930375	41.28953262070549
14.166034708207938	6.2660282703954	41.24304501115628
13.941492520948461	5.731862004603001	41.17182339508525
13.708617558581503	5.210781450373048	41.07706050410608
13.46801266288724	4.70380297768951	40.960003208460066
13.220290339343233	4.211818879665694	40.8219396372222
12.966069083995551	3.7355976542906433	40.66418669178426
12.705969837095603	3.2757855978238926	40.48807810576924
12.440612594380404	2.8329095863963376	40.29495318175294
12.170613202481444	2.4073809113254194	40.08614631148333
11.896580360428024	1.9995000267217067	39.86297736244695
11.61911284467168	1.6094620648939972	39.626742990299284
11.338796970617059	1.2373629755315723	39.37870891444347
11.056204299378088	0.8832061482147392	39.120103173372065
10.771889594458086	0.5469093840142151	38.85211035764116
10.486389029348985	0.2283120903146475	38.57586680178844
10.200218643700271	-0.07281741695697076	38.29245670229267
9.913873042733858	-0.35677460829404767	38.00290911684288
9.627824332022936	-0.6239115253649478	37.70819579075083
9.342521277595505	-0.8746297358196512	37.40922974919369
9.05838867955337	-1.1093735260770363	37.10686458896544
8.77582694602757	-1.3286233879702554	36.801894400389905
8.495211853272949	-1.5328898436281269	36.4950542487689
8.216894477022606	-1.7227076421993188	36.18702114498979
7.941201279845665	-1.8986303521240038	35.878415436465
7.668434339139042	-2.061225363722267	35.56980255218305
7.398871700513006	-2.2110693089428675	35.26169503910852
7.132767841655182	-2.34874389822478	34.95455483125703
6.87035423224769	-2.4748321685503267	34.64879569730595
6.611839976140289	-2.5899151318726528	34.34478581741963
6.357412522714166	-2.6945688091292523	34.04285044491829
6.107238435179086	-2.7893616319376124	33.74327461337899
5.861464204407145	-2.8748521917306014	33.446305854622906
5.620217097801006	-2.9515873144440974	33.15215689773824
5.3836060335966875	-3.0201004378362777	32.861008323739924
5.151722471903655	-3.080910268010168	32.57301115463961
4.924641314669953	-3.1345196916503766	32.288289359555755
4.702421807612358	-3.181414920796579	32.006942264009375
4.48510843797625	-3.222064847586647	31.7290468517353
4.272731822766549	-3.256920587252152	31.45465995117542
4.065309582818895	-3.286415188679646	31.18382030132185
3.862847198761346	-3.31096349301182	30.916550493763953
3.6653388455468305	-3.3309621220110426	30.652858789678344
3.4727682028111158	-3.3467895792074276	30.392740812100474
3.28510923883502	-3.358806448172546	30.136181115158127
3.1023269663629924	-3.3673556735731474	29.883154633052452
2.9243781689570048	-3.3727629119462197	29.633628012467472
2.751212096939408	-3.375336940381751	29.387560832786626
2.5827711323152767	-3.3753701124896627	29.14490671903254
2.418991422359634	-3.373138852154576	28.90561435283595
2.259803481805649	-3.3689041766399894	28.669628386993523
2.1051327637934394	-3.3629122415883974	28.436890269330156
1.9549001999268207	-3.3553949013747126	28.207338981639882
1.8090227099429188	-3.3465702791067597	27.98091169945924
1.6674136816337193	-3.3366433413301833	27.757544378347585
1.5299834217654726	-3.3258064731878685	27.5371722722122
1.3966395788307124	-3.3142400504093135	27.319730389043436
1.2672875385380467	-3.3021130050668637	27.105153889221366
1.1418307929945957	-3.2895833825368146	26.893378431321768
1.0201712845747266	-3.2767988875488445	26.684340470104022
0.9022097254958452	-3.263897417601206	26.477977511109806
0.787845894135295	-3.251007582365431	26.27422832603697
0.6769789091274871	-3.238249208007411	26.07303313278875
0.5695074822776687	-3.2257338256156483	25.874333743836402
0.46533015132039207	-3.213565143156042	25.6780736862777
0.36434549353454093	-3.201839500569129	25.484198296721235
0.266452321207633	-3.1906463077939433	25.29265479388503
0.17154985991932944	-3.18006846564565	25.103392331566972
0.07953791058670155	-3.170182769594445	24.916362034421187
-0.009683003813929537	-3.16106029659404	24.731517018766198
-0.09621150596454975	-3.1527667751913473	24.54881240045173
-0.18014524550976524	-3.145362939217139	24.368205291625426
-0.26158079312792804	-3.1389048654123854	24.189654788065837
-0.3406135465817988	-3.1334442953884496	24.013121948586353
-0.4173376479944569	-3.129028942352929	23.838569767863756
-0.4918459116297882	-3.125702783057938	23.665963143904392
-0.5642297614880197	-3.123506335445587	23.495268841235106
-0.6345791780610683	-3.122476922476919	23.32645545078301
-0.702982653622223	-3.122648922637137	23.159493347303226
-0.7695271554553986	-3.124054007611943	22.994354645114985
-0.8342980964608856	-3.1267213676281926	22.831013152811348
-0.8973793126015878	-3.130677924947462	22.669444327530467
-0.9588530466827332	-3.1359485359939665	22.509625229299328
-1.0187999379852188	-3.142556182589142	22.35153447589345
-1.0772990172980996	-3.1505221527543648	22.195152198596947
-1.1344277069213786	-3.1598662115312384	22.040459999191473
-1.1902618252340458	-3.170606762255791	21.887440908454288
-1.2448755954449675	-3.182760998709021	21.736079346403066
-1.2983416581664715	-3.196345048551829	21.58636108448574
-1.350731087471593	-3.2113741084376404	21.438273209878986
-1.402113410115254	-3.2278625711807907	21.291804092030713
-1.4525566276189872	-3.2458241453435717	21.146943351554565
-1.502127240937087	-3.2652719675896305	21.00368183156091
-1.550890277438542	-3.2862187081359338	20.862011571490612
-1.5989093199559499	-3.3086766696204792	20.721925783499156
-1.646246537667646	-3.3326578796877206	20.58341883142491
-1.6929627185939093	-3.358174177578752	20.446486212362686
-1.7391173035016423	-3.3852372949983742	20.31112454085388
-1.7847684210249979	-3.413858931516586	20.17733153569561
-1.8299729238218887	-3.4440508247477526	20.04510600936331
-1.8747864255972122	-3.4758248155361473	19.914447860037303
-1.9192633388345197	-3.5091929083624667	19.785358066219256
-1.96345691308821	-3.5441673271722007	19.65783868392014
-2.0074192736976046	-3.5807605668129074	19.531892846399444
-2.051201460792723	-3.6189854402535637	19.40752476643489
-2.0948534684702	-3.658855121746022	19.284739741099617
-2.138424284024818	-3.7003831860747716	19.163544159025243
-2.181961927129789	-3.7435836440285084	19.043945510127386
-2.2255134888648747	-3.7884709742134173	18.925952397772473
-2.2691251704969972	-3.835060151314534	18.809574553366264
-2.312842321924263	-3.883366670899299	18.69482285334342
-2.356709479698578	-3.9334065708437893	18.581709338540254
-2.4007704045465452	-3.9851964494491026	18.470247235933947
-2.445068118311913	-4.038753480301871	18.360450982733635
-2.4896449402466994	-4.094095423920143	18.25233625280896
-2.5345425225811495	-4.15124063621278	18.145919985442752
-2.579801885304669	-4.210208073766459	18.041220416397003
-2.6254634500920866	-4.271017295961041	17.938257111281516
-2.6715670733116936	-4.333688463900991	17.83705100121432
-2.7181520780522486	-4.398242336136173	17.737624420764096
-2.765257285107074	-4.4647002611314885	17.640001148164444
-2.8129210428538354	-4.533084166430782	17.544206447788923
-2.861181255968488	-4.603416544445858	17.450267114874908
-2.910075412911497	-4.675720434786905	17.35821152248235
-2.9596406121237897	-4.750019403035918	17.26806967067096
-3.009913586868296	-4.826337515849012	17.179873237876883
-3.0609307286516447	-4.904699312258443	17.093655634465446
-3.1127281091589283	-4.985129771030005	17.009452058431336
-3.165341500631491	-5.067654273914525	16.927299553212922
-3.2188063946149756	-5.152298564615902	16.847237067580576
-3.2731580190024316	-5.2390887032826114	16.769305517549967
-3.3284313532933076	-5.328051016312062	16.693547850263077
-3.3846611419850148	-5.41921204123959	16.62000910976974
-3.441881906010514	-5.512598466468208	16.54873650462925
-3.50012795212974	-5.608237065576022	16.47977947723992
-3.5594333801782145	-5.706154625921367	16.41318977478867
-3.6198320880711012	-5.806377871248268	16.349021521695935
-3.6813577744549884	-5.908933377976597	16.287331293412795
-3.7440439388938773	-6.013847484843748	16.228178191406542
-3.80792387946954	-6.1211461955471425	16.171623919147816
-3.8730306876700977	-6.23085507401994	16.1177328588871
-3.939397240433024	-6.342999131954233	16.066572148981233
-4.007056189202441	-6.4576027081708105	16.018211761499323
-4.076039945853187	-6.5746893394191215	15.97272457980428
-4.146380665325838	-6.694281622174933	15.930186475770393
-4.218110224809474	-6.816401064990334	15.89067638625738
-4.291260199301389	-6.941067930938981	15.854276388418379
-4.36586183336427	-7.068301069687893	15.821071773373072
-4.4419460088939	-7.198117738719435	15.791151117726798
-4.519543208701927	-7.3305334132202695	15.764606352362495
-4.598683475710571	-7.465561584151015	15.741532827874078
-4.679396367548351	-7.603213544010255	15.722029375947566
-4.761710906328088	-7.743498159809478	15.706198365929685
-4.845655523381824	-7.886421632784394	15.69414575575247
-4.93125799871981	-8.031987244379296	15.685981136307085
-5.018545394975612	-8.180195088061163	15.681817768279805
-5.107543985593529	-8.331041786543759	15.681772610378772
-5.198279177009469	-8.484520194032442	15.6859663377911
-5.290775424574682	-8.640619083142653	15.694523349616626
-5.3850561419685175	-8.799322816191093	15.707571763927273
-5.481143603845778	-8.960611000616662	15.725243398999778
-5.579058841466924	-9.124458128359393	15.747673739165055
-5.678821531061373	-9.290833199104227	15.775001883609896
-5.78044987467941	-9.459699327389835	15.80737047635671
-5.883960473297181	-9.631013333691888	15.844925615535605
-5.989368191952071	-9.804725319716582	15.88781673995193
-6.096686016697056	-9.980778228275101	15.936196490840029
-6.2059249031817405	-10.159107388269538	15.990220546584306
-6.317093616692386	-10.339640045502206	16.05004742808351
-6.430198563507305	-10.522294880213703	16.115838272331956
-6.545243613457873	-10.706981512478256	16.187756571698436
-6.662229913620831	-10.893599996824442	16.26596787629804
-6.781155693112627	-11.082040307718811	16.35063945678079
-6.902016059006224	-11.272181817840961	16.441939924803886
-7.024802783445903	-11.463892771392537	16.54003880841406
-7.149504082102261	-11.657029755028928	16.645106079551336
-7.276104384179857	-11.851437169367275	16.757311630892683
-7.404584094272192	-12.046946704420574	16.876824699294012
-7.5349193464478565	-12.243376822725196	17.003813233162372
-7.667081751050321	-12.440532254370511	17.138443201202755
-7.801038134803884	-12.638203508604796	17.280877840143383
-7.936750274935951	-12.836166407172337	17.431276839250575
-8.07417462815526	-13.034181645035513	17.589795459709038
-8.213262055465744	-13.231994384646072	17.756583587270153
-8.353957543944155	-13.429333890443571	17.931784716963172
-8.496199926769878	-13.625913210775058	18.11553486913122
-8.639921602964606	-13.821428914937206	18.307961436599104
-8.785048258478366	-14.015560893533339	18.509181963408842
-8.931498590444427	-14.207972230801037	18.71930285627484
-9.07918403661892	-14.398309157991438	18.938418030717802
-9.22800851222227	-14.586201097259067	19.166607494741665
-9.377868156600613	-14.771260805828252	19.40393587391212
-9.528651092331192	-14.95308463043339	19.650450882789258
-9.6802371996031	-15.131252882166903	19.906181748857335
-9.832497908900363	-15.305330341881177	20.171137596361145
-9.985296015213128	-15.474866906182601	20.445305798821895
-10.138485517185698	-15.639398383789324	20.728650310433878
-10.291911484775163	-15.798447451583664	21.02110998802377
-10.445409959149181	-15.951524779070041	21.322596916794126
-10.598807888675617	-16.098130329113513	21.63299475462466
-10.751923104950592	-16.237754841773516	21.952157111253687
-10.90456434287353	-16.369881506751003	22.279905980188214
-11.056531308799478	-16.493987828419822	22.616030242658873
-11.207614800771509	-16.609547685603488	22.960284264303098
-11.357596884756271	-16.716033586186214	23.312386606493384
-11.506251130668609	-16.81291911431325	23.672018875286234
-11.653342911770341	-16.89968156534709	24.038824731806073
-11.798629770757874	-16.975804760916834	24.412409088448708
-11.941861855508204	-17.04078203334992	24.79233751554136
-12.082782427034713	-17.094119365542277	25.178135882997857
-12.221128441702149	-17.13533866893891	25.569290260993203
-12.356631209169619	-17.163981178814993	25.96524710272529
-12.4890171268715	-17.17961094252397	26.365413730899107
-12.618008491104016	-17.181818372878357	26.76915914761091
-12.743324383972821	-17.170223835428956	27.17581518483161
-12.864681634575554	-17.144481235187477	27.5846780096691
-12.981795851847448	-17.10428156538495	27.99500999501796
-13.094382525506216	-17.049356378264946	28.40604196212428
-13.202158190501727	-16.979481135767482	28.816975797020117
-13.304841649320277	-16.894478396360007	29.22698743775949
-13.402155245433908	-16.79422079330084	29.6352302239976
-13.493826180135395	-16.67863375936106	30.04083859475906
-13.579587863984194	-16.547697953549704	30.442932114354768
-13.65918129312748	-16.401451346739226	30.840619800438855
-13.732356439871058	-16.23999092531838	31.2330047222517
-13.798873646088024	-16.06347397511774	31.61918883134337
-13.85850500738382	-15.872118911859763	31.99827798163017
-13.911035735406603	-15.666205629255058	32.36938709065057
-13.956265485323733	-15.446075341537336	32.73164538951683
-13.994009635290904	-15.212129903633189	33.084201705415445
-14.024100504737953	-14.964830599183376	33.42622971774379
-14.046388498491687	-14.704696394150153	33.75693312717101
-14.060743164158694	-14.432301661608808	34.075550676175794
-14.06705415080139	-14.148273391365846	34.38136096000173
-14.065232057755397	-13.8532879060914	34.67368696852028
-14.055209163447213	-13.548067113514685	34.951900302203896
-14.036940025265233	-13.233374331727358	35.2154250092533
-14.01040194289732	-12.910009731580931	35.46374099584278
-13.975595279051415	-12.57880544638028	35.69638696734937
-13.932543633096476	-12.240620404416362	35.91296286519065
-13.881293864870319	-11.896334944212235	36.11313177136742
-13.82191596766752	-11.546845275573164	36.29662126082323
-13.754502791209225	-11.193057851549264	36.463224190112555
-13.679169617176065	-10.835883717211848	36.61279891940864
-13.596053591619988	-10.476232900692635	36.74526897339195
-13.5053130202288	-10.1150089102676	36.86062215484275
-13.407126533967487	-9.753103398443127	36.95890913263095
-13.301692134035921	-9.391391050112464	37.04024153308263
-13.189226126339975	-9.030724747014066	37.104789570254084
-13.069961956749868	-8.67193105506848	37.15277925633857
-12.944148959304549	-8.315806074868787	37.18448923816505
-12.8120510302003	-7.963111688804309	37.20024730945831
-12.673945240870914	-7.614572231186082	37.20042665117525
-12.530120403726944	-7.270871600492009	37.18544185380592
-12.380875604174742	-6.932650825620528	37.15574477605175
-12.22651871239037	-6.600506090990319	37.11182029381386
-12.067364887994742	-6.274987218600923	37.05418199201315
-11.903735090277266	-5.956596598890083	36.98336784951129
-11.735954605961847	-5.645788556489494	36.89993596441167
-11.564351605730053	-5.342969131889402	36.804460363411316
-11.389255739823566	-5.0484962556134345	36.69752693476869
-11.210996782070447	-4.762680287827944	36.57972951997477
-11.029903330638376	-4.485784893377682	36.45166619448995
-10.846301572735653	-4.218028220047773	36.313935763055696
-10.660514119375332	-3.959584346374323	36.16713449021588
-10.472858915211685	-3.710584964530136	36.01185308189018
-10.283648227372806	-3.471121263652532	35.84867392922107
-10.09318771615954	-3.241245979389396	35.67816862153974
-9.90177558946996	-3.0209755763487807	35.500895731220815
-9.70970184186168	-2.8102925314887304	35.31739886947775
-9.517247578286236	-2.609147688197297	35.12820500881993
-9.324684421721287	-2.4174626528090855	34.933823064964315
-9.132274003203426	-2.2351322075272235	34.734742728487596
-8.940267532121995	-2.062026716092074	34.5314335344117
-8.748905444076122	-1.8979945010025243	34.32434415622739
-8.558417123123853	-1.7428641735974764	34.11390190956273
-8.369020694858662	-1.596446900792354	33.90051244976625
-8.180922886435866	-1.4585385946996008	33.68455964707751
-7.994318949430758	-1.3289220137038165	33.466405622761926
-7.809392641239294	-1.2073687657851915	33.24639092956178
-7.626316260627298	-1.0936412069681112	33.02483486003053
-7.44525073298387	-0.9874942296948775	32.8020358667296
-7.266345740840124	-0.888676937681803	32.57827207885243
-7.089739895259908	-0.7969342053945512	32.35380190055577
-6.915560943801013	-0.7120081216875104	32.12886467710709
-6.743926010869765	-0.6336393183846194	31.90368141586386
-6.574941866437579	-0.5615681856395464	31.67845555005188
-6.408705219264764	-0.495535976816652	31.453373734302232
-6.245303030969036	-0.4352858063837666	31.22860666190836
-6.084812847480953	-0.3805635449153193	31.00430989475973
-5.927303144641962	-0.33111861578162743	30.780624697883994
-5.77283368491999	-0.2867046984594662	30.55767887147381
-5.621455882441831	-0.24708034365311587	30.33558757418235
-5.473213173763473	-0.21200950557431153	30.11445413232964
-5.328141392016467	-0.1812619968060512	29.894370830463956
-5.18626914228326	-0.15461387118172837	29.675419679472355
-5.047618176263503	-0.13184774005705685	29.457673159127324
-4.912203764492095	-0.11275302724708014	29.241194932586893
-4.780035064559786	-0.09712616775409597	29.026040530937372
-4.651115483969	-0.08477075523284844	28.812258006384134
-4.525443036428697	-0.07549764293380455	28.59988855315613
-4.403010690550881	-0.06912500264033557	28.38896709559357
-4.283806710061803	-0.0654783458774281	28.179522843245326
-4.167814984780043	-0.06439051142264979	27.971579813111642
-4.055015351739768	-0.0657016228989552	27.76515731942846
-3.945383905956433	-0.06925901997745365	27.560270431615052
-3.8388933004395813	-0.0749171664691173	27.35693040119268
-3.735513035153963	-0.08253753834037302	27.15514505863167
-3.635209734719938	-0.09198849445043877	26.95491918120809
-3.5379474147228525	-0.10314513257979255	26.756254833043627
-3.4436877365723486	-0.11588913310047763	26.559151678571777
-3.352390250916266	-0.13010859243084905	26.363607270722135
-3.2640126296696885	-0.1456978482204865	26.169617315143444
-3.1785108867687955	-0.16255729802568725	25.977175911798607
-3.095839587802518	-0.18059321306219306	25.786275775264627
-3.0159520487120743	-0.19971754845970655	25.59690843505714
-2.9388005237801273	-0.21984775129210932	25.409064417276063
-2.8643363831585766	-0.24090656751768658	25.22273340883817
-2.792510280206373	-0.2628218488348949	25.037904405524237
-2.7232723089275037	-0.2855263603406497	24.85456584502576
-2.6565721518140224	-0.3089575897694759	24.67270572612859
-2.592359218410614	-0.33305755899249867	24.492311715120493
-2.530582774926393	-0.3577726383644561	24.313371240458753
-2.4711920652247854	-0.38305336442483795	24.135871576677832
-2.414136423526904	-0.4088542613842778	23.959799918465084
-2.3593653791657307	-0.4351336667595983	23.78514344577927
-2.306828753727299	-0.461853561460375	23.611889380830114
-2.256476750914193	-0.48897940457471406	23.44002503768701
-2.208260039463345	-0.5164799730528343	23.269537865232902
-2.162129829446016	-0.544327206442906	23.100415484130547
-2.1180379422723936	-0.5724960567943803	22.932645718419938
-2.0759368747167093	-0.6009643438093382	22.766216622318538
-2.035779857272586	-0.629712615290985	22.6011165027547
-1.997520907140468	-0.6587240129112013	22.437333938122006
-1.961114876140731	-0.6879841432951156	22.274857793701944
-1.9265174938378906	-0.717480954399404	22.11367723416604
-1.8936854061525565	-0.747204617142582	21.95378173353351
-1.8625762097288885	-0.7771474122294723	21.79516108292824
-1.8331484823159885	-0.8073036220983391	21.637805396447504
-1.805361809412402	-0.8376694279074309	21.481705115426053
-1.7791768074140453	-0.8682428114671201	21.326851011355128
-1.7545551434958917	-0.8990234620160857	21.173234187687793
-1.7314595524490994	-0.9300126877323392	21.020846080742466
-1.7098538506860044	-0.9612133318641347	20.86967845989559
-1.6897029476159	-0.9926296933617634	20.719723427232402
-1.6709728545862443	-1.0242674518867891	20.570973416811412
-1.6536306915747132	-1.0561335970731254	20.423421193679374
-1.6376446918090195	-1.0882363619123916	20.277059852759546
-1.6229842044832523	-1.12058516013434	20.13188281772469
-1.6096196957310016	-1.15319052745305	19.98788383995223
-1.5975227480077012	-1.1860640665493574	19.84505699764908
-1.5866660580269938	-1.219218395660037	19.70339669522591
-1.5770234333881548	-1.2526671006456607	19.562897662989265
-1.568569788024451	-1.2864246904100347	19.42355495721369
-1.5612811365953367	-1.3205065555453648	19.285363960650113
-1.5551345879384786	-1.354928930079264	19.1483203835201
-1.5501083376910694	-1.3897088562015625	19.01242026504086
-1.5461816601835119	-1.4248641518512701	18.87765997552048
-1.5433348997025411	-1.4604133810459168	18.7440362190608
-1.5415494612149214	-1.4963758268379885	18.611546036901476
-1.5408078006372186	-1.532771466785803	18.480186811435686
-1.5410934147317412	-1.5696209508284937	18.34995627092633
-1.5423908307035614	-1.6069455814573066	18.22085249494995
-1.544685595568499	-1.6447672960778752	18.092873920594446
-1.5479642653572054	-1.6831086514607725	17.96601934943544
-1.5522143942158788	-1.7219928101799586	17.84028795531593
-1.5574245234597746	-1.761443528941218	17.71567929295349
-1.5635841706314395	-1.8014851487048584	17.59219330739987
-1.5706838186115841	-1.8421425865092265	17.4698303443778
-1.5787149048266864	-1.8834413289039111	17.34859116151987
-1.5876698105936362	-1.925407426902888	17.228476940537043
-1.5975418506382872	-1.9680674923704087	17.10948930034307
-1.6083252628213736	-2.011448695753766	16.99163031116353
-1.6200151981018336	-2.0555787650780837	16.8749025096608
-1.6326077107646892	-2.1004859861205514	16.759308915105237
-1.6460997489374867	-2.146199203682068	16.64485304662605
-1.660489145416404	-2.1927478238751372	16.531538941577367
-1.6757746088203123	-2.240161817347557	16.41937117505673
-1.6919557150884998	-2.288471723362228	16.308354880614502
-1.709032899334947	-2.3377086546529964	16.198495772196253
-1.7270074480696096	-2.3879043029767106	16.08980016736158
-1.7458814917947532	-2.4390909452815004	15.982275011824626
-1.7656579979817377	-2.491301450409951	15.875927905365566
-1.786340764431409	-2.5445692862553315	15.770767129163508
-1.807934413018916	-2.5989285272876663	15.66680167460402
-1.8304443838212905	-2.6544138623643776	15.5640412736177
-1.8538769296239135	-2.7110606027384057	15.462496430608354
-1.8782391107997556	-2.7689046901744767	15.362178456031465
-1.9035387905527277	-2.8279827050806787	15.263099501687586
-1.9297846305142319	-2.8883318745594884	15.165272597797196
-1.956986086679697	-2.949990080278736	15.068711691926076
-1.9851534056693119	-3.0129958660583784	14.973431689833387
-2.014297621294733	-3.077388445064254	14.87944849831706
-2.0444305514110295	-3.1432077064947257	14.78677907013347
-2.075564795030374	-3.2104942216399683	14.695441451071224
-2.1077137296713033	-3.2792892491871783	14.605454829261008
-2.1408915089145557	-3.349634739637948	14.516839586805627
-2.175113060133335	-3.4215733386957727	14.429617353816848
-2.2103940823629458	-3.4951483894735995	14.343811064946983
-2.246751044271293	-3.5704039333616047	14.259445018505248
-2.2842011821880996	-3.647384709384989	14.176544938250625
-2.3227624981476747	-3.726136151871932	14.095138037952573
-2.362453757895428	-3.80670438623843	14.015253088813534
-2.4032944888044443	-3.889136222684571	13.936920489846635
-2.4453049776444606	-3.973479147583827	13.860172341301174
-2.4885062681404277	-4.059781312331234	13.785042521228705
-2.532920158253322	-4.14809151940137	13.71156676528041
-2.5785691971103026	-4.238459205349627	13.63978274982474
-2.6254766815059916	-4.330934420472739	13.569730178471048
-2.67366665189072	-4.425567804825448	13.501450872080923
-2.723163887755078	-4.522410560269402	13.434988862344285
-2.7739939023135958	-4.621514418209223	13.370390488990852
-2.8261829363833013	-4.72293160264783	13.307704500699945
-2.8797579513449656	-4.826714788168274	13.24698215976312
-2.9347466210670987	-4.932917052424314	13.188277350542894
-2.9911773226643796	-5.041591822695466	13.13164669175825
-3.049079125952631	-5.152792816032882	13.07714965261348
-3.1084817814529497	-5.266573972493075	13.024848672769858
-3.169415706787772	-5.38298938092607	12.974809286139875
-3.2319119713004474	-5.502093196751369	12.927100248461906
-3.296002278718641	-5.623939551121677	12.881793668587775
-3.3617189476698774	-5.748582450839389	12.838965143386933
-3.4290948898447335	-5.876075668354486	12.798693896138605
-3.498163585590045	-6.006472621135636	12.761062918246683
-3.5689590567001788	-6.1398262396676415	12.726159114071288
-3.6415158361600626	-6.276188823290102	12.694073448624936
-3.7158689345782228	-6.415611883052689	12.664901097830151
-3.792053803031686	-6.558145970722027	12.638741600978683
-3.8701062920282574	-6.703840493036316	12.615699014969044
-3.950062606274969	-6.852743510265733	12.595882069829198
-4.031959254922251	-7.004901518095855	12.57940432495445
-4.115832996936035	-7.160359211816589	12.566384325405267
-4.201720781231015	-7.319159231764021	12.556945757516536
-4.289659681178177	-7.48134188892902	12.551217602967588
-4.379686823081206	-7.646944869619714	12.549334290350348
-4.471839308195869	-7.816002918039549	12.551435843151259
-4.566154127846769	-7.988547495623884	12.557668022930041
-4.662668071176262	-8.164606415966276	12.568182466334651
-4.761417625040767	-8.344203454160812	12.583136814436426
-4.862438865550919	-8.527357929392421	12.602694832701877
-4.965767340734455	-8.714084259623855	12.627026519737683
-5.071437943782228	-8.904391487254443	12.656308202752294
-5.179484776324007	-9.098282774672828	12.690722617472002
-5.289941001167014	-9.295754868686709	12.730458970030607
-5.402838683917075	-9.496797532890291	12.775712978119596
-5.51820862289602	-9.701392947136913	12.826686888442012
-5.636080166763126	-9.909515073411173	12.883589467257051
-5.756481019246138	-10.121128987548966	12.946635960534474
-5.879437030393344	-10.336190176445783	13.016048019961941
-6.00497197376676	-10.554643800615395	13.092053590763157
-6.133107309011052	-10.776423922221166	13.174886756993024
-6.263861929257589	-11.001452699009763	13.264787539682477
-6.397251892853867	-11.22963954492766	13.362001642911116
-6.533290138948793	-11.46088025860182	13.466780142594654
-6.67198618651738	-11.695056121325795	13.5793791124932
-6.813345816471363	-11.932032966707498	13.700059181678284
-6.957370736578869	-12.171660224713674	13.82908501744899
-7.104058229008914	-12.413769943493309	13.966724727469142
-7.253400780422485	-12.658175793074443	14.113249174713093
-7.405385694661038	-12.90467205582224	14.268931198674352
-7.559994688224312	-13.153032609401707	14.434044736208248
-7.717203468896017	-13.40300990892707	14.608863835369922
-7.876981298066021	-13.654333975995034	14.793661555682895
-8.039290537504963	-13.906711403376393	14.988708748437078
-8.204086181587845	-14.159824385301023	15.194272710899856
-8.371315376222146	-14.413329784482299	15.410615708728946
-8.54091692602677	-14.666858248301459	15.637993361431977
-8.712820791627193	-14.920013387891451	15.876652886440061
-8.886947579272414	-15.17237103519918	16.12683119825858
-9.063208025356982	-15.423478594471085	16.38875286026857
-9.241502478828155	-15.672854505951946	16.662627888071487
-9.42172038488294	-15.919987840899731	16.948649404828128
-9.603739773811272	-16.164338048271446	17.246991150857603
-9.787426759308692	-16.405334874578607	17.557804851833936
-9.972635051068501	-16.6423784794182	17.88121745226737
-10.159205486961568	-16.874839770005856	18.217328223585262
-10.346965590614566	-17.10206097862267	18.56620575903085
-10.535729160700642	-17.323356507185924	18.927884870776342
-10.725295898746007	-17.538014063102988	19.302363408073848
-10.915451082728163	-17.745296110114893	19.689599018930842
-11.105965294180645	-17.94444165691495	20.08950588165392
-11.296594206912264	-18.134668404876386	20.501951436607204
-11.487078445785084	-18.31517527418592	20.926753152627587
-11.67714352425897	-18.485145325000495	21.363675366655418
-11.866499869578368	-18.643749086866368	21.812426239174087
-12.054842944540907	-18.790148305533528	22.27265487192326
-12.24185347472837	-18.923500111434116	22.743948637942346
-12.427197789874738	-19.042961608454466	23.225830777172135
-12.610528287680255	-19.147694875229302	23.717758313462923
-12.791484027843586	-19.23687236405743	24.219120350775214
-12.969691463351436	-19.30968267472943	24.72923680743787
-13.144765315130478	-19.365336672161327	25.247357647410265
-13.316309595024467	-19.403073907860048	25.772662666444106
-13.483918780696198	-19.422169296050928	26.304261888695976
-13.647179144473993	-19.421939985959547	26.841196625596062
-13.805670236371157	-19.401752362472223	27.38244124353693
-13.95896651951497	-19.361029098442447	27.926905680144376
-14.106639154045135	-19.299256173531003	28.47343874049645
-14.248257923205824	-19.21598976695268	29.020832194687937
-14.383393292894281	-19.11086292514881	29.56782568667116
-14.511618593381206	-18.983591900510834	30.11311245146516
-14.632512309328833	-18.8339820541366	30.655345823794473
-14.745660461656296	-18.66193321447622	31.19314650624674
-14.850659062296025	-18.467444384854065	31.725110549427125
-14.94711662051398	-18.250617696421433	32.24981798070331
-15.034656677292398	-18.011661509232496	32.76584200236866
-15.112920342365003	-17.75089257289659	33.271758664854794
-15.181568806915353	-17.468737169616855	33.76615690646047
-15.240285803758686	-17.165731176266682	34.24764883839405
-15.288779986082176	-16.842518998274684	34.71488014321507
-15.326787195564691	-16.499851346182915	35.166540446439726
-15.35407259096816	-16.138581845439667	35.60137351550221
-15.370432609114866	-15.759662490808019	36.01818713777465
-15.375696731544476	-15.364137978195615	36.415862530146335
-15.369729032075343	-14.953138968168398	36.793363136869615
-15.352429482955058	-14.52787435628765	37.149742680021824
-15.323735000235203	-14.089622645100775	37.48415233789843
-15.28362021239118	-13.639722530543734	37.79584694071726
-15.232097939962477	-13.179562831127559	38.08419008985316
-15.169219378029677	-12.710571901094365	38.348658126011145
-15.095073977584418	-12.234206678385458	38.58884289274302
-15.009789026189742	-11.75194152444913	38.80445326395831
-14.913528932668145	-11.265257015465341	38.995315426940756
-14.806494224798152	-10.775628843461407	39.1613719351963
-14.68892027304401	-10.284516981077283	39.302679567613055
-14.561075757102914	-9.793355255646464	39.419406051282365
-14.423260895442066	-9.30354146706062	39.51182572438032
-14.275805460949833	-8.816428170012113	39.5803142322549
-14.11906660828505	-8.333314225123504	39.62534236393136
-13.953426540432499	-7.855437205696248	39.647469147360155
-13.779290043342657	-7.383966727921834	39.64733432971527
-13.59708191833635	-6.919998752944026	39.62565037385276
-13.407244342202853	-6.464550889711114	39.58319410370361
-13.210234184632487	-6.018558708618358	39.520798130050416
-13.00652031183648	-5.582873057980551	39.43934218405132
-12.79658090396954	-5.1582583588064885	39.33974447933127
-12.580900812329268	-4.745391838474687	39.22295321481016
-12.359968980334926	-4.344863651007609	39.08993832007452
-12.134275950040365	-3.9571778208498762	38.94168353342897
-11.904311473483604	-3.582753938470448	38.77917889019634
-11.67056224558969	-3.2219295297476753	38.60341368577326
-11.433509772678653	-2.874963016884639	38.41536996475727
-11.193628387953817	-2.542037186440215	38.216016574482765
-10.951383422705089	-2.223263079777028	38.006303808825734
-10.707229539416625	-1.918684222639887	37.7871586564142
-10.46160923054693	-1.6282811134466586	37.55948065660072
-10.214951484489031	-1.3519758939689148	37.32413835685991
-9.967670618148638	-1.0896371311662238	37.08196635676875
-9.720165273717082	-0.8410846447768129	36.83376291646149
-9.472817575573272	-0.6060943216300675	36.58028810143373
-9.225992441824665	-0.38440286431959736	36.322262430771694
-8.980037043805385	-0.17571242868531595	36.060365992263556
-8.735280405873802	0.020304888678407868	35.79523798532391
-8.492033137086963	0.20400274507993862	35.52747665113936
-8.250587285760995	0.3757564544460548	35.25763954881649
-8.011216307543716	0.5359591180720187	34.98624413647409
-7.774175137411419	0.6850179979137985	34.713768617056125
-7.539700355930805	0.8233511419619443	34.4406530100277
-7.308010440194794	0.9513842667853215	34.16730041196031
-7.079306090019075	1.0695478984166842	33.89407841120046
-6.853770620255551	1.1782747693662716	33.62132062425239
-6.6315704104342075	1.2779974666723595	33.34932832411893
-6.412855403358555	1.3691463235115402	33.07837213354692
-6.1977596447404775	1.4521475449622478	32.808693758854396
-5.986401856458987	1.527421557004717	32.54050774272637
-5.778886036547661	1.595381566712332	32.27400321700508
-5.575302079544684	1.6564323208027876	32.00934563902999
-5.375726411374464	1.7109690492292275	31.74667849748275
-5.180222633462629	1.7593765802624963	31.486124975943152
-4.988842171299107	1.8020286135104149	31.227789564434605
-4.801624923169827	1.8392871374969038	30.971759611148716
-4.618599905258704	1.8715019787540295	30.718106808266693
-4.439785889775165	1.8990104698320656	30.46688860734205
-4.265192033195572	1.9221372241771768	30.218149561090947
-4.094818492109247	1.9411940064412652	29.971922589648216
-3.928657024535162	1.9564796874515924	29.728230170403954
-3.7666915749202765	1.9682802737612655	29.48708545144213
-3.6088988413429446	1.9768690024098006	29.24849328936676
-3.4552488237395576	1.9825064922317832	29.012451212954492
-3.3057053522323865	1.9854409437525418	28.77895031460073
-3.1602265948673844	1.9859083803928184	28.547976071946547
-3.018765544283131	1.9841329243627783	28.31950910241127
-2.8812704830200984	1.9803271012550954	28.093525853610487
-2.7476854273428772	1.9746921679434055	27.869999232818436
-2.6179505495905104	1.967418458953403	27.64889917874945
-2.49200257919743	1.958685746998181	27.43019317900113
-2.3697751826342053	1.948663613856376	27.213846736519052
-2.251199322609861	1.9375118282214765	26.999823788423893
-2.136203596955277	1.9253807275639356	26.78808708049061
-2.024714557670314	1.9124116014254178	26.57859850048868
-1.916657010672546	1.8987370739085816	26.371319373497776
-1.81195429682649	1.8844814834372776	26.166210722195547
-1.7105285548652305	1.869761258143107	25.96323349498621
-1.6123009668421922	1.8546852854870168	25.76234876470398
-1.5171919867674741	1.8393552749505524	25.563517900481056
-1.425121553095106	1.823866112833001	25.36670271522531
-1.3360092857328785	1.808306208369543	25.17186559100492
-1.2497746682476298	1.792757830543827	24.978969584491225
-1.1663372159356145	1.7772974351077928	24.787978514466477
-1.0856166304205221	1.761995981443787	24.598857033261133
-1.0075329414326781	1.7469192390109671	24.4115706838496
-0.9320066364104335	1.7321280832108092	24.22608594420056
-0.8589587785504974	1.7176787805869274	24.042370260351195
-0.7883111139183647	1.7036232633436508	23.86039206955463
-0.7199861682127255	1.6900093932270546	23.680120814735346
-0.6539073337591773	1.6768812148624377	23.50152695137827
-0.5899989472904188	1.664279198684973	23.324581947877974
-0.5281863590494048	1.6522404736356102	23.1492582802759
-0.46839599373273083	1.640799049823995	22.975529422226565
-0.41055540377195726	1.629986031384414	22.8033698309523
-0.3545933154291843	1.619829819770012	22.63275492986608
-0.30043966816364726	1.6103563077460248	22.463661088471977
-0.24802564770655763	1.6015890643546757	22.29606560008859
-0.1972837132617512	1.5935495111331264	22.129946657880517
-0.14814761922988223	1.5862570898718682	21.96528332962615
-0.10055243183518067	1.5797294222047886	21.80205553160002
-0.054434541015609385	1.5739824613240365	21.640244001902868
-0.009731667919422758	1.5690306361129729	21.479830273531476
0.033617131666921325	1.5648869879891447	21.320796647440453
0.07567146765139154	1.5615633007467835	21.16312616581409
0.11648961943730256	1.5590702236849034	21.006802585737674
0.15612854291638054	1.55741738830269	20.851810353428984
0.19464388039349817	1.5566135188388146	20.698134579164577
0.23208997319667382	1.5566665369257522	20.545761013015643
0.2685198767403462	1.5575836606240627	20.394676021487815
0.30398537782379437	1.559371498095158	20.244866565140754
0.3385370139590683	1.5620361361643489	20.096320177250245
0.372224094535468	1.5655832240189669	19.949024943561575
0.40509472363967386	1.570018052279246	19.80296948317078
0.4371958243620996	1.5753456276724243	19.658142930560103
0.46857316443061886	1.5815707435331978	19.514534918806763
0.49927138302332835	1.588698046346292	19.37213556397652
0.5293340186221994	1.5967320985396463	19.230935450706
0.5588035377784933	1.6056774377293128	19.09092561897462
0.5877213646700735	1.6155386326099617	18.95209755206152
0.6161279113392133	1.6263203356776683	18.814443165679943
0.644062608507364	1.6380273329644632	18.677954798280037
0.671563936871575	1.6506645909572841	18.542625202506684
0.6986694587939617	1.6642373008668554	18.408447537800374
0.7254158503026513	1.678750920405226	18.275415364127806
0.7518389333295274	1.6942112132241829	18.14352263682677
0.7779737081156892	1.7106242861599241	18.012763702552803
0.8038543857216959	1.7279966244230727	17.883133296313915
0.8295144205851782	1.7463351248668362	17.754626539580297
0.854986543073207	1.7656471274596934	17.62723893945881
0.8803027919819737	1.7859404450830998	17.500966388921775
0.9054945469408009	1.8072233917687135	17.375805168081566
0.9305925606815068	1.8295048094835895	17.251751946505557
0.9556269911385455	1.8527940935663851	17.128803786565765
0.9806274333486987	1.8771012169117194	17.006958147821525
1.0056229511226364	1.9024367529943482	16.886212892435182
1.0306421084640673	1.9288118978195814	16.766566291622322
1.0557130007148803	1.9562384908807586	16.648017033141848
1.0808632854075433	1.984729035199424	16.53056422983318
1.1061202128085967	2.014296716518711	16.41420742921024
1.1315106561393984	2.0449554217153314	16.29894662412458
1.157061141462273	2.0767197564903612	16.184782264513196
1.182797877222185	2.10960506239402	16.071715270249232
1.208746783435826	2.143627433234698	15.959747045116359
1.2349335205214922	2.178803730917448	15.848879491930667
1.2613835177645418	2.215151600752225	15.739115028836778
1.288122001414233	2.2526894862669318	15.630456606808483
1.3151740224089294	2.2914366435555356	15.522907728386535
1.3425644837276007	2.3314131551865898	15.416472467688939
1.3703181673658558	2.3726399436918504	15.311155491733734
1.3984597609356255	2.4151387846499746	15.206962083115885
1.4270138838878073	2.458932319374734	15.10389816408391
1.4560051133573892	2.5040440672117965	15.001970322064889
1.4854580096307766	2.550498437442768	14.901185836689397
1.5153971412345826	2.5983207407889806	14.801552708372297
1.5458471096453168	2.647537200502214	14.703079688507264
1.576832573618679	2.6981749630230643	14.605776311337124
1.6083782731367529	2.7502621081815026	14.509652927565106
1.6405090529704376	2.803827658907289	14.414720739776023
1.6732498858537386	2.858901590411247	14.320991839739216
1.706625895265575	2.915514838791478	14.228479247668155
1.740662377813072	2.9736993090101937	14.137196953516266
1.7753848252092985	3.0334878821796503	14.047159960390662
1.8108189458367208	3.0949144220871148	13.958384330169006
1.8469906858854899	3.1580137808793887	13.870887231408895
1.8839262500540748	3.222821803818702	13.784686989641207
1.9216521217975557	3.289375333011958	13.699803140141986
1.9601950831060868	3.3577122100041623	13.61625648328133
1.9995822337935443	3.4278712771160413	13.534069142549944
2.039841010273574	3.49989237739423	13.453264625366515
2.080999203797067	3.573816353029829	13.373867886771448
2.1230849781215095	3.649685042087543	13.295905396115005
2.166126886578948	3.7275412733734394	13.219405206849473
2.2101538885055083	3.807428859254712	13.144397029536107
2.2551953649908234	3.8893925862283476	13.070912308178979
2.301281133901201	3.9734782030188573	12.998984299998028
2.348441464125271	4.059732405966985	12.928648158753576
2.396707088985454	4.148202821452115	12.859941021733746
2.446109218752962	4.2389379850709705	12.792902100514342
2.4966795521972	4.331987317272385	12.727572775599139
2.5484502870950267	4.427401095127237	12.66399669504323
2.601454129617018	4.525230419886128	12.602219877159154
2.6557243025002806	4.625527179951619	12.542290817399332
2.7112945519104197	4.728344008866801	12.484260599499446
2.768199152885199	4.8337342378906545	12.428183010960064
2.8264729132439914	4.941751842701754	12.374114662931813
2.88615117583698	5.052451383739445	12.322115114556771
2.9472698189977202	5.165887939658216	12.272247001803319
3.009865255051139	5.282117033334998	12.224576170814078
3.0739744267176827	5.4011945498330745	12.17917181576548
3.139634801241741	5.523176645687581	12.136106621213624
3.2068843620585983	5.648119648836264	12.09545690887415
3.2757615978009382	5.776079948478893	12.057302788751937
3.3463054884306596	5.907113874104579	12.021728314501267
3.4185554882657563	6.0412775628809126	11.988821642857049
3.492551505656186	6.178626814553971	11.958675196931843
3.568333879045467	6.3192169329614964	11.931385833122597
3.64594334913604	6.463102553212498	11.907055011313991
3.725421026857406	6.610337453538064	11.885788968001417
3.8068083568171214	6.760974350770976	11.86769889188507
3.890147075893782	6.915064678362702	11.852901101407788
3.9754791666094778	7.072658345797925	11.841517223621622
4.062846804897573	7.233803478221137	11.833674373671064
4.152292301859267	7.3985461350458745	11.829505334073977
4.243858039078377	7.56693000627413	11.829148732863901
4.337586397040874	7.738996085216902	11.832749219528294
4.433519676181763	7.914782316273886	11.84045763753635
4.531700010056935	8.094323216401596	11.852431192096178
4.632169270114488	8.277649468881364	11.868833611613706
4.734968961514942	8.4647874879856	11.88983530114395
4.8401401094280585	8.655758953143634	11.915613485929116
4.947723135210197	8.850580311218769	11.94635234290616
5.057757721843982	9.049262245534191	11.98224311783852
5.1702826680041785	9.251809110333685	12.023484225483541
5.285335730095221	9.458218329426627	12.070281329947266
5.40295345158987	9.668479757853154	12.122847402101973
5.523170978986749	9.882575005519973	12.18140275064997
5.646021863696996	10.10047672190242	12.24617502311037
5.771537849166805	10.322147841086018	12.317399172684492
5.899748642544154	10.547540786635413	12.395317386621278
6.03068167020582	10.77659663603515	12.480178971358741
6.1643618164788165	11.00924424475508	12.572240189365463
6.300811144913338	11.245399330346633	12.671764042246746
6.440048601498715	11.4849635173893	12.77901999432022
6.58208969926155	11.727823344585254	12.894283630510643
6.726946183741879	11.973849235839282	13.017836242065544
6.8746256789158675	12.222894437775919	13.14996433326192
7.025131313223899	12.47479392684058	13.290959041968309
7.1784613254692475	12.729363289905551	13.44111546665272
7.334608650476824	12.986397583159182	13.600731892195034
7.4935604845507395	13.245670175009831	13.770108906689494
7.655297830940034	13.506931579777975	13.949548401317703
7.819795025716671	13.769908290083512	14.139352445350303
7.987019244695513	14.034301617068	14.339822028418439
8.156929992275355	14.299786548906816	14.551255662392762
8.329478573363868	14.566010639474385	14.773947835547572
8.504607549866336	14.832592940514452	15.008187312189602
8.682250183560315	15.099122992212996	15.254255271605478
8.862329867565565	15.365159888688668	15.512423281075334
9.044759549031816	15.63023143655671	15.782951098812852
9.229441146115327	15.893833426378698	16.06608430405757
9.41626496280233	16.155429038461335	16.362051753195384
9.60510910564786	16.414448406057936	16.671062862718127
9.79583890704237	16.67028836053731	16.99330472209106
9.988306360187401	16.922312384462458	17.328939042187447
10.18234957154659	17.169850799709895	17.678098947876393
10.37779223713945	17.41220121870991	18.0408856266294
10.574443149652176	17.64862928753118	18.41736484863624
10.772095743940191	17.878369749797276	18.807563377876082
10.97052768908299	18.100627860238422	19.211465297857504
11.169500535711894	18.31458117597388	19.62900828029136
11.368759427842818	18.519381752301154	20.060079829728213
11.56803288890302	18.714158767772137	20.504513542134116
11.767032692017905	18.89802160058052	20.962085420400125
11.965453824901836	19.070063374701515	21.432510294783146
12.162974559860375	19.22936498976134	21.915438401154265
12.3592566394307	19.374999643217073	22.410452174532306
12.553945588047169	19.50603784707766	22.917063319569447
12.74667115979415	19.621552934085585	23.43471022325485
12.937047931778258	19.720627040029903	23.962755777933268
13.124676051897938	19.80235753972953	24.500485684609856
13.30914214879349	19.865863904300344	25.047107307237997
13.490020410510661	19.910294936728935	25.60174914806997
13.66687383689624	19.93483633168931	26.16346101200694
13.839255668965313	19.938718494170285	26.73121492406309
14.006710996433409	19.921224540081752	27.303906858402865
14.168778542309099	19.881698390874067	27.880359329836807
14.324992620909367	19.81955286366253	28.459324889107094
14.474885262921312	19.734277648755143	29.039490551769603
14.61798849822119	19.625447058211584	29.6194831770314
14.753836784127614	19.492727422497303	30.197875797688408
14.881969563665361	19.33588400780936	30.773194885543607
15.001933935305622	19.154787324598377	31.34392851863116
15.11328741260969	18.949418698499773	31.908535397635866
15.21560074930601	18.719874978574573	32.465454639495704
15.308460802657752	18.466372264627466	33.01311625681524
15.3914734056123	18.189248545509088	33.54995221295252
15.464266216249335	17.88896515369921	34.07440792507643
15.526491511532589	17.56610695799039	34.5849540716968
15.577828891393647	17.221381235503785	35.080098547739574
15.617987858797356	16.85561518619096	35.55839839974806
15.646710241698576	16.469752076941262	36.01847156669813
15.663772423732375	16.06484602784014	36.459008248631065
15.668987352097234	15.642055479327603	36.87878172613754
15.662206293383926	15.202635405272128	37.276658458810104
15.643320311045638	14.747928362527796	37.65160730015033
15.612261441749093	14.27935449160512	38.0027076799403
15.569003551923743	13.798400604913104	38.32915662247897
15.51356286035136	13.306608517935446	38.63027448991377
15.445998117510396	12.805562794080442	38.9055093636119
15.366410437495489	12.296878085314749	39.154440002440715
15.274942783550449	11.782186257700054	39.37677734421661
15.171779113457893	11.26312349341248	39.572364544623895
15.057143196095064	10.741317558698018	39.741175575782044
14.931297115272846	10.218375420633565	39.88331243353742
14.794539481411123	9.695871384796071	39.999001027716666
14.64720337557108	9.175335911420712	40.088585852316264
14.489654053779827	8.658245249878348	40.15252355234173
14.322286442377102	8.146012010945729	40.19137552029468
14.14552245725027	7.639976774090796	40.205799667814695
13.959808181270583	7.141400803543227	40.19654152654896
13.765610934997705	6.651459922995265	40.164424836908694
13.563416275801693	6.171239575089388	40.11034178408188
13.353724959990187	5.701731069019154	40.035243037734126
13.137049901375471	5.243828998175116	39.94012774557238
12.913913158031074	4.798329790277104	39.82603362178333
12.684842976846276	4.365931335233186	39.69402725976356
12.450370922965918	3.9472336213159718	39.54519478504395
12.211029118385897	3.542740298314906	39.38063294940112
11.967347610944666	3.1528610771695513	39.201440751362504
11.719851891791865	2.7779148691864894	39.00871165214452
11.46906057620231	2.418133564174744	38.80352643996722
11.215483259407288	2.0736663455203224	38.58694678006387
10.95961855600498	1.7445844411345142	38.360009472896515
10.701952328537732	1.4308862120716008	38.123721429371976
10.442956108029502	1.132502485122365	37.87905535943426
10.183085706706368	0.8493020415538549	37.62694615944443
9.922780020797282	0.5810971810688769	37.36828797432637
9.662460019249911	0.32764928770799556	37.103931902589906
9.40252791240783	0.0886743325388206	36.83468430602375
9.14336649318143	-0.13615174367826455	36.561305681022375
8.885338642005607	-0.34718781630785617	36.284510045086584
8.628786985893704	-0.5448225714389942	36.00496478989535
8.374033701164706	-0.7294697417372736	35.723290951363296
8.121380448916689	-0.9015636086551968	35.44006384712875
7.871108432020891	-1.0615547892958594	35.155814032811385
7.623478562303193	-1.209906320026659	34.87102852999949
7.378731726636465	-1.3470900433950421	34.58615228112969
7.1370891408591	-1.4735833000257443	34.30158978906735
6.898752780758043	-1.5898659229641288	34.01770690218254
6.663905879765235	-1.6964175283682863	33.73483270891015
6.432713483507517	-1.7937150935034134	33.45326150910104
6.2053230519096845	-1.8822308106142605	33.173254832839405
5.981865100137596	-1.9624302034095975	32.89504348072102
5.762453870293585	-2.0347704915236644	32.618829562830314
5.547188026417724	-2.099699187376865	32.34478851676605
5.336151365985496	-2.1576529092917642	32.073071087999395
5.129413541727935	-2.2090563944742927	31.80380525859472
4.927030788220414	-2.2543216954976777	31.537098112858736
4.729046648284767	-2.293847544181541	31.273037630798157
4.535492694824273	-2.3280188671978292	31.01169440236135
4.3463892442524585	-2.3572064383215054	30.7531232573085
4.161746058186226	-2.3817666529414927	30.497364807209788
3.981563030552896	-2.4020414112256225	30.244446897524682
3.805830857701519	-2.418358097167288	29.99438596897004
3.634531689511483	-2.4310296416077306	29.74718832845357
3.467639759863921	-2.440354658206596	29.50285133075599
3.305121995178637	-2.446617642209799	29.261364472897544
3.1469386000189266	-2.450089222724933	29.02271040373061
2.9930436190407432	-2.4510264600494573	28.786865851790246
2.843385474804086	-2.4496731803988148	28.553802474809533
2.697907481174863	-2.4462603411441797	28.32348763457954
2.556548332235537	-2.4410064203886486	28.095885101029985
2.41924256678481	-2.4341178253841735	27.87095568952381
2.285921008644292	-2.425789314917611	27.64865783540951
2.15651118311469	-2.4162044313732234	27.428948109884395
2.0309377100217265	-2.4055359387107793	27.211781681173452
1.909122673877481	-2.393946263084604	26.99711272495066
1.7909859717539753	-2.381587933271299	26.784894787823983
1.676445639518866	-2.3686040184738633	26.57508110756844
1.5654181571299415	-2.3551285614308135	26.3676248936468
1.4578187337169026	-2.341287005082231	26.162479571392222
1.3535615732030224	-2.3271966113335067	25.95959899305555
1.2525601212357749	-2.3129668707144915	25.75893761874384
1.1547272942043574	-2.2986999019591834	25.560450670097264
1.0599756911240177	-2.284490840731492	25.364094259370255
0.9682177891645892	-2.2704282168985563	25.16982549640489
0.8793661235945476	-2.256594319906987	24.977602575812057
0.7933334529000394	-2.2430655519509277	24.787384846504196
0.7100329098245546	-2.2299127687365248	24.599132865559998
0.6293781390594552	-2.2172016077470897	24.412808438246735
0.5512834222957114	-2.204992803998224	24.228374645873444
0.4756637913269327	-2.193342493344543	24.045795863005782
0.40243512987361635	-2.182302503460959	23.86503776544228
0.33151426477482937	-2.17192063267239	23.686067330222585
0.2628190471705663	-2.1622409168481362	23.508852828820167
0.19626842427508673	-2.1533038846119483	23.333363814563054
0.1317825023170581	-2.145146801146654	23.159571105221513
0.0692826011987286	-2.1378039008943936	22.987446761606762
0.008691301402961555	-2.131306609470646	22.81696406293747
-0.05006751634687837	-2.125683755122884	22.648097479648474
-0.10706863819212702	-2.120961770073711	22.48082264424212
-0.16238549054973567	-2.117164882094067	22.315116320714072
-0.21609011939170975	-2.11431529665512	22.150956373023114
-0.2682531749775943	-2.1124333700081324	21.98832173301725
-0.3189439016452039	-2.1115377735403342	21.82719236817781
-0.36823013228575385	-2.1116456497518694	21.667549249494773
-0.4161782871487691	-2.112772760194621	21.509374319745916
-0.4628533766411138	-2.114933625708233	21.352650462414697
-0.5083190078034773	-2.1181416592822777	21.197361471445824
-0.5526373941646328	-2.122409291866372	21.043492022009247
-0.5958693686910636	-2.127748091442273	20.891027642415406
-0.6380743995659458	-2.1341688756637622	20.739954687300227
-0.6793106085468171	-2.141681818361508	20.59026031217817
-0.7196347916662802	-2.150296550201162	20.441932449442948
-0.7591024420545737	-2.1600222537739087	20.294959785878557
-0.7977677746761819	-2.1708677533893965	20.149331741730407
-0.8356837527857348	-2.1828415998316415	20.005038451373995
-0.8729021159211687	-2.195952150329237	19.86207074560711
-0.9094734092633977	-2.2102076439817266	19.7204201355847
-0.9454470142031628	-2.22561627287466	19.580078798407726
-0.9808711799666087	-2.2421862491067	19.44103956437029
-1.0157930561608701	-2.259925867942785	19.303295905866147
-1.0502587261107033	-2.278843567298311	19.166841927951193
-1.0843132408663405	-2.2989479837502866	19.031672360555426
-1.1180006537710698	-2.320248005262413	18.897782552336892
-1.1513640554852855	-2.342752820802271	18.765168466168266
-1.1844456093714646	-2.3664719670201784	18.633826676245793
-1.2172865871513507	-2.39141537215045	18.503754366811748
-1.249927404753703	-2.4175933972875163	18.37494933248072
-1.2824076582773205	-2.445016875181035	18.247409980160956
-1.3147661599995544	-2.4736971466855073	18.121135332564943
-1.3470409743665133	-2.5036460949920714	17.996125033303382
-1.3792694539061237	-2.534876177761895	17.872379353559413
-1.411488275009888	-2.567400457272446	17.749899200342693
-1.443733473533728	-2.6012326286799947	17.628686126324904
-1.4760404801726748	-2.636387046494113	17.508742341259993
-1.5084441555674586	-2.672878749351553	17.39007072499696
-1.5409788251045822	-2.7107234831690734	17.27267484209573
-1.57367831337497	-2.7499377227473394	17.15655895805813
-1.6065759782587814	-2.790538691889798	17.0417280571906
-1.6397047446066735	-2.8325443820927303	16.928187862117678
-1.673097137489808	-2.8759735698544295	16.81594485496953
-1.7067853149931236	-2.920845832643782	16.705006300269005
-1.7408011005282173	-2.9671815635606187	16.595380269546656
-1.7751760146431836	-3.015001984711503	16.48707566771683
-1.8099413063080902	-3.0643291593164927	16.380102261250528
-1.845127983655925	-3.1151860025543265	16.274470708183117
-1.8807668441591203	-3.1675962911443567	16.170192589999335
-1.9168885042223962	-3.2215846716550613	16.067280445440257
-1.9535234281725928	-3.2771766675196363	15.965747806280477
-1.990701956626255	-3.3343986847301714	15.865609235126035
-2.0284543342151045	-3.3932780161719553	15.766880365286964
-2.06681073664902	-3.45384284454973	15.669577942780663
-2.1058012970953413	-3.5161222438475983	15.57371987052442
-2.145456131851892	-3.5801461792532483	15.47932525477838
-2.1858053652898723	-3.6459455054663836	15.386414453901722
-2.226879154040952	-3.713551963299531	15.29500912948686
-2.268707710401107	-3.7829981744677195	15.205132299937562
-2.311321324921226	-3.85431763445057	15.116808396558563
-2.3547503881520524	-3.9275447032973836	15.03006332222478
-2.3990254115082994	-4.002714594232328	14.944924512698348
-2.444177047213419	-4.079863359902141	14.86142100066198
-2.4902361072830845	-4.159027876093838	14.779583482536317
-2.537233581501871	-4.240245822734569	14.699444388147281
-2.585200654342946	-4.323555661968324	14.62103795330846
-2.634168720776731	-4.408996613088035	14.544400295379637
-2.684169400909257	-4.496608624082785	14.469569491859783
-2.7352345533854647	-4.5864323395404485	14.396585662068636
-2.7873962874877702	-4.67850906462736	14.325491051964317
-2.8406869738535514	-4.7728807248446925	14.256330122138746
-2.895139253729144	-4.869589821240073	14.189149639023986
-2.950786046670663	-4.968679380729543	14.123998769333735
-3.007660556595138	-5.070192901162084	14.060929177752396
-3.0657962760771986	-5.174174290733363	13.999995127871973
-3.125226988778259	-5.280667801329605	13.941253586362203
-3.185986769887059	-5.38971795535695	13.88476433034164
-3.248109984440245	-5.501369465582377	13.830590057899249
-3.3116312833821375	-5.615667147484096	13.778796501693737
-3.3765855972127214	-5.73265582358022	13.729452545533055
-3.443008127062171	-5.852380219174489	13.68263034380859
-3.5109343330183185	-5.974884848925963	13.638405443627919
-3.5803999195213985	-6.100213893617776	13.596856909455111
-3.6514408176288655	-6.228411066469851	13.558067450028078
-3.7240931639389587	-6.359519468306214	13.522123547280124
-3.7983932759483645	-6.493581430855787	13.489115586944658
-3.874377623606163	-6.630638347435123	13.459137990468736
-3.952082796810433	-6.770730490227828	13.432289347803344
-4.031545468579081	-6.913896813345214	13.408672550573872
-4.112802353611594	-7.0601747408244835	13.388394925063404
-4.195890161942728	-7.209599938693487	13.371568364364268
-4.280845547372244	-7.362206070204514	13.358309458969176
-4.367705050338717	-7.518024533317873	13.348739624980988
-4.456505034889599	-7.677084179498649	13.342985229020112
-4.547281619383256	-7.839411012876071	13.341177708800087
-4.6400706005417245	-8.005027868805346	13.343453688224665
-4.734907370457715	-8.173954070871197	13.349955085733061
-4.8318268261437005	-8.346205065377845	13.360829214483955
-4.930863271196157	-8.521792032384916	13.376228872822951
-5.032050309134945	-8.700721472375209	13.396312423322314
-5.135420727963437	-8.882994767674209	13.421243858515535
-5.2410063754858704	-9.068607717795459	13.451192851273118
-5.34883802490954	-9.257550047952716	13.486334787580121
-5.458945230250712	-9.4498048900605	13.5268507792794
-5.5713561710605175	-9.64534823565108	13.572927654139665
-5.686097485986991	-9.844148360263215	13.624757920393957
-5.803194094690697	-10.046165219005905	13.682539702672287
-5.922669007640939	-10.251349813182342	13.746476646025297
-6.044543123331037	-10.459643528066149	13.816777784503333
-6.168835012469648	-10.670977442164105	13.893657370520273
-6.295560688731681	-10.88527160858049	13.977334660997373
-6.424733365683161	-11.102434309412965	14.068033656049298
-6.556363199536879	-11.322361284472853	14.165982785749431
-6.6904570174458255	-11.54493493602832	14.271414540296252
-6.827018031102325	-11.770023511723698	14.384565038702608
-6.9660455354835715	-11.997480268335064	14.505673530951029
-7.107534592669096	-12.22714261958172	14.634981828406175
-7.2514757007550665	-12.45883127183009	14.772733657158529
-7.397854448004496	-12.692349352200488	14.919173928898742
-7.546651152502073	-12.927481534318348	15.074547923898006
-7.697840487730641	-13.163993167743293	15.239100380708273
-7.851391094651997	-13.401629417956404	15.413074487305384
-8.00726518106034	-13.640114424689164	15.59671076859155
-8.16541810918207	-13.879150487330403	15.790245865461904
-8.325797972724766	-14.118417287150175	15.993911201040397
-8.488345164825105	-14.357571157113801	16.207931530208853
-8.652991938616037	-14.596244411124445	16.432523369209648
-8.819661962429116	-14.83404474561775	16.66789330291389
-8.988269871960911	-15.07055472751149	16.914236168317988
-9.158720822068059	-15.30533138357768	17.171733113982302
-9.33091004121068	-15.537905907329916	17.44054953646696
-9.504722391936777	-15.767783500480387	17.720832896362474
-9.680031941188227	-15.994443366890152	18.012710418265552
-9.856701544607409	-16.217338877679396	18.316286681016646
-10.034582449428955	-16.435897926747103	18.631641106698382
-10.213513920951407	-16.649523496336727	18.95882535929604
-10.393322897988051	-16.857594452427843	19.297860666527466
-10.573823683087266	-17.059466589589334	19.648735081144185
-10.754817673689397	-17.254473944459757	20.011400700980204
-10.936093140732792	-17.441930396168896	20.38577087013766
-11.117425061525367	-17.621131570734942	20.771717386908325
-11.298575013958333	-17.791357064730104	21.16906774730856
-11.47929113933457	-17.95187300125143	21.577602456378322
-11.65930818119994	-18.101934928426413	21.997052442586266
-11.838347607599161	-18.240791067306876	22.427096613736882
-12.016117824109498	-18.367685912034204	22.86735959559317
-12.192314484818551	-18.481864180585756	23.317409696903827
-12.36662090809732	-18.582575109247987	23.77675714655865
-12.538708603563943	-18.669077078232316	24.244852650079057
-12.708237916027155	-18.740642549599553	24.72108631347005
-12.87485879142934	-18.7965632919528	25.20478698249402
-13.038211668869698	-18.83615585928701	25.69522204456021
-13.197928501680417	-18.858767284062154	26.191597738569218
-13.353633909246339	-18.863780937130432	26.693060015101693
-13.504946459808115	-18.85062249975913	27.19869598522768
-13.651480082878399	-18.818765985832297	27.70753599088703
-13.792845608143496	-18.767739745588	28.21855632322846
-13.928652425838152	-18.697132376169453	28.73068260750704
-14.058510261593042	-18.60659845906331	29.242793864175493
-14.182031056692791	-18.495864040394622	29.75372724575204
-14.298830942583693	-18.364731767266363	30.262283438047167
-14.408532296372702	-18.213085592081324	30.76723270255233
-14.510765862008306	-18.040894957250455	31.26732152446177
-14.605172919880674	-17.848218375021	31.761279818191184
-14.691407485765337	-17.635206321468104	32.24782862964044
-14.769138518422569	-17.402103370032208	32.72568826219124
-14.838052113796337	-17.14924949835815	33.19358674185077
-14.897853662683444	-16.87708051253532	33.65026852641586
-14.94826994801077	-16.586127545012914	34.09450335440074
-14.989051157501507	-16.277015596278595	34.525095122061295
-15.019972787564091	-15.950461105564527	34.940890671482734
-15.040837414719324	-15.607268552063804	35.340788369614906
-15.0514763118049	-15.24832610501861	35.72374635754629
-15.051750887563069	-14.874600358146878	36.08879035134344
-15.04155393001218	-14.487130200771071	36.4350208804775
-15.020810636204367	-14.087019894234116	36.761619857189785
-14.989479413543233	-13.675431437274016	37.06785637999602
-14.9475524407292	-13.253576317547564	37.35309168668617
-14.895055979559235	-12.822706758058825	37.61678318635271
-14.832050432166362	-12.384106576519223	37.85848751582471
-14.75863014177086	-11.939081782380175	38.07786258298072
-14.67492293855238	-11.48895104024927	38.274668577306166
-14.581089435760466	-11.035036129522233	38.44876794626925
-14.477322084588245	-10.57865252836406	38.60012435410873
-14.363843999561762	-10.121100245705584	38.72880065699946
-14.240907569174126	-9.663655017857208	38.83495594483179
-14.108792869168797	-9.20755997697755	38.9188417145908
-13.9678058981879	-8.75401788723343	38.98079725322841
-13.818276657415407	-8.304184031454442	39.021244318698116
-13.660557097331761	-7.859159816816353	39.040681216277605
-13.495018955735107	-7.419987152998376	39.0396763733246
-13.322051511780215	-6.987643640807345	39.018861519159834
-13.142059280937234	-6.563038593833693	38.978924577897395
-12.955459675499727	-6.147009900699667	38.92060238085927
-12.7626806546107	-5.740321721249059	38.84467330189844
-12.56415838674953	-5.343662996876253	38.7519499137421
-12.360334946285569	-4.95764674337741	38.643271756623285
-12.15165606410095	-4.58281008440519	38.519498302290884
-11.93856895046198	-4.2196149749396765	38.38150218728354
-11.721520206332935	-3.8684495572309223	38.23016277943369
-11.500953837225817	-3.5296300864271863	38.06636013123589
-11.277309381518121	-3.2034033595449283	37.8909693632539
-11.05102016299143	-2.8899495794751324	37.704855510411164
-10.822511675190011	-2.589385585238999	37.5088688540354
-10.592200103111157	-2.3017683805634124	37.30384075310494
-10.360490985748116	-2.027098894873402	37.0905799794254
-10.127778021137024	-1.76532591381639	36.869869553565216
-9.894442013840607	-1.5163501202694383	36.642464071387195
-9.660849963239455	-1.2800281912422957	36.40908750496759
-9.427354289612786	-1.0561769010111792	36.17043145661759
-9.194292193781969	-0.8445771860386206	35.927153840604525
-8.961985145056108	-0.6449781325987556	35.679877963972345
-8.730738491363464	-0.4571008534110917	35.42919197553709
-8.500841184768378	-0.28064222487380724	35.175648650616004
-8.27256561504725	-0.1152784615817967	34.919765478257666
-8.046167543625716	0.039331490354790825	34.6620250175991
-7.821886129943204	0.18354275517324306	34.40287549039215
-7.59994404220169	0.31772153434759753	34.142731577632475
-7.380547644459605	0.4422423246069573	33.881975389508774
-7.163887252127109	0.5574853498545521	33.620957579476574
-6.950137448104223	0.6638342068350497	33.3599985750909
-6.739457452055257	0.7616737218796751	33.09938990022573
-6.531991535619665	0.8513880139307959	32.8393955654051
-6.327869476715805	0.9333587572856687	32.58025350512654
-6.127207046482991	1.0079636360815138	32.32217704321846
-5.930106522816208	1.075574981443074	32.06535636939756
-5.736657224875646	1.1365585813958625	31.809960012258355
-5.546936063389842	1.1912726530843034	31.556136295906377
-5.361008102003816	1.2400669664951047	31.304014769313557
-5.178927125353248	1.2832821087398578	31.053707599222157
-5.000736209965789	1.321248877969445	30.805310919042213
-4.826468294495748	1.3542877961499167	30.558906127668717
-4.656146746187021	1.3827087301998109	30.3145611334898
-4.489785920827586	1.4068106113501317	30.072331540064248
-4.327391713808323	1.42688124301958	29.832261771024044
-4.168962100223499	1.443197187981974	29.594386132703274
-4.014487662253187	1.456023726123465	29.358729813820364
-3.8639521023498227	1.465614874630746	29.125309822255637
-3.717332741006415	1.4722134630068788	28.894135859569552
-3.574600998120076	1.4760512558680734	28.66521113441786
-3.435722857177522	1.4773491170252804	28.43853311643989
-3.3006593116821272	1.4763172088921073	28.214094232537093
-3.169366793413224	1.4731552217802477	27.991882507724846
-3.0417975822635737	1.4680526281413224	27.77188215294699
-2.917900197538705	1.4611889572872425	27.554074102393358
-2.7976197707180472	1.4527340865675067	27.33843650295332
-2.6808983997852103	1.4428485454003732	27.124945158499347
-2.567675485325306	1.4316838289450482	26.913573931714396
-2.457888048664342	1.4193827185636612	26.70429510616493
-2.35147103239272	1.4060796065555656	26.497079711286197
-2.2483575836694647	1.3919008229527876	26.29189781288684
-2.1484793207511794	1.376964962445725	26.08871877170759
-2.0517665832259464	1.3613832097631182	25.88751147247795
-1.9581486664626195	1.345259662061649	25.688244525817023
-1.867554040808981	1.3286916470895103	25.490886445218354
-1.7799105560880086	1.3117700360761808	25.295405801244733
-1.6951456319543161	1.294579550469528	25.101771354946848
-1.6131864346784293	1.277199061791896	24.90995217240068
-1.5339600409288392	1.2597018840209273	24.719917722141126
-1.457393589121929	1.2421560580201603	24.531637957156214
-1.3834144189054307	1.2246246276496204	24.345083382992247
-1.3119501993337386	1.2071659072791752	24.160225113408124
-1.2429290462850537	1.1898337405088373	23.977034914911474
-1.176279629660131	1.172677749971395	23.79548524140797
-1.1119312708889553	1.1557435781542804	23.615549260094095
-1.0498140312589992	1.1390731192312982	23.437200869632104
-0.9898587915647011	1.1227047419410991	23.26041471155915
-0.9319973235612861	1.1066735035884396	23.085166175795482
-0.8761623536906407	1.0910113552779963	22.911431401039376
-0.8222876195313643	1.0757473385190617	22.739187270764962
-0.7703079194078379	1.0609077733630192	22.568411405468467
-0.72015915557683	1.0465164382552532	22.39908215174571
-0.6717783713929132	1.032594741799092	22.231178568722637
-0.6251037828380119	1.0191618866424856	22.064680412308352
-0.5800748047836881	1.0062350257082198	21.89956811768899
-0.5366320723380853	0.9938294109960907	21.73582278043305
-0.49471745761369923	0.9819585351911653	21.57342613653723
-0.4542740822365082	0.9706342663160733	21.412360541703194
-0.41524632590148075	0.9598669756674407	21.252608950099837
-0.3775798312642933	0.9496656592773548	21.094154892832456
-0.34122150544505475	0.9400380531405632	20.936982456313302
-0.30611951840497986	0.9309907424465609	20.781076260698708
-0.27222329844367776	0.9225292650536311	20.62642143853596
-0.23948352505133863	0.9146582094389296	20.47300361374128
-0.20785211933715478	0.9073813073551114	20.320808881010443
-0.17728223224321477	0.9007015214199859	20.169823785747777
-0.14772823074075034	0.8946211278610798	20.020035304581832
-0.11914568219462666	0.889141794632245	19.871430826524715
-0.0914913370707785	0.8842646551142659	19.723998134819297
-0.06472311015054279	0.8799903776060294	19.577725389506973
-0.03880006040613011	0.8763192308073693	19.43260111074166
-0.01368236968136723	0.8732511454889654	19.288614162865414
0.010668679687101524	0.8707857725389899	19.145753739255902
0.03429072818192595	0.8689225375703724	19.004009347949513
0.05722036323283557	0.8676606922667262	18.86337079803795
0.07949314405021189	0.8669993626391878	18.7238281868337
0.10114362706249631	0.8669375943605977	18.58537188779476
0.12220539186266789	0.8674743953377096	18.44799253919671
0.14271106757597676	0.8686087756764187	18.311681033537972
0.16269235956770314	0.8703397851893724	18.176428507662298
0.18218007641609754	0.8726665485897998	18.04222633358045
0.20120415708141579	0.875588298509948	17.909066109973132
0.21979369820766437	0.8791044064771713	17.77693965435623
0.2379769814991001	0.8832144119755103	17.645838995888408
0.2557815011183773	0.8879180497154642	17.515756368802304
0.27323399105820356	0.8932152752297049	17.386684206439348
0.2903604524426555	0.8991062889075843	17.258615135870023
0.30718618071874737	0.9055915585765952	17.13154197308063
0.3237357927026789	0.9126718407343161	17.005457718709213
0.3400332534490199	0.9203482005299056	16.880355554313912
0.3561019029146809	0.9286220305899237	16.756228839157334
0.37196448239272817	0.937495068778996	16.633071107492444
0.3876431606942794	0.9469694149818145	16.510876066336138
0.40315956005963416	0.957047546989014	16.389637593717826
0.4185347817825615	0.9677323355657088	16.26934973739126
0.4337894315341925	0.9790270587777773	16.150006713999435
0.44894364437526557	0.990935415647388	16.03160290868423
0.4640171094478868	1.0034615392059651	15.914132875132411
0.47902909433991786	1.0166100090094388	15.797591336051816
0.4939984691170195	1.0303858631774228	15.681973184073113
0.5089437300192516	1.0447946100150047	15.567273483073068
0.5238830228207145	1.0598422392728184	15.453487469917365
0.5388341658522836	1.075535233098286	15.340610556622062
0.5538146726888872	1.091880576728169	15.228638332934345
0.5688417745041306	1.1088857689700284	15.117566569334207
0.5839324420961898	1.126558832517579	15.007391220460764
0.5991034075900371	1.1449083241425602	14.898108428967964
0.6143711858220665	1.1639433448034056	14.789714529815882
0.6297520954140994	1.1836735497087723	14.682206055005244
0.6452622795444934	1.2041091583716974	14.575579738764867
0.6609177264249928	1.2252609646882842	14.46983252320202
0.6767342894924986	1.2471403470726397	14.364961564428102
0.6927277073254257	1.2697592786776681	14.2609642391743
0.7089136232951162	1.29313033772979	14.15783815191155
0.7253076049630384	1.3172667180035478	14.055581142492107
0.7419251632349003	1.3421822394602332	13.954191294331618
0.7587817712832146	1.3678913590730095	13.853666943151813
0.7758928832501075	1.3944091818592188	13.7540066863058
0.7932739527423016	1.4217514721387166	13.655209392710242
0.8109404511305133	1.4499346650355711	13.557274213409677
0.8289078856655171	1.4789758782386164	13.460200592800756
0.8471918174231877	1.5088929240346074	13.363988280546176
0.8658078790909659	1.5397043216262127	13.268637344209436
0.8847717926080146	1.5714293097450818	13.174148182644512
0.9040993866713233	1.60408785956859	13.080521540176264
0.9238066141199169	1.6377006879470684	12.987758521609587
0.9439095692090926	1.6722892709463792	12.895860608107926
0.9644245047864931	1.707875857708935	12.804829673983757
0.9853678493813612	1.7444834846339388	12.714668004447041
1.0067562242181707	1.7821359898757954	12.62537831435948
1.028606460165524	1.8208580281575781	12.53696376804497
1.0509356146305457	1.8606750858936845	12.449428000210514
1.073760988408693	1.9016134966136709	12.362775138034074
1.0971001424983369	1.9437004566765783	12.277009824479093
1.1209709148889566	1.9869640412624445	12.19213724289835
1.1453914373309944	2.031433220624475	12.10816314299372
1.1703801520947668	2.077137876582328	12.025093868201544
1.1959558287251	2.1241088192336535	11.94293638457677
1.2221375807974204	2.1723778038572754	11.86169831125298
1.2489448826800356	2.2219775479773762	11.781387952559498
1.2763975863065409	2.2729417485542434	11.702014331880001
1.304515937960937	2.325305099262158	11.62358722734199
1.3333205950767715	2.3791033078099906	11.546117209430868
1.3628326430506321	2.434373113255387	11.469615680625784
1.3930736120685232	2.491152303257023	11.394094917160041
1.4240654939421915	2.549479731203384	11.319568113013183
1.4558307589509696	2.6093953331501902	11.24604942624623
1.488392372682538	2.670940144490706	11.17355402779727
1.5217738128641385	2.734156316275564	11.102098152859279
1.5559990861736848	2.799087131090396	11.03169915496699
1.59109274501773	2.865777018390087	10.962375562925143
1.6270799042607782	2.934271569178691	10.894147140715525
1.6639862578875297	3.0046175499130205	10.827034950525803
1.7018380955767836	3.076862915496534	10.761061419048149
1.7406623191624293	3.1510568212174968	10.696250407201049
1.7804864589533755	3.2272496334716605	10.632627283433132
1.8213386898804678	3.305492939095077	10.570219000772767
1.8632478474343224	3.3858395531168113	10.509054177792324
1.9062434433535935	3.468343524724351	10.449163183660641
1.9503556810182632	3.553060141215857	10.390578227461875
1.9956154704972475	3.640045929693482	10.333333451963206
2.0420544431942145	3.7293586562309993	10.27746503201725
2.0897049660290805	3.821057322225419	10.223011277788704
2.1386001550862637	3.9152021576178666	10.170012742997008
2.1887738886536403	4.011854610642442	10.118512338368765
2.2402608195682867	4.111077333732835	10.068555450494703
2.293096386777058	4.212934165186393	10.020190066285636
2.347316826010875	4.317490106152024	9.973466903220766
2.402959179462165	4.424811292473619	9.928439545578746
2.4600613043444137	4.5349649608828315	9.88516458683766
2.5186618802016985	4.648019408995141	9.843701778423688
2.5788004148242556	4.764043948520589	9.804114184979746
2.6405172486128428	4.883108851054288	9.766468346314763
2.7038535572213065	5.005285285764217	9.730834446180207
2.7688513522919247	5.1306452482423115	9.697286488003694
2.8355534800822713	5.2592614797304735	9.665902477689086
2.9040036177647197	5.391207375874136	9.636764613568278
2.9742462671626715	5.5265568840973645	9.609959483560296
3.0463267456679772	5.6653843886288415	9.585578269559411
3.120291174062753	5.807764582139604	9.5637169590345
3.196186460947712	5.953772322884586	9.544476563775277
3.274060283455239	6.1034824761654	9.52796334566815
3.3539610639013504	6.25696973885652	9.514289049323136
3.435937942003969	6.4143084456567765	9.503571141303809
3.5200407422671978	6.5755723556462335	9.495933055632868
3.606319936102964	6.740834417646268	9.49150444515592
3.694826598229512	6.910166512792893	9.490421438244795
3.7856123568546916	7.083639172647989	9.492826900207346
3.8787293371186378	7.261321271086726	9.498870698642577
3.974230097234217	7.443279688110794	9.508709971836664
4.072167556727653	7.629578943652988	9.522509399135533
4.172594916143671	7.820280799355696	9.54044147205191
4.27556556754096	8.015443826228308	9.562686764667834
4.381132995062951	8.215122936014376	9.589434201675742
4.489350664827894	8.41936887403393	9.620881322160983
4.6002719033420405	8.628227671213605	9.657234536965197
4.713949763596975	8.841740052972453	9.698709377180583
4.830436877970193	9.059940802603363	9.745530731009284
4.949785297010178	9.282858076787441	9.79793306587953
5.07204631314463	9.510512670887742	9.856160632336719
5.1972702683124785	9.742917231710068	9.920467645824424
5.325506344488881	9.980075415499224	9.991118442038642
5.456802336037597	10.221980989044333	10.068387601072818
5.59120440279901	10.468616871923194	10.152560035075902
5.728756802801493	10.719954118121839	10.243931033620404
5.869501603468131	10.975950835524914	10.342806260421483
6.013478370186468	11.23655104210217	10.449501694466914
6.160723831112114	11.501683458015046	10.56434350801085
6.311271517093611	11.771260233350638	10.687667873257949
6.4651513756377215	12.045175611768284	10.81982068892456
6.622389357878475	12.323304531016744	10.961157217212714
6.783006977581266	12.605501162074313	11.112041621086133
6.94702084130105	12.891597389578424	11.272846391101147
7.114442148923658	13.181401237255317	11.443951650430606
7.285276163958989	13.474695243252427	11.625744326144531
7.4595216531275605	13.771234791625458	11.818617174295541
7.637170294985845	14.07074640773869	12.0229676459157
7.818206057577718	14.37292602701373	12.239196580689766
8.002604545388204	14.677437248323344	12.467706714861912
8.190332316203257	14.983909585355457	12.708900989875277
8.38134616886048	15.291936731487512	12.963180648382412
8.575592403310004	15.601074856101041	13.230943104632875
8.773006054892074	15.910840952816663	13.512579576878048
8.973510105287234	16.220711262835064	13.808472470383386
9.177014673201722	16.530119799397035	14.118992500941951
9.383416188523723	16.83845700230664	14.444495550497274
9.59259655442134	17.145068554448947	14.78531924865149
9.8044223026441	17.449254395219697	15.14177927649402
10.018743748153094	17.750267968735102	15.514165392412465
10.235394150111224	18.047315747494626	15.902737183344133
10.454188887223484	18.339557074764222	16.30771954935086
10.674924656425459	18.626104371240043	16.72929793449278
10.897378704944748	18.906023753399722	17.167613322717607
11.121308106804554	19.17833611224452	17.62275702389459
11.34644909588381	19.442018701740487	18.09476528218928
11.572516468667532	19.6960072860242	18.583613746645476
11.799203070789854	19.9391988931926	19.08921185204669
12.026179382368307	20.170455221094088	19.61139716678452
12.253093217912573	20.38860673681195	20.14992977342234
12.479569557229599	20.592457506331368	20.704486756740785
12.705210524209186	20.780790784077762	21.27465688309938
12.929595530606008	20.952375383478977	21.859935563669627
13.152281601901432	21.10597283936287	22.459720202221177
13.37280390199297	21.240345360816924	23.073306035365682
13.590676472765544	21.35426455910694	23.699882579095654
13.805393203515383	21.446520919460866	24.33853079973884
14.016429043692424	21.515933968118198	24.988221129701273
14.223241470459064	21.561363067246436	25.647812448166064
14.425272220122201	21.581718750456357	26.316052143900553
14.621949289565753	21.575974491111403	26.99157737113939
14.812689210391172	21.543178774922595	27.672917599848347
14.996899594590513	21.48246732803753	28.35849854834378
15.17398194625121	21.393075332632318	29.046647569080235
15.34333472908634	21.274349444628164	29.73560053745446
15.504356674566187	21.125759413344028	30.42351026883291
15.656450310180768	20.9469090914509	31.108456460958795
15.799025682009377	20.73754661627029	31.78845712793429
15.931504240427897	20.49757354097137	32.461481458693086
16.053322852594334	20.227052697181108	33.12546399809247
16.163937900467463	19.926214579409777	33.778320013398464
16.262829418693297	19.595462056813368	34.41796187409829
16.349505222897253	19.235373239263684	35.04231623981006
16.42350497590201	18.84670235233723	35.64934182079577
16.484404137297737	18.430378509259015	36.23704744945856
16.531817740741534	17.987502306413415	36.80351018034484
16.565403943464666	17.519340211816438	37.346893121682065
16.58486729378089	17.027316761812866	37.86546269419112
16.589961664953233	16.51300462886784	38.3576050134823
16.580492807583283	15.978112671166214	38.821841101155584
16.55632047768525	15.424472121249295	39.25684064682544
16.517360103706984	14.854021114512108	39.66143406841606
16.4635839628293	14.268787797520467	40.03462265062836
16.39502184474612	13.670872289399	40.375586580543796
16.311761189600077	13.06242779576611	40.68369074372935
16.21394669559877	12.445641192943365	40.9584881924988
16.101779400828566	11.822713409818792	41.199721248588105
15.975515252670109	11.195839935502605	41.40732025374425
15.835463186761697	10.567191772859276	41.58140003190823
15.681982745426653	9.938897141552157	41.72225417416682
15.515481272677498	9.313024210145937	41.8303473009661
15.336410729149806	8.691565106058468	41.90630549395195
15.145264175470446	8.076421416012762	41.950905121189344
14.942571976528946	7.469391349494604	41.965060303692276
14.728897781830401	6.8721586950188485	41.9498092877496
14.50483433855839	6.286283655278545	41.90629999634762
14.270999194194424	5.713195603927914	41.835775034265836
14.02803034457829	5.154187765125917	41.7395564156205
13.776581881254238	4.61041377822867	41.61903027043778
13.517319688956949	4.082886075131533	41.475631769129166
13.250917240280673	3.5724759674384363	41.310830481508084
12.978051530108491	3.0799153154028427	41.126116361298855
12.699399187414178	2.6057996307041655	40.92298651903122
12.415632796749218	2.1505924506536984	40.70293291684561
12.127417456245446	1.7146308122213632	40.467431089041305
11.835407593453597	1.298131650046969	40.217929963077204
11.540244054918654	0.9011989428872355	39.95584282793798
11.242551480187092	0.5238314372314834	39.68253947093611
10.942935966046475	0.16593078449387783	39.399339480618075
10.641983022285176	-0.17269006138272905	39.10750669281218
10.340255816181683	-0.49229832653604894	38.80824473919479
10.038293699337673	-0.7932329065779145	38.502693643148106
9.73661100737388	-1.0758959743573246	38.191927396107005
9.435696120409647	-1.3407448022844444	37.876952438916675
9.136010770145907	-1.5882838800475478	37.55870696676645
8.837989577743501	-1.8190573936152235	37.238060972781874
8.542039805508947	-2.033642117201603	36.91581694407363
8.248541304627318	-2.232640756625431	36.59271112465439
7.957846640780615	-2.416675770381251	36.26941526184435
7.670281379412191	-2.5863836838766385	35.94653875628862
7.386144512608867	-2.7424099027233666	35.62463114023053
7.105709010021992	-2.885404022719601	35.30418481395327
6.829222476887016	-3.0160156272010554	34.98563797607064
6.55690790300239	-3.134890556706445	34.66937768942095
6.288964487454869	-3.2426676313204377	34.3557430305151
6.02556852488058	-3.3399758025386457	34.04502827664043
5.766874340113727	-3.4274317089315467	33.73748609071833
5.5130152591677515	-3.5056376081611713	33.4333306697551
5.2641046055947935	-3.5751796569160983	33.132740828138346
5.020236712355452	-3.6366265099707777	32.83586299205871
4.7814879403911	-3.6905282097401932	32.54281408595142
4.547917696115753	-3.737415338295007	32.25368429603909
4.319569441011092	-3.7777984047413544	31.968539699796757
4.096471687427558	-3.8121674420701885	31.687424753480148
3.87863897554973	-3.8409917889776155	31.410364632758206
3.6660728272717695	-3.864720033688887	31.137367423991087
3.4587626734583123	-3.883780098431221	30.86842616583364
3.2566867517277527	-3.898579444852996	30.60352074263766
3.059812972490114	-3.909505382342461	30.342619632603885
2.8680997515076294	-3.9169254628283605	30.085681514833595
2.681496807725958	-3.921187947225342	29.832656740380546
2.499945925545528	-3.922622330201722	29.58348867312946
2.323381681068804	-3.921539911382926	29.33811490685386
2.1517321321816714	-3.918234402451766	29.096468365170374
1.9849194726060702	-3.9129825608618836	28.85847829132844
1.8228606502924947	-3.906044842040285	28.624071134865446
1.6654679507219743	-3.8976660630186246	28.393171342155146
1.5126495458530802	-3.888076071402472	28.165702057789524
1.3643100095816005	-3.877490414465714	27.941585743573032
1.2203508006918948	-3.866111003947897	27.720744721701642
1.0806707143628258	-3.8541267728400253	27.50310164844594
0.9451663033550274	-3.8417143210744067	27.288579924374446
0.8137322700538842	-3.8290385475921407	27.07710404685149
0.686261830570597	-3.8162532667529576	26.868599910222297
0.5626470521229515	-3.8035018074825664	26.662995058776158
0.4427791649222211	-3.7909175939273774	26.460218897250385
0.32654884978765425	-3.7786247067107923	26.26020286331188
0.21384650269719313	-3.766738424164396	26.062880566133536
0.10456247746538239	-3.7553657431462053	25.868187894875383
-0.0014126922866595179	-3.744605879260516	25.676063100578904
-0.10418809073382644	-3.7345507464644565	25.486446854696002
-0.20387223591825482	-3.7252854161887843	25.29928228720326
-0.3005729132223876	-3.71688855621787	25.114515006990874
-0.3943970252129868	-3.7094328496698465	24.932093106974545
-0.4854504568651749	-3.702985394494874	24.751967156147977
-0.5738379552141792	-3.6976080839703354	24.574090180582033
-0.6596630225226906	-3.693357968718515	24.39841763517753
-0.7430278220929352	-3.6902876008069634	24.22490736779191
-0.824033095890314	-3.688445360516428	24.05351957719389
-0.9027780931855983	-3.6878757663769615	23.88421676614139
-0.9793605094616338	-3.688619769081381	23.716963690733056
-1.0538764348670593	-3.690715029887747	23.55172730705382
-1.1264203115369038	-3.694196184119936	23.388476716012843
-1.1970848991342666	-3.699095090368629	23.22718310716493
-1.2659612480023053	-3.705441065984919	23.06781970220537
-1.3331386793488722	-3.7132611094459866	22.91036169873751
-1.398704771916536	-3.7225801101572364	22.75478621483431
-1.4627453546222067	-3.7334210462387167	22.601072234839368
-1.525344504679033	-3.7458051708257063	22.449200556788835
-1.5865845507411698	-3.7597521873945774	22.29915374177665
-1.6465460806383847	-3.7752804146055476	22.150916065533504
-1.7053079532922752	-3.7924069411339683	22.004473472444655
-1.7629473144306116	-3.811147770941866	21.859813532188628
-1.8195396157379446	-3.8315179594210065	21.716925399145648
-1.8751586371028515	-3.8535317408187137	21.575799774691117
-1.9298765116428698	-3.8772026473378416	21.436428872461192
-1.9837637532059242	-3.9025436202818664	21.298806386657315
-2.0368892860674035	-3.929567113597327	21.162927463430375
-2.089320476557629	-3.958285190146006	21.02878867537141
-2.141123166370435	-3.988709611020033	20.896387999121067
-2.192361707320458	-4.020851918195336	20.765724796092837
-2.243098997329343	-4.0547235107997555	20.63679979629863
-2.293396517435163	-4.0903357152544615	20.509615085254417
-2.343314369631955	-4.127699849529767	20.384174093936114
-2.392911315357695	-4.16682728173891	20.260481591750548
-2.442244814459978	-4.207729483276297	20.138543682481426
-2.4913710644789266	-4.250418076690026	20.01836780316622
-2.5403450400963905	-4.2949048784621295	19.8999627258564
-2.5892205326088873	-4.341201936853374	19.783338562212172
-2.638050189289733	-4.389321564953416	19.668506770881024
-2.686885552513463	-4.439276369061391	19.555480167607435
-2.735777098522302	-4.491079272506325	19.4442729380203
-2.784774275720227	-4.544743535000804	19.334900653044617
-2.833925542385933	-4.600282767606136	19.227380286882582
-2.883278403701044	-4.657710943371978	19.1217302375085
-2.932879447993848	-4.717042403697624	19.017970349622008
-2.9827743821031283	-4.778291860447426	18.916121940002153
-3.033008065769818	-4.841474393837475	18.816207825204003
-3.0836245449668556	-4.906605446095343	18.718252351538226
-3.134667084080074	-4.973700810879687	18.62228142727173
-3.186178196854707	-5.042776618431354	18.528322556985025
-3.2381996760236316	-5.113849316412668	18.436404878018703
-3.2907726215341353	-5.18693564637623	18.346559198937943
-3.3439374672905755	-5.262052615789535	18.25881803993934
-3.3977340063301353	-5.339217465526323	18.17321567511927
-3.4522014143491986	-5.418447632721515	18.0897881765157
-3.507378271496251	-5.4997607088703235	18.008573459829506
-3.5633025823461195	-5.583174393037237	17.929611331722874
-3.6200117939695504	-5.668706440026697	17.852943538581812
-3.6775428120094342	-5.756374603351411	17.778613816620346
-3.7359320146731805	-5.846196572820231	17.70666794319126
-3.795215264547691	-5.938189906552445	17.63715378915543
-3.8554279181408946	-6.032371957211772	17.5701213721463
-3.916604833050494	-6.128759792239488	17.50562291054954
-3.9787803726566846	-6.227370107852018	17.44371287800017
-4.041988408232329	-6.328219136556318	17.384448058178734
-4.106262318359658	-6.431322547923426	17.327887599666365
-4.1716349855385015	-6.536695342349382	17.274093070594635
-4.238138789866757	-6.644351737522298	17.223128512799427
-4.305805599668686	-6.754305047303971	17.175060495160352
-4.3746667589426815	-6.866567552727334	17.129958165775626
-4.444753071494752	-6.981150364803201	17.0878933025897
-4.516094781619415	-7.098063278825054	17.04894036205484
-4.588721551184937	-7.217314619857359	17.013176525369477
-4.662662432974832	-7.338911079091477	16.980681741795163
-4.737945840133487	-7.462857540755546	16.951538768509682
-4.814599511558603	-7.589156899267747	16.92583320640761
-4.892650473079926	-7.71780986633143	16.903653531209464
-4.972124994259555	-7.848814767680964	16.885091119188374
-5.053048540645314	-7.982167329201615	16.87024026676789
-5.135445721307191	-8.117860452168472	16.85919820318593
-5.219340231484024	-8.255883977373012	16.852065095359215
-5.304754790166219	-8.39622443793604	16.848944044018925
-5.391711072441107	-8.538864800643978	16.849941070121996
-5.480229636427021	-8.683784195686789	16.85516509047452
-5.570329844625553	-8.830957634728591	16.864727881433268
-5.662029779524328	-8.980355717300041	16.878744029479613
-5.7553461532878964	-9.131944325569247	16.897330867387314
-5.850294211382225	-9.285684307626983	16.92060839463207
-5.946887629986022	-9.44153114950731	16.948699180617258
-6.045138407054867	-9.599434636265809	16.981728249217714
-6.145056746918072	-9.759338502548173	17.019822943072686
-6.24665093830424	-9.921180073204173	17.063112765990503
-6.349927225712124	-10.08488989463975	17.11172920176336
-6.454889674067007	-10.250391357751447	17.16580550763146
-6.561540026629235	-10.417600313451844	17.225476480583012
-6.669877556153495	-10.586424681977107	17.290878194632608
-6.779898909332188	-10.75676405736338	17.362147707186143
-6.89159794459685	-10.928509308692439	17.439422732578713
-7.0049655633968	-11.101542179936594	17.522841280864565
-7.119989535123494	-11.275734890476578	17.61254125994671
-7.236654315907217	-11.450949738631326	17.708660039164243
-7.3549408615727225	-11.627038710812808	17.811333972505096
-7.474826435108198	-11.803843099210969	17.92069787968817
-7.596284409078312	-11.98119313122244	18.036884483465094
-7.7192840634911795	-12.158907614151767	18.160023801627165
-7.843790379717522	-12.336793599042789	18.29024249237541
-7.969763831153443	-12.514646067831405	18.427663151921006
-8.097160171420004	-12.692247648351461	18.57240356343636
-8.22593022100109	-12.869368362066568	18.724575896776102
-8.356019653332684	-13.04576540973342	18.88428585873162
-8.48736878147769	-13.221183000531123	19.0516317939825
-8.619912346646274	-13.395352230503768	19.226703737362406
-8.753579309950677	-13.567991016452577	19.409582418565748
-8.888292648917334	-13.73880409167551	19.6003382209905
-9.023969160418881	-13.907483070180193	19.799030097044916
-9.160519271824311	-14.073706586170447	20.005704442931453
-9.297846862305432	-14.237140515730605	20.220393936670483
-9.435849096377385	-14.397438287690903	20.44311634393559
-9.574416271884528	-14.554241290635865	20.673873297131586
-9.713431684771678	-14.707179382908977	20.912649054056033
-9.852771513101885	-14.855871512259323	21.15940924343789
-9.99230472289358	-14.999926451458036	21.414099605636515
-10.131892998446546	-15.138943655770479	21.676644737795044
-10.271390699907045	-15.272514247595756	21.946946853766413
-10.410644850881178	-15.400222132865707	22.224884570146923
-10.549495158945263	-15.521645252928861	22.51031173075693
-10.687774071911303	-15.636356974615483	22.80305628286746
-10.825306872682491	-15.743927619985964	23.102919219365862
-10.961911815481931	-15.84392613591004	23.40967360187525
-11.097400306142058	-15.935921902098775	23.723063680542207
-11.231577129006821	-16.01948667452702	24.042804126773653
-11.364240722821238	-16.094196659348675	24.36857939561147
-11.495183507754717	-16.15963471042925	24.700043234641615
-11.624192265427185	-16.21539264152045	25.03681835632248
-11.751048573478776	-16.26107364190263	25.378496290358363
-11.87552929584401	-16.296294782049696	25.724637432213875
-11.99740712945717	-16.32068959356003	26.074771303033888
-12.116451207630522	-16.33391070528568	26.428397035088388
-12.232427759813225	-16.33563251532281	26.784984095389166
-12.34510082685736	-16.325553876346582	27.14397325831074
-12.454233030293528	-16.303400769734527	27.504777835890497
-12.559586393459867	-16.268928942078414	27.86678517199494
-12.660923211641856	-16.221926476089106	28.229358403734953
-12.75800696766715	-16.16221626661015	28.591838490390806
-12.850603288681416	-16.089658371527214	28.953546506738444
-12.938480939112614	-16.00415220684088	29.31378619407727
-13.021412844119203	-15.905638555112334	29.671846758477745
-13.099177137136722	-15.794101356928124	30.027005901897045
-13.171558224491065	-15.669569255997414	30.37853306788972
-13.238347859451608	-15.532116870015916	30.7256928797485
-13.29934621757126	-15.381865761508402	31.067748745150624
-13.354362964711092	-15.218985085499648	31.40396659781686
-13.403218308790429	-15.04369189404298	31.733618743412404
-13.445744026052585	-14.856251081317957	32.05598777402743
-13.481784452497378	-14.656974957159287	32.37037051312622
-13.511197431118138	-14.44622244142494	32.67608195095005
-13.53385520569676	-14.224397876480962	32.9724591290561
-13.549645252159259	-13.991949460193485	33.258864932018646
-13.558471038879928	-13.749367307067663	33.53469174436769
-13.560252707841856	-13.49718115045533	33.79936493161377
-13.554927669210606	-13.235957703963145	34.05234610570621
-13.542451102650109	-12.966297705215453	34.29313613749237
-13.522796359594789	-12.688832669845192	34.52127788166163
-13.495955261676544	-12.40422138790314	34.736358583214134
-13.461938291574917	-12.113146198691359	34.93801193862926
-13.420774673695478	-11.816309083246669	35.125919789546955
-13.372512343266145	-11.514427616258361	35.29981343181445
-13.3172178036544	-11.208230821048028	35.45947452808683
-13.254975872928338	-10.898454972321284	35.60473561769443
-13.185889321889261	-10.585839391703539	35.73548022308307
-13.110078406973216	-10.271122280601475	35.85164255767322
-13.027680302534463	-9.95503663371143	35.95320684535537
-12.938848438062486	-9.63830627454552	36.04020626693939
-12.843751746833505	-9.321642051746874	36.11272155359296
-12.74257383334321	-9.00573823178168	36.17087925155573
-12.635512067589385	-8.691269119887009	36.214849686132496
-12.522776614872955	-8.3788859370536	36.24484465607922
-12.404589410251964	-8.069213976408006	36.261114891969406
-12.281183087108293	-7.762850057726437	36.26394731393808
-12.152799869478232	-7.4603602940875575	36.25366212533892
-12.019690437852955	-7.1622781799393005	36.23060977932815
-11.882112778078508	-6.869103005212337	36.195167855232995
-11.740331022785979	-6.581298595651571	36.147737880810624
-11.59461429447117	-6.29929237533523	36.08874213520816
-11.445235558928264	-6.023474743469606	36.01862046565608
-11.292470497235122	-5.75419875403949	35.93782714873217
-11.13659640390867	-5.491780083812909	35.84682782449665
-10.977891118202155	-5.236497271553296	35.746096528992275
-10.816631994824194	-4.988592209114926	35.63611284760366
-10.653094919631894	-4.7482708633823	35.51735920864959
-10.487553375101166	-4.515704206755665	35.390318333408395
-10.32027755962274	-4.291029333071315	35.25547085561724
-10.15153356391756	-4.074350735441162	35.11329312039229
-9.981582607130353	-3.865741722483862	34.96425516954715
-9.810680334447019	-3.6652459497506205	34.80881891747699
-9.639076177399836	-3.4728790437855763	34.647436519161786
-9.467012777387795	-3.2886302971685892	34.48054892945592
-9.294725472342858	-3.112464414010517	34.30858465068354
-9.122441845927685	-2.944323286674213	34.131958663666964
-8.950381338161579	-2.784127785937581	33.95107153568663
-8.778754915930325	-2.6317795483479474	33.76630869749526
-8.607764801456428	-2.48716274611689	33.57803988039243
-8.437604256475517	-2.3501458265250865	33.386618703486135
-8.268457419592247	-2.220583209428524	33.19238240062208
-8.10049919406905	-2.0983169330501976	32.995651676029475
-7.9338951831232265	-1.9831782397776339	32.79673067748616
-7.768801669683268	-1.8749890951597863	32.595907075742495
-7.605365637471896	-1.7735636346847987	32.393452239031795
-7.443724830237343	-1.6787095342124703	32.1896214917151
-7.284007845943911	-1.590229301125995	31.984654446440967
-7.126334262756046	-1.5079214843528645	31.778775399629733
-6.970814793699532	-1.431581802380213	31.572193780594056
-6.81755146695555	-1.361004189256069	31.365104645165435
-6.666637828839082	-1.2959817593291574	31.157689205300883
-6.518159166623645	-1.236307692136584	30.950115386773174
-6.372192748497504	-1.1817760394067185	30.74253840769076
-6.228808078072653	-1.1321824566110377	30.535101371243226
-6.088067161011107	-1.0873248618783997	30.32793586671106
-5.95002478148084	-1.04700402538529	30.12116257340648
-5.814728786305033	-1.011024092563664	29.914891862820067
-5.682220374823003	-0.9791930446316515	29.709224394833363
-5.5525343926317765	-0.9513231000569627	29.504251704408112
-5.425699627526522	-0.9272310606169554	29.300056775680925
-5.3017391061083305	-0.9067386057300133	29.096714600882137
-5.1806703896689665	-0.8896725387041684	28.894292721944037
-5.0625058680986115	-0.8758649884884243	28.692851753073686
-4.947253050696608	-0.8651535704255259	28.492445882944562
-4.834914852889426	-0.8573815093957304	28.293123355498718
-4.725489877979048	-0.8523977286149385	28.09492692865594
-4.618972693157653	-0.8500569072110069	27.89789431049893
-4.515354099127913	-0.8502195095526208	27.702058572740032
-4.41462139276753	-0.852751789149232	27.507448541486884
-4.316758622366354	-0.8575257697805988	27.31408916550334
-4.221746835048552	-0.8644192063530078	27.1220018623172
-4.129564316069629	-0.8733155278181298	26.931204842657472
-4.040186819748062	-0.8841037643314268	26.741713413811024
-3.9535877918565427	-0.8966784606712693	26.553540262579048
-3.869738583355174	-0.9109395777887898	26.366695718582026
-3.788608655402116	-0.9267923842126033	26.181187998717192
-3.7101657756246578	-0.9441473388925904	25.997023433612732
-3.6343762056750664	-0.9629199669336679	25.814206676948075
-3.5612048801337504	-0.9830307295437588	25.63274089852703
-3.4906155768554568	-1.0044048894004276	25.452627961996967
-3.4225710788825388	-1.026972372528184	25.273868588103568
-3.357033328074466	-1.0506676276729392	25.096462504360996
-3.293963570625102	-1.0754294840612553	24.92040858200369
-3.2333224946574552	-1.1012010083401482	24.74570496106519
-3.175070360100553	-1.1279293614081476	24.572349164403253
-3.119167121066537	-1.1555656557691016	24.400338201464688
-3.0655725409561905	-1.1840648139673795	24.229668662552374
-3.014246300529311	-1.2133854285959456	24.060336804325043
-2.965148099182611	-1.2434896243070068	23.892338627227517
-2.9182377496817793	-1.2743429221986287	23.72566994551352
-2.8734752665977426	-1.3059141068986517	23.560326450490823
-2.8308209486980243	-1.3381750966202965	23.396303767582623
-2.7902354555441584	-1.3711008164209415	23.233597507764724
-2.7516798785454357	-1.4046690748562438	23.072203313906147
-2.7151158067166707	-1.4388604441867896	22.91211690250593
-2.680505387385014	-1.4736581442623056	22.753334101288242
-2.647811382087358	-1.5090479301793578	22.595850883088136
-2.6169972178948413	-1.5450179837831466	22.439663396427786
-2.5880270343967906	-1.581558809060015	22.284767993157953
-2.560865726570858	-1.6186631314464293	22.131161253512154
-2.535478983760046	-1.6563258010618591	21.978840008893883
-2.5118333249713745	-1.69454369985618	21.827801362694
-2.489896130704695	-1.7333156526471938	21.678042709413482
-2.469635671513611	-1.7726423420106094	21.529561752345828
-2.4510211334933385	-1.812526226973792	21.38235652005135
-2.434022640883957	-1.8529714654536087	21.236425381839833
-2.4186112759702976	-1.8939838403700946	21.091767062459418
-2.4047590964527314	-1.9355706893598699	20.94838065617331
-2.3924391504563682	-1.9777408380058092	20.806265640393253
-2.381625489338906	-2.020504536494187	20.665421889022753
-2.372293178450644	-2.0638733996048835	20.525849685652325
-2.364418305993294	-2.1078603499356565	20.387549736738094
-2.3579779901172704	-2.152479564258239	20.25052318488286
-2.352950384390599	-2.197746422900144	20.114771622331453
-2.3493146817659087	-2.24367746204334	19.98029710478346
-2.3470511171654205	-2.290290328829171	19.847102165616967
-2.3461409687975734	-2.3376037391560662	19.71518983061281
-2.3465665583126065	-2.385637438055008	19.584563633262103
-2.3483112498982806	-2.4344121625268196	19.455227630732832
-2.3513594484109435	-2.4839496067232725	19.32718642056887
-2.3556965966312795	-2.5342723893534314	19.20044515818899
-2.361309171728336	-2.5854040231951467	19.075009575251137
-2.3681846810097786	-2.6373688865907337	18.950885998943857
-2.3763116570309477	-2.6901921968054863	18.828081372262684
-2.385679652129814	-2.7438999851256898	18.706603275329712
-2.3962792324497464	-2.7985190735723653	18.58645994781114
-2.4081019715068894	-2.8540770531058475	18.46766031248625
-2.4211404433539356	-2.9106022631949955	18.350214000020266
-2.4353882153871202	-2.9681237726232754	18.234131374993034
-2.4508398408385004	-3.0266713614026624	18.119423563234196
-2.467490850990867	-3.0862755036645644	18.00610248051513
-2.4853377471478417	-3.146967351394433	17.89418086264855
-2.504377992387328	-3.2087787188752785	17.783672297045033
-2.524610003121854	-3.2717420677022626	17.674591255776463
-2.5460331404848175	-3.335890492227604	17.566953130196623
-2.568647701557373	-3.4012577052922603	17.460774267168322
-2.5924549104461403	-3.467878024096873	17.356072006947144
-2.617456909217553	-3.535786356060513	17.2528647227718
-2.6436567486904385	-3.6050181845119007	17.151171862210155
-2.6710583790837497	-3.6756095540520337	17.05101399031113
-2.6996666405121856	-3.7475970554225873	16.95241283461112
-2.729487253318053	-3.8210178097087013	16.855391332042988
-2.760526808222892	-3.8959094516975825	16.759973677796133
-2.792792756278265	-3.9723101122085462	16.66618537617332
-2.8262933985902983	-4.0502583992021854	16.5740532934895
-2.8610378757877046	-4.1297933774679185	16.48360571305628
-2.8970361571984506	-4.210954546681181	16.39487239229265
-2.9342990296954703	-4.293781817612475	16.30788462199958
-2.9728380861663646	-4.378315486259662	16.222675287833834
-3.0126657135569537	-4.46459620566457	16.139278934011845
-3.0537950804335656	-4.552664955164458	16.057731829269084
-3.096240124002967	-4.642563006815916	15.978072035095785
-3.1400155365233635	-4.734331888716584	15.900339476263024
-3.185136751034075	-4.828013344936819	15.82457601364556
-3.231619926325106	-4.923649291758807	15.750825519339797
-3.279481931061767	-5.021281769906338	15.679133954065124
-3.328740326972515	-5.120952892432196	15.609549446826346
-3.3794133510020234	-5.22270478791522	15.542122376801473
-3.4315198963236373	-5.326579538600794	15.47690545740621
-3.4850794920981674	-5.432619113101361	15.413953822470285
-3.5401122818589266	-5.540865293256771	15.353325114442326
-3.59663900039381	-5.651359594733388	15.295079574521614
-3.654680948987841	-5.764143180923599	15.239280134592018
-3.7142599688810605	-5.879256769688026	15.185992510808918
-3.775398412787046	-5.996740532461626	15.135285298663778
-3.8381191143086513	-6.1166339852259926	15.08723006932053
-3.9024453550783402	-6.23897587083087	15.041901466984843
-3.9684008294400552	-6.363804032126974	14.999377307031725
-4.0360096064801505	-6.491155275354124	14.959738674576668
-4.105296089204529	-6.621065223209872	14.923070023132185
-4.176284970648395	-6.753568157005634	14.889459272944285
-4.249001186694622	-6.888696847301321	14.858997908551352
-4.323469865365957	-7.026482372394551	14.831781075051731
-4.399716272345267	-7.16695392402729	14.807907672505173
-4.477765752466964	-7.310138599661918	14.78748044782722
-4.557643666912661	-7.456061180672479	14.770606083463846
-4.6393753258325825	-7.604743895791124	14.75739528205713
-4.722985916103558	-7.756206169149376	14.747962846229772
-4.8085004239256675	-7.910464352260974	14.74242775252754
-4.895943551948399	-8.067531439300552	14.740913218464152
-4.985339630608851	-8.227416765050327	14.74354676151201
-5.076712523356995	-8.390125684912288	14.750460248775
-5.17008552543421	-8.555659236412948	14.761789935966052
-5.265481255866759	-8.724013781672266	14.777676494192356
-5.362921542330937	-8.895180630360244	14.798265022925403
-5.462427298543276	-9.06914564272839	14.823705047401324
-5.5640183938287615	-9.245888812381802	14.854150498559886
-5.6677135145229585	-9.425383828553002	14.889759673489145
-5.773530016866619	-9.607597617744936	14.930695174196384
-5.881483771058192	-9.79248986473708	14.977123822376164
-5.991588996143333	-9.980012513100466	15.029216547695796
-6.103858085434268	-10.170109245533995	15.087148246965873
-6.218301422171149	-10.3627149445263	15.151097611411895
-6.334927185162179	-10.55775513406488	15.221246919113934
-6.453741144170836	-10.755145403361158	15.297781789538037
-6.574746444855052	-10.954790813833492	15.380890896946838
-6.697943383106023	-11.156585290893377	15.470765639350606
-6.823329168685985	-11.360411002417493	15.567599759548385
-6.950897678124478	-11.566137726159871	15.671588914715437
-7.080639196901034	-11.773622208763342	15.782930190921572
-7.212540151019994	-11.982707519469713	15.90182155891984
-7.346582828173035	-12.193222402107027	16.028461267533807
-7.482745088783971	-12.404980629444044	16.163047170996926
-7.621000067343499	-12.617780364552816	16.3057759866694
-7.7613158645652245	-12.831403534402128	16.45684247967983
-7.903655231031114	-13.045615221518394	16.616438571219337
-8.047975243146976	-13.2601630801964	16.78475236746524
-8.194226972392467	-13.474776784408569	16.96196710643272
-8.34235514902933	-13.689167515248421	17.148260020458522
-8.492297821623868	-13.903027496441075	17.343801112516186
-8.643986013947416	-14.116029587156273	17.548751845158886
-8.797343381039637	-14.327826942054793	17.763263741590276
-8.952285866451591	-14.538052749172763	17.987476899180578
-9.108721362929863	-14.74632005689013	18.221518416684226
-9.266549379058983	-14.952221701824227	18.46550073748329
-9.425660714645957	-15.155330350019767	18.71951991238483
-9.58593714789534	-15.355198664239625	18.983653786825663
-9.747251137696798	-15.551359610493018	19.257960118805254
-9.909465544623925	-15.743326917141493	19.54247463547234
-10.072433374507641	-15.930595699958845	19.83720903800866
-10.23599754870802	-16.11264326637853	20.14214896629372
-10.3999907054538	-16.288930111806607	20.457251936775663
-10.564235036844686	-16.45890112028322	20.782445268998096
-10.728542166312428	-16.62198698091528	21.1176240183204
-10.892713071501046	-16.77760583034579	21.462648934481145
-11.056538057651924	-16.92516513005301	21.817344467765075
-11.219796786658451	-17.064063785464402	22.181496846604887
-11.382258366975046	-17.19369451170448	22.554852252425412
-11.543681509518692	-17.313446448262457	22.937115119366126
-11.703814754583481	-17.42270802196454	23.327946588151175
-11.862396774589685	-17.520870054367332	23.726963144747362
-12.019156757199946	-17.607329106066754	24.13373547549311
-12.173814872948222	-17.681491046463552	24.547787571023225
-12.326082831040331	-17.742774833282336	24.96859611149829
-12.475664526392423	-17.790616481651554	25.39559016530393
-12.622256780267737	-17.82447319787833	25.828151232438394
-12.765550176059364	-17.843827648273567	26.265613662219703
-12.905229990842638	-17.848192328585863	26.70726547265212
-13.040977222291671	-17.83711399489068	27.152349595765482
-13.172469709427878	-17.81017811226775	27.60006556946019
-13.29938334445144	-17.7670132734071	28.049571691843244
-13.421393371615777	-17.707295535543096	28.49998764875111
-13.538175767753613	-17.630752620960163	28.950397619152024
-13.64940869767255	-17.53716792387677	29.399853856470095
-13.754774036229872	-17.426384264926263	29.84738073665907
-13.853958947498576	-17.298307333830483	30.29197925619707
-13.946657510070837	-17.15290876131664	30.732631955184598
-14.032572376248627	-16.990228762940248	31.168308232594942
-14.111416451671806	-16.810378300308027	31.597970012617285
-14.182914580859196	-16.613540709284706	32.020577713122904
-14.246805223226714	-16.3999727501039	32.43509645981531
-14.302842103420472	-16.170005040860378	32.840502482770574
-14.350795819294225	-15.924041843556756	33.235789626065284
-14.390455390591548	-15.66256018059877	33.61997589621978
-14.421629731382426	-15.386108269234736	33.99210997142497
-14.444149029567958	-15.095303271722905	34.35127759114591
-14.45786601731273	-14.79082836977023	34.69660774482123
-14.462657117093926	-14.473429182779325	35.0272785790909
-14.45842344916517	-14.143909560399234	35.342522945339574
-14.445091687608402	-13.803126790539606	35.64163351332665
-14.422614753770278	-13.45198627409487	35.92396738225051
-14.390972337723493	-13.091435726877977	36.18895012765702
-14.350171240426716	-12.722458977446097	36.43607923100256
-14.300245531441284	-12.346069436381413	36.664926848244214
-14.241256519355643	-11.963303317993667	36.87514188432455
-14.173292534425277	-11.575212699204855	37.066451351585364
-14.096468525308788	-11.182858502459318	37.2386610017192
-14.01092547411997	-10.787303489827698	37.39165523256185
-13.916829636277935	-10.389605354071092	37.52539628254654
-13.81437161377551	-9.99080998934657	37.63992273671373
-13.703765272456616	-9.591945019568604	37.73534737853801
-13.585246515663618	-9.1940136563661	37.81185443125253
-13.45907192815407	-8.797988951270215	37.86969624063003
-13.325517305467622	-8.404808498449654	37.90918945815595
-13.184876084928632	-8.015369635210517	37.93071078908874
-13.037457695188424	-7.630525177851778	37.93469237396961
-12.883585841648918	-7.251079720589471	37.92161687469654
-12.723596745256451	-6.877786515337071	37.89201233733747
-12.557837352026022	-6.511344940409028	37.84644690348035
-12.386663530277298	-6.1523985569310735	37.785523440200976
-12.210438271942197	-5.801533743045454	37.7098741558022
-12.029529913470858	-5.4592788880659775	37.62015526448657
-11.844310390851113	-5.126104121696964	37.517041758241945
-11.655153542089783	-4.802421547355435	37.40122233862193
-11.46243346921323	-4.488585943584789	37.273394554970864
-11.266522970472058	-4.184895893562341	37.13426018916323
-11.067792051999236	-3.891595299752316	36.98452092026615
-10.866606526707457	-3.6088752388187313	36.824874295854144
-10.663326706753763	-3.3368761109409717	36.6560100301566
-10.458306194460611	-3.07569003757568	36.47860664291988
-10.251890775194276	-2.8253634624088595	36.293328446929145
-10.04441741438246	-2.585899911640884	36.100822886647165
-9.836213359611964	-2.3572628717315967	35.90171822544666
-9.627595347605032	-2.1393787452073014	35.696621574491026
-9.418868914834778	-1.932139847985632	35.4861172524786
-9.210327809613526	-1.7354074148083263	35.27076546221753
-9.002253502672701	-1.5490145826875925	35.051101267332974
-8.794914792554223	-1.3727693256873357	34.82763385030992
-8.588567501550662	-1.206457317798325	34.60084603151617
-8.383454257454252	-1.0498447040527805	34.37119402778547
-8.179804356005205	-0.9026807633085022	34.13910742853416
-7.977833698656305	-0.7647004492644134	33.90498936718274
-7.77774480009352	-0.6356267992168074	33.66921686581544
-7.579726859848832	-0.5151732027907127	33.4321413314684
-7.383955892321742	-0.40304552537864874	33.19408918316284
-7.190594909570404	-0.29894408326924293	32.955362589732786
-6.999794151325704	-0.2025654694434211	32.71624029958334
-6.811691356836805	-0.11360423077132953	32.476978544741215
-6.626412073343473	-0.03175439885051745	32.237812002859144
-6.444069996190843	0.04328912199784725	31.99895480218722
-6.2647673358536995	0.11182930499832694	31.7606015559036
-6.088595207404098	0.17416588402597888	31.522928413568064
-5.915634038235877	0.23059436344958734	31.286094118806933
-5.745953990150527	0.2814051481177098	31.050241063644428
-5.579615392202376	0.32688278654535224	30.815496331144598
-5.416669180992878	0.3673053201466622	30.58197271920836
-5.2571573453931855	0.4029437312625529	30.34976973947788
-5.101113372957242	0.4340614827357472	30.11897458632889
-4.948562695560486	0.4609141418741177	29.889663071875628
-4.7995231320600915	0.48374908180173165	29.66190052377166
-4.654005326025675	0.5028052534116	29.435742643371707
-4.512013176824667	0.5183130213947238	29.21123632251414
-4.373544262568111	0.5304940581146503	28.988420417799677
-4.238590253632222	0.539561289415959	28.767326481787524
-4.107137315663232	0.5457188867914458	28.54797945100033
-3.9791665011524273	0.5491623006785233	28.33039829103715
-3.8546541288313287	0.5500783300049079	28.114596599436666
-3.73357215028805	0.5486452234516572	27.900583167223814
-3.61588850334204	0.545032808244242	27.688362500310323
-3.501567451836032	0.5394026426159253	27.477935302108254
-3.390569911617892	0.5319081884098749	27.26929891887088
-3.282853762582029	0.5226950005950642	27.062447749384695
-3.178374146729161	0.5119009307646425	26.857373620718743
-3.077083752280529	0.49965634196304726	26.654066131788568
-2.9789330839512886	0.4860843324491891	26.4525129665202
-2.883870719548509	0.4713009662474264	26.252700178408332
-2.7918435531085133	0.45541550856521174	26.05461244824714
-2.702797024833463	0.43853066436717686	25.85823331678767
-2.616675338124376	0.4207428185900916	25.663545394036724
-2.5334216640388654	0.4021422766621842	25.47053054686306
-2.452978333526816	0.38281350415426046	25.279170066517942
-2.375287017817627	0.36283536453984183	25.089444817613288
-2.3002888973495326	0.34228135417813726	24.901335370034285
-2.2279248196426216	0.3212198337572598	24.71482211519007
-2.1581354465255456	0.2997142555470051	24.529885367932184
-2.0908613911319436	0.27782338591172145	24.346505455398155
-2.0260433450839574	0.2556015226242765	24.164662793960126
-1.9636221962809126	0.23309870660370627	23.984337955386195
-1.903539137709244	0.2103609277719467	23.805511723249836
-1.8457357676849795	0.18743032478959198	23.628165140549584
-1.7901541819354136	0.16434537848848627	23.452279549434643
-1.7367370579196566	0.1411410988699622	23.277836623865852
-1.6854277317793083	0.11784920558235781	23.104818395976555
-1.6361702683015473	0.09449830183096354	22.93320727683712
-1.5889095242678515	0.07111404170846629	22.762986072271307
-1.543591205550833	0.04771929096402503	22.59413799431715
-1.5001619183106845	0.024334281255220365	22.42664666887299
-1.4585692146317923	0.0009767579498633405	22.260496140021893
-1.418761632928419	-0.022337878436059562	22.09567087148191
-1.3806887334370905	-0.04559643706129357	21.93215574558896
-1.3443011291012024	-0.06878780772632942	21.769936060178477
-1.309550512141315	-0.09190283785633516	21.60899752369431
-1.2763896765938518	-0.11493421536162726	21.449326248823837
-1.244772537088222	-0.13787635723015507	21.29090874492287
-1.214654144121341	-0.1607253037000487	21.133731909467233
-1.185990696077394	-0.18347861785536174	20.977783018743022
-1.1587395482288119	-0.2061352904852006	20.82304971795987
-1.1328592189442528	-0.2286956500435368	20.669520010953498
-1.1083093933182566	-0.25116127754594453	20.517182249621698
-1.0850509244268434	-0.2735349262390078	20.366025123219643
-1.0630458324033862	-0.2958204458782314	20.216037647625214
-1.0422573015191863	-0.31802271145120936	20.067209154670024
-1.02264967544357	-0.3401475561843514	19.919529281617997
-1.0041884508490062	-0.3622017086735526	19.77298796086067
-0.9868402695180967	-0.38419273398130116	19.627575409889513
-0.9705729091005936	-0.4061289785455441	19.48328212159564
-0.955355272660158	-0.42801951874889	19.34009885493751
-0.9411573771427678	-0.44987411299987146	19.198016626010936
-0.9279503408910268	-0.4717031571815278	19.05702669954917
-0.9157063703212152	-0.493517643326345	18.917120580874737
-0.9043987458729379	-0.5153291213804082	18.77829000831998
-0.8940018073344521	-0.5371496639236272	18.640526946128674
-0.8844909386403641	-0.5589918337168831	18.503823577847925
-0.8758425522321763	-0.5808686539511438	18.368172300215846
-0.8680340730663507	-0.6027935810776672	18.23356571754843
-0.8610439223489349	-0.6247804801026069	18.0999966366267
-0.8548515010704519	-0.6468436022336111	17.967458062082873
-0.8494371734097715	-0.6689975647698948	17.83594319228454
-0.8447822500707756	-0.6912573331316734	17.705445415713044
-0.8408689716110959	-0.7136382049289103	17.57595830783181
-0.8376804918179365	-0.7361557959730838	17.447475628441467
-0.835200861181791	-0.7588260281400994	17.319991319515793
-0.8334150105150852	-0.7816651189959349	17.19349950351518
-0.8323087347590334	-0.804689573100838	17.067994482172015
-0.8318686770185969	-0.8279161749114559	16.943470735743976
-0.8320823128621395	-0.8513619832037644	16.819922922732548
-0.8329379349193072	-0.8750443269437835	16.697345880061725
-0.8344246378077763	-0.8989808025358685	16.575734623716162
-0.8365323034167882	-0.9231892723822472	16.45508434983622
-0.8392515865728493	-0.9476878646906398	16.33539043626869
-0.8425739011105633	-0.9724949744696845	16.216648444574524
-0.8464914063693458	-0.9976292656553668	16.098854122493666
-0.8509969941346708	-1.0231096743143664	15.982003406869474
-0.8560842760404985	-1.0489554128729135	15.866092427037014
-0.8617475714477509	-1.0751859753227706	15.75111750867923
-0.8679818958119994	-1.1018211433585072	15.637075178156595
-0.8747829495519186	-1.1288809934025676	15.523962167317816
-0.8821471074285302	-1.1563859044768543	15.411775418801039
-0.8900714084439865	-1.1843565668822182	15.300512091834575
-0.8985535462673196	-1.2128139916491063	15.190169568548772
-0.9075918601933527	-1.2417795207244764	15.080745460812606
-0.9171853266399386	-1.2712748378622276	14.972237617609073
-0.9273335511876333	-1.3013219801859595	14.864644132965665
-0.9380367611649524	-1.3319433503944735	14.757963354457916
-0.949295798781503	-1.363161729581969	14.652193892305391
-0.9611121148104884	-1.3950002906462744	14.547334629081146
-0.9734877628212518	-1.4274826122594593	14.443384730058098
-0.9864253939618948	-1.4606326933764509	14.340343654216902
-0.9999282522913129	-1.4944749682580878	14.238211165942204
-1.0140001706593602	-1.5290343219858211	14.136987347436115
-1.0286455671332513	-1.5643361064458154	14.036672611879988
-1.0438694419678958	-1.6004061567610297	13.937267717376653
-1.0596773751171487	-1.637270808149682	13.838773781708907
-1.07607552428251	-1.6749569131888178	13.74119229795172
-1.0930706234954541	-1.7134918594619541	13.64452515097721
-1.1106699822288615	-1.7529035875690557	13.54877463489526
-1.1288814850327222	-1.7932206094770617	13.453943471474128
-1.147713591688774	-1.8344720271885515	13.360034829588152
-1.1671753378782384	-1.8766875517052504	13.267052345742586
-1.1872763363562173	-1.9198975222618457	13.175000145728823
-1.208026778625984	-1.9641329258047215	13.08388286746525
-1.2294374371058463	-2.00942541668868	12.993705685082166
-1.2515196677804832	-2.0558073365624985	12.904474334313297
-1.2742854133283308	-2.1033117344127654	12.816195139258344
-1.297747206715798	-2.15197238673275	12.728875040585136
-1.3219181752483422	-2.2018238177803893	12.64252162524349
-1.3468120450678773	-2.252901319886878	12.557143157765783
-1.3724431460849638	-2.3052409737736497	12.4727486132337
-1.3988264173335314	-2.358879668832239	12.389347711993723
-1.4259774127346878	-2.4138551233170067	12.306950956208636
-1.4539123072552826	-2.470205904396568	12.225569668335712
-1.4826479034457323	-2.5279714480048057	12.145216031626445
-1.5122016383402168	-2.5871920784266735	12.065903132747314
-1.5425915907010042	-2.6479090275481294	11.987645006625215
-1.5738364885871416	-2.710164453693024	11.910456683625611
-1.6059557172261962	-2.774001459962904	11.834354239175648
-1.638969327165681	-2.8394641119874935	11.759354845949629
-1.6728980426788445	-2.9065974549852824	11.685476828738667
-1.707763270397503	-2.975447530024831	11.612739722130545
-1.7435871081419587	-3.046061389366997	11.541164331130998
-1.7803923539153863	-3.1184871107573398	11.47077279486233
-1.8182025150277232	-3.192773810527304	11.401588653478786
-1.8570418173103767	-3.2689716553488632	11.333636918443883
-1.8969352143797527	-3.3471318724737893	11.266944146318972
-1.9379083969043958	-3.427306758274812	11.201538516215619
-1.9799878018260944	-3.509549684889164	11.137449911069108
-2.0232006214809792	-3.593915104747807	11.074710002893958
-2.0675748125621163	-3.680458552755508	11.013352342185179
-2.1131391048599624	-3.769236645866926	10.95341245163198
-2.1599230097110205	-3.8603070797815304	10.89492792431341
-2.2079568280796997	-3.9537286224583954	10.837938526546129
-2.2572716581916223	-4.049561104126717	10.782486305555743
-2.3078994026292867	-4.147865403440751	10.728615702143427
-2.3598727747938484	-4.248703429400385	10.67637366851791
-2.4132253046283165	-4.352138098627581	10.625809791460895
-2.4679913434887446	-4.4582333075567515	10.57697642099023
-2.5242060680403764	-4.567053899062196	10.529928804679797
-2.581905483045713	-4.678665623009339	10.484725227787944
-2.6411264229001494	-4.7931350901765315	10.441427159337199
-2.701906551759196	-4.910529718952781	10.400099404276313
-2.764284362088793	-5.030917674172758	10.360810261841431
-2.8282991714561585	-5.154367797402549	10.323631690216121
-2.8939911173645037	-5.280949527940812	10.288639477569165
-2.961401149919483	-5.410732813747741	10.2559134195245
-3.0305710220984783	-5.543788011458773	10.225537503089155
-3.1015432773756837	-5.6801857745812425	10.19760009703173
-3.1743612344378027	-5.819996928912818	10.172194148664808
-3.249068968705429	-5.963292334157802	10.149417386940016
-3.3257112903531327	-6.1101427306498906	10.12937253171366
-3.4043337184986346	-6.2606185700215	10.112167508982253
-3.484982451208357	-6.414789828590493	10.09791567182064
-3.5677043309422243	-6.572725802164056	10.086736026680173
-3.652546805032271	-6.734494880881743	10.078753464619902
-3.7395578807627996	-6.900164302646414	10.074098996947994
-3.8287860745914664	-7.069799883617247	10.072909994643426
-3.9202803550192677	-7.243465724161362	10.075330430808545
-4.01409007858664	-7.421223888587298	10.081511125269587
-4.110264918439169	-7.603134056908836	10.091609990293975
-4.208854784873557	-7.789253146819406	10.105792276228883
-4.309909737239572	-7.979634903991455	10.124230815684033
-4.413479886537905	-8.174329458754592	10.147106264681478
-4.519615288017466	-8.373382847153806	10.174607338975175
-4.628365823040131	-8.57683649434811	10.20693104350226
-4.739781069444403	-8.784726658279405	10.244282892664874
-4.853910159602461	-8.997083831523959	10.28687711885448
-4.970801625331225	-9.21393209924385	10.334936866320032
-5.090503228783692	-9.435288451178392	10.388694367144943
-5.213061778413804	-9.661162045662453	10.448391095735031
-5.338522929080421	-9.891553423739934	10.514277897831303
-5.466930965329635	-10.126453671552516	10.586615089645957
-5.598328566872636	-10.365843529334915	10.665672522277843
-5.732756555259786	-10.609692445544832	10.751729606095736
-5.870253620743329	-10.857957574907319	10.845075289286582
-6.01085602831923	-11.110582719460536	10.946007984251711
-6.1545973019450235	-11.367497212060924	11.054835434999337
-6.3015078859513185	-11.628614742256634	11.171874518133599
-6.451614782695086	-11.893832124964918	11.297450969479693
-6.604941165550161	-12.163028013010134	11.431899027820547
-6.761505966392657	-12.43606155529546	11.57556098665817
-6.921323436826199	-12.712771003215819	11.728786644367686
-7.084402682493339	-12.992972268857306	11.89193264258458
-7.250747169949169	-13.276457439598447	12.06536168217738
-7.420354205735961	-13.562993254941835	12.24944160572862
-7.5932143874815745	-13.852319552742566	12.444544335078985
-7.769311027068908	-14.144147693496944	12.651044652219642
-7.948619546182719	-14.43815897299882	12.869318811659996
-8.131106844839195	-14.734003035468497	13.09974297238144
-8.316730643848834	-15.031296301213704	13.34269143764415
-8.505438802549884	-15.329620424977433	13.598534691266883
-8.697168613588278	-15.62852080336754	13.867637219592378
-8.891846077011314	-15.927505152131195	14.150355109219012
-9.089385156482415	-16.226042176504876	14.447033411753747
-9.289687021022763	-16.523560360424753	14.75800326837381
-9.492639276335046	-16.819446902976228	15.083578788905049
-9.698115190469396	-17.113046833060697	15.424053682481073
-9.905972919349566	-17.403662335808235	15.779697639678085
-10.116054738477382	-17.690552326693986	16.150752469348507
-10.328186287981335	-17.972932311565078	16.53742799724944
-10.54217583905645	-18.249974572759413	16.939897737992094
-10.75781359074606	-18.520808723098288	17.35829435683424
-10.974871006935357	-18.78452267066343	17.792704943409863
-11.193100204343354	-19.040164037802413	18.24316612561734
-11.412233403193593	-19.286742077616776	18.709659058530367
-11.631982453096978	-19.523230130146672	19.19210433030339
-11.852038447470767	-19.748568658441922	19.6903568345404
-12.072071440512248	-19.96166890155942	20.204200666359863
-12.291730281316983	-20.16141717712705	20.73334410728506
-12.51064258014915	-20.34667986034869	21.27741477195112
-12.728414822097069	-20.516309059091313	21.83595499723504
-12.944632643353138	-20.66914899592669	22.408417561567468
-13.158861285087395	-20.804043097640854	22.994161828557317
-13.370646239325222	-20.919841780798233	23.592450414414053
-13.579514100348375	-21.01541090849663	24.202446482651236
-13.784973633874053	-21.08964087858245	24.823211771841493
-13.986517074619519	-21.141456287502862	25.453705462477963
-14.183621660795737	-21.169826096895655	26.092783986916732
-14.375751411593043	-21.173774212291388	26.739201881660055
-14.562359150816485	-21.15239036532517	27.39161377360877
-14.742888776509826	-21.104841173107044	28.048577581160018
-14.916777772705405	-21.030381231425565	28.70855899704193
-15.083459955389321	-20.928364082856962	29.369937302521272
-15.242368440431282	-20.798252887263594	30.031012542161456
-15.392938816671947	-20.639630611249032	30.690014064864364
-15.534612502676993	-20.45220954554208	31.34511041084645
-15.666840260953586	-20.23583995562886	31.994420495934953
-15.789085838804752	-19.990517671787487	32.63602601477071
-15.900829700595555	-19.716390430448225	33.267984953921314
-16.001572812153718	-19.4137627898227	33.88834607539931
-16.090840434464397	-19.083099459169926	34.495164201608986
-16.168185880879548	-18.725026902857934	35.08651610533124
-16.233194189875324	-18.340333107284902	35.660516784048966
-16.285485664064765	-17.929965430297127	36.21533587769129
-16.32471922580786	-17.495026488298137	36.74921397369377
-16.350595540426255	-17.036768074899935	37.26047853394173
-16.362859859767042	-16.556583145677745	37.747559175308304
-16.36130454168094	-16.0559959451384	38.20900203956528
-16.345771204859243	-15.536650393111135	38.64348299960119
-16.316152483351583	-15.000296887070116	39.04981946705296
-16.27239335086812	-14.448777713080126	39.426980591280206
-16.21449199152641	-13.884011289866175	39.7740956704626
-16.142500200879432	-13.307975496846545	40.09046063159248
-16.05652330867674	-12.722690356915814	40.37554247617835
-15.956719622666574	-12.130200357625519	40.62898163131368
-15.843299400639184	-11.532556699805962	40.850592190004356
-15.71652336562929	-10.931799760452092	41.04036006888021
-15.576700786539604	-10.329942047057791	41.198439154214604
-15.424187153227418	-9.728951903958206	41.32514554721788
-15.259381481144707	-9.130738208341839	41.42095005565328
-15.082723285806436	-8.537136265370854	41.48646910993213
-14.894689271565412	-7.949895079351146	41.52245430720514
-14.695789782323263	-7.370666142338687	41.52978080603337
-14.486565063873126	-6.800993844224731	41.509434806720755
-14.26758138854188	-6.2423075704340585	41.46250035830623
-14.039427092714156	-5.695915516103938	41.39014573277159
-13.802708576733206	-5.163000210054832	41.293609600659885
-13.558046314675728	-4.644615708968098	41.17418723063964
-13.306070918700517	-4.141686392723533	41.03321691935312
-13.047419299194788	-3.6550072663911384	40.8720668380068
-12.782730957917037	-3.185245653296534	40.69212245949867
-12.512644446908775	-2.7329441471047726	40.4947747053476
-12.23779402125748	-2.298524679007467	40.281408926179495
-11.958806508956112	-1.8822935486868726	40.0533948038436
-11.676298416264006	-1.4844472645334592	39.81207723812691
-11.390873282230807	-1.10507903920859	39.55876825712978
-11.103119291486683	-0.7441857906034202	39.29473996816621
-10.813607150125797	-0.40167550506646316	39.02121854596522
-10.522888225568815	-0.07737482890417428	38.73937923724199
-10.231492947730414	0.22896323493192286	38.45034234554136
-9.939929465676164	0.5176516358797641	38.15517014769736
-9.648682551237307	0.7890616884747829	37.8548646832656
-9.358212738781631	1.0436156733657491	37.550366350785175
-9.068955688492176	1.2817796979904597	37.24255323954068
-8.781321759063589	1.5040568753364376	36.93224112241584
-8.49569577467895	1.7109808668873239	36.62018403424111
-8.212436970438846	1.9031098243455966	36.30707536048079
-7.931879100043053	2.0810207541741836	35.993549362921534
-7.654330689437416	2.2453043195075906	35.68018307196429
-7.380075420303191	2.396560085594559	35.367498478949756
-7.109372627641205	2.535392207665789	35.05596496643762
-6.8424578962493845	2.6624055539542244	34.74600191930278
-6.579543741581003	2.778202251483577	34.43798146473578
-6.320820361267754	2.883378638121662	34.13223129458047
-6.066456444465271	2.9785226011918686	33.82903752877526
-5.816600027107933	3.0642112805601016	33.52864758388372
-5.57137938211532	3.141009112477575	33.231273015712134
-5.330903934561067	3.209466189466961	32.93709230975776
-5.095265192774072	3.2701169111019768	32.64625359765846
-4.864537687281658	3.3234789005603664	32.35887728189526
-4.6387799104122385	3.3700521622462665	32.07505855471437
-4.4180352502397735	3.4103184565056854	31.79486980057559
-4.202332913374724	3.4447408684286684	31.518362874411125
-3.9916888318713792	3.4737635488856458	31.245571250590263
-3.7861065502358313	3.4978116072282726	30.97651203975931
-3.58557808917665	3.517291136452411	30.711187872676437
-3.3900847833392187	3.5325893530339765	30.4495886518087
-3.1995980908118455	3.544074835074182	30.191693172835787
-3.0140803726833543	3.5520978438037765	29.937470619330927
-2.833485641367661	3.5569907148749498	29.686881934785525
-2.6577602768055186	3.559068307197635	29.439881076852107
-2.4868437099962906	3.5586284983430145	29.196416159205246
-2.320669073609629	3.555952716731581	28.95643048678872
-2.159163819691879	3.551306501940597	28.719863490465297
-2.0022503047033653	3.5449400855034354	28.48665156721177
-1.849846342311783	3.53708898552955	28.256728832034952
-1.7018657245292472	3.5279746093496556	28.03002778774442
-1.5582187119113087	3.517804859187729	27.806479918607135
-1.4188124936433124	3.5067747365825226	27.586016213748028
-1.2835516184269904	3.4950669419302476	27.368567625962108
-1.1523383971459702	3.4828524661007747	27.154065471370732
-1.02507327833844	3.4702911715966542	26.942441775100047
-0.9016551975408289	3.457532361182209	26.733629567890816
-0.7819819015886906	3.4447153323134208	26.527563138270104
-0.6659502489713913	3.4319699160528603	26.324178244630637
-0.5534564873391429	3.419416999462228	26.123412291280264
-0.4443965092555004	3.407169030732421	25.92520447224516
-0.3386660872748225	3.3953305065413484	25.729495886334895
-0.23616108940587405	3.3839984413270687	25.536229626711727
-0.13677767600041765	3.3732628183317512	25.345350847951398
-0.040412479078261794	3.363207022413657	25.156806813336377
0.05303723492832691	3.35390825474312	24.97054692489104
0.14367341806002565	3.3454379295968804	24.78652273844707
0.23159710842788606	3.337862053545822	24.604687965820006
0.31690831163899325	3.3312415873964163	24.42499846598404
0.39970589520191147	3.3256327912979566	24.2474122269495
0.48008749509817417	3.3210875534679594	24.071889339879807
0.558149433741934	3.3176537030183604	23.89839196682644
0.6339866485838903	3.315375307387011	23.72688430331812
0.7076926306514525	3.314292954893473	23.557332536904003
0.7793593723499728	3.3144440229466765	23.38970480263065
0.8490773238826409	3.315862932435298	23.22397113632131
0.9169353576803138	3.318581388830776	23.060103426420564
0.9830207402626399	3.322628610528425	22.898075365077016
1.0474191109823234	3.328031544944712	22.737862399051888
1.1102144671337812	3.334815072879003	22.57944168096439
1.1714891549353534	3.343002201636448	22.422792021316464
1.231323865921161	3.3526142473955107	22.26789384167759
1.289797638304802	3.3636710072893665	22.114729129354405
1.346987862901405	3.3761909216551453	21.963281393821287
1.402970293218589	3.390191226889208	21.813535625143064
1.4578190593492235	3.40568809933032	21.66547825458236
1.5116066853201624	3.4226967905759453	21.519097117550213
1.5644041095720875	3.441231754620269	21.37438141902668
1.6162807082644177	3.4613067671856084	21.231321701553277
1.6673043211177492	3.4829350376020756	21.089909815875686
1.717541279524098	3.506129313573796	20.950138894294263
1.7670564366712902	3.5309019791532896	20.812003326763683
1.8159131994436104	3.557265146229274	20.675498739768198
1.8641735618755184	3.585230739816971	20.54062197798645
1.9118981399491322	3.6148105774239925	20.407371088749493
1.959146207539121	3.6460164427491297	20.275745309287334
2.0059757333209043	3.6788601539557213	20.145745056752393
2.052443418469868	3.71335362674623	20.017371921001782
2.098604734989776	3.749508932449334	19.890628660116857
2.1445139645182687	3.7873383513156558	19.76551919863601
2.1902242374674508	3.826854421204007	19.642048628472356
2.235787572366098	3.86806998182542	19.520223212486787
2.2812549152773216	3.910998214697096	19.400050390688033
2.3266761791741604	3.9556526789451527	19.281538789027692
2.3721002831615725	4.002047343080087	19.164698230760518
2.4175751914396395	4.050196612854788	19.049539750340447
2.4631479519091255	4.100115355301482	18.93607560982164
2.508864734325003	4.15181891902932	18.824319317736578
2.5547708679085357	4.2053231508506075	18.714285650422973
2.600910878332759	4.260644408789872	18.605990675771803
2.647328523999643	4.317799571515692	18.499451779370045
2.6940668315301886	4.376806044220974	18.394687693012408
2.7411681303918183	4.437681760963702	18.291718525555833
2.7886740865894932	4.500445183465843	18.190565796090787
2.8366257353486795	4.565115296353679	18.0912524694033
2.885063512719305	4.631711598808045	17.993802993701483
2.934027286031331	4.700254092579084	17.898243340577718
2.98355638313284	4.77076326630526	17.804601047176508
3.0336896203410806	4.843260076060762	17.71290526053633
3.0844653290372688	4.917765922041404	17.623186784069517
3.1359213808346733	4.994302621283193	17.535478126141168
3.188095211248385	5.072892376292399	17.449813550703418
3.24102384179385	5.153557739450706	17.36622912993522
3.294743900438998	5.236321573042862	17.284762798831952
3.3492916403326087	5.321207004738482	17.20545441168109
3.404702956728787	5.40823737834352	17.128345800351575
3.461013402024289	5.497436199620582	17.05348083431443
3.5182581988221013	5.588827076961137	16.98090548230074
3.5764722509307076	5.6824336566759746	16.910667875490347
3.635690152204422	5.77827955265403	16.84281837211007
3.695946193125799	5.876388270123439	16.777409623304067
3.7572743650259093	5.976783123231823	16.71449664012141
3.8197083618332734	6.079487146146826	16.654136861445917
3.883281579237632	6.184522997363458	16.596390222670507
3.9480271111476553	6.291912856887142	16.54131922489578
4.013977743316387	6.401678315947476	16.488989004405088
4.0811659440023735	6.51384025888409	16.439467402139304
4.149623851527306	6.62841873683137	16.392825032863392
4.2193832585851085	6.745432832817582	16.349135353682094
4.290475593149774	6.864900517881307	16.30847473152526
4.36293189582315	6.986838497799663	16.27092250918247
4.43678279345711	7.111262050015084	16.23656106942304
4.51205846887672	7.238184850340098	16.20547589669098
4.5887886265249715	7.367618789017433	16.17775563581369
4.667002453843092	7.499573775712457	16.15349214710897
4.746728578192819	7.6340575330156595	16.132780557217817
4.8279950191221035	7.771075378041338	16.11571930492818
4.910829135769725	7.910629991718878	16.102410181189846
4.995257569198093	8.052721175386695	16.09295836245147
5.081306179439978	8.19734559432145	16.087472436377418
5.168999977040268	8.344496507860438	16.08606441892521
5.258363048871627	8.49416348580978	16.088849761683797
5.349418478000839	8.646332110871317	16.095947348288675
5.442188257381203	8.800983666869048	16.107479478642382
5.536693197149076	8.958094812617123	16.123571839578425
5.6329528253039785	9.117637241337823	16.144353460513724
5.730985281556502	9.279577325617618	16.16995665253947
5.830807204135986	9.443875747982583	16.200516929303934
5.932433609357953	9.610487117276788	16.236172907943292
6.035877763764813	9.779359571148417	16.277066188219965
6.141151048667713	9.95043436508076	16.323341207932025
6.248262816936693	10.123645448556433	16.375145072564386
6.357220241909334	10.29891902911144	16.432627357063645
6.4680281583136585	10.476173125219645	16.495939877534617
6.580688895134375	10.655317109156593	16.565236430581688
6.695202100387192	10.836251241215678	16.64067249795174
6.811564557807537	11.018866196895662	16.722404914081352
6.92976999550973	11.203042588949383	16.810591494112945
7.04980888672563	11.388650486471597	16.90539061992256
7.171668242792664	11.575548933515824	17.006960781701377
7.295331398630892	11.76358547006671	17.115460072658326
7.420777791024348	11.95259565854951	17.23104563446352
7.547982730105586	12.142402619434502	17.353873051137043
7.676917164533608	12.332816579888213	17.48409568920809
7.807547440958203	12.523634439839302	17.621863982134087
7.9398350584730855	12.714639360254028	17.76732465717799
8.073736418876921	12.905600378852402	17.920619903199547
8.209202573690531	13.096272058944885	18.081886478132816
8.346178969014584	13.286394177517636	18.251254755297584
8.484605189456067	13.475691459137995	18.428847708131688
8.624414702505238	13.663873362687198	18.614779833441688
8.765534604905875	13.850633928344278	18.809156013853734
8.90788537272715	14.03565169263163	19.0120703208048
9.05138061701889	14.218589679685019	19.223604760155283
9.19592684710906	14.399095477213157	19.44382796332548
9.341423243781277	14.576801405852287	19.672793827760874
9.487761444750708	14.751324790788004	19.910540111515537
9.634825345034372	14.922268344592743	20.15708698780416
9.782490914986962	15.089220670201344	20.41243556651022
9.930626038940705	15.251756892800605	20.67656639084161
10.079090377542974	15.409439429124184	20.94943791858394
10.227735257029218	15.561818902210936	21.23098499871069
10.376403588791822	15.708435209080722	21.521117355445895
10.524929822708623	15.848818747997667	21.819718093228882
10.673139937769143	15.98249181100831	22.12664223737367
10.820851473576738	16.108970146249856	22.441715326522207
10.96787360631454	16.227764693119866	22.76473207424905
11.114007272726102	16.338383491766642	23.095455118335146
11.259045345576396	16.440333766500988	23.43361387726024
11.402772863925462	16.533124180651644	23.778903534342913
11.544967321356793	16.616267258091682	24.130984170638605
11.685399015048473	16.689281964163953	24.489480068142036
11.823831458260361	16.75169643605534	24.853979205008063
11.960021858427195	16.80305084983532	25.224032964353214
12.093721662594021	16.842900408419787	25.59915607769213
12.224677171410395	16.870818431690367	25.978826823177148
12.352630222305494	16.886399526938604	26.362487497493042
12.477318941810012	16.889262814774725	26.749545178517163
12.598478566266154	16.879055182701887	27.13937279364546
12.71584232938496	16.85545453578112	27.53131050601339
12.82914241427943	16.818173011272076	27.924667427719218
12.938110966723096	16.76696012190739	28.31872366557295
13.042481165478236	16.701605790622118	28.71273270090885
13.141988344610711	16.621943238190617	29.105924100630656
13.236371161775951	16.527851684396126	29.497506551966055
13.32537280554203	16.419258823138264	29.886671208473665
13.40874223392299	16.29614303233106	30.272595329733775
13.48623543544998	16.158535280606223	30.65444619196963
13.557616703329467	16.00652069474192	31.0313852417013
13.622659912541458	15.840239754407687	31.402572459525054
13.681149789137663	15.659889084248073	31.76717089636584
13.732883160529815	15.46572181749032	32.124351340206694
13.777670175221923	15.258047510125506	32.47329706744173
13.815335480256932	15.037231590205858	32.81320862976998
13.845719344630487	14.803694332827124	33.14330862506246
13.868678717075996	14.557909357836717	33.462846398953715
13.884088206955594	14.300401654095321	33.77110262312837
13.891840977502696	14.031745141079714	34.06739369645256
13.89184954135038	13.752559785599473	34.35107591626929
13.884046449139138	13.463508298263921	34.621549369332406
13.868384863018536	13.165292440912888	34.87826149498953
13.84483900802492	12.858648982357115	35.12071027729469
13.813404495613176	12.544345345327363	35.34844702765309
13.774098515024038	12.223174992362182	35.56107872528628
13.726959889653964	11.895952602353708	35.75826988913773
13.672048997136683	11.563509092534797	35.939743961669855
13.609447553415436	11.226686542749357	36.105284192189586
13.539258262654231	10.886333079861236	36.25473401471625
13.46160433637523	10.543297780106414	36.38799692280748
13.376628886690447	10.198425646095771	36.5050358510194
13.284494199892682	9.852552713072729	36.60587207963614
13.185380897957163	9.506501335981818	36.690583685816726
13.07948699666216	9.161075705009855	36.75930357023607
12.967026870043725	8.81705763262493	36.812217093531295
12.848230131743584	8.475202649888919	36.84955936131075
12.723340444478575	8.136236444092667	36.87161220007468
12.59261426934945	7.800851663705149	36.878700869089556
12.456319567012976	7.469705110381103	36.871190555037096
12.314734462867902	7.143415331485137	36.84948269712904
12.168145888354932	6.8225606203908	36.81401119037239
12.01684821025646	6.5076774258381604	36.76523851383543
11.861141859513037	6.199259165986117	36.70365182917304
11.701331970563595	5.897755437572193	36.629759092401315
11.537727041587354	5.603571605880615	36.544085219062026
11.370637625287737	5.3170687570651225	36.44716833958595
11.200375059039922	5.038563990833108	36.33955617795801
11.027250242334723	4.768331028579751	36.221802582808564
10.851572468516418	4.5066011097805045	36.09446423590785
10.673648316851427	4.2535641477995885	35.95809755882356
10.49378060999111	4.0093701152192445	35.813255834302566
10.312267440922477	3.774130628306002	35.66048655483553
10.129401272553881	3.5479207002667743	35.50032900693193
9.945468112169808	3.330780633453044	35.33331209593004
9.76074676211882	3.1227180215860564	35.1599524127374
9.575508147283328	2.9237098343431542	34.980752540779655
9.39001471912507	2.733704558202407	34.79619959865396
9.20451993541449	2.5526243692318946	34.60676401155392
9.019267814133698	2.380367315467418	34.41289850245722
8.834492559497653	2.216809488598151	34.215037292344796
8.650418257569674	2.061807166825032	34.013595497344376
8.467258638543898	1.9151989129163645	33.808968709634684
8.285216902439993	1.7768076136317341	33.601532748201414
8.10448560469429	1.6464424487773155	33.39164356507131
7.925246597931186	1.5239007801636082	33.179637292437135
7.747671026061901	1.408969952643085	32.965830416103046
7.571919366769625	1.3014290011846814	32.75052006088755
7.398141518407946	1.2010502595905712	32.533984374003424
7.226476927348477	1.107600867962497	32.316482992953475
7.057054751859961	1.0208441773772843	32.09825758511134
6.889994058682465	0.9405410514350376	31.879532446876098
6.725404048573397	0.8664510654009349	31.660515151078055
6.563384307237242	0.7983336045741803	31.441397232143746
6.404025078201225	0.7359488642914181	31.222354899378285
6.247407554371942	0.6790587546199199	31.003549769592194
6.0936041851889975	0.6274277133214884	30.785129611159803
5.942678996478395	0.580823431082235	30.56722909243662
5.794687920304506	0.5390174933186119	30.34997052828312
5.6496791323147075	0.5017859430934921	30.13346461922451
5.507693394265058	0.46890976981907684	29.917811178516807
5.368764399610362	0.44017532849666835	29.70309984309012
5.232919120229549	0.4153746942544724	29.489410764988243
5.100178152541211	0.394305956904084	29.27681528052509
4.97055606144104	0.3767734601516769	29.06537655492915
4.844061720660834	0.36258798997885827	28.85515020074602
4.720698648310771	0.35156691655817457	28.646184868722035
4.600465336516737	0.34353429389482837	28.43852281029278
4.483355574208146	0.33832092119575696	28.23220041115931
4.369358762244875	0.3357643697641576	28.027248695748817
4.258460220194488	0.33570897900637314	27.823693802627194
4.150641484187566	0.338005824922648	27.621557431169357
4.045880595382617	0.34251266423644466	27.420857259989496
3.944152378669145	0.3490938571018306	27.221607337801274
3.845428711326783	0.35762027111675126	27.023818447517915
3.7496787814361157	0.36796916916392425	26.827498444508624
3.656869335910951	0.38002408340170757	26.632652570018386
3.566964918086122	0.3936746775358735	26.439283740822674
3.479928094851815	0.40881659932072373	26.247392816233006
3.3957196733781423	0.4253513250645147	26.05697884360169
3.3142989075185545	0.4431859977504775	25.868039283488518
3.235623694019751	0.46223326023100253	25.68057021565328
3.1596507587012925	0.4824110848083405	25.4945665270322
3.0863358327980177	0.5036426003807408	25.310022082839872
3.015633819682676	0.5258559182083881	25.12692988191128
2.9474989522081603	0.548983957237832	24.945282197369025
2.8818849409269442	0.5729642698167472	24.76507070366663
2.8187451134591726	0.5977388685328257	24.586286591017853
2.7580325452925223	0.623254054820453	24.40892066818018
2.699700182305697	0.6494602498963737	24.232963454516135
2.6437009553137503	0.6763118285103149	24.0584052622103
2.5899878869380135	0.7037669559278581	23.88523626947456
2.5385141911049547	0.7317874285009897	23.713446585525283
2.489233365479755	0.7603385181250256	23.54302630807243
2.4420992771390466	0.7893888208299069	23.37396557401367
2.3970662417848083	0.8189101097081725	23.206254603980877
2.3540890967988277	0.8488771923402701	23.039883741345626
2.313123268432292	0.879267772841192	22.874843486246586
2.274124833420078	0.9100623186192806	22.71112452516197
2.2370505753033085	0.9412439319087131	22.54871775651114
2.201858035737494	0.9727982261108206	22.387614312733554
2.1685055610565978	1.0047132069561746	22.22780557925859
2.1369523443555885	1.0369791584792578	22.069283210745002
2.1071584633469826	1.069588533778964	21.912039144940707
2.079084914238434	1.1025358505227882	21.756065614482424
2.05269364187022	1.135817591138998	21.601355156926886
2.027947566343649	1.1694321076286582	21.447900623282266
2.0048106063628066	1.2033795309193749	21.295695185283844
1.9832476995035957	1.2376616846739517	21.14473234163542
1.9632248196156434	1.2722820034598061	20.995005923417665
1.9447089915546774	1.3072454551781738	20.846510098848455
1.9276683034341395	1.34255846764786	20.699239377559305
1.912071916577072	1.3782288592334895	20.553188614539067
1.8978900733412936	1.4142657734046415	20.40835301388259
1.8850941029825914	1.450679617110441	20.26472813246583
1.8736564257132342	1.4874820028517282	20.12230988365936
1.8635505551054712	1.524685694331577	19.981094541181672
1.854751098982248	1.562304555564195	19.841078743183726
1.8472337589301027	1.6003535033221046	19.70225949664676
1.8409753285623438	1.6388484628009143	19.564634182170106
1.8359536906536096	1.6778063263819345	19.428200559216645
1.8321478132603806	1.717244915373319	19.292956771878515
1.8295377449356063	1.757182944611015	19.158901355221293
1.8281046091393538	1.7976399898021664	19.02603324225932
1.8278305979413811	1.8386364574945848	18.894351771611767
1.8286989651057228	1.8801935575574233	18.763856695885092
1.8306940186417575	1.922333278059226	18.63454819082592
1.833801112900798	1.965078362431352	18.50642686528502
1.8380066402920137	2.0084522888059353	18.379493772032117
1.8432980226864173	2.052479251418915	18.253750419460214
1.8496637025728089	2.097184143970423	18.129198784216054
1.8570931340248253	2.142592544835709	18.005841324794158
1.8655767735337123	2.188730704021232	17.883680996130998
1.8751060707571003	2.2356255317618814	17.76272126523542
1.885673459229734	2.2833045886557417	17.642966127893224
1.8972723470781145	2.331796077234252	17.524420126482912
1.9098971077770062	2.3811288348659696	17.40708836894115
1.9235430709819024	2.431332327892584	17.29097654891774
1.9382065134678386	2.4824366468961645	17.176090967160746
1.953884650201429	2.5344725029970143	17.062438554173053
1.970575625569371	2.5874712250807974	16.950026894184337
1.988278504783157	2.6414647578529733	16.838864250484175
2.006993265476664	2.696485660618663	16.72895959216187
2.026720789509723	2.7525671066840975	16.620322622302428
2.0474628549876557	2.8097428832746894	16.51296380768905
2.0692221285036476	2.8680473918632585	16.406894410064144
2.092002157607617	2.9275156487995027	16.30212651900328
2.1158073635019545	2.988183286128925	16.198673086459078
2.1406430339616267	3.0500865524870893	16.096547963032794
2.1665153164730517	3.113262313951675	15.99576593603339
2.193431211582692	3.177748054730124	15.896342769387195
2.2213985664434435	3.2435818775570358	15.798295245461615
2.2504260685436215	3.310802503670363	15.70164120886873
2.280523239599999	3.379449272229784	15.606399612316384
2.3117004295931554	3.44956213903494	15.512590564575506
2.343968810919884	3.5211816743942985	15.420235380634054
2.377340372633983	3.594349059988361	15.329356634108834
2.411827914743021	3.6691060845627006	15.239978211987689
2.447445042525045	3.7454951382779735	15.152125371774739
2.4842061608252517	3.8235592055345466	15.065824801111805
2.522126468288528	3.9033418560790896	14.981104679949196
2.5612219514796677	3.9848872341898747	14.89799474533803
2.6015093788385792	4.0682400457255605	14.816526358915581
2.64300629441302	4.153445542809374	14.736732577153537
2.6857310113067654	4.2405495059075475	14.658648224436439
2.7297026047758766	4.329598223046189	14.582309969034727
2.774940904900285	4.420638465895179	14.50775640203321
2.8214664887523258	4.513717462431567	14.435028119270697
2.869300671977678	4.608882865877058	14.364167806341225
2.918465499698234	4.706182719586554	14.295220326699711
2.9689837366393754	4.805665417544345	14.228232812907434
3.0208788563770286	4.9073796601039374	14.163254761043039
3.074175029592996	5.011374404586772	14.100338128293057
3.1288971112185875	5.11769881033114	14.039537433723863
3.185070626338649	5.226402177759338	13.980909862221745
3.2427217547195175	5.337533881006477	13.924515371570857
3.3018773138147925	5.45114329362744	13.870416802620095
3.3625647400936516	5.56727970687248	13.818679992467716
3.4248120685261783	5.685992239993756	13.769373890568215
3.4886479100491683	5.807329742015682	13.72257067763867
3.55410142682543	5.931340684373715	13.678345887210362
3.6212023050974036	6.05807304379506	13.636778529637443
3.689980725423725	6.187574174764027	13.597951218335892
3.760467330075363	6.319890670885165	13.561950297982973
3.8326931873540504	6.455068214424866	13.528865974360501
3.906689752581928	6.593151413281045	13.498792445472882
3.9824888254982684	6.734183624602168	13.471828033512681
4.060122503783339	6.878206764245088	13.448075317183605
4.139623132415081	7.025261101233936	13.427641263820748
4.221023248549411	7.175385036356643	13.410637360671592
4.304355521598009	7.328614864008862	13.397179744618295
4.389652688163428	7.484984516377096	13.387389329530457
4.47694748147429	7.644525289032858	13.381391930339214
4.566272554947211	7.807265546996128	13.379318382816383
4.657660399487863	7.97323041032111	13.381304657926442
4.751143254126587	8.142441418253128	13.387491969494524
4.846753009569859	8.314916171012854	13.398026873799225
4.9445211042347985	8.49066794827928	13.413061359555224
5.044478412319454	8.669705303465745	13.43275292659677
5.146655123451615	8.852031632923959	13.457264651409554
5.251080613446413	9.03764471925772	13.486765237484573
5.3577833056945305	9.226536247994073	13.521429048283796
5.466790522698267	9.41869129694584	13.56143612041479
5.578128327266358	9.614087797697094	13.606972154408403
5.691821352880108	9.812695968771301	13.65822848028347
5.8078926227460945	10.01447772018939	13.715401994864227
5.926363357057835	10.219386029299837	13.778695067591519
6.047252768002262	10.427364287969661	13.848315411340126
6.170577842064697	10.63834562146248	13.924475914522704
6.296353109212051	10.852252179605575	14.007394430529608
6.424590398565027	11.068994401158353	14.09729352032397
6.555298580211639	11.288470252650944	14.194400143789103
6.688483292864498	11.51056444336145	14.298945295212754
6.824146657123348	11.735147618545925	14.411163578094305
6.9622869741770685	11.962075533535177	14.531292714284572
7.102898409863127	12.191188211863066	14.659572982317194
7.245970664099926	12.42230909119692	14.796246579673607
7.391488625818798	12.655244161501694	14.941556903647186
7.5394320136524176	12.889781100592618	15.095747745448472
7.689775002781497	13.125688413008392	15.259062392228323
7.842485838503395	13.362714578968376	15.431742631799166
7.997526437271056	13.600587221069226	15.614027655023818
8.154851976152218	13.839012297313294	15.806152851121018
8.314410471882898	14.077673330046222	16.008348491525336
8.476142350934671	14.31623068140356	16.22083829844767
8.639980012280972	14.554320886914992	16.443837894923476
8.805847384836545	14.791556059981563	16.677553133926075
8.973659481856268	15.027523381012157	16.922178305077068
9.143321954907849	15.26178468605321	17.177894218609396
9.314730650381268	15.493876170757684	17.44486616754935
9.48777117186924	15.723308226497288	17.72324177060048
9.662318452133967	15.949565426282575	18.01314869992821
9.838236338767368	16.17210667889473	18.31469229996983
10.015377198052795	16.390365570218464	18.627953105536466
10.193581541942292	16.603750911160777	18.952984269832086
10.372677683463882	16.811647511697323	19.289808915574948
10.552481426258366	17.013417200461465	19.638417425148806
10.732795794320182	17.208400108851052	19.998764688638495
10.91341080836067	17.39591623781306	20.370767331668088
11.09410331551308	17.575267324230552	20.754300948117695
11.274636879361168	17.745739022152136	21.149197366030506
11.454761737470095	17.906603411912755	21.555241978250788
11.634214833718591	18.05712184746373	21.972171172489677
11.812719932769985	18.196548148939563	22.399669898539557
11.989987823960343	18.324132143615245	22.837369413158264
12.165716621706869	18.439123553940103	23.284845245616278
12.339592169236147	18.540776226281007	23.74161542893833
12.511288551993632	18.628352688397754	24.207139043381414
12.6804687265096	18.701129017546094	24.68081511955706
12.846785269747599	18.758399994519753	25.1619819486981
13.009881253048997	18.79948451199317	25.649916846794827
13.169391243706201	18.823731198319535	26.143836417577923
13.32494243594412	18.830524210606562	26.64289735650574
13.47615591167098	18.819289143593572	27.14619783395705
13.622648029781987	18.789498993765175	27.65277949067972
13.764031941075649	18.74068011145634	28.161630072177847
13.8999192239908	18.672418067643026	28.671686721140762
14.0299216344187	18.58436335689139	29.181839938282145
14.15365296081197	18.476236853782453	29.69093821212887
14.270730973740642	18.347834937257616	30.197793307524243
14.380779456974755	18.19903419594613	30.70118619106435
14.48343030514014	18.029795627827333	31.199873559559933
14.578325671052681	17.840168249696987	31.69259492518906
14.665120144031862	17.630292035963073	32.178080198554206
14.743482938879906	17.400400112350027	32.655057698714266
14.813100073836546	17.1508201381481	33.12226250776175
14.87367651472725	16.88197482065509	33.578445076996914
14.924938261763176	16.59438151728982	34.02237998258308
14.966634355060108	16.288650894318533	34.45287472107562
14.998538774950736	15.965484625982436	34.868778429686216
15.020452213595815	15.625672133716373	35.26899041285605
15.032203695265347	15.270086381740972	35.65246835585644
15.033652023962357	14.89967876218693	36.018236107843265
15.024687038789901	14.51547311961663	36.36539092113675
15.005230659592806	14.118558980907316	36.693110040436906
14.975237707906286	13.710084071490197	37.00065654512295
14.934696491067761	13.29124621247236	37.287384359525575
14.883629140441533	12.863284704825997	37.552742359822
14.822091698003353	12.42747131624945	37.796277521662404
14.750173948963852	11.985100993243023	38.017637069370586
14.667999001601776	11.5374824251954	38.21656960513693
14.57572261895081	11.085928588731214	38.39292521456837
14.473532310364575	10.631747399233648	38.54665456278315
14.36164619419733	10.176232592383293	38.67780701247728
14.240311645814083	9.720654951909074	38.78652781159442
14.109803747824452	9.266253990775915	38.873054412994236
13.970423561768206	8.814230182040053	38.93771200149387
13.82249624242128	8.365737822929173	38.98090831457568
13.666369017416724	7.921878601773986	39.003127851703915
13.50240905596114	7.483695922623122	39.00492557345556
13.331001251070312	7.052170027147555	38.986920195499906
13.152545939959552	6.628213938210424	38.94978718389253
12.9674565870083	6.212670234593917	38.894251557288605
12.776157453115086	5.806308652228204	38.821080598692824
12.57908127429752	5.4098244941433205	38.73107657447237
12.37666697110934	5.02383781950568	38.6250695518214
12.16935740889712	4.648893371717933	38.50391039797098
11.957597227147618	4.285461196774431	38.36846403548899
11.741830754234897	3.9339378959521216	38.2196030183165
11.522500021816114	3.594648451499437	38.05820148304047
11.300042890994948	3.26784856023115	37.88512951958912
11.074891300220376	2.9537274077736004	37.70124799531565
10.847469642754062	2.6524108155141803	37.50740385653359
10.618193279465679	2.363964692961431	37.30442592217985
10.387467190733135	2.0883987300535756	37.09312117556755
10.155684769359056	1.8256702667884122	36.87427155226935
9.923226754691258	1.575688281212493	36.6486312151298
9.690460306567548	1.338317441121122	36.41692430129464
9.457738216306977	1.113382169613664	36.179843120985936
9.225398250745894	0.9006706797572046	35.93804678353913
8.993762624268848	0.6999389388878979	35.692160222920386
8.763137592910601	0.5109145283923869	35.442773592512715
8.533813163902261	0.33330037004863483	35.190441997335974
8.306062913491614	0.16677829506782113	34.93568553097312
8.080143905473479	0.011012436788468614	34.67898958423049
7.856296702612058	-0.13434756752672491	34.42080539288345
7.634745463012306	-0.2696635761956095	34.16155079266674
7.415698113475678	-0.39530615057267005	33.90161115086544
7.1993465919631205	-0.5116519737448532	33.6413404453894
6.985867151453671	-0.619081480803926	33.381062463977784
6.775420717721426	-0.7179766984805976	33.121072098117715
6.568153293855681	-0.808719289755448	32.86163670832382
6.364196404686689	-0.8916887972642209	32.602997539536524
6.163667574659469	-0.967261077856344	32.345371167530736
5.96667083310211	-1.0358069195232449	32.08895095933433
5.773297241253436	-1.0976908310576632	31.83390853270372
5.583625435843444	-1.1532699942048354	31.58039520167129
5.397722184450152	-1.2028933676918758	31.328543397044157
5.215642948282083	-1.2469009323433005	31.078468052480606
5.037432448450649	-1.2856230664802362	30.83026794838858
4.863125232201742	-1.3193800409305305	30.584027007379703
4.692746235963614	-1.348481623223363	30.33981553636506
4.526311342433891	-1.373226780882442	30.097691411592628
4.36382792927821	-1.393903474144473	29.85770120401389
4.20529540733974	-1.4107885288976132	29.619881243326528
4.050705746561367	-1.4241475811419286	29.384258619875794
3.900043988104562	-1.434235084805993	29.1508521243226
3.7532887414072182	-1.4412943752995384	28.919673125604024
3.610412665159069	-1.4455577817312235	28.690726388232225
3.4713829313891695	-1.4472467812649488	28.464010830410825
3.336161672053444	-1.4465721896212025	28.23952022479755
3.204706407684292	-1.4437343822461242	28.017243844019553
3.0769704578214983	-1.4389235411664079	27.797167053264207
2.9529033330810557	-1.4323199230198524	27.579271852423798
2.8324511088405138	-1.4240941441971149	27.363537370380282
2.7155567806251906	-1.4144074794486743	27.14994031407864
2.6021606013735994	-1.403412170701736	26.938455375066976
2.4922004008395815	-1.391251743194474	26.72905559617627
2.3856118874553864	-1.3780613263698573	26.52171270097964
2.282328933038789	-1.3639679772793913	26.316397388621432
2.182283840773488	-1.3490910045288482	26.11307959653335
2.0854075969314048	-1.3335422910549966	25.91172873347155
1.9916301068365163	-1.3174266142555906	25.712313885213014
1.9008804155933445	-1.3008419622057052	25.51480399514488
1.8130869141214485	-1.283879844883587	25.31916802187172
1.728177531049951	-1.2666255994998659	25.125375075853434
1.6460799110328757	-1.249158689176426	24.93339453696968
1.566721580050057	-1.2315529943573702	24.743196154792724
1.4900300982584214	-1.213877096455412	24.554750133236883
1.4159332009541885	-1.1961945533437746	24.36802720113816
1.3443589282016115	-1.178564166398223	24.182998670210633
1.2752357436749098	-1.1610402388765524	23.999636481718415
1.208492643250026	-1.1436728254953732	23.817913243100154
1.1440592538712007	-1.12650797312723	23.637802255685575
1.0818659232038597	-1.1095879525957484	23.4592775345492
1.0218438005721204	-1.092951481594014	23.282313821460566
0.9639249096632935	-1.0766339387917017	23.106886591804077
0.9080422134664412	-1.0606675692311094	22.93297205626359
0.854129671896591	-1.0450816811417045	22.760547157994917
0.8021222925394077	-1.0299028343272432	22.589589565939207
0.7519561749347384	-1.0151550202999886	22.420077664866398
0.7035685488008966	-1.0008598343533226	22.25199054267845
0.6568978065850456	-0.9870366397775994	22.08530797544686
0.6118835307089894	-0.9737027244349186	21.920010410609507
0.5684665158631603	-0.9608734499166646	21.756078948703962
0.5265887866852474	-0.9485623935136299	21.593495323969975
0.48619361114526355	-0.9367814832330787	21.43224188411819
0.4472255099429415	-0.9255411260995202	21.27230156952435
0.40963026220829246	-0.9148503299771258	21.11365789207497
0.37335490778189667	-0.9047168191517826	20.956294913862152
0.3383477463371787	-0.895147143909667	20.800197225897442
0.3045583335935558	-0.8861467843473638	20.64534992699211
0.2719374748557276	-0.8777202486457444	20.49173860292801
0.24043721610148916	-0.8698711660364621	20.33934930602303
0.21001083282844707	-0.8626023746861401	20.188168535179617
0.18061281685816932	-0.8559160047190024	20.038183216489482
0.15219886128430737	-0.8498135565938731	19.889380684451538
0.12472584374056404	-0.8442959750465718	19.741748663849194
0.09815180815401732	-0.8393637188035425	19.595275252323788
0.07243594513871535	-0.8350168262670357	19.449948903669032
0.047538571175104335	-0.8312549773666928	19.30575841186495
0.02342110671155955	-0.8280775517667173	19.162692895862783
4.605331511456642e-5	-0.8254836836120547	19.020741785124446
-0.022623030009550384	-0.8234723129913317	18.879894805917374
-0.044621551222130046	-0.822042234288496	18.740141968359875
-0.06598391026681685	-0.8211921415893676	18.601473554207494
-0.08674352461460967	-0.8209206713036445	18.46388010536994
-0.10693285523897382	-0.8212264421572308	18.3273524131451
-0.12658343294280555	-0.8221080927041692	18.19188150815364
-0.14572588496082517	-0.8235643165019806	18.05745865095687
-0.16438996176746593	-0.8255938950887995	17.924075323339718
-0.18260456402592284	-0.8281957288953744	17.79172322024024
-0.20039776961953057	-0.8313688662198101	17.6603942423058
-0.21779686071171286	-0.8351125303878638	17.5300804890556
-0.23482835078525444	-0.8394261452165921	17.400774252631518
-0.25151801161656456	-0.8443093588943663	17.272468012116494
-0.26789090014459843	-0.8497620663855304	17.145154428402236
-0.283971385198097	-0.8557844304633545	17.018826339588742
-0.2997831740488477	-0.8623769014705717	16.893476756897034
-0.3153493387619821	-0.8695402359023975	16.76909886107913
-0.3306923423177885	-0.8772755139027779	16.645685999309396
-0.34583406448262244	-0.8855841557605534	16.523231682542704
-0.36079582740947463	-0.8944679374883207	16.401729583325608
-0.37559842095147616	-0.9039290055629752	16.281173534048236
-0.3902621276742009	-0.9139698909032576	16.16155752562573
-0.40480674755512736	-0.9245935221561645	16.042875706598544
-0.4192516223607448	-0.9358032383606161	15.925122382643123
-0.43361565969391386	-0.9476028010535087	15.808292016485586
-0.4479173567061564	-0.959996405880224	15.69237922821125
-0.46217482347119415	-0.9729886937685183	15.577378795965585
-0.47640580601781213	-0.9865847617218518	15.463285657042759
-0.4906277090217815	-1.0007901732855262	15.350094909358477
-0.5048576181578437	-1.0156109687361647	15.237801813306442
-0.5191123221141076	-1.0310536750424972	15.126401793998927
-0.5334083342725491	-1.0471253156430498	15.015890443892268
-0.5477619140603709	-1.06383342008393	14.906263525799876
-0.5621890879779385	-1.0811860335575278	14.797516976297237
-0.5767056703099832	-1.0991917263808124	14.689646909524322
-0.5913272835276723	-1.117859603449848	14.582649621391832
-0.6060693783898246	-1.137199313705033	14.476521594199715
-0.6209472537523076	-1.1572210596396788	14.371259501677326
-0.6359760760952586	-1.1779356068826483	14.266860214456141
-0.651170898778257	-1.1993542938838553	14.163320805987851
-0.6665466810342584	-1.221489041729936	14.060638558920756
-0.6821183067132666	-1.2443523641153265	13.958810971950747
-0.697900602787289	-1.2679573774926074	13.857835767163257
-0.7139083576284088	-1.2923178114243121	13.757710897884385
-0.730156339071905	-1.3174480191565732	13.658434557062023
-0.7466593122768459	-1.3433629884338396	13.560005186197698
-0.7634320573964833	-1.3700783525719769	13.46242148485315
-0.780489387071025	-1.3976104018057278	13.36568242075666
-0.7978461637554541	-1.4259760949250422	13.269787240535743
-0.8155173168950166	-1.4551930712131305	13.174735481105332
-0.8335178599609869	-1.4852796626975853	13.080526981742253
-0.851862907359333	-1.5162549067244575	12.987161896878654
-0.8705676912247763	-1.5481385588635723	12.89464070964914
-0.8896475781126004	-1.5809511061517303	12.802964246228715
-0.9091180856003132	-1.6147137806786773	12.712133691001098
-0.928994898811153	-1.6494485735191657	12.622150602598873
-0.9492938868711802	-1.685178249012674	12.533016930859317
-0.9700311193112239	-1.7219263593901892	12.444735034743083
-0.9912228824247892	-1.7597172597457988	12.35730770126468
-1.0128856955925214	-1.7985761233485682	12.270738165487014
-1.0350363275834071	-1.8385289572880137	12.18503013163494
-1.0576918128424329	-1.8796026184442043	12.100187795385741
-1.0808694677737807	-1.9218248297708451	12.016215867397822
-1.1045869070281715	-1.965224196877259	11.93311959814177
-1.1288620598021493	-2.0098302248920343	11.850904804101805
-1.15371318615647	-2.0556733355881858	11.769577895418854
-1.1791588933599861	-2.1027848847463915	11.689145905050088
-1.2052181522644099	-2.151197179729029	11.609616519524034
-1.2319103137145764	-2.2009434972341917	11.53099811137371
-1.2592551249975332	-2.2520581011942054	11.453299773335193
-1.2872727463330185	-2.3045762607792755	11.376531354402138
-1.3159837674064532	-2.358534268461634	11.30070349783193
-1.345409223943953	-2.4139694580896616	11.22582768120442
-1.375570614328051	-2.470920222916914	11.151916258637053
-1.4064899162508415	-2.5294260335239653	11.078982505266419
-1.438189603399514	-2.5895274555641725	11.007040664111058
-1.4706926621676126	-2.6512661672575426	10.936105995435023
-1.5040226083831973	-2.7146849765486882	10.866194828737294
-1.5382035040429016	-2.779827837836267	10.797324617497353
-1.5732599740385924	-2.8467398681721376	10.729513996812573
-1.609217222860705	-2.915467362818276	10.662782844068632
-1.646101051259511	-2.986057810038541	10.597152342789782
-1.6839378728426708	-3.058559904990784	10.532645049821069
-1.7227547305839375	-3.1330235625716454	10.46928496600062
-1.7625793132145495	-3.2094999290529986	10.407097610485138
-1.8034399714649652	-3.2880413923340153	10.346110098897244
-1.8453657341200478	-3.368701590615993	10.286351225469234
-1.8883863238468648	-3.4515354192907783	10.227851549361894
-1.9325321727490934	-3.53659903581433	10.170643485342326
-1.977834437596481	-3.6239498623161843	10.114761399009662
-2.0243250146726277	-3.713646585674897	10.060241706760658
-2.0720365541778536	-3.8057491547653624	10.007122980691387
-2.121002474116847	-3.900318774557982	9.955446058634418
-2.171256973594359	-3.9974178967239586	9.905254159532147
-2.222835045433981	-4.097110206371037	9.856593004348795
-2.27577248802625	-4.199460604501957	9.809510942724106
