-1.5715760672171593	-4.43227325706114	32.10296087599712
11.353328066124778	6.823165397229883	31.44615315770406
6.596467421711986	-1.6592647247425862	15.139225074080306
5.655174512574033	1.8433663472718185	47.93175510624074
12.754999970208324	21.571936187232424	46.17228165691214
-6.552403210521563	9.190379155566308	-7.29886292586189
5.777562772183168	-1.6033489479220369	30.291597526054822
1.1304812157742608	4.3629541999048636	14.448557924953953
2.2725257173526865	0.6070845951412022	29.555629016329206
3.5475205680017736	6.947649339520396	37.661461591092646
-4.236570356298906	-0.4917259378602671	20.014732430298643
0.40367195031302916	4.9391886802558425	12.231607032272258
2.8004088491287584	-3.1905978401495765	27.30432922234519
-11.575480165237739	4.673152282081692	45.01998216374862
-2.771923786670562	-8.351143740035598	9.10382479345202
-2.583713807021068	-11.608369508177818	46.64717759906506
8.333670986311333	1.0001718990999588	38.1685345699066
0.5663500255004806	9.754112506179958	31.65814201722188
-7.1474790943734146	3.295106749837833	26.890925704031197
-1.9004519239910391	-14.361320205730559	43.63078372009835
9.706488225924623	-10.46583871694825	13.994181295255544
-2.5137651015726648	-3.1217561370833407	41.62029189642985
14.757050080127916	0.4273019080057621	37.27357171153736
11.835993499391858	11.120007650341375	51.315235378387186
4.631692962652327	11.711111109677478	6.700417242429058
-5.379683411965996	13.98664561839232	28.650617293368732
-5.354470833343851	2.9557354340556086	16.74338263714003
-22.32415426535916	-11.49512442809834	25.480233734500935
9.790525376001964	0.2938380371723863	40.367764950742206
-17.951805312995884	-17.46713160213555	28.962486845713943
6.623411754517299	-1.876017534166863	16.844639931349715
15.559301877252235	13.685033653792317	39.11823041040584
9.593244704810441	-6.671810908478037	27.667689503603043
-2.8781161120808436	-2.2235974381458563	20.32637332431658
11.90818323784451	2.5577513407390953	18.958286740244013
8.214035117527352	-4.437911027155066	26.294086045953456
-19.375700400254704	7.010217209769747	16.76638951108566
12.487369852008745	4.853434138165377	26.084784951595605
5.338084139670924	-2.080913563144585	34.205611906018945
19.946819810978415	11.305042407069035	25.5092864842922
14.4987522559366	-4.798274719425097	29.93589492763999
9.979827226192405	-18.2340733359314	19.55505030739603
-5.7708491624390525	18.04708820362536	27.24408401979179
-9.432880653599074	1.1119647573531792	23.876935484223
-11.538700806071452	0.9989370248523999	20.758288709891513
-14.444068147316521	-12.0704584629163	8.703535818085285
-5.18268115992107	-2.8111348269523257	39.25371256424826
11.455802220219674	-13.269187599258558	37.62781533669868
-7.344403662339341	6.089753679711211	19.744630505124213
-10.291795180979825	-1.03275160036011	37.218510899021695
-11.716160567052063	18.639601638481913	34.25023402156844
-8.022028990540258	-12.145432269999144	12.87641594209129
5.644185473698872	6.123648628657302	31.664921832200985
8.502590659029293	-5.408880245199761	17.494546517616676
-2.2572816404432667	5.273930060422364	10.414537740196913
-7.577163928917976	-9.951677796664733	27.95496702281592
-8.904054990640258	4.230903349222687	26.596089900366184
-21.970559689223037	0.9911238263758902	15.017545005798393
-1.394857684609828	9.29072240024025	35.45111296662331
-7.480162971082914	4.057287184440449	15.9339865037724
1.2420206108317122	-4.669511943890681	30.71976638759515
7.249527769598395	2.501566133841762	-6.554096747002248
5.74025228233694	8.734623603678019	28.167994500967243
4.253894655559497	4.094281369763091	13.421437151750117
13.019865856935994	6.028731020457255	36.55320796633701
-16.244988536180117	-12.040014211879944	31.410051789647692
-15.225713491770794	-10.129883284889106	13.211281637044767
13.84984099751225	3.7645960126774365	32.3497548387329
8.00039581431905	-5.265899232196273	32.321843893042946
19.08152105122372	-15.026413428074996	36.26355893401455
-11.73613795076626	-3.2976129090902355	42.25620678078168
0.2867477525928816	-13.253379748257728	35.50972220050122
1.9153752683627299	-0.26302706133973336	19.47480877532262
2.5360816287981742	-15.307779202341717	30.934125352385003
0.9168076155919791	-13.255612173190816	33.86807363320513
-14.899046956176631	-1.8789677778518576	34.72113314247254
-1.8858260501893662	5.284596652056659	13.581827485030733
12.682838732407504	-4.931976571580404	31.32898452410213
30.226057996249658	1.4973138350938902	28.251963075839072
19.44367371172637	-15.656126288629101	45.802955035258094
7.874644575148726	0.15779495401894178	16.624625325180837
13.059248959630718	-9.186123806588895	28.750015159507775
-11.14265072545503	-11.33604741804824	39.58507436149752
8.99435808853511	-11.552835643942057	15.925600467993823
-3.8383064354993905	-3.1945808242336895	34.47364548740918
-17.491693532749697	20.88070814496556	26.287767785858886
-19.28585064540703	-0.23785010779821894	18.053602267633664
3.7454980138620013	6.766786750016443	27.53983996217687
3.843786358408576	-1.306946412158275	35.49636814456079
-17.026940677025223	0.856250145088231	36.15614529350784
11.400824304657522	-2.0281086266755	26.54459080696522
1.6219780230137193	3.2169350995364203	34.13061686037622
-3.4766929661393133	10.707709107809267	23.151533950016344
0.805683013605505	2.5070060017805336	6.797435922836211
5.874934948827164	-27.454344283641344	31.986476382918674
10.190766952999624	5.452183783888761	28.69151158541945
7.354104384459365	-2.88941340047901	35.0156103435091
-0.818988819020253	-7.010319418054016	21.18117471573064
-6.130486216558451	1.2938671340450143	34.86320217053583
10.598304315501714	3.5337182845726605	15.779138027593458
8.058243719159963	8.907119461475526	20.284173384644586
6.668937700596053	8.46555919100831	26.103732614693165
-3.015327274719635	-3.3417459242930727	27.60816483607441
-9.292968022563025	-10.789468522942464	21.96735969663395
-1.7797248631926958	15.76707963041791	27.512781575981546
-18.28813960790376	-14.436233225589374	24.777584058664697
18.142078980428927	-7.125372267258334	30.678397372267977
-6.635516358637816	-1.5599289841945907	25.981169682301307
-19.400258841153082	-5.110932865509725	17.31477594362005
-13.684419109067033	16.47393147465945	30.872910807478597
-1.5447076454255895	2.6017990807797693	42.64224978672426
0.051174293668779645	8.07513900941877	21.03678322876981
13.22208954702813	-9.425877631307163	25.57853724088165
18.24657363722167	3.960926230815611	36.770015766772815
-19.345245740652956	-18.980065413199636	8.44276830335393
10.238155553782171	-6.193711439542968	14.30484713813665
23.621125266258197	-3.338748825939077	21.84765797598581
-3.504053086051737	-3.811658334264992	29.792944716048808
8.855309563012716	1.6588533266063603	44.43353520573132
-12.74561496614207	-0.048784012314088764	31.783481838365375
2.5772931145257507	-4.631007379231039	50.68698839763587
2.931550197274579	-22.11788675041244	8.965995079637821
15.010267690789261	7.888022581699671	29.229877638407697
8.209390451083227	-0.457055167954909	27.899593867066304
-9.907084027990145	-0.8409024525676329	22.076282780202007
-10.88094181879101	17.892524104978904	38.71579902586877
-6.604269706118323	7.608630369405791	16.09626502359177
-3.2540395287127555	-6.783830730352633	34.8417974128359
4.3447996407597795	-17.172481475506714	19.495345977558323
14.598292888139506	15.435090641775812	27.675695817358324
8.485878149093866	18.824530204916442	22.164719057887556
4.466132138638973	-8.077414500222513	28.549259703109815
-6.516670494639369	-1.1414926365785378	43.00700255077831
-3.6249867670746676	-6.76303891132009	8.344113819736432
8.283380744546298	4.104607143218017	40.25458212524775
28.206094198421724	15.067846396603766	39.76628827444451
13.769429438560245	-12.055507758276924	43.138388002859706
7.425883773520142	-1.8091134912517417	63.01125660118234
14.877243971525951	-17.650890835641523	34.2507280753479
-13.009321330465294	3.7354208170219243	34.84285268898226
-12.277353430570102	-7.579573598908219	18.519840497666543
17.67146629836386	8.938055843240074	22.157817861949397
8.114916380326976	-7.740766500143797	22.638029530361564
0.1463737415086043	-1.79960145527913	37.82491563464735
-0.7336437848499662	-25.522689393443905	25.758246155962805
-13.457575800850778	2.930079845828741	37.775045546013814
6.684633231706906	-3.842391932954292	55.223015431761524
-4.7735258556508136	20.803774725027605	28.399087559267144
-14.82507443521355	-16.792684138621855	24.827074220648267
-9.423787650876182	15.183143306318863	5.898329909300976
-4.107297607177274	8.547367632680743	22.509335546518834
15.647877112912045	4.07251725159686	27.977153902297943
-10.0337747787915	13.246964677196189	26.999740500611345
-2.2416786849343224	-9.333843848243351	21.730382108064045
1.4184845466340006	-3.4946806467331317	24.765517100972378
-6.3750109994592465	-6.303926247633259	30.692944476326996
-5.988009715899148	-0.4779656284635083	23.413657071512713
-15.571942995832211	-7.124649860586284	43.79432108474039
-6.030327752583718	-0.08438518107523858	24.6520747705924
0.4937497134332498	3.720111555026347	33.52733762280215
-22.314688579611243	-10.812945568002963	34.585190309611164
-22.36130079709888	-9.426691668921583	43.31274497090033
-3.4317543690697763	3.6889858359977454	35.69150547396218
-9.631176986839096	-5.181356069319547	28.66437208086325
-6.385127304227368	-8.078312602263393	37.40693097544065
-21.294055684890026	-5.950699011569716	41.42424223105526
5.978123660023666	-12.400403141518723	12.936296392941198
3.3974279763218735	0.5931135162761793	19.15650243078506
-1.0400255335964994	4.540973334924439	28.67469988608987
4.274560314562662	14.15653834329433	39.935210252891274
19.76272561508248	9.66694850502041	23.056304741284542
6.1792007395797715	-13.490357376581702	21.872758508873268
-8.096390373350554	0.5243001238281517	22.28140294572332
-9.356479109594487	-26.563510354169594	15.726695387261131
0.9396560744524289	-11.105740724596064	42.2472290567137
5.4251923372583555	5.197659243115607	8.79208835775934
-5.220688098477164	-33.144748003995545	36.35262137621102
16.36490368211439	-5.315156496411294	27.37693012260945
-1.9498616263544566	-4.172129638009306	4.751174439358021
10.861613964516636	-14.914063974415823	34.62025413776241
-11.19753581454633	0.028462705097773554	38.364401323522216
-0.8602612313540247	-10.121763535354136	24.95496667221772
9.139172631849592	-1.4476072419075372	24.239470508770385
-11.161311061140216	-13.776010087391018	30.85692675468084
2.6131950073999772	10.642024746389334	31.50777261688788
-13.607864549739972	-4.836770941306151	37.12398398014294
0.4861651901760542	-11.049595182063038	26.77181675756866
1.632788298499889	-11.058021730967722	26.804755000279847
-12.198861796643897	7.528118876572176	31.129466111227792
10.263492571524022	9.25860220845307	33.7036225612914
5.5020401097412	-6.474950670970626	9.290198737639084
-3.853168290032172	-13.290780368702176	24.556628973194638
-3.1913126484583105	7.828115029822661	19.32326658029346
0.13405353754913982	1.0135490219112417	47.27879063150947
9.056292273570088	-1.1805818868570868	34.897379303669055
23.40452999439991	5.769923575249801	36.67680369673538
-4.823064514411764	-4.940137580098951	8.827715392691381
0.1645502547366287	0.749952148237477	22.5900984516715
1.9932809540143523	-12.189725595903617	32.71301746749414
-6.126331733577498	-5.606043328683322	40.724228779014624
-0.17708807721187658	-13.861695108287815	21.555278060112986
10.832169494399693	1.52175453284665	31.500167529532458
-10.357028461514492	-2.0591996809840283	41.4274400952505
0.39959402126288596	1.9753240779213561	18.725173544984848
2.4149347581920577	5.260500789985148	17.947197510498576
-0.12242562633466908	-14.11671451221109	14.933781522655654
12.238056357625933	-1.9716650200401689	34.11776143390629
-14.54615471540469	-3.3366052945181526	13.179101820776566
-9.018254122173605	-9.332145896272664	28.759831275433637
-1.456814111887874	-7.221551924750347	21.205464938866953
4.959249743403249	-16.81803755164789	29.187043414039994
-14.665833783000899	1.1382924540419872	28.661503092637457
16.513466263453886	-0.8444600001797136	36.815490739886755
-6.056188804970736	-6.493927230341324	26.27476210434643
9.55162883760809	-13.811522270576994	25.231609268337348
3.0003045179331616	-5.235300569151193	47.03797895885771
9.422018434991495	-0.2924785615178024	27.312360343891854
-16.371786761353956	-10.326780077655222	32.31635679503058
10.704365584482884	11.666582171895168	32.8629355023381
-10.917180415491202	4.244014445378552	20.234182382354007
16.794013255665035	7.636622900433419	29.6154911909733
10.614502677445426	-11.402914045346293	21.209757152351678
-10.16554445875343	-4.6359298402897275	43.349434510691324
7.355963410695408	5.136859906676703	24.552098927264936
-13.8216200729937	-4.604877224599603	19.488561356225766
6.520366615761479	-4.489467255335678	22.82520735738523
6.046762908276696	2.640068722846732	24.759197231208653
-9.977134701722294	-13.020341333756528	31.96418595247245
-5.380865887013744	-8.36001314508838	32.24471851097931
0.5910813452410193	-16.195143949791785	24.5177750910793
-8.373714519811701	4.2082898082242375	26.456382849214855
-1.124164320830686	1.7299291308345366	33.66594863551953
0.183661330900903	-1.7958839618111062	20.02376192992237
-4.796572690726021	6.375488036268769	31.66207109137201
-7.5798835208575515	-2.6152380223370835	26.590200500904693
-20.69738656503421	-12.402897038091128	49.65411565731697
-17.85088356705897	-0.2081274178015105	37.54184682958527
-5.401680841602925	-8.156398848705518	21.77393495625903
-15.856345493904971	-7.622662487053622	18.756783120740415
-11.560344684720746	-2.366959889988518	13.969836415347203
0.4760572765704495	0.660999472480243	32.11620027383209
9.030052352277872	15.524118171176525	16.0747596185782
-7.277404135875267	-6.543556374294771	13.423548965923468
-4.949099806613217	-16.910381513128005	15.99896412229768
-2.42042167341493	5.586949902145885	34.094960386000636
5.191722922900427	-10.367122418425259	37.14913167255299
2.708287621186134	-2.013950803314131	21.059069058241818
6.320529608612602	12.812933939517688	31.711497125238193
2.4109404695164165	-3.1891197509300833	19.342928182588984
9.788696527674963	11.947569322982684	20.513101783015248
9.73365585061963	-6.575208323048962	15.826385619858794
-0.17821768475593863	1.5042880325081645	32.43205867564335
-8.183178946097593	13.603730776089098	4.033355564799873
10.91265984288303	19.603468248632733	19.329311008213672
8.61962373923894	8.151376660728433	31.25197853333911
-0.7133532971150331	13.424274307037985	25.727773109199102
3.8689417061470044	6.991288514855557	18.7410567568768
14.278163747934931	-6.509991043384113	28.06159856947372
0.4086153281722831	28.635552405913028	25.422889601894347
9.882682483189775	-2.5659134810177706	36.17473113748614
5.571127293204231	4.345468351616861	18.256763422384857
-13.770654843493928	5.664256012222966	20.571678147340165
-2.6486617886089614	17.587205175611604	39.27032658972128
23.115449920812225	12.518686360098584	38.72549505124879
-6.313331180261388	-5.385917956628562	27.185622561775293
2.0680731454661014	-7.1391996011680225	33.79070310465816
17.803533686666576	-1.8298711545068578	29.899044613476285
-3.9096286348213996	-0.7802643906036868	22.91742741088561
-4.518474429198936	5.9565712805645985	27.26515442316527
-13.645815931380657	11.650060273106789	24.74101766814246
16.65748096907722	-13.265692621912644	35.36871066188699
-17.558235727659802	-2.8192022329833493	40.86484584884157
7.020638349068377	-0.6898659399862273	40.78360687165029
12.107773872113928	22.06958250123631	21.57574200023317
-1.1744877518814762	2.7193394058179026	40.36134626852523
-2.036396892285736	7.1648921989289605	41.18477672235221
-1.9753492907145862	-24.905369091703633	19.6047804936139
-10.14324367755229	2.6534176941892595	27.321922087816688
13.847122194195432	17.287831155892956	50.513936706017304
4.4864585601912035	-21.606173128938046	31.686106425710697
-0.7057777456902972	1.513461316340147	23.95003984674481
-1.6807197453025424	-18.110475938633954	31.117591355349838
2.0616521429068166	11.359805871144744	19.73614074985241
-3.071423848907269	13.637965003153107	17.225677383403287
-1.340086898021434	4.558454061422007	14.690084506270678
-2.856148836462815	12.427634422164397	25.671906914454862
3.9159956836235814	4.958228853311562	14.921399763340975
-16.213988453293386	21.78922939031778	-12.020017410001394
-12.563819326348291	6.202368478011525	22.11140236567401
-23.234690655908423	2.137553440366852	25.041092426375542
9.653947830268981	22.869009563643253	26.87088463189476
11.772201639883306	-13.647133950340338	26.21463415495843
-12.99806878891694	-13.322093424531197	38.19099828350812
-0.5155060684528359	-6.562860199919681	25.950768756945177
2.318232187710933	13.23841557280707	28.82889684296722
-11.618956624969847	-0.36542496893294685	28.508379495536808
1.0098143814097869	2.439237100403893	39.55973742315589
0.2666206002171601	3.735604559943533	12.38246816128602
11.77855739276528	3.440236852195876	36.98390595032124
-3.9330789129136945	-12.251996754422283	26.903825635746674
0.6107760819806726	-16.175895646818518	28.91528717991016
3.9898809358318763	17.0933527190321	29.443716178464257
-2.779423062391645	21.79834869308154	28.57534614911235
2.8556318791938127	-12.511166018007469	19.225555841264377
15.19752435141859	-1.2434319354672692	23.045708166339132
11.084532741735147	-15.03454106292722	26.410042236737446
-1.944947089353146	18.401826953048865	6.1676754989285385
-11.534884221285921	2.217401926069347	20.159569937383388
-3.9764152750794333	-0.1901809171375113	41.97972270036904
-1.9659839001763768	-14.400181570992643	36.85025811412108
21.664437986337745	-3.653199870980437	20.468977420639362
-0.9679394853274632	1.045531904845062	35.197611025115506
5.408534414066071	7.144536550180857	38.73960218049535
-8.928850573987422	2.9822664184295373	42.880668269757145
0.30059309206837226	-5.560618957872764	19.379883259415575
-2.2546503154536985	10.592265771766652	36.727930328393384
16.59465388015526	3.9073934840783515	33.73381893341165
0.5395118484360539	-7.997279641602497	31.621012820537985
-8.596719903365205	-5.779028401268757	31.320597615097753
0.5501430067627575	9.709147517753502	39.48508397359086
-13.26770892522363	-5.553758537007058	15.892298270366922
-2.069515253280532	7.483810047267011	50.5926861439675
-0.5456050887077162	11.282217825011074	37.79893085881914
-17.983998567129184	-4.835981507803593	29.127410559018255
-2.0604485965156796	-16.575238024985765	41.212823303977444
5.078443452111834	10.564087529850472	5.4646678863366915
-26.915296269891673	6.468537102895225	22.810833362694133
9.75081499135593	10.82832182484931	34.321545199247026
5.931092842446917	0.9981096541105157	22.067146846798884
-12.809993990026125	4.3642718492381505	46.61408757297255
-13.524734439371533	3.494552943252585	35.52020013646221
-12.566194377690366	0.0525252483395346	52.29330911416306
-6.392766354581733	6.21404574026939	40.9512221196424
4.2772712903048	8.24271334970084	36.324294309289186
-7.479411153800832	-18.66452745309784	15.186276286299776
-11.276244540650511	-1.8445957489922462	30.06283058375428
0.9087246064146233	0.46178508098757626	38.733876530875115
-4.6114502300004645	-20.034651072416032	33.04558791770927
11.483041735490506	-7.396402047488889	41.11784103962967
-11.308887292034607	-6.221422588859892	7.178206978484795
2.3559387222182124	8.654898160348752	4.783071526517489
15.108289533425058	3.7753799501436616	26.63279560097128
-10.569555242831541	-2.926818072201956	29.573848398720404
0.7112652056945591	-3.4935555842218156	13.027673996162909
9.778131934535736	-3.3785422287003786	21.223519338186726
-15.973469342778582	1.283471850631397	40.32958730526519
8.794491784537856	7.406465083547192	15.18107362406718
-1.7175731656645898	-3.3653849462905523	30.54433953532093
-15.787796259276464	8.857943342152328	41.74803610773047
10.101485671755574	3.4302142684907864	28.268049588077076
-5.211663652902441	8.27129398264167	26.971532042315253
-19.767905518590826	13.24263964987254	27.547358385364365
-9.462595315920625	-16.185003691490774	37.14076962301384
-3.1656087545146687	4.928356076926971	22.2756360828038
-5.769593951060019	-1.3824938535386242	47.125519944599276
18.045081755227073	10.565462167291418	27.35357464117917
2.8902884731173053	7.048780570897763	15.390051507797832
-5.791909532126899	-7.493298616417796	16.299938473481
3.121896967532539	-2.130158938773191	45.63138898715355
-11.049562356011231	-4.101516908014345	24.970211915649333
-6.303737072172409	-1.1681372279624533	24.028309785122705
-11.404771970912396	-4.976009859021634	11.191655664519562
5.878916350247373	-11.90858889421597	42.7585562074362
-1.3822678338851295	-13.576495335276377	22.085589204588015
6.559129510605207	14.79339482082663	36.03976106256998
10.68346712743492	-6.811583293633681	32.25260660137136
-5.8598986367866	3.9174573859190893	14.393956638258405
-2.757504599624861	-2.068549880030279	45.99436558118312
10.278206497899793	2.4141907026156746	37.79416563425794
12.950160915000406	-9.402064868338623	27.819032555950784
-5.6465374922928016	-1.4164064946623411	22.28214155849114
10.493452825354124	-1.0047416069072663	30.11297799633095
16.658743053506072	-13.46065426137854	26.865584831430606
3.998106868741168	-11.342508117684245	25.96027644746883
-7.5338039747572765	3.7203820459820425	31.651016330173746
-12.325446196280684	-2.460448533430238	31.400519610803123
0.38275583720131395	-12.2294215890943	33.48139363067544
-10.825165315051494	4.018864837013823	43.59152685658273
-12.673307656596894	2.3576754684878876	11.293505103333967
-7.472778379938848	4.037218996363066	30.896360197864425
5.295262837035778	-1.9983481227194209	18.919775492735997
8.38641357444692	1.8930313858759626	22.60886854706379
8.417362847489343	-3.9359636992220026	44.056710333786775
-1.130241500614311	6.030473406241841	25.117048499418196
4.3109201858030595	0.0804857556770156	29.23498345357506
2.986610464682463	1.4162802271208017	19.022791220302324
-4.819723866114149	-10.027986004156178	48.17402771056746
8.826812752892444	9.766000554802199	16.270994580497778
-11.983218474505597	11.387383610155414	29.529190106133463
0.4133388071887287	2.561247518163171	16.901057344078524
0.3586760927692765	-12.619279969438724	27.73752532275956
-18.449190547106372	-9.560763216216317	37.419370606976656
-7.928868678624057	9.521386997027655	26.594079122806402
4.415093237518464	13.895797183046334	38.638215345627415
0.7825183747318296	-8.44263575563794	46.604207248027336
-12.071872364775517	1.6893740933105508	35.479186610794315
5.02579642406491	8.270731430713008	21.103449917541077
2.3693720637982727	-9.531745878780997	27.809812574956865
-9.103851333445897	-10.29199982541508	29.3208968407781
-5.047715390370585	-4.796351914273354	20.08833797829292
9.45011931405402	-12.365300445285435	35.569771531854094
-3.994648249003601	-14.821858965764418	32.46221065499737
1.7158222956507254	-3.326133376374094	31.06212703492005
-8.041586710805122	-11.736170019032258	31.20647752856665
1.5708781193039179	5.133689099427626	16.318889617721396
-6.542435119683655	11.200535780883737	34.87993380838761
-12.525001256322144	-10.725398106167852	26.283759610907666
9.731891056649298	-2.3920245905642656	22.714485375780725
-4.268302180350496	4.431737257856269	24.932721763295223
10.053016790777846	-5.179600983182091	25.4055376456573
2.2260153113019534	0.7903855902715219	45.1058479082551
-10.170241608738745	8.24566991330334	20.78618419386614
12.873147978738842	-10.155592376995621	32.85232867180141
23.318799752269392	0.83461604332545	27.727077872228726
14.492079038466754	-3.135329768931832	41.86904203172186
2.2153120627193754	-3.963818916440597	21.905637973120488
-6.001152384181374	12.536724245397469	27.879679358827662
-3.414155219974689	3.2622477294424095	47.89247997767858
1.2506527903941287	-1.2232641630272383	17.533352433903488
8.535659099603402	6.91305247803991	26.149160857063016
-10.94220265367512	1.9139217506070547	34.88257579535515
5.676913737242133	-12.588273858327131	22.41399720998566
13.313568812180245	-3.0057429958859476	25.01737123892001
-14.813006431901758	-1.3519217650641093	23.067274609560997
14.073979097336824	-3.03444968005691	14.085723921351686
15.05190736697974	-11.826467257882067	23.662280275634977
10.869517673232254	10.56706524736673	35.7089305209697
-5.786717288924032	-12.955334668997615	33.84407866043473
2.9649676810973036	-5.699331642461557	38.11869196434631
9.022204162872674	2.6267203317122605	30.835211745852938
-8.932776500682431	5.27605836426665	10.733590267584741
-2.313784303406457	4.64805500329912	27.447911050200158
3.166541098077257	15.244638256971495	31.83572821610017
-12.00117321438597	-11.858660685694776	33.16821486553808
-12.692952640580689	-2.068072658056686	27.50196135805035
1.0793283813958006	16.475709792832774	26.267244325229715
-7.404934072613457	-3.8780035579243104	21.398407659770374
-9.598977057526373	29.31292583972208	45.481960880170554
-12.067478518370024	3.848867640170724	31.84552941021765
-12.937653528372298	4.07363260336477	32.23163940498516
-14.367134518331223	-5.652036328336058	20.250868710859404
9.20497223593771	-12.459499493134851	22.127409027541464
-1.7985250681835983	9.945768773094144	51.66102323211468
5.981411855229143	10.251628837221762	38.82079287917695
-13.19725378027812	-7.741245151188232	16.727336696463112
6.539825431011936	-2.970917726380663	32.32535856213294
-13.222707408378414	-12.162733745610218	33.16369859636313
9.081650834520872	26.13996973717316	23.975992663098808
5.37133757416271	-11.462907803431008	20.90619572687762
5.543907458190514	-4.909958615748275	35.27443648994824
-17.946863644048413	-27.25231690255987	30.922542892866815
-2.9914755454840254	12.882512378104714	18.713507024737808
11.23548162102578	3.0807935357621465	27.392598638999907
0.45683908530110984	0.2334771772620272	22.306523166878414
1.6385426852089529	1.4425670726898112	50.37311525109856
-5.159898910072923	15.947814668532288	34.09777513294286
8.258306795055422	5.001320740876921	23.84624328233167
-1.0862465716806589	-12.21951487978105	34.318138576535816
2.645111751238608	1.9998201620216842	21.168108123565183
17.200068152575266	-13.527329850279997	14.500063779174223
-1.4922210639870443	7.881905409673635	21.932383613098782
0.028527049766651043	-7.49641516264353	16.067794664993222
4.476219023787342	9.987909816827147	13.305669178843953
1.6849582772672702	-12.908872225716049	11.221668064741916
-3.0589012969188407	3.1270790951836913	42.44079428666997
-2.5076284988737143	-1.3406830897806066	11.504191052768022
-7.6684931251711275	12.996336367724856	22.024301517454646
-20.397947766145762	20.387095797461896	11.972321622247918
6.495882353974524	-6.657855840093645	25.04906279303093
2.8467592249774265	-3.545145137964779	11.795577291848144
-6.394196511629332	4.591752182706461	23.039130563599407
11.887666870551246	-13.781917280975446	33.933267363556666
-0.7235883948169292	19.92868325116548	27.446733394162393
7.611110323588205	1.0248380635923802	34.63479027528858
-13.443346649040178	-4.001630943644394	26.675235046063865
-9.143621008652762	-5.824775347824902	31.064169027205722
-9.780921269167216	7.452452988850884	26.33287775066583
-7.2187586566205395	15.719121845655144	38.219501718842125
-3.149680214624958	15.512723298239166	31.551160026199796
-7.9633330001354565	1.8529077119428472	41.44149337237835
7.984451347538589	-18.757866400545907	42.50050726180304
7.710725102573154	2.468533622892841	20.557099465705093
-13.924195321754702	22.1770667506483	26.942870530363475
-10.603718865297001	-1.9848856680795366	38.20317167795595
0.36058293278114945	2.1542470954345436	31.759932421917426
3.905183001666715	-16.453106246889103	25.387722512490626
8.55747632632539	19.249513248620655	12.696239399715388
-20.779313982226675	2.540558227627483	28.169332154018164
8.311925062531438	-11.36197394010431	46.85733345524386
0.12065878157462512	6.521814601683196	30.129292842149766
-7.085782423611703	-6.4988495301571785	29.253908014094016
-1.8508258349761844	-3.43822893768443	25.0013403254425
-7.120841835850494	3.5087801991418166	35.187250719575594
8.503086903700659	20.924004866203433	23.629152090988736
4.4910984254989845	12.313062164255307	23.383415940718123
-1.4481147813146729	0.10905209723672109	26.672579652053212
20.244363394721514	14.683539743083156	21.339846118467584
17.95242245539152	16.03048150547781	12.522645702690301
0.30248462268011905	-9.077311996485744	37.195536086818734
-8.918430502192175	-12.750579638743682	26.17201208988128
5.419714847190093	-11.333492939522998	22.851418742099106
21.49422604671176	-4.5364382099872556	36.751977951133554
9.94606970150897	17.390560749036453	31.442889070291148
-1.8266976019212335	-10.155564232762352	44.64895265407716
-17.577160796753958	-1.871367837172939	19.671263223329422
3.3591720286890308	2.177020999065389	29.44707571641911
-21.573274499453625	-6.76238580946584	30.254293191016796
9.835467766009087	2.0900458605981362	28.403267441610257
-10.069907931075148	-11.436927121283741	20.449058033714874
-1.313378242142128	-20.81854933787797	33.81573943795395
8.447503555804971	-1.117160694067454	26.565896496109563
3.718784113986165	1.436576120221344	25.064827824816717
2.967517632943799	13.689452081999926	28.889138662795254
-7.615348587775682	12.509725884547358	24.663383380705856
6.924719197698748	8.74609860389517	38.441417318177514
0.4404268719659172	-13.331416816807732	30.239362068795007
8.240582713983194	10.623956194548718	32.978588946888145
10.701654863783702	3.6675256889464594	24.871051650340878
26.189439474812765	-0.18213834746733906	35.50059569810162
31.049087542939027	-7.939039897607931	9.828471825182525
5.588577105322159	-3.235918373872697	26.691344577705124
5.697710978843459	-16.678975452107807	32.43552444545623
5.95121938659534	5.009862993484103	35.64560434910121
-3.032363219125287	0.4745015016651132	32.9196874065901
-12.857745312850184	1.212217487748036	26.03264095448332
-0.31001173643400726	-4.023679768962842	21.703692153730657
-5.548497436972437	15.01867656585464	48.669247378201874
1.2182120174113225	-1.7925444334723606	23.448031174907108
5.313142679458811	-8.449184949875379	22.517582743879203
-1.7346577646191994	-7.2052096034797	28.777328362895208
-8.55457277932701	-2.524138697131515	22.559817797250915
3.014559932048278	9.20822784152809	40.81084455359136
8.606291509038952	-4.279309738059328	26.30248646995394
0.45945709849122907	-18.342526807532956	26.60291013185747
0.04217716201624579	-10.69842354584354	28.410846953010395
-4.78130679059208	1.3826107658388316	36.937310942645674
0.1822234101381391	-15.841226618612264	45.272226252286345
7.94557550914786	24.91744746647157	31.814681998813874
2.1002137215480654	10.835034084444917	28.614504959272157
13.842749662305083	-3.0598660089564396	16.11101007025097
16.424325922149276	13.095635123950267	39.054361219039976
2.961569109416635	16.729418715749443	47.237076769528244
-2.6276574813939573	-9.215571448777188	28.525999824786094
6.928619230879091	-9.17442496681015	17.129746980454474
-6.770858830162684	1.8116054199635976	25.655378787129358
-2.8675258694492802	-4.678451724665822	26.085985601288176
14.831410485870018	1.2818669417129767	36.76394135178545
-0.8791728463993596	5.8440667922758305	47.80629421168109
13.618983186606457	0.16743033180455374	41.5566708931734
-16.676077787902926	16.67626270051201	37.68971508942684
10.914414721038494	5.400686513012448	19.19267182763037
-11.600656433758601	2.8160516623570664	31.031977978845546
3.578923306770239	4.359636941357932	51.51372956791463
3.4293813864988354	-5.891241195261907	24.39785831250074
1.1766812590569236	24.021911851353373	35.52648446628811
-2.1291632856402147	-1.2904542770094027	49.10496235296198
6.655417275997941	6.562744203035759	46.4038685469872
-8.297859862632768	0.6548948575340112	44.92079603847303
4.101911208693015	15.128347798839146	25.180340222436314
3.7324580277085895	7.718480545921088	33.39469502546245
3.516850480225547	-15.392557987221798	32.78890974019512
1.288742625118668	19.171751194730533	39.14147535733373
-3.200978870988853	-10.030407411317535	17.819333218088577
1.0877674005023121	-8.192212190169599	20.626840487599953
2.860843300836961	3.365293589890018	19.92208693786651
1.0629491743264206	1.986887333870371	38.658708398031315
3.6788830165447095	1.0931120589632497	28.519129206400557
7.139916734294172	-8.01711915710121	33.32457261814941
5.355271717829795	1.9513174666145368	17.568947583489496
6.788424055097526	-9.670973215479385	33.15100079064603
18.700580415338962	8.447643333248367	10.592022848311728
-1.7675122593460946	-5.274487053246011	25.949744214440834
18.004803720306256	13.757194926309834	20.657522893501852
-9.687483974144763	-18.403284734661426	31.399371138757857
-1.2381512252440245	-14.342629947612082	1.691975793519262
17.055073095485	-3.559042846542667	38.742664212393585
-5.044868307899634	12.358433343135218	25.64630236900042
5.778097202098957	24.506807807592743	20.915356162414227
-8.841384890771135	-5.1906857004355125	31.476645484804344
7.0911468484701246	-10.234362480869926	27.003387918518513
3.360009372178086	-2.614940488147208	30.09179500339603
-2.016172421078947	2.644119697076814	53.065677667071924
-6.640194500211352	13.978847890652077	19.62486433823189
0.8156190101966952	-18.87282565334806	23.375143763964036
-13.717301527073285	6.755142661650366	29.122781662050553
5.3591906170022785	0.4058302792599295	30.05410228851603
-19.238323603972013	0.2422360514223103	33.06276800747911
-10.288335976832615	-21.97527256093052	29.822166822486146
14.160137226315975	-7.087451690976981	33.828166917643784
-6.119567882174557	3.8295043391695325	36.58477828805725
7.115760712322724	7.438453433574283	19.586801959308517
-7.1864599185297715	2.3683531542489473	22.766738152736686
7.657794866411124	0.3446166404942367	27.802978440329703
0.32813616387356975	13.58727146402795	13.481314185779251
3.19894876165788	5.877141170875767	34.27219472815191
-7.492592612329298	-3.7156877974878637	19.137555720518222
10.689598493855481	8.224196958763844	23.67706781904964
-3.4175580678921973	-31.892410446815546	26.6002050187315
-2.718846376883767	11.02339215256164	30.307553419202293
-1.0598243211825984	3.7821692757187897	25.687756659364144
-1.0135296570206365	4.200153164089044	24.113574198166233
11.220440941688564	5.582529814643761	24.83467419437335
10.778736979920353	3.5604445109121112	10.255271085344596
-14.598179119066026	0.6702420278603317	38.124669124186624
-8.555154117101782	4.2439275583782745	30.90687370989839
7.030165062879698	-1.8963123472400278	4.711146043410636
6.43166164604777	-8.567949006401147	27.161366334687436
8.921260501131368	-21.216142965943803	9.693934549253765
-13.924833343256893	-14.829656990363667	24.154700921463704
-6.626095550658059	10.525421435555701	43.33210495331975
-4.302867941673877	1.9339562592025814	31.212683827986226
8.357559248871825	22.068677056528124	24.613886840149533
9.393561557733488	-0.37593297831251304	27.805415699867698
3.52951583748411	-14.562734029423384	22.730557148791544
-6.986840885569156	-12.461328180055851	37.73074137712861
-17.092241225480407	-11.621810625473836	22.584670651545867
-5.764013665105956	3.903676249311356	53.46171744380562
-1.2757361787802954	-3.236136264045142	31.662009197868056
6.679327925826345	-15.138953980283883	30.120012937230936
11.447481338126499	1.5427856979842003	17.33788405333128
-4.788356390694192	3.1358187228264	32.30071270591692
4.1348414001177325	-21.65639098211281	22.575610004067038
4.323929526781537	8.005853487195303	22.79118993739184
-4.073022439904484	-5.603919020051153	38.509594122998465
-9.625082321387836	9.215658015565074	29.625866636062693
-6.820980389194365	-7.95777051753609	51.40583593639629
12.448058867762903	15.550593574490382	52.41350834678706
0.1085437460846511	-16.028000751651795	28.362801523588978
22.925296364171217	9.75102803950988	14.512271997392908
2.547349301993989	1.6597719631433039	21.278574581487945
6.450571040782885	14.765168338438613	23.25171291709436
3.6771923322433127	8.628562507438609	44.750231410140984
9.275647239645755	17.51926110171771	3.753829179573412
-7.53803170886889	1.995935184515876	30.882286911263122
-0.44445361293556523	-4.495364809362962	11.571846185617737
2.0015383790809524	7.0972422398926085	27.707154666973224
6.156781773574086	15.998434517465165	46.3727170357447
-8.09954976321482	-24.162980478165068	9.970776193931954
-6.509884985038602	8.609997991339414	-2.2199615994231507
-9.516855183945815	-4.3409880598396064	17.949607484655775
17.897722855635983	-17.6277828870954	23.568803108940273
-2.6284698694065503	4.235861875169034	42.401102916237406
10.614506773123225	4.553245769508898	38.854985618204225
-5.249321403520042	-5.951458328036917	29.150320278400788
8.37125791654387	-0.5737045266265105	39.38957028483876
6.510145791563117	-11.8727356259633	34.61516054582315
8.006882515070009	-3.8385889507846906	16.291798293740545
4.369562856519639	-23.67681692630105	22.642320005601444
-5.6369166202006005	-6.926790131655243	23.43980845794095
18.067094957005406	0.15737827906456725	31.717584615196127
-5.715362428523255	11.862269550979223	32.85623291334585
9.39072752977292	1.1009708682332933	14.933560967797055
4.9135341440675395	-11.813953199742475	36.55520471136809
-9.996752054890354	4.1955099914674845	21.096393242465545
6.516702871183082	2.7884776599798395	17.74977609397009
-4.704817742001896	-5.989066100923289	18.719123049281492
-2.530998469871535	15.393850612450189	42.474452191044236
-1.8879299047720797	1.7847963621934004	32.19853094524722
-8.603568583332859	12.591568744457218	27.5270745462556
14.624841823700137	-4.509526978522551	37.1427142336246
4.101941302354998	6.65711484609694	23.73552890909558
-26.95086068460414	11.455724036083382	27.959683397395114
4.420880788612324	0.6711147356312975	20.325834727321325
-13.469234125304673	-10.647251669140479	25.963915016817587
-12.857170560325459	-4.793649107564283	25.549099403988883
-0.026633867202697684	1.4100809720363339	38.736817180202834
-5.115353692490281	-6.346572189251521	39.08232451311381
9.789570973070475	-3.415211855149296	41.04566824044815
15.549033220360805	8.60235312706932	27.434027192713906
-9.00693845094832	13.300913618729815	16.57439813546125
16.873822488491392	4.451928270021544	30.572386688481444
-5.318157402708029	-1.416562667664272	28.429846585160618
-19.152831680998645	2.00444970348151	31.22724830699249
-14.389255641215467	-11.619726781832307	29.33160786421954
-1.1729340854133212	-2.9071852354949312	-6.484600303790735
-14.207141386608086	-12.427918909798816	18.81109669281519
-0.9505605644096672	-13.075502636840799	33.6441459004838
-5.394199804824832	5.901313945497493	29.909307914242746
-13.032430346540337	-3.9484373231684096	22.498554945306697
8.628790797677489	-6.6724713079417945	28.724123504761703
-5.498896696538752	1.4941299087738464	22.93629786068508
-4.7279951629998855	-0.5297877693713698	35.32973420976598
-4.710876900615235	-6.107375656691052	34.96459206888487
6.159596558470773	-1.9037746323886027	30.50174084478948
6.982513077031058	20.757390446104516	29.59981347017337
-11.560933074055043	-15.289873220469914	37.168051056703334
-3.6052171232478827	-8.895328682018397	12.345578083356592
-13.746701789254683	0.35461991366798296	25.10789319465602
5.41985533718223	-5.21817850093881	18.339839813083657
-5.945364916139343	-7.852527569207402	11.938853186517875
-2.078786989924869	-11.774894842137972	34.765367043301595
7.3864695608491	-13.728945661667	44.29145241913098
0.3669602677745365	13.767243112250217	43.99666048835749
1.2282632896801817	-2.842827554298018	38.359404638396335
6.151302401691053	-5.829124959167618	43.940484004891104
-4.099632604931168	13.071020502614388	21.50855376011691
3.2763474362944516	-5.44094561455129	30.542613845666246
5.932256380759419	-8.576946456834984	22.48948177785338
-11.790533968034785	5.834546673331809	37.016329883574876
-2.548690639658122	-12.311801115588729	30.81719101550232
-4.724413997382166	11.08986980305164	34.627281222101054
6.975305147651104	5.572972526445433	13.952951488521403
-2.585816107469384	7.427190677638054	26.655628179765614
1.172701544355673	2.093284333086249	32.74336639685656
23.610841338324413	-0.45814873033255094	27.205430988635463
15.703334761378635	2.640659771838139	31.03424664921216
1.5777870011804835	-8.320788510386894	18.350577908084396
-13.859093430232939	5.863931181868347	44.08316186727113
-2.581630924968486	-5.0256544194802855	33.3832754838985
11.393095839659432	-3.604912272078222	17.699167397187374
5.289112469560784	-12.590742882479926	19.47019612579659
-1.628527202640344	2.7550101026786282	20.755270002258435
6.952866712675375	-1.5050188581518102	12.755941204605916
22.71305227030377	0.5552568046698299	23.242618519020716
14.660916962418417	-17.897628398182583	34.80512153706755
-7.870608947141293	21.38201061407291	9.897456265461802
3.572495301328536	2.7230186964243464	25.36752587859824
10.727737099450094	10.908094895632521	36.717286572517445
-7.9001705857964355	1.6926102335607576	31.141685890656927
2.783863974232032	-1.7762926927716107	12.38333025257708
-1.5394245328429588	-5.528595149635317	28.80961834109688
17.43473469193087	-1.749297420039648	30.490499341694935
1.2521205425483297	10.16390369290733	24.68991775075713
8.016242791481114	2.484188082974475	25.391182247755108
-15.068330065556276	4.033794290227586	16.554807874005924
-16.054987843800028	5.106061588236145	44.61172295513055
-2.735367359363137	6.08128086882706	22.806675166057552
3.7459255098220536	2.3871068040122108	28.749049425256388
-3.3283051785719495	15.916839011364946	22.304391307779127
14.050508990488487	11.71667627859569	29.162977356831224
-9.203263726327274	5.2347017979848935	29.739034568607806
4.264581630220514	-3.8019164843745084	20.139822903922386
-1.7135451050707036	-21.296968313692254	22.165633574425463
-2.4158713893546175	4.9200968459151575	33.35255407737882
-1.2694447882209343	-6.102626042834469	26.73552359732794
-16.899555179421892	1.8649319514701896	36.00231181879455
-3.1700670642334794	-0.18749684043514764	20.669117223138503
-1.7166390971843248	-5.875408913386294	19.514578818296783
5.5464790676917195	4.165569180882292	41.10082811869152
1.9600560986637363	2.457420415196618	37.87246895448681
15.236995608682447	0.935157295114103	32.52012279203903
-1.6518671456476708	-11.197131484561888	22.82750672755195
-1.179689322869137	-20.292686216456573	41.15110579669146
-18.722009934528277	-11.085472988474564	21.09012233639841
1.1469935477012119	-6.262267765399937	22.529632064828824
-11.787039462134295	2.3925128997146974	30.79460265148041
-16.371104957294058	11.977943878720065	24.871610135260504
-14.775762402380074	1.7862551243982394	30.514065602269653
-7.420065596743416	13.620537348238766	31.945030439955396
12.292705382152917	7.3507187908558205	19.290652989317756
-5.139274451275365	-0.05305323901353419	36.51639941265073
-6.257122726948888	-7.122692364134833	25.69287444037556
-16.160649967658156	15.864601195669032	21.02860590381986
12.764577791631089	5.263656279013046	32.03761786815864
21.261543541646354	-8.939950122350316	38.05287122207946
27.250810686473436	-7.012302802229553	6.190272454594606
-8.95908162609204	-5.379133533562722	21.004121088815864
1.545823543748478	-8.02427139271283	25.022289197739454
20.23356080466702	3.9458210214498908	17.175741793740283
11.968470219598604	-3.9460684323210433	26.16839862708207
-12.794254911233004	6.658537145633802	29.948635502924386
-13.849817760328873	17.95147408577086	31.36809103812942
0.2756885937281518	-2.797719111873567	22.34532511672338
11.03742017825702	-7.850393077373131	16.157532070522496
-10.385920034174625	7.151571787382933	32.37837445830957
1.5962576965611435	9.911916376848485	21.06537437920747
-5.721170505517783	-4.622210426253405	25.85772449465139
1.154062449333468	-3.9740269272258812	22.570875966144765
6.3825262769689575	-12.203694911056155	25.332240881659605
0.5951065163972935	10.728467747420343	34.695730164353336
-1.4773233311132303	13.866062345921042	8.763750829616765
11.531961378654028	9.256364681529933	34.8672883320941
-0.14123884870113737	3.998604711140468	27.67133119349509
0.7062056556802511	-7.755705695220253	38.65484861183728
-0.6289863823913298	-0.24218296919027515	7.848015621969282
-4.368147861357674	5.4704166809318195	29.4030720241924
8.273127627441117	9.678151222702857	21.0269978346195
-21.323081018740517	-2.4680020787018346	23.267527328239858
-13.165601914569425	11.937154101472473	46.643723511599596
-5.225022724340907	-9.965931050125551	20.86496414336143
32.57820284828759	-6.36923117533806	27.638846026775834
10.337681556937676	3.5409061403134574	53.01609743781622
1.1802915724899645	-6.545434953693413	37.94014692096546
3.70272152818865	-11.653637675258867	38.46997081401656
3.231886318470826	1.9808682697843063	31.960566186955113
4.367063389630351	-0.20036446127374333	21.236019486560167
0.8130723993882311	-5.08207866719527	18.11551122288355
2.2418126288459597	4.566183593504328	38.41670447939385
-5.350368251949073	-3.518734838477396	23.875208339123184
9.790791853185224	-6.967508198298046	27.687216895323623
9.921940852653371	-13.50633266911097	25.43764015233759
2.5628254322326627	-8.59541862794604	16.814790841668042
-7.098543278437361	3.409518722603776	24.78516268187257
6.091594507166651	-5.569286113674249	30.579414088466574
9.775258318641773	-8.30489661012631	28.770656336400542
1.1991885070882637	2.701726822531108	24.22813949857251
-22.957649837188796	-2.5546182587958857	13.089401427776295
15.122364775483073	-15.855735441847749	32.668130094535805
5.688898498619786	1.3883391370277642	22.623828715002794
2.122205456408738	-16.2917344806349	15.936680995379968
6.305259957407499	-1.1513498549647472	31.020474388326903
1.8376786952500757	1.0794119850790604	37.76564260299337
-1.442577353476313	5.226862744166171	18.669194471476477
0.12591518961821713	2.4245204315592837	34.843925081245494
-6.660800312579228	-7.773583797217586	13.555383387750062
9.613983326173102	-3.9607693621648115	22.26614306200708
0.17007841748711994	2.4882289709482914	32.59631974463232
2.736057374149636	7.553677616927725	33.47672242708222
14.792338136487967	1.024210481191852	28.06431592721502
5.351156706154972	12.4834797977179	30.836373841825328
0.3736238699118017	-5.312716987383751	26.21970694366273
-8.3189866370781	-1.0941324012442457	28.30194359463651
19.25024826279036	-9.55482999615284	14.537452807445492
4.050744488913827	2.159853621189016	20.719476340129443
4.327630687176458	9.475884135555516	34.87980841525767
18.277547511885647	15.838577530835817	36.32626098271973
6.016488249438439	3.5112534903845734	24.115769420613397
12.403547594637045	-12.907217544691118	31.68502962760195
-6.250146949197211	10.709701052861764	26.120504242672148
12.143333365039952	-8.249490920750663	29.017317595512612
10.180726467030007	-14.635867524884855	27.946331553584294
2.6083155500729918	-13.45896316051217	36.67860041448299
-4.014881166977374	-3.31929841894623	28.409515231850996
13.915203755185155	-2.7780024637378697	15.995883870757272
2.8190496121299096	-8.78904091961596	13.389603777240662
10.325749672297846	6.324195479820504	45.60443941847996
4.162732149048633	12.703312488205313	30.984921402694873
-7.199296241863596	-8.289944651355688	9.245885458172058
-0.5665325153481784	14.113921132438376	34.61006252274093
2.9684458641179794	-0.9583680912556504	36.59294117202982
6.84952028852493	-18.224515663199877	46.26536611164188
2.934951656027773	18.305487022815075	26.86901825772663
0.15868254411622026	2.9765374099049264	30.351476708280323
-10.244591491676209	9.614424269018931	33.24954787690556
3.2802439800675662	-0.9238588942457868	21.030804528985616
-10.216210118371958	-2.7178962875823416	33.11334550582903
-10.565467737318759	12.43191458130263	21.88781217748655
-9.687332510158194	-0.9000315464969199	30.489765014352372
-0.4935702691795308	5.897416473474983	19.744456791701673
-4.3674079733856415	4.492066195951409	37.7588516241816
1.8038739312629912	12.572035591650117	47.47145852041366
-4.816029252484887	-4.1915303129690535	38.84039708072192
-7.527939372246472	-10.117796792875309	31.762333378952754
5.397795127795169	9.802485885934487	28.188667014733117
20.905141410113444	11.540738452969714	49.06582158258722
-14.943789509634538	-22.578906275872583	24.564980231273708
-7.718863619847868	0.3796812472356361	45.25733039777174
-11.047826920418622	-5.1441934060202	15.369962662259827
-21.67566092844721	0.7009756922637354	30.170218204892798
11.913590201761174	-4.008829150416283	13.644278176110046
-14.306299500909871	-10.663793284802301	15.361021592867896
-13.63798022113623	-5.13076069308604	20.771301550126182
-3.4141309854885526	8.973077259165988	41.59143468929892
-6.48010475168305	-4.376024378998596	25.70677661205435
-11.763281266338732	21.15314139447021	22.900841448646162
-4.190624756755538	10.379552353325892	35.487567832447894
0.33310555774734063	-13.990234307929967	22.789934813506132
1.1627053306558095	-24.357607732749646	48.30007768265807
-7.088674872685666	0.4250602904224888	29.170339163890393
3.2657163979733275	-7.522237147104535	22.999415964266934
7.183042448492186	-3.342208979777244	24.193623298728518
-8.898229294926452	2.327618290904618	24.809866744213934
5.9060786770267235	-18.178473000835528	14.88462279271014
-6.90329059847863	1.7861100441589746	26.612913856322855
9.7450712093902	14.253058506694282	31.191454912396537
-4.908422449059638	0.46811550429925264	34.10236057893155
-6.024907345053428	-0.8257336853160506	6.068461427374732
8.84210704073728	3.2126346248293505	24.138309537493914
9.131674711226786	-1.3185382169154989	19.82539387802904
4.573300067647304	-6.775438416273176	37.8141199031046
1.3787778552075562	-13.875748556175584	22.02217158785719
-11.507861866106309	4.838814759759263	17.607949297097253
-8.889744880817776	16.277439679541978	29.540822363697806
-2.2879507564756314	-8.824926311548024	21.187861829083776
15.038777490739765	-20.51614855083678	22.380937418144285
15.638977218952892	17.987172696264963	22.389677977211846
16.186437201621075	-6.99910666741788	24.66634293247858
3.7425608788792735	8.67348514100148	48.88890682171866
-1.817238581171973	-6.49795771929187	47.09658563886363
12.568159180645864	-18.653370212902736	43.69171768875725
34.875486533664365	-7.154028500372065	30.36575394783598
-1.1982983356716226	-16.144650991480557	38.600078391877645
14.964898466036711	7.169134390470636	24.94574172798748
23.007914229565188	12.04819722318566	22.095923420325146
7.0154016174128895	7.869433352241431	39.34475152210683
3.3112997998319686	0.9173140458629934	9.46717982609034
-4.950203820274749	5.33548847750173	24.871713335761196
16.485907685653338	4.261611853382552	38.10570544187449
-1.9153930451884222	0.4238504278080739	4.113030975030391
-7.352191526889248	-11.969469071010138	35.27176650225909
-10.959930392274346	-22.14022992491045	23.431980106886307
2.886406519774764	0.03828140477667505	47.92446893095455
-16.948706966462993	3.869553020374136	18.52438064336509
17.54556024986829	-0.6775374442302783	38.157809396200335
0.45762783226690207	24.506869351870808	16.70699897858149
-0.7727837962489809	9.643242824963838	19.910654204359894
15.478470446284305	-0.24230468611703251	15.545564285486982
0.9716031205655574	-13.68327279227877	8.319750729671611
9.054876772470664	-22.449156038886798	35.664837754076025
-7.258161147411725	1.6636330459743565	34.58654939434028
5.769132676563714	-10.32954462151957	27.53421607174913
-8.082925303139088	-14.43927037541117	31.319731174573775
11.448938870796932	-5.117147960407246	36.44578037582113
-16.412499883762397	4.73369249548616	30.267964338475117
-8.60578900336742	3.4414840250398733	13.342346345312299
8.117841677879587	-4.9777762239206504	4.905770974267579
-17.996207215016657	-3.4436558358622458	28.011989257221096
20.819276279499302	2.1136193532571106	28.026402081801198
6.520993022872171	4.744596871662912	28.312894583762407
-6.995305015508075	-9.517516270226695	24.268971839248117
-11.496656362018813	2.9333822337905637	38.11696169813766
-12.936943676177908	8.659920970820338	47.255391090557445
-4.56893547149425	7.605235610647671	33.48679042716144
-1.3718013319522102	-10.311908000879713	27.616641951602634
11.364946785673881	-9.141941975824244	43.584599470344315
2.865443467160743	5.510069484356124	20.10384792734358
-0.8491930464930092	3.7512267290165107	31.063270592932092
-12.761668283571519	1.870212234370763	2.032401145078577
23.40784583323058	-4.322456585271338	20.86789048468229
8.785861058208607	12.424500064551937	24.43147751752221
9.383089110417986	-23.051220617336483	22.267920236102082
4.213145519508364	-16.173906189084406	26.628680218085993
17.0217642904826	0.08289539106578155	25.59037563404086
-0.7787913148600598	-11.531415067878408	25.724566396004526
-3.977219359864787	-17.62660168483525	15.472693341539522
9.849148724658281	-4.511384386082108	27.769674891044613
-18.13968329995591	-20.77099164100248	23.354795807907202
11.232410445162381	-6.681707749215437	-3.215533537845438
-12.22098023366534	1.1980801172890605	36.24667764278847
-27.93241528511242	5.1114600950935705	37.699748021652
-15.855830862112354	-23.480662704007877	41.19909347419376
-14.216572943799692	-2.179099095713849	32.57204939906149
1.0297667987719699	6.134419481637093	22.431412711323443
2.2075149748169696	-6.390158799786599	38.28635951615455
-21.06406390594095	9.418144796529965	24.027661244172688
8.127452729674115	1.0578520698172338	32.86046496903435
-16.316905838369717	-1.384284050643464	29.551936019001865
-14.140845032567203	2.451655467277913	20.52817887742458
18.973598331134824	3.8581918691838784	20.28663842605746
-1.933576272396016	5.038294799939252	22.843686367341775
3.168059939858998	6.898932909395892	9.320150798603528
9.608110556502089	8.037251891731806	11.310502272113645
-19.67566699916967	-21.240101491307165	27.992044205468172
-4.884043899520696	8.908947598694873	11.207382284726343
-13.914295231399622	-3.892006414431963	43.350687374188226
5.630416004101789	14.429860051961631	35.751672465028896
8.111441720863395	-0.08606456960793171	39.704563075528924
-7.047913748650133	3.9237704099922643	37.5952355405055
16.147001300453763	-8.882107614578453	7.646310135062155
6.773111659907476	-25.350267233421686	29.703196040311912
-12.9363108385081	6.930789908042971	18.706310936210798
11.776470663271468	-28.065574070128246	34.01900192123085
20.797966341033028	-9.332156083892588	31.829502200154966
-7.330657851993667	-10.732147017902005	21.013207006624157
-4.271928949281579	-0.9085562734836855	14.076867864823134
1.4239844310917336	-7.233347560358361	31.29933589758558
4.434577091541689	4.930334182821657	15.744112111455348
11.110094343854035	-9.883566871633317	35.148574505693745
-17.994969808493828	-0.7426858895103711	28.59156552515107
-2.990401966939956	-16.493727981556322	28.19123535120684
1.1002595299635185	0.2880423593124306	47.32551002146867
-9.032396718410139	5.408563929176885	29.013168369791543
-2.05158222999906	-10.244080004089003	43.85440456674671
15.361877066279504	-12.000748251877196	12.775403340097197
6.846505646197895	-0.27986199783138255	22.437170939653456
20.141076437414274	2.216491415942676	49.62870714657993
9.18418388769452	4.5569741074136445	28.432608094960422
7.5192586761271	-1.5988414359937826	45.12091584120472
2.997747727322917	10.76708845272709	20.283976622150746
-1.9930126433824638	-3.7048096437049245	22.508002075783516
-9.912344520793383	11.478065116813115	21.130328080191845
-9.209262837702253	2.286090006333569	32.07240936941099
5.7626275838672205	-2.9013135770164156	23.077261060369562
13.177893687533281	10.299436133647063	24.432578243434836
7.41216429477792	-6.196817012522546	37.106631398529196
5.461851464361138	-6.033483165913615	28.386623746307063
0.29175481675022147	16.644358275637316	19.514624388380426
-11.060048121434665	5.238104235078942	21.918124464702643
11.040449877827234	6.862119134389908	29.37058197212394
8.996295079327243	-9.530804216467681	30.631504099296915
1.3483757133204888	-4.70399776140043	20.13860761764778
0.49463500362004115	1.581468766521453	20.589749171067293
-9.87310460701303	9.148140768466256	23.884123885090002
-2.152701160250489	5.657351178483393	19.527073071439958
5.947277978910035	-1.2442913944734968	16.517854952031733
-4.46085256481738	1.9948975857260296	47.79295472148044
1.132263426767551	28.98591610661753	40.35619573114216
10.732824154207531	8.69919664990682	33.63810234460087
-10.354676905983792	-6.633754327321898	31.376084881901537
4.176711956627404	-1.4953646903127618	43.96278973524334
-10.809977301841428	18.89385574013019	37.84361645298477
-6.813116560575675	0.30905260182982736	46.412356366947336
-4.137825777717999	12.106067440995481	18.343384258260933
-9.535651769488794	0.5990682716207691	21.524985157491017
-12.169316485311167	-4.122221474266555	21.773519469887088
-4.154460454055126	-18.34673590513252	36.63371576207081
-0.633746396429248	10.856337880976684	33.039901816571984
2.586711753004396	-1.6468711568897318	28.154950349531646
1.1879131560229264	5.633976838376174	25.62040501126164
-13.373261233335928	9.904703831405048	21.62699578402128
-4.332061873242854	-8.658579268603038	19.62729694592849
-5.107634995342183	-2.18412979252817	28.258638066041488
-1.9392881641794881	20.089190787884977	15.713208167664432
-11.190621628019763	-5.891928565317742	10.283224310013377
4.465622434193348	-11.040143826531818	25.109048264863308
-8.077300291690836	-9.3246588606282	28.28086001129402
6.347311638571332	-3.4676523241627653	29.863058678815165
6.720840996280177	-6.555784642062586	21.645917131756484
0.8193525857426418	11.551440118822416	14.694699997401017
1.3823850364924528	16.660046082534187	33.15608162301216
2.625294670421196	-4.252880320877966	36.148391873471766
10.341687265278662	9.3080482151677	23.224474542040106
7.344577162018997	-0.7783676459904738	27.66569648524933
-10.240331017609464	-20.336515099813028	24.69645929501531
-0.0977494537450395	21.672947152544893	30.155718822745524
-3.249119120895436	-13.837452418234278	32.00644893536428
1.9015244577522332	3.2279627619353772	23.210404164328462
-11.032840205577443	-10.546252139006425	17.060142556792695
1.5618057996689958	14.878813746585365	25.38305646589628
0.2198970043409761	-11.379626368619796	29.00393035501437
1.330147140240229	14.029459858859795	16.573795370290505
0.841139253128788	12.727152879163608	4.979916233367799
-5.544843960283458	-0.25505149391232707	21.88063536177559
-3.4745397424426243	7.837447482647404	23.029581222272242
13.47546840018406	14.99553967398495	12.88541218244901
-13.280009127918035	7.801051401813938	40.76283225773926
-11.687067083395831	5.8834217292531505	27.359476922454384
-1.9425280501330835	-2.718077121673861	25.198700884888712
3.168216556239151	0.4914624903733222	35.330521968674276
0.07524341215968113	0.509648675552767	39.63914906853378
10.089963337796304	4.6103734843128255	40.02045214650997
7.346440951452759	-8.258305752614858	24.670171421346865
8.19887918045691	-7.72717613032051	35.72901090191061
2.322559326180148	-13.76705670867449	37.577560827960966
-8.769425098570311	14.429135464111098	28.97796820738335
-1.7682950817038026	5.9097549485401855	30.741574846740228
3.1670291062587497	-4.7771742361661405	13.728596634011062
20.305466648240436	1.4091533538764631	23.43370944896862
-10.436507357479083	-10.951505866172116	27.25457834343595
-19.953708517724518	-8.20538451721043	31.04519606560724
11.302831753453004	15.93937597574768	44.40938361195341
-10.33329691928163	-3.7560910557253937	28.143382540017516
-1.6085937421397207	-11.78484650531039	16.35901031867568
-3.671414037813347	9.204739654346373	23.206310134692163
-1.6110410936536557	-14.470431016507268	14.499149036389241
-10.965997076036029	12.552150938726214	31.529840137870508
0.16946870344177914	-3.5643438389131266	22.51789745691267
17.787596895066525	-11.033112643418747	38.44495166235672
-16.15628205066786	8.720592515632779	47.15803634353151
2.403741688021825	12.673650770764532	18.440682050059568
16.911647833426606	4.613855400621212	41.175239391287626
-15.388422411194435	3.64042523753155	33.85431485105955
-6.183936623405627	9.232880655222852	8.332351390534175
13.965324040169566	-6.485549827002801	14.405264218264337
2.740671769162741	13.549636811320374	29.18790493906392
0.07661504228610277	22.194567497641685	5.536416210761331
-16.41171292859466	5.39506026456128	23.472573113480404
-4.201487826556998	0.2120766773318711	24.330764366021132
17.043463490959375	-9.149865972333616	14.47992895599378
-4.883775306543312	-4.194456366444293	15.069837584942544
-8.203627075849914	-7.006011263550082	7.963437248655076
7.273278953799942	-3.3999787908790804	22.581356608140133
6.7054829393314535	-22.951306045896303	30.491395097142814
-0.9984567058902161	-3.9850758260326025	38.197176861627334
14.755867159342838	-1.7150627826395348	23.37102214940445
5.891090298248366	-6.239200567583312	50.82463668889678
-5.5596200362051915	-3.7434483237055933	38.23824507717237
5.43384296385775	-15.738128486247835	37.7685655074451
21.718504070108548	5.125557963504807	37.712456292718535
-1.9550603961184825	-19.245686867949978	42.03943228871444
-23.819795583281753	9.532350060971062	28.043085848351158
10.786988104949941	11.4349334223009	34.52718053319746
3.306522727136905	1.6736347299280665	27.15138371792712
3.548191866950432	5.5906844778359925	30.520167310681256
0.782349533407244	-7.98985856953342	28.12333774567292
16.010722885760206	20.267595416902402	39.10916252191657
12.31181667824507	10.672302468015953	23.29247819997274
-8.341395035031216	-7.644584205438322	18.199399929792015
-2.051501960485289	18.820376412017765	33.752587436751874
-2.6521624176288467	-3.1001570007369645	22.801074035627494
-1.676258129935336	4.9441783419709076	40.06515986774464
-11.063839491147009	-1.5226779017145764	32.58928675883461
-1.1116610992442852	-8.97805808564369	45.6400949223682
-24.869961060587578	6.233394417940685	36.54161700101818
-18.1532976403144	7.009336583997471	45.96243721496498
2.2694931053537055	15.078663948070476	18.30263228511872
8.050027638789913	-11.941481795890788	36.80215751258633
-7.5037674480018755	-14.92972532964316	36.895345094025394
0.49532483889330764	-13.971540746384656	50.27012338603276
0.629077706401951	11.25254350368688	17.526305005183406
-11.752623679405279	7.978138855526954	-2.7747805401819576
0.37043200632626144	6.977918411115906	30.009673083438905
-12.649816101076237	-0.9146697251212065	30.16830543857547
1.4211042323942231	12.24796938616187	20.362760728493804
11.751497166196392	-12.363864572501226	38.85389517197927
14.961164438330405	-0.07889133915015097	21.660960848354364
-4.633848881410976	-27.613832305920162	18.463252157347803
-14.076444835297401	-5.950880327247248	46.67682143840118
7.196889207371683	8.518056757607148	21.525306236045566
0.32318988470986076	-5.32339137757636	25.465360642082043
-16.705131684992555	13.86062527002614	52.93183297081242
-16.458603213023903	-0.4618449045350293	36.167461015223694
9.031581463925212	-13.49119370943628	46.34499831206456
-5.548040848062351	-13.69280025468505	31.283564469519625
9.282367872028157	5.094426122835946	29.854186951718614
-1.240881516376254	-12.756990553536014	34.489472372113475
5.17256046367609	-7.102786620098648	32.198501224519475
6.148587510327385	7.452396011822334	30.794026348822115
7.320953475514291	-1.3140193580766335	40.94734228767258
-0.2698680284161121	-5.6684554642819664	24.545907917055658
-10.479769058956014	-11.418931985615687	28.294634290405533
21.122146813810176	10.019956380652888	7.4286409582799635
12.716727330924748	6.0365283166425066	33.83337149771458
3.0964481405202395	3.3555650186534205	25.837517277231875
-9.10861026346336	14.014384844128402	22.324658892524464
-4.722300365970588	9.559290257707785	26.464004655742944
-15.370591090469809	7.683196499681506	34.841228799901614
-12.851617494238	19.45402136831302	30.620778777265098
-17.517589251605337	29.774938935816444	36.529135788131
-2.8518960271078297	9.502311954846487	23.58011950802702
-5.033562568260983	5.153351667088518	25.43150028517084
3.0924956381922413	2.3961996841336712	38.42666822340338
-20.265532652224575	-6.923690946771167	36.71145050204977
16.262322969305572	-3.8890657347982085	20.937187802520537
17.09749071366592	-4.141772094994179	29.915852002188057
-11.268429317339804	4.804851942112206	16.086886275525472
-15.613525961443496	-1.400277335207285	18.892635027289845
7.634629189136294	19.39827908916062	24.994202204782418
16.69370046316017	5.744258938231165	21.870726403046937
-17.855828246187023	7.524610714076615	23.161995276355498
2.9172553088102378	8.146819504037882	34.92629278400351
16.899581089664636	-15.517751635433228	33.592344429461846
3.1704785218450118	6.42568558517559	33.35373013331122
22.64921783148411	-5.302025140915961	22.61931440950939
-4.558942657631551	-15.619659523989473	13.162231195464475
3.3180064710536694	6.652782593749005	33.99488791867999
10.596699508636787	16.64227231726975	12.393558465907754
15.648112148374091	-4.719145652486724	32.98367551156192
-8.877333330122223	-13.628840486565947	45.40304673828628
-0.8864365424220656	-5.288725563918555	18.054368947409223
4.893966613689985	6.490671224520213	25.454226835222766
-12.720086344951422	-8.98549907357447	35.53044547345353
-7.6065191971986765	-12.501674575913945	22.681392228887603
9.437668113691814	-1.4010719225366297	33.18355904793688
-1.3135509829168166	6.576696177392193	31.40452068204273
-8.535785292475934	15.918230112595907	10.903676330528814
-0.5643416287804517	8.697025214698597	48.229243478411064
-2.6456935084460436	-4.714158262244767	30.783925831369952
-13.588899346648706	9.787765265721756	25.312615490577677
0.933782764583791	-7.2825541677372225	42.26367029780674
8.225485027496271	-15.757459524431406	31.84139386023444
3.0236377393417344	-5.909618453168491	37.190608177922705
1.850938192218226	3.7558264807702875	31.99302034258792
10.916972695131403	-3.3790450059305037	50.90191753418476
-1.9686769169002707	24.132421460456243	31.345622605117445
12.628839504347972	8.160181269516121	36.90827468170468
-9.366595530859788	6.538796306753034	24.696033288210952
0.9702858755543744	-1.8601950656041404	38.43223048648812
-10.098755885959429	8.277935912874558	21.68312518929139
11.001562645133355	-0.704888993791349	6.1149767933443755
16.22363440186296	0.5806940240432736	31.34609103056158
-18.813626102489483	6.811375419063632	22.27856223639636
10.501718961709564	4.083931579432115	30.056742031029913
-1.8712025437641344	-10.540420160882999	50.79731294591233
-3.833924411639027	-2.8572898289364232	35.745355876577804
-8.404210876430628	10.772031789146716	40.525373978611164
-13.177258490593458	19.945582676898905	12.049461368978617
-1.6701366418725672	15.313573137872446	6.10194520325183
-2.859703808012818	-11.853709291842275	52.29021021953684
-0.23613052015140507	3.6170102256760095	27.892902161640606
4.83395742816439	2.0498462305153837	25.174009878083446
11.12953437865663	-9.764495466635875	28.125611401479393
-2.4273300215995546	-6.068600836731072	24.00784374265175
18.337895058533057	18.948740668845183	18.48204093219404
-8.43530028563176	-3.8742177369422945	30.338851467028526
-14.954693719084549	9.170293984339313	68.94560153161518
6.116165751480623	8.92438110468033	43.936460031813944
3.6929861158656383	-4.241540513097471	22.782197240568163
4.457019943480387	-0.3754256498341649	28.836719342018597
-15.081955663419215	-15.412615384755945	28.1553971375265
11.65905543132751	9.841075121919504	43.78374674390716
-6.783229954546047	7.990297483789307	36.10522587927313
-8.290576371569006	7.34184225674859	49.68556926361765
0.9559716207400698	0.6752714905206002	24.422731854112346
-10.333969610975558	-7.698133853764767	34.91860264774792
-21.352754267270733	4.432982956263142	14.98664761287528
1.6417574860938957	-2.0094819643660355	40.06523019959707
-5.441837123392807	11.711351183409363	37.9199142655379
3.762421473305327	-2.908116740808718	22.040843048418107
3.3931540746474336	-15.404183927415051	11.021257933289185
11.904492041549076	7.5329223288202565	16.44075290982515
5.0914742833441995	-10.389371629122646	24.2961596787752
5.626952024381175	3.437418534701324	20.283553553141797
-4.9757518933653655	-6.824816255459007	34.401053158555186
-5.7816961121865065	-10.778791029236716	21.37177393899414
1.0602644828116878	2.3523842127225785	18.311418970122237
9.959944576590074	16.607985959966843	48.459033570149714
2.9291432180807	8.832886763377552	17.607662435592083
18.900561135817856	25.266879302876593	23.33345918296691
-6.446945868356729	2.5429589030498976	32.810594779390385
5.182011635557914	-15.579119457479202	34.20608473206111
13.22388472722796	8.743882967071215	35.24486977511823
9.960531223309985	-5.343610521519114	18.85185575508128
-9.360232079173374	-18.2226913430495	33.052402650183375
0.21847503486833997	-2.7159541106457685	23.393291333426273
-1.4086710958597248	-3.450280063867674	28.436640973731823
0.5355437622839843	8.77147883836947	35.0561663382842
-1.5501749801304872	-1.7070291908149366	26.281908638698773
14.471487833925735	-19.530529128480197	38.54149165640153
-12.255551697112468	7.373390102105315	33.67440248545528
-2.6117922599948704	14.64343044591779	14.252583396300897
8.474302107379744	0.7002727731177201	16.38467193247648
10.749275578138569	17.67311271668262	33.90134030769772
-2.6574461764862627	-1.6786351109707567	20.725163676942316
-3.5670141966622215	2.68309487532963	13.04216537708867
11.505214315760814	-2.6882365309198235	0.37252219341897685
8.125259218526367	-6.980077143140818	40.0308521286762
7.5029437807082635	8.414290359060153	37.64075078667749
5.58866551640505	3.2053457684468327	34.369102474605796
18.859093450036127	0.282224900261537	28.586404502674718
-10.498155001043802	10.60158228629736	23.379256184620935
-16.179288070483558	-11.54446949506477	25.202168311151564
15.000357326384396	-1.3397829268865182	18.102898456013598
-1.8912988120219838	18.50566995474843	20.055640411276897
-1.6897013590360666	-2.524572951247008	25.144058236973652
-3.5219313050058836	-16.003804301374572	28.575249983495546
7.881244686878381	-4.622941763741327	24.26545021985096
10.312108439111123	7.232279813782688	29.924016699028115
18.668005230075508	-13.10930268552141	23.461625749715928
17.071332019270795	-2.755767667135693	20.91148664447833
7.096299442071301	-12.079115548974848	39.887100858818435
-14.267293492524264	-10.744453138387113	27.801042257597604
-16.452090391812405	13.938118051494357	29.9169759291762
-11.710622517829009	-1.9254035068449447	22.78160813130979
5.655947543331964	0.8817854025588283	31.933178389167033
-3.4951524812956314	-11.778922475239273	28.263543030354935
-0.6250010272169505	-12.279825355994976	55.486738788374815
2.4001336789839223	-4.841860249109823	57.30403022364996
-12.657446094989854	-4.393237907764568	29.191431399876446
0.14297165466493955	-10.629272923658977	16.158119226125997
-8.220460851280379	-11.108672861177038	17.922670535421013
0.6910505853312783	-0.21028837746962734	23.353893323048354
-0.7913391245087388	15.38082767418497	36.499825997536405
0.7621947415759083	-9.630736829763222	30.360466909203485
-20.491559373271116	-7.14281807777025	18.641713264297543
7.915392352949403	7.689156480050184	17.714332621255107
4.7409228872086775	3.5136382660641914	15.337095728120296
11.187694998438083	11.15449815291608	14.270076080436173
5.42039574502291	-8.758547174357881	29.447019660104267
1.931922827253461	8.380100041218796	37.08559679864879
13.666388084805444	-7.526078589424654	9.122532544485516
-6.890705809986363	-7.511512254031601	25.906672891942826
-30.292491681714047	-9.306528536574199	21.799159353881013
0.8482459752824643	-5.7415818226854896	20.51257171578521
-21.823738993995192	-3.5209347896721024	13.605162276975285
-9.420967632064006	10.731658154610946	34.27494463812248
4.619240378601722	4.993602687310602	23.8496643756426
-0.47159911152207107	18.926739087140888	20.362867407028613
4.561277612374533	-5.238327033965724	29.39318056085723
-1.6401086504299978	4.122760369157942	25.65896479882999
3.317625311701329	5.147192568687608	46.51597543982773
-14.01871615703598	-1.57932772289944	26.26316076492999
-10.035533310554092	-9.439657934303364	32.342663170921945
1.9800540334591705	-10.610930519644588	46.80687671709752
-3.4954076513306918	-4.6399072302374	26.469963969529953
12.957841040125855	0.21337931821166134	6.55092497829385
-12.540427089103845	-8.19071216867751	30.71290947721658
8.775876482903918	13.023353850174322	51.93722812843092
13.502252495133124	-0.8719472445009245	30.71694541824544
-1.584165790945441	3.421148737179027	28.55498584724909
8.528371553209928	2.2433104423111656	31.082401996237884
-11.681514677879319	-0.7357532996323207	26.254024129843792
4.8804722050154075	-2.313888923972303	32.29126725495569
-7.03560409424758	8.613969429238564	40.43364684329074
-15.491254534726409	-7.0207998185243365	40.50184949032699
-6.676529633114866	-5.7349518839171685	31.27829145606637
-24.414233492287632	-8.687753914920815	4.016907285229969
-9.973822152869268	-5.085894914900859	14.058773963579993
11.484553527047547	0.09100869589538149	29.73434126083195
3.8401297283589453	-13.3846025987061	27.48780081893827
5.407554978193091	-3.378216834254632	20.039434046633744
-3.593626849347735	5.036365355877157	28.908456901184287
-1.074425304089638	-16.66116714963994	44.818218337356086
-0.32858143668167966	-3.8137674907774506	29.546322672854483
-2.627167479683537	1.2719599997168216	28.483237194505588
-6.603701956261724	0.30223557870508766	26.058037360718806
11.718070766738089	-3.26007657869667	33.4383541740301
15.08797904503206	-1.249547452596953	28.227064277141544
-20.934941440592144	-4.395987512817441	27.583022882560527
-12.836679274775754	11.399125600910015	29.255469573459973
-5.958262571183129	8.89017367534241	23.046104798919117
10.486478415075373	-21.872079795198836	33.343043133671586
9.521887931793877	9.973291296948354	27.925269709664313
-16.414059715963983	7.144680259074657	44.58923721489974
-37.63734957975264	-8.41195739276314	28.952412071322673
-6.6600218445114425	4.8130943427366715	4.236645709079976
-3.0066763282197084	10.033744153443028	17.01502186009227
9.049045191697088	-13.374214121505911	26.314126842257966
-7.253172840308678	-10.571628800101765	36.69119152148628
7.158057885587398	-2.2814688232720473	8.530058844200077
-7.755692118238892	-8.874415724725338	37.783858051059106
-9.478411621662753	-1.7535378586904278	14.350602452585592
-14.999141496381219	30.944751504008643	6.5173001176837815
-0.15996488397651815	6.3416910828772615	56.23205848097326
2.658387341295321	-5.078701386315933	35.24807192640994
-8.481403621714104	2.537550482510464	32.318162861287334
11.181537090640859	7.054507947588034	27.923060065597905
1.556286375090481	15.942280830486972	25.828581954924168
-0.8522469200807276	-14.341527940598297	32.07161432156195
13.61219646892068	0.925926221399864	26.216829436545403
6.021748264189202	5.272267070716163	28.92222258153374
-5.06635140797861	-0.9772871608149153	45.03260099218488
1.3391014574645985	0.061128722884225314	37.29878207288961
-2.6377428199383757	-8.690322062963784	25.970716868721794
4.419504378166022	5.703238344075822	48.43571517971142
-7.475344029416345	-5.5257750627334135	28.82810120600393
1.416679195978713	-23.575906742965334	29.341985905057268
-16.979508173334207	4.9101377231266214	34.60509560581539
-11.617980797261273	27.12961763299557	25.97085966112109
-5.402016008995053	-27.699335688978934	31.547983985066917
4.367434182372939	-0.6324304598910844	35.601672131559226
8.952187280542304	9.152757687854564	32.20313882804083
0.38593002210701616	10.435921685369532	20.271398218762478
0.2294802878736681	18.27936925216132	43.36897067879511
7.43501877304924	-0.23301772866185344	39.101299894059835
-4.765153692274664	-20.941517766067406	24.72074319657706
12.195838800368893	-4.01408567099046	40.64805871315875
4.848302534596621	0.11597628169174964	32.224569999044846
-3.9919159024908875	18.911206097491853	34.96955985053266
-1.0748795868287808	-10.482257951867503	26.796681886339893
0.4869628319591815	3.3829353578714776	16.22207942193495
-0.9231042279567675	0.393165194878072	26.420456646416447
-6.923791633464491	-3.3509978618199487	36.70991135692709
5.63579082019224	0.14632108448512618	39.00325783334367
-6.598818576052211	-1.9425922447019666	30.12806226336735
-7.091685254789022	8.0624472066524	22.762509448624122
-9.251631348805716	23.458679070542374	32.39412180749627
2.6770501944998797	17.723336049363994	27.356561542832814
7.988034407260887	2.82991579923415	22.27809949249167
-11.223925500276017	3.7698438685037985	27.74561291021327
15.346566911179435	-25.97327151745434	20.019502868329212
5.191705454148982	5.259111193284577	20.105147348566312
3.5214856820988043	7.80464756232032	27.182796742461157
-7.377271170865976	12.726178360565957	47.096102768735335
7.623341184779231	-9.578829116104842	12.596144690071322
8.684397268581778	-0.9086389912203979	5.753854886990432
-0.9980437890783607	9.189707735478814	25.681075140023662
-9.707428046777206	-6.6318249650446015	14.700823063069992
20.783064599741877	-2.200067366633822	12.355662705537004
-0.23563627851891436	10.552372327135444	43.10687302599024
8.189361329047172	-10.482458820586578	11.145644968455457
-9.054133893704847	-1.539065014627108	34.494942922802515
7.817503167454557	2.656051421482032	21.595238248721962
-5.14793365278043	-8.999464597764566	22.61411618549444
-1.5621483407925174	-16.21549510346496	38.30137515529343
-7.495880099368123	-16.164685638330127	15.494801604708986
3.518937501314819	9.129953134099358	52.161137476190255
8.260239732855128	-2.449186170999109	19.373940880935002
-4.677727608945784	10.907119865360919	23.929527910534603
15.965808282798218	-7.4832540677674695	25.941463240219708
-14.143605425350788	4.012910061368958	31.277503065848496
-9.293122334283758	-8.412495048510943	38.09645991704677
-4.394401285752249	22.21303368179388	27.315758619649653
1.6043588046629158	2.6635663820230633	33.79224809199698
-10.601558965847701	17.639273228027356	25.546369809364624
8.351197950581891	-3.436741135240795	24.09379111644763
-9.286457673351476	0.14350208734869882	31.319656098795754
20.477791622307056	2.5935126809252793	35.787099545639265
2.3083027239890894	10.486985956375213	27.94251482945288
-13.618741247158702	-19.38609189163553	22.75465620528019
-2.654613649675199	7.381267976709952	36.67722512152275
-11.430063213645651	-2.823702068512169	42.54511646355732
19.264277744857402	-8.030085367463304	38.25096728195901
6.11186993631865	2.421341693570483	16.840903186015844
-8.232054126540378	-17.338802753377454	24.26561970984365
2.933570256556823	-2.061385700458508	34.95913524028024
8.870854077095721	-5.444136540756279	27.04956698547652
-12.584151605459821	-0.18512544388591679	30.246056522488637
7.234512429193413	-10.329707608206531	24.776292177739712
-18.547795660896146	-1.564789436584959	17.428184186977667
-1.0190980560121108	20.440383338560952	35.783837109828596
-8.698148116324463	28.964156537649615	19.062227422501678
7.436700988772483	5.557038834433352	37.63353802874724
6.30947349866508	-7.4665350521388705	36.67601198482985
8.430383269701643	-0.4961466003348426	27.553477484795014
8.534320988167071	-11.899003612227279	13.080391505888876
0.502635992668227	-6.7796124222998095	25.97301433132666
-0.7102625797209273	-5.39050845633909	41.68560445584262
-22.854570849698	1.0749613479900035	41.46638152236608
7.470036043391558	8.705854270744467	22.631224881194886
-2.9011331073187847	-0.7738280696061028	37.78951664165632
3.5856908396724045	-7.854254077936486	18.845783129429854
19.424932154555375	-7.688356977775266	12.699467634747574
1.0217656207102035	1.3009720308797632	11.64456099235409
14.866971823979727	-7.447356542003841	35.91987355707457
-6.405666323910721	-13.830302371020618	25.20647516681982
8.150255421398258	-4.5102017541399455	33.798111815216124
-3.7626894841420016	-4.857893502177276	27.377812638153017
4.299068951356515	-18.965176906799087	28.126994748277912
-4.827649314705285	-4.210481636755807	31.019343652789804
4.346455070146255	2.4813972323078652	25.856507044782997
6.512055462267348	0.904302582759099	29.668538703360007
4.04784503572394	5.394567472959193	28.72148844877059
7.9226492570007885	14.54947838959082	30.891788517997384
6.428669339542177	-3.287994885779444	40.025536149993584
-5.647256484954885	11.755874791914948	32.65161171720665
-15.211756182462953	6.097407029097509	32.8114682226971
12.382378426844202	-7.069706973426316	22.04448436333401
-16.053808365589443	-6.516810875832962	27.767369274004245
-24.494527392546868	11.161375905338586	12.783065327639719
3.348812636494781	-11.441882220494179	19.615113759816914
11.10803429539172	5.8412738935504835	25.09004457089029
-14.477395709728917	9.32192120086597	9.055310234818407
-9.22867437113522	3.3760176899433345	31.44049146319672
-6.8552004684985315	1.9524692960639283	9.191612778900321
-10.919501419728654	13.87237474137476	21.85292815668828
-12.615002249307192	14.094522263750445	32.079847714638845
-11.987497541689107	-8.039376922096553	20.282392640200925
6.121298357611674	-4.266939269672415	28.359447415668733
7.125105608377121	-12.222164039203529	33.73324520576061
1.0387640104790388	12.356054542106861	5.868830220212768
0.6493742233902228	4.439777952252587	41.11445693509744
25.080405226815188	5.365539611688797	11.19247643050415
4.284657579316832	2.207004480594596	30.170983658625016
16.744893114947754	-11.385315062795327	26.59155886730632
-2.80274047053271	10.798361274945709	32.920079656062036
12.848630906645917	6.428389718391001	15.163824133972065
10.766029266846115	-8.527362445624108	32.16811565228426
8.629379461511016	-4.584454110409781	23.0615370935324
19.414556145834673	10.45046197750503	10.592827810931471
-11.655846391593897	-1.2827019661592751	43.952329225659426
-0.04869601861240766	-5.072176868221171	29.5120478842296
1.409514883583742	-20.91886017686131	20.016331693753386
1.6513910815669681	9.14591180402154	27.35415350621905
4.28284647580487	-1.6864136153295033	40.36448490116675
-3.234222435652956	4.393251266165787	35.53047395748212
-5.068559986369098	4.6952242007955665	33.650076146970896
-12.868693753513591	11.507174172622216	32.11620845318377
11.17233240949144	-10.651077999331308	33.53412007776165
17.314769139582925	1.1175126539776892	25.981663483844606
-17.472662570509204	-8.438256008323092	33.63277915688666
-8.333829165270213	1.0614213557452445	24.828040417941818
-3.2625154802308973	-0.09088299715261816	33.269952040444366
7.011059735205327	0.5205284056957338	34.720333102136216
11.013745376600596	-2.0927648245915456	24.727569446074227
-6.450440619902954	4.0029025145394	22.06244996833099
7.5347954579100715	-4.583431467237703	46.030979615466464
-17.916489534477627	-5.363500474746722	51.51310022350677
7.263687726155545	0.13130991770576136	6.318753618439899
16.014396916313032	-2.299469388818308	15.597524338941938
8.05965260588533	13.774454786507128	38.842121353445336
-4.08735340114199	14.756682488997043	20.851246122950272
25.05435914857136	4.0383059161547115	30.563330268075582
13.159696481683925	0.6125327379414479	22.22348823632436
-20.07061278010329	11.987150785423959	31.309462508559342
3.3169198861143814	-16.177184630274567	10.395289294264884
14.71685484982713	-1.9628756271872707	41.662503550776066
15.320522326491425	1.416693977815786	38.465957505091055
-5.539961472764444	-17.000312925458733	34.62779553450463
-11.348043806064585	3.4784390140122983	20.218122379091085
-9.36674063558148	3.0808310471321425	32.76405399007665
6.396229259937906	17.124355627913715	20.035991209879256
-0.905925066057534	5.051011958451292	18.372352171946
-10.385549506904582	-6.428187510359336	31.51656326330091
-6.002420795698758	3.619094860619345	34.791066952402346
-3.540456339556981	-7.79019624075035	23.66494443716929
-10.334247699741399	-9.168939410933234	15.95895400599311
3.463759621849875	9.124076769633785	19.370932611203745
23.266587788534046	-18.72342326682518	35.193575223957325
-1.0044413379083745	-23.51934595276547	16.627501203888094
3.8319218110784456	8.057565617178469	40.85771058500801
-5.566793223388751	-7.253192470025686	38.55793804544454
2.133472962822694	9.18053164336795	15.59070457648258
9.979418455006774	0.868482720084502	35.00040087584179
6.306404487222455	-2.7474268431397926	23.53297947711414
-4.001257281302998	-9.564263159256562	31.05138151990001
4.414353040400176	5.017463980806457	12.871009306686506
7.878735820787183	-4.848050884402669	37.29310784255518
-14.575186576661498	-5.6181721497543755	29.552905388442383
-11.773032655279419	5.382626837260149	27.44862492168416
6.521567022080634	5.315684628118035	33.10825508386911
2.5767775651033626	8.336297068286152	47.19918728531091
6.771351051875337	-14.353167976111667	28.42569296850466
-2.900296394299429	-17.743978390215304	50.774500138446314
-1.3225258063483247	1.0915064981251696	28.056417714364795
7.5529193791413	-5.351213984948089	25.13240552488134
2.206352636101401	9.905894927011419	28.70848213382458
6.067026189401132	-14.009055975699681	29.59975235765701
4.533903031565006	0.9430545484785395	34.45553087877354
3.905289633234286	4.017651821691592	39.224483027300266
-4.945191423317919	-1.305374200916307	34.45210033250011
-11.109141835732485	1.2726969006314413	22.621646959470347
-0.5358519648754325	-8.341998054306051	16.667516811287825
9.6630108451735	-18.85326856617513	42.644707689659555
-8.131416852273684	15.502791017536143	43.27121662524079
3.447517817305111	12.56605361994487	27.240780138947567
-4.190052901068056	4.303381944198905	30.66788667408013
7.855805562961114	-4.075571075045515	12.570119671092172
-0.6994606188594782	6.4004435849722485	36.745438781835766
-11.43023782719263	14.227090902920354	39.35417470479646
6.391269821637293	10.971984890905793	41.17353013076483
-1.411266402717159	-8.33950268614862	18.96681070384643
-2.6391901225609953	-13.409570733990794	18.288251637785244
-16.731368868581743	13.511471681386455	21.75340189480644
12.9872720374041	-6.708266268630824	26.657710714297288
-6.54600801930937	5.1033561006138095	15.368065789140253
15.062574065677092	6.907329737783089	15.042593955152892
1.3599962499306955	15.578282385553383	15.521782380225408
3.8874820920011626	16.801793555424812	26.343261334653597
8.59656952172729	13.798406895263053	30.423031231360586
19.15225843919821	3.8979966704486917	28.393022776800517
5.384770194412103	10.403633877525165	28.39831437714626
-4.056741863236107	-8.160675200822613	17.682756376638824
6.039732722641631	9.345222635859063	32.55842167101705
-1.7881594582369749	-5.102821386267488	27.10391935291053
13.347284228439484	-13.883963007888367	21.76273740205412
-7.987425896980243	-2.280767402862777	9.00660031760366
-17.8787355466818	6.65255628429402	23.437260345286223
13.490411061212274	-1.3168105897878533	29.988320993800695
6.496603365614339	3.6980474594212347	43.05111778809336
-3.666554692235441	2.203466466502354	12.388186916399704
-7.961972151253845	1.2812092811024147	29.909804117100443
4.646265532628971	2.4482154367517253	41.835656642458204
-12.173777796151269	-6.166808317034777	13.509652895834938
-6.68254769064772	-3.9648782771652447	31.96334242903585
-1.7049545884822468	-8.818409327866478	16.862065450518145
5.371961382818773	10.531552590476334	33.65821691537499
15.615669743521945	-3.354366365537028	40.37360903268229
-2.194072556801348	-13.196297900966073	30.254014926267935
-7.726531919278292	-6.874486894301926	25.558795965043295
-8.635132248988999	-7.716373917324887	20.852533646981303
-7.08906937320493	5.8567421531408	29.66952037465537
12.210897569005557	-3.9540798897143463	3.293531288235652
-0.9831076934956228	10.690325490946108	27.77034015022756
9.406792807330088	-12.845363081768415	27.157722446186796
-17.121633834618844	-3.230888174628253	32.13463361922683
1.9009111554070275	-2.6567288856024343	28.804590520331324
2.718684839658781	-29.468142784706682	21.528531453696925
6.821002672365087	-6.558378615432955	24.535432246117967
2.0490469292617384	1.8096044868951446	38.46707864894399
-6.156281677438388	-0.5066147613821406	29.34705989261999
21.758086561067714	-4.677947464525397	31.33177465447272
-4.5489387484343204	14.877934279636921	30.099338970027496
6.550417767419809	-13.418777273193507	24.937680258462994
-10.155908641038991	-9.110851591084344	28.98025886578675
-0.7687493169039289	2.925645766957248	25.156845268230686
-11.8795836236972	-6.371258257622081	19.08550593395335
-5.790795580832792	-14.91841409540605	32.85470072531816
-8.48446267092651	-7.393856126366748	29.076941749850075
3.2057905161408162	0.17820142788508217	30.411897476844764
-0.5876667807259172	10.209945012499515	22.23335663362077
-10.202269316702104	5.512546748094769	38.32897524529923
5.71283989878939	-18.14246385419625	32.32529323153499
-4.380138015329165	11.089450568509196	21.99808084316931
11.106498831707603	2.528755592263842	23.281667525945835
-4.991666028408738	3.3035426248128514	27.61963386032601
-8.374920805999816	-17.076131643181082	30.65623572712427
-9.691071764741961	14.61311984519761	18.50262275359844
-10.726472159272973	-6.366685214683406	28.5402701998924
13.027031259199806	0.5596201380763312	12.77954037932931
10.856914178642693	-1.8911204535669102	21.401352673836953
-0.5751650997222697	-15.181234706055058	22.4066733324481
-14.377136098866206	5.173509787433303	36.534522619808754
12.479550146211729	8.740628745653467	36.27099076527124
3.1812544788386745	-5.340710595695701	39.99881912522207
-37.03042704255365	7.545065814906652	21.051011267097643
-1.4632810265901521	-6.157806311415075	21.02773483020753
5.166308204849575	-4.554895199485007	22.753878595926114
2.1221753697145824	3.328037301536464	36.2904480746318
0.8632518949527974	-7.489598621390158	37.94157821799794
0.561524401375711	1.2621309379168104	24.91672995384195
-6.553226167434019	3.9672635758161707	42.91457359744321
6.259752075211069	6.142100716109526	16.439144621092893
6.220571448550263	15.53072516723255	20.069804229473185
7.035381425185577	4.847876053870124	22.785848259951074
-1.8753347131568954	-15.329521629566223	18.855628391848732
7.007824378719263	12.938358180154022	21.111017625921683
12.348931628838182	-6.353377183299164	22.852382814830342
-10.291028183570885	-4.278919523657642	33.72366928229736
7.014180833656721	18.780521402356495	35.75185079732993
-12.995618301209454	3.230273683083772	30.533702189346926
8.450865023439395	13.97081092774007	30.197553732323392
-9.713664555509505	-1.0308011068264453	30.247662187137763
4.929452784195055	4.466819378873246	30.783584715694484
-7.27819792297449	4.66650871618746	8.110160740752182
-14.771922177733623	-2.3363096443088427	36.094718736988284
7.276321835989358	-14.65176867498711	24.177471516225204
2.3867520751577405	18.451073586284576	15.421711599400842
-22.894447536688887	18.35460814767671	27.964291333730827
-3.1995904560658692	-3.806394562673292	17.00253877940507
2.2177442060117443	11.1464394105153	30.440956951500734
-3.077970184172581	-1.4577319797223938	29.582021285136946
5.660004644502216	6.625594271944706	35.20895333418378
5.082595882400001	-13.394781391995238	32.003050890825314
15.50242484201592	-5.087892858140145	14.020460189304659
7.554365872029749	8.091837302146134	31.58376864924146
-20.9798711675094	1.0818029069746375	35.74958042332884
2.960148747814676	25.111986318455614	6.259155500204571
7.423545713670751	5.132198413218205	21.236825559551246
10.365075470405053	-13.534018833123081	38.7418694979291
-9.71281207132953	7.263886427259676	15.862655507663568
-6.992869697782149	14.75936613473241	42.45858672149548
2.334483048221662	5.28928583047629	28.485508444543836
-18.988483796648623	-2.1789908566607368	31.940548481770353
-18.645303649904296	8.239583988954045	38.907979328577945
-4.410305220517318	10.872963570894523	14.243109568860987
13.399634767977055	9.298132540637525	25.904747593672134
2.494447745013818	2.195191522927772	41.54657217945918
6.913174517917422	-5.948622808734875	24.59964824449481
0.4920009802459891	2.729325195934585	12.166156300351439
9.798531593647	11.482797354734753	41.79936451819552
-17.346391285774633	-11.011883036087822	29.99724737732405
1.3103041392209092	6.204673248318832	27.972061894714802
15.313724474360198	6.200885679107579	36.54100241043944
13.042136726463516	-0.23360789079020505	20.10572112577551
2.7305772343720043	1.3143758841459754	27.94830142526666
-1.961851565760461	12.643493402886005	17.315402064861466
6.562458681142824	-15.816202301222997	32.58245431993693
-1.8560683445471573	-9.15870802300956	26.58365721567955
-3.3821810169728392	8.190484383723213	17.296846852791774
-5.978774111840974	1.7700106690785962	28.016838061701858
21.506127645288572	-2.250919152354161	40.34120253992321
-14.428642626585603	-1.5891142137166323	36.85387840916928
-6.684027716158222	-0.8422732328415437	43.5190640072481
2.9928702020652764	-2.114143453224491	40.84492025441139
2.3278982737666354	8.088802333101434	40.23143305176983
0.595837489092037	-4.245945480487498	41.11174028048198
-1.6635050481811584	-9.515492983233623	35.48959268671825
3.610704024888541	-10.861658912916095	15.335138024603676
2.950815789185948	-2.996742974554738	11.634813678403336
-11.469392936147164	2.3913092240630216	18.055160065620328
10.359917471314613	-1.3550238002041826	13.06906384224029
-22.08540111473284	2.1376993478931814	34.628874807011044
1.7535177399854969	-16.652640820466637	41.18149273268347
8.806737609389867	10.124469801880029	27.808162593115895
15.24007719897815	-21.198507024056855	36.11659721035032
-7.034500258815442	10.770486751091576	30.954835748617015
10.820505312597353	-12.020193897469628	35.086158412147356
18.67425961421273	-11.837130021825178	38.85745871741839
-3.886279200254214	-19.96143257058916	39.24074202671217
-5.512397759164237	16.382723435612654	19.630642936150537
-5.483664938327804	-0.8037113672025948	26.78511117713709
-7.77697072429663	-20.41312925473052	22.857439969232967
3.1517785842993744	-17.149443508388636	29.547517617478892
5.160523341946957	4.88026589365596	15.534776932480106
13.162015157904694	3.098965111727362	27.528520234187862
6.847918317934844	-1.83959310266123	15.143087751684646
7.017958365016222	11.79268166853792	21.513901682905846
1.7209004773660022	3.8342944425739	37.86140408933105
10.194455538928889	-14.893227363686112	36.169002331353425
6.451598956463593	-8.070315062697986	33.97401164109839
-6.324760623948915	-10.952577723172354	28.894742168624962
-16.044757850790592	16.07723462207112	22.510202213381596
-4.939901243020911	-3.581741410855439	34.75749487483831
7.754474669985524	0.428732365844569	26.842450817891752
-14.480229772461897	0.9483248794093896	20.484543198383278
3.0873418089162734	6.020752193439023	24.801511977623697
-1.1808189903917008	9.790013948051824	19.184220524428916
-16.52663865619832	-5.471849559237886	30.79051736864758
-5.803705962907269	-9.390560108661857	41.284232054827385
-4.541518527557295	20.430453574960012	29.32655986940066
-0.7671958836230602	15.63473560630582	23.226887545104695
16.082391032383462	1.084131408113492	36.94800696822553
12.546116819086624	9.216821028271623	58.847623718545655
-4.516478585371418	-4.743786422845483	18.145044223495393
5.089212946786105	2.1447278398817127	15.343975149609932
3.2644637243665104	1.6394915516731403	48.656135098898666
2.882965124027506	-2.562484303883132	36.24180191080846
-3.695038628795151	0.3293911866962155	20.283353971122807
11.818836528803395	4.051742939281786	14.474966853113713
-2.5275838887963022	-12.053077094239411	34.4631266736713
1.3287998774074674	-0.31958675707250966	43.0857505431152
-16.329124105866608	-12.538194702303532	30.515958249779494
-14.02701160249483	13.423843101407227	24.31272309609245
-15.196581427770726	1.938031929026751	13.83194692239648
-3.266981372011091	-10.580795484330972	15.389201553357323
-8.593037549383007	14.743337585458306	30.83750741589628
-12.331620726618919	-1.7910399601523543	24.068321288355946
-16.66632332609198	5.682002451066407	25.032496132215012
5.03979730092197	-6.667273340383723	25.621917986008313
-14.142605014879106	6.831470459291083	31.645408369724002
20.295570409272223	7.282411087958818	18.73506983868122
1.117858190009616	15.168315868712924	37.005857853726525
14.567063912910792	11.171876252132112	29.159564150231027
12.879758903929517	-21.470113822946452	41.22488602351648
-4.52738745643383	5.245875543149278	32.98372373659352
-2.265500442305331	-8.974109311986734	35.859989435272105
4.8228017422413005	-10.89294010261619	20.268539204038845
-5.807863194520417	-15.966899105641483	17.170869077293723
-16.017590274472145	-7.595643590140867	36.32808551182575
-0.38762996079257606	-12.055181977479258	22.79177351562786
-1.4591820198146763	8.512632289847964	19.297174258030307
-5.8733482388202285	-10.614060367559278	36.60281681977199
3.6897591470512885	6.464513350438695	10.856643702769098
7.275318195832899	5.754945047589355	29.36944194567598
1.7783703261167472	-6.478490245677795	18.261266394790606
16.0105302411093	1.7076852954713162	50.40266595823724
-3.465651803869565	-2.883023546528398	29.877614641098766
-1.6744007691582024	-6.383826265582114	23.509692859421495
-0.8639784149997756	10.177589484332373	31.020962724664585
3.1843928950954625	-18.399427032339442	38.1013496007851
1.1964384572013496	1.5388466863790862	7.93784632573357
5.09771410453158	-4.017302891099764	23.91915596927663
19.927452158154505	6.4750823091985685	19.615744059790114
6.31025102835345	5.232569569181585	8.740430588731428
12.659819088360306	9.519369992418094	28.35971839003874
0.21169248928005643	10.163789502655916	4.503083175678771
-21.281767110918604	-1.4290230269135185	22.899778865304086
-4.4757878939069835	-3.096961546058262	29.483083407877682
-0.607615872948565	8.118299924820864	38.30356342254095
6.186884598098573	-1.4601059840782329	11.836311073503353
11.31960242412343	-19.88422772055693	47.79031826734396
6.05557338668123	-4.145509711292443	26.13442515952599
5.964178536786971	-1.4836025419063503	42.19360267173417
12.0866579416779	-1.4357424640079182	42.62098894236009
8.65588760537206	3.4802777647367407	32.57354197576717
11.397150819022473	-23.885006037467242	24.53761271352463
16.926029835420465	16.903804785922787	23.133345687379823
-6.145523840267332	5.655587059912959	31.742232359608337
9.286327941109846	-0.0242003855372353	16.692425559762732
4.64335198845966	-9.708259051790296	33.87822749369721
-10.47260240129213	-5.482939778217547	33.313860788793264
-12.9195887098353	-10.353108490712424	29.010169969008878
18.372950550437583	-7.914594219784885	20.154059226263414
-11.560239017039684	-12.47357110948175	25.320813142536366
13.954938500867978	4.51066106319394	36.83307847868887
-19.49384331555511	-10.234744609396904	23.04980017532838
-6.109181681669118	19.279341019229655	41.2090926076157
-13.534186486576845	3.872368412515479	36.70188101216948
-9.787586807312676	10.411865473371634	23.45656513844714
15.303766860180737	2.241560514330925	44.51360396186568
13.188937863920923	6.321504226840778	19.373175143640896
8.057067003052001	-0.9697371086904993	13.521814440710244
4.342600680590471	-5.591192356374628	27.300749077261575
18.559741433997676	3.4351512729715807	26.550526928618172
-4.955015762891407	17.34685947806652	32.13697799068952
10.514549681446754	9.51582360335915	14.068697097752644
-0.3512720350518259	-8.64617538208567	42.69076799090492
14.753774478070605	14.74832690738793	18.915688573176283
-7.291485798357332	0.964763608044919	13.810195507696339
-3.1038434715190872	-14.301717385937746	15.564110304439282
2.4759866323737345	-10.361401022015265	16.51210367943608
-1.5565978669562177	5.634225390678786	17.240238277981668
12.78776778792813	13.063525234643192	40.3325195500855
-9.008077009843904	8.516993615952297	41.416825448085895
2.018274972622075	-4.0386804467391535	34.750350770822806
10.8669851746978	-7.4436876295766305	33.73637435692234
-10.065679040768341	-5.511759233816587	51.03319237178139
5.7020673807353	-3.7003092031178393	22.134295953759022
4.37915342626403	12.536258649476855	18.694335604187007
0.6993287702640284	4.036778411877054	48.18461778295912
-7.894074336878832	-6.090554350859164	29.76827425116835
-2.1992069003054637	9.581350555142787	56.77285182870111
3.2190829800801293	-5.6956071513161755	8.194351936504074
7.227775155965446	16.92692482577923	28.39276230407928
-0.3862741240390125	-10.497549654811326	41.48376850920926
4.408427682582336	5.004331092304898	25.71720048353691
6.711624174473	-5.1623426933211665	9.708423869653128
19.564597621727803	-0.7693658257734237	13.609073115876427
2.782066014498084	10.889042211502922	24.490068206666
4.455219058623857	7.400671902013559	22.339067566274846
5.492145571600538	-14.274940327357243	21.36721791239419
-12.377351313921922	6.346449206683836	20.950285761190543
21.922253407240948	8.997763571195454	36.77120101925392
1.0483330792847525	5.86862467375937	16.56029917852537
4.900453544648956	3.8361878281991206	26.262294680264105
8.26266902598004	17.43144040065229	28.835328397965032
9.502550573797508	14.437057728236624	12.891194801668
0.5673485758786513	-0.3587732976126875	23.076038254399617
-8.23937561021791	-5.305041057230006	21.788397550689485
-23.044969701129062	17.882951968654123	25.904037309647336
1.8758660006419112	4.305052077798656	38.21689444674635
-7.022700038820448	-14.004811100183742	36.05490442401253
2.3917985410353864	5.366800061991963	50.26353040296928
-7.811193344815473	-4.418792572154321	37.69771084780825
-16.16014957374463	-7.259152683961468	33.96307592789803
4.587779094221493	-4.579653194928377	24.460837165098003
3.412946788768875	-12.677605131966722	38.25787196731002
19.86862679088906	17.79708714951949	28.79904013739047
7.89915638405478	0.21551340493784743	18.26782601550076
-3.1490253975088	12.765170527830671	41.513949023541144
-0.6798214008013742	-17.77415083502707	26.27809203908121
-12.836089467339358	-22.632665799547787	14.582646841458184
-6.4547879604216085	0.025532646329229008	31.140094070494705
6.392466605456908	-8.370299282061445	36.23504970735975
-2.438092067908533	8.058694313962175	47.938358401258384
-5.406860150373315	0.3007853627686651	44.805831410191566
4.650201775557854	-2.09043919316895	36.919036603908054
15.438073287383045	-3.6503393364602803	26.076522919435604
3.327184484126815	10.798910605870661	32.341707770575525
-4.703702231932516	-10.569274843294988	30.55980038947766
4.376249551979835	-0.8987773354055533	26.033132738423372
6.6189817537780415	-11.235681022328434	24.919490990533916
0.5694158575971418	-1.1726648532070487	23.47706332620513
-9.753246890043043	-10.659282209747719	20.111872615199495
4.249849706009518	7.10304200655084	39.48794380289594
1.5927672188492379	-10.868267606610605	11.905269760815756
7.389703855204973	0.09924376203124063	30.017769437578597
-6.865584758562266	4.542217348110038	22.51839380150963
-4.891206656136467	-4.845182308422318	22.39023425718483
0.06825688744737624	-10.871283911979859	19.408659818595492
10.63912513745908	-10.611484345264426	18.27634619906815
-0.8458855137501131	8.522376420703402	19.491788220349775
-7.695904687084178	13.594023215960991	17.125461103755523
4.920216721055815	-5.133449503950878	18.70885876656638
5.843551999174197	5.307005526861198	26.983662528703444
-6.463534259421308	11.564342626613325	35.04627990796638
11.95483670937481	11.825622009007969	22.587028408239895
-5.179156669225151	-7.713645961960585	13.429220470477079
-2.3222166958665005	-10.595845953333043	45.60066566216929
-7.82112518660714	-9.729234335197603	20.91642367526088
10.677780868466717	1.9250023146168944	35.99446082274389
7.328552627686314	4.782571057797183	18.796392500217657
-8.46742811628192	-19.442538840411817	28.5953414993784
-18.92936768475139	2.531476376395794	11.448832054836735
14.171463922112967	-6.403323158715892	18.304831680147423
0.993930478418174	-22.65631251984395	20.584530876810998
10.290588373481214	1.163039724609618	28.442725716094387
19.561333964037647	10.376549859810805	29.48546567807418
8.298637050578678	5.1417766797994835	34.9353388054198
-1.0119725349663062	0.2880474821378022	40.180200422015425
-2.1881670082684246	7.341112139259765	30.24861077727148
-11.923665342253095	-9.872533432623667	25.90136233463122
-23.210917743418893	4.385694362179205	46.530288811652945
4.837039378095706	-11.711091154544377	40.10686233754775
-6.97348035818656	-2.1688764535530836	21.06010166312369
-12.831443226912002	-5.985159466580097	39.85754420844769
0.9915178794587015	8.91814653387478	41.8443982771904
13.12708031639347	0.28475240772084137	26.60116254800987
-18.12111395352034	-2.6022654738760242	40.90650004751839
-0.4501589362834638	-8.891911514138036	37.804024827266176
0.3698330506029101	12.52165705426451	21.38573051506299
1.2330609743933842	-17.870057773086806	22.53349029192539
-14.713653746148337	-4.088484266117567	43.04901231912034
6.594556610783764	-19.662506009370674	25.59733296624235
12.330719785836418	-9.345022218109477	34.975891314609925
10.701212939943689	-4.541318061088178	40.75595420233259
7.920210202691694	15.142729366117255	38.799606567237404
-10.190502787174761	-13.454350956388705	29.363764321062405
1.701157707238041	3.091117529893607	28.076142765415273
-8.429496174177915	-4.8425883349629775	22.93375242397799
-7.482638237057952	25.51692744050758	23.181647804500855
-4.067591660527816	14.998385611537374	21.266691751545046
15.693528109897525	-1.0091744440861299	30.923944156860912
-3.2043931085179445	7.65054026741805	20.62354626741748
8.965473522060867	0.5531777219351317	29.712998824460566
-8.214376909739334	-6.825432111984645	30.505511793901626
0.8449072447129036	0.21724877516263946	29.10784178560616
4.399125937167478	5.918118272528719	20.73369977819813
-7.231596570869893	-6.586679415299934	34.71989594225733
12.710968809481917	13.440003945438093	31.95294309159236
-1.8021044902874996	4.964096418918999	30.644724318737666
-6.509431843451297	-5.679165360348435	40.68362242925466
0.9985666340328964	0.1626858082606035	23.843058940586175
-9.892357931861234	-2.6572642177960635	30.568976510609804
-3.0645010163997934	4.447470822951914	4.861859086750336
8.887035687300656	1.1269218095069569	7.313612975564634
4.958390583133026	8.02498470455573	32.46223859898174
-6.99002509732913	2.7560578931701905	39.22802967195466
0.32665719593448245	15.774528991257027	36.70661084761376
-7.709596742570138	3.5462212640636315	28.958042313668678
-8.640759465306765	15.40183562614699	-0.844774257376887
-4.709001801569586	2.5686092859780785	26.584369509580142
9.61285915182677	-9.476292051566645	21.04548736850898
4.440169176301729	1.153111821594791	37.310171403966926
1.389213093046249	8.145913272158538	37.01545979112072
12.873287630947676	-8.248185137540807	35.371431601271524
0.5916580872168921	9.126651094542538	39.27876909403852
10.310785233770225	19.718570715499546	29.936637582828602
2.776103033567756	1.1095367087142043	39.60216589105238
31.339735404576345	12.573167633940658	27.637493314729216
4.074749352735026	-13.055027494374155	35.86448615203445
-8.725390984477107	-2.3922950268378216	41.78496138877695
2.7864879370291282	-1.860676213523735	15.645795667661531
-5.6403774080255555	-0.6194741410338698	36.0285380079595
8.289042758845426	-6.750107694069715	30.09518700408709
-9.598009660836333	-2.5716234444663284	15.787147524855065
-8.83584594343541	3.525921112845895	19.310423318442865
15.194557490769544	-11.05729473207171	23.95892202359981
8.040210663532921	-6.8224338756614	24.908818831247515
-1.335994623010555	6.722394633913964	30.908859350027274
8.870130741701502	-9.176722200543912	31.908043358268486
4.552751326600975	-2.969835939687324	16.9172986289071
9.202795670254355	7.515618253549901	4.3312120136143974
-2.8360176946329236	3.413092220011328	33.975637151772844
-0.23071302548483083	-7.661013398091301	44.59098242352505
11.955624276931498	1.454521408644651	13.383012315439974
-6.04965724483118	-11.012441391699612	15.917741989254125
-11.308478098683443	-10.195807556680048	23.46366142633211
5.166723038247331	0.7391893920846324	14.808679386305506
2.839205055784761	-2.7797215235529125	36.79154260704569
14.571556411728926	-6.029681293252437	17.267528755448666
-13.157377455876896	9.39251395865045	38.256088447555676
8.196865991168247	3.3738142755371454	16.782751006563757
-2.2890573242736125	6.270791912073625	29.087955222028413
-2.603540617211447	11.358115336214142	17.623129535333007
-2.8089866960556154	-1.983460608262907	32.00908934859637
1.0848851160921111	-9.731974523591164	15.3155936759657
-4.124463092280623	-12.930695931924209	54.12813884896396
10.78035534275636	1.3070031132077573	33.51850245752283
5.887974799837673	5.686774184481502	44.88079368808377
7.872615712871367	7.141449878061835	26.238583112069918
10.195960800154486	9.788775157015658	27.54254157356559
23.64318465254563	-0.6387171418846407	34.76436542210657
4.848551450690907	-7.65835218441329	40.08482535124969
-26.56399216868905	-14.329367732115283	32.233708219581224
4.0930512127626715	-0.15545428667774286	31.21090779198708
-2.1749471594724152	-17.00016552096479	34.065557177343074
-1.86235366196283	-15.504237768827714	41.499271431565106
15.780022469198926	-5.884502885451008	25.328344243796106
0.9559180569816768	6.789574241471873	16.47057517441052
-15.580577071111657	2.238991956607456	23.767401286497112
6.435030057532857	8.402313413699797	28.73085279791213
9.649491359928035	-19.886562405239502	12.667336802474152
0.19266947360571576	11.099506182018628	37.743443633177904
-2.973826009722036	14.472696800486036	24.392990493774224
23.650161398889516	3.1721463669313312	33.53604731974331
4.501088591455867	-11.919007969599292	27.728086241751583
-4.025760690893707	-5.800635948591958	49.218579859716954
-2.376421376580888	-24.729142758046695	22.241844119887677
-26.798681185050356	-0.8383379497707805	45.86505625511626
2.787282238059528	17.02054609678288	29.653059348929897
3.700256855957646	0.4540636831333734	7.698556144942742
-6.362598695567602	3.455872578439576	16.879201832756166
-10.685730032093954	11.486632974303317	27.875677048309004
5.415671297922985	1.4381093945674375	14.805353696514352
-16.309003787880695	-10.745440782756319	25.830005366625766
10.507656519490432	10.039928670747964	24.156058335249917
7.8765328763800575	3.1156767338446185	43.87946484327658
-8.64929518615859	-5.625575088113418	11.196124615986651
-3.2318087619505858	4.266236096732604	27.297532311508274
18.75157388447464	-23.37505093265471	28.824025817770938
-12.400185458203595	29.30085295899516	18.929802890399802
4.524768373236185	-5.882960040897041	18.38112793089173
-5.92733379602021	0.5918050361709691	11.428762286390366
12.317430373828437	-2.44820514457868	6.535150250581481
-0.4519808350829698	6.088285448147324	19.711941257047066
-4.973946767944898	3.505403133296401	29.09357046295939
15.62278200031326	-6.32280377512319	38.64285739536665
8.688754606826809	8.491027293262757	40.59864126355763
8.73677133759023	13.562617206639784	36.388295280075894
2.201573487676444	-4.110629930574287	29.45837950258138
10.38625524129305	8.223113510752384	15.942302850729181
-21.85921049344335	-5.708714871409507	30.93841238271652
-17.234377079726787	-14.963280822521828	39.43457335480157
-27.690303670701223	8.46408503208173	26.71662760582469
1.9530290825672578	5.3815503780367795	38.533370210704675
6.314355855648958	5.389693253582777	15.845503231590767
-4.601085642128829	0.4686768326395796	35.13033497531898
3.0109971714772934	-1.0024239963603263	25.40965893229685
4.308489979834456	-18.187083743261955	22.644453598880887
9.357875748773317	-10.809725043349426	30.67830134418175
-18.66352365906263	5.687906783503519	19.597660007815556
-11.53463545524031	-3.4627785173452725	28.977757260038544
8.751547436438354	4.746179296579075	34.6706933894632
11.471630956000578	-16.117945672893832	7.336469559537235
-1.9103165361275798	-0.7477806846306706	39.68798961268198
8.998687278965864	-16.843920615175684	29.88583037444993
3.269184096858073	3.1965159293752263	38.63914244227044
-4.081954336492802	-10.522599016163062	28.742672931924982
8.156709301245144	-18.208477050538487	37.01875575219
21.197125111305507	-0.25920788651703763	23.840509081906546
-5.917986851163379	-9.61501044013208	29.768512157765894
17.418501001099823	10.740332379824952	33.22589215270939
-0.5133406155925812	1.866126952507948	17.237607105909035
-8.93234719990522	13.108822963403677	25.00886717496855
2.703444556952392	-13.56941819208813	25.179633616400473
7.791039186933558	-7.092082985353189	28.06315432204244
-8.845733730151785	-9.119267463245178	32.508675258726626
-10.094084783333964	-4.507643696363904	29.358118006661464
-3.5250638151001876	-0.3701626682703946	26.54802305592041
15.863637239199441	-2.322887026928541	21.7076855030519
2.835150331020187	-2.208458116469746	33.34002662761723
-16.88636985231062	18.32567900591195	31.80168989100067
14.137932585407142	-2.7866994705016563	16.857167287644074
2.5536180468172667	-7.653427860205416	25.557394848900895
2.5806703974018563	11.068170347057006	25.13068396621008
7.348662369940988	-4.231638142175186	28.68659018042406
-10.302794562391712	-3.5155975498421883	36.85518694793641
-8.615245859880144	3.952365355552436	31.32264427517834
-6.69150923100484	3.269129442837614	45.69396831822759
10.582742415364432	-8.587971213782055	35.72900707322859
5.912240352417994	2.3778377024018242	30.138548619625453
-8.135004873357403	-5.645072058342796	28.933237700960394
8.545770931018795	3.9128767612005353	49.50524248146364
3.0273297351372297	1.0795478435374004	30.58259988876249
-8.335512488841324	12.878536166818451	19.754988804463128
4.318881460508559	0.85738102859351	35.96215570280531
-14.125346424886773	-15.798241517392306	38.990241447346456
11.84861770290122	0.4395975627262303	14.821715981118775
18.470169065062088	-0.05175101265311026	21.926299430650552
2.776845004661865	16.11276463454502	28.86833832480836
9.657763205262546	-13.645560407410587	29.971727548000413
-2.8713959645459086	5.097189731116894	20.034745418960433
11.835491879008675	5.755497798147857	21.20377013064074
4.662910175564949	-19.460518124431566	1.1594016964004368
-13.08378359472654	2.5365248258264987	31.754285505875547
5.161342934548174	6.201563973751582	17.255368987851718
-6.759176640293559	-5.086122001352726	22.20846654297734
-1.689992020745087	-14.595915886221444	23.38502996588624
17.470467803283828	10.822483050526664	17.103385017279894
-17.393506532115843	8.368335638554976	32.39411664303829
-14.410364506089655	11.161369878372007	20.234486008965497
-1.3325324624640253	4.357018357261031	9.595118328198296
-14.700721429119781	-3.0439083538186384	32.50339435585544
0.4030058001338732	-5.511962964550262	25.857177630867632
4.630713156272291	0.7219809726376647	21.728062105524707
-3.3200883223644206	8.751338691445174	19.05178815413453
-13.128441370810764	-3.958321289906443	23.11431484812968
13.322719968013399	0.7053265509251848	17.82447706586356
-1.8958130522247538	-4.587607729788623	24.897728284897358
-0.3175958285281569	-3.686729287902022	37.277114469101576
17.7107988975594	-15.253476766332469	23.179457961401695
-1.5169499229057761	-16.591472751469933	29.35563843990129
-3.3219727872610645	-6.198975716104434	43.33225556832573
6.542756867893885	1.5442221340908504	31.599073630597736
-9.641119745074882	7.720290327078187	23.347560156354376
15.12638761864195	3.839033707249519	27.218560626193067
-8.028366433589957	14.156580921207276	33.316090612071555
-7.860754543051729	5.232756596961615	29.597658164093783
-6.228137459184229	-22.301039516493667	45.78525030723256
6.263331426129632	-2.846928852432749	24.33033152819229
7.245373740443048	-21.929893820941576	29.200228865769642
-1.9518145499553154	13.42341763332187	38.661235309914616
-10.522825231468005	14.877911419252117	33.16398628045793
-2.2039646859687725	-22.384092336338853	40.26979782732149
-11.977227449031648	8.896362753009956	18.15709644108845
-7.970800849353018	9.088447141747345	32.51484987516313
-6.60663692422103	-22.868339877195933	13.53972097927465
-4.554343563663342	-1.5527679983974831	38.503847200116915
10.10866137203757	-1.698402248811051	15.259740760290521
7.5752717376612715	7.496546764519509	40.693453332281365
4.427457750941027	12.136256250050995	42.41105752532838
-8.561033543266989	11.748164139870772	45.49260697633429
-1.6502690967520395	7.8953558905045265	12.819955061217875
-14.103000672513703	11.324405041270465	20.54186220418612
0.7156571963751768	6.528979914486511	39.849135343706074
-11.071594988568519	4.046185391107836	30.952656540215134
7.690907325079418	7.023844251351907	23.973026042092535
6.182835628540047	-10.359593909145055	35.70535434849447
-8.086254757897448	10.881871077795797	32.82360200100112
9.28377645916482	4.228740817854993	41.62400733401627
2.5857749890873647	-1.8385673455267955	12.058071219824534
-0.8157989397494485	10.24730536533178	26.84771959425787
3.630552648179501	-4.899608733493119	29.52435029135194
-20.02359018759554	-6.496101623068876	25.98113536186898
-17.37082132410067	-8.595069672305902	23.744065686318972
-7.2495320434146295	-10.964742876029621	35.17641503440882
-5.813581828444376	9.091113926085457	29.457247034746562
-23.43291184213093	-9.488084681076753	27.844255048354253
-11.517869615542725	-9.053228021032549	26.057136476398977
18.13746142196033	-3.9627203978788583	31.143445416365324
-3.0192065423403927	2.538332481377889	33.02933651236121
-2.673644313506442	7.900948033521393	34.64017596543825
7.172772176951901	10.126060475970045	23.510444688990006
7.343802074998011	17.89094612397253	33.810761666655004
6.745969066587637	-21.531837431658634	4.366550140679866
0.6029119487076801	-17.92382056125408	26.909821225698295
-2.1838767732431115	-1.7559504756355657	26.021579167214252
-2.7271310333405863	6.407238001623571	12.243840662936105
9.302765206596659	-3.230280092909168	40.23480523246057
-8.04550056958729	-12.033838778944734	40.83096229949148
-10.989798260680328	-6.090348584752144	36.60628566426547
-0.7170412468276354	-4.88883367413653	7.464861273289635
0.3150336289193709	-2.445862112178374	31.519616274116483
9.141121340298842	-6.349016188691387	22.631187097759614
-15.683757647510987	-8.5079910199868	31.006904378971075
-4.8169892621149	-4.353530961458269	33.38431120965433
8.478041272018164	9.344632982445598	23.511055345814064
10.613179501285845	0.07967165237257648	27.55113876936196
10.542287321533179	7.022842800664893	17.187615940463438
6.757467938999734	5.380972045781807	29.238465583834834
7.65565936550505	-0.416143524397454	33.642680157982696
-4.835925746086639	-23.664116461982818	16.308289465866395
1.1029331178251358	-4.524460166205905	22.983729051121532
-7.085196857234689	12.581567859047134	11.42945240912772
1.4921408051029916	2.3923551037267874	44.37433418140386
24.691845522025968	7.7290501584230675	8.721176342823384
2.7782439568086152	-1.410626724103622	27.43815215495606
-10.724326735809573	10.3474495252043	22.810438473866814
-0.07150956447528238	18.72245046716087	35.60997796438325
10.951220949663211	3.7140974436556657	20.723215454355383
-7.344707572628931	3.3489589212582778	13.664900921392782
-8.97569200088988	9.964118220824746	19.968373880518932
6.811679975740484	6.32214173528456	30.63208414869264
-1.061056734900381	11.119963310690114	22.158811626849253
-8.283767189126083	-8.736471293751736	16.30525093633778
0.675240762817688	8.80934870072143	50.29932794658088
-5.723169023060327	-17.713756190032836	27.16334981993215
-0.8946592589207449	-12.768463795098056	8.38517132197515
4.830047633831638	-7.292993425533111	22.25094210847677
-2.8980945328337877	9.652546986681287	13.936153091117015
-4.630211138904717	-3.6028388130671085	8.293208956360019
23.548217043735136	-11.333407973366786	26.760630323517383
-7.739529700376288	-0.021719649294689555	31.86919851383584
4.8786303338746375	11.88660115875013	34.77081838473697
-7.662313801188553	4.146925605216383	51.69180275023178
-5.893599655505339	0.5242288664741108	12.224119110914268
14.908025743861703	2.320911287931669	17.916745476257887
-4.126382248126566	-2.5457578156806218	35.39295192804138
-20.860714902227073	-8.582439902346962	16.105859232390273
12.853584794041383	-2.882182715150842	31.462857481708514
-1.607246888974623	19.11891296447716	9.420712402362682
-4.818844197431999	-2.499584104561132	20.849252981008522
-2.987824995783934	-6.723281215415384	14.400499597110299
7.821443254982819	-6.457325931977103	25.74440957378536
2.550249150112104	1.3608124794550398	42.55510673897749
-5.286729264945674	3.600331912633687	24.164199394482065
19.27296368068106	0.7888781926945752	33.018588502502865
0.9279387740669602	8.613179765947464	33.547334373416774
-21.474155102830373	7.947182482813831	25.64437773202767
-1.0919054591712674	-3.3905459385053813	21.33109218967138
0.1903071941806418	1.3181719403348788	44.34661961839279
10.641658338848458	-5.639448544565438	27.718374659932607
-14.057562426194533	14.256010308392145	31.71055474105847
-12.695269267393543	-19.327768636702178	28.561790062827157
1.058560283454051	4.439219969893668	27.516587086937765
-0.361533186713929	11.872942283154003	18.024172457374213
6.207798329718371	-9.252945427014051	22.26267709360886
5.320506930262131	-19.684200795799452	33.895182717747325
4.3849618183513375	-14.23177146183954	25.080499363168332
-12.449916356902202	-5.02917036888549	26.866228778270706
-17.779265815582555	-14.441159080029045	32.48478999879448
-7.74049006085484	-8.105735659608918	26.87416351133351
-2.5029850490741268	6.792147385895575	26.095271882162915
-5.984874434779368	-16.496679231668217	23.99641826264844
8.61125150821805	4.3719068127940925	22.045044026530185
8.97110644567254	3.7559593115408996	27.918139461660495
-10.21339902361145	-8.742641834309254	32.685038749649884
-1.3277669343328378	8.54234676016669	16.341143057528278
2.2308514784754423	-11.734303662390724	47.325520023111466
-2.4464326966152177	2.8710067183423833	30.698030605272937
-6.660833320794061	7.488019840087298	33.38177044621173
5.407010054842337	7.856426647607789	30.49772820751149
0.6065645441862696	-8.064187744255092	17.186976154070805
16.298929458517417	9.79295539224392	8.30934533263271
2.0960002896238077	2.9952756777993406	24.11399276605946
-8.996884516842613	-7.206604312862534	26.62567750564412
-20.73790179911407	18.539500114527527	13.036311063078895
3.1964118420179184	1.827183430472196	28.222001035125995
21.215463328556297	-7.101381256764477	33.14020830905605
-16.727891362954047	14.031133333657666	42.311895156522034
7.077427163124369	4.452801451608154	41.52939061482812
-19.105317354809863	-15.88047485756531	31.675111007163018
-3.142261539840685	9.557406350066856	24.536613847547798
-10.013563756393092	-9.76956941196664	32.11890942967866
13.326585462553242	-17.574720023817918	14.60194185679536
-7.458613224039013	2.404022690378712	5.464672760590325
-3.939545164776212	3.0297144717012285	12.324982960337653
-6.42851530051462	-5.8099579663645	37.75586833936728
16.383553845590868	-5.671661676767173	17.303477943646648
-5.69927241157245	-5.346762828760863	32.96808468700554
-2.4447926915301212	-16.93258014153986	30.742069961274456
2.3497893199348385	-8.008344558451585	15.664186171136915
-2.7773915105570763	-15.230671273308513	36.69724354680863
3.7736406813628287	-7.623186123204436	25.415186010743458
-0.47986134927436086	-12.257235012673938	14.824407518053397
-0.6091015969326368	3.218935003157906	29.42926764600975
-22.02521642194536	-5.76468866729602	18.30326565348331
-14.993204955260115	2.7806491171721777	21.402110354967004
-20.321532170927785	5.590541285136352	41.7454432517778
-7.341787752011299	-29.990858370088617	37.05383328187631
5.872934043068393	-3.4699041006701528	25.368276526301514
15.558246265579893	10.378347696659397	28.105702122016815
-8.940732066784848	-17.130918929777042	33.9850697026457
15.999754139612627	10.596715740444242	0.9349239955199913
7.509411684902323	-0.5705177894964342	10.44291454009311
12.39997525916043	-4.883387925047303	31.42424386323694
-6.281724596824429	-7.273500759391456	26.855127509657972
3.7012057255468918	-4.107810543111283	28.28747620090052
7.285386420044146	-13.244831642012805	29.58203681085932
10.613199559468747	4.402856320154714	30.551061285621525
-13.812745424021262	-11.45649047878651	25.534170135133962
-4.603777221420396	-7.366293405343959	24.58381244378038
-5.68312304905326	-26.432475643100844	43.705335664202345
9.498964637387239	5.29763044087713	22.33444498229343
5.928959632792425	-3.4436799801851676	39.60399403727399
-10.054477773977615	23.26557779952236	14.427845626285011
10.79538864541707	0.8551686700991352	23.577562022522766
-0.474908395125693	12.96526374530645	22.000087198896694
-10.358110123342932	11.030904653651598	36.130613833146334
4.037884593282583	10.125754657850754	7.59822905096846
10.508223703078237	-1.7247093502246493	20.66197620325471
7.741007633761058	-10.289718557899633	29.571601088106828
-0.3856906207677767	7.658995289553142	24.989861023475353
-14.408954731729782	-12.032942414285358	24.01260660298843
-14.741477378483008	-5.246062799010289	34.81882105226682
-13.931532758155672	1.030696146225745	36.93552266846473
-15.48417855357567	-10.545617493471678	18.01243656949407
1.6832532658228094	-4.124339998518581	39.71293209854757
10.715934169985662	2.8555610350587046	15.755064916074677
-7.452409292740932	-5.425569013776426	28.353758532358373
4.193409009712056	-12.73019342086618	16.130364258892897
4.029897805381734	-17.898106731083978	49.13210009536263
9.255212816087097	-3.608343772306153	19.504608265325977
-8.59189404019516	-7.923022694035609	32.33809057841518
2.2263693206508672	-6.295008444356224	37.515726266856696
-4.202557114821316	-4.9061228949397275	39.10793585159281
8.658559729122747	-2.2102641417175657	26.79078162399153
-4.111768081264154	-2.95933620261657	33.40209731161799
-0.18139231965600683	27.870459460458346	39.847124956149955
2.909284295446763	10.638001828462212	12.600181947615866
1.3148769860853666	-3.460228732463167	24.847545932781706
-10.478359534742363	-5.535847126201863	44.47195117127539
-4.053086374019189	15.414826289667403	10.811103931960083
-14.474457388259568	3.1492690142560686	21.049177424011972
-11.303228317374025	-1.6621042090840077	35.79597490442717
6.035518847898923	5.911052166549702	36.65387650247848
15.410418682071775	-1.6227606090574924	27.884591328156937
2.0183494886294504	10.836738081145842	20.474082415196158
-1.9573391629907453	-20.455684885327994	23.383679826775733
20.128844619589344	9.073662099549967	33.712618257178285
1.3676997602703715	14.799483486371834	27.610478990641145
8.808977438410135	-6.918599107334064	19.224674347322754
-4.581432915383943	-2.256331576494878	37.45327327663886
0.7480552705054861	-0.40612180185034297	29.218002349365747
-12.114551377345425	5.210032991014275	11.786760860580909
-17.98960462489685	2.0671643733293306	13.715305966966762
7.422943985343666	-9.253596620623744	16.286461255160898
-5.110020371801656	-10.851478602622706	18.451271813010468
-6.04895025202295	12.860499779254459	33.05751793022935
5.609543948067239	-6.831632475661875	31.725750836165467
-6.754866052143582	-2.9933841744167333	20.576904286305677
11.866598947932905	22.68977302008686	40.80569085307377
0.3081723180249195	-9.551386196966973	27.424459012817696
20.480001231209812	-2.5037635740014084	3.0744663196925153
7.587867337669483	-0.7861422629223689	36.904627411638366
-12.525607083036459	21.473248496739433	32.899898701123654
-0.0004402304220311275	6.384125057237442	28.898783206620678
-3.1120249904764075	-12.603824030677517	35.878252758992474
2.853383391691276	1.3454550765084397	29.66029893724101
2.5433819967621125	11.94618308834658	32.828671448808635
-14.729147367792264	-2.7015869964945516	32.66005347022457
7.088342041387784	8.530983190132957	26.896761258294163
5.730097111544211	3.392765936495004	23.933730145515906
-4.405684122559997	-1.8983055116415581	16.977353576762553
-0.13557330294053146	4.013583396648757	21.491036844987644
14.809358790791078	-13.699829514201067	34.02160488475559
18.780525913953536	-8.31860402644041	40.14491569302649
0.9451980573491447	-21.588226657857415	30.773915264611258
-5.336428953931777	3.8876555819145753	35.08236588250453
5.63987978645284	-10.852171984518392	41.793056148976106
-0.9278168367397599	-1.7316089697999428	26.16123350591011
-8.023498347732959	-18.370505666139955	47.20487780186093
-0.7100836228480709	-13.263279774000585	30.734409961488755
-8.995362293447016	-14.959263087374588	33.128854442992015
-15.518387895909022	-8.547446909282371	35.04732166651145
-10.36930282750041	4.1708270032344	19.07675997352521
9.236943710077249	3.347797168808829	29.649425219193397
9.613373085448439	6.8550654773595	21.926066695818818
2.3349512283357794	-11.72843549737248	25.818676342302517
4.688782800584582	10.698639965219597	26.130679793953842
7.467770227696249	-13.415491732684586	25.75513619596422
17.11308749358323	8.9057387675431	34.6297778797615
-2.382094671301656	-5.894650209902103	33.670503308565095
-10.577961559340533	13.969000021725568	38.46301312214089
2.4860617393417095	-6.94520768429277	25.96582955074849
-23.590943191616404	33.98992539058872	28.42026856666122
0.8259842039494634	3.8681487099399487	20.43774027843011
-10.799806448134584	-4.428694577633721	26.859616606561705
11.997249284575076	-7.379215255135695	35.09339964148828
-3.096234210053192	-24.006823019737165	25.33262025668318
1.9030925604456943	-5.395130795669961	8.304358435531938
9.791675348527937	16.806750414991658	13.373114356516766
-8.896110645749536	-1.6041961800084952	35.639722215353146
26.05868254415558	-4.745118300802524	35.29087989297667
-4.622477739478293	-26.60479834224575	27.85914248561429
10.7598424643707	-8.608894214977923	18.459164310384487
-1.658680233018108	-15.017783513791587	43.37503327056888
19.182904116329542	-2.9681082812234254	23.144010145513597
9.913140486780867	-2.8826374530505845	22.9768001780677
1.949152688023171	-7.561295657928353	26.994559326160392
13.823647901768792	-1.7421520326442224	40.070035409264676
-9.47821698889767	7.818973221614788	28.705863948524
-1.7345797100082794	9.530730266695516	31.338282985419557
-3.5713778621436143	15.177333227199309	31.40383142548086
4.430678475652298	-11.516868336247763	11.021213264250637
-12.108653651734166	1.0334320461443516	25.733064221151317
0.5967377504445792	1.812760900169679	20.23268817389073
2.6563076888930426	19.983947806776612	23.664591347153724
-13.758098277938213	10.128803353501812	25.425473694576663
15.789207921761895	19.731712451829175	27.27185197839123
-6.375146434755318	11.699109788633905	28.67558888739946
10.312215519687163	-5.066127763857661	24.51904112184748
-5.231918548842853	9.807719866193338	36.852401507489674
12.04326044783933	14.6430271385148	28.9919027269228
2.978514873940654	4.001459664003872	33.22610967057667
-27.396351669442687	6.55702289224029	41.833396681213735
5.316661132687621	-12.425373491197774	18.438989343121555
10.677076208316706	-1.8612154887242478	35.08863131162768
3.259147949893633	-5.2335625768186755	21.207819796662136
4.555866005014572	-4.452064761776278	24.041590074296646
-5.60603894071771	-3.8805485264702106	32.21788179694682
4.391766161360619	17.207988418887407	34.91794669141427
-8.636832704568658	10.028857147860625	33.48073152435007
7.4576672637248755	1.117917363512961	16.615278790290187
-2.336079299520449	-5.8114483797249274	21.86596689356226
1.424192277837306	5.009710589917696	35.64415113509867
14.941276586788133	-7.606261231140653	29.59963264472489
-21.708945157364173	10.011635619659762	24.678241110123633
1.2963354086757672	-13.413203235686444	26.177954351222528
-21.50045403574544	4.0729651422100694	44.56383116052996
-3.663033057914034	-5.365625822492995	35.91092129381942
8.144286432817648	-6.418309990597679	22.578023627888026
2.7994773491003313	-8.840265513494508	29.736047337047243
-3.7172825995910412	5.117090015488505	19.044144105055626
3.1903390798522073	8.749929831108403	27.58003824971622
-18.48214908097357	4.906531107388271	38.32020095439478
-10.11561779882098	1.1601864727845912	19.17088792699571
-1.3414913577761391	-5.678829490935198	17.934746004276796
-1.0879146513119953	23.204380727325624	45.08165654223355
13.945119116000983	-4.169443424043588	37.1229777636793
-24.499574001919683	-22.049021870993784	29.304131330278466
-4.4293202318671545	-1.2940040469256582	30.864774621370024
-7.028427220366518	5.769119695596285	44.09548869943363
8.7416546752252	11.323807509429493	27.74899932841845
9.379319662169284	2.9887826018172885	32.52423707208247
-11.588498720152916	2.309052407465634	20.34222330883898
-8.970131860281631	-20.128317353570587	37.80784497684677
-9.094600621587404	8.31118740109628	20.323506332161955
-0.46188368739077273	5.363894650735133	33.633405062375324
-6.798569885452053	-3.1580437281078586	29.88054890359808
-6.6820480142057725	8.636100367751867	37.929989273520874
-23.65527008904859	-8.312556219627847	37.308700593960765
10.123509155111773	-9.929558630388582	47.67073414918195
-4.396572521505993	0.15652283670273479	16.061303913491237
-9.604680078573676	-3.5939516813934484	18.187738973252095
8.412224777810449	-0.5853600433836367	26.12878832112868
2.1062136299660352	-5.583466108576176	16.65930982472856
-5.322203413886724	7.307179003638003	22.586208341315896
14.130506586558889	2.1750013934897523	19.699084248649115
-1.0223549022847023	-2.6818118797598838	29.38627645731659
1.6415031643265325	16.368724148847388	16.14629646832077
-10.126867183146256	-0.13460186156425635	37.196643875883964
2.9104431114424623	1.0105569455149612	30.89018316708048
4.878697314200341	0.28838481764804036	19.468068277232206
-7.92890927977166	1.380869775203911	8.071503881070992
-11.569022728636956	8.700625892006737	39.294454615968625
2.3633785181213747	-0.6917790935083273	24.617520737985874
1.873412558928183	10.077127633787295	36.3598147178735
-1.831255735810112	5.837284155545968	17.583351456305557
31.62926058153593	1.7759961839525467	23.158521740991304
11.266540768913721	17.027721098334638	45.4358116945521
10.213594496328444	-3.307922650278668	28.672107731968964
2.699085945999993	-2.816182951728394	36.1241354993246
7.590081051112392	-0.8057148657926987	9.281102333258826
-22.863766922394436	1.228784687421952	29.106097635340745
6.913923063269013	-5.424864381590806	54.82442623807165
-10.111116045568927	1.0595330967870151	29.46925529939217
-3.8167413538338444	-3.6012340168069903	18.372183839140682
13.33924433829307	1.584074579881215	30.839374381760944
8.073820911530197	-4.418479973142474	45.632616622909836
-13.867324599806528	3.847511254314899	29.52573678286211
1.9124228169402886	-13.963583639117545	39.20762316014062
6.703506863525987	-5.378442370994385	37.64627298056617
4.673548420534667	-21.388427624476233	36.29102169792792
3.803968955808163	9.751690663561112	25.1689612838097
2.41916213932895	-10.324403476664957	12.622412861815135
2.0976844971129287	-8.055920378672987	18.405925564073215
-1.8357361318076704	0.6021438472824286	20.687094821645516
21.176306751893705	-6.037455322748244	30.23076156239442
7.538198263598037	-5.92871388048297	19.791516749427686
-3.6789774311551944	7.130408543594886	44.693520923106036
-8.992706405087942	4.253206240397924	20.707007592673545
13.372257650751012	1.3470842234520566	18.962691993955097
-2.32726254034519	-9.401284679820291	40.321530545487555
6.760933240114979	-5.040961288654513	31.318056919098723
0.7091080462307247	12.840077035506901	26.781912506956626
-20.742001895925295	12.162219967303852	17.255407047604486
-0.5539406156141459	-16.246865932170806	36.192512861260745
3.8288975231887914	-1.653333760853638	32.88074210067503
13.43577936821035	-4.433529577409601	33.141162409789565
6.163541849540513	4.813483577334374	22.546303331305342
-1.2502032920763215	12.232196851529231	28.43882945831288
-9.850825280993693	-1.3902626757130698	32.58520048098241
5.046865594015769	9.910292302530072	29.810659355173595
1.1223215379242526	-6.6799125563089685	36.79920170338302
2.405078973320209	3.556523241338428	14.892072354114465
6.614991226885694	10.270671521964028	33.31201935378071
4.271393260381052	-10.653360204469209	31.34222014321337
5.33856662691991	-15.230644664682947	34.29501428620714
-13.471563808007634	10.865967734753774	27.703106885764363
1.516109157958884	-6.929769209864767	35.02975417560694
2.6005539121153687	12.022178686369138	32.24011763763218
10.945009954169258	-1.3474997892693874	32.6746526623578
-8.715274144764313	5.917038573656228	29.243034571551213
-11.147650865798653	2.5013389380888817	35.12867910599976
0.13865940900820367	8.182450584633113	15.623869127146946
6.1973010867835505	1.957282183982165	35.802797300218266
16.538670477797652	1.3456049584232859	32.87290476890355
5.642349750829208	-15.412112598130982	22.315474899884926
-5.205264309962231	10.437533867261381	43.19742327611813
14.177306024598806	13.466331604034574	21.245241024019865
4.950749131037978	-11.482973408985062	33.97582639912491
-5.684243825431874	3.6118432477916977	33.089229429184336
1.1624241322881799	-4.5720744692349955	40.64614060670366
-3.789851256671648	-0.8101178392134483	33.19867392552923
-1.4958133390976436	-2.008595863085335	29.84251131894743
12.412592041434326	-5.893632581100836	34.82714931126512
1.1603806054797676	4.271390298574552	29.7202589777562
2.994519358480887	-5.450347936631008	19.21834180811924
6.63640429356532	2.4969418630541846	35.490046590024654
6.79173907251908	-14.68385238051384	34.6611582786336
-0.9122556956094164	1.1824360534324787	26.237972560461476
-3.949387999999263	-7.690267012331425	25.935858385048217
10.622190251908068	7.23820865197383	20.208351232621634
-14.37340787443937	-3.464327863050083	29.418549606060985
11.069335189030486	-0.41524078474311477	16.122301954521657
-7.620349320938381	-1.234826453937862	25.509159323561775
-17.59366238226085	-12.868529303778967	32.07106108226601
-6.242944152673005	1.6638355573431427	32.85604892576891
0.6577858290100589	-3.517823796732424	8.622230385701815
6.865732272038841	13.19023959354492	36.367581465965245
8.20188639997395	-6.238092838998327	34.7300269392631
1.400784749427297	-2.576162174736009	33.955946348800424
8.613182594540753	-11.207714814622245	21.37176397662429
-6.325989122276159	12.045827319886982	15.997886755882641
-10.89579407205795	14.740164569088963	23.36901671900734
6.7574334029968295	-9.545351077552365	29.547935447739572
11.735099129056493	-2.3167990405822056	33.194073246883136
6.270332040327436	18.678496336240904	29.251243776595764
-5.593746025993523	-4.4697479208380875	39.92254931192418
-0.75799916075341	-8.686518341354246	34.21119506393032
-15.786486326497503	13.826022344776018	20.43889325734277
2.6094086979105042	-13.074060809881837	24.401017096685035
-3.9396963815956902	2.7960613992012657	27.777806567196777
10.497365220327916	7.95744055275512	26.688799004983423
-4.5574529551023355	-14.06405633760053	29.38820327601313
-21.19153856212437	2.03635969772498	31.097294000205444
-1.4344633655691321	7.273154782621308	26.483582337352132
11.51430007664671	0.79484754175915	24.401435384631746
-5.0313254418819024	0.07212634569366579	21.28469723288561
-1.8493766623710366	5.149905768552915	41.021986186209695
-0.9533091132013398	-1.053885671258723	19.78156771633641
-5.660061281377749	-5.417029978305527	10.758776301789897
-1.9605334000689645	8.401699412180484	31.773869642699264
13.171868192578845	-9.199763839121003	38.62116483086895
8.278202875151221	7.427871077059479	22.296165281554583
19.842543703688097	-13.581335325936926	47.50116074464732
1.849729567725101	4.240340297565163	28.792759484785098
5.70598130315561	-9.96234919055523	43.856251499776945
-9.871406230863979	12.11797073213476	22.313910846933645
9.502471660307796	-6.46023029582402	35.083658405835685
-5.138433459511482	-4.98222351541646	30.754688883194127
4.904034401064843	-10.632600841388518	20.452106290203957
0.11955853848181647	2.6647025421362915	15.230990079612049
3.5612350391158536	-9.257365645765226	28.82217082764455
11.921295188482912	10.846461069072982	23.247520593117272
3.8214196090057517	-2.0490742254580603	26.29637573476988
11.476242136139847	-11.625945849786397	29.384426150687673
-15.097057432213074	11.48748981899386	20.183909052971302
8.769552847713099	10.37337710098683	24.42702473027154
-15.628502019648312	12.147595549025406	45.050527522143554
2.817969053194225	-3.5982592214806646	43.728380699625
3.007159182835393	2.477180172227953	31.191904705722422
7.909574387620172	-8.78465840463981	39.99990465449173
-0.8320239682888768	18.255869574447424	11.330084200390381
26.748874555916316	-6.443848116948435	15.691907050496877
9.170774716462214	3.63225525072342	35.44076771477579
15.323338080055466	-6.098112389116808	11.407661628142126
2.139945032461435	4.5882948478436845	24.18765666604461
-5.221105608976946	13.03204756830905	46.118806665717514
21.064364246021317	-16.20296467926768	29.952042787455838
4.969971781076385	12.944222245611222	30.193804084180066
9.295139663425816	6.083180030699133	36.50859941873373
5.29856747060622	-0.5150385994272447	31.344337826444896
-19.501152833967254	-7.674460103785442	40.96598621280119
5.786130502748956	-12.090129520142076	31.571082533063958
-13.965204247459226	4.585061730025358	-0.8548037413322014
10.77717321980902	-6.228407419854392	46.0684049002353
3.1415158555067935	15.006889853592655	41.50227354591871
4.64985714627541	4.97911296571195	27.530742500662996
4.095585474304736	-1.131469856507338	21.92001235799914
4.887467544670224	-12.25098803947327	36.45310313669729
-3.631200031114223	12.83198564074253	31.544118915261183
1.7919801915523021	14.017882008248463	31.290010418961188
-13.985563686328026	-2.9119910166419762	18.51293365296401
-12.40624834315533	-33.680677305771255	43.216862055509395
-5.889910945099213	20.391752568842193	23.641933019237754
-12.02456418255393	0.4035137221453129	7.514202655891051
0.5455215974873452	-9.62009638144991	21.547857338884462
12.59955803582395	-7.685936940449429	17.342942580760344
-3.0884350116754917	19.667220400842076	22.600659180399415
0.8938598794032231	-9.407536026278077	17.650848544572767
20.25369872236785	-17.021715733137015	24.01177352959049
13.93329698387185	6.023657200621218	26.9886405818057
4.204697095178094	-7.800777683781947	45.43520910383309
-10.372600653786552	3.7875578650180026	28.54183489557383
-6.809290382937708	13.534298496877055	27.582026073288525
14.26714967057302	4.709444918922067	29.521547448724412
-11.44945714284302	6.384068226099139	17.303286974858878
4.264657924500134	5.600351837680682	34.480364795990916
-10.124679938348697	-3.7209057632391263	31.799974493951154
1.296170943024436	-13.084616743194639	35.99223006423513
-8.325884436946675	-5.854400109078438	20.55787519622213
-4.684664800184501	18.663833227089	29.80655880727503
0.017806322645645547	-1.475281703955732	33.58081420994971
-16.586820110377445	-7.541149612771552	24.814029756728868
-1.7094001693808671	8.396615676756195	36.54119078969892
-1.0133092379297652	13.380831911821403	33.8249615761949
-1.6408906734600028	-4.7995345648366	20.684096034713395
-14.52219882234613	-21.170536234735312	30.718586763482904
15.461729482993851	-0.004152794204246097	20.750001462089145
-1.582454073563174	6.239641586323646	41.80535210613686
-8.959594367338214	12.6652626482415	42.793406648863254
-9.123506547687557	5.114835930258587	37.63406268632923
-0.9981234745154768	2.9363292090965594	26.45936786795746
-0.7265397013168222	-27.67163023087447	39.5179413335384
16.42341129572088	10.538187656365078	14.102592282351988
1.1082544760193083	6.980243643759435	19.33568471844891
5.4901783212560415	2.005172556160226	40.14525953467483
-8.666232532401581	-3.8728723472206323	0.6692778106857062
-10.194943598577835	-10.701254568246188	38.82235872160007
1.4401138175226882	-22.45077516774991	27.720444552378925
-15.054960106896	15.756656962024993	34.004555450988626
3.382151158012951	8.505975052240078	17.1815350613207
-2.0889904707140277	-2.0943152691529003	34.3141243259023
2.7200960014453823	-4.694919161522594	30.193838073855375
9.488880205033958	-0.9142093673828878	36.25594558628722
-6.960271871027508	3.9110038772443216	38.799693431884414
-9.518029840954608	3.8995888437946173	46.82215046408767
15.895941875821197	-9.419564623677136	7.174049119770544
-5.230806052821837	6.924046624838674	21.957563438003117
1.056168619365405	-4.222189462137286	33.54222753775124
-11.19889100339613	4.800114421152701	30.846357975999624
-11.341327043813935	2.4747426459796307	32.30425832615239
-10.313926689341027	9.44170958955909	22.30008937179526
2.1643079519846764	-6.612318718197767	33.147885092116425
11.056420801668834	-0.8037378530708479	31.90988262123802
17.510975348010916	-9.489275726666186	16.688031444193115
-4.7765738492423235	-10.36927812614923	20.590492962206568
4.102849363428896	16.877281632074016	31.878952541793186
12.518742913197958	6.497508174904123	26.095004336999935
-1.4953357167618666	4.7844410278331235	38.08367765768438
-6.770545251507517	-4.4678186900550045	36.20746753587301
1.2464726829757073	-3.185111920188062	28.85411918023094
-8.920352157886466	13.428595988387997	35.033778465122474
-12.083473396943434	10.639023733193094	26.39384372384182
5.274279989429459	-19.055293099506912	35.97326405025106
-11.538201545525018	8.258217317275536	38.22265026301238
-23.796221705776542	5.9723456698640724	46.56232865095053
31.046908898650084	4.481378018603531	24.717099201511807
-4.11829551130701	-9.286185288990481	25.178766991596653
7.387544838203365	-22.55188098082182	21.79974297137946
-1.7774183763931424	14.538861085899352	29.966691036165553
-4.071282614232096	-1.4509884817149008	29.942625831334713
-7.490036628958713	10.666811651692987	16.653331240042256
15.943976608339517	4.068909452923312	22.561304774917897
1.6528739908244896	7.539800140808637	20.24192575533035
-10.590151002414379	-5.32711530103656	-5.690439457506109
-11.291924121731423	4.347338091420273	31.185295008399063
3.3087812336199525	1.5960608077568366	14.706384323067134
-10.546607467333352	2.9563365667893864	28.800484255388003
0.10473951140228539	-21.561360374164508	26.5350833586331
-18.450405108162986	-9.749634798855602	17.119132452208056
0.42849175869822786	16.365505715825584	12.243125037733098
2.7894314158758204	0.02722514657882167	29.947918293706277
6.177794880627828	17.67790192061816	35.38774032585946
-10.522784714935508	2.5328381622324843	37.275151650188754
-1.9059522635188264	-13.552363332017329	35.60836322626708
-5.578679740995146	9.808445469636581	24.708568556866396
2.4982496927827906	1.6408636448708958	20.275206980227757
-16.060956672927045	-20.453222760290053	41.197538320298854
0.07204047934932803	-1.641960273555196	39.974185900677924
8.495360443509572	1.162262153291265	36.05986006807952
-15.255451398521833	12.681286485934763	42.146693616268394
8.264836550229584	-10.827432874060989	36.75328204698583
14.772750514878583	2.978744715794856	34.10337036850699
0.19197257342808854	10.910326790707142	26.631222869850152
-12.983824567013176	14.075642194048498	27.877210768970976
4.490782760743365	3.0330608415079796	28.565067085722987
-17.84661302030947	9.541541068650586	36.82904817657051
-9.91350068474442	4.6759722127052825	39.2026530744817
0.5535921827873593	-12.834775164398629	50.26950310311338
-2.400569637970675	-22.321237902136886	29.191125137607976
-2.9494725557507566	2.2683128761852314	28.76780199031026
1.529534807404524	11.209766761029718	37.23356274185849
-8.264102647935747	3.1680495781749256	30.687994876353784
-4.219012816439895	-7.230330843728936	32.319217358429455
-17.177339002486825	-1.5426785150144888	17.366781066539147
-17.03859551142848	15.633313312774725	28.556208027560547
4.604459453206987	11.379063421350494	15.2666146731006
-9.855979374525397	4.314077758655811	32.016310165553314
-7.25429673273724	-17.334378474289267	45.90927928295033
-14.733227113059776	-14.505703172054215	18.38580614826698
-5.090268851332506	-4.72793829648427	10.98556237704042
-6.893382799280706	-2.515432525763444	30.020765208867132
-10.579000251864635	10.406185397820709	22.687075046417142
-5.181952533848715	-7.267723409589346	35.680518751097836
-5.081448852433158	3.0660929797665517	27.19096361500326
18.5108824914739	-3.53692973499707	32.23761145644705
0.9146758085745565	4.774655180956634	43.40738475933833
13.966956298499902	4.130277281897566	2.475794043322413
2.8719757709962224	-17.582070496779842	34.174101225534386
-13.824914476991388	1.5597951803121726	45.0336721234281
-3.336602373888175	0.955307614085495	35.79398722569408
8.351644053223312	-1.2774419980234075	26.32050977411781
11.646476335175302	22.170209949970186	29.477122185493908
1.2581281186766824	-9.216625919704642	14.66233919988481
-13.612919387407887	-1.842858244841955	30.05804311684618
0.41392476066173867	-4.435764006549737	22.28058399364908
-3.03986812066129	10.269605237246894	46.44238156881112
2.9995597674038352	9.206157475232258	21.241851426406363
1.2600758456281846	14.827359063222328	27.66610108491424
13.303736135186764	-0.25559676267184817	38.45102898825057
2.5604764832606697	-7.963397139912973	32.271266877478226
8.699766746462496	7.358764989156137	39.28560769327026
-9.436179726771762	-2.6145410766248207	38.79042070606302
8.377431323738643	-4.770405520591685	36.18419181709748
10.663838465834981	-12.266072541341845	31.877299872148015
-6.828077978263098	6.731267020975592	31.4240546893558
-8.049088217368292	-8.567120294767005	20.86080712627362
6.27049714541656	7.482857373121268	22.94554892016785
1.8395685625645224	-4.298209268803798	31.818906341479536
-4.196738595828436	-12.616466856947245	24.708302657769302
-13.280664502724688	-7.8280700857734065	-0.002766816249987869
4.513995564813248	-3.522045375247717	20.905854910617023
10.654422640785711	11.250387966360403	19.74978037448374
-4.045407516426263	5.300083674186896	33.22618178657085
-17.253254561297396	8.563414171348535	25.63373190619402
7.585408180547328	-5.117588181649283	23.71046568251986
-0.9485915742785918	10.141623379881235	14.711816394517069
-12.51506696835579	-5.375379770059717	24.662676630081453
-8.730732403353421	-1.6914935765056363	41.538996265336394
-5.05694869822921	-15.730655333643579	15.801586970048461
1.370653899052725	3.6752837536318235	21.066738761915946
-1.4764032266632308	-9.033721508931874	23.9069381802152
14.338263084095752	-2.6789800140617377	14.819971181654001
16.239845227955772	3.3645960642374155	32.286537046707465
2.1456258793328784	-17.38447177955286	36.49031429957611
-1.7811042013191212	20.83135189085075	26.25061415502153
8.17664129897642	1.529783838537362	36.69742313002247
-4.812825874376647	-18.249495559435655	37.456291577478204
-4.66153167370596	7.215683757657408	39.509229788625674
4.675204717519234	-6.981354190428456	20.08585626593222
-17.460583532136155	5.4965187375264914	30.743288530215523
4.861563803750069	-11.82472152009723	21.874742800725592
-9.134574678584316	-8.190430345409299	32.90635120011763
8.900147860546829	-5.124030565136502	32.12171307743783
9.55226802439954	0.6367936740690998	32.92381935357242
-0.14174902341724913	11.346341824420483	30.827219018511734
2.004522615150538	3.712121490514531	34.06719701838184
-6.362720529192485	-10.705926979984941	46.565034488171705
-4.172134422384478	3.2238037239192874	7.92286374011411
-0.08895213093561075	-3.431224362901626	37.560057721591235
-11.258186195393655	29.97329302598708	27.604608126229593
3.422830437065258	0.3311696573425986	35.453592471871694
3.619568745068531	2.772461503096628	26.593925177198745
-11.95553178886577	16.45597093831271	41.417332410878686
9.277604098488483	4.863498601222181	19.799272001109706
20.5246524934793	8.070691714611973	30.30270679108563
5.841548371725967	26.745136488278053	22.764341807324058
-9.894941300534782	-0.4287099410713982	29.04909393183287
-14.047570846536194	-3.166200363210629	10.873505919443677
0.3129269676516385	-9.08816139492184	45.2261868601629
-11.480516802845102	-12.520676599174434	27.636005405255496
7.625756624619987	-4.4751852379058565	5.731653274722792
-0.5402810465488264	-1.4566490918206099	29.474604524675936
11.175243394200772	10.282202160143283	19.377467882280516
-15.924752584051806	7.909818281041461	10.660244101870774
-6.2961271096667595	-3.184638259794021	36.30651702084528
-3.9567445847137135	-7.121559841042457	29.784788038994
-3.8971289999504966	13.411700878399003	37.27853873736789
5.40397566809332	9.564418671797528	30.806042528823586
7.775823429774872	-2.425468480421954	24.03544256681119
11.725110963312598	-8.655344678871403	26.327443981580167
-22.56602137906563	-4.954815695773483	34.8037644677074
12.288075127471954	9.517298785250212	31.473941382820037
-6.323614210484684	-8.361325633263005	26.47059382722365
-10.8648873469612	-7.493659976113177	14.03450423946591
5.381084807078848	8.805661041984262	23.451089191746053
-8.507353096932444	-11.395709361490095	20.820734355485968
17.70827669738083	-9.1171795917875	36.118402242503514
9.228868980655072	8.235227277655703	11.555801700627143
0.47977801782379975	-2.7540753686045036	21.4169000831732
6.64452006198117	-8.190659276508347	23.27422836598328
-6.370355500212144	16.197508313415163	40.15393106866319
7.612006896469659	4.777479231202583	29.48876470158348
16.295560328491074	-13.880208545570092	24.569595338114475
7.044377853764296	-2.4413151693620225	20.508860259406227
-3.801139092086378	-0.7805284803815575	38.615080472055645
-6.62123384936495	-5.802660405959783	33.434201706385245
1.8203335759597714	5.3579343625551665	24.53331755732961
-12.358329015401717	-22.2603167591708	48.75807959647712
-27.321823975344017	9.185767289435137	44.5333525258665
8.76608728238518	-14.082303672280311	40.891830498519596
-1.3034359626096026	-16.56773064699157	20.353107529891837
-10.799154445160603	7.445169046623546	30.03176187980477
9.221086471386307	8.291831612373722	18.913796703369457
-14.066359374078054	4.4274446195230635	39.166934180734984
-1.4250361614478946	-8.991513143031957	30.84760763765056
-1.4172557412600035	-10.71440837339756	28.05946108772238
-8.782359958832753	-7.142154813206703	28.482555460877936
10.238382702055581	-4.0537969125111095	27.572392448849193
1.2249267153023904	-4.767997551423446	11.795221422237262
-5.677119125648095	-28.434092619022493	39.59725484065632
5.838492114173603	10.39810007010317	29.155483390981395
12.555507201937493	-1.4719556122386	30.444462373406115
-2.5572078499363644	-20.33126943691856	38.015730463458155
-5.136471514085769	4.480142023828312	24.728640851357525
-6.78143222418309	-11.195518058996807	15.312837761897686
-8.596696600280865	-10.161400434248124	21.56124342168078
13.668721864171747	2.2058939334511978	32.29279187405211
8.703122160532203	-1.50851159378632	35.17736649526007
24.10361965941248	12.230445166752874	28.505791105236177
-2.8995874999961533	1.8100903029001176	35.59773419626185
2.560853774026964	-1.5877647294840482	31.18769826883281
-9.391983141177697	-6.221910244182163	12.24842919587249
-0.6680662186237694	3.6881684452678742	32.5768239505228
4.757540710336487	5.519424633492671	22.98342452433352
6.11123903115946	5.5318150361354	31.701183672536622
2.960157872332012	-4.921267055771241	21.036540505352217
3.722738393639859	-28.41373717895123	20.45267850930859
8.33381822011529	1.9881096829286355	59.773341528101376
-0.6927105571089598	1.5398055878093129	13.282504540603444
-12.47050519648206	13.368343305905181	12.612692630122668
-17.288673983192556	6.876253332741744	35.938748237015595
12.89947245122831	-7.734874256537516	29.58285374582322
0.7667451735901456	17.16620048302466	20.528519974863414
3.851278193857839	-0.31150896923315163	19.5519273145825
17.231077541485018	10.091881320202255	23.83708201689457
-0.32877893230013044	-9.661722598718963	31.59988420948866
3.290174854524989	21.67357306400912	29.243342929427268
13.368434523060257	-0.7210143778627203	17.478729496270724
-2.3359322703622345	-3.4197084289085056	21.39922376848614
14.720005136079568	1.820863131733492	29.21679562412066
-2.6216666500448245	9.76796826273515	19.162861695766683
15.495954192512226	2.823771259960881	32.34112041787797
-3.8523656403536712	5.608565279398712	34.576558796709875
-3.065363221091526	-6.4658787211978925	23.439694841491594
8.58996080541835	10.175230424705052	23.1561636374473
3.1071066860825303	-20.48972904130644	44.07542893460789
-8.63195379957187	8.305606008106524	15.271650168586028
-3.596743495692172	-1.366526844246983	17.631667103938966
-8.24256221567076	-4.237303443960171	36.769727415583844
-5.9773396299599195	15.488584938764184	31.17372811650497
12.072652924599026	4.561283680276333	29.035816136943033
2.4355642314990664	3.033338930013379	53.21427062714781
1.7477328179910125	1.087438671917603	27.928735316571025
11.654406346258861	10.953964468939972	36.2937084640362
-13.518706567762253	1.8308135081939922	16.97081504678935
-34.44982149048518	-3.3261544286358298	34.610859397740676
-10.17068001912972	7.961644561936261	42.56876169412608
3.2179350641322757	10.738699629129368	30.84899233888872
4.257484288380876	-0.6249118030206057	32.13533213518687
18.976383028297427	-25.872078980872274	25.012391078567394
4.39171578141603	-0.8030388507197489	7.263257347442405
-17.977775950258703	-7.106651498716909	30.462605878152274
-9.77822342586107	12.154143352210644	45.68239599874434
2.7768709502710176	6.652017609834338	33.1580967212751
2.7003520637431637	-3.6740286637746733	23.12793270399923
-26.99005220525099	15.365945793959892	17.030201659501394
-9.929233908160477	9.975280914227568	36.956725742530764
-20.54651774187585	17.560731056554715	22.562666001199428
1.3044489574460632	-6.4240575501077215	38.29340572157352
-2.4975636029350308	4.829002777573663	12.753849944704523
-0.7680675993463694	-20.80982542957537	25.949592618350902
3.453067569040318	5.518532986136249	30.279354248712455
-8.958590999641684	2.9123861121748957	36.46672953656941
-3.253328979418759	16.49752434684136	3.6238991084501464
-22.81843690721018	-2.141847655313673	29.965357358567122
7.1963163588698	-17.935454053069453	32.404018084862244
-16.0427046361346	6.885383851525237	15.097918297701158
-1.1692430357228818	6.9178852209851405	29.91316295628006
-10.10968680234968	0.9323476313377317	23.029798330434904
-16.287634779531956	-4.4188496005274684	29.041234057014105
18.66851592411106	3.219114942912218	21.687185544832083
0.5430478969030469	-12.202100514414514	18.352520565293922
6.06442060082236	6.864624173635807	19.65680092740396
10.756476960916979	6.706507656079328	9.3991606451543
-7.135362297901269	-1.1178418855733143	31.802838086489913
1.035952446899847	7.154174571101462	33.061064473762556
1.4655397947506297	-24.560393098668598	18.67372044003342
13.171929843700452	8.906403223586631	20.028913748141584
-9.3584021613844	-12.849256956232127	23.75272614805003
11.460483479081896	-11.658400487201263	13.662207266656482
-0.12723832831745144	4.4263201297675305	16.021877639968555
1.1382466967009046	18.869373901498967	24.429708158387655
13.920362071701444	-8.293188650738443	48.016559516939495
-1.4758004260769373	-8.092562475714383	37.71427687252181
1.4772405047121553	-4.238865430997199	24.1278923123173
-0.4731430205298449	5.173831566114275	35.862886827851355
-6.927562677070265	5.595661365042752	26.467763565156993
-3.019560376660907	2.333981466020149	18.56437483921261
-6.378491169151311	7.095298211400962	23.329151768121662
5.599155171129882	4.655615256509164	38.686890785725645
0.664458021310485	6.394627251596628	26.976828798644526
-14.187152237565035	8.909513520028051	23.73507196581077
3.0103084074272597	-5.156009471783557	34.30349683165022
4.455260280291931	15.563553007075402	45.017049147314864
-24.56731619792306	7.715781793245723	21.18747209462485
15.050369618349205	9.464956239885554	31.75578138489943
-3.4119077446907036	8.04361517879194	37.760265863074224
10.963693304249471	15.898046931720188	20.847655507547827
-6.963501253125561	-10.545361581375797	3.825267950500397
-4.138194783131639	3.5469550427330403	63.2897683088867
-2.45356084653514	8.72389637879493	50.25487146935508
2.5921591471938745	-13.622607537843281	35.85563291109416
-13.687608910023528	-9.278690312846884	18.666767625222583
13.211512357095327	11.431416293234903	17.019629152705374
4.515175341627499	6.649250211005549	21.04605909852844
0.7772359161169934	0.7234505786141003	17.775136250362408
-14.113790059738367	-8.493909660537279	27.161723194713193
8.125209997540225	-4.116853476051433	16.405407078875776
7.041857575480629	8.461148690442199	33.0984250783152
-3.8480003980232	-1.6869243688176399	46.67264519759701
4.784186470513588	16.339708188801282	21.82976788899645
-16.534609103199337	1.00067751706963	30.993008221851486
2.7420755655024953	8.55193480112296	49.933674661874406
-2.29456538456662	9.63035460747721	18.675309221191004
-13.114557219061718	-2.748429512362956	21.74882003368976
21.140673218336126	-12.36657819242077	18.332802654362144
0.008235202149572173	-19.13452449799552	41.62253103335513
-11.232290825350162	10.820114039984212	35.453360571450276
-2.627663547362004	-2.9635260604657154	20.469350021890257
3.9423934261553666	-3.7512880776201847	30.39833383711308
8.587212976773893	-10.060090794557098	35.745699848558075
24.004557765809317	8.87188650229438	35.97965463862508
-4.666928135907255	11.554557088744383	32.78373583110033
7.015897557891108	-14.223226622792398	34.01112181951551
-6.972868944001346	-9.737627239273678	28.676209017379133
9.841513560823227	11.414649950760205	34.23703577070585
-16.779442320404126	14.658668882890439	48.18368504575979
15.92259597236148	5.764971021967176	57.027822525018706
-2.102038092972027	0.5576153115296307	13.641515152123898
2.344928502767351	-2.191167450010071	33.62276612209398
-8.53166078440172	14.421127828029254	31.660574701601657
3.8053637962116094	-4.237097858893168	46.89012655295711
5.361081375487107	-9.960843418852786	30.40023604818896
-2.3748304877986066	4.908430321295962	36.76122010074577
-10.326422880266193	-6.666865345457543	11.835230688082454
-8.77783670064326	-4.377897457099987	23.063764177359783
1.0675379586899416	-21.169608860074213	28.292224617026516
-17.118527829335125	-19.510036348498186	39.2595846120899
6.5088380022031265	-7.752815918637954	25.600575181548123
-5.5244797832822545	5.158014228058597	29.424677971963025
-1.381949263340894	-3.8115081665982355	24.904383299926334
-3.389323851809454	-13.959865978015166	28.884230789384226
4.76658261364736	1.5266420019581952	40.58929059887714
-11.908535266291398	6.731733633933662	30.429399645059593
-11.391283236291192	-20.920731738206975	45.863318717842624
2.9104886636874876	-6.445576431856422	26.617847969656736
-0.22604001821069264	2.506433843260831	24.97067473921656
8.638216416854599	-8.260280015319443	35.329040199338756
7.700676348953626	7.791609122248938	45.68725076778776
-6.02780129239418	-2.7188598428097546	27.849938028230895
-4.39904819540285	-15.768122318429825	30.80885634992251
-1.5427414994131208	9.697120837374147	40.66004813030676
-9.030515168295462	-6.546313125849319	15.524736698288752
0.1445484358507375	-26.347665930389898	16.892611464930305
6.3857174474997045	8.71981737192008	32.68665673145019
0.6808394687533379	1.6530515714688914	34.69844846179356
3.183953991901312	2.651246931080885	21.277398151791502
-8.272495074530232	-5.052287556107751	35.42366021680881
1.3661478484187837	-4.6557958186501684	28.3437426147287
-12.050478711808355	5.423292691704987	31.949077906950883
6.760470598420156	-3.1703609647246935	44.58007739166783
-5.016450185784387	-9.256196963777413	22.15568175794248
5.176743740078644	-0.09402758579277158	29.908257369140482
0.7899422251398126	2.6429054072311438	18.94689599267262
4.372212495749465	-6.019250468111464	25.67837013491635
4.551931742121243	1.7579635808939955	27.30574807275784
-27.622725542898547	8.822593107100476	13.59512623996548
12.484978398127728	-5.044998788067996	8.549826075510826
14.852442200790916	-16.99520135027418	29.270562904991138
-9.940179459382977	5.82762476496576	41.285511170130185
-0.7387193056001362	10.20554263564618	25.884115598971256
-13.74756399179207	5.192982160764759	30.85452078070537
-6.317426078503788	9.793754614314661	23.364682395164774
9.221795883062535	-0.11606661100300483	24.301222632354435
-4.041156693805852	15.777823844910975	5.865627433008143
2.2482993620110854	-23.35991887189548	21.49155768744091
-19.379355988272664	6.188462178826391	32.06071328021835
6.477649457866628	22.31178797845862	24.632287118859065
11.70384429717556	-5.7905746266653235	14.106647503937454
9.935326606170756	-7.97695894067793	29.389213246117105
-14.781481171379095	3.5349824050363714	49.96606083296453
-14.730327643062607	-19.240244015104885	32.737150359744106
13.087884086174276	-6.309571397129952	24.262276095693213
16.85617021767621	-11.689509478568903	35.291346136958644
-13.711781873746666	-10.321599409509044	27.872673309293415
-4.664824914415854	10.978126689184373	43.597025778567755
-12.780444777405574	4.48650297049763	41.23263044710723
-2.012278961659028	4.112276165003324	33.964876414157196
-5.1491835464252755	20.636007498357955	37.965297792647675
-8.264999542495149	12.514036797521442	21.610805216414814
-10.576997659757852	-1.8011020183573214	28.72910356913177
6.396444385608419	-1.72846929496042	29.38473905234732
17.531382154571663	8.874382989674533	21.307780068016307
-1.2303275929762318	2.847651282294766	38.622491470006594
5.443364258639925	10.480368507068626	39.5039158393939
0.8663334618463667	0.4298015291471299	28.23597717519387
-6.672896087752797	-2.3925160581384386	35.454040898141834
-2.489033269831638	-4.456415803909995	36.44182563851731
2.9369549699541917	-3.841827415467216	27.894699384482145
-11.289345033365606	-1.5771801481621959	35.65492519469524
-6.859982752761593	-9.324835328544076	7.188323274244524
9.763403188212994	2.2783524805883233	34.84557823897488
-15.369146268412257	-13.033819725433432	19.848569037025015
-1.2875617875163992	-2.2762455928610668	33.09931188529143
-3.2294143291385833	-14.419227762229916	49.45888176171065
8.695351311579156	-6.514477124673195	32.500989473642385
-15.533916996929682	-10.061212317293045	35.56596155094828
-3.7936844116647004	-7.691252860144391	39.21322518198713
-5.0163174257664	9.908097090193378	18.31325508128982
1.0094211978923944	6.732768828544123	18.111321445523604
-1.4719318235215575	-1.7952558797783735	29.483740151897877
-5.991004268814005	7.819601332171678	29.484198023527682
5.192622677867751	-4.619674207846893	33.421411973466356
2.175602293974467	-11.322538786657095	18.511410049114595
7.932737514547843	-16.195168421657584	37.56205256964472
11.263321395259101	-14.177605366629209	48.21346207509045
-2.885545548172899	-14.638496752490635	25.904475488133045
-7.152364620050921	-11.342150152889747	28.879802289060954
-17.28565644159295	2.271512620135144	21.31955817814147
-2.619142851010298	-19.783225305964407	31.764365964228922
-2.4684321361464385	11.30140175783777	36.5447571882508
-11.974688651830576	9.964858830924332	35.14503295393686
-4.150570994438147	-8.670981902420813	40.28920983518127
2.617242779261126	-4.818449267488865	28.02518444617064
0.3578155352351219	8.579482881610799	28.654059124246665
1.709108369951978	-10.45226353949083	39.976461322807914
0.054553933270537265	-11.324106522762687	38.00543713551902
4.83574681732967	3.7257714849067147	30.260359971811344
-7.993625025974723	32.51060832827018	28.932018899133514
-7.570084415598673	1.1597710164644952	19.36461184002863
4.59508467417776	-2.592208225215141	43.7939865949443
12.951061756466856	9.66186751793244	24.110386293989723
10.972226713291573	8.737305017634133	0.9610456164439682
-7.7406834620278575	4.9370270736112	19.489841026508298
1.1512245171074063	-6.940595544772714	22.104557817361837
-1.5017097079414023	-20.767567000079943	37.247751485033994
0.5336070273069593	5.657563170388659	31.39959664938407
-18.06768445647256	2.552963366712512	32.84764975921584
-9.870444034251328	22.18881431181274	39.96726679139026
8.8792015352754	8.47848061856064	19.77978305856221
-4.844368300842848	0.5719743268449532	28.369826569586444
-5.376926048855007	-16.51472600182419	44.98240531748316
-1.1566096512576904	8.028267677987088	22.438252681522492
3.464906036835511	-12.942509531505577	22.231378576126914
6.768785001301746	1.9295525068518367	28.40327461121704
15.012525351631776	-16.78359616607178	27.22941523297967
-15.20142790657359	1.4737795644788785	41.45057753754782
0.5583575828086478	11.171452985306258	36.357749785250306
3.771340386200973	18.869101302915315	13.822897282225508
6.616918773474865	-3.3122406562337785	19.52932915215166
-1.7542491138021654	-6.95946416098411	44.41222971083923
9.671972132249717	1.8216838505035011	39.15364465834202
13.602767760702957	-20.601903179532968	44.375357885196046
1.5088742676103515	-16.24215461701977	38.02375250423472
11.519279064084113	9.060373945146754	21.97646048416038
18.656812586001333	-6.729685162005855	0.32224640539565286
-4.557883568775071	-1.790835033775941	34.52839469137485
1.9012057926690715	-11.345213949683918	25.906633866617238
8.526681339082149	6.643687610244211	49.167857917737216
11.520119112219444	5.752039878793074	28.016642573144214
16.22888725769855	-16.097439084603977	8.44261439962844
8.60620675267067	-8.785900493138284	32.7130902635299
-19.207912098643057	1.1354134387438122	20.507881789621486
-7.370393355928124	17.928644001328998	41.05060173086604
-10.074612334184339	1.0077540726712633	38.81307478823291
-7.905946566480586	9.955071011246456	21.41721507682435
-6.440161848986888	-14.596468582568745	17.03255108599943
-0.17437860231712274	-4.861962878884792	19.715712847204486
-16.12390186811587	9.141508302555563	12.600541507123118
-11.048607985175627	-1.1689258616660978	28.38671618068525
-6.333301373839799	0.48262308136926535	11.356118960053522
-3.0699794943864807	-0.7227907544359904	27.433850438161812
-1.2495491843404731	-1.794468599331206	45.411378089574995
-8.146176745506708	-4.570494564126892	5.604967200324104
-9.223635564180116	-7.7626722088286035	34.75340751333715
-5.634905342314682	-3.7500797082571675	19.562408035680143
-8.205457482715804	7.573023928755998	54.31624668936375
-17.90557451192546	-9.57029876414182	15.94373263454882
1.8818387448185816	5.656284599509088	41.02401497254892
-4.886310811820541	10.006431379303391	14.237096313979473
9.033167188398838	1.972468975550995	38.2376844952221
-10.093394051709337	1.293304818001768	24.917322587735065
-11.207860136334988	3.813472490308598	34.22525714524206
-2.8071701434453185	8.389814033213753	30.053103143430334
9.224037642101532	7.124464334882892	30.370228133371537
2.9959677060398633	21.826608114456178	38.05942559756108
11.662812827483952	-1.5139344092755636	26.33919099257849
-27.64140490252714	0.862377918023115	35.60993708586387
-3.5074789098106396	4.344347753894329	13.227653863514014
-2.759695009471044	10.280599548066201	29.729928412887354
15.398277527755809	-2.2682584509538124	28.209640441943886
-6.048784719832908	9.808304282739003	32.83184801599748
-11.276838674167276	-0.7864459231040165	6.902441044638806
7.028184892544834	8.957484683803784	15.623142538921034
-2.679667593116035	23.165857003774835	33.92925048754536
10.793032215506182	-0.1380586552778698	22.677770894523462
-12.755177397119887	-18.889203196179267	14.727620706747128
-12.07537383210447	-2.160598518170109	18.240477179541777
4.94654070418235	-1.940642096505559	46.26041348342492
-9.950777551493136	7.770059964622028	32.23005788118133
0.7997958327339011	-5.500533658661939	11.71521141526663
-8.644331745884863	-2.1341649708392647	27.953232911989662
-15.878109999259918	4.082194368494658	19.573727496519336
16.046294391099515	3.4494533975067942	29.085802780283267
2.5791016607507427	0.8183124823100898	35.3049328351388
3.358323754697063	-4.997945780569515	37.86117648464232
4.1795391754388795	2.8137558641019105	27.131697037859926
-8.293061993320206	5.873381791284256	31.98449689553332
1.9297763188056904	4.381750175219342	24.390804680584196
6.414256478069923	-3.4022360306642483	41.103461325833116
2.0616078147695225	3.7642199694957643	21.20879055612326
-1.6576290511581977	0.551760903175849	18.822028101094823
-4.631598299090975	3.1850742878267395	32.983927545252634
-18.93331153650826	1.660972820898309	39.90278862082933
-6.538886161236164	-0.8410338083294839	30.94239659061505
-1.3641889779760887	7.401576361403319	1.5452270029770006
-4.170713516878542	-3.6646746143800364	15.810402737002706
1.5147954054552168	14.00705742632085	20.842381471558575
2.8673274746284267	2.7377805936697897	43.02288109069683
7.952374807337597	-14.809555850097272	14.239135621409117
20.211725880881858	15.07490104580814	34.867858100543046
12.113794369988891	5.805105922049945	41.59820976851986
2.047011680420454	-7.786021013851582	53.003798674853854
-4.022102935542099	-0.10790634550340523	19.11398240788668
-2.2719752471749293	7.495962917803195	11.596390153394516
18.272357597072826	-9.809232224552469	26.910750150380437
4.643952761240298	19.703378354730326	44.222238444374554
-8.02825347352546	8.930751356842713	27.45781277832915
5.858186324837028	14.903149484136422	32.19068502515675
-3.714095363590977	7.3375276380243175	39.16516676758458
-2.062211205313985	-7.890747428830193	37.10578658738211
1.1557619201227731	9.682477965014478	50.87000588669432
-8.64318546111535	10.38285928284566	23.823433480252667
0.920785044904606	-23.631705537994247	29.094790787040964
3.3858485146354003	-10.307859016542587	17.848252682222448
2.0808380634989163	11.039041765803496	29.436903788757533
-7.825560720838908	10.88734697209524	25.22492057364164
4.6033186392073775	-4.110744996072347	22.075338032107226
4.898360322165268	1.1464305750830488	23.767916432882803
-3.147673267885458	-10.324708632946468	23.951209702465285
-1.3270644048748652	-6.69217526945118	35.47716114612261
0.324076260273874	3.8537371673483927	14.737192352347837
-0.5616681516155707	2.367049644861206	35.753298450352716
-1.2831861842415222	-6.219089256394341	42.34757838214141
9.068899410724118	-12.580282787319035	31.86487127710687
9.617453554924195	2.2516440982272568	45.73366455973068
20.388193966349245	-0.5453305867972965	28.893535374812817
-3.822688850916594	2.982126258941284	33.37697397768874
2.520584696824519	0.9662104605745091	23.811137628170037
-8.019402903232326	-2.665135255201356	17.822810136707034
8.699071642194221	-5.661853717702286	48.9141879394818
-2.9770886871680178	21.355994030820767	39.143103699909645
2.534670547067335	-5.622603656681538	27.73014922219924
-7.5685178904264285	10.587706322425337	22.650284761674442
1.7141724824548168	-14.834683231486753	20.650647367298667
15.509711035565223	-8.99651922079123	17.905638558246146
-15.988027321165546	24.428105439132143	39.74076912543289
-2.84370885742169	11.08398757228196	32.94855884286588
2.0659765487606845	3.9427109678293295	25.679178435010897
8.697262509465887	-0.43705197003844265	32.289684476823375
-1.3204101916752133	-13.371490911309394	18.272910033544836
21.965074193018175	5.778120854394536	36.49407450438007
-5.971093605259975	4.835739928703993	18.50283461054928
-14.846880697934836	-4.08317339950249	25.037674023665343
-8.05991595756561	-8.818530589905528	6.497238675872655
10.954310639777727	6.579152107575151	21.58859405586029
5.391220133154173	6.700940686764019	40.80050315568069
-15.005538053059421	3.578466346077638	28.45359400760878
0.06250379434022421	2.7668836064717977	11.627544611030416
8.372668247608631	20.62167012968394	29.837666714213714
-15.260467771792712	10.036849435326879	18.083061461373738
0.3599119184883782	-16.158388147670852	35.36778194983291
-10.756001095061563	1.3273211706822197	28.815800730811702
1.003686546052268	0.36403579505455835	32.30536034489785
-2.4287382985595722	-8.270645907176066	39.94329124258882
11.416847275137009	-19.01346733509167	43.20013921292294
-0.6912020650231626	11.4273804982855	21.65237502091923
-7.451684002761741	-1.298412504546493	26.785796276914272
-1.0891350618123437	11.318107171848993	20.598718018172484
-2.487908363875229	-2.107224487664997	22.775744064507112
-5.224426821607033	4.508606696465099	21.269683418468205
6.923204454590329	-10.940554359818158	41.44926495618337
1.2214119234060428	-1.1421294685767545	23.984429876637552
13.916337458156345	-6.222601292277511	36.247231319787836
-7.873084932779379	-5.032397517054727	11.625346482906146
-5.443470488929733	4.435375212003964	25.753671012977517
15.453813973858022	7.096831464050126	27.139786844267803
-3.366728302169089	-7.64708866217695	26.759763359229463
2.848538602089736	9.1821695055771	30.688917895341007
12.43616925047374	-13.905950280797532	37.7729849633812
-8.270791064070732	-0.7762721506273564	4.715557707815908
5.407163849741073	4.902405637516878	21.846738352377272
-1.8202325480238748	13.912871553250032	38.482019682141015
-16.610423813797578	-4.518253163815363	-0.2596997522205662
-0.42022455126482117	0.5755705339117251	25.385960197264787
7.8039742102432985	-4.766224119778431	32.12796337742589
-6.949969299728092	13.335853546183653	37.68028573116793
-22.91347082122908	18.324642282179394	33.94768984844349
15.104562195228443	7.786146317908179	34.47214770861712
4.899007664451137	16.1038520552655	31.684499079421936
-16.27903007185951	-15.313652230659958	41.807632598051335
4.641674925961137	22.165303404779905	12.222034483746945
2.759161112793424	3.60317628780304	30.218924095757856
6.400455807768656	-8.25149439908737	34.89024904732923
12.97248044154406	19.711766410776114	35.95305392360559
6.43683184294637	-6.168662367728233	28.855287225805995
18.19560743464924	-21.963023319827613	41.33827806714854
-3.020904229417396	-16.843994692733652	11.309405427708658
-16.14987178568233	7.3830191091142385	4.960380765732989
6.64863778921673	-13.322747511335532	32.105120639400056
3.746783735793005	-4.6463322382859555	35.00900627382005
6.242731396621085	1.4693924821769917	23.35225218877568
1.1960528896684444	3.3878425865655863	26.17006429811351
17.19761094142309	7.176771615652452	36.48649181347256
-18.244332559233825	-6.667521890647878	32.22256105012208
-6.486779946994275	-2.902200111324143	36.20957971282945
8.067229152324577	-6.545655904722115	19.706822093157157
-17.57908079587615	-0.45930870265647206	26.93560324570185
0.8527508103017366	1.8266806723736593	19.61916718952973
5.579813209299043	17.694312135205916	27.55016430571108
1.9708971142101415	-3.012197749110623	41.57380896018221
6.945650961596463	-8.359370257633586	21.95389249671132
4.7847455311185225	5.746772322654464	26.42847532111117
-6.903314687739311	-9.651674735652273	30.492440340000073
19.312368867722597	-8.997183449574418	24.471251783695777
-0.7394699554413413	-6.82728253448594	24.4221744931332
6.702257276262422	-2.317782017639648	17.339013087114694
11.317185957319174	5.3362569234180945	21.907280666155675
5.635603132768501	17.499430629775613	21.70462477339336
28.852884276020664	0.39021623733846855	17.27756515842706
-14.504524268768144	-4.365645376499617	23.85359690168591
13.67182539786008	10.506313466723853	32.28574132272729
12.43716042533496	14.543240746518052	27.084355596091143
2.5957268094149457	1.5632271129932938	19.158094216723796
0.84366001688308	-1.9072944770221607	42.076077846634064
12.906819884875269	9.979323664422852	27.465166604121812
5.2998337548266905	2.6199384853000374	27.961745759640074
-8.588317575766508	5.947137896584223	33.89694546069322
-3.2131804061529423	-10.101327483353174	18.768903134673756
8.206296841605402	-6.259792038351931	-3.4922150834617653
-8.2809308857308	4.749851559529501	37.02950710155912
6.035533534877092	8.077505004055022	20.84580632587479
2.333767991914675	-2.4935834013169176	40.30421584315698
-14.9802035946301	9.36182674269826	13.819353696587196
-9.294313411843484	5.9335850286980705	17.690679233137296
1.0048531663147064	8.339668989043169	28.919197243201747
2.8862161803225113	-0.5843546161142029	40.603795270277146
-13.5691142351406	2.1216309897268175	3.2633576016665913
11.484342920344638	12.399898389431687	44.08127020039114
1.2579952316397898	-1.3854423702926908	15.645520426014576
13.124240799176084	15.427900037600836	22.658115272498975
-11.594932275095504	-4.662274553252072	21.07620214444797
-4.257317636620361	14.283423361148053	39.64498799573126
-4.6471945152697005	-7.6454496677094195	38.27087473286756
-6.81514654210411	-9.738277220565317	28.892781195653455
-4.8810380167508	0.5785975328318569	23.62573319959474
15.05471380791224	8.375539172773994	43.96345283938193
-14.932136007167164	18.939412778278694	32.05540474338479
13.572567199156406	16.64586598876745	22.770250196991867
-8.24820530202537	8.754780691785308	39.14191783625227
-8.588149471274729	-6.688339439963218	30.636592162260833
-4.212276122949557	7.390506041578147	23.273593781868787
3.300522450805751	15.221574898984615	37.840629334599114
8.404864649595009	-7.7973782615917155	31.789947301290578
-8.849432936761035	-1.7921048757254956	34.39849235690617
0.571607992110513	-3.3325281035374847	42.60969606795232
-8.899335015370704	2.4225253824710604	38.49270115427657
-10.916539254998556	-0.4632376088687773	9.318715610055563
-12.321947464020827	14.259830682081622	27.32657731329337
0.6040554382751531	-8.714602220269086	30.62110884654085
-4.778646269904616	21.372554142793582	8.731941566665746
-5.541119454589546	1.7983151554394126	24.111843581369303
5.024293843547514	5.381550819165193	28.954367083505804
3.229533618229409	16.31414348253924	26.776520286694197
2.046566486091255	0.5574251115203445	21.31388530828582
-13.582563065170346	-19.197629562329823	54.19315681080313
13.445751535104296	-2.09953419250848	16.01284178146993
-2.7424080784753544	-0.056154707219141516	24.04682396790683
-4.953737366079919	9.34191840402006	15.985435025540593
6.5075769945948245	-4.629903858595928	33.64297820266755
1.9311783310315145	20.44467030668933	35.15050021701106
1.3368225922943322	5.380105265230039	24.282100791197863
-7.276999557661413	-1.1880984445626306	16.892347965657628
0.17696286433508238	18.833423725082707	11.37868349060405
-15.56158536324361	-0.38586424335157277	43.281366894895804
-3.790528325471917	11.526579930924505	27.45478247014906
-10.527413541836918	-8.35264778298718	38.229851219381985
-13.60786708239713	4.830058844205171	25.092650207452944
-17.213395577590745	0.9628805468391244	10.699367320715176
-5.4909205671581525	-9.976957697987825	34.62559035708406
-0.6369678516316499	-9.973054759335843	34.23223769830019
-9.020718275412197	3.092030453330401	24.59464438490093
-5.604251834862575	-18.58287756224113	8.781520703362617
-8.597095753193534	-11.649099112698453	30.829147902166866
-6.669357510389689	4.6789873530508	38.451900504735335
-5.77945447532453	-18.24392011908172	16.031328486968306
11.152123900305835	-8.659719121149779	24.652785974361784
-7.107622486225047	-15.408849861215248	42.03083780787307
19.323253053780437	9.629976910458902	36.988539305541465
-19.100777977036	7.098485961054564	36.35787852933582
11.529137954225346	-10.241917607418433	19.25459150529506
12.509194972932416	-0.2035162939179723	23.72212225649804
11.86168248268536	-7.991999957089021	22.44748775194565
-4.336443626390778	-0.5210128061956372	27.15203840875864
6.518625083595275	10.974392759276606	19.847928993628496
-14.256731911751409	-2.2508040029901646	14.650660569120827
-4.602128767711451	2.719802465075554	38.8281095690049
13.530133631441094	-15.341389698777125	37.943963366463535
-3.1320353629967417	20.50999781508446	35.354032654816315
13.488028239726521	-7.4902872926260935	37.73140992106107
-3.8927815631343066	3.0246664976789233	37.355039294450584
19.414029054228962	-2.17494182940213	33.28733405023281
-1.547606578673615	3.281478953862655	20.25840177868546
-2.9264210917251083	-7.746844672552239	14.270106673120983
3.8810564727533556	3.5775178252297946	41.01256655760607
8.526711185016143	6.310552578552472	24.662879213130584
9.389164840398088	-7.92228271755643	28.47543291426871
5.37421401110295	-7.419545561626208	17.05435897132141
-1.4606002611795086	17.979868929415574	23.479228148809725
-0.010371426773168402	-10.122985474597526	17.178902775135168
-14.080267646244112	2.719879728402048	37.97268586480913
0.7255558550668301	3.381116343804237	21.11561210183674
3.826748713417123	-7.323987957931916	26.16829474645067
10.3911006465497	-9.13079909809526	11.698029338562925
-17.707374536525332	0.3985041522100625	29.90019143142472
-23.082922462966874	9.11101971644312	40.64570845002628
-3.0025955305335743	11.422094195662389	22.505421739071664
4.200780876443989	-17.73769695901625	38.874568588051545
7.660021696498842	-11.49799232080176	18.40485410646985
-0.16979205456251445	-7.401251298670408	36.52236222523596
2.0247090864415314	6.66703605719817	3.3468956449939
11.548683798906689	-8.313112597960377	44.939746545128
2.635413305295427	0.763555146541533	25.055290567073143
-0.010499762302503369	2.878523252856306	33.97564678356228
5.006956789427207	13.929014055736886	22.71350459817984
-3.7443925056119935	0.27446977305514025	30.402220190439632
3.7187114080639523	-1.929323730814429	57.534372546171674
8.269185402864112	10.176621080678942	22.506606899454823
0.26656290786305625	24.29257074650925	24.302354071180368
10.102475742656953	-1.5679458930452626	27.732796878552715
-4.182424072606669	-9.058880093815816	27.00339669299865
-19.520766819043285	-9.712749927000562	29.1953555878467
10.040526757177702	6.765547879672483	36.325285638554796
1.6864257242940623	-6.751474838922183	26.428662258776157
22.097172491181	0.37624812895955184	37.19298899461443
4.055129386025595	6.939113927656335	32.65452486477034
5.294471278586975	-5.535345970119916	21.50111376174931
-2.313947412765977	-3.414274530328684	22.067597147510824
14.721321436377488	-7.3691931010589595	8.248637519199349
-14.988217952688368	9.60854053385532	29.68094901306225
6.39276300131669	13.434979732902786	35.32121793191232
8.36477640222649	1.5458571292791399	38.20560533154148
0.03293035813936111	-0.7064220153409634	19.295060701826117
10.149712025972399	-17.70821650738312	29.017723849406458
1.977239170213174	10.86726869979291	35.40671578472782
4.3937554682481625	0.45080234307933004	33.18250365151682
11.338254677730417	-0.8344437814342419	22.005446879539257
16.430888937444802	0.577994651925317	32.55083356143248
0.8029242152148607	-7.762516522121484	34.579910873148435
-7.9495550764908245	11.919542130397677	43.78232012951531
18.02763442330081	0.6100772707421199	26.085075036820726
6.984671517381806	17.20953223521809	28.89923360498993
-17.462468186233117	25.56359156979785	25.34212148963033
-14.835034822643575	8.390302568846426	41.15050930500162
7.7781166379745965	12.531485170724086	11.294426877604767
8.319336163007407	-5.2872423388146235	47.73255928154576
6.146090696582618	-2.1534567006756324	19.616958878853723
-10.052471883014181	-5.058252816201161	28.238120992485772
1.0220296319540316	-10.79820727366987	35.44175467424493
0.061403270147382435	5.728937099638538	26.222648040318457
1.7825159427956394	-8.917558093867877	35.95404030802843
-20.99940266822681	-6.987908369893983	32.01334879063959
-3.977276830285597	5.559366953562544	34.25731864627008
-0.6745600779642045	-0.7249212617386358	19.79460636585978
-17.118200437819226	2.35949277339029	15.458633123031671
3.92564610553787	-5.140710216040164	38.368087495094336
5.9481238682989	27.71615358568458	14.485717604432415
-10.811871372052867	10.768712807594344	22.724378919547277
6.987328149827711	-12.168660563661767	24.70760716017609
-11.959138429107847	6.080972399788753	21.878377912839134
2.890761174375344	2.1433121730052838	28.864440579883176
-7.0089376865730015	18.179045374730173	13.14266141766177
-2.128290951275158	-0.68633948933785	39.26000904314252
-8.872537846597178	6.450191910799844	20.77687463786605
0.9320069898233012	12.490542711012736	25.702378290202745
-18.393584586800568	25.523778644921514	12.101482602993018
-18.84529971266808	2.874739673211507	21.73644159998934
7.945306980883323	-4.5056982094332385	17.724030550457762
-8.472125366076506	-0.3375364490162136	16.14215461812557
2.6946492778080344	6.806430141502303	28.015289980001057
-26.397593394273603	-6.369100850680052	33.844754056811254
16.62341396380581	-11.545689071861773	31.295847593628785
4.14428226755151	-3.5250355936463302	24.493867552953986
-4.589740156073832	-0.6194133899422553	30.422244974484826
3.1966453299701945	-11.568100997859013	33.821900491069066
-4.370742774492486	5.726567291805258	27.331372589053785
-11.618830209278217	-11.07818773435631	34.75155596057064
-4.85713341490303	0.1315314989929281	12.701791306035991
-11.913787591177273	-0.7287698428001119	37.6518930669794
16.345962352910952	-1.0809614116272546	-1.631875976638753
14.121879591924912	14.811452483441014	20.11752316024417
-13.898461030119613	9.343574936744933	17.943003307253097
-17.175882625463753	1.4755381134168508	1.4487639904594012
5.913422871729833	-15.515050651216384	25.769580552481127
3.059563499580158	-9.256286686523959	30.497424900235213
11.070475517437536	-2.905833638704049	19.72106358406206
14.72902814239307	24.8937572395911	28.697469519569246
-1.363384174230793	-1.8675193633320786	39.74746403473172
-17.644998771436715	13.084446958597027	24.725928147315305
-1.4866833770383934	-15.071986711171995	30.065909839841318
-16.979511102489376	7.96963833030905	17.560320147538263
13.262067662540769	17.220435550441092	33.79850550531239
16.173836533706524	-5.438927520684066	30.838214174219903
-1.7530574682916569	1.2565613625598973	13.670511039564602
-14.080742971886664	-4.603337769880703	30.959565409853887
1.0578450013271463	-7.437694989207912	35.6031508473165
-10.43738750334301	12.072364781566103	22.237768136885343
12.045488161360776	-5.589761244554847	27.181404186941037
13.29891233279179	-1.5852791366129013	31.74842160027263
10.5816275392036	5.138636711090641	1.961124894573416
12.841723769680549	-3.66813624880791	25.456230650869408
-7.103887923222696	-1.2839450469316316	26.153665382357932
-14.84540218955705	4.402113861707727	19.081607782263582
7.666625570731071	7.567288263452663	26.728726917612263
-7.898916025230336	3.449521888986287	45.300426319211596
29.785525846547422	2.9778650912780074	32.66021441205613
3.311985812896584	-4.759223622755949	23.497377547037793
2.5741787373701586	-13.144712432960201	25.099176372958073
-3.147114567708327	-14.886503497981078	26.56462316906966
-11.055108376146986	10.447804551071355	48.38194089355319
-6.847697075546606	-2.3528888638457652	24.242760688635265
-6.02433025083342	-8.19511854587427	28.96403829532012
12.589979910615822	-3.2252425046945756	45.40890398884768
7.414005061941392	3.9264671079563844	49.61016590231682
-22.93690682870912	0.5935475691407142	22.27237849502344
8.452350741768416	11.44445922004344	24.352751049354502
5.045394625162437	0.9384167093456655	14.25546150116742
-1.5533405294463518	24.713099613274238	13.793310630569264
0.6622248931619122	0.5551641231515143	34.75167519313234
-5.900045023941151	-13.859716309037005	18.332684074473757
-4.346907449384442	-0.15400786245896766	36.11398999245872
-6.16207343542705	-9.352673276440427	48.05312179819333
-0.6860213909953826	10.357664373171126	3.001753964152517
16.769488315225725	-11.771850467129886	29.886532724909063
9.991844087852167	-6.151723510135452	32.79236273007178
-11.46076950201643	-2.803851912036049	29.979789526933708
5.617736690965972	2.943956609718109	41.08102639468244
-6.254428468017629	11.612596996056435	17.40160324227282
18.730833251181828	-1.19918019073391	28.504569555837957
-6.971856348428092	4.618456106915874	32.02944164615607
-5.24673087808921	5.876972446930598	40.822205145280094
4.2215032492239315	8.552337886815733	30.36676173390876
6.879349077855654	7.062678396626136	37.43088839769524
13.991528135750244	-5.168912101219298	18.144368641934975
8.150394655758543	-3.7827418274070364	28.02538726203332
-2.133459062959709	16.61309495896183	34.24225809120878
0.6968138066085998	18.640036682575655	23.25375425398003
-15.076234884701012	9.729160848475974	23.695312121104372
7.478422953073418	11.146195492904836	13.658708255176865
-1.2168718490112553	-8.769260700022484	22.040880443054082
-0.5132534315547048	-0.3306066157486378	35.93793710838111
2.0237489313917223	-9.179791182463843	27.50696712188371
-4.149198300294708	-38.05158338035173	35.648688805807474
-8.174624340246705	-12.369127425055398	44.37400884020679
8.66443899199701	-15.574707840094513	18.628993065620662
3.711071033117748	9.50019668465224	26.017940737451113
-5.046207443521102	-0.15199193060465005	37.10827352807246
11.041815766235995	-9.606844988787408	24.738551131139698
-9.039111755187886	2.20379160109155	11.235379284415831
3.0760170427802795	4.990003631221539	32.76684897214186
13.768165193557502	-2.7381092050493026	33.47855370697852
6.9017964987722245	-18.227548729674485	55.214517323613336
-16.126943146636076	-12.057896599353	32.660799606620486
-6.026948110628043	3.755446713442889	42.97309901758922
-19.762287515625218	-1.5714667444037853	30.187458019214187
-8.574246390296937	23.96156296765288	40.111111039240726
14.05655294950044	-7.613331248184249	31.7023210935087
-15.168997265744085	-12.861142737089853	31.021464158050062
11.828950874279222	-6.3727899031655175	26.52459303122901
0.7942997062549555	-1.334392275240546	24.099938273326295
12.297582325879144	-8.892974894977124	35.90764534832421
-2.7747556141610423	5.766303239359885	35.85417330584052
3.8504735935413805	-4.861738967092395	28.354632754531558
-8.807602220795953	-2.136246930296513	21.362787416299668
-6.286363277765248	9.626796108533487	30.983811267194735
0.524307291518838	-14.431594820760218	11.938736254382157
13.771251271421178	7.3322665940249205	29.534158944955777
13.15108748645688	-2.4459745457568225	30.875781843967385
13.2167717259661	-8.589435799765583	47.47648423066368
3.168165943092273	11.396131487823776	38.78970383242819
8.897026917332628	-8.462532783825198	28.551988162355478
19.58225146886358	-7.718915160577636	23.82834166180187
3.6151103328396976	-16.27711689608893	37.850898245569496
7.7510318733826615	-4.075066396069527	23.050217270351528
5.103997740540642	-4.749720632316578	40.293727950023815
2.746604081977793	7.654274219638694	17.85509046487146
-6.039284075476504	5.023512010570553	24.88224677839162
-0.11379535665798715	2.399050057815895	12.526559022620265
2.6434412425017184	9.855801580307276	18.018490128557985
8.20381290152418	-13.128591278819998	20.137189567691845
-3.4664810232044925	6.044349322630223	21.756273239573027
19.127581276818177	1.6318737419856189	31.925686462009278
-21.168910665768536	8.306938933681193	35.49330596916248
-13.120594518267733	6.600448191311506	34.183677460168234
21.61368813807828	-18.68025436068899	26.985009822419027
5.159738209462708	-7.558026714959016	23.52316893758791
-10.841536407884593	-17.4439275497998	40.339615725286805
13.856922415118573	-5.473311151430825	39.21387585396181
5.570144535759566	6.457741309282522	30.47539056344944
8.881741469943588	17.54913796409563	23.513871212179282
1.1033612891378506	13.57484180571628	15.578132995817693
11.827015993973049	-1.2211657542283536	36.6440349005154
3.7231672105333646	16.842950688260593	24.909528447084444
-2.7576607012562504	-14.85520694451605	26.248640650099496
-0.9889423454081927	-5.777705006411842	28.331996035300595
9.459134943983798	17.473370440501103	27.98044121542313
-3.675770876711205	-13.763055830802902	30.295733910392507
-3.0520052061625003	6.780228649434804	48.55681396556382
-23.423058573302235	-10.504556922477741	40.962000218997524
15.757597482063135	4.416322839523599	25.59969835383428
0.5954951235894964	8.20041749918717	43.85818230695798
3.2602979731502186	12.525398557021767	40.23068418384781
7.358557364016488	-14.507614422802373	16.685597608903095
-3.0240128986324297	-4.818032631990806	28.775833315252957
5.112974564042174	-17.285281685473382	17.445617868555694
0.4130759147584442	-15.650719417363213	39.67301444368831
-21.673140075326597	19.17240114748467	24.043202874432904
-7.716171574894513	-6.921921203316738	43.61382551338098
-10.731111183279081	0.7289066986931731	24.643903089740654
0.02246914885794895	16.804231998347486	31.454986642153656
-5.978876666326548	-2.425744270288458	5.692689945783357
4.549282209389554	19.738173202582953	10.740842864612539
6.240528560728359	7.116525480574189	39.732930859862265
-2.5769828476598793	10.662448434723776	17.774821073334202
-9.848706451199032	15.844127932565597	26.841762200949177
22.043741880362184	10.905640761746202	26.1994253657333
-3.149288681935938	-13.054476613167358	31.839925854855714
21.44808175417087	-9.778219087016232	-8.769982408012751
-7.775167731997305	0.984901757097762	23.411039322389218
-19.23282456113174	-10.145581204436365	27.972123032498484
2.32724670587608	9.70626301570727	23.065561038835927
-23.243658375350655	10.209454092767682	34.61839610361066
-3.591616437846432	7.479291458052822	26.603026854582037
-3.8667322931020465	6.29479664919895	25.388976401970794
13.307297968658041	-0.961241039005334	34.410293512219084
4.555502352741884	-1.771342487632042	35.107036806923816
-7.296341825780664	4.254827787015868	20.518066078322303
16.678619043664817	1.6640583467424008	38.76399918200093
3.6731206368984015	4.526036372472488	15.592975817000426
10.163758201319427	-3.4663412192764453	17.49106083558661
-4.125864016625352	-0.05136308052023071	28.374041115764864
-0.40912306820284494	-1.0227571782848395	12.101200008587025
9.534248960520774	4.571592016844669	31.661688727448404
3.564141475679709	-10.256915017874409	35.53149980514003
-13.110526597657453	1.542023376158663	31.098227382925554
-10.999239841934703	9.520083936575876	39.90040656843678
12.942983505049721	-6.689511190391063	32.37067667649955
-10.11185554851078	-13.52688822724431	23.092665586997498
1.5096455342565869	-7.470788848749798	34.11572374111353
6.780516640643928	-4.223055122560679	35.89467722035759
10.98532196561412	15.815585569408908	21.36898269521349
-5.332601929498661	-11.093322583150647	22.569536280722055
1.3640270093310725	-1.1383202559364178	23.073791630886497
-9.448549066120059	7.373088223364127	44.740140880168816
-19.096061895995202	-16.035925015214243	8.422670206523744
5.455206483847973	-9.763369115961417	28.989233791153573
-1.1909779006453782	-4.025797976281164	17.60356931043262
20.575593112139362	6.161177161119438	25.76423496724879
-0.46761768605452014	-11.632887501552398	24.31210468894055
16.74946749252087	3.5780443394252077	21.305429217979828
0.3364794614713937	0.27916101154396	27.003661147484376
13.653624019231117	7.376346167768228	19.985826804325043
5.156982229246962	-0.03545219557508138	22.34805325007357
-0.9835350279033948	10.139134410330842	20.414511361222242
4.161605564529792	5.208191174213113	24.241729223590077
-9.375261808414159	-11.077339323659457	19.68272187096527
6.679694521642747	-7.084965602578369	31.95126231031118
5.891793546143022	-9.623749242295085	15.522878520429359
7.0022284151013725	-7.635141901474098	38.247843731181455
0.7000935692085899	8.2865679158737	37.82616666997011
17.360866983169508	1.6387018583438995	27.11895638801407
2.033360658902607	3.032621072403447	22.461204739774512
-6.086804763674954	1.65856444404629	34.6944050714289
-5.621555400700497	3.9210029176621	39.09805485635317
-21.99815261965505	5.197767193539054	9.019876102734855
-2.454234061959963	1.2294368492246326	34.384609586658556
-0.3294582898933066	-5.346469392730554	25.549052499757522
0.48791885614068864	6.770409430597727	26.24804674461153
7.965914393512374	7.682335747982836	29.540439082239306
0.9544290848539451	6.0385210233774895	36.71343964401591
1.5104020407970329	11.531544848635436	29.957483766609514
-12.476524150012791	-2.8809586576404027	29.09641564215392
-9.9593025061931	-1.9862001956059807	31.72370074717098
-1.254824102511685	-5.723120130101579	52.698430038003174
3.119452072198688	2.801595491576161	19.7233081879264
8.295507402942238	-2.814179756874175	35.15930518833223
2.9724753687572667	-0.3442877081310929	38.09896996436005
-13.559846149349594	2.9337121978952907	24.830284003126337
26.837203391840244	15.604321055764593	34.023974001310336
2.7157881364769967	-1.7027884998048708	16.068443971827868
9.844692673498818	0.22265293956579443	27.499994540159253
2.128507602149178	-5.814592907649649	25.34426844514917
8.5052627177289	2.2647581208801113	37.2545531357217
9.283495745358096	-4.893221538704145	30.862534689023676
-2.935665421433484	7.563193471599561	39.67970009043758
9.767543734606713	19.546042456911344	38.62619826306856
5.936665450513053	26.53200440939028	50.19450129508147
-16.715671714288924	-5.3509476575279935	22.796398389177156
1.7434495464226083	-2.706618327787626	37.064725045307924
-1.6493673107396196	10.8511510482486	35.42621171386379
7.379353574051879	-0.6643634027281757	26.055643192377847
6.053288276674266	-6.982502499155915	23.714170616292023
-3.614874545642834	1.7624013239200007	23.58828450338161
2.9576774906850947	0.6540607099529623	20.020990191535386
3.9770037183782945	11.278327395214479	46.48721261545447
11.494821880174333	7.337387870161915	37.34531587289823
5.6493838726994605	6.996113378067202	25.253743899361023
16.847835531821417	0.46813987552707326	45.23822093454032
8.579311621912248	9.376899810457868	33.3746128075954
-11.601991323138577	4.963665198700077	22.590462768790463
13.250253044271476	-0.2775587566265942	34.03492469368939
-4.924165248137466	1.3345414910409041	10.13345619854723
11.45881862349121	7.584960451568121	28.730834451462595
10.884095632670657	7.404859035888077	23.814605556704848
3.5630794241484516	13.38726613324293	13.073918703208546
1.3315871815606295	-9.966565052729285	33.28709009751567
4.346729775467778	0.9471540390900696	20.43286140939129
1.3861730832287789	15.658597329900308	18.794232146386765
-4.38105257708657	-7.759984006354191	28.2719953643932
-1.7547053065342075	-4.312734484992769	30.665450277720865
3.222258684187538	14.173237629323703	51.83406842032558
1.3268216234075128	-10.44074606568055	26.066538024313363
2.362546818494529	-19.250622789787624	31.335284530784854
9.464187033889761	-7.187427160469784	29.24661755580081
7.585709869914825	-2.026304313600701	25.05397543181513
21.316020065368754	3.259342481984906	23.34768288542995
-1.32729822648212	16.02900043716577	18.168491381028243
-4.3773552134614055	10.464112517161034	32.07875687404198
21.028729158534425	11.061925414861983	3.948439368376942
28.235611714207998	0.3232323926656573	43.25640310858841
2.7821715414186894	-8.847710902267064	27.94723757721101
-20.320449325630527	-0.8067179668953673	33.31350679405811
-10.035708758928816	6.562347289596113	31.015675217244635
13.226605158366144	3.266209632726066	26.218370571234534
-11.67611187516848	-3.4106018903297928	29.077722506102443
-5.589308362288598	-0.981049350470789	4.408825656514772
-11.961160079974674	8.979617275941772	30.597188055437947
3.750580209759822	-7.17905437888665	17.697555933334215
-3.999069196944895	13.010516068099797	35.208438707670425
5.923052808949574	0.860063866204015	20.401270510503494
-19.996879111618057	16.13374920097208	21.559586856596162
-15.196043125017397	-5.340350150250045	31.41451813089893
1.5446314722274765	-5.34486957723964	25.38671550321362
1.9419933780846221	-1.1782078906317048	29.59047416151236
2.8516440981461293	2.559736282155869	25.279175088977233
-7.246367424739334	5.927142110087474	30.7565911129224
-4.8280154618669595	-18.705620667628523	30.130774819132224
-10.257317358665524	-6.341496766473581	27.81717619602679
-15.510881402278347	-21.228317177996377	20.501297356043544
-9.72334148160774	13.835163051077712	23.380295840213385
0.4639841608477258	1.2908804577953061	28.213876300248508
-2.347014900233075	-10.650129017276198	27.990548095279458
1.6018514508613708	6.0726252917359975	30.87120049435014
11.59902709822354	-6.424848965657861	15.95871720764423
-17.068681612476098	3.0472278196795344	28.469907185718483
3.2984369752223595	3.6274922105099057	32.486304918064064
-7.515860346125606	-11.06312075307611	19.851883187117693
-2.324852380480639	6.706653404504857	24.803666158776757
-5.4714931557943896	3.293417938174187	25.913245697945055
2.2540572293588528	-5.182677263801915	24.279640861713354
-12.451970867638762	2.9877721166945514	20.724735898957462
-2.881107144941242	-9.992075029230028	41.41792296791834
16.728257019615967	-0.4859171177349533	31.12308244726664
-2.021363577092916	8.052208200445348	32.23514807299475
-7.308601719276242	8.6360426294818	30.301397381217907
-3.5487554231428313	3.208157148391341	23.089975680407438
1.2370715497766436	6.46228529796614	20.71478031279812
-19.693435136730542	14.419300977471405	29.95239633929137
0.5921895656010994	10.594170658922351	6.346743698761475
9.129516894379945	-7.321315534494893	32.03402810421397
8.677617790593258	-3.4552513882856446	14.437342638179794
1.8104132626847673	-2.6139458183911852	18.67470221064024
2.099831738440697	-6.302101229778834	38.014325892929435
-2.7387117762752466	10.431672621590376	21.789051053232306
-2.7476433523367345	-4.183315962712225	18.541428031967165
-10.5779137285334	-18.51010155138371	23.574453757052744
-21.82355964337859	-11.712725908859063	8.167788619274212
-11.639007221957163	-3.088196056862359	29.67957211223773
-2.8611260705995716	-15.18519780776894	33.366521315710415
-3.4039142101138826	13.493365430728277	24.093634534249375
18.460370840003478	0.6043114059819265	28.100259838603094
18.659510843317506	10.163815687867102	16.38529084404833
7.188714945384696	-2.8216702993382325	17.077506257095607
1.3202319631995088	6.42331415417723	29.104458206940837
-12.461729121911096	23.547185261361236	19.630364578867184
-7.48205532812773	0.3774873604965253	3.442022798109658
-1.8339485424838236	7.839731141041044	34.91532172854295
4.979488025921882	-7.827533052449951	31.853764436163964
-12.551079449542877	9.72308562179756	50.62046064290272
-2.436255616050738	10.035266571406128	19.056973652619664
-4.010362601530161	5.013056825366168	19.7619631831751
9.6806450278308	19.106554725233398	26.11051858635055
-7.004001944670036	10.334212646536642	30.135371168586325
-0.6554516271262913	-4.131611553366287	23.320575007318205
-1.9144248207891155	1.2455588258534562	20.69759652001354
-2.970825667153137	-6.353794365252109	28.332829575165064
-8.148088551505616	10.421232732650367	30.05842484106917
10.488409175165073	-1.27920034567512	36.382514078742744
-3.873155093666119	15.581083529041962	30.430535563650523
-12.371057751469074	-10.858689522929012	18.61541963298944
-9.084847476362306	10.520074132371182	30.646262567553272
-27.56009657724844	-1.4884371384046855	27.718288790457624
-11.712368672168296	-31.5952374408812	30.529401824750916
30.008003091933688	4.413584851874798	22.70070655221848
-13.30791862728853	-11.075939361227334	32.638014020173095
-3.705459213847812	-9.415204298761367	14.943042813262421
4.360380185616725	10.83724176930389	27.841423893589234
8.105529872822194	14.273634684900934	25.492758089750662
8.205621234790174	0.8748705763803435	42.629514992597116
3.112504508208362	-7.665388887250009	24.5546655718244
-7.021674715141869	-6.865220221663158	18.86218192367636
-6.085690062279616	-7.7953058299769795	23.432615355897866
-2.279297639945068	9.324624729114273	22.52162696799075
7.657884262869427	-9.364678433002137	29.661973894699535
7.439823633827362	20.36209255968666	19.503324887460828
8.86268447749101	-7.55510906516799	28.485912754445454
-1.244961658754875	-17.369781652262787	15.439981912824443
-5.708376451647013	1.5294218107776398	31.62208935202259
-16.76940345893718	-10.189410285479575	24.37747611409967
5.895646309208237	15.248442262183957	23.538854721789342
12.153769784833967	-1.1526943776572272	-5.27667112849992
1.200293531817315	13.149456062433153	35.684312918171514
1.3481056855324267	-4.087561142858837	21.792307809363823
-6.29201851752828	-16.437095835867837	20.652851576155676
-17.337921764660024	1.8273973151981726	31.10953806891289
12.05610939499244	-2.89965185125143	34.800945696440415
-1.460155564019781	-12.924039539086657	18.56026775778569
4.964535815716294	8.866738120824275	34.24799874541805
3.9952213228333093	-2.6843503897302807	17.737360444197456
-7.391778524471876	5.996480980670813	23.427297937164298
-4.473183849873265	-21.44820098262373	19.153188798958844
1.7015919673947337	5.3002210155710525	22.17437408606594
22.24896355050607	-2.1502190151415923	30.828550273488126
-23.418754078877107	5.001057359062251	34.79610146478077
-7.915828877488433	-17.018663464162326	19.222040041978246
-26.369575717264738	-9.013868122969061	18.4904776512992
7.014966531360647	15.19713387140855	35.54892270784117
-8.053571870728803	18.107850959962214	7.4393703314330715
-0.2565778979508176	-1.2163455583129557	43.73461816954348
-10.578181950583732	0.27364509166412526	22.79721116406634
-1.1893928028242478	2.6875870144768994	21.571118559258103
-24.576017409833057	1.9536035297566712	9.584213764651647
26.165243476662713	-3.5675108732210385	32.37783514163143
-1.8159330230372759	16.93169898634113	26.465330628478878
5.9744901078763055	-5.277473769418648	-0.2935138248687146
-6.777903782199969	-22.522644810294384	35.013525178499904
4.7948098541820885	-8.220649016336285	20.030756906078203
20.58077980440471	-0.3946715853301481	37.55361636286928
-7.494947479390547	13.049079883331842	18.702807941802917
-10.570525756846783	1.858732660632879	39.63557931328445
-8.764529251007422	1.858097385288965	21.573638435811482
1.6589536914139233	3.5869290759118906	39.40080306756734
-4.22160967123156	3.213327838242887	20.842677437648565
3.8177841451177326	-1.3480447613107838	24.612807064876982
-5.561017049018987	-5.142464162875074	23.421330756448118
-4.74140124158334	6.204933654805565	33.42276124151849
10.170066322916796	-13.95124387073569	25.023392904924865
3.812930839897324	-11.536547141712566	23.077135645266445
14.735758028390407	7.211508749813927	37.33034638789647
-9.15977329605591	-4.809435406571094	5.999158239903853
-4.149207671434375	-2.0080038138602623	34.65803953773217
-8.923758584447167	-3.042143206512607	32.636414188571074
19.66920581615081	2.2945966744048256	20.527689365264113
-18.576518804583667	-18.00863265374127	36.23199441822804
-10.130158003419092	8.514161330511387	50.8911291875964
13.2892504252655	13.002150758263697	22.362995051812717
-7.436589559143413	4.200421471812287	44.535728318055895
-7.7692771557773845	-2.5157074379279627	19.136996780817658
5.939932443317533	3.929677215574295	19.48406075227816
2.217894392208437	7.928507649488311	31.859027133231464
1.8094203259781638	-1.8773106633847256	30.95390439387462
5.913828607628896	10.236071682461374	34.42103770968456
-0.46025715728281963	-1.8011390388074089	30.445752805895065
2.4882384303507283	3.430399002834066	30.06492555579344
-1.932770629865837	7.706158846386981	33.48339096448137
-19.070970475127147	2.8869622245076054	26.17079825998677
1.4066365112890924	-8.52482525480267	32.319372871515164
4.8273010329651855	3.341480387580601	21.39491318571536
-8.31292376374283	13.218284539902248	35.24607560584439
-18.469573515610517	3.0141052772027637	26.1109326702575
14.316100728950902	6.088267595094869	30.191511575562608
-2.8789173440560094	8.109609915082762	26.27371589060893
13.585537053888398	11.0702579028374	24.907209411236565
0.6037198089472177	13.686417937888326	28.530687828426426
1.7034312007762686	14.908279827995749	14.896544817587554
15.392259827447338	-10.623360697637441	24.670572629898857
-2.672657980136679	-3.7651984530913634	13.628258223624528
15.405075936248853	2.3275530710554775	41.923307591496545
-6.841588989940963	-2.283109988888252	7.722955987327538
3.9053229402783174	13.475447875900244	21.133778001178634
-0.817925241085588	-10.20307043914375	19.7056720193975
4.550425120737203	-24.518150937826448	44.41779906587985
1.1741268913832386	-12.124301372185878	12.763367672052377
9.987962589760834	5.853082932721447	38.11021675901637
-18.12198384672719	-3.590358694210407	39.30796265144428
-0.010693594439249526	-5.521275644164707	12.330025716022822
17.742481827731645	-13.38130143879386	25.39533651271801
-3.1593769150399966	8.5588544122079	24.781721299011213
-3.1512104817449598	-8.873599896841888	34.314611481515556
-3.5852202764658907	-18.489788321854007	42.83764537701447
1.0356731699295392	0.8543047760134164	30.72296058192334
-2.7410087138105306	12.678730627874549	42.432856317328984
-5.015041700560435	-17.73318202336382	40.30773664138878
9.8976182371645	11.798915157404865	27.114143179940392
-3.349145072444919	-2.1274053665578374	9.615050707867116
-8.847344216590228	-20.6881128585604	-3.1486324776985057
11.653163863274436	-0.1300218276997037	39.2624681925012
8.611928326199772	7.189773491641556	27.281809535979033
-17.35889563596836	11.456998160554456	25.41723200567879
-2.460634648707521	11.96841321365391	32.944120536184705
-13.050866763042308	-11.49746080328283	18.897741567918604
2.5665937372740437	-2.3588694143172084	39.29984696661789
8.433753965143424	1.2932693539769524	25.604905466169562
0.4889493509060584	18.0008895936094	40.7567477293871
-19.74697613581712	-12.240047509045702	5.5880428713194625
-13.14551195523541	8.431259000069709	29.426188565112803
-4.760391611884408	3.8877782136554417	43.22081209203331
-8.171046137023746	-2.5162319142177303	49.45000827907386
-18.487734752943354	3.5830316169891363	16.133117032755358
-3.103050259683097	-0.37416127576731917	20.94438181842184
6.437198349367844	15.809946531709516	36.74246489383793
-11.435268961584113	5.745197156101449	18.721913129482658
-12.870712422190511	4.90930179574476	32.22163193763045
-0.16193759988168588	7.000814265492665	15.274258587262011
19.486300906280228	5.208315776174937	27.333493461789075
2.155049745036291	-18.63340255095533	36.188863248623406
-12.050421330513002	-7.9297824448101295	42.597217253852534
-0.5484302942803531	7.075194472113372	6.77182374143451
9.417340648027677	8.88697186995255	32.150342420074296
10.250176297069821	10.21895434530627	27.9489854071529
11.873855042345706	3.57655287070814	11.286314118182048
-0.07235012022121774	15.92658943108934	14.254300760337212
-3.5413830833206115	-9.655141789789036	26.82317007683751
-19.61099488021557	13.869011866783634	26.349967023928272
3.7357404185069547	4.8866138053641714	28.594075790236683
3.9152562004186233	5.278002761417591	15.55823020971536
-1.1440295617456884	14.856312881629234	28.69399135506471
15.792141468873904	-12.255062142977964	38.72976764174969
-3.270368729626064	-11.235001975195056	34.139580624636025
-0.13642074629689965	11.245337610022766	27.075342300581703
7.76307480438172	-0.3542386455963448	22.50493186617587
8.19296780326052	-4.159245596861231	25.491588120972157
-14.720643350637134	-13.71160169467313	27.24214015196843
5.242516799374136	4.909653299878901	41.72878920422857
-14.55664837703295	2.0668556495023633	29.322449409988696
-4.816171270582538	-3.5843293640898928	41.59452663055616
1.3195524721238194	3.359803771438253	27.593042581504314
10.039001133383131	0.25513420289836486	28.772589750723295
-1.0747427323283467	-8.09992604010353	18.100762184416567
-17.590146871736433	2.3641233961779453	21.629680054137253
7.4848458335720816	-3.4184978734725107	45.33309592031694
2.900552381424072	-7.5583953388422955	32.00274585706789
21.92799605758514	9.302066323601489	15.086046480535185
14.477750097803083	2.0361283579363367	49.794130257380175
-22.524994920266415	-3.0704584629949623	29.901877435447904
13.169400079545417	-9.787532670690398	28.966664962538495
2.9918918058419646	-13.553594474233886	40.27498510132473
9.274741098247228	-6.117011100181525	21.09620370198708
-14.323217765433318	-0.8919258069135111	40.636777202971444
-7.17210734913391	3.5187158883599414	22.006077887917144
-7.007696633594823	-17.422829197551884	34.43694451468171
-10.76022341222936	3.3204733451395576	18.504297423470526
-9.523262897079118	1.9285558877880196	18.48828013363835
3.3264808705521363	13.348380954491612	25.93749206533416
-7.592435772978293	-4.03149084469081	52.3889130337476
16.852271978638463	3.976654860600948	27.72391950424385
-6.059570331006331	3.868550058144372	26.202937766854497
0.969053171646903	-0.38179678041348064	18.242793316264752
10.980993406346247	-0.6443263026117181	24.003428130305792
-0.16627087155252226	-5.455441324709609	21.269042917867704
-16.172701970477092	12.515303582433631	30.986253244152472
22.218561733577143	-11.916223916842068	15.756849287730507
-13.750361063366475	-4.78711000468856	8.408870401148686
-13.81737882195427	-13.175782483331545	24.94808188179675
-5.9866169410653	14.451340926296139	30.49272729951508
3.6499682772900983	-13.445713549359528	21.391651807426303
1.8217352990521967	3.4491642503627498	36.694013409441794
0.6378151927612247	8.003482844586223	16.239675922458957
9.959109680275537	14.25180047690022	23.721640667649197
-3.3564051934707777	4.361334622617737	30.337095579683005
7.389262446607373	-0.7702805084544768	22.429095609913823
2.5573210125625874	-18.37732800227614	50.45309744587789
11.544096969827013	-0.09397362715811228	36.94981905136984
4.2683252843382204	-3.1411018774480115	19.321337656709467
2.6636149052908147	19.978987469835165	26.335102516498317
-5.301432882722031	-4.46746970925227	18.904720500658712
-21.90124966955212	4.156594216975831	14.549402960935804
-1.1413871002066913	3.69336881599261	29.233795499872034
12.736138933573107	-8.421902611297087	37.94711477154742
3.0770078087977137	-20.51865643061717	29.843107652758896
12.994398078889208	3.057107453189896	40.334912276072004
5.916714870849091	8.568880766662307	10.230840201647815
-2.334333453044496	6.844320002564316	21.36698593787822
6.0795401311806465	11.552380968040836	16.885075498683292
5.662381528414956	25.360692452131456	27.712092097630983
27.61035052770019	-24.52535608219433	27.680212434307
18.25954640089569	-3.7338812375027732	25.745185106764108
1.796099427111245	0.23149027903857225	26.121874685687512
-11.402649616656692	0.31431500757615305	26.645071200535188
13.746736966619464	-14.606384811514882	39.89778908567969
-21.367534124023027	-22.24263072197386	20.51953338354591
16.020628883253018	11.37664018293172	30.79888855695583
-3.843628082536207	15.10851450875558	7.428083762103739
10.311757120989654	3.8024753618106195	33.26144661903824
-10.96487953227716	0.6617848352989497	19.479195828247
6.32823988281622	-4.13459253875971	29.995164199977093
-11.273892235894179	2.419594370843768	24.774084195106823
4.770646922881314	-5.6811091351236565	35.807675694257405
-0.9613596830548637	-15.239003215152724	42.77577834761829
12.80113136476771	4.277308399983167	20.751287407702456
6.657658646508981	14.635778863730957	57.22912845220416
-11.737582502372586	0.29739481727883876	33.47970938013294
-12.243313867406144	-0.14284311401155092	32.682540018086314
-4.8460438492184394	10.88818398567897	26.477092792514245
1.8156646491713686	-5.111827090961903	8.251712552408573
-0.1280755863649041	-13.44431076573815	39.06119513851975
-12.455373193370063	10.605711726348392	24.23688524266751
0.8840145101649279	16.226842261570354	16.28486707754398
-7.572311849295076	10.838161476926018	35.82049286246513
-0.07684683634818534	18.922644608866406	33.06183883216866
16.128684127392237	-4.729090861529574	28.01785966851816
10.998987271952142	-16.553200524207195	42.057593644636704
12.556032051425511	10.071325259642984	40.85771240892992
-22.158675600652266	18.738789764779902	31.9846584518495
-4.728118637234148	-10.433506363200607	34.532441616374115
-5.47522175067268	-1.8307223666294081	20.085736220417527
3.508629620848971	2.6386654094773307	26.307249087854938
-3.531563944757469	-4.693095865777969	18.028560657281346
-2.072417946451806	-0.08377865481239409	24.78655284145818
10.65787388671567	3.731425491756265	27.474712553800245
0.35625187805948866	-1.4192782779534394	26.723544439223687
-14.194626538792212	-2.3928583443024807	20.257169623033626
14.738774319674192	-3.807783454174621	20.887136056060488
17.3292962609194	-6.333179832618349	42.293049678194805
-13.958905886825708	4.94354359844001	15.048914892110789
-4.332848088576697	3.144518019901291	29.395975990094446
4.033100222749868	-12.536386347565195	2.2285244271791953
17.687230938480393	-3.9170015462443346	45.850725008371825
5.5027402867372555	0.15145487121920406	49.40215556632963
-7.3445962402420175	6.144655577604193	37.28752761342371
11.614882394273035	17.305046903645852	38.32340812999209
1.0011064681127748	-5.94558939942487	17.46329827118902
-4.291442477795617	-6.827539398593252	19.45028176473125
4.1609927198046055	-7.195405413070782	15.17762263330528
-1.304619356947854	-4.945081003447652	37.52785085545884
-4.253742644192159	-8.848341250169574	42.056892499096236
-13.318902857920957	-10.707880175599023	18.024974314724805
-7.275355802912791	6.230586309998522	28.381659083752208
15.042936609817101	7.804747469422639	38.07678077994587
-3.062602728654867	-7.571932152423821	47.58199262681933
6.887570808056386	2.6136229138846194	24.732701895288415
13.022654005046563	8.465782071686528	33.596442976627685
2.668913337260863	-6.448312593569968	12.41428496639004
3.129712254162895	-3.2800611351230273	28.759669320271342
1.863414892784926	-8.826083859063495	39.39692488935982
0.22398784650952208	-6.611636545426338	32.477069618422405
13.406196921583573	5.873034384143136	21.63372506015474
-0.09994964829342429	3.140811692013687	27.638180205689295
7.6475244055044955	3.1134447304472457	31.291494931966135
14.846772463889772	-12.522727931101194	17.12888651805031
-3.26219873843776	-1.5396671250225769	31.67504994657166
-4.946700720925252	4.5447121069214695	41.23208700720904
8.720744626768997	-10.14281017137279	33.50756427616209
-2.5773885306562687	17.420752056722108	23.697626180690104
-4.06126709348719	-7.2635938363600125	24.70389332261043
11.535960294778203	-14.422972692903642	23.91823577886639
16.77476463673455	1.963988979448831	38.687745048667665
-8.893724287859987	-12.225125751792119	30.79603147766956
12.436794362353705	12.29686987083862	30.359843732382807
-13.44344713148105	-13.93613697617663	16.812576436287785
9.563576933683194	3.4370957670712987	39.80980995048457
8.217590759490811	-19.979601676759195	33.00430406767113
10.758776312346715	6.48938247800968	15.320219227063536
-3.7036612429655897	-1.3293796969015401	22.703845340510572
-1.1665891234293366	-5.860552702646008	29.45722775039512
-6.737304903989853	-10.992786233862805	34.13370895647076
-11.703863220345267	9.96205197560201	40.899813324437474
2.6730503546223536	2.3532361193879976	28.82861059401769
-4.132106624435647	15.061978917288233	24.810023545333102
-26.252599788487846	-3.478199950746543	42.92024831535714
0.4788839336916032	-3.5833925926161485	27.511095908913333
-10.02096271155411	-7.833437134521518	17.971635911061107
23.601307175240315	-4.237407379475625	35.11506639946373
11.3991883051579	-11.069778573873341	34.69792844926552
-3.5578671371014576	5.397068310070299	37.57492769163752
0.7244145460562185	6.035327579156789	30.046955255518178
17.330621967339766	3.6400434474484102	53.201204863334745
-12.14030891477125	1.4139665055976014	8.61294471416739
-1.5885203718108063	3.9536248277039383	23.241707373971163
2.5222463898794674	-11.147427037586386	39.543445780920244
-9.042515432626514	-9.400242005345055	26.033199526525618
5.214346625766632	-1.0797261159330864	30.705654849053445
-2.436590745916021	5.232519932495779	30.165369065118114
0.40034665226089927	14.647685399983516	15.204826755556448
-0.35770009895384286	-22.85877883927953	33.22729333299547
6.259256779634327	-10.624430217224589	29.315375828447706
3.919695062057867	0.6669184807687967	42.5593020337643
9.851249660232734	3.392692858176041	34.949539642245405
0.9427898161314547	12.607365830170052	25.681186472263718
-6.948747764497804	12.675386415973016	35.69196162562087
7.9531015924639705	-14.531270948276605	24.425180284118678
-5.857593882892591	1.4715032360798597	21.053172557767336
1.2143193469323206	-15.323775074661057	20.911285483884605
-5.071886034625952	6.747698545464416	29.4312654384176
6.956625668353649	-1.546095080666383	32.44370520729832
-8.384759114905147	2.8943893763396655	17.30790766792817
-4.303531493500507	-4.935952377067458	5.20074290826982
14.867769619931002	-16.95495362088323	38.5527085726154
-0.09627573360596137	9.605846886936947	32.15031800069488
5.692811720501022	11.670235186462726	45.670469908181936
9.464912905458423	-7.2416353146060555	29.79775054289981
3.8497055186510143	-0.9229191223932958	24.518690540438442
11.995298152633126	-2.6490491671428433	13.943238363585305
3.581363826326638	4.471599551299368	30.15074589969244
-2.8056209175434517	-1.1382481348722313	46.70433488309465
-8.4078655497862	21.51273297154216	23.56020730411593
-2.800334657860641	-0.46205328115437866	18.296025840338885
1.8395102419598655	10.125410041416576	17.368910990733944
-17.355678605887633	3.8120359025105595	33.30279225743441
8.678446555907865	-8.930789547330212	39.15805439910945
19.975184079830683	-0.3980304371000446	41.0324246892755
-4.013106609100137	-1.5819176699684612	13.099918628290514
11.877017049089002	7.051177886500902	14.651643906315849
3.3666130838224	-5.214513483371357	36.48795367228912
-0.3472630343347184	6.457395502334738	30.251197902786053
2.7767747299598433	8.874085665476954	31.80265435256667
-1.0055632043805924	4.218232155654262	38.504063961785555
1.1537830989368827	1.3118595544945895	18.760719627504244
5.130350255001793	1.8982309441998035	47.890929222200405
-10.435887517887325	-14.348831205002341	36.621974314559594
-2.0445703904710726	-11.365712211254559	30.794536127064468
-8.652924973458088	2.8777283448854574	30.987305071406624
-12.23694259005465	-4.533616008609778	17.3853180767699
3.203546785675716	10.887910902324426	16.34165769992634
-9.732842870912808	12.193032500864916	28.3220143388277
-0.5864527780992492	-0.04408544480611568	11.163125593967788
-5.379208850401361	3.0308387305634477	19.48928565726594
9.570887002689222	-3.6170681984265385	17.07860136084525
-0.13501019734767605	-3.6637824668627292	34.09238077274922
3.093816603807118	5.49249343350575	13.137750093649046
-9.883705717842858	11.688741473864518	38.17066066117118
-8.34413109966134	-3.3687444060003626	31.12098432441407
13.777383007898397	-4.484853827274196	36.87919449449675
13.355791029356553	-2.701931408902486	27.155931892336696
-4.087565394986554	14.603741287864985	13.81431903659398
14.630435672043859	16.056888950621808	54.57701456332926
1.7118445481477695	-9.157265644623449	36.455032610076294
-0.15662415522761358	2.451587306605535	9.875094634617362
3.674979076067995	-1.2122644220044223	15.532444974767893
7.00273911047244	1.6328729278031742	12.25802309658373
3.731239390770711	6.166691204824627	18.96293006428236
-10.000945328410031	1.3031970293030373	20.068372047625843
5.341615364830976	1.4011016730125894	19.74591897424265
3.846392582364473	21.063682742900593	37.304116397684055
17.36917678230915	-8.21771709326917	22.117002053086214
-12.321616682064615	4.761534213161816	22.69618664323606
-14.821068368483978	-15.692113403185797	24.246118897204077
-18.69345771762413	-20.746869908015743	40.03983436939006
-12.388683747044828	-12.656729985188822	27.185214363215547
16.381728974097133	-2.03537399047394	23.477697484313616
-11.245313578344515	13.8666383663778	22.708441851286388
11.485586880895271	14.410014771164924	30.769028137556184
13.903435473099417	1.6765466880019777	39.41391061409767
7.3555658824456405	-4.202064480818015	31.886922194214932
-7.011209753007081	5.084086607797803	27.930295370741682
-4.659774972846769	6.256109254365196	34.97733215706218
3.1981266445562677	-13.630694071362585	29.349517477039193
-10.659103781723081	10.595935543420271	30.51395958137677
8.100850303115525	-3.7227555332300715	16.663395299182966
-4.17658850396257	-13.79615468130572	29.211588755163035
-1.9188157909204202	-6.482000240241353	7.478727970502096
14.320637271123315	-5.678474591787651	32.478320947842185
-5.645684863049057	-0.5543739346616517	22.572380674062813
11.685111271409523	-7.184407344814697	43.88107183217322
-5.657156341180808	6.007099660834837	27.99149178670411
4.027752293873216	1.9452629517085769	26.938453822903792
-15.289188232036256	-15.299372792411017	27.88664630964325
-2.77581915682644	6.600901254393888	6.369521181751875
-9.471691763889313	11.68933454431659	16.068871529191828
2.8141508705464946	5.632426407578565	25.726533234938266
3.6958797618044485	-5.595285004389035	22.754526130171666
-11.930356071867417	-17.856502924560434	26.79512563759969
0.980343393128281	7.9332279528902685	34.663339387259946
3.813754952802842	-7.623616871869292	18.25811878723968
-4.407837055004188	3.4570994570403712	32.70976246717041
-0.6618097611267493	-3.3912582554409845	40.725365830662355
-2.1701617366991623	-0.0973659317516898	28.991229486599607
-4.100861370841528	-3.0049312810203084	38.74823704121465
-7.13169940902681	-0.04808613292569263	32.24891609376972
22.23148578700528	2.1915309209651057	8.498810147699473
2.541751906456211	-9.491357386845966	20.664816922436124
4.735485153771602	4.105000362729503	26.3082124074186
10.239486177157913	12.915486750451858	18.0932557939825
0.7605453342069534	3.9484024389824506	40.7142205852099
-6.678910244752242	0.18862793130906375	19.695207615874345
-1.4985477435310641	30.576811745886545	28.663774817242263
-17.516030545987785	12.560610991061408	38.55855872777396
7.996028035956012	-4.466832971740347	22.404307642072407
3.363189366137078	6.236874780683086	35.481262665590144
6.217303908704569	-15.357567942072489	38.351347103847246
-7.041473322106954	-5.757031115772514	22.226360432958636
6.105973652413731	-5.599831941274339	8.063474222835826
-4.6874574077278695	-13.424567233787473	37.962860832224116
14.62164396440195	10.072607271695164	15.804412841360683
-5.74467821488936	0.23790055219994088	27.920338680167927
-3.001367067735611	2.618747049542225	36.305013132023326
-0.4239166235149688	-9.204466082621153	35.07960880274764
3.026855928174466	-19.993187213997686	23.819344228304924
5.052039329651214	-16.125539942582257	36.370500132999425
-10.269783123624368	-1.3650907215666326	27.655529076744102
11.096507142027118	-0.013835882705338727	33.00250283731364
-16.645110004879744	3.3864010451154924	25.44325617427411
6.210601208919258	-3.6553024308356297	11.079135696839096
3.5691800395993627	-4.064778027516677	18.8642686597249
12.521562419667942	19.273300748573362	45.643232238616264
13.294617930400017	-14.173846545827224	24.13438765294552
-12.956893129502339	6.545253320254409	29.549812036571154
3.078847429454878	0.19088192681706834	40.85225211233334
-4.428323237776866	-10.92924682795176	15.376462592421769
-18.85271937282184	9.200554961277497	32.02700927429547
4.362987105118021	11.28258822353204	11.491497021682171
-8.87181920671416	2.196529886283284	11.410378829506097
5.727834380011161	-6.336622214679602	33.464022491879156
7.014859265933006	14.459312579377698	23.02806543789325
-0.966534251276453	15.75830539249699	31.07327906922083
-15.440730022591607	-8.851904413103494	37.79602879245251
6.574197106895997	-1.5676027212874744	27.402768922633204
-2.2899583119911378	5.740172831521289	23.174176916810058
3.236020312361814	15.858632247705915	26.289247917431734
7.201290109099341	2.8441321525388554	15.90248191157637
2.6508260855082333	-2.2277049437723435	34.39624794277972
3.1598140888506436	-12.648115028486263	35.91140771051291
6.397738528887887	-2.9619177099171945	27.088374100241186
15.07661793017174	4.842218108469253	32.22181622990975
10.820031547637685	7.666042225092127	48.50965995073537
-7.702819138101519	-8.719041202213734	29.50320545516992
-13.471793000999083	0.9540776679972982	23.035059355242293
-1.052960658721516	-9.65892913164055	13.086433291715935
2.512773449000165	19.244143959778942	21.9146348918583
8.813372176693944	-9.094080362787702	16.783680327574064
-5.63167750843249	0.03779158077061222	38.8058686198891
-7.808563802365701	5.849646062261023	29.788840438455548
12.042486091816098	-14.076899924372512	40.98414120792881
-18.008074893717488	-0.6598972127272495	10.832692327547065
8.911233014179484	-8.44124530191335	29.55553422628245
8.53875623435337	-5.882198508396112	35.43936623499803
-10.802613767488864	-14.87765802654061	23.418134755363702
6.292878003408436	11.926788714323052	15.841390275179592
4.59904320358304	21.03774729207618	33.79938651915175
7.536466589729308	-5.62175189836264	9.40239932442497
10.805724006113484	2.8323689848024625	27.41954136857894
-5.237992826044124	-3.4758681857783342	31.85645315211696
-5.932291223025486	11.457225354936597	41.09231266060912
6.769774765341402	-11.665359093325776	36.54015623061882
-1.3162383353729215	-10.957966479106139	41.34531062677487
12.153037449820054	1.465073993726346	34.49913246310858
16.471068139452434	-9.432933474607797	37.66582353481005
5.612049644399865	2.189744109836986	35.152049046514755
0.05252671676964696	2.3260721384145535	15.149203590971938
2.9667333842243897	-11.382475680735801	33.01242386086766
1.7590200909539644	9.035953872765175	37.44466035491294
-0.994453301457176	-0.45975066796314884	18.08526240727793
8.32688283216806	2.3066386287064016	19.96043738993629
19.0103775846448	-10.67506614478712	21.665817751730703
-0.8707856800318925	-17.34744869338616	30.050218746386125
3.3273529679736438	20.921983617961715	14.494076327543121
-12.678000914178153	-12.017161976914055	16.21766192782444
-4.049372183965245	0.5723440854460206	29.513235566612522
13.438734565682381	0.9895938487025567	23.999981189682916
5.962000473606775	-6.582735191954503	28.373439200186162
19.817972975446207	21.43039329261566	21.569576940331004
8.88431978890868	2.831046874890934	16.697012200168324
4.8589655748672955	-1.9099216707888504	26.479609059571317
-22.407532033300235	-2.841000297168956	29.50904727755022
11.517786884819593	0.8294844739429713	33.16149600156584
-0.13918561449379713	5.911270944065623	31.915431943376632
1.0238156297833803	2.3869008397679674	29.67665270686621
1.463465621593886	5.06202082167425	18.93646930547819
-0.46396010614495975	6.7176785883019505	10.210329277716873
2.9175207547533777	-8.466024170813837	28.404897537422926
-15.289284086790255	6.672049723602672	42.50181977014657
5.618975101818174	-0.7812848475135186	14.82269791373745
-10.412669028723053	-4.720519233334361	29.073616162141043
-3.0543599421558953	1.869506550425134	27.6234506190094
15.754972941285372	-24.39991614594282	22.06576581740402
8.004807517613987	-2.937158304612386	37.578571968116854
-1.9852711899640763	-5.559346244864761	14.061096765219895
-15.40369614809335	4.509214035917095	27.32908274035808
5.502055849291052	-16.486338914185097	23.111532047045756
13.513570555783804	-3.7496986065338263	12.137737613417944
1.4766442676782752	1.2789263698521316	29.62554697787813
-2.334141033707434	19.46891022915121	17.627965837418813
0.681631284383663	16.60841508842165	13.35648651685786
4.440226957993087	22.116917929535283	26.781923128240173
-11.218600899494524	3.6890809992327873	14.595243606448346
-13.081837037869086	15.103719871210341	30.611255585158705
-9.527733436536076	4.2768644133592115	21.489581469112736
0.7080823694243994	-3.132769334824581	28.202937708847067
14.52343695286159	-9.861781892602181	32.10490697909718
3.022500253592763	-3.198214659851064	27.113776994235863
-2.5245583964648417	4.776502652718706	13.75519306757704
-2.114033632009768	3.203437145491902	24.547819114337035
10.705040127398416	-9.470525029535734	22.67277299368805
-7.569636173939407	2.0839394233753725	26.711032031393838
2.3660485222781373	11.757535481400097	34.786501364308016
0.6908255717592684	-5.939631301656354	12.46533408104522
5.288484265735614	-11.033036650299913	54.89704408363545
7.555498824593146	-12.282728770588868	32.0577765458667
1.506974148689645	4.726130680669299	13.293071065796845
21.552426540180583	-0.6439844935774898	21.320707002967573
-3.2303636715379573	-8.629764555954598	12.968885247577992
8.512407905393875	-1.890777699411916	34.76640467225994
-12.399164172026609	6.667799661067769	26.07274062673164
-7.159379864590324	-8.094132775284391	17.287746147943423
-8.731829649938058	-0.8655298007567708	16.48654338240333
-9.194140995997028	-5.614975998870224	15.386333466070301
-2.739227279836092	-0.9396386474976791	34.33731546798927
5.602374991634049	3.157224379294863	31.896811111091335
-8.94671738001522	-6.001052524136194	36.577478752317205
6.383500568669325	13.09598486069704	11.92735710311278
-3.0308764541054884	12.173804617685551	27.615666101459798
21.282734629419892	10.17659453433286	21.68781104317815
12.199508821247688	3.4998172967221306	40.796621734237206
4.587471005500765	-12.10328096796629	41.798563744355505
-17.496392773172765	5.486240566949543	30.27075522222876
-13.609288326620284	-13.79874595445793	27.925679891774482
-3.7837326176795867	-15.27716038801975	30.860957458450734
17.950453427185934	11.845891160862628	17.22999530093119
-15.000358980956081	0.28260659414875233	22.206947148810354
-15.71591030550703	-6.9517210184952365	31.940899887602054
-15.275435253473821	13.355575425860128	34.10540561157852
2.0641815549186298	6.136276051222671	31.116217170722976
5.403145576902453	-4.7382838030688825	25.518341562982236
9.91291911023464	-0.1864671219041545	14.00632301322885
-12.353806959141803	-5.013542129529517	12.395861889425191
-2.09564388530661	8.174182552841422	25.62961002170109
-5.4515432387268365	-0.12015369392576783	31.428646105580228
-7.252876819970629	8.45513835462921	20.02708427367967
3.269823773354687	-8.572636469369755	15.989957412084543
-14.16286768734751	-2.1577099223764113	16.874541734787297
-4.1753705314684835	4.112697856627335	27.179016836903347
-18.947585373418107	-5.759112313030492	16.20211165387339
-5.109975117652619	-12.204851138397434	38.239274160893174
2.1368283948912987	-0.2355707314340208	28.22222048943556
6.354717910505006	-7.460592134165658	18.391249882440796
-9.676296048247261	-1.3509867334455137	17.163689797946468
1.0677431238760968	15.464796120912979	0.7414665384837456
7.206513690086438	12.751794297144796	21.515780108014614
7.169348391715956	4.632091186472141	14.770593815128121
3.2756048072542834	1.220802967511755	31.454058667761963
-14.480218377348027	-6.9062616513566315	15.375935251570862
6.165048081887852	-2.886954012068681	41.766677449031185
5.455970067833835	-4.272198579301614	18.099550827862828
-1.8654553005924892	6.363227201824936	28.941343691869882
-9.25665024266898	6.057254627801527	23.41764159834085
-6.493288568539582	1.5518580307569674	24.49009197281719
0.29263830029014376	-14.495485752082619	31.75862625041221
16.262961673947515	15.310072316086142	11.302603470828753
4.562144104087538	-11.509957277604821	25.25037335100734
-0.14812870551473922	3.5834233419938037	17.988248421805665
20.55387486861992	2.161821746643821	36.31998687993523
-19.21453289173907	12.511818679180198	16.268608595529017
-6.189112167145999	13.32873278423776	26.351762141849083
-1.8478999220966594	-16.607692259731774	29.72799773670017
-0.6949333317330626	16.928759214089137	5.591476280885967
-7.202181712200522	-8.861422499668995	30.326940333114166
14.090085946420066	11.135913089904367	39.73383060182768
1.2585828232341367	-7.393564911077616	16.95011351006122
10.250169884937883	-1.9073658126747448	35.78327365659403
-3.50602331997204	-18.170221440422907	5.642201549251833
6.914041431694301	-11.04996017562262	50.42149618257927
-4.531679755862743	-4.082655014815276	32.80108955361231
-9.679303990918314	-2.1220085336968584	29.82905588122101
-3.6466339389014224	-16.721981686528395	36.611684148236755
-0.11285272484518147	14.58796125330305	28.235217816643242
0.4046657563639913	-2.9892743607536505	44.436347213987546
6.431432972090654	3.9702758007689183	23.6163377365709
12.57898065937229	2.585658438874736	15.547861601416233
-3.108188274970143	6.835562384924038	24.035769208628388
8.596832585848638	11.960420932410013	13.402356187406497
-3.6169873938556467	-4.754919407456525	19.06383683447876
-9.835961968751656	-3.9295812357389366	23.522752567551034
11.195015951310817	16.35183737982087	9.424619000456595
6.393566220710014	-2.5778449083406585	24.62349257766835
-2.5692745842083102	-5.213033062796911	37.264626367088574
20.117376844604685	-5.044156616351469	25.056327009047603
-15.84199159672263	-11.79779212794114	23.04277098037181
-0.8915178352435307	21.45967201884342	23.703086151796448
3.0521539998599776	10.564535642900655	23.407439816999446
10.127844374267287	1.3025412416795354	24.38370105213087
-8.627459715548119	0.3156059430561391	8.707585787472944
-19.137612670981955	-5.321249750202956	17.599094918127577
-6.694633200046073	-13.318362515757334	32.95735281722721
2.8173307883712178	3.82799819120721	23.764417381712736
-8.849511126564286	21.700900796965964	29.24581803236173
6.5357624685110345	-1.579567441569512	35.49008955627241
-10.647193019420737	-10.49651428241555	33.113081513897306
22.57460566115483	1.8066620027142257	30.905109388234134
-4.039026573971818	12.460043877362617	33.09414702323689
13.758301532127387	-4.663729905937798	30.3884670533644
-11.598348121358777	2.6049903157499976	21.535490770234034
-4.616736609332564	4.245336843977553	27.238509118828294
21.064875861505996	2.2308118870676474	20.264714085563668
-1.975256016985182	5.712628746298879	33.01755909133747
-20.308379771843093	-0.6407200166943545	19.55212476694675
6.464078531813215	-1.9337685132399753	20.18886147918302
3.017799594397521	-13.192056810514007	32.40234506409962
-6.528986473787923	11.313645104201713	25.898302428850965
-3.1447324516962776	-11.094232418880752	27.84959061519985
3.1991296997323593	8.374846495142766	47.910043954807676
-4.803029193658277	6.093353886187521	8.128257362988744
6.128214921404842	-9.474633602669812	28.96688268191868
-9.238522239946235	-4.608502270765849	49.51466848598156
4.404579985142783	-3.8233838700853235	36.78478430791798
11.330586685503622	-14.804576971793244	41.61748680517492
-0.8806877893187186	11.860245448193394	26.37946331089874
19.10399231194122	4.51612551552128	34.41147689499176
7.800094317090796	11.172883307993093	23.815402273814705
-4.914148503258277	9.261016171081312	26.33480324328966
-13.386663171696762	-5.457838001333723	23.5443281502502
5.801651272071435	-18.51186880207497	26.99984376843235
10.880216889515378	19.732094346682956	42.956696725123976
-3.255196216238867	-7.611181190468619	42.452966320002595
-2.9078859196094395	17.77445719050851	31.341331914515372
-0.5159846526807219	0.2641258260087139	38.109932830142526
5.026300165273706	0.455359845547128	20.288000315021694
-6.1521580303115995	-0.879742932474403	24.34886875426988
4.834367665942598	0.16802651352604922	17.734262270966838
-6.107220363667331	0.17211353357559436	13.804720117614439
-2.9979084787867154	4.293315209914705	24.747929920910753
-8.871861982947587	-5.081047933589651	34.63205358177895
-5.033272624452785	5.829336771445756	42.88278523152675
-9.160301075401641	15.994671501393679	27.845160048648747
4.584567335857647	-1.6731235005876646	24.46349898680126
-21.68548129174289	3.0137004063840895	28.702756970709355
5.417589672698328	-10.089964567385579	16.832671463328623
0.9782440732161692	-14.65873753885643	30.587560328300583
-4.074300791826492	-5.853002426848261	28.347433144717655
-4.458103009681483	-1.8190098528730658	32.13637619561704
-3.0823745222706824	-0.839452060008671	37.55561727689008
0.010074300048757812	5.027980284601733	34.65088745957768
-17.190332368099188	3.800183256919236	35.171193257788076
4.442176268654327	-7.044945860721041	37.3850196862259
27.917725949636694	9.106041787425065	18.085938195481454
-0.9329265626910119	-17.53981234809004	31.97369901067477
-9.87610290448416	-6.157994170684134	29.50634043015346
1.8005570301650562	13.183524437871675	15.801706022951045
-2.679450313785842	17.13931579115132	17.27255048330436
0.20919035071764175	-5.235804856640796	15.83056530029814
5.260027625370168	5.423374792732983	18.148537472305808
0.33018296066191766	19.544338794625176	31.628611131419568
-2.1258074403851093	-18.648844397073866	19.649191360692427
-14.395011390658599	1.7142968050116436	7.379877531401263
-12.850950041040702	-13.197084122497586	30.021197201062257
14.953467580291225	-13.083773804484286	22.747488153088263
10.819428580278265	14.574770636023091	33.21115145221931
6.150496992884817	5.0957583253305305	29.197038676435078
-9.241906010889139	6.08630558675052	32.572699193933126
10.519070178287087	17.38576232377951	32.22218104126534
14.00643762233747	5.520165264730536	35.96949820540458
-9.15432136026015	-11.912222893652437	25.881994999600646
-4.514127203799635	14.942426158575632	32.27898183008219
9.642035415501777	4.239542337619394	12.060143056580504
-7.0840739343958825	5.677440291335227	25.067914051137148
8.801491168444809	-2.598520640854794	30.409947003582666
1.1997620379567313	-12.163123064242798	9.630350428775966
25.75343355382914	-1.317377208164029	21.24464012217812
-5.295189090590608	-10.212553939268378	26.063953286702766
-1.6530715593917304	5.007761361012318	15.448922807057423
-9.692464051734952	-3.9941881243539945	25.335264383268846
16.331578577832765	3.800482488600057	24.891036117328397
-8.298565921017362	-5.332072440478395	35.468217748685
-11.86941291061274	-0.12849054288449235	37.613374133366804
-4.789270568075197	7.146043123402215	23.94896132276607
-1.9404994265776732	11.403581309604897	37.15863631044857
-7.479118928211344	-11.491592830062952	30.569017725288347
-12.176508736745033	-14.694474501768193	33.0080139899204
2.3103399793730324	-14.037901944982533	27.39136468335128
0.7146141000191912	-14.67925839733818	25.569358747085072
3.7951169663979343	-15.783752477330742	22.756820737329896
-6.317110172288174	-6.304212859598893	15.002269587883841
1.5482854517176956	-11.883452427470637	28.11968746398835
-14.716166775306574	2.0401378979921057	38.321728922949944
-22.217921389506504	6.438873854777696	19.31289645138219
-1.1693123529034397	8.40461649258649	30.4669333970617
2.013239578929126	23.14161272135484	15.730372117696094
-22.69614631710833	7.633562459939665	27.688576618208938
7.08226478522899	4.506903363420442	33.81715040319119
8.425298905301295	6.41149259571447	22.478270456305907
10.376464698925684	5.098152228703827	14.388929914225274
-17.250238859793935	16.650762824963646	48.100168354636885
18.589815925614623	2.4931063511435285	26.57039882469461
-10.032313465134717	1.3314635167191726	23.579828229857775
-0.90564931955453	-6.430787928916896	41.8725954568321
-2.313329883018476	-17.59634065529517	10.401407631941755
-17.585826320912922	-6.553988366070598	40.075117135334104
2.4977695441892407	-1.0456384094633966	39.02909164693864
-11.075344768032974	18.280613183958412	25.329699368120192
1.6574732956634752	-11.397728560190366	24.70852200695872
6.325998671227778	-13.25394188896799	32.056836040849916
4.23919045525902	1.2697116802014163	17.406602389242035
1.9958055719702052	-8.661571990963475	29.292756904037795
-15.979419939156106	8.451951088630542	14.708992640220755
14.037284067751575	12.011799361339975	7.2170415929431115
11.993055098602408	-6.530023878276767	30.030896325656464
-5.268437993505344	-11.891065795634454	22.256430939715347
4.107643933104129	1.7661781021863763	30.200398156860697
4.0681784326626005	14.76327550080918	14.479748590860217
2.0021403427200903	6.360020667910743	45.70041856080273
-6.2006019195576725	6.159964276062452	23.201329124921166
-4.71381604098531	-3.7438092127894396	33.900320517054816
0.6398341376239974	0.2324359421230945	16.47481201069044
-2.3086594818259996	-7.630627873808525	28.749057201286572
20.25957054201122	5.236098422906185	41.66085344569942
14.46458594528248	-12.995339129735372	33.92374453959108
-7.237692839126542	6.9652307594865555	42.80736439282429
-0.9392817050982105	-2.3262406381185285	24.016188646469548
2.996849994078652	-7.668432965962712	2.9170077402213472
-6.457158703374785	-8.210461121756413	27.5285117966318
-8.273644607425013	7.192854000766515	21.87560715061797
-19.167574579426972	-2.1965935937431222	34.2609138974968
3.52563514504027	-4.827567309875	28.625422329973013
14.479190065979177	-8.68447252166138	33.737209513729915
-6.230099745364336	-0.809009622138573	28.683240073725013
10.203763053698555	1.5362954269463083	18.83972863670149
-8.605100519220821	17.457550912805605	32.926325533240714
1.0112976221677576	-4.117801758706825	29.271923666413226
16.99526976853241	5.428653876370695	34.780221381648424
-4.731129710202258	-9.9134820479161	5.762721462979599
8.382693246153837	5.044268390413224	23.104180614503186
10.025191804300862	18.503807346459936	29.138191979285914
-0.7166980751753678	-9.840275276211113	27.054220714240657
3.353693002774722	-2.616252874071053	24.38675153413024
-6.799820853554182	8.199710207378505	35.463233664755755
-14.875414174621927	-6.331368255108173	41.81615607231382
0.5699803686736946	-5.063880824925771	15.706745114886965
-6.874858998094417	-4.778093205459975	4.493411628854901
12.52194664870218	7.556748234625241	30.180058240689707
-29.165992663473617	-8.164687517650256	22.938517515620628
7.186690137842308	1.4226190023985015	16.623254521746894
-0.026449820666348125	-18.233836494770244	24.245093975998472
12.865803467607137	-10.930748798848995	33.63433396452446
12.227020833799372	-5.662368992408241	25.34277448613833
4.442718827049342	6.007654245930311	28.667427770242217
-7.489984512080106	-6.8172488265826665	25.939244892511336
4.4126116452251525	12.439633822035649	29.884725071214646
20.734881719254407	0.7758733768031733	38.07426394321976
-10.283255144537659	18.352645021123767	28.81598769080609
-10.441111353405294	-2.3815816157687895	31.37655336808537
8.156915543139286	-0.7833551352419654	31.715672580159524
1.5204646180736359	-14.656159264059408	24.718589301679273
-6.7472209071002425	4.150776469762275	26.73821634703741
1.4449358012129843	-3.395813590459384	34.26232432765602
4.742153384071258	-1.0758685265690189	7.239229797450367
-2.9161518968888327	-6.811352478074747	35.75339734886295
-9.078666199047143	2.8351173441006052	45.701746041852545
-13.672106870842875	6.1168880091061375	44.624435327145854
6.259074164455026	11.96419010755836	26.435174058966737
-24.029041336377432	14.560077214426364	23.85805167933671
7.484880990109333	12.667377588995798	38.25561018756992
8.819091637389821	-0.9935045052472957	21.090884526904254
-22.55294161048336	-22.347645163195573	35.539342144340424
-13.365219567928294	-13.192551334554558	25.63480336987515
-0.08121659333457623	9.155307303400091	14.694017788842952
-5.329421936545433	-4.947327019091888	28.626391019330406
2.817792980565064	-9.483353921134091	38.09628307758039
-14.143104939030005	-3.7750856121870173	18.373897782070664
-7.721626763933038	-8.903996889312497	36.11462814764215
10.916222171580399	11.318158779973881	20.9972511501203
-9.40580589303943	-9.439350242918003	20.86633042189629
-2.935374068844514	-2.3840500457733205	39.71078334550541
-12.385037597555492	-2.5752775501201657	10.594084030141804
3.7552336850452988	-11.928653042120752	21.475889067815565
7.937342528727273	3.402570421775107	21.101227406891002
-1.2294363724557102	16.46314747567771	24.960501332989903
-2.4483505140094897	0.2365864216332231	19.415238956181824
3.3577221143503024	14.843844033329043	20.07248935336274
4.1579006254651665	-7.110552249102383	9.653089673308276
8.541066422901007	-10.367826997747024	28.58563894809943
-8.173237443851193	-12.491728535552369	23.15742057551906
15.04628987759299	7.560436002626528	26.33131889689568
-3.310251808143207	0.8109631579921843	31.14872518201351
-3.0669354218805833	29.524740855455143	31.828059938601218
-4.855298494642775	26.764891133923896	33.62845205586564
-1.3657428305889714	3.884697166313382	16.682546577337757
-6.419061487774318	-21.253069240463624	33.487826796877926
-1.184662313314355	-9.199416355084596	44.175962577199115
10.672839112656336	-0.49650608883923003	34.56130568523056
14.985275226155139	9.901404830868216	20.688752445988726
16.107882479383584	-1.8164368251209495	16.788853895124923
-15.765356457367334	6.009440497715279	37.101696873221115
10.1958709325279	3.7110652047089503	31.863662730975655
6.0320398866685165	-9.731941505507788	26.97214757490144
-2.7796342575204447	-6.699716622039686	16.986939894741678
12.107628991280064	-7.431352702560189	25.77089997692006
-6.656469313264941	-6.81790926857664	21.591012114093935
17.150210668892868	10.883050633611095	24.045523985639676
0.16998434612345437	-10.802684722107019	38.8568548486535
2.5403045358824423	-3.39892043227799	40.77576104068405
-4.197972716583232	-5.10965006068666	18.765557546139917
-2.9711573337096207	-9.868290924039187	26.246296851728815
-20.643450038358544	-5.475150147449841	31.898241064676462
-16.425025885429015	4.709711953869103	27.65784785384397
2.122387015164595	-1.7985568788337989	32.123784911933164
-3.9332473937450256	16.155517295241182	50.598907344277094
-21.239843726400743	-15.801943626765173	20.93653657669332
-10.990338932033811	7.856884402666184	20.32080163140562
-27.392074176861296	-18.401335721026015	28.884162160126767
1.066831327586978	5.778806811968302	26.985009440269128
-12.566765002799212	3.6674240815260344	31.526059805452235
-3.591313336518498	4.793188366637516	38.527223293045616
3.2735567039473112	14.519831079733372	34.19345356361445
-12.82588046341002	-13.278154532791513	41.5386821776434
-8.792090855413099	-3.309604776255396	5.990268272543801
9.892584286385128	-19.770302957279057	37.353292252156365
-9.705864852967345	8.742631950635007	34.45160415819339
-4.088471033018552	-4.900978152961103	33.953297095170385
-5.044802598346023	2.8891296793813726	26.421656312598248
-0.5649840535185758	-9.149196716024386	41.7726896286171
17.290307285844488	10.205668017616611	32.65248207088743
-3.0656626898461443	-0.3484556579893882	29.938198894584666
0.5685670359594557	-0.6354492397858945	22.20181862148407
-8.648475329001	-4.0293141909850245	23.308667541523747
4.293927325374561	-3.1736480813816206	29.16279800530038
6.713713060426905	-8.15920977054679	44.22031996994244
3.184306160649537	0.737303420669121	55.48292884050876
-10.331571639308743	17.748084523430613	13.684025961082233
1.2666420553588584	-11.785402145278216	24.04769879781737
3.252192048499443	-11.183074360865152	29.047105084049747
-10.441050289791146	-5.983162925932298	25.231900792082115
-2.7158294464205235	-5.918990145846897	33.16672087894642
-17.91538031140259	-4.274034224262383	34.934767235515935
3.047766124500998	3.018575854873426	22.002980447665625
3.123396052826868	7.176224621978676	22.724877745971398
1.67039622167029	-18.31230087514229	37.34527971145971
-9.892238517037518	-1.8572443331147859	25.23738648467535
0.7230216800470632	-6.6920412991037805	23.67126201005187
-2.9197851379672457	-3.5763420529928656	36.242330468612934
-20.321962098347335	5.5824295857744115	25.22009004137729
-12.82706413336504	-16.977360389563657	39.97300596507169
0.171926525378949	0.011659539025839613	22.529215303971707
-1.583065127763951	-1.9082035495411773	20.63787084867377
7.726183707155901	-0.37856053825255004	32.53971146380188
21.39400482065796	-1.6718768308506906	15.052820211485036
-9.24754406548957	-12.830986722536357	16.502791764121866
4.001097149094502	19.742934473299975	29.721130136986826
15.083509218184187	5.08775141065847	30.2276226736368
-7.988372254037768	1.2955727650811717	18.00628402769612
-1.1707648889243747	2.9301484268249247	41.29692349036134
6.442264129047233	-9.013916195792296	4.657669925404804
-18.926430860220385	-0.4296171964901042	40.849247917926995
1.7185787986216061	-6.743891308104651	13.000319639252169
-3.869918152975447	9.424908908719779	23.313565302911453
6.2137033663013765	-10.414693198441135	15.453690767548764
-12.73278144065632	15.750013816779301	9.776744155791569
1.9224754559412696	-5.602330098473503	13.979853123618987
8.494449571285415	9.110803314340494	33.51897799430759
-0.5435600854702596	-14.122679187734919	38.03826229448172
-6.400252247436796	14.622806927264564	17.850991981206406
-5.397740289651054	2.4854208395541373	37.89370875653708
24.56306842566523	-4.618285334563711	17.941701737710076
-6.093481195263947	-0.6908878289427982	40.965477613841784
7.010553448682085	-20.31585404793155	35.5640434345207
13.92254595576218	0.11091167577780607	39.46938704189303
13.164516986699846	-3.7838328087680875	27.344722807768047
-18.469509581278682	8.943353707841373	40.521768027863146
6.093351102625969	-4.705714986969374	43.75088573848923
5.4247976264511895	-3.2571028854223134	10.95599526196106
-17.276602757467366	-8.449029760027381	24.981647122087402
-4.89481020804367	13.654130087924672	26.70549111318687
8.745474960153306	6.520359629155461	12.624164124104347
6.343416290814554	0.9742348695771186	32.50874620018235
-1.0163304075261934	-6.678419620609559	13.989183855320688
-10.07543148359395	9.584095414714312	23.811319627860573
-4.898672787078567	-12.339508311726334	31.715900275070762
4.739013130000923	6.125993304592621	30.649414903575774
14.727278770363565	8.615172178633978	26.221012260587777
0.9794430502356806	7.1278922889894485	37.153661292595935
-10.646281598738373	-12.1821965411491	7.9924522488824685
1.0339754217158954	3.2443745410329825	34.790231956899945
-0.21964464768069464	14.258295246952672	27.133694996759058
9.672390102587139	5.650725648061254	11.596797510750203
-5.703895286697205	-7.983461507473559	16.985424088977467
-0.8172499173176878	-3.9481878983283747	27.46895187710742
11.74701119705695	-11.11032152745719	32.32873888979611
7.0149886548075	13.803672156662007	28.862784429057367
-7.996286280350651	-8.02135885544465	25.154469584637397
0.41565024505770876	-4.896484850000524	43.167329288959735
-7.738985256097001	1.2534073182727092	10.334578092049053
1.0064424683876891	18.247792981737867	27.51452930274788
2.3667623875089787	-2.9300647367678287	37.82192729137894
11.307388600087801	11.575229357806665	28.510688645165164
4.431474959092812	10.295733034881332	25.38644486796733
0.40902884072458456	-11.860849358865696	34.21455107740319
-4.187244059696519	17.112605224412896	25.07390368012955
-21.142716172617888	2.422757327516558	28.072716185392768
22.56736504932337	3.795156659931015	54.31586790682873
-5.452022385070643	-2.047725321899587	28.665573287156157
-7.988411142133227	-4.861824462715346	21.36920469510556
3.3413727810457288	12.87367567861114	39.326535077779624
-7.580193867748094	-3.4502439585602036	11.67511848375188
1.306825913508225	-12.841989120435855	45.063059116855385
14.249615225944833	9.030604094481276	24.37661237852804
16.089949077806804	-3.138221843309674	34.420776090132584
-3.7745600082437254	-1.5416291978062169	20.527692996318827
0.4216922189902377	3.0469908654416287	32.083837130343994
-5.042093065014131	1.132355732568435	10.414920571240028
8.118201862084813	-4.340624059594426	39.238439233634736
-2.434133081065267	22.206895815050057	13.783827068234231
10.578039612309961	8.563629720991992	30.075060523415907
-5.383658764819278	-5.302637290985763	32.69617052232776
-4.706402405989612	12.374237287229864	20.936844719722448
7.565423900902569	19.73673412953314	37.212352974249654
-10.898640139224991	12.201794220276224	23.174112137209384
3.5673927951353885	3.12148481599675	36.62684956702774
3.642969416743918	5.581196927291568	22.00969595022877
-12.677702788619058	2.5106072935884227	15.601330329854243
10.58192673930775	0.588409252276708	27.48744460771687
-3.4758874401779964	-25.980315390019094	25.66686776855861
-13.016365759609329	9.470935665205747	27.606494195435445
-8.35572688043393	-4.438398691491401	31.260575186209458
-6.60734011287132	-2.832211549003996	12.117463544058293
-1.994835096990089	-15.414462347253782	27.243188617250404
-4.393272266747493	-19.54852876089808	14.307931663417286
17.88680709170949	-14.0101623596477	20.93659275254233
5.254290997283434	-5.7361177410462	44.043340078197446
1.64899567469459	-2.2869232606380727	19.674001023654412
-17.616980859948637	-7.025483504658777	24.904570468632095
-12.620818492096648	-8.48348851048613	13.853808383828564
-25.16102728488571	-17.06582295921265	39.29885007768322
-5.243605323018686	1.2440603391525131	28.555099209599057
-9.443256445764455	-18.687591460956046	14.91061240124547
-10.789376222398754	-5.78137606122027	29.891970964188598
-17.189039202765333	1.6507880235066383	9.571078626113753
-7.746107656926819	-4.966491687994503	38.45818556573003
17.30233373612087	9.933334337764471	32.00332335999408
-22.517808572212793	3.362556707927782	53.38845146802356
-1.7376385776196512	-8.307423520517931	30.846449021014934
5.6246664660734105	7.427712099832407	41.52377279961323
14.48761855841825	1.3246209406156968	40.50710034983136
-4.189577666387995	8.663897277255659	41.21844012723006
-19.029702965755973	5.1726095021716265	21.277025492228447
12.535972745624823	4.6410207172395985	2.001396772603016
1.9413079531601158	2.7661077563560736	37.259356291551214
-10.905988369784314	0.1701423750192846	16.84643623446025
-1.9132540839658954	-15.30753309066416	31.921351034594554
0.15398853745215096	9.225747623933216	28.81660251486616
-11.793669846329824	-1.272097361910859	28.649576266978105
-11.303661432174394	6.775843798489389	13.623673722531073
-0.9068264451697896	-14.742041249365062	32.77899752466146
0.7482091641617121	-0.5175433247794184	22.497428230162622
-1.0021893321301036	10.796637710662305	29.614768214091345
2.639221644444445	6.8829749609270205	28.391602730069003
1.0983055478217283	0.47743112720518954	30.994256603569628
-18.257475259800444	4.098483916582486	30.563111597496054
-11.794058129423286	0.3179352946824149	19.34279606867225
-12.294327828370912	-6.854613100996689	40.33497260634251
-1.5234270007724338	-10.250646123712915	43.69767719952239
-9.010566439986768	-12.512089446665943	32.28948707027261
-0.6948066090925737	-12.061218233337554	19.307240818979793
8.980678698185104	-4.948819174721292	20.807188313631013
4.344570656407482	9.251892959099871	22.22211687925173
-3.8837896096019318	7.762875083875985	30.422051631873092
1.1436486346918726	10.872035196884992	34.96114231295981
5.674042943176073	-0.29448333522443965	11.153355647794786
3.6459074225491337	6.532950439350461	44.98736406614579
-3.3907245363210494	-2.5467376882663073	33.15227705810062
-2.201295390480885	-2.5602483041130424	35.602528123259525
18.136776150735898	-3.8713787163099727	31.250030066870593
8.339500996148638	-2.042714676791852	17.178889089585716
7.368187544395928	-20.679063062044616	13.174564660852415
14.585841947289932	-11.070460278855878	11.756177096107784
0.5977593468801672	1.5214172633786025	15.18875897528412
-1.440182158771054	12.187424325783736	25.8667116292925
-11.63921999638334	-6.5677123222320795	36.161182129962114
-5.874500671272135	-6.106590393308405	26.648176420134526
-0.56760615917943	2.7969010561838505	11.62319621926384
18.633356440895067	-5.214434601362448	30.660468936100987
-12.30478413425491	6.361374269603725	52.887042060417286
-5.825397758254065	3.3764021749111772	38.72969212986209
-2.0319943286137696	2.356699191527017	36.64287877946795
13.834003797615665	-15.385521782845304	12.284650308589937
-4.746970043535994	12.6306584070705	15.464537338474699
23.126809214157053	10.038576744395058	26.624102215723255
5.214638729867502	6.391701760398483	34.43360254783181
-2.062499812962308	1.2286972420394242	11.094823109893781
-12.909447493589717	-3.7158731678948405	24.886516304489685
17.075422191783314	-1.998029155639974	25.22056861390669
6.916685694162284	6.6092188881336185	12.365480200707912
-11.059463797556967	-9.734970840144618	34.053103230658124
-1.3257119968650735	-0.49454512814619594	22.554662839507316
0.522848948898075	21.134201103801388	9.00405412450733
19.815896154796306	5.043910757394711	41.611033408446005
11.469876597754997	1.124045166481223	31.21006329115731
6.674697325319531	-32.124686583606056	20.36609560114846
2.544158764495174	2.3709069467806403	16.961229811681086
-2.633377068187715	-10.050184263445754	27.390198312255794
6.575005637408634	-13.261997900065454	25.828364204511622
-7.027261491102264	9.264881048331171	45.22859093302415
11.73693974762147	-7.144673382565109	23.3841730856778
-10.586553208747603	8.50062285410001	14.41576522022814
10.75998805988531	7.1495543511982635	13.375438643599482
3.833039039061375	-11.071801329617447	21.843517586318697
-12.513998976581203	-8.440538314198552	25.166199839126914
12.87964733865492	1.4721269608730605	15.679544233363476
-4.921847488622385	7.967253016481418	17.102558949012703
-1.510409665708209	-3.2201888027907133	35.26851410935246
5.994599108750384	-3.1437088855487136	14.297319756375835
15.626018588655455	13.945623659054224	47.2824895940348
4.618144137711407	10.702787428975542	27.968132314728987
3.7754945185601185	7.570490675583217	41.86247217871974
-3.385545173864801	-6.72902922558396	9.720983925550769
7.624607822292609	8.251281422200746	3.156653379215914
-13.4032442838961	-3.2767391060724806	34.48786207147737
-0.9346872393214418	3.0232575640982557	8.417354719361654
-6.6784537133058866	-1.2882676033028204	36.5001278437408
21.492345839811957	5.342829158299656	36.006242080349985
0.31180954667841754	1.871280833591829	18.869577749558978
7.577969840960593	-0.2228015478456959	27.056813231451713
-9.813727701107734	11.582604296469478	49.152506118852685
-13.447578000956105	-4.497157637783574	22.234555240730792
13.587608848605266	10.899250955094661	27.00958273976825
5.291589942451472	-12.00774605034784	41.824128733044994
10.919827544088427	4.7621577840219	45.49242611602982
0.4843298592406742	-1.399498085029823	15.113335896676015
1.686998808540063	-23.729830360541563	28.828114853151185
-12.164881054933993	21.674603221308224	40.749096730281394
2.25888891918342	11.561399838703084	22.00843148054742
-0.8697775837810813	-3.669281808027593	43.45910401228144
7.527093373771616	-15.529420499956945	15.216581655566753
26.045569006784905	-1.554776715274787	36.22862206315719
-19.879139777852266	10.00417613929046	26.63002945439789
8.185382542092771	-6.541806421237391	32.89847369691981
14.477460636834095	-9.830327907711245	42.18525939571566
-5.95162652299286	-2.1510251478251403	43.700406836288074
16.107417278332296	3.748631361376825	28.784633402812005
0.045884031706647156	-9.553321995759338	42.42298921542161
0.4016273165070233	-10.36386078999528	21.233448087328252
-5.913491838554277	1.6265656111766902	19.05283793768248
17.27158588266464	5.542992861784396	21.777370973766068
8.103194846525767	-11.838710115477538	23.08690168091524
11.090746514644938	14.681919977701302	24.28647384655978
5.63820245110942	17.78145826764084	31.713101288615146
-8.715561662712496	-2.041263389003088	24.028772016402787
-14.333614840387632	7.655429711038089	39.456645890950576
6.390288333813549	0.06251457917233925	32.071490507253806
4.485358007657912	-6.03022813427069	14.3818552944156
-4.981710644540735	3.7103334723007646	28.65364648812252
10.286529937249774	-4.963929072981223	13.370402895992545
-2.3914642697958888	3.277416599257643	20.555222771809767
-7.413630010757516	3.2817503964084715	29.108635844687843
-20.084148167522564	-3.4786775602095283	23.05043405212857
-3.674454327931771	-3.9054838118347828	40.63352085427242
-8.505860934676692	-3.92949138564374	28.84061937908924
-7.134460772069837	13.637134072923018	16.325824808121222
1.3931120626353268	0.38307918546721353	31.359336662507097
2.1795784549247856	23.293048300022697	27.42212528546967
5.705903647176937	11.82860711025498	29.098563137772977
5.555527923698604	13.850932266069346	42.80051120691374
-2.565218094682659	-15.374637574249757	17.429657107760516
4.1332140684059056	-4.805700153238855	15.643336464110726
-0.13850899140403428	17.34335346102476	19.641018794930908
-15.254307365893052	-2.219406975767352	20.922110619356037
-0.10696496568617705	-3.272028456684684	39.40098056476775
-4.581946229695781	-23.420823794453817	28.920514236872943
5.307337653660572	5.848595646475722	30.508607128498063
-22.005801317885055	-1.8588445756906544	25.562795714204714
-13.270506369063886	-26.01696045934387	30.645712922696678
10.78529948994339	12.410238820471907	26.730615924648085
9.228578796321717	-6.436384971994543	29.396490761704094
-8.464425409502986	-1.8437634798876115	33.46771171285742
-4.762548432304784	-0.7957476753089281	28.962866037307915
-1.4126535766093666	-17.429798717423406	16.91486227036374
16.41629248972672	-4.357873984746152	35.394956965163416
5.427048562662681	7.306343238767705	40.29901601950252
5.652503081584311	17.144623884386444	37.448756753997436
3.0099392035678427	-12.045752592683831	30.715340540640153
6.124999313744269	12.352618433699831	20.563469063032116
7.909362524016508	9.442054801434743	37.44922756162278
-1.8874518858195168	-2.874355600832816	36.998185656161624
-1.9562381798007678	-18.98788035101083	26.603547516417045
-5.388082936897046	0.6091272723926457	15.021679186833099
7.169645599353165	7.54878291845854	48.26096800588391
20.108457533473096	15.280542882376075	22.10915873236539
5.15605413556083	5.473235075622788	30.33344835835587
-7.213774417080546	5.700786825933269	25.7105071771102
8.005415577811766	3.2456440849662513	42.36233573735074
-9.19819416172347	1.4205328283687142	52.78397305759421
-16.416161206374582	-1.3119092648531907	20.539211431619925
-14.298401147380575	-17.18972770802853	24.94050547106786
-2.1116483297608806	19.83708566070394	29.53962084346267
-14.6682119122452	-26.025694995992165	27.22981061433385
5.612881396000095	4.317771991628321	31.141915540415283
12.346954825324964	3.159332288635868	18.12015300617071
4.019842554715566	2.524010279242506	30.53915545620927
-8.458725396025082	10.236652527979814	15.500021131650685
-12.065601007317273	8.030383642320183	32.71743918403316
-1.663745332572436	2.961546431235425	26.460292254609474
3.6370358908495133	-6.640609982684921	38.63440818791593
4.499220025833092	-6.180888855931376	25.301714400180778
-2.1081256419457013	13.39658935888786	26.08967852655106
-3.9643595845223394	-11.874426817929473	19.674241516578384
-0.5983868107066582	-13.223002164592197	31.28721563587649
6.5882425636412005	1.7423403947878924	31.699625461101473
0.08054258476887384	7.0456329417355	44.52398933642808
-7.524900787968755	-4.181501608489613	38.52536555492084
5.335251337904669	4.367226502294546	26.167734121739123
1.194747331422529	4.4503109086046315	16.841753652723828
-3.8498587051470965	9.354696699279746	22.16496667243734
4.874325755778981	11.453191241371165	18.79248118602493
11.059328088140443	-10.382563196663131	12.494539647373815
-13.493201573596922	-8.200818041314799	22.74075636702261
-6.491430512353713	-4.107215275748098	24.764863360712198
6.884684150309603	3.8244249676894757	17.90896147975677
6.822937029188751	2.1746571412782387	11.585539534255233
-1.3199719629774906	18.331762537471434	34.42544765981072
-12.840814357294978	13.662741404005239	23.64373832766895
10.398982054265716	12.625929009721332	33.21800575751594
-8.628365407334188	14.912454863394384	27.76682066008995
14.859777401151405	2.7211549237756607	10.454218465329468
-13.411233511815597	19.053784912927256	35.81889483036566
10.813322058443601	-3.3016326088841144	10.858889090997327
-4.089095404504503	-2.534674385963097	42.773214277052205
7.300233352512881	-10.47759324364818	10.68541162926795
2.1738233324807026	1.3296041853085168	13.236911582594534
-20.57221897730735	12.733509900047078	23.66701661806617
7.549299309616191	3.6344829211777823	22.061029583469047
-2.1288577846779067	-7.357054280621953	33.62876800288399
19.968315036578158	-7.10644408889706	9.118208528846171
-11.143879545879523	13.017370100672249	40.4867331475675
-5.984852579903438	-2.5821824381574587	21.944480434175365
4.571088804625754	-1.01497681975353	7.872804000435739
2.353978537458002	0.11979269106433611	35.31759775283039
-12.755404621597036	16.44976227074881	13.97492897210069
-15.326563460322106	2.6191549009638564	34.24609736079912
-1.1112233798173126	-1.6215001860183111	47.619419224871706
-0.7486434647085783	3.076731912193596	17.451942949148005
1.8632963744520645	0.13620294611059772	17.005551619425145
3.6134197905288223	4.285162957568438	14.556374419118242
-10.882620524038009	-4.716951010676617	41.13391979528552
-4.767926348103478	-11.538373495603164	12.685018885064435
13.622061694041768	-2.4375951349250027	26.982666410541793
5.40157497456157	-9.508860015559213	33.06042521049345
4.921373902462516	-4.2868660871063495	30.38612464652922
-9.45550934310721	3.7403593382270324	44.21720734959639
-2.724811305254012	-10.189472958938335	39.21034053203573
-1.1199483538336372	16.130486152127194	30.098775470633136
-4.00095466391379	-7.56648587811444	24.54718131543772
14.249212833340138	-8.030941355933548	32.01611829456917
-8.935147318946818	0.9622147509158369	30.38574605870205
-4.649985706235392	-11.218439707286755	9.161519828873907
-0.9622497294067391	1.9291101872262273	35.38061197138605
10.735939243196457	-0.05267748316203867	18.03417724559065
-6.581146141988912	-9.904514980552841	33.184503964749894
5.115777374227978	-0.524293174557125	34.5775394559404
-10.90833057428159	13.319109723799333	33.20296534941572
-12.071794466814872	-4.975510786846779	14.61107702535019
1.0236505042169768	-3.2084872591308082	28.3848006569075
14.419749328654014	-29.35153746147474	38.06603994583823
4.473351105067934	13.326666852803688	37.259202493950234
-2.0236274657064675	-8.676999295820885	33.12195664893082
-4.659622499672941	25.27203889535904	25.426149832774534
19.02061597427966	0.7371944416051984	15.16605624356259
3.37919163694902	0.26171096240415903	28.09002526899053
18.90690788848869	27.69271420797213	26.001540775353316
-7.959337133711629	-6.944623851689144	15.190159873857397
0.34820558034799853	7.652472910293023	20.207948787785774
-4.464433299136808	-2.2591237887568236	18.70120206375752
-9.814033324087784	14.49209862397291	19.138788513531082
2.7843904264234984	-4.289653623490579	30.253985333289044
-27.61572279766323	-7.060976695899787	37.73668818365345
-3.8216744252327373	-10.224535567791595	15.805706255375444
3.2276205163003095	-7.050748224121117	25.9311098672582
-14.921571090622814	-19.149688152008615	22.15923610030801
5.4967834133932305	-5.210778079903699	38.393504341447475
1.840432845740457	14.388866242030744	4.307504971276245
6.240640982591348	-15.56479785033872	19.258752372638874
-23.15347073350764	3.7721372245224583	39.28693828272437
-14.86583130371132	1.008860238829116	16.15277949929183
0.11779945153763549	12.934451307715651	27.760139653899724
-1.6622410234207183	-2.284163469998475	29.96715923240874
15.492284329738181	-9.121858914113433	26.37288837868842
-5.957897399269905	-13.046806754991618	16.888835380101455
-12.942627431132486	0.22977770272054227	19.47622024261377
-1.7337074319580827	13.857686471717138	27.146745542860973
9.946476336793173	4.363372314555399	31.7924512022028
-1.0347440662181757	0.08086866027295528	32.86409183791968
-13.425958840244157	14.357589544965423	23.689627376643276
-10.110166351642052	5.575240911307191	25.028848169321314
-8.989252400596998	23.344983426208618	32.33670771515784
7.122262468151009	3.200972922008197	17.544383339379653
13.175344774646902	6.858978584457618	19.883038147870273
-10.505497858580071	-9.221520541744132	33.19993331552573
-2.4042076340167178	-13.423991903767128	10.903213148626264
4.158353095780424	1.9058773649225413	27.88727269637337
4.49681428984387	-4.533743136218837	29.667338424473964
-2.0776405297134195	12.113720788075613	45.77698147386512
4.306804837852692	-3.0196181519956293	32.1180362932375
-5.998568811828706	-1.825460896227725	32.066545488713594
-13.552468288254097	8.002485229890414	29.004860910262444
3.974702748428865	22.884784434390042	37.41816852122976
5.612834408663566	1.6884167576672366	10.433486089563804
6.833932346175087	-9.859078888732771	32.89788005299236
0.26047641086891815	6.464373882664106	29.914492077155785
9.576321427953575	1.5175211620352123	23.070998692871953
-6.827349218523223	-11.409392253292385	28.709750975741017
-7.905338462956899	-6.610419075736857	29.273722822996522
-14.449531639849463	1.6842593859846513	41.404133008835274
3.8362722715064015	-9.243878855631621	29.35681917939244
-1.2652424147613408	6.069317067382563	29.652991523430266
-0.08258374948863342	-2.394142768115492	20.196357302543337
4.909417467419609	-0.6407030386841559	19.77724612854137
12.985002650162995	-2.386028127617349	29.939325738321532
-4.261294102264435	-2.9259914567572496	21.587425396031225
-10.863620256239033	5.065195304882588	21.769114089625102
-6.819839570972882	2.9674096146219435	9.297232042289483
-5.852599311405221	5.422206732295045	28.45037376514538
5.737577341588666	0.39225074540985716	20.946300635533497
-2.3139847938814877	-8.122299818684075	33.14125843770144
-11.501422630858563	15.294672210188033	11.91252815471806
0.31601738201970986	5.515899644202066	10.766561811140832
-7.359562771675038	-2.0401856742449818	21.044207331041548
13.470268290066835	-5.7177804065760505	31.061966028189993
9.763230300106967	11.18455412209736	22.078813463231874
1.3753668937037602	10.482995928175423	32.84230292357725
1.2297105341150765	-9.937251838021188	32.33073446470864
-7.536806895624442	-20.99883761657711	27.992375905097898
4.205604278683055	-6.314992409525959	11.11520302212994
-12.073398824355897	-14.182686167294897	34.92962572565814
0.4287368283984067	-0.9266593211065357	16.586754837058024
-16.621793940878437	-8.373838599646449	37.918002866420466
6.7676456332235135	-10.6287654168446	28.889701518356976
17.850025418251644	5.336867947308703	28.34966832981003
-5.765353596388975	21.784949018481328	22.671553907381067
2.54574108717335	9.189266522786873	19.727224097879954
-22.12880188632028	0.5865450920590916	26.46825299145065
-7.152508295020633	5.854376682239316	34.93480830432476
-9.705546992331431	-6.054648359881991	22.703706042277265
-18.592562907476797	-9.439053061209552	18.05940985612287
-1.0817021857121791	7.146213602670297	38.6608633865345
-19.276108819186394	6.639655087783107	24.24907439062264
-4.481557281797754	-15.247552575908003	34.552159487707094
-0.053619937716278626	-3.13992515815574	18.751539167132258
-11.382484648331804	1.6076633027243639	22.68764301150692
-4.503986623912009	5.146336101112628	23.820594255356532
-4.3946460598048445	9.243239648367984	32.61548975821896
-0.6971198718671057	11.898680081241885	28.025605511987713
0.8705939480101531	22.228422348414128	43.705742438400975
1.0100554336805958	-4.8743071134526375	14.663563226554597
-20.845271710311557	-14.639921360778985	17.95854491290765
-1.6759018423105219	-7.6332733029865905	25.97212910337222
7.441409171313845	-9.862614042206056	20.53139809899908
-13.033027712829956	23.490350321115955	14.50051929388695
-4.014272744446108	-15.728531085192909	41.89769016840828
-17.114336437812263	0.25513541368839926	34.782056420682686
6.919101687066953	13.473513902039889	26.273678469219995
-10.316836567700555	-1.4705248363571257	14.562316513228229
-0.871120162227309	-14.717756814031182	4.561274249787029
4.868526897378473	-1.1065669347242166	42.00214287071128
-16.934013085299235	8.12257272421576	28.976116766046648
-20.328976576772682	18.016613160452714	6.408721000443535
-5.989385769661614	-2.721064619560622	39.845662967489986
1.3237297572334015	-13.748089123218993	27.48811122651895
-4.017552619873089	-2.6128123500275486	20.83638283046569
-26.657805608443283	-11.915475470142166	7.046900719059842
-7.673407138170339	-13.195756678542205	29.30679628537308
19.11794364065823	4.687402417619116	11.10262258759655
3.6030783335398224	3.4402565151118263	28.06164932335002
10.93411115083709	5.881478810959449	17.10483426291835
-16.75828715401622	4.999554370804494	25.16246026360496
-0.5864705468983503	19.24284460737177	35.49426853997127
4.999078492505949	-1.2940682222814117	32.61101357802833
-8.122659838904356	12.450142564613964	29.683190861391893
1.4097505063658622	6.868631192572896	38.30020182395543
-13.248016396687634	-5.400732065988323	24.382848369648578
-18.114892255155404	5.181145551974467	23.770756149722665
-14.942113921449295	-15.966555785121322	24.54348679878894
22.408738572368282	-4.1950883549095295	27.02649405554235
13.938528746894614	-18.847673614639998	28.747741369922267
-10.332948048277483	2.167861822709226	40.77703343361311
5.298429449993832	-3.2202314532489806	28.594251425528018
-21.83671394321548	11.506159982334903	24.19887787938653
8.328122109232941	-15.075747695402622	15.213262449817163
-16.89518948597543	18.527568400831246	26.68670437273424
7.674305539239451	0.7276809681481977	23.390790113976923
-11.133633714882503	-14.591019266288814	36.56916895026218
11.695466862688924	4.6058942778725935	27.493956148363573
16.10540116887858	-11.750523199012115	50.87386905486298
-3.855138314860653	-10.638652806442314	11.090646546002535
14.166912123992661	7.518505004606897	40.74475966329208
-7.323660008487854	26.425268809504317	25.787233279032137
-24.07949232648744	-1.9916738716932592	32.45920422522888
2.8450907170231505	-18.427688489906245	12.356325052377946
17.22630820284997	1.1268323127625737	18.15252487188736
-0.2849431951624139	-14.569306805055334	28.4075852104189
-27.038306669040608	-8.49050464092353	23.496905203478413
13.23507749954529	0.05367052590891964	43.425801181780486
9.897384980590957	8.144487933009408	38.09836090128453
-0.09916466084593208	-2.3807499490724835	9.57653881636994
-1.8363619712583437	-14.636449786838	12.990546434082574
1.3249254480535841	-6.7014120004833195	17.943142696315277
-3.295466211527094	14.724109564530279	25.737579160080426
-2.6866807867159794	15.41522879770957	8.68980373104872
9.453649513564532	-12.402534504950562	26.3666733403353
20.77548902664447	5.022925795823205	30.197478436916388
6.409319908278634	12.961249833190667	41.66028878942976
5.131289300419336	7.444356164189999	27.194175560181925
8.473127860715039	1.2271696298453851	20.518912794307823
-1.0154284527774309	2.6609600455488103	20.90034362346983
-1.0950803036363979	-14.832483922359906	35.4506545972579
-14.092866102216606	-10.739946997939116	26.047191247072075
-7.214338607007367	3.5334764257321085	26.898848260560573
-5.807696169198916	12.844127999794798	36.25027476229949
2.193544698921385	4.845349610066613	35.12748417330782
-11.282594469648776	5.6506659167692685	2.622166836319387
-1.6131711982066446	-6.390942572865956	32.80920761232131
-0.2995787440410746	-13.897629244548778	27.927228214922806
7.389321559471123	4.212043400161894	34.20442188913186
20.83292289077169	2.859273559939645	22.480719852625928
-11.681240295997508	-7.099003295470045	38.59678028785246
-0.5235729759065684	-10.787707828223834	15.556103084134516
-9.605508201758893	-9.533166199180098	31.662833475201513
-13.573415439595726	-4.2826676946146955	34.37186571144731
10.405040347307082	-8.990422709347053	13.587974867889926
-8.028667076316449	-2.2312121348437746	39.59062101495306
9.381050974371588	5.862249189296786	30.372279536407294
-1.2813007883779832	15.772246212835983	27.416455699206274
11.676204227432535	-22.46438601668369	28.960366423850687
-0.007353004557849209	-13.6642779122099	32.81702516658038
-5.764602588250106	4.547423222749829	41.955028638193774
24.916457614318567	5.274006140898221	24.78530809195233
-6.06605052827386	8.042273207717141	32.079361847996545
-11.526183985377699	-8.616697284916967	29.603273788743
-3.9145509056985754	6.020939494514254	30.497382204243426
-9.593058244057245	-9.700598456437216	23.909420877660853
-12.422255358600609	-11.288887145434007	52.23056787741532
-1.8315636043304748	-13.095758074788028	26.219842718352336
-24.271308275827042	-15.13573368437892	29.261997859750867
3.545114919271348	-0.953920822076012	21.008940564755818
7.679641058461531	-8.85645647440486	36.311356299450544
9.521819641187006	21.945414842386917	16.4086238413178
3.4494688428674776	-11.620839063916309	12.612172716209287
-3.677917845468105	-2.7693093109892217	30.802633178144905
-11.796707583574875	17.743684730409434	30.763621463809503
7.460711220803465	4.140101860335982	22.01991736785836
18.567990747664837	-11.731900662834418	36.269850967582556
8.516514615497059	-3.165500510944959	29.163914076661513
-4.264839375482775	-5.647317082140165	27.28486338952296
-4.885482885668336	-15.63299581757461	31.209761093400314
-2.9485899593612803	4.897356497929601	33.21525343316023
25.87986969242447	-1.2961345075751896	15.23006744722283
-5.72394677207435	12.41878042939419	27.12134553702371
14.690075912989231	-4.963578180491509	41.683972565057516
16.378287884715974	5.405957763406436	31.169930675334992
-18.61343047929159	-17.25191015171674	13.800897475023136
-8.010105815397786	10.737927272454549	39.11870620234856
3.0798756003836973	14.130260166714347	22.085722247296893
-17.514606914625578	-1.9048150615702406	30.504537404634085
-8.470581660011508	-11.029397444470135	25.081271747917963
-7.7246400406343145	7.974975022757333	16.3288478513728
-7.258588079513414	0.21214119074842688	40.07336745032046
7.090443467098076	-16.032243622188467	28.76256990941472
8.27446083168404	-1.78079313673165	22.127227009477338
-1.3332649564276702	-19.241060669116642	27.822065001356876
18.21586136810825	7.463528346840801	27.555186393618204
-13.715985338940158	12.333591719307996	26.434381213842506
1.138432321374616	-4.665027534752369	45.69690900315051
-12.640798543623632	10.63028526244273	40.2198422510451
-8.345206650409285	-3.431562294297892	30.13144638849214
23.871161559252855	9.428432778550114	26.698373543644767
-15.802960998724753	8.438404275450717	18.013319410282634
-3.9180218607064314	-4.641496525610941	22.435928704569818
8.867970119460516	8.59428290743092	36.30112429008296
-1.8390041233967878	3.94559457387323	42.13657181918187
-1.628749152074152	9.689114531276235	9.943395135572452
0.7586215965573573	14.17117817522746	26.11447337424154
-7.044493649491976	4.023011614495084	21.235019713685563
17.276087510008065	-4.642715205535358	22.717879923844247
-9.198877585145771	-22.839249590654788	32.88286978305334
-6.967490317299582	-11.116698986730785	14.581747849002307
-0.413535815294686	4.1176628654551966	32.18749003504307
5.984359272702594	-5.485551996412186	36.60248581888921
-7.874799819366988	1.121002436462406	31.899323746610943
-9.087672918838372	2.00618196295269	39.19691251936196
-8.806865881176595	-10.653894935484178	16.66289804748791
-13.640984090730022	-8.381994374183444	28.820017259608367
12.537773118883726	10.869661683332748	22.08272374895842
-1.162474565117451	0.3376518151372636	15.52012130401569
-5.786637755782625	-0.967730428412465	31.01607294561511
4.230583105834579	-11.208733317732255	16.406132203088973
17.010463070430045	-26.55015197839844	38.14892077407123
8.96716991813799	-6.856495743702374	42.33890729045385
-5.388560514965247	6.338116775904855	12.470493871745065
0.6322254429097343	-3.596319932274106	36.384056352363615
11.580210184859911	3.255318385676957	23.55838244801912
-7.805252443262346	12.695556000373765	44.3886673322372
4.991921715736511	4.677152871091545	29.762379466627483
6.79166420189701	-13.288226372653074	15.535372074226043
6.503287985385161	-17.619523420332616	35.560498112575075
22.099020704939836	2.6887937839058766	23.601796765642817
-4.46212309659264	-1.0613265097052786	29.481671938772564
-1.2788555104262365	-2.7920691446825123	20.51886293284954
0.20744770185951983	12.394285934288558	16.300964686387555
-0.7125815062901754	1.1191473449533502	26.398565272804063
1.7233547095759592	1.3451436703236619	19.91119156045614
-15.501777509866038	-15.47110881423804	19.59629092105362
18.037412200752158	3.0508128645942407	20.026026446197072
5.509193706728706	-3.1009081779447563	17.85288015986361
14.778851995909783	-11.59198201198121	3.903286828573833
-1.4394637961125558	11.396468426179782	30.22661447567218
15.258057992725371	17.02606069553619	34.227235023877
5.089469202630311	0.8153022082225365	27.948577081548848
8.874877413757893	-8.953978346514686	31.617002527580425
-8.25579352272743	0.7615749462772358	18.606762770060527
-6.959976870577599	-4.099707953245583	49.8357472662099
-11.516043785985197	-6.3340294390419505	20.559837610550204
-5.873642412510458	12.433605716536938	13.998495412466864
17.683713610587898	0.932908388176769	34.863159883393664
-9.535986489320207	4.688782548936906	15.126601964282806
12.22535707789585	6.305190656843777	33.022375926754755
-5.955152509120461	8.607323266628432	39.19364612875693
-22.945828643932643	11.458256595073244	22.029472978659584
-0.3875466350892751	2.653266423040935	32.492115003939396
-15.97525528422625	3.4698363045271137	21.906954220643847
9.83468612806079	13.418036134108211	32.412727459100985
-16.722699489002032	-1.9792092352528055	33.94520364202235
-3.3020468428940166	-8.626816270247952	12.608529484948674
-4.093321883577142	-12.968226293884033	15.229216998326084
-0.25841698773833677	-0.05664801705118163	59.37801985748713
-6.146793262233549	19.349022657081964	31.631845786110866
0.8441812802644734	9.553704013366993	36.423107931838686
4.427586438126967	-2.6759599786465667	35.19532749760151
-21.659718912909533	-1.9976603563297004	35.8353703478376
14.935404710945008	3.631105613684824	25.325067436707158
-8.974906945024143	-22.823252054486005	33.54633996823628
6.069246086502082	-5.562464349843797	21.008727912378163
1.0767968148478564	10.162651046116766	14.891275621457243
0.6059564030620364	-13.577286522481593	19.96256031954668
4.746896215963837	-11.602672625288577	43.878022490966565
0.06945471381798302	-13.390658167582163	27.316211211308215
-20.866183329096216	4.196033230011966	17.942911573753364
-2.4243488656938865	5.194134061181605	31.634584481583396
7.261396626076735	9.232674451750068	33.81371032227853
0.19529882805517434	12.635276286583379	35.2854557225379
7.373749566645479	13.087498650078956	31.26877042133085
-1.0714426234291223	-0.48648092750170524	18.671350860491792
-10.098975677739244	-4.051679201311056	40.797050009503636
4.344628286558415	-4.023522428056277	34.23416146400035
12.450920541364434	0.31223306627125574	24.476530183394857
0.025485158549478894	7.715798819703626	28.014372269752435
6.712970512067951	3.926472033841354	38.36379379845504
6.31494065097686	-3.1777462933368095	13.592650093868123
17.829276778281816	1.358964497393256	24.128234375309674
0.6011043313486881	-0.9279008496736476	21.438635867489698
-5.451463081581469	5.982317332679865	12.025458409916936
-7.225525044580507	3.173602082417153	29.76050333033476
2.292500680652416	4.915659691598113	30.059015976217534
4.041564844254427	-14.608144044521312	35.3122578998094
9.35340078886528	1.1987115138319149	32.63891288257883
13.215478678077213	10.702453647490682	24.694231917157005
3.58177785405505	2.0588466264244945	29.07770555275932
6.733051916997645	-9.729456360441237	19.40613517096639
-8.401408146200847	4.979053201892563	20.365068149851158
-12.78647089070132	11.89631135489925	43.21737750794929
13.26522288258409	-7.419666417632272	31.044411529915088
-2.1701157670817923	5.6316383421697935	45.03278213801809
-2.1790752984692934	-7.689403525810727	29.032851671945572
1.790448678123435	0.8952420862449164	28.730276177643255
1.985500245259	2.5114331181376395	27.832055389581754
-9.809392284407316	-4.574515491430679	38.20829293863591
-7.883708677561508	1.525625096622365	19.517174272348093
-3.8104371667742414	16.74771611724759	28.76182836581811
-3.9713997646608807	-6.925210985073859	43.8642181414811
-3.9249023643713694	12.315768128245	34.10002302676328
-9.642668223651528	12.07655263033657	48.69899286092061
18.155817230275122	11.239327560436598	44.79998137102916
11.097195127364511	-7.620595411239396	17.4071979573362
-5.034879935672668	-15.197203581218412	25.458998757606505
-8.564604430530963	-5.726689564622715	32.61997186010804
-18.3933679597238	2.442240545580841	28.30688842474332
4.975847708962684	-8.49885262777865	41.991889176720875
28.27588033813806	2.7957789350101954	24.683904978690762
-10.208768761997637	11.21536598272015	37.33557203171455
2.611225798490629	5.858500530093559	29.428859678729633
-9.720952566460547	-0.3743811300193916	40.03840201922925
0.8377946829645153	1.4087529196174942	26.340918430159167
1.9991896763506567	-8.84673097569699	25.630233952644403
15.027126029055342	6.968135572222915	45.65864861140426
11.296233914341446	5.199001258331912	13.799534982907172
-13.049721058030626	7.652000194088165	33.24626947293535
7.753378188772912	7.550457232168197	17.42443237872557
-8.13329558199149	2.1064374905306917	0.5299716649959478
3.4979085542293378	5.28611665450179	22.33700194929415
11.752799528437876	-4.7941756073641555	37.41493021142959
1.4276074241631118	12.17045778044234	45.07302735820275
-13.563033715981145	23.169080706572135	39.64165167671855
-5.804701429030877	11.412759695752339	24.84495568258174
-16.77023049629081	6.274824522777212	33.16197241240551
12.41895944711198	5.541571888249859	21.222495026657576
-7.06562380472109	16.24937975768654	21.03559923743213
-8.047938394175475	12.910422058011337	14.119224295134295
-7.112233599165201	0.7115178530409625	22.336896678871298
19.528406025615904	2.9121522173472183	32.16179898241556
-2.289607786987808	-2.034135282560632	13.694326502516429
18.420573191338026	-16.245374918927943	29.20740598575408
3.101853581906351	30.0889312645462	39.548402831600185
26.196205508415723	13.136518646951561	33.4530904865405
-14.81000929199512	-18.42761050281781	31.99022173487481
-11.165243565291378	-14.225906100432422	38.67698369561984
-10.402346314702857	29.103866255265828	19.442820560280644
-3.390473343811806	-15.832298753084315	12.210432113276186
-14.76384543031606	-10.59462094379105	30.116402557888584
-1.6294670073853557	5.397362165669241	20.76438794370904
-8.431784379769613	-5.884635189682025	21.219749840808344
1.5655990143132537	20.25003886321269	28.199270657163673
-1.7887767968356714	5.703493591192177	32.25855436267186
2.203480724998978	15.14132029273727	35.47067391957902
-9.518529834641583	-6.176678966091885	22.01592955043074
-14.762969413089337	-11.02692525486127	3.7319514107060385
16.25042842755634	3.000353438243832	34.613787115409686
-13.469732600806788	-0.49370644462334323	31.857381308359955
-1.5162201853648631	-5.051764111342881	23.223650951148258
-1.147181251668752	-1.5197589937772757	33.24204186229605
-18.108057529645254	9.68460649351899	19.02586845793602
6.2610983506301565	4.082085933465064	25.24606077141247
-2.6261295623014256	2.325936839325934	6.923413541521089
3.10422488830112	0.80736623012053	36.062788647277145
-7.170507019830078	15.261464644538243	31.228718068182438
-1.4185103446378493	1.5307644895044539	32.51394724858702
5.506354956167002	14.223614937015014	26.119458697545053
-2.214902938629028	-8.444502233143362	23.243861557162106
-11.013390723993954	-21.792400226211722	15.494894614619136
7.688360672117422	3.9422500749817564	23.480560546462936
-2.4847603307950017	-0.4874725397550085	16.968057304774703
13.541724231561341	-5.575710711928396	23.076746399766346
4.001551928788625	-8.531955203319043	23.599181229754713
-6.766288059038965	7.6953160650981385	15.488233044354386
7.866743875709815	-16.536410221525532	34.754701894675236
7.8424278498702895	0.15522359674241407	27.43438534632781
-21.002173502002886	4.96063243105425	27.024891322292405
1.608978566202618	-3.4527816743023445	47.54903987897367
-1.080814243138753	1.1754873530075192	20.634791504253286
10.188186840083924	5.957093724125787	28.463562842635064
5.949628418225165	1.347109790417699	32.593172420101105
8.03848304357799	22.149469374391984	45.084436821667246
-0.5210138206052695	4.8757210633122146	42.72759794944349
4.1775287929132485	1.4218405165932244	28.239688354658213
-0.2358069345108425	7.3225972358406	26.86789134582487
-13.049490473232982	20.28813769115665	54.568126703359255
-5.510408391716184	-9.186139500194322	22.762169403380927
-2.587268629866214	5.480278942360437	9.122308619681696
-0.10913114868368395	-11.125932831591609	33.72599101981153
-1.8732816848037972	-8.850117653055342	20.75368199260772
-12.214056530365433	9.981781402728975	24.146812694812567
-3.417485504783908	1.107622965052302	43.86325595037145
7.397598690664127	6.311207694353063	17.304577510713454
-10.518039612966188	6.893602178357382	39.6765797131101
-11.1697147940722	8.3693295258921	35.56064799462065
4.094024164606597	-1.3491755034403714	30.293548580352756
-0.30322938455865844	12.041990747229523	30.347211803708518
9.799005059995544	16.60056864014862	23.551378579526173
-2.047639886811868	-18.331734367263103	26.015220459389237
12.06797773562929	-17.093155469877583	31.772218081471905
-23.325394616473684	5.635031512752082	29.545902124329437
8.019700453793792	10.341488490081765	52.590158995601534
-29.58538099361819	20.713405031588334	29.9286860941298
-6.568079687262973	11.769330451429965	22.121091695224344
-1.246345189858066	-6.806278316007451	41.478369330729095
5.964108199493604	-6.7537732968287525	47.071390224663375
4.753888295048785	16.30962346656489	46.97387633976716
20.337811853347738	7.384285237184892	36.96436413596477
6.707118869869598	-4.703626417275192	32.703829929599266
-18.09764282637027	-5.123205144443682	20.041676602705387
-4.603032134122748	-15.843243362692176	37.69825981755328
1.4722553967963354	-3.4152416850480916	40.78928089045897
5.749190280798033	-9.243197807487816	37.43853074523666
24.117818901461476	22.342979276570652	35.104846937129935
-9.966223658350389	-1.657966510757448	46.38261539996334
-6.03629543685638	2.658377616108697	27.178817932226178
-0.20723403303101687	-10.637294620280699	24.126711903463047
-14.778004230493567	15.567940421809197	37.222198280437134
-4.465193121066033	12.366105446760749	23.063432846071354
6.019961283296416	0.25508657075166036	49.97851546355155
-13.810616663048922	21.521092276171657	22.351336983126675
8.458335525079768	16.283612694076684	26.41442309618001
-12.806867762005503	3.109778988795597	38.65884699249607
12.509378509891915	7.591741632489316	29.359389050074764
-1.0120859244494185	2.5309239346290346	39.46525371007917
12.757821795330198	-8.082462935130522	28.89635908158917
3.8905075878549344	4.5554477775411755	18.29226860838893
2.1771094240733255	-5.928032951734666	41.89301661110938
10.205091307136291	6.190957587703859	24.112775755290535
-5.142388792111992	-0.4998925789778931	30.01126520485569
-9.953606688074123	-8.036567168445476	42.51066370074342
-8.264172870396626	-3.1254827064682607	35.19148892064238
-10.119231667254132	-12.60419952218008	36.761679933299476
15.447431440890329	0.10091714981744625	23.88702750487065
-12.754825757801258	24.043017537428547	26.95547822269682
19.027416184193463	7.915035916445486	13.821341435752585
6.196561957489917	-0.14963519194399907	28.399460545316586
9.784528464335526	-8.452221176171971	30.963525179223872
-0.25767319823991797	-2.209581074692126	28.77160757584098
-5.858414365799247	2.6663526909760686	34.60082420890985
-24.192742083033355	20.275467626656077	33.55554133875259
-15.761188883597203	4.16679061101411	25.17092955860094
2.6868346110564234	12.769570022551575	35.715414671836456
-22.310073113072775	3.9098997879586825	35.48640701852747
16.693817960426355	-2.028573306106994	27.52241348106556
6.660374031948497	8.630452725822588	23.860655998605466
-6.165104585338794	-5.936136844094275	39.92720777933925
3.310060218664455	-16.399405139321782	30.930637892186922
-2.483133951716932	-3.8925434160326784	32.104345252540114
-9.325098626385955	-18.881438229473062	16.752613901493756
-22.604559126255417	-3.2958787128254095	46.57158923616785
-1.8071572137715066	-0.1374152404434037	28.03409011315788
0.3728526445119632	-15.419172644064645	44.0955212663249
2.2796000744329663	2.0770462525458937	34.19511343743441
-9.405516032144304	-6.551783418333477	13.030203321146931
26.219389054926914	-9.514485161757504	18.36382557747799
-5.767246242264865	-15.44003695802558	23.30754337647776
-13.559885042546654	-17.793269187896502	33.120274881560746
-16.406947441391917	-7.848102065162608	37.33844556913394
-1.2055290408161405	7.766736431806742	18.14886262217426
9.399697757527083	10.48985304132653	35.296097779697575
-19.28297128621552	-25.773570464775105	34.67575124652832
9.98099244085514	-0.11411184554005993	38.88946352501724
-2.4224891967099307	2.9744571681953547	28.74756568016695
6.929392070406072	5.972023741793827	22.3098272083843
6.540308379521065	-3.476291717142655	40.11476556676325
-10.343413548570341	-0.9873565739706378	32.09410297637446
-8.379249188592961	3.71915070976169	33.818383341131586
-6.030243221210965	-6.977660295315906	12.751499600419146
7.957690775405684	-1.8695397076567857	11.9847360739235
10.911603487151528	-9.211563666160513	16.797526001391507
-6.76402096564166	6.434223944901262	14.348121798517521
-2.769349688512768	19.900421514254383	56.32930184289222
-5.150553100475536	16.25755488258485	31.594409772480233
1.138956814734118	-0.045760824069645836	12.618920416215683
-4.975466290778215	13.327536998332022	15.395492709007884
-5.543217959829977	-15.043233368031313	24.956674328779492
10.820725994094813	11.739074876793513	16.52520810939966
10.42438023602297	-0.9902667489092594	27.612679308447564
2.5711370282218384	-8.550505255043724	32.46992376607215
3.7155621983008253	3.669562715418007	38.761054356429895
-27.92906892493174	-5.8657515171947425	12.97124861206039
-7.105703097380283	-10.51426185122325	38.990804212060276
-12.637330848362984	17.439743583907067	21.418863628663527
11.309545840344228	-5.076976604274961	29.03134911720807
2.708758548244987	8.814497552388861	33.880998387668015
-5.458765001346953	-3.1433826510300165	40.662936804933054
-3.9319982071757167	16.586554829645472	28.529363757348403
-13.092204854995643	-17.503455311808697	28.813026911469578
-0.9644046164375712	-7.77571011672498	20.21277048501455
6.333353747384447	21.807654946636852	52.67039613406398
-1.553642818344613	13.259276742559784	25.856964094989582
-3.132002481418387	13.829972445640104	29.666922345652083
7.445528125152646	7.460173205207196	28.640774687255757
-4.224066634926433	-2.159542619564468	21.45380532553006
-5.917116115616846	14.522900633886408	20.61385647521726
-2.0107264000968614	-15.123560194920625	41.963878102875086
-7.714513990476589	9.554002134532313	20.316315165900967
3.880879327188771	-4.34764059710683	25.446933170542735
1.4470915003030824	-23.15265634171608	28.732237027452435
-9.598928264853711	8.808201733655068	22.36374342359342
10.915793886970954	-2.7958764945796917	23.598638299190984
11.634229664688098	4.901780646817163	51.7329125554348
-10.925773966124764	1.8691726487692248	19.594986745176897
-7.409492559121703	21.93516621624141	16.770584753537253
-0.22363994247151514	14.273396849147456	30.639810288151573
-5.33167006376699	2.4694412312548346	21.500496121381595
15.203798764814543	-11.572031136964178	34.12686143269094
-2.261358762740938	-11.539210775962465	32.41713711367761
6.985527561750445	-10.28679419034342	25.653467663816254
3.329844554039623	-10.445731566327028	44.702396236543706
-12.354903295961694	7.81453232334362	39.96305204177527
-3.521037516376354	-12.12079164942712	38.32855411975067
-3.3317706132570795	-9.456518981848903	20.89524818518194
4.689435175797847	-6.867916107697527	27.14591150025747
-16.837147261593827	-16.10294205631928	36.03428465194246
7.007856181672938	-2.6128692444975683	36.612305889735126
5.7805956260263205	6.19171910712611	25.239372708338724
21.939977420028825	-0.2174645427266936	29.48450573709374
-3.7041882126240995	19.43566241150606	25.615291992264304
6.738151179543788	-3.0337951831351684	37.20531363458146
0.1105887885738982	2.454003357723043	13.893826388316565
6.486742149253029	-15.788038813057677	22.337487431831264
-1.4347162594214293	6.027558849334493	30.03035061365341
3.139055417573029	-1.7343325343979756	28.610180151449644
6.28328742820528	0.6822337733046611	37.062562667424274
-5.172569827063336	-3.5035488061548707	26.15723564649859
12.69097104236675	-3.4095190462587888	27.28271670711478
-8.321303650823424	-8.06219003693834	34.90766621879424
9.706699598136396	2.2883110747692785	24.317448889755944
-2.4260475966403536	-4.21496666092445	23.731810674573534
-9.30341560758141	-12.37324333084985	27.15554418814382
-1.7464989679561485	0.19345891075901595	12.081511554843317
-34.047617690271295	6.203384905219625	26.770503638185296
-19.328374083206214	-9.150023134557966	33.497607288103296
-16.34432790438439	1.0411242883966878	22.484829626825128
11.148252757639876	6.264015526655329	33.049848710717136
7.773294557058932	-4.530168962212733	22.919565760514185
0.37509474120708647	-2.245936068778102	24.236924921504908
-8.657675450954974	-12.262529803608963	44.37865836375971
-3.3347755380131523	11.599447115291085	15.135561508735211
7.496679398708139	-1.3930926464196682	28.529817975664244
12.991078870257404	-21.863020163645295	34.90822693492431
-4.5748388120113335	-9.548726665490724	25.756537659795413
8.90274883958496	7.179572346691861	43.2960363429683
3.352984130824847	3.260731066102513	32.44146935988518
-3.4179142438827186	3.548669207828339	33.01997169920451
-10.91420369575426	5.562930384964902	16.844947672569916
2.786029374612909	1.580031113428443	30.44774402232554
5.616751217942944	-16.406928120825487	10.606942543699422
-8.525036259789179	12.425942421747358	30.774561241992554
2.4884152437019096	-9.982067080268811	28.53773455360714
11.413450919150296	-2.8713309691774254	19.193699685632915
-4.75121620085985	7.586334722249076	15.794425786794525
-14.36163944449525	16.0331402791673	34.11049725198897
-1.7546292721547376	12.255470874577053	40.018437895569505
0.6669995787992472	8.052094169556948	27.533678975794757
-0.1812939579103019	7.971366029469912	26.52334864417929
5.442421290837896	-1.8606955419287714	36.568895250677
-5.65315397563991	-5.927241676629867	26.859549254004722
4.746830830822526	-1.24960069922587	7.836228327218603
-13.898559397981842	-21.380843156233574	7.775520157729876
6.342219818665717	16.95170033203506	36.502931180912434
0.5818076538998557	-9.141410114762918	38.22990691470077
-18.048953834651048	1.5328673617650703	30.70184847188491
-0.17251053276150097	-20.33453619749632	30.405688861023595
4.644843187791547	-2.719980705117146	32.65040547260915
5.340782412319493	2.654292556203463	55.35903322026304
-5.484153952639538	11.410646955042479	22.115922375102215
-0.521437631065997	-1.9029080229933775	47.2907409564567
2.3367251526339503	-0.7649858663609099	35.47785542238908
18.61261672795193	-1.6241421773893185	39.909256570272646
-21.93928970917915	8.740442768952937	40.470375977775156
1.9588257766447923	-9.227584965180908	13.757420553471885
-11.632811367879956	7.11116230326334	16.009704285039454
-12.572881618018865	2.722901340675416	36.04925258128824
-2.111546393174362	8.500753744596052	34.49109808597545
-16.659506788687803	2.3461109272494025	9.739762048996965
-3.5623537759221295	10.758855582067817	27.37913768674249
0.5599496272310008	-6.2049444672955625	10.79857491639546
-6.523799780441494	-9.141677602048324	10.522529923225747
11.962592872634126	11.434257005440912	12.372165393794392
13.447196661386492	-10.60494866316233	30.733418050451156
3.34789244762217	-1.6380667445209252	30.399615131943015
8.264099176310415	-13.779087754191037	18.440231281481893
6.984762442154141	6.272232755757544	32.03660877205836
-11.677178890867419	-3.2526923236385743	29.17197905733447
5.934041318405217	-3.178217436203436	28.305381012918616
-8.054928337170193	-2.9152702326775346	29.329753924479327
-8.56646683217567	-3.7622218151800175	27.240388387850146
-20.676367904800376	-14.707494173100745	36.230118328656985
-17.497665103997086	16.35765768606684	29.909270546355064
-13.554282037120288	2.142925382236675	26.662828572664974
3.4755368935488207	-1.7412576976982899	26.71939500776857
10.989595244277922	4.256966779552323	22.262664644600182
1.3980130955382453	-0.8136059403894942	17.683765088059175
8.164313519970337	-18.766079964804348	31.28857030571004
-13.7252316298278	8.668043843430326	11.068560167408837
-9.381464264565135	-6.532853444464832	18.231726159675233
15.553487719040879	-20.933196464097943	25.417373247248552
2.4764201296580484	-13.20247779714488	17.314149540652274
-10.243579630928423	4.974618988884832	43.17659505758665
12.887791116749629	-2.1710620189822634	41.15603465340011
-5.500512160125554	6.009884896374082	13.316828841127442
-2.123706529289002	-2.775454082905135	28.11678050138608
0.7897481599087653	-16.62347019100534	41.46266736163342
2.055289077000166	-3.1260348635650326	40.67998609787122
-11.28512380105253	-6.607608591303044	15.559465917335377
7.567758809188013	9.095156623104085	22.842694567906833
-2.950600589546065	-1.8110194928309733	31.20430986787944
-5.312432178815848	0.04070169222694663	36.019503587949316
-7.659571572628844	4.871960592905415	24.319309394795507
1.3551978925113863	-5.271527080916146	38.71659502703593
-7.080575573442291	-2.6325185961462436	30.583877597607547
-5.769035715958182	-7.854917624936034	36.15971442711162
-3.5154030096517372	12.305592197964337	17.401183732440707
-8.853804246836521	17.452948844070477	37.37233277285462
0.7646033386890785	8.463262446061844	35.04193956447578
15.22821245722364	12.006336034129648	33.980194186070065
26.339231810511045	7.198056673268223	18.933698310214066
-13.864495203524614	-0.723497244664988	23.511542481007364
-7.1541619594137105	21.15996169366681	26.127449775130025
-5.660093543800854	-2.239885621641288	31.77791851095666
-1.0140841066479118	0.9222089200452686	28.373472371231315
11.185678809286923	5.242624079026555	37.28318537171657
4.999298670648624	3.180824229081204	25.37148507247528
19.847509139222414	9.994808015318212	41.19516202911141
-6.1991470291840916	3.06984887526548	18.837336189917956
-4.283339576750013	-6.258268711427476	13.958938724352254
-19.46243409151913	7.430467221242736	37.47543835584122
-5.737081146806933	11.753950360647439	15.130177246291174
3.395949993994517	10.353004892904767	23.632044220768687
0.6333487799477242	-4.805911005215331	34.27850633957445
3.1639562737619293	3.5684686737771907	26.45280028552673
-6.436539361825432	-26.552337259069297	29.612417904867645
-7.2045089101766555	-1.0267726697622581	35.13821306865164
11.51531620136969	-0.9293646044930687	23.70233609673761
23.6466974154775	-11.182128865296354	20.44752083591751
4.225734866569054	20.312638583836844	30.004461331892742
6.34789279909691	-18.422183947214165	27.90904352393581
-9.807259480656597	0.1956194438561369	15.713289459061002
-11.950746494121425	-6.140672276915505	35.16188498183103
5.041734092395052	-0.9723774431071841	27.96273733139378
-12.414435536435889	9.993990523464054	16.54173200095223
-8.631298879570679	-1.9227618980506391	17.7807073996174
12.402105531270264	-7.1210950372476765	29.336042870044654
0.12130768485575179	5.2216215152208525	36.779751190326294
2.2755530354907725	9.440260737735143	30.335779117064344
13.506284209865779	6.753761858032535	19.267994030874082
2.256354165787799	0.9008339273037657	24.631982764401382
-8.042233043561303	-14.66881132060381	31.51868370793327
-11.762764622888104	-5.690431270158125	19.62545263460548
5.37847290752013	5.873291966687194	40.093476074790004
16.96156226954311	6.545315397143902	24.071934736138946
4.923918812325575	8.022703496803443	39.27400019648548
11.127421310623875	4.364178941297927	28.206900508769976
-1.8383665289083848	-5.0179417484161295	26.476333649370407
10.880548356325706	-8.003097706732426	9.352438296610948
-6.800338581382866	1.7508744196175487	16.48831086407915
-14.301802604260928	7.148680309084723	26.52400866149533
8.862918452122933	1.1085997489282433	38.629000690772635
1.7952715874129945	-13.843742286658781	13.969101460826797
-6.256311099337369	-4.275540381970392	13.16781890170396
-4.539887441210548	2.0561417440669207	31.447828079403088
7.666181027525878	4.770731494264115	35.79709222415093
-4.018225345779528	7.643205632593958	47.04411736351891
11.298846876111366	4.414725965336035	18.212182843133576
6.205012408443525	13.841098260007328	21.206255824660204
6.1699358833538245	10.973903719238944	26.571745564856496
0.8722450685414734	-2.31270014150334	32.35757303265663
11.37237826561477	-5.731666164096946	27.51382718360575
-13.281135916235984	3.6422946919094827	31.580334578019134
1.0869892563988506	6.527895379385932	26.621896861086164
0.9456511907953011	8.116666114472789	22.354772638295866
-5.560425124358459	-3.4669563960022827	22.73399881632479
5.860950368158358	-20.991588420490913	31.502005086218148
0.07065654104744387	14.798273548204637	16.976903088988998
2.708647198001477	-0.476368160906814	39.20407357815641
-1.4919777021594594	7.972836972344911	10.36865536223221
-10.699313140559099	10.340981268236046	39.905824554331176
5.0686883827711675	-0.6460495727894726	39.81191063369728
13.675559139718397	17.118108867356764	18.380518472856572
21.86864256499495	-8.863366879901967	26.77648294499331
-14.524772484414413	8.696521621036572	22.90118122153676
-13.186963349717736	17.054916072970066	28.98547449387012
-1.8312812826222655	-9.548256775850447	22.01815513574359
12.517340129280852	7.994085672648171	33.95411857989851
10.968594526821295	-17.400479553497274	32.27093611646748
-16.798210799376918	-0.5605690269605639	19.139813258338446
-2.516624054028662	-4.858622187405976	31.989413999149626
-4.253999429193226	11.440273272787547	30.2012881006658
10.308524880685244	-28.487446957749793	6.14184640299807
-10.240410364937478	5.022267771830721	24.621185234593888
-2.7201804236148286	-4.350143567968508	28.48611371376192
1.929285617663607	-10.734511536570109	23.16123241048465
-26.18779017261523	1.0640217631657298	25.8420776280465
-0.7207658247907566	18.8587962566911	36.35657450069233
3.4301409359103046	-0.49197599867402325	36.93214996227395
1.0639760902160638	2.179224512606768	25.845805023047
4.480681080629379	-14.203406649061087	39.70905328516032
4.337294613865417	6.376147203385615	10.657736994948444
-20.321847698663717	13.281997878258275	24.16501146082064
6.12823940430327	-0.9650926800331616	30.04352346393866
-2.9921416338892777	20.181202595129413	31.18415533698645
-22.866822085208597	-9.233444820002715	26.406902012973497
-4.654552057189642	-1.0650915215715726	23.153766013280112
-3.21169562822226	6.839166010557203	38.39892123503995
6.514181197860668	-2.9689301863375923	35.29274237459178
-17.291383047924032	-0.01695385418582393	19.04097307012207
-4.654383173399	-1.2669842653176535	44.36738425012352
6.065903320826017	-2.5353996041488442	-3.9504437795676566
13.5375767217557	2.067925439739927	43.707463270109734
13.675018312533144	4.778179642554792	31.144243117680606
5.795375559959528	-13.657338270413925	12.950334367783242
13.586905938550808	-4.14939496966794	39.94974219702087
8.215932589500694	-17.111861547879688	34.77510870406418
7.072693769157416	0.6356046282462646	23.68434492012839
6.028194667776884	22.97890555521571	40.529738518740785
-0.5427742474308982	-13.742904458904285	40.909109110931894
2.4616233779489614	7.579370894597836	20.491499420218467
1.9488754769953023	2.293445448742574	44.98459695992244
9.118318282675869	-5.698819174425128	33.62030411955674
6.221685958605516	-1.4730791077568401	21.877545978238935
6.93330054400358	-5.6281633435295255	11.569656844742827
5.9442606403106275	-0.7282881174146848	26.182527446965196
-11.578053209052532	1.8362894858068248	38.82665055093948
16.48077960693124	-0.32136531189190065	24.33361365565483
20.209537569147177	-21.32002624224338	9.496091781524402
4.529962585981908	7.425957542152235	27.612778007236546
12.22674666893875	6.714317690118086	28.774428199405943
3.12947406869191	7.696285455371971	37.72184513806475
20.378734789298054	-7.114861444726275	31.849423816943577
-19.40494491370438	0.9379602897318053	23.47160920680132
15.43832811987432	2.46513821485716	25.08195610666626
-17.873319825336054	24.070654263695715	25.005382301715045
8.576467386052373	8.524225693033996	30.216180979056013
-30.302063252075804	-3.816547962389352	9.086629908346389
14.142292057741377	-5.477860828975202	27.13250563494331
-7.556521333164961	-18.675692863951646	50.22820974665861
-6.187133335077051	-4.4816271079561885	30.38650875497813
-11.853829855085454	-5.14894972068206	52.84641876025148
-2.9698979160151797	-17.295358921685168	19.85607359057407
3.6389298328538993	11.817123961152253	6.829728641551419
-20.052074835231007	-1.7133718686308386	15.200176125575375
7.881269637562652	15.328550584737677	50.91305699379766
-6.444476823767181	-23.452482439918974	39.10279992581535
-7.0516676304180725	-16.233359751988033	35.62500330393492
5.783517317307011	-3.5959504024023845	18.63762114754936
-2.8089419433388074	14.644437457453689	28.51319308216875
14.208728228675948	-7.642076424887037	22.563032994797542
9.012613569559434	7.444146749178251	26.058256030338864
-5.643407822324987	-6.220451820958952	29.289153813440247
0.9321842844761609	4.153049468509683	26.064504373558297
-0.36980790778002814	-12.134341634516856	21.382869678806053
13.434324563020718	-8.16015757119175	59.4247577257945
10.475253630104158	21.43543126702772	31.565682978530454
1.1273308701184608	-10.813559387619364	18.8299999857292
-14.40092107214226	6.662063655276893	27.894734636505678
-8.73129246654764	11.03256891786836	20.927747146070672
-10.61195821102228	23.482375394254436	8.725554837130392
-22.376481072338276	-2.6514804130505927	35.6468817098694
-9.0137784619106	-5.391643186982763	24.44499233970837
-20.34567421930868	-12.738283358389053	44.74283111022024
17.44405831594167	-17.823915663334475	22.93184445912343
1.1591554468381193	-20.072922158844566	22.483441913994813
-21.363269386607286	4.78943212082822	14.895850785598316
10.598847594535165	0.7980694389080278	16.37319248027844
-2.639894450569951	0.43237558169668056	41.3275736516644
-4.680514123003571	-1.9983161243534575	15.685052207859616
-5.492471356751963	1.8709602010529482	50.65737536989812
2.8912905196733245	-2.290759794087619	21.460574512204964
5.60053339813182	-11.315270894507796	25.385051869767917
-23.6510029462757	-10.420889763465285	28.79943618346661
2.588208414796354	3.070375907470087	31.370773657903833
-16.152404655919266	-4.8230429733143305	44.04489405477982
5.35229584830915	6.9792982013514715	19.085526528956763
-17.82461628677847	-3.1825325951904855	13.650259221158734
-1.1643288162751277	13.664278922256472	19.443262478628625
13.119520891363749	-1.958587367553143	24.058329576599146
-6.622248358808429	-2.548153156113309	53.711685627188196
10.454656131524708	5.662441126244248	27.7233769687472
5.365136362565011	1.1219815451203403	43.90553353171304
29.065972913231285	9.811450382233945	29.708232156497477
25.474167066498573	9.182368021020789	22.826905119298257
3.220077265657786	-8.224967851374963	26.564740459378406
5.3219841569620545	-16.217194468099596	24.04056754284209
8.649160722173107	10.569499855080739	15.778028577062138
-5.134595804397236	2.78332720556313	45.41747040132141
-4.528365223886583	-3.173427372523827	26.632145472346842
4.81073932750596	11.873034477642141	25.79484186283546
-1.6272325934076013	12.54132346653357	25.386504155603212
3.3012192284086064	4.358478911269626	38.45465955465225
-9.762045242743346	-2.5897462903922364	36.120175402121205
12.150067335911404	19.765509628896236	16.892610367978204
9.286966007122295	3.07430244416968	26.77100387104444
-3.368264032081676	9.5142232040336	29.31202085942464
10.655184307503209	-8.178046445724815	35.822832827310194
-10.626134750324832	-7.382884383780635	31.42603079887725
3.58786455797325	20.905931457925888	38.158397089491245
5.914224947732995	-14.53208304754066	18.034674373460163
4.167507411138506	5.818833066995694	23.916889665422854
1.2902257396528238	-3.2818033452383983	9.206646745499139
-0.20162839147293557	3.7050377474540834	35.192151340229074
8.716013548044504	4.608733324083164	39.25244813855899
6.098419695607621	1.725490735413586	20.67607439973469
3.8079099070820392	6.539883639659618	31.55295584964236
-14.092870202749223	22.052707291120473	48.268986064072905
-4.082871940619814	16.50131527025919	14.58263456611377
-0.8321351996799969	4.568667082753672	17.879719767963106
5.517595471903642	-0.5121116142490555	36.745070113403315
-8.108072965549912	-11.723339105529986	22.772921799058224
-10.429580896427948	2.7721845025138037	16.376605302947112
4.089536595039782	-9.817165611512763	28.61753646879847
2.7541752864537017	16.349621521782193	31.108679545567743
12.057244928068542	5.421554266528787	37.769260990451244
10.467163062586739	-1.2705410961652417	23.15582006978832
-5.479422300346872	14.776750871041864	19.260520441175018
-8.327215975625522	0.3838692984154286	32.770340771046065
7.479293074692139	9.90459001950439	24.413662520212604
13.461201164019556	2.117402052542904	44.01093799269761
10.152028719312627	9.947455738522422	32.88905322573644
6.215081716629882	8.286594012472392	16.212804857888372
3.283806135592542	0.8887899045246803	29.82419407214845
-0.9929556451173288	3.728316284057271	36.411086653442986
27.550114008803448	2.7894247944356447	27.227444369074625
16.62792290450959	-1.5322527680736737	50.690402761957365
25.21773504833492	12.265272097223136	32.35571495343117
-7.580278802383965	8.933442238799579	19.261841745423204
11.228596473547105	15.556478364011493	14.33120953818044
9.295718166412332	-5.133247760684614	18.470800248183764
2.2082666221146545	-16.05325116565179	33.96868092327802
0.1414050258282775	-14.136062791479624	5.90955374551605
1.3097656914947104	6.432179621130709	32.96077481635298
-7.972793725630918	6.729183641677405	27.829918032284823
7.302202776385922	2.4610610908865787	28.47277792947182
-1.387848953493977	5.384208053143819	24.339012658243387
0.34652749488931056	-11.027545078831036	13.495533396372839
7.806468948160915	-1.992408769554392	34.53770208520987
-10.704970978975513	2.1857945317721112	16.54698005548929
-16.909020057284103	-2.3204867228345942	11.311235871015871
-11.576014926282143	-23.38665188520247	28.834747780495572
5.792625531706025	4.243757908237638	27.92938675875657
-0.5523982915527094	-18.933752534244594	25.282231140354394
-0.5577687131212894	-8.699089237920363	42.5048049548579
10.950135616148795	-4.023898425530458	6.908881176440083
3.9280301209235207	-4.678247197867085	20.206483614250896
13.743645702649392	12.367979360701923	21.693149844257825
-8.795487103101392	-6.173576076333934	30.176032666544383
-12.811627225543534	13.22686412916384	31.138183834548364
-6.851017583253565	0.5127144388561631	23.528113253179058
-20.71992912132586	-26.53823721419004	25.11475209162171
8.000200916788605	9.40518062328639	26.152659310008083
33.67906145127262	-11.331432450892105	31.038508259220798
16.77593478321706	-1.0956859298200037	27.309851759841468
-15.83756873211988	-1.456267128118135	16.3535843696309
17.5610486638142	-7.152058657701749	23.72557895726275
-3.121459782616682	4.5730412338858715	27.291557611715305
-13.914465613850822	2.118002285697355	34.21932351170339
18.27622919004161	10.022020218626565	37.382115649731205
-1.8939383928600848	-7.174367580373502	41.76826265750921
-5.167476443479981	-11.595712702584077	29.31600872116642
-0.15365680050909955	4.058198690393486	12.692346633974317
-2.6777305055326686	6.942416691602144	2.074488710410339
-9.465375465745714	-19.126617331979933	42.34416160559958
17.517601538371284	-11.736701312304781	47.58795518490324
6.658994919045367	-12.792502920148127	49.49451986429818
-14.168517549106099	-13.120374667152184	20.16708245235378
1.8129036581776858	15.12651955910406	32.4065434302224
8.484232009426117	-1.6858190849326513	34.796969691460184
-14.38611224966661	-2.6295064767080074	29.98440660133239
-7.771118505049337	-12.189364302341854	27.398450381142247
7.676946572681707	-6.352590970903974	35.47838626117943
-0.38682916765233766	-13.116447421579114	17.828663979727757
-6.931673740893372	-14.994534051566317	22.73449115388858
-2.5767655346256415	-5.828620424342682	25.843555408332286
14.052487588823618	8.795823058954005	30.420777417179302
-9.575337022178376	-19.110085635036707	18.00331475289168
-12.34903100780539	-4.518820161150179	22.85474292718585
7.0287726864090105	-1.0240117832355426	36.64330799145654
20.456692420655706	-17.837350046423204	16.175777927970174
4.874829557663122	3.093686860412082	26.56957686100524
-7.597918935886701	22.200932218168987	51.65685469601249
11.994456391615868	-9.596469906322433	1.7604825871683047
-10.583519089625764	11.93325995691973	22.669005824206664
-4.959227268513348	-2.0934340165123957	43.45054072081296
-18.858436658070975	-1.4664819559412252	30.075607221339908
-4.408847478444021	3.039390851726138	34.655954399229145
8.543115838078554	-4.031546502452853	35.18558969018454
18.58506536638146	36.89369786032038	35.23732362381239
-4.516713886158923	9.073721040102573	16.20502067383951
4.584046456307405	-11.565141593653435	9.846212352650408
12.845733947483675	-1.5863695421819832	27.88894600877889
-0.8476376238771597	15.018756550746541	26.511644103308864
-14.267147125569217	-7.110620463838925	25.385304158455604
13.981410587942968	8.91823255684419	17.934178416554218
-5.43870091340232	-9.155344057728767	36.1573703229324
3.8412839304658664	8.930730883762482	37.74424641592938
12.994476474475467	-18.624001212065306	50.95623418267961
7.527761995881486	-2.2245265588114256	32.58615653022807
17.580057477679716	2.316381312573102	31.35669324482913
9.44401948851955	3.3588059853686305	31.991836489162512
1.2230133039367477	-3.6289597177278754	36.294990517554474
-19.728596978097194	6.099952063409738	22.558999920526837
-2.751722510401509	-2.76519608535059	42.65512462213371
8.18962531336817	-0.40865051118515927	27.96939505524
-0.8024948941520873	2.2080995158693355	42.40149742307334
5.6221565707988255	-10.231393254949111	27.871991817784796
11.578383193917059	0.4548271851149794	31.011116457231054
-7.59938447378607	15.723860075600019	24.416284585853937
-12.366400447784553	-8.667888214063062	27.88895587921861
-0.3701218791999658	15.917593638034708	30.928581294204044
5.19276339563885	-4.579028276516898	48.69679153836701
-5.693335004306198	9.298539179457393	28.98698175154666
0.6182452766324097	7.487956897896578	22.846859156543587
15.2936721731738	13.142574519813024	36.7366939119667
-3.0354849919273112	-6.691842996599177	25.463030912929675
7.728530661976479	2.8902233515851306	44.28486513363089
6.03628509685302	0.1421935607144832	29.48333413387794
-2.49173743133688	11.28979941490404	43.023500939215054
6.3770899310586415	5.7722028706476465	28.79296931302813
0.929050982579397	-14.944777808025343	41.425979241358704
7.8759860437230875	3.270614184280549	30.484111417557113
-13.613879310781268	-7.200841489744745	43.26241401675483
4.5687590832200256	16.760754786367393	14.806002465292577
10.131978077880914	-10.134441164975074	32.93730393079549
0.36950065956234823	9.123589843986672	29.783358679059383
-3.2228961500721276	-11.692227180683929	17.257732322096192
3.157537274158039	-0.8756568496110773	26.81044257228204
-9.183252761381773	-9.253346568488121	5.548997473153044
-26.623284900859716	4.993175012462465	24.300220319536116
3.4566141555816694	-7.148611374233997	3.3761146093423307
5.030755336504114	-9.091898001851945	18.566721109046632
15.84720110855103	-11.11934996730946	17.75577576082365
0.1996314005939667	-17.40450796623523	36.242541448038914
11.681500695465349	-13.887496616557067	3.2613244694737418
2.1610983457666473	-11.400115411565237	35.32163139516807
0.04436074305565105	-15.089098497890136	34.88459543996898
8.822207494732341	1.488342879440564	24.321013383350707
-7.318795192414953	6.750708936866344	42.05440242032782
-0.1420071422298114	-3.5715317774868414	35.58222533112522
7.446013816012826	-11.318462626757766	28.56737722245066
-5.326895683795763	-10.411789778919335	45.569115993129664
10.708313151313773	2.6370324040811615	27.5728987518557
10.809598915600311	-6.9229385932206835	27.71849796377852
1.436223155679697	-4.926220988077833	25.84643550551965
9.983826292435818	-5.258631555580497	36.17244352454901
3.107272148740059	-7.429822273343617	45.019818480015914
22.069024042749497	13.829399845949862	26.057916344239906
-17.098884309654125	9.299950071121785	28.261229884682468
-15.572701170868811	-3.7270800585170827	32.868492558786706
3.920595554834723	2.227022453377364	35.50269211225266
-1.7499927960911958	24.80927116978193	42.243388934440475
-2.1055132729905366	-0.8351878974358541	14.547795213183583
18.3808996734834	-7.757510441418637	34.37368403967141
3.888141603563742	-14.55587243969803	37.01066041348231
9.433573651362174	-14.608151873841134	42.72495109168953
-5.124224642802292	4.556975947968062	0.7819157501283378
2.7566587953670663	1.2282498173489491	33.8787490034391
10.746452754155483	6.152775070619175	34.835473739079134
27.595570340885274	-12.209472355309675	43.69426671388026
5.200380948749087	-7.098880931762706	33.41816077362639
-2.920467498697739	8.224348941709085	28.790506374206092
-8.479106447675196	10.098580223891103	29.07199294483435
10.392499530145248	-12.048093808714842	37.00543236060479
13.813331622311722	13.442418210162362	39.80387329841417
10.75123199490966	2.2731728661543986	28.703664416214806
12.136274590741108	-1.6296442453797286	31.098087125507337
4.98575471503828	1.286550966801598	28.687931817472485
5.739873319007689	-6.026196451716258	31.473123734143783
11.811061161008006	-0.3314460352389298	30.715967688717186
14.739221983307099	3.7794852577044264	30.33836728447717
2.28779261181745	-12.517360982308341	5.6527192681210785
-1.9324733094037345	12.078837251722154	37.24628730212684
12.863171226927072	-15.516470305611598	27.192270007713674
6.120977326101807	-9.08126277699714	23.573344699236742
7.859030065886996	6.603996271663542	27.240975969715176
-9.039009608025207	-17.707971012938188	36.14873487497063
4.234121898060393	-2.170935544644459	24.7081849474067
18.28999408881743	-1.0747940497900457	50.93693575993194
-5.520124804317076	5.196502390140378	33.6590653994971
3.180776888524063	-13.916228679271214	29.371181748566702
-5.889558921842167	-6.9022691286976805	33.65292025558728
-0.3778840275176832	-4.057096676498897	30.11974357179894
3.742991451819202	6.193688663661005	23.93297708508139
-7.050760427029218	-1.3163233853104601	33.19533461398786
26.012703334253843	4.394156769386826	24.487153350033502
8.507375001697541	0.3469997868741275	33.23168855652192
-2.2398773568136607	6.128907385088995	25.977526117826162
-20.487971806558406	-4.147132007882871	11.130925217518396
16.38503369062233	-2.2136195572631934	19.403245128319245
-7.947753704788244	-10.882962504920211	17.630868858371166
2.9457016483565903	13.402768438264697	12.434007581793688
8.567615461385165	-26.598550325386825	25.29073139343065
-8.536968706916197	-0.4844442160900696	40.896360171141836
-2.1136025215662086	-1.2360851404109363	23.11561484536633
-6.450432587046152	11.512929254830937	7.678373421910045
-17.44484510361477	2.429146476489081	37.82690264400236
-16.03843667278871	-13.880975411400836	32.128739303759005
8.342377886789581	1.3106754355027264	37.988396326801976
11.387257876430288	-0.6898584835255196	35.685710257054005
-15.071404201979435	9.311760945028302	43.74358640631452
3.875864446809481	-14.28384442903326	15.881662500309707
2.9718576944731616	-1.5307321151621809	9.897364687361769
-8.092729081996088	2.87457605756065	34.91006379415282
-9.5255073429808	6.7873309675437	24.213783617803706
10.427199834149707	0.13605831377450142	32.65065967370916
-7.69135010047738	-16.022406496468484	26.19173953852178
-3.6017886136505437	9.891706330521256	26.341635014956424
18.02563570443858	-8.663642867596105	33.17604277351678
-24.288712366676634	-19.68846469626165	28.061307910805315
10.793503090079303	1.3644292531357953	40.500935872336214
-22.447783280966966	-9.208046107389112	39.8453542818321
-4.98498404046046	23.169551219658388	27.01100904369388
-6.100327307052281	-17.15758628793886	21.076577029763094
-6.935615895182606	14.215609968828126	13.459664195515021
-9.728505713375512	4.527489463261659	39.79282927363606
-2.3937120445773643	-1.0864200132182507	27.313320363702022
15.740398595125741	6.4112756478519835	20.22946825133735
-5.479982741332808	7.99944794092559	30.527621111730422
2.167748649897501	8.172844692691848	32.50271063459241
5.046267827531102	13.86443900599996	22.25792010266676
1.2705472101121604	0.9533562737221133	27.99137387646734
-17.150303265771388	-12.395149128026489	26.731315823528423
14.268152011779431	10.889629306886729	33.526543843388005
3.8684441602631923	14.690781466080413	41.08335136678073
-14.967055388576231	-9.155160822570295	30.216302985773673
-15.427061893994711	0.11765204498462459	31.67879510704451
6.128828447216178	-7.371003360439553	19.448382684739308
-22.184524460624026	-6.164344689047279	5.466198133010124
6.427143098395711	-9.956946313669079	21.17009483992859
29.1025641174631	-4.635264940799168	29.642885026271887
2.3935690395298854	-2.1826841560797368	26.57792420913958
7.588019840095484	3.201246757733704	18.26519809706435
22.03268522472356	-5.401721867776112	52.57666806897461
1.5180984509977702	17.166133083892095	44.64857668699726
14.791137529309362	5.649516377758616	32.44706644639781
-12.853295267379668	-12.454857968440514	21.446500493163335
-10.576293560947704	7.100572486328773	11.953700238034273
-6.649494681064651	-0.16788906263497008	40.96280724576795
-2.7390732154863295	-3.7686714337028606	32.78491736260723
-18.903894799629274	-15.342473091030193	19.792061985229203
7.186924739426125	-1.9864422169529605	30.86287968317336
-14.782881913057446	7.867362047161398	8.38611223911435
0.28233226641648496	10.892704174895915	35.40517695468499
-1.5431641369510187	-16.746848357887984	30.812237897292377
5.014432113939674	1.507602931788715	25.861343665163353
-11.18959345687395	18.001759939606853	36.248053589112935
-3.9913811745096335	12.451828261743536	39.53187332782224
-0.1937267982325898	4.188989154401083	26.74911171580814
8.815203733628326	-9.758921638486026	19.462076738493515
6.730402654459371	4.239564442337247	16.758185572872346
-11.93219895089518	-8.258459651360656	44.090482684874516
-1.5886076860197285	-8.20926630442418	27.188725148912695
4.283773894315615	-8.447345514997354	23.70525439872785
9.002492262382395	-0.21850331663030462	30.332595974048978
12.47895383784202	-2.576666672996903	25.706168603662544
-1.7089194530068077	6.706247487940093	31.44187817462045
7.519484191098521	14.212427850852446	41.48147378493169
-9.237404177541054	-1.2813768810070005	0.16018420436382996
-7.731443653875862	-9.385035890835283	34.64123989138154
12.122415744682725	-2.454365475733929	29.84176876161082
9.572523628058754	-1.6197204057402166	20.635554407696414
-0.6603659024238638	14.521674772481203	29.061221894163452
-12.233413067650197	1.9447234376423286	24.13629165265761
-12.947768801219134	4.697626563551479	28.4475976805694
-15.637867755118624	1.1091311106208228	13.410885990505083
22.914506055263008	-1.5310877688388536	31.975674971627036
3.647841462792169	16.386155639968397	25.73764637654279
3.4298873302878947	3.188202020531234	23.151365821462086
6.764565535041042	27.723026933012093	36.855950153610905
10.887941865269928	9.183257765292215	44.85748795596652
-18.76266200421165	-3.6324235292773466	25.550395570363968
-0.9999242508466438	5.204858845351267	21.498609720969412
-2.516010224636922	-13.578013468508356	16.562599528483638
-14.875015099572673	1.5433780539777178	44.148701985863596
4.92337767030619	6.288882802534356	27.058233399961473
-9.93564855863774	4.142518786561162	47.277057325712924
12.22750973990453	3.7068358171053934	26.130120617744225
-5.2314123224912334	-0.11276124682395207	21.99593478830216
-5.593120692087393	22.17999825591416	30.911859646578904
-6.344749091406291	18.61544358830376	14.768945570018444
-7.67053423898397	1.2232203195769717	31.616238582128318
-12.94896239141435	-3.455205325695918	34.839317153373344
-5.880677141930209	0.9161274240666792	32.579545034670716
-11.967674427629042	19.8684337038601	41.73096744409509
7.8282537121636375	-3.0363135808385326	26.87928745412177
12.765432592230525	14.121921968138668	57.2172681386445
-6.422847628401516	-6.731365947112984	40.17053254548193
-0.8740352976669628	8.819537856899343	36.12737426032398
24.329622786072616	6.55094861479903	40.58584536569913
11.55324344613147	6.209964286315463	35.16327416805503
1.648921276454827	-11.206653912649632	13.821656645887778
-15.443057249931389	2.9969110377945403	21.048549267448028
-10.98208460443493	5.671743067498412	28.97481823074047
8.866883405561627	-8.289662777667425	49.149984363997746
15.857279691447804	-11.375111111368891	11.410563972094163
6.993374244277427	-1.6348513400972455	26.889717106265
10.796401650007077	1.901825767957964	39.96228412382172
-2.5811094485136206	-3.4841739817534796	37.42861390596197
-1.2270226220420626	-5.116865131495738	38.462850822727674
-2.280404835775252	4.283211266815583	24.347198448305633
-5.772572202179368	-13.433343055827237	29.64633672849632
-7.813718433292652	-1.1759231571540576	29.838359419031857
-5.687791181410656	-12.779192341581744	37.51051908746806
-7.033785367164734	2.8448547212418367	31.2564377797598
-11.022439969550408	11.263644948429603	21.208803380798273
-7.142640560899212	6.372315068015009	9.436613450966384
2.2456674770091474	4.354034517839794	15.117164481274624
-3.4579624378668212	13.491986302098818	22.73610035794367
14.588235462486118	-0.3942139444785931	40.60239115751677
0.9761654147750376	2.0280765101532534	15.863428225069287
-7.378375146579542	14.511232201556494	27.48619433892224
-16.18811017474147	0.056796519382200414	19.975887233118968
-3.006010902731078	18.221057888708707	21.56113177477728
15.45787415248425	9.892741736307723	22.078307494569938
-14.82165799918101	4.946722689560664	16.10036303485225
-10.739270574425344	3.8678382154835345	27.03636367392173
4.366799520392503	6.034418034362537	27.130757837234306
9.277719287873019	11.391849320450218	29.415956133586693
6.2876409650224705	-4.262131529821201	16.543547862746177
1.2237656434043453	-4.946617072590998	32.33453288742407
1.009774327058316	4.4000750981520795	17.668315489304895
2.691328059971841	-22.28428026682822	22.42082414461328
4.443952013700161	15.140103938945417	28.10876957024805
-7.420909223488344	5.111236732966571	21.709396031356647
19.853353233782133	11.212643991585614	21.233933746516577
-5.746643645239468	-1.18210698088989	31.72183968842224
-9.686941472560916	6.672698511811694	33.8136862590751
-15.428339315927635	-6.895438699034689	31.61319747203909
7.522142632250462	2.1233124793147122	44.12194257585945
0.0010572277925083818	21.538721326741758	33.55924648414153
19.305533637270138	-7.715660388226604	12.315195637759352
-5.245655611229058	-0.7870937872937901	44.6682731146477
-8.137833544363941	-6.597316725063803	29.806016235907645
-15.383646320942088	-13.23207449310673	39.23343923755358
-11.350241699890857	17.159810262241567	42.622075300265294
19.9041333604671	-9.172618799681494	30.520083456615566
9.916383236512369	-11.480099885190775	21.223060414548314
-6.409515625371496	4.686096053610348	34.356938792865144
5.360494860197264	2.731453903717489	29.692308605015633
2.588658808082112	-14.250382505688862	25.15858640736101
-8.873009920162398	-8.174382791621074	29.39125991703083
3.8241154980614693	13.573837328748311	24.7402260301922
8.824068854262043	-13.56191309204222	24.615456247351222
-28.183064024387264	0.7949115824263355	22.31197719256066
9.004244183538876	1.5739631785168733	36.0429340416581
-2.950751522056889	-17.154043961554994	16.68517033745026
-11.730220792414983	-1.6926936515251985	40.50088764712005
5.0116822370183325	5.866185608231259	0.4240190938514843
1.9634985821585609	-6.377143412903928	19.27705679551098
13.433288339761999	4.819280340749755	25.048251829239742
-5.565920469647202	-15.14038033068571	36.59066635090802
10.051485216064371	-7.4497488865048345	42.05249023945508
6.469002425045796	-11.830750960113129	25.840687846929626
-7.4925051196617645	-19.43794669694436	34.54491892182221
-4.325023573542458	7.639712115539833	41.251407468625594
0.38493330498181266	4.514601468265814	12.308708721218713
14.235107271755945	16.73122400448885	23.409046185983005
-14.245331283281251	10.07861142285411	41.087234428139766
-4.8788735940615915	-0.6400262099552656	41.153704763592664
-19.461991655836762	3.4508771034532253	33.132127256721745
-7.543915568613028	2.1147256992369408	34.822285302493306
1.9379563215422126	5.035402127555255	20.206416026941042
-2.4015873382286497	1.4126703476916074	18.067482448718344
4.332393697569136	5.036837334980523	26.770029884944066
-7.862157082103282	4.515785378120999	36.610639033860394
13.028292623709309	1.0915583385622816	32.19148124024352
-9.525556193063716	-4.0880073864970985	27.75796603941017
-8.439022785670794	-14.521967843873846	25.42964622547297
3.029250918153728	-2.7668320992088824	24.358540415271573
-14.34482818105044	-8.874249619011037	26.001821998123646
7.178126393720696	-3.7360282813040824	12.87803548750745
8.051247358539339	-10.06969220780666	21.136452210677366
7.532482804475858	-1.9149782594083966	32.20443129359525
11.661045577066947	6.462643855948822	33.59826547776248
-7.361319598415107	-7.254407913634862	24.992971904129746
1.4631520519729893	0.9764709661277637	28.6289999603261
6.411704480596838	-15.535761838931961	18.99300303375512
1.1048783093184549	-5.509652786898512	23.74148838502156
-10.369114532738413	-0.02220021743257666	31.391801079649532
-0.8167285278449882	12.707030140571385	32.35395290918695
0.7241068773190458	7.908313736600857	3.1715745501971924
18.860486410041975	8.358822960836473	20.39297825284371
3.9226705691510944	-3.8326827375203845	23.749386150762092
14.39134104542929	-14.240794017947296	21.850037140303066
-0.4089613439477049	-3.999608777162311	29.697427416532566
15.362249358957623	-3.7638297175301147	23.918922175504754
-0.42469719788885224	-2.8273506057457176	31.22010546337723
-10.548148683955151	-4.024762083272069	34.40221272434352
20.312615815630522	-17.288268068927025	26.022328999620587
16.404183222372204	-5.784004773694558	17.221941968720103
6.484830012306047	0.07008142870914014	20.95864359223888
7.674370474602764	6.094532916396452	47.39098049052609
1.8384225771046188	-11.039908295330081	30.402092834928485
11.084252472889089	25.117978234042127	31.198175333663787
-24.16991435555417	-7.936740413890238	35.29500804357847
-20.186302106409492	-7.288201524104582	26.193578088804493
2.0378603120345122	5.12851886714735	45.07139442476529
17.71396851756477	5.032856077445937	4.589425496018471
-12.26466909329601	-7.789024876223637	33.0483421964772
-20.480720435764525	8.873912032060591	30.229767636664615
5.077626278260046	-12.349063556451071	32.11793999716746
-9.021804455309875	6.546925001376122	18.984737141465928
-12.554971813364347	-5.688500391491571	31.41099005569803
2.140067807707495	3.339657493680691	24.246435137819844
7.085806069744072	-6.265868530026916	34.697504852630146
14.86610084828478	0.3283987741870583	34.74949078959794
-9.817857077319012	-3.9976293385525317	7.415927023629656
-0.6999433425712662	-11.704046212789091	20.637124988346905
5.734455188283027	-8.868343590772618	33.10652325828418
13.91928241150692	6.34970442424017	27.584990147345884
6.037883363781953	-3.2654654411710906	5.738768735430508
-3.89256750921469	4.827199341694018	35.10645156238075
13.10753030797025	15.005913888526564	30.769016864183524
20.71619949109014	-1.9796261028259898	26.806896379728116
-4.342606599219916	4.693237014628987	29.928619405645584
-1.8280799406603332	5.946983494184559	24.386980721251422
13.939277926652693	-15.424096696090201	36.82633032037312
8.107607726691267	-0.12947851501416272	15.192996661299063
3.3193682908013527	-7.025518816670372	33.19097819161534
-18.408352915081174	5.256865977758007	28.506945610009737
-4.812231328171514	-20.365341750233693	22.384842108717248
-7.023590534651194	0.0518062111753569	18.67951319755165
-0.7381055169339397	13.154362587284345	13.763782377415174
0.08383719657229077	6.796927904807041	23.81734365967068
-8.777787040448388	-1.0209639685286156	34.22688897099755
17.591180322977255	23.09385159475213	15.726620933386947
-8.860450576989958	5.670381784765871	31.097746431298738
14.923767552964078	3.417044477507617	14.573526625978074
6.869075161764804	7.7159970442681285	30.11917174106079
6.744055551524188	0.37276817244132165	28.626692978146647
11.381968711651991	12.112673011697765	17.67121872078468
-11.199325329108124	-16.76698020151193	44.440024179587944
-0.5630598847708214	6.294077885739239	22.009073559204726
-1.403201075430978	-17.250592234047495	21.499727862994035
4.652612321258253	0.3552175653649783	17.198292977988398
-14.422694601410122	-6.846499776326793	30.073444288462998
3.2141477482322167	-15.578428783570512	23.336231813898404
-4.852555891673223	-12.461183664831175	29.671049612880786
-19.938831494830843	1.7650093364669255	14.749355794275495
9.09724638432143	2.1136477844947037	13.717409152311468
12.297563517261182	-1.8622303699382006	44.550466323755984
15.292201005643133	-14.63150540836336	26.658741047096612
-1.0198816069117678	11.132340898112451	33.42367880077057
10.122263675236795	-1.6706525764857427	1.7085098393568785
3.928101168148096	9.444222812392546	40.82572093347078
-9.762867909856041	-2.988346161012063	45.71115820195653
0.932028188975814	1.88185985492224	29.953588166039786
1.3718711267067687	5.4394303030331805	46.26097517838226
-25.885896237818727	-3.37543206430504	25.783377300929544
1.7858719613298557	-6.240446456312422	13.444236779824719
-1.7526216297657626	6.192427017918687	3.1063029856326736
-5.645662306676372	3.4977907585516883	29.37033424177526
-13.271498068194044	9.460058179736262	43.81302168882771
-4.212142329707049	-8.319929216460833	27.498870942984496
2.522971772568565	4.881777740826615	24.397541523152338
1.4922820483412733	8.793167888154303	32.004731821813124
0.29581149496944953	6.169053215298471	10.347931195125824
5.984369445935646	2.9870116238591367	22.994478803107953
-9.438073123452652	5.151409244414498	27.812400940344723
-1.0590306237159453	4.448315153150247	43.75365241714775
-0.4760516945490334	2.0491084896240523	14.085697033590359
16.260668034923192	7.712123975035513	34.626115238421235
-14.248229570102362	6.752566945328317	15.042002470636113
-10.801237529217882	-3.1696275702286125	25.087103922934496
4.88321340297947	4.487352333669666	29.111114380720146
-12.861259701682785	2.154160759572562	20.753487643123215
10.034450486200452	-1.3026337715133307	39.740328916856406
-2.7298539500586054	-2.7456773082692303	23.257825631909007
6.937845688340547	-21.514401962325866	27.61531562473169
8.781568378061896	1.5992226442485336	38.587991892878996
25.867865048722155	-4.773444688207418	33.68880971965429
-5.486911779415085	12.405930576757916	33.230921713959184
1.565406976122266	20.07873050845584	33.31089552446523
-26.958305559457187	0.2136453226839631	31.162184895049677
3.5629777781821623	5.899185531015098	19.38646746343386
0.0410236721265954	-16.83368804370063	10.359642644933949
-1.4426172307752825	13.400859581563632	39.096384390518566
-2.5176884709973506	-5.331351073012551	27.648402098868576
-16.532883524180356	18.482834855737828	22.905993030493956
-1.222653736433251	18.06139268332074	34.723917849042294
2.1051202070408555	-11.494686705958479	18.889289277804746
-5.784796843220548	8.223157173028518	33.38350012109841
6.041165804983991	-10.762510435815333	26.481483528287747
9.030741472646469	-4.556491986178842	29.849291402537414
-4.742113923167748	-1.5475628768870722	18.969473656805064
6.495996495539748	4.81449448384405	26.207541281065033
-2.812809308743156	-1.1042897961601588	23.88695712742455
-6.082824601005459	2.901864324841304	28.02690348533152
-13.731922403490008	11.682610694281488	27.72033634178001
18.119662173182967	3.359254652460406	41.206696886972615
26.770326379777014	9.640406311085094	41.650805910312826
5.6185613106746946	5.013751240165501	24.49749276840327
-14.696419457956068	-3.0557343445434695	31.179790671124977
19.164422923903867	1.5998906430831275	29.277824254973787
-12.302061049585916	-0.6702112424744118	26.29238254947015
4.073196986874941	-5.8031381649811635	24.85232695190656
10.531511898451274	-16.233793409690826	19.09731496628759
7.302752424282987	-10.759269938073018	32.153289660112435
-3.550618739072921	3.0776675802587605	37.15144918449445
-0.1592662338001114	13.30215552621465	18.697896730903906
-4.318528435755349	12.390996777999405	16.451679370753144
8.094731718565546	-14.823630313019127	38.280544732022854
8.617553464732977	19.585781028518003	30.530856151182235
-14.260772466231785	-4.1254271669061255	30.275283824654917
-3.015271812183162	27.962920444632907	38.202946082990216
5.754544190526351	1.8525114151332769	37.87896244554352
0.9005163103790073	9.273715981758155	11.113325829763522
-21.607109133096923	-13.500533157928665	25.519451309679802
-9.691698373355417	-5.295258883793736	37.01737572226867
5.269372593012807	16.729229021750097	18.77961024186012
6.4028690889018876	-14.57726870470709	26.460323629482392
-7.2735168005960755	8.312743220575566	5.923258416352802
1.28922094079854	7.8009906501119435	39.47367015468765
0.8733104154031103	9.932181112549543	30.986083261783993
-8.38316823047797	-5.3969675965891	15.697698627549745
15.91065441352306	4.144924492594405	29.691195347344465
-3.5922022555204336	10.761870800706024	34.95445998565632
3.3829555496092483	-15.143860954429291	27.988518675691424
9.8621425505576	5.316631949231827	20.866836986910904
2.5420861220244957	0.8230714144279752	32.47337105120838
-11.137458192798999	-5.1974688887553375	30.42504711515891
4.118931629098039	18.479235392762888	22.353632101168756
-2.979294056249462	-4.585263574619104	15.640640497896946
-5.5386384585137165	-6.225092765156788	26.170579425400437
-24.847617584760442	-7.066073996736286	34.45636665763711
11.505496713363758	-0.8019612964524264	20.431787115387372
7.175845768092502	8.489610621635213	31.04780464916393
-1.8669272616471841	2.735755382274972	16.966841976151027
-0.8299274466595913	-2.4166883208724554	13.075703254986067
-5.466292471379002	-4.481500665719315	49.53055975309918
15.311313179384314	16.971060175058888	25.655582828984727
-4.310001070090973	-5.212401173885071	11.026154371772527
-13.808251666045866	-14.218691009944614	43.523138469768995
0.23977995323062817	1.678365974001642	23.65699077371199
-4.305993606429215	-18.78752644155824	14.304647913449262
-11.12510477128291	7.37044399130018	30.36579659682923
15.576722257565962	-4.83262894744038	34.46370172749186
-1.6599939095471872	4.713060548935256	31.268397305255746
0.3914055384030286	0.22795101031854018	25.7013878180315
-5.498539558336133	-2.7735114640003573	19.35452986642658
-5.52720848621607	7.562173566891203	48.530241338287155
-9.55268685082987	-7.5439745776651765	51.23736302292331
-15.381252444885076	-10.368888172721354	33.504166000439255
-12.642240651961686	-20.988920518389836	23.032010522107818
18.221910623025956	12.933533337719147	23.369875392796704
9.806851095958647	-1.2892250611690308	26.475835172314145
-0.9259499325482685	4.880245812620517	18.2375909632113
-6.657806483288933	1.4298023836209393	26.70263466445678
13.269126658819063	1.1876697320834735	37.25695384361077
9.299400587701037	-4.105728720028645	25.94355245879312
-17.604282566903066	-8.933955805862526	41.97727474062824
10.368397390108605	-4.904341618372076	28.15916297712181
-2.939558117757308	-2.162943649653571	30.893440754062226
-1.8559281993863546	-4.854001715978373	23.872805326801256
-7.832806067586847	10.990453469112705	17.65417081649851
-12.878276963243083	5.423177802282585	16.066663053840962
-0.07849294060173453	-8.358495156481995	27.774437077586835
-9.363495620343748	4.581930771090753	16.67545616064292
-4.16822464750924	-15.205585987338663	33.86522334244274
-6.3995288327053	22.97198545391479	35.529117669121575
-18.096939001713977	-2.7046997952512153	28.352799697085658
-8.599708605384727	-14.437404514767103	30.993621233939262
17.695753841020732	7.679718229565488	22.10261675969259
15.442454503518332	0.025695623522535533	47.09461991453715
2.802393950522924	-7.747871343507805	34.90051292107398
-10.27025514185842	3.077188612062482	42.164739079827115
11.724268187114408	-11.664317349894295	31.933611923160587
5.362469629496475	-3.6070501313717473	27.26743793967382
-2.529361785036581	-3.1306604253144776	25.655927832842924
-5.366525241170894	-12.840932687807458	40.11844512950714
4.167955961749951	-6.672811306047942	7.477455298783248
12.633718138771972	-2.602958056695468	26.224580599138754
-10.943979787428047	-13.82760345075523	34.366362292070185
4.359269696037615	6.550842610820615	34.76086537121229
6.833537520071122	7.569838914636019	31.28123757742056
-3.677689717733543	-3.655071573227779	32.19474083137203
-3.6900186736289005	1.9349547338121265	29.552945292730016
-2.681659127208616	-17.32837030045655	19.670185529866934
-16.15360092153438	3.534741029823053	46.179818110186304
6.967263283663932	5.03491928378944	30.478505678227656
10.420085405358858	-5.912610386291033	22.274034972682514
-10.031635884678492	-7.421986416509354	32.80954723991328
-5.793612768018599	22.926695982213424	32.27916883811784
5.1065640478077565	-1.1452899138861206	44.120507289892885
6.791231319169637	1.4146454057752853	9.029738909432147
11.563544427858147	1.120612235919133	29.580665373705997
-6.627849862585658	-6.657452008471321	24.618090512147713
9.750718548638806	1.0764962448659534	22.7578816871317
-0.20075169462397008	6.098052298141232	27.198079535013353
-0.25215101118299404	1.8001160707646204	26.43557103160412
-3.025822310421176	-5.362334065325878	18.1700644885648
-2.672018402079343	19.26081285547349	24.66682747367721
0.26742395407145825	-9.394444176322068	32.85892120192797
8.649588372290411	-5.069999709016843	1.2471390343843893
17.73001451547896	12.872006156823767	18.831289042899876
4.629231128510578	1.463010336578959	6.97872621504737
-9.810385433894178	-3.0207364857194645	38.470108053472366
9.467636244179106	-14.009998237700128	14.176917822597739
26.06374745610715	8.184658348739756	37.43667505227377
-5.608306830337881	-18.410379850366173	37.64462803942763
7.9774062709056235	12.400232224661067	27.449958394775575
-3.290449327362494	-10.28180237717766	9.192998576910536
1.585190626084485	-11.275455244516635	29.580227293008935
-9.408317814624494	5.07317281235061	34.44683313417558
5.6566997070336384	-9.998459076900856	40.68297655483046
-10.991943450645465	-5.949835283474995	32.70449310497529
-2.9551686378763358	-4.7350403043591065	34.90892183135545
0.875772649337597	18.977040189791236	30.654735950098562
5.661838533352437	9.284505830812755	29.43056148239997
10.817118724377515	-5.2870910662397055	22.524068697335913
-2.1650122696358123	3.182466985283294	28.725954927565724
6.482473192662354	-13.348073626588908	28.882895356995398
3.3861544987957126	0.9673050468526924	16.94298790743224
16.496806106219356	-4.655533676358029	23.473817643431456
-3.4644017798030076	1.2542630497223777	28.825300137491666
-0.16341159107264772	-7.1511723594196	29.95234929518569
18.009091707353278	8.78881679542453	26.564582519417957
1.0468043232272601	11.429687983666284	8.776592412223046
3.654164462723566	3.753974082208527	14.504047860591813
-15.604199570622603	12.412382819544378	19.827910161016213
-7.297129626459938	-15.858708722976724	29.677498403705584
4.832557605790176	-2.796722913460466	42.238052252343266
11.124886134647271	8.77190493367467	24.456884522477374
14.076471996063395	-11.670891940766317	19.240985630376706
-13.354573033462628	-3.7614278851873353	22.655491126440694
-12.914975080190686	-10.826816556029197	27.016398117465517
12.108684724601318	-8.319124804448887	35.86674065071218
5.620260168641319	-9.705218934019808	13.661064368798527
-7.630174324039736	5.389079952056113	34.434651145586145
-3.1135806064444	7.347473970513967	2.2674370445684886
7.585650621067853	17.148353039223355	22.298364422193906
-2.7252220016166344	0.04439449640819634	20.447109171254535
-4.424655403393009	-15.361232387547423	30.62017915274813
-4.305167744518238	-16.01366042203907	19.82959558450595
-10.263215999086231	-0.30539526836979003	36.958658993150955
-11.332783875713863	-6.527930948926314	22.61052295984617
9.788686747424903	9.505708094402813	36.1797865620846
22.228310512108855	-2.445242978046229	33.993612765078495
-4.265753485905343	7.580085819594055	34.351647972148506
-14.163253489305873	-3.139856499327249	34.214715799647486
16.472430977061286	-9.5292951291555	15.106822992369974
-12.52385781173681	31.726449187149086	27.59445272244189
-4.704373222973295	9.39632540397951	26.231945105947432
-4.638594022344862	-2.928354195209886	33.19114688706683
13.434896971477215	-1.5542977870330534	34.19566191933728
-2.445415804602336	-10.228687589705679	18.693510897772725
-0.4819044644017233	6.02235267827251	25.46775810177254
-6.469223078469346	6.370031891101542	24.373302529396238
-1.1832856634941087	1.5000853538403502	30.39448118020201
11.520824836473144	-6.203802290690406	32.940454953395005
6.235610620838924	0.9809912474463189	18.285053335127778
-5.329942067411021	17.995397126327358	27.721770317749225
-6.021666454853399	-4.137343212755785	20.242823098596354
0.11509127481618704	-11.37094518037954	27.780186060795277
4.924967198526857	2.3960640110766462	25.76350781543837
27.644303514448097	15.824247007314556	28.382405578280817
-2.7858427536197587	-7.2191359726795845	39.79913788366153
-2.890393807436449	-14.323293652355783	14.828619281363794
11.552159447073773	18.66134355527706	11.87517062432509
7.345014894272259	13.771859527957307	32.76087201101351
9.44205551675364	-9.672088744425343	30.054084325098277
11.455624648445914	-19.230068708433578	28.2945298948728
10.490755382744283	-18.484529891897537	15.176043587047694
-2.2996396664503886	-2.419254390069968	3.2869649319051426
0.5014030802140464	0.021143204673383206	34.54991232161855
17.76243094377581	19.5880371916645	39.212339113817194
-9.138694561879358	1.3482006676009353	39.16488151469108
-7.645493826584087	6.9445471608740315	38.79591713700506
12.477593262083209	-0.3197966917117303	13.925597538096255
-16.119881917675073	-4.837072523534686	19.045558221761603
2.4364190857098573	1.824069021308601	36.727307939083346
-28.338806565563807	2.7727231117432045	25.161368874979605
10.703407565335741	-10.405919650359902	21.559815467800217
13.077468014153677	0.6843421186314782	46.438035660768094
10.66918880554521	2.066893041321955	23.479473845047167
31.50713620034141	-13.502390587140845	33.61913480736923
3.9007261466975613	2.2635058510399415	10.786190989939008
2.3635787527564407	16.515353839406906	23.12244857663581
4.929777910095041	-6.826188959994267	25.250967371575094
16.05230274206244	-6.155565041111798	11.394660529628272
-4.853104143325385	-12.483924861220126	46.8302702870036
-12.342302347841851	7.726752580763075	24.723058165208286
7.575539771196398	-9.707263285577346	42.668596241892004
-5.205021528481172	1.9455549224205577	31.109190103149462
-21.571465099382493	-7.644829303039826	8.981625272263003
3.5235019649041748	19.37249634005036	50.58427260791737
1.098483149792942	5.728195017829401	28.808638152903942
-6.615313844588957	-13.774057877808444	31.834282209501275
0.567405819110449	17.904685874389823	27.365513186568325
-0.2581723220607149	22.936586306674464	49.203835743063166
-27.498243439226137	16.628435989719627	27.772627007234956
-9.001928046990171	6.527597118608628	12.597128090806802
-3.068800465423544	-14.354497109300272	36.12807983424696
7.097552236332686	-6.245244188506919	37.72485374582777
2.2158116136603607	4.130440717492286	42.25110863535076
3.919233057998373	0.9949864244808483	21.98267373497077
-2.8613603618840426	14.730202397826265	42.89382715149027
-8.179838187211901	-1.1701747245318208	20.546951586569957
-11.086507291141835	1.2318887283925464	28.30645421173099
14.024957683732392	-0.3190557413738457	20.149464515729548
-3.492434938575867	-3.6425132510212217	18.35663767416439
9.090141910806658	-8.039838438736256	40.10218603831774
5.201327361413809	11.886416242954127	25.476340583160205
0.29040010899860436	-6.9987707180495295	34.303299465033696
25.858110345888537	5.00002962371258	26.066290951110968
5.573562833818669	-5.41892029007583	35.34117675188842
4.817539786488901	6.944651324463297	24.97530544318774
-5.717558403227323	-7.10962768875755	30.85617045322563
-19.437154140965408	16.80010692418281	9.095491189726438
18.92919333295451	-12.81737896434979	35.02925620637639
-5.976401841520533	10.610088297274022	17.524534818837846
2.0305500008171036	5.499863209092108	8.152816391929797
-6.9132420165522825	-10.221287089644393	1.3524132873465682
8.955584546832641	2.6366563760865143	23.440191587943826
-30.122367566671002	15.712021162533995	41.39315186080297
10.638632664319454	-10.781415853082244	13.316120814952342
-10.308505091881472	-10.621990716962237	33.37070265053633
2.767911186907152	-6.072330053229541	30.423490392735594
7.775664943961366	6.411134567349167	28.875051747903434
2.5596531815774726	10.010112189785081	34.3801833893438
8.028982752195787	17.27728110287321	17.40571469421156
14.541342043142269	17.537490072623058	42.756526065033384
-7.940790413570086	-15.74597061394351	30.48305773934317
-8.53493691219212	-16.820603442910077	12.87574051325865
-16.981008426128792	-1.3942017927761763	24.646964885703532
7.260712185886858	5.1669793695921795	13.736319461128998
-13.443208678933098	3.661486148440763	20.258812108470817
3.565390657310194	6.933684926636151	42.374069342610625
-4.208525496856725	9.106857006085015	12.093808446356231
5.142326681925297	-5.449007207146127	37.23844330584855
-7.228897831350075	-3.7453445537429495	46.32964691885513
2.8395852322999486	-14.93037192866373	15.105335622098343
-3.413720863152065	7.962413098387629	24.648643204662996
-4.002889212144225	-2.552445812457402	17.22632134736775
16.36009773353169	0.9526128326885761	16.273688647953602
3.826012845356242	8.325833461840245	21.81979363127998
-17.250644886858705	-11.925160902958336	22.55498218132724
10.394460571343757	18.333883525802797	26.369533768614648
-7.164296914053113	0.9561174304524551	43.725211204563486
-13.58287585937026	15.986148019310555	27.80417452682375
-0.8444536153260744	12.813626450396828	38.628909261490584
18.41383262151392	-1.8713089123093547	24.901371269804358
-0.8220226654619158	1.1890974017559988	12.779591679244009
-0.46450918173008626	7.377607532396292	8.944014874498837
-4.2807696178225365	12.673895261275918	19.890492686896298
-2.9665074969515666	15.7714226448879	33.683526553267285
0.8248286286439431	-0.6909269237754145	19.438151298931018
1.098900812034758	1.7639447994931343	13.292442686147274
20.154056075250864	11.57014430243173	20.89991429530501
-4.925704942229317	3.8488974271135805	31.833605570293226
-0.5183589285102466	18.834806836568152	21.44602447360034
11.060287445202832	-3.429562582728715	19.192568575183586
10.873717887263936	1.4491395333576198	27.33462290172343
-10.445791234114854	-3.3488349376611524	10.856983363857871
7.441522695824552	-1.5215513958298088	11.243942775306408
5.905349215824817	-12.384357126288403	15.835879702764672
4.579227461988244	-4.786041634357795	29.20788140657978
3.85037108309489	7.960804984817784	17.443789303779692
7.010394447529573	10.401186740795886	26.455853883842604
-24.597268988193992	-3.2366640019416533	36.16643910091322
5.351398856695998	2.7492419963187937	16.390632872891114
1.8425281270816243	-7.325172232603502	55.44072098932132
2.96256929817275	-5.4667491071551355	12.546894643372816
-1.6705649574172554	-3.5059960249884408	31.19264798347412
-6.453397148298373	10.921679076271015	11.074555422962774
6.037435290676557	-3.975783389592438	42.207509585952096
-15.424785103949192	9.135636678354933	34.253993928472426
-1.5221405301244173	21.92016568397092	21.147300155549512
16.517757997699903	10.785229630356199	31.005302009104888
3.3194660247866663	-1.2534809686281108	37.34490051144529
-2.6787446990187824	-0.5462203616589743	27.50187136272409
14.504076128587721	-19.34019416772259	15.778187027644453
3.424354339467472	-7.612572936298397	16.915733587217083
2.9212612987817845	9.45150661308271	6.948637736700256
4.06145186073526	-10.804190265268188	29.70095664622683
0.8952604848695856	-6.584602730209027	37.24783555822969
-2.664931725997331	4.9759442969811625	6.7877940106335295
0.2380457813069685	-1.8083227425798065	27.71727560955605
-22.857215431621242	6.3115316322922475	25.909286689144107
0.532283536402234	4.111316459698834	18.70673302833883
-3.0304338667753288	5.094729474844487	33.66348508385621
-6.976561501837102	5.553055338264788	39.11978960361265
-10.46386656338038	0.920104083177532	25.46573804248719
6.476789307360486	-14.419372621741287	15.419766828519688
-16.405789830722128	3.1068589662591117	6.517364273514239
6.933463317789722	-9.752656114909305	32.486117818969106
-2.406011171237238	6.885662796564388	35.97697644995098
25.935322036238308	4.5957789217816964	16.50801609922744
6.786290205013156	17.281186573246046	28.498372069806976
15.150446339525448	1.2137076604346086	32.70332976215702
-0.9602225605777591	-1.2912404390541312	22.084583268055866
15.626171486444546	-4.63970587623101	39.331608214683484
-1.16513359677484	4.205232147861287	25.104111761334643
12.664651114993982	23.096917236493578	20.271449893501178
1.560713104415059	-4.86992793061087	26.436455248191407
1.5573723988563333	0.3733375891798272	37.12014069593046
0.41184894417449575	1.633528586561338	43.61692388765767
-6.319918348665531	13.952424767859098	20.920717608528257
11.148081490278487	-1.3202743695543622	29.244988902747345
0.34122554095599444	-7.667562766189345	22.837965013653495
-2.0246601399982	-10.970260721257377	25.07853576339815
-4.956913881038311	3.590196651028929	31.320299537067562
-12.550980091729185	-2.637742969148386	23.98026648065463
-4.3427540936553255	9.434668243062244	45.03437311093809
-2.8006503202994186	5.8767152665281746	23.672994094715033
-21.983429196299	-1.4538041595297033	26.43004972107663
10.94614483347007	-0.9986902726917173	22.028387799918185
-0.04706521757744843	-21.08243140413062	31.247875319198307
6.204296868981762	13.561957924197161	50.64925844804124
-6.982108054434859	0.34126295685641383	37.5972385950838
-13.818310503215196	2.5128308078817136	22.823364352146843
-23.072714869378647	2.0067169414039836	18.62231176516964
5.213151694409271	-22.717716088991757	31.198610093439292
-17.90860546488951	7.881663431120049	28.190947988938657
-12.323906842094583	7.465878223177878	18.056701000960565
5.0866740443861245	-4.1790662976131046	33.09286773463826
8.446365313986442	15.519045216612117	48.77273594735228
13.008426543390376	7.229948399883703	35.321853363656885
0.447502636506263	6.859188666192089	17.189159265859352
10.415034836939698	2.6554730220040943	31.519425042895396
-0.6312182512723548	-8.805338175574873	28.080805741244422
-10.932593497688291	5.36847504703154	11.212521261020932
-2.145499948459192	-15.899728090026365	32.519696326516794
-7.172327620414418	-18.003862557769637	24.01477151204371
-0.7761798164310008	6.992929067746657	30.83993624161597
1.1178696816396574	2.723069025311549	25.302378910274278
9.709631679598541	-4.125836943832871	29.69624304634641
-9.673123627210021	2.2329785267961815	33.431423072204794
-9.28861114752301	-11.562134895910079	33.19950977139317
3.0034386617384143	-18.441941367415332	23.381041899361872
-10.715788237360098	19.611605887080504	13.72534848878002
8.825906751829319	7.177006402418313	30.41512366229287
-10.444605113332186	-4.409594881882144	31.76179360516189
-4.89906730948718	-10.9969542271962	24.1543038194639
4.9538615343694135	8.348297519388886	15.993293277569439
30.961972585134706	-2.3585837220171832	38.73298630183001
6.497447526189786	-6.146265142640778	16.17756548909221
1.5089942503247316	1.5223273336198795	37.21057184314893
7.777791046158385	5.443577392036028	30.781327888125364
2.589046545513048	0.532775085974042	33.10112823247633
-0.6867928075231347	-1.9567465639642334	23.379086466828625
17.1823633663691	-17.06757304201821	23.463943640775376
-28.595647114466665	10.450376551982355	25.308463176918366
-2.002819535929797	3.913415428604411	45.459615440721734
-19.682238661046398	-8.448033956020288	25.235276240406158
-11.297618711959823	-7.749607334823043	35.19259923974632
-11.566934756335606	8.877761401196832	13.758882138182601
3.9322189743152203	-16.079587555569404	28.607489793091055
-4.807998190684647	0.10373196022223065	41.021801247074976
-15.083130208553996	9.929601110100945	22.995951423821708
30.284781343853066	7.806803134307625	14.304724167779883
-15.721969576620848	15.874183986731989	17.359110004577442
14.269573053897343	-9.801199782321694	31.476574673328926
-7.531365806949427	-14.438284615217205	28.646160439025078
-22.56459024788221	-15.94910623552503	38.492647030936
26.001320007804818	0.9259865994422587	38.0010493711502
6.667788691672146	4.199100415229021	18.146916373529596
0.9708226722159335	-2.858993494480886	23.251644263278628
-2.3795322510868417	-3.4879429092700476	35.700514385833046
5.829826750130663	4.8231940190712725	12.165597377912125
-8.170275346208303	1.3736254223940392	23.358035497905664
8.528169798281173	-15.34174244349263	38.911397812207625
0.49450247932912883	15.131113272628067	17.81963040338243
-4.935198632806838	-31.340530355418828	35.67527710677514
-11.348830371125478	-10.116572511188348	34.002890652753216
18.321708778355298	0.19761521721171527	39.26191358502102
-13.0561727069015	6.761219812546225	31.710530155776837
7.462275867402784	8.441592485532388	35.349693611831555
-8.468200772772263	7.614795946667206	23.26607286663802
8.387588670823574	12.239659408760634	30.732741766317048
-1.2692006846698045	1.6469299698996518	19.76209402027169
-8.095237530857425	-5.831757646624594	26.66077150887797
12.925401691141243	15.22142734783179	30.82171965781942
-2.5014683560408284	-11.477826517054124	32.68791891605943
2.8852364302452917	0.7317889378936381	8.411141604717617
-7.848250631745833	-6.055502595906831	38.37498014074083
12.012940809508802	10.80218394554941	35.35230395723273
-4.136624352987444	-17.819257832961362	25.55250817670921
-5.498637954415914	1.080018836628679	26.01198464933381
0.5948773009744455	-3.167142302451849	29.699749441229027
-4.533727059206785	3.128422258687586	38.582237564224805
-14.773658898297672	3.9928751948744834	24.49307414007895
-7.3239264855505475	5.452960474211178	28.666088153774865
12.157791079768373	-1.9523297459810594	39.71953434903227
-20.559817538530453	0.3192297500551329	24.95560098531979
-2.6022947844794695	12.68559671754918	31.697088960756833
5.730355364747864	1.0840558601688726	20.83896154938148
9.213758019963226	-6.621692211824048	16.968762421063303
11.506781192773797	-13.383511525891043	30.266961165328752
0.5074322975016387	1.3386481604042444	31.589177129265586
6.160939915543145	13.944556344677322	26.5382759830184
9.67410962740479	14.51050942868821	23.626011042930045
0.8355103969157007	10.117257257300018	26.483688195027323
13.629195732913198	11.094575378608639	25.706297437760103
0.1848594222979222	-17.660896906279355	16.13105613309846
-12.770480537869028	-1.8480294557889485	24.226526404963973
3.3323861223585056	0.3807430568683875	28.229076764992257
3.297746576148789	-17.748431275470708	20.714539530557083
7.178756706818605	13.267277709362943	30.670499548315828
24.400771068466657	-6.051749325651302	21.68261542679145
-3.46740877877832	8.850258976516804	22.126899464256184
1.4049689213795342	1.1700981015220941	27.47286797963472
-14.08464984758201	-5.6836475477165616	22.744086087129325
2.824038554096334	7.557334495824433	10.187774029669228
-6.881340753445706	2.04326106537724	38.98453533268571
7.317273950057391	-0.1388638024349733	30.370305603365676
-19.78709122105132	3.7832086831177634	46.196615941113656
-3.211638794039998	-6.487023020458479	40.56652978164587
-18.824486441206652	4.728942009790961	50.78025760482073
20.89799370071119	14.475554070213086	32.23525884654347
-7.020315215701157	9.418209925654054	30.087400903600212
-4.720443407939231	-5.25715813203759	31.57337950966286
9.050774863954175	-4.99821210095238	37.98772954375141
-4.094089908472123	3.079975932442651	25.050216213992663
0.38170695640418684	-7.242176064862724	24.61675977604282
3.0890322942891295	11.666763703350087	41.87174782868967
-20.30869687713352	-1.0910229689042927	38.17281574423792
2.313822320754674	-8.966125691515131	17.05434286907686
-12.500824523079949	-3.3302960163184765	52.21544398427386
16.672952131506428	7.254911726118541	32.81373378093728
10.389717600519209	5.496496207981672	19.79125860729929
11.004992503724507	2.448829626436474	12.006527536301114
-5.374877297012453	3.2731964584218103	23.724866126374522
-1.3373402437477322	-3.2596327273648202	3.271287660562791
-8.94921329286937	-1.4597972226295868	28.889512544848095
-4.422473106203889	-2.580556306360528	34.508456572044025
-13.153313407436409	-8.205362567850559	23.345580899433735
-11.804784771296921	4.41739803016448	32.08537529011899
-1.1092026256208172	-10.924673222831562	10.820792482551248
-5.130135949126016	-8.625437548429915	24.66550063703287
-8.939129137503297	18.71339600299876	26.96685567813365
-7.501416894133454	-2.237545521260852	32.12992125999661
-5.801887043778397	12.766173615508347	33.41125925533386
-1.069184756140578	-7.411343357738907	26.082565966222685
9.706850034541198	8.689287727223158	22.968532004090626
3.857846065134249	5.602472862048007	2.2164007379455555
-6.975432225969746	-8.926726002837308	30.52308748435881
8.524649784611555	-7.721310766032153	25.41237885837042
-11.8469042000313	-16.588276497450018	40.47694188364571
-8.622910799422911	4.760562757575552	30.714166655723446
-8.790315298583224	-10.768903866788357	22.520222289380815
-21.373761480344022	3.2999422961317344	22.48593877844609
-0.2722835718592219	-28.0505511521034	25.983275199815107
-3.3815876936339424	11.757294173115703	36.34402913954595
7.482307314845707	-6.333303741888958	37.098141878566814
1.0768176650490688	-2.309680898807161	33.048238652176835
0.4625688469649667	3.284419852916834	24.706615347255948
11.921325842975719	4.268624352275399	19.77495985523295
4.118454087462552	5.131636879042868	30.98246868985891
3.628252702051382	14.799005010156609	24.818417445182437
11.082308423082312	-7.697568615716853	36.57390100971713
-0.10325504209080982	-8.44040126089919	26.765370476479397
-6.627427146243344	-5.267819802065573	24.913859632437546
5.914034085378818	-8.576219256657096	24.10559086794192
13.13510611754976	18.64382557069076	26.252448057631856
7.898132179162741	-16.70810529444774	17.863954357692528
14.785170998541899	-1.59285565406727	34.05616929041061
0.0906900937897926	-9.230606473151902	39.65862030112118
18.420629452205507	2.9947967007388603	25.87519147890838
0.24783000898743993	-3.661912563456929	18.842968601514023
16.935328062197605	-10.381196050018634	26.873128026285478
-13.325033075253378	9.319921273578242	33.47412785150732
-8.8894788026425	22.842354946463995	20.993541400095094
-7.236082207981875	-7.812577097859447	16.25776093024377
-11.801949099910809	-10.876022956607258	38.02846448850864
1.269301690105922	8.20498220861843	30.599790974963472
-15.832535545003164	2.911772244942163	47.183674838206
-0.9664220629276915	17.674610832918457	18.382087606390513
-4.40258190402561	10.485662422174498	20.68804135358829
-4.128879442619315	-5.0800539476927655	4.314559759776639
-3.7523619483761683	-8.794020236297051	20.464620897369855
7.243504080674271	6.488702798089903	30.26720584378738
7.833269401718468	15.870663880791184	26.587760249245868
-10.14330582837556	-1.0940876951780956	44.30861872120476
6.600152464948017	-12.322418218270435	54.688094329313714
-6.395383430959147	11.712053321462417	38.72360234897509
7.168020920639546	16.395597250246578	39.72292735192035
0.018475911650817047	5.327107464775152	30.11698311814688
-5.235459893298668	0.30927396842723137	24.210315961277864
6.5779317993153725	19.65001625155036	38.63340653955955
-8.140924967374083	-3.653785861744322	20.55144094912484
12.23434871618876	18.173296875291996	26.670230039782087
-4.540030212932841	2.3075075962365093	25.49056890261928
10.224346549628686	8.14777705053313	36.266594348515284
6.998172858508301	15.084022850575042	32.66577637226825
4.268534298296743	3.983701478078729	29.237811413089943
5.357931841608037	1.5257066746337666	13.972801202013747
-4.506786007805673	-12.2183705748209	4.394261999344582
19.763742309465673	-13.101215126550155	26.339337412950538
2.573759680417545	10.028946997634202	40.96061571153544
9.660975488971163	-11.5494897029716	31.22540129798084
-11.714733222233	3.4544388205393854	26.078242067035337
15.671158024235126	-7.758660971501888	31.334080592624176
6.769614953271672	10.258008846332316	33.98506880329986
-11.442387715685228	-4.436613342988117	7.74178374661107
17.658764913476507	4.865577204403127	34.157486664920775
-12.60982111253586	-6.43688975021883	34.075785537746505
-5.4507071868250065	11.029786864649925	36.22496129192476
-17.34776304157305	-9.950180881536767	22.22377093100122
10.935793913379124	26.026140713412467	11.342957706397488
2.597156438639241	-6.943453828479974	32.16593479582421
3.041722599038485	-5.403802144715658	41.80619805052664
-12.702041972700792	-11.235428436845927	26.499418814815932
-8.44024090981115	-2.4944093711967295	26.242868443787653
6.884954101716715	2.1964219357647425	27.706344783168475
-11.28541974887803	-14.239112111472753	43.86596687609509
-0.7431055878147831	-5.973725943935025	38.75551316739093
-17.174070512699714	3.202113765608832	56.00651410368946
1.2643888229967317	-7.328406532109941	40.622184735326414
15.228775709689524	19.18629789708042	35.58719604408507
7.271860152633767	-15.023601782242977	8.498561830997357
-0.2260792374885529	-3.4423165222762386	20.560338190675242
-11.99114953431777	-6.650985034855519	15.619398342007642
-18.61934361549308	6.12697318518972	49.28135360502135
1.1904880876070054	7.107480397049798	15.90759274476865
-4.487717447228639	-2.447482260297878	24.458850389777787
19.91652268466882	-0.826638712419741	21.912441366150766
9.848969786095447	16.609920367212233	46.596906922607516
5.800429928442994	0.9761964869826633	13.393980229494344
-3.9000669824541587	2.7703140952574974	24.1548498067198
8.552165462618838	0.30828176849901484	27.53325273452688
1.8410031292596951	-6.739379227712039	34.69812872568813
-1.8030009498354684	0.7753168978308139	17.56331100070565
0.2975588634530789	-27.44814617921905	46.61222456436256
23.867047924836335	-4.560135039148564	18.05270362252118
1.443906231044563	-3.628206835424415	37.85404358822559
-19.38420053187788	5.014208746565649	20.097457381898543
20.941562523994893	17.621928096220657	18.69175197718063
5.11667533831104	4.016637984498274	24.43394861728452
-5.508752571514352	15.604806894289752	13.534038570006697
19.88095039117631	12.263466873427575	31.18651358360097
-7.764105807833047	6.044522267581395	38.47158380815166
9.455216301658659	0.7573119110766569	20.843679142261756
-13.478060033675199	0.5840856209502672	29.782454237733358
-7.668769449714175	3.0262647479729314	32.30676545994427
-1.0594417836340189	13.83138099965258	15.703760163108036
-10.828686734182405	-8.223970199281844	34.16660492023588
3.3028126587012245	18.230998223626543	46.07856742788822
3.238050331533014	5.701025037873161	24.20122794137494
-3.929632423527356	-10.980350111291488	26.58768861469631
10.79002005044481	-11.491812444729916	29.56827240036343
17.798964570376178	-9.905652583223167	32.39624535606389
-2.3135011827344	4.42242892075866	6.9274046835991285
-17.36689873016765	-0.398890501977885	25.547040006815994
-0.1287201719703101	1.6732986886586934	35.66728951679716
-9.582023966764037	-7.009427811783439	36.6499623258736
-0.12762440039757345	-10.302821443459969	20.89902834909039
-5.981380581050243	-3.2469756919805732	32.21063306354255
8.62456527808267	13.6607389366237	18.738714460251735
-22.356860544489333	10.839919479456888	9.376352055257339
17.87774262089546	-7.2835684144355834	9.409692473930512
16.57664986759486	1.4498878059559597	33.714246801258035
-3.9778035369832803	10.265169978840984	32.85752422933409
-15.492998481193315	4.32631290966608	19.42324283913867
9.12494847877084	6.827384064829742	36.49675510355749
15.445504400259333	-19.212683515520027	40.541874293408426
7.262489718906036	-11.282739562747537	30.559844757146575
-6.249871044890174	-3.154022460586961	29.062640980795628
-6.176911093972594	-2.6235206504098385	25.02479673109021
-1.5640956600015299	-2.1257832513632327	20.511280406179193
-12.208136072539817	-23.306238157706247	19.175953858787842
1.6365981487470995	15.778082420489891	28.067260473229137
-7.811432746449013	1.7807300961360049	20.224750638986272
14.693751521109668	-5.3702284488037835	44.62096629740967
-8.324120473190725	21.727277252592398	27.514293907712826
-6.163830655651593	-3.118353863039597	21.08640259656299
3.6202315393090383	5.886232465298024	33.287217392557324
-4.336523346955156	5.960037849682097	25.052704387637803
-12.463348284999096	8.860505370880063	40.19370252006641
3.1689209361851867	-0.02869482721158262	50.691549226776374
2.091152008838037	-5.749356014822848	33.85110283480841
11.1254413623858	-3.9813808448576964	35.5009793960285
2.4869534777599376	13.950640982005627	23.753915839454063
-14.434625344830277	-3.1255383855166268	26.25698982820183
5.02717836400169	-11.224371137229882	12.662304736027593
-2.634554013165361	1.1163622287038	10.156410604311311
1.2168872293066841	-7.451295968308309	24.84708068334031
-9.100113243284783	-0.7367848508025922	22.504412161058955
8.679765096430657	9.87325068790722	24.50385401087442
-2.2047213369890604	14.28882107670098	32.48290797831386
-3.8552457939063016	17.62733103089858	41.384107010977935
2.8049708259881037	-18.383790543747928	29.18769882111384
5.1263676911319465	17.464189173878136	35.242977638888
19.063736723011132	-6.752588870960187	29.14356515808984
-16.515400192289206	-14.506467104467248	30.481894501145415
-2.219665505487527	3.961009697185366	44.68092702621502
-5.35622982844314	-17.77063847457197	30.792770852925482
3.362237823844334	-19.086987074654342	19.271829505631736
-3.502777870140794	-2.7079546880934875	27.882062784887776
-7.161668224467041	-5.272385390656593	20.27838444605677
5.109637805427374	-9.31617003789669	28.898068023506838
0.32269956065440947	-0.57415057932951	9.109573224887242
-2.220095142214869	9.639276285970405	27.962293579799475
-6.913878805836125	-0.904647917907023	20.92729459382021
10.886703599907264	-15.656176091904474	29.541757885113327
-0.4422881892745504	-18.803774767890378	13.770802450284373
4.125735075694907	-1.892190435041927	20.60081482197316
8.155214989988023	-1.9358278389379482	18.04960479728139
6.275840049952224	15.393118989232587	11.763378405746675
26.785576034837298	-21.870205304989966	27.87586679463135
3.2796807304927116	7.06191383921273	7.762299478574931
-6.966144919104524	-11.02389390008183	37.54961736426637
5.042079453795059	5.251707335187163	36.031012182505904
4.609442495103089	-19.767568831406564	34.905559968783415
9.946848581742165	-12.855641998361891	18.383797787079658
-5.747767637691591	6.035171213993255	33.60499213166824
13.127574251033494	8.315928493334727	12.600883244332083
9.946965078152903	3.226399296599292	28.628162299297173
-3.02597469917208	-14.500841702179073	22.751017150805886
4.894576990404225	0.3472144903652786	38.01901825322237
1.0478326045401392	-3.8059599425928203	22.638691961432926
-8.567091136310589	-3.8077192353308815	34.07983703233844
-19.833111393253557	-12.43929807146989	14.117827180305879
10.024924179895391	-6.776593278502126	35.824777849322935
9.027524783172218	-8.122812969021625	29.721214968305116
1.3723774776214734	1.6386009600672369	27.239120667925075
-9.897613719650938	14.234206411096899	35.0305530842728
-6.505662076828157	-2.157667373976945	25.86039106584377
8.851992112781021	15.032048735721803	11.554580715137863
-12.630685225450666	-25.736184569737027	50.598967528671054
-13.851295465250493	1.27051408726299	39.59323232577079
-0.5647478875433529	-7.4945606011025765	39.86981783794364
2.3040619610469557	-10.543980047222028	41.82174036784663
-8.14567919444996	8.243179972652705	35.68488688831357
-3.1311875295948264	4.62397466783635	29.7158553258281
12.967455262565364	-4.393172212150336	21.983678140128692
2.7564550093799856	9.052184295116065	20.305053818889515
0.7126538526063059	-1.5607408792418327	26.09549840876448
5.102680653822176	-15.863184588066924	38.38692414052993
-17.465892866258233	1.2468602339484258	17.613054247197656
13.402952917320635	15.647395630844938	15.533332665263263
-4.900115401103865	16.97308096269719	19.96149044250597
9.551978346766127	-2.557877172766412	31.071838624150306
-0.6846839538503093	-10.997379716634688	15.947305294205993
-2.0316354258638154	23.750461321278863	56.26941645368202
6.387070098806019	11.806501912354044	18.01358110639609
-16.463148530762158	-7.066189545772251	23.38634825565368
-4.433161002525636	5.359321041591385	31.181205517018725
16.345762373895013	-2.088426296940162	18.770151793572108
18.181864285006185	-0.13554109645905815	29.47777347063645
3.239566082237015	0.63706445235945	17.03850131114465
-4.737263462822369	5.787269469335586	15.740994366754819
0.21870381488973573	4.778844018230148	24.01913963377068
-4.750359568318654	-5.2436381275466	22.484210971051
-1.6279204783315513	-4.655241599259898	32.313239624201636
13.595772953419207	15.242039005136295	35.929787648419364
-0.27807318955117444	1.0920939312841709	29.77868930909638
-2.233641942391878	5.8529943751203595	40.42578327187704
11.438298938909332	-21.12187969843246	29.907183331263052
6.759791295227514	-6.559941981587519	23.994720362562784
-10.6410366630097	3.34025194712015	28.753569666407188
-3.751235209918243	19.502727330703035	42.81957801166087
-12.932684931273638	-9.772626409867271	30.240500237698086
-1.713084400953517	13.53298642963013	42.40763036733909
7.787531867632481	1.5636299486399219	20.94281770928415
-12.564737866559607	18.035973820160002	24.909113851517652
11.354150932357063	2.4342497692409477	27.165245623157595
3.0534358087332985	-2.6462039325620097	17.26303203470298
7.180373567792905	4.695845342088498	21.248354506977407
20.496647331250706	-4.342445146570516	17.260938707654738
6.228593901530858	5.162533688586258	47.73564416578872
1.0002333266215264	-12.86132535625492	27.70534008859273
1.2527975717913842	0.818817736758753	13.64051726361833
-10.36137116786086	1.6740300195040105	27.614604617527174
2.109271092889807	19.69177882007619	35.92830704729001
6.828217277034646	-3.0839950007433576	25.6613009543325
-10.37011271610196	3.359355990989794	17.560270069808688
-11.742956170025947	-7.06863680210171	34.35757328699938
-2.480347907779251	19.126540199827712	25.80061220774192
9.75724664448228	1.9767472710233518	26.934470275616633
4.921009868984304	2.3050490704991673	38.39411559601599
16.00207460407367	-11.398092438765362	23.42833193956832
1.397435167106045	3.2866660662709437	36.85508286188231
0.8412230431934064	-1.0654749440166742	30.32173048168636
3.7449475421691285	-21.948723703144267	18.94681709916657
16.782477073676453	8.685162520921475	21.503427192625214
14.756615451080076	11.042447314426052	45.9289859444417
5.903113075615769	20.416039573145014	22.58235784192134
-4.9324198257156056	-5.219841587597674	15.875429842127113
-16.481363454426518	15.547393316054247	35.627111931603665
-16.825180960682385	13.996838237659672	27.67541506947925
3.279719314813439	-12.845982028531292	38.82075666131505
17.094372739946873	-4.438232803695761	42.197677121355305
2.0046133597819367	17.99073927587514	30.758509599440586
-15.351492846179005	10.901501351618174	18.568254284169782
14.473957422066208	-7.954080033631856	20.110781739231776
1.3431556626037544	-4.229944001905922	12.294976993642441
2.8087999014246368	3.130841666796212	15.881267677202043
-4.144171557091582	0.5215914548866861	27.530574273418377
10.456596935046527	-6.803606708655784	24.096218100159124
9.295643175926537	-0.2931502898497221	28.837983149781873
5.289566872977135	-0.6278118388997016	13.260256230528459
8.556896673967694	9.78115255929406	24.876678499943125
-6.31982701883139	5.629897030128363	16.61225361137482
18.91284563431289	10.115574949622449	29.50635764074163
-5.263124875776631	1.3960234521631234	2.4068058558668213
-7.169085074748067	-14.089472129875166	36.47329951657244
-11.859085958264725	-8.172684931883076	16.531781313114998
-4.456305326958657	10.01769487600865	36.83020857760336
5.284294700164702	3.2891640455443327	29.581137884104763
1.5385461650622667	16.171456295991074	24.036347927188636
-8.902127813662036	0.06225011122524104	33.36741923826888
11.026292415924662	0.6559258595110724	24.326413209326272
5.787302469276575	5.1268144379819365	5.265938833295927
-8.162056763977972	11.169567436906897	32.957160344550964
-9.644469785907704	-10.20278305381126	24.67927283853804
12.00671274187772	-13.000903065483913	31.467545887064844
-9.159369155059006	6.6649193417332375	17.841331829494774
-7.444630707641222	-8.38345700626135	19.518386521369045
16.14445695654506	-3.564509364343243	33.68515676220005
-6.7497408407023745	22.939212905150875	19.410861466559506
-5.80282466510495	-23.08604254408616	44.338725269460895
-5.518865109783086	2.379350014141224	24.246909696268123
-16.077957903010986	-12.834705602944446	24.275097193242157
1.9926408848264487	1.0533882235309706	24.189168103937767
-1.3602414354394305	-14.512581040012666	19.351517895079454
-6.569685713937938	8.48615714040564	11.491155991415027
10.528061897998509	-8.17383451297291	24.629766279441117
-0.7568632702802598	-4.404344548598398	42.331548366740385
5.5921575561831025	7.624274537691523	29.504242169192338
-18.603931864501877	4.9105545537250475	30.19402536469976
-6.792644182334795	7.365276645542006	28.09510359081418
-8.917707245013863	15.345430964073126	39.20354431155019
-10.184901898056445	19.929659502488256	16.720098826413807
13.228519604961424	-16.884909442034942	33.06801165008143
1.795738316196992	7.184167797909247	27.506435267912472
-5.741568203709974	5.575370622928575	20.134841254234217
8.674574009721102	17.28180380995404	18.63521112836959
-10.698442756780233	7.617258748393372	2.060656044590427
-7.848330867794112	-16.127626051203563	43.79552824851341
11.040908944145617	15.741312729085774	39.85248507105494
0.7268574699886882	-5.865867465847302	12.817385584428134
22.883501620328822	1.8421841871906106	17.15448296826301
-5.289012820419043	8.787056185369075	25.688203569908172
4.146302296792376	2.3702722872864967	20.418785024208297
-3.1233610297688115	25.583692344312226	34.82851147688979
5.528391831584191	-10.523038081489105	12.636851822998684
33.58079837388153	-13.415174104864054	24.559534196377847
1.1174667653630523	4.915786872574665	32.4033019925233
3.406572879140406	1.5305560747675764	19.774549616002673
0.6108490259652654	0.6999391227792249	15.107138724864495
6.149507813486751	-15.825042208662875	22.012147443093838
10.896211152345776	9.02665249465404	46.15169295470064
9.637360572609824	-4.68484471697729	28.344888968612807
2.9918132582529706	-4.011581849100264	30.720425463704252
-3.36370176893849	-9.237721830056563	31.5506926534212
12.013994428650577	-4.687669937341034	18.699918277212248
-5.188511927045695	8.003176371123743	18.047481804491433
-4.642429188590661	9.790590659128549	23.90687226343056
-5.541651592512462	-9.180053843603412	36.92089985680177
-11.396573484802355	-6.694402721011141	38.55254228629237
-5.333500385573519	-16.719301990826246	4.091999990309166
-4.033240675902118	-7.366244359617648	27.962562001865592
6.02679031483035	13.505227053082024	36.90157522939444
-1.6705646161284244	1.5806266809912088	31.407605987707843
2.6990798348404974	15.37200477127691	23.151796720259295
3.585604850762454	16.93789913790694	42.04175894005989
12.2604536590901	-6.23631549678039	12.230886959649652
-10.724337283003841	2.0664950023462594	28.034359252296024
11.374520305364861	9.321439398528492	19.029676285113943
-0.7768490246717775	10.00915423823259	0.6153835091355759
7.377926195563597	-12.850609873304158	31.692702018259055
-11.606825277739205	-4.498214813222386	33.34850908110015
20.80640852734983	4.883192384330303	20.28362622153117
-1.538852120528572	8.177559154311348	22.2229631212495
5.880077376513636	-10.378471000432143	34.65636928932028
-4.069217220060613	6.811521449714797	24.49504962190463
-5.820468139341858	4.924353908958134	22.53265504312519
13.354373477173398	-19.61437164443557	35.335195536384916
-6.33028727474461	-3.198850252823931	28.850918892733365
7.593000213471322	-25.71044395260509	11.979388968400414
-16.130200509534337	-3.216698243445589	8.326762788334133
-4.625396003075308	0.1804304339500492	37.79914373688607
12.49064115641782	30.20265082586638	41.762328306295686
31.88255727848475	12.506889008600943	24.28647740321206
-8.24672621440712	15.055069110475722	30.3031659045596
-12.210323651680419	8.136008406691849	17.72576411162345
5.7376175755678975	6.971854073107584	36.17957934318706
-7.92445029332875	5.180495261107401	24.355195820632662
-0.5279825203451342	5.349309487999382	43.605732678876684
9.004186912889365	-24.38211491561678	31.500714379415495
4.567813546631252	-14.355825159448106	37.199456766601244
3.989750334019177	-9.143932408607178	36.9463780745353
0.48282157518140867	-0.27681073892784547	25.427478812769053
-11.394527399800896	13.195322542039708	36.40919900111154
-3.4888146949770156	-11.465137174786966	43.870959937212255
13.323725985521834	15.331876515395745	35.30600406869823
0.9864879295851653	-10.1034084632811	34.54110995900836
-3.1900239286327174	0.7421681131942092	22.426701733093918
-4.224677060033888	-12.689561059396986	23.76955956313156
-15.81573177582008	-8.36116259884131	37.33942091936591
-1.2227293407930906	10.29138439351546	30.048743421031208
8.708483878343728	-2.836591556042169	37.501012254144605
1.417855731597837	0.9855788876036414	35.899339191876976
-5.332980568521517	1.1331879614801545	30.852468973989005
-4.801284482394539	-17.068788296591627	30.095542169720307
5.797967861056583	-3.091401825718369	29.980764833173076
-4.575554225031473	-4.017888138106241	39.20518700879808
0.33420277358541667	-5.051844394460091	38.693753436536106
4.225713338189902	4.0582175123737905	14.55851539579498
0.8644664402160879	-0.8329433855308999	26.569835507179114
4.715859363094014	18.71847386531479	13.143667151066271
-3.0248980617767045	7.422018541583517	16.45563803944303
3.8117119015130214	-1.7885103418620054	42.19030989713011
-2.201678118724053	-2.2018149704079604	25.14063355012871
6.929467617356407	1.3446715204334325	20.862157555002554
-8.64794787747533	9.567086363051576	29.539812775283277
-0.4357796588449604	-12.919582810759639	15.00283420131804
-13.900290321849042	-12.075195854468575	29.64796320869615
-7.72196856215272	-10.162174971983296	44.56266239440083
-0.5638693345924124	-0.13621281736329424	22.560684395554198
-1.8567668561398394	-10.005096195597805	31.386768637493134
-4.483461881570351	28.99370172767112	29.225555295467423
-1.2749467760514996	9.993369370471815	41.01865553797929
-0.4705726095057271	-6.376360324008278	29.45940276427047
-2.6035814634200047	2.637712230532151	14.356549940455519
3.579281942573357	0.4571336691117362	40.96534107715857
-9.535318569963943	-11.69893138552709	37.7889506808432
8.012257891878505	5.586427781803298	42.86711495184065
4.7789669064650395	1.874352715093883	27.089279723838875
10.913661858592391	1.333902287868618	13.309872634075852
7.491260440909672	-28.071839711733737	24.74920063113268
-11.81173851848843	-7.535358668049353	32.901224510685765
-5.799665484741863	-23.88184403199805	14.785960838075493
-9.003052856907049	19.43148153548687	36.02610296610696
-6.063674142827896	-6.126503969466678	35.425793579324484
-4.264545498221273	-3.3348241685895514	25.534629345407808
-7.6650903620275095	-2.514505934166371	7.339681556759061
-7.399566603701696	-3.768333507197519	14.940048050962833
-5.624898698954564	-4.64259368503205	9.888393211426337
-3.110758828894784	8.221495730008515	19.549586540456545
5.15010205874543	-8.325239816733642	0.007490426954486651
-9.0669193291593	5.777010525172655	42.81137933363398
-5.287057493539747	6.752703001442354	44.60178301460661
-13.047770648105653	7.950498712547183	44.932109285951
-4.938052699745779	21.702735460895685	22.923575235300326
11.145413686172908	-7.567312260299577	27.597729109316266
-10.224351303809144	1.4617293917128227	49.4224833034087
0.5570693942997926	5.697288065795537	21.166326556782874
-4.356759882932896	7.348804198514696	28.235908145270624
-17.841723199149968	-0.8931516329500093	27.18368665117577
-7.921331165176336	16.38571065585533	34.746068665113754
-4.727237882100499	10.615772861132868	30.506101212218006
-0.836538947608171	13.551468515047977	25.977276673163065
7.121718727661596	-0.11998333899627518	18.067064135325374
-16.58969978760476	-2.1638233752330156	27.872967867789548
3.350195861975145	7.303429038532336	3.688225281917987
1.7251481832792612	12.514460717509175	29.023832357021117
-0.9652312690003606	-12.920662580039647	33.625836101715755
-5.862457061857897	3.413593926244007	17.53016408605555
15.040603469719205	-2.2247274492402513	34.44011082484373
-11.121490424309501	-3.6339117087002886	25.186232018098206
-5.342321636922934	-4.47593202569456	35.9402893561601
-0.3542526816712004	-1.4628739360860152	27.153693505644352
-11.262868138734898	-7.545919854228499	46.50449242308261
13.481432964879897	-3.1738642737063567	23.284397309143458
6.200639397074442	-15.912364327432778	19.099434240400733
-12.729360613672773	4.938934681686308	11.863718740851464
-21.29064088812629	-14.770985641810917	13.094533324386955
-14.196214470319486	20.950122918630445	23.432035736552457
14.712526345486847	-1.1206813679722891	21.80109609453724
14.137587432511909	-10.399261396848603	39.88933559761827
1.2440013723633891	-23.61535976044128	36.992822135036945
2.8678264932500923	5.518990198496896	15.347478650055834
-5.816970413062367	-6.618722684291759	21.14318194713044
-13.052402472954283	-3.7108935870211237	30.318467206859133
-12.373736065164822	-7.921997189976046	36.4732488954148
24.17965709327287	20.423959018217097	47.00448910134886
13.937639682949243	5.4465333526623265	17.075711392641466
-3.048273611846865	0.4304710795425076	22.714706388113566
16.970162320977447	-7.567613212901131	35.13364405369207
5.589032740107842	5.877972710390761	39.86661488311488
8.1314837040622	6.602377415197881	37.28109317140481
5.441446738385015	-8.226796828227963	22.609714722591118
-2.807141668015639	-7.044023766847463	25.754853832494824
-0.7610452994219568	-9.521787650547031	25.389051965883
-19.524651783698552	8.578654949682607	41.9403847070904
-2.7438552300199186	4.490446775116669	26.417966076083076
-14.22364263121661	5.166770457693946	35.67338742497716
1.909067682531338	6.328228742531322	28.58413797540366
0.8851124930180017	18.52380247287226	20.312906963889752
-8.740962646444249	4.692836727299833	32.76610156820268
2.226935392100189	2.4330494992512284	25.203965114135404
6.2367948372081985	3.283413866192524	43.799492566337946
12.05822704080253	4.127378362087985	22.269008359500496
-5.259558510115928	2.894190143873713	34.41716952033326
-10.613526752571525	20.479083209039924	34.27119573555183
-1.1323083069035025	-9.860476990237753	31.540362675144827
11.47741583429217	5.4404196456023985	32.851506151668936
9.008931651232581	1.8977273676959017	19.47522164435563
6.264405604090135	2.001893507455166	36.067804159168574
4.069309496655465	3.2701650081788163	23.901841399897656
22.928531287424768	5.171081665519019	33.14163823780652
3.7313987956947665	-7.83497017405432	29.878216580097213
-12.211426556994347	-2.666943523897214	25.487026669355977
-1.7149241251860574	-6.514652073259945	19.80598847864335
-7.431711480543926	11.593698857162934	27.32852687568382
8.035313752071689	-7.13772168384211	42.89166109887209
4.758953172691563	-1.0512973277380986	34.92519430240371
21.132396267967355	10.07955314582741	34.06333901832103
10.052523067323655	4.029765638474282	43.917418597012286
6.598997982203063	-7.652763768066411	37.28124962846331
11.9307375901127	-15.085834158587177	29.648705936530334
-8.692619305785922	-21.462291187383382	30.003338804831536
-17.222407134030785	16.580573288187942	24.292122932646645
-8.834667084854523	-18.071493252057106	-0.8279286735208409
-4.305961660396499	-10.668664947605901	41.665947713342774
-6.880856249550166	-11.677820089584374	25.978663483616007
-2.569402389453347	13.640601050937153	20.954795393776795
-9.049094427381583	-0.2632641871307541	27.23497787079792
-6.675929687038344	4.634417833932541	52.82130151900448
-0.25027878488991173	6.0286032887354075	21.167428299018773
6.814970478714429	-2.9657262677367053	25.41688980049545
-23.929246247877135	15.086263030019726	26.808486157168122
-13.428797760686667	-16.36002444053848	41.29528314549462
3.419417134797288	-2.1830850897321037	29.37864540890319
15.877655271920204	7.441892810990361	24.383901786774803
-8.638307955646797	-4.201327533055537	9.71884310150429
3.3176992831593095	4.170255859880307	18.465002875193743
-1.7156260923754467	1.0659283225541512	28.430461556021474
14.11979401066936	-6.162771677178018	36.43403935350309
17.11833329508484	2.7404744279720457	24.78977773018808
4.075186995331841	-6.872467050346856	33.23250718168104
1.7910196679999604	4.783882154387309	27.459565207141136
7.861408329042976	-11.840809783815887	46.839014609171656
-9.066685897636606	9.546175576646952	27.138067117455314
-4.592269072831438	1.1433047322345904	10.938056000496026
1.4820825968970641	-5.485269151502507	14.210353672826471
-17.74274271275496	12.375690836503463	29.54809712782692
-7.541815471922177	3.6078789540504372	18.747025064597825
-8.93398351050989	5.758949139235377	27.73970840157778
-9.593870282633223	4.416049884425663	14.554595185598943
-8.39119502422428	1.585124222332979	26.756614822259717
9.370615394941634	3.2441546985746195	18.685236878285878
-5.419338688578069	11.937263003054726	30.754797203805335
-15.29121439580056	-11.55895252620719	1.364227598241495
3.46103254437125	-6.419765129803418	36.66189103776635
-10.872125912972495	3.5032204798586024	12.707864151198226
-8.09092746204352	-4.667581695135903	17.96574189350838
-5.259588113357277	2.5875340907087265	38.217128876148614
5.690602368336436	-2.7876385196784166	28.974469454746526
-10.395249358498543	6.394160503308555	41.27931961317114
16.490990549190062	6.581527534575935	23.05741088546877
-10.082326434127626	-17.918662215026597	27.50242655582639
5.186199581951998	11.235228100955727	15.079385407171241
-18.35712886320901	-2.0061767005774263	22.039066919660968
0.6990487242573146	5.999929694112897	39.80735883784624
0.9843949194872257	-4.710323438663061	43.3432143862054
-6.253621593290065	7.178244965431052	36.64198289406974
8.254797335609911	0.16411936927673318	23.69052252648726
5.429724605633921	-5.4055551396263235	42.4756893387311
-2.3443924819555058	-20.3509049645484	28.819507675695526
16.73407904027943	-13.942996157326803	27.56926899741552
5.092572854969522	6.447264375613175	14.02087592813972
7.01573416746398	4.103879982323532	29.533172112111476
14.901666912256385	0.33144120375770036	25.505780177660736
4.071654159272239	5.793707117614967	31.789919021567883
-2.693093210618369	-13.503271757908013	15.826708229152214
0.7718388291960667	7.397326742002711	20.604645031171202
10.881590874525646	-11.168112767363878	16.56664744427398
-6.671815310566847	4.749628217550154	33.30481411802436
2.5118031712819673	11.543579051992099	14.676280098726037
-5.4312989671374154	-0.5265971742505605	29.01725411466782
5.047975822774934	5.464653103187652	28.162527479071635
13.351829614455129	4.880055620728322	32.25800238956609
-22.303515742766823	16.61730947867622	41.70959888548042
-10.521434700638704	1.5649928536876363	41.422015453463644
-3.4742474998591613	-6.294726614208753	36.34254192658132
-16.60181743070731	7.194019320107044	23.152292850041427
7.52773686525863	10.211849299866373	24.534895660048434
-8.24856713961722	-1.9919111992274454	22.24924876312424
6.096170674559893	11.876345432870162	42.56048176255134
-1.894655085250242	-19.84723487832013	40.68991920189094
4.565439383090555	11.133552276135452	25.99753217948586
-5.352340141417656	-9.207888481394596	27.051323447716705
11.991481664566487	-4.127576137137931	41.76327359631007
2.0297697341403156	9.219852560938541	45.02946535152175
14.700009481869138	6.469560779287931	38.930940230008304
3.522021884955988	-0.27919340259456077	28.943805369485442
-5.510861571365266	0.5596112873181371	44.94001820506955
-10.990228951207879	-9.76952833656101	23.536671399213756
24.34374144767348	5.725752987142609	13.741134034096211
-3.5511976879215794	-1.3164649790394711	5.906619158026427
-9.891203424654783	-19.817600416932553	35.52374026768418
-5.619275522262871	7.774087895100063	24.976377675989763
6.2342854409753485	-13.147665108885612	19.858023608854506
8.872411263921622	-1.9909797546460246	16.791307395156323
-0.1537249770765808	9.398045925978499	15.015638033187347
-4.794523162428623	14.070992730320818	21.66819134250528
4.006691872095115	-0.2472674875659581	32.98067589831405
-10.53284389138155	-15.226374680710805	31.60219175024094
7.594876588658899	14.49794460967176	36.02703649092312
-6.718659747598457	8.887606097035043	35.28800808410951
4.2366786047581355	-16.885612357180747	10.378093636596162
16.83837520539949	-9.729588096061065	21.62890430290805
4.515022949644815	-1.3019901188110758	29.650043157723644
13.351738646104144	12.119762799757353	35.03272154744353
9.362479546623788	-10.239582997735203	34.73356788356708
11.729394764503486	-1.9846842921759569	31.168961903909704
22.757220714692615	-12.932322507390017	21.750562077430818
-9.581147177161968	-10.184193462823526	0.30017523616222164
14.33520123527799	5.9294523990234485	21.42196679191146
1.5497858398123427	0.3507222288572329	20.017029796316088
9.620508307155795	-3.5609338345369315	29.36214440950867
6.928555985317408	4.59009240796228	33.140880808890806
23.316772060425997	2.9555249889926776	28.82540485283283
-0.6266392425439149	-3.759675136365991	11.858341215632436
-9.062234728692488	-10.113260498924955	20.841682213088212
12.500912038445852	-5.405464062701061	17.25331839701577
-13.246493556292387	-8.807879575712573	36.94113391745166
-0.37867416555701505	8.811952557360318	5.138152144897688
-9.603781757629045	12.21569140521787	32.351531913795256
-1.5151262415050073	6.929879562529868	39.48162464538466
3.3267782258713208	1.7878009937942334	31.639891253217673
-11.431143145033879	-18.30086657239936	26.6085904524496
-0.2954117972733152	-6.1904554865086805	42.53807581585734
-1.407151496131871	0.35638348981311607	42.35357491756643
2.7391366237571124	1.6011293450374469	37.28123142434721
-2.2900292066251398	7.489844802392733	20.13111654638332
-8.493017705297422	-3.3268486334256857	34.43386034053791
-9.861736174304019	13.382336925443337	28.5202311048746
-1.6101981306394522	10.218491272046295	30.204948322802178
1.3193364943365313	0.5001094648678315	18.57870719668767
-6.913887883265515	1.0619320304458943	16.253666220287116
0.83355833484946	0.3851514769861372	16.362140210662048
-6.105138095680686	5.415252679987629	35.309949868689884
-15.222620254922465	1.4448562157645573	16.833407966297695
18.27661309066449	-13.923551667177826	28.16265679686847
14.853743647669543	1.7467358167093736	33.35921601089524
-0.7644007766303458	-14.070933835352765	30.75827631556436
-3.0681663214890253	2.8132545481747453	29.285933595178175
1.3242811318808878	-18.00561949515028	31.158480527280215
6.456401054757914	5.581606709993552	41.08874503997721
17.829049663523463	4.892557552844671	26.92404480933109
-14.795540880291213	-10.453154088589663	22.611681238739408
-6.870217758462566	-9.006536716458054	25.86482816853467
0.7392075041033381	-9.125713512116626	31.543843417697467
-15.058219590749989	-9.7922543650621	26.89030282361134
-7.450379151221711	-2.600782855196073	23.83321829125125
-2.679572513853834	-6.688797632571846	43.95858146963664
1.9479657780086004	-6.64251029944025	36.51861877008095
1.053713024645562	-9.246595358786552	32.84176676712249
2.0556156321710173	-7.408593327609916	18.680099841052762
-0.5160121940932922	10.008430436065993	4.814049468013614
5.0680984741240644	-20.42811834669298	25.42524117377353
17.833935302754035	-7.351149985536861	28.85015428662124
-8.13406833619145	-29.894330221577057	35.788838762486016
4.767361759806688	-19.11213284818878	14.84960877195645
3.898462821356974	-8.204534426053375	28.869248397445386
-10.855225998490898	-3.0528628892579217	29.980396454994043
20.1759761209826	12.205189157153038	29.434468388373606
-0.7718972969128878	6.591423790387285	32.11465717671749
3.522409570121492	6.169494397765164	26.983823535616718
7.85889418758426	-7.660599551658822	21.90006328200142
32.30649193301248	-14.033666435968705	9.823281283853056
-8.433034752451753	-4.975183692365196	39.03285371753012
17.55561751666348	11.919521374992701	43.63518021225564
12.851319968822715	1.144435084949761	28.865809325350874
1.4571010150277308	-2.164732098897023	9.841109611046218
4.329596148127234	-5.772722462315842	31.95979046695676
2.971322188751677	8.20289514617895	22.988094431023573
11.144820618346902	6.9113588301897755	30.111912149188665
-2.835207579691097	-1.1607364571748526	20.145416862746906
-10.81590828262084	-2.6653996228211865	7.289373922868165
0.31462726759672854	-5.93684986010342	28.08862244150854
-5.977718876514382	-2.947625700913509	26.86636334678327
-15.836103070805885	-0.4996420631453336	18.42148614574784
9.520406946040282	4.672332847505365	25.889865369788758
-13.524148192870772	-10.603630311729136	34.21344651561837
5.968438709806399	-9.742986763238164	19.833310436814656
-4.212766985958917	-9.397144010373141	10.455153920663498
10.089813419918205	16.493847473805204	12.55824213521063
-12.018831012656344	-8.699355020717208	21.177857685624822
-1.1030843130733148	-14.533033202404598	24.067606458572524
-0.1879027803503243	1.068883386111111	23.5649690122641
-12.896581893620876	3.21421286529256	28.351534349571832
-7.998273120743589	14.737705975542802	29.1732713029837
7.6794592298555315	3.959430190124953	31.126260245766396
8.759732107315966	-1.31566212976285	23.57869833776848
11.162138153896265	-2.9489661333297423	38.0327278203804
-5.250532243666919	4.310161623062887	12.479495272765842
-12.945691828363277	-6.838202469654128	16.190524097190718
-7.624889605168558	-24.764782435913027	25.96179011212528
30.73190086474837	2.0926724576426254	31.32810354593294
-14.719273310628786	4.291393285743211	21.023014401328545
10.720847963262381	-10.717410623152777	42.020099165522225
-12.101074882375055	14.855792648420302	33.98553512289123
-15.73173922959226	-4.411991514326419	18.76008274831192
-3.944930517007043	-2.5861001390801057	25.43291190050228
-11.612163621590653	-11.083797256206955	37.22303999249543
5.991186593726661	10.156478610815627	21.19719044913009
7.4430372995931116	-7.776312625269783	29.556055380956803
0.24033435964333028	11.389441943520087	39.81078530668441
1.015305644568971	13.73902909847076	20.658303832347862
20.24610805108775	9.516584702264216	21.905736202483894
-11.130454890589682	14.897176494508205	40.615485835594995
14.121318102218627	8.668913864110024	21.118477176380416
11.4818393746879	9.969679421855401	45.939933932991764
3.3187391090755187	-0.582406640410886	28.726297399234607
0.776221974015302	-4.648276890821011	18.96459934019103
-11.39447640335649	1.222732297007357	19.25703599763652
-6.151357528551046	-1.5640556191405315	33.23421360240714
5.582385811834864	15.186268345600896	27.54337918330599
-1.493373292550796	-1.0496207911902147	23.42652738893949
-10.33556495228982	-13.072645233349501	23.13095414553738
-3.2524898905938366	-1.2651672363560555	50.70605674974257
-9.59210710427423	1.1594480751164125	23.22478491321242
-2.6582059624408356	-1.8356360484904533	26.701798709670975
13.56505445219096	-8.299455359559559	29.264257170718327
-1.2312080669069567	23.41348416289055	37.911178056848755
4.579667793747332	-1.6840945736669266	32.14732477911171
17.862867323590464	5.393603458634066	19.63480722124084
-7.512175995457973	8.327004962267283	36.24377316759052
8.430617932667229	-6.629978565433726	31.735884401243094
-3.319720559539517	-25.507368884012145	14.13981578848126
10.565104656745905	16.46937730617273	8.657044435614292
5.330770089851267	6.316647031414064	38.08148283074962
-4.682251084191501	7.80427215176841	16.992622847318863
-6.297651845259329	9.813612381666752	36.69814654383249
15.66350218455062	-7.633174588582122	26.93701660084052
-8.47249157558247	6.405470605399977	23.152785111916987
16.13904804531329	-14.843622079702921	22.958097858472282
3.9704723754502025	2.4335076536704165	33.672039500356306
-1.0224120344570178	8.251760164709852	47.46690778993795
-10.171190160507777	3.9506804865817085	40.217491924362385
2.039949517268397	-8.592576268830406	35.330553766876086
-8.510006417548016	20.743237118385636	10.34958404055769
-6.273621469514069	5.31658432784594	48.604902664226316
-7.15064490767621	-2.052307463059485	33.71514412886374
11.501945355188706	7.801991387135794	23.122291077881357
-26.714416998467165	2.9424796888030786	14.199012611947001
-4.121360784799245	-6.9540385074675894	7.691960772401728
-1.91000898258715	-2.963174102156664	26.161001945730227
-7.841839036781158	1.6619258387562974	16.093927467585313
-6.766613830937675	8.591814543110068	38.302639571311815
5.470316651052363	-2.5470309260437323	26.53322043382716
-3.1998404678312347	-2.197425585298351	37.25076143045085
-21.20343494740242	10.769670947433724	23.698207307054766
-11.20452674278127	6.482987125046556	31.86717321390215
-0.0055836633916146305	-10.814478587319066	10.484467951039633
-6.486043851846887	12.783966768946343	19.12381343053952
-10.849753361234466	7.539423024441882	25.696719221661787
4.070616409564477	-0.22410116187715046	19.601925133310772
-20.94708607066071	6.292724831389216	27.600172375114532
3.786548440187874	-15.210110271867643	29.30851789183162
-11.432501424140113	2.3451045647412556	22.170675720055407
2.2598986905755756	-9.256854284963765	39.53543231729646
-11.96534961303615	8.33005405548599	12.188544087733433
-13.126445479863612	-26.912924237785106	45.82453986543668
-1.8269132377980901	7.127386681437585	27.086621615867376
0.6087845634730114	-1.5671456599819622	10.889396056263173
10.744540766109616	1.2312025560228386	18.192420049578516
-2.6889903132815896	-8.146944417446612	32.45746111676299
4.925345087086746	-7.953130411090474	17.212154042521774
-5.48212089489909	-0.2461322505658594	29.57317075136429
-3.1485683550114256	11.064690696450354	38.30716706744492
3.0682793166751092	5.346122022549189	25.614212613953185
6.277318140842912	8.433744188760178	51.76886425124321
30.076061276566065	0.04431952551192518	30.125631235491817
-2.9181063520437913	7.220216608045016	24.01246052018395
5.618148522901719	21.616042848916383	32.398060519312295
12.994715535033324	8.458050528130697	29.36038661907217
-6.973605011723475	-0.6352054981002574	15.39967163669996
3.0423474378621385	8.278730288076066	13.057084620649873
4.866357314474125	13.89620631084495	43.455875520406664
15.234594758862025	-12.21909090392365	30.328412049802804
-21.506441355544883	14.742037084682273	23.374382054313063
5.074654315273795	-2.952741028643187	22.43655603225915
5.918100274155086	-19.20784810723575	13.566783818329652
-4.442916289874691	8.565684775422193	25.818000613935613
14.36104573313061	7.583052189357991	35.23467447976668
2.0648401720915452	-6.976284272040444	35.10502580167204
-5.908633001584849	0.09636744233436233	16.231313119215937
-7.1015985318708585	7.806211847073346	26.448781979413738
12.921315570192961	-2.3987591207987524	24.534449569655816
14.47987836929294	14.376765246793441	20.324356763534887
9.772502731626716	-3.9606666205205903	26.113262255972217
2.9683859942044934	23.66846361242617	47.35351914842601
-7.783553491389251	7.977231147186411	21.890841905086752
1.4159113959479663	2.1846998169464564	14.772275375260131
12.156198311748769	2.8396626833705803	25.100839767961848
6.071108678973406	-12.12626710332344	27.914720626436115
-21.15975498806617	9.83330249743666	36.85624556822394
10.468938081276502	-2.0672804604744273	23.883210650553277
0.4122274804756207	-21.746274356924967	15.107747626116378
-4.340351699455943	11.762747696115948	18.477130918676277
-4.906366808670619	0.6423696861138274	46.78076565097522
0.8278149700279623	-8.173338406107757	22.065485298158183
13.0441595236585	-14.398575397699666	28.638065926040017
0.7015487164380956	7.228830056617054	38.01862630683216
-8.826793078646949	2.1042995463532157	19.071805563958193
4.212511676470814	19.8497808009519	39.646769231700915
6.57116518373713	-5.634499708163887	20.660569799860493
11.152773436611996	-24.831839889014624	39.34839630717162
-11.271887315677148	7.252830851727094	32.81933444610665
3.790486327170302	0.16095264357988107	34.6815265368017
5.040914483396355	-17.685395246641384	19.09088289745214
4.853631159809456	5.6177848677997755	36.67070101472861
12.967044431914609	-18.978893993025434	34.760494656824484
-0.9297302061279232	0.684131319525203	33.07607448057539
-3.6702684893629103	3.913084677276811	21.85097223329678
2.3334063157092007	-0.3328554660500671	35.17321740135739
-3.232498802896168	-17.172210600844796	26.97532149623733
8.027911380028366	7.537109478007794	25.802545415185392
-1.340771101846514	9.03559425930952	35.53770438484712
2.581372342692351	-5.60605082513867	21.679084681256985
2.6623042911438537	9.13261326397501	31.17473404988496
-1.4636996106366442	13.750226444986332	24.77025610308307
-23.87328225282413	-16.80849382928246	31.85148605314789
-13.446377934075063	5.351819907184032	35.17488821178115
-15.760024340249533	7.546004749068105	11.418544571680048
-2.4127192261782944	-3.2616498637910722	28.99083999395208
-7.359406102309995	-9.449756133920337	28.315621773852545
7.2201385458843905	-4.197671317431757	14.992204801215776
-9.285695998005725	3.578274022370422	26.17663939997656
8.446154459089035	-4.7321589124818795	20.81903740194732
4.840010772653065	4.368546225840321	33.36573490758937
-7.565464520511539	10.342174492723755	36.279908345260765
-5.4226276499294	25.31690340285565	19.670249016826773
8.971208755676189	-6.051767569801061	20.128598789021186
-4.62955840929798	13.606471501763773	44.75931662242488
3.881853284722055	9.57828936033686	27.316410245481688
-11.074258589058525	10.859129162485209	6.180190482440143
-10.863529735850392	-13.79104562322372	26.48724858767273
-15.179346930484394	18.07363804471074	25.302379735222154
11.767173510139513	27.17344053488435	26.009985123041357
1.8424506609121516	-7.411318879215665	35.18230467461985
6.323483786331016	4.062677744917535	14.499752270184601
-3.3609384393333235	-14.100753653135945	41.0937182932869
9.551696020643064	-19.973429891715103	34.37380843527913
-5.509914623362722	19.48761235520802	41.73087464611568
7.958853639117546	-7.66087109923208	31.357005715332544
-11.561006644406815	11.260250760558367	45.76837574605685
-5.785560122638799	-8.132286801693798	18.910029743335365
0.9882239798153609	9.806487574517476	11.85632168451416
1.5247083650678777	2.952804453656767	17.670201774219294
7.937505140817631	3.435623384727737	17.47441874078281
17.368708226984754	-0.6597801870664775	12.158296598981881
1.1383259173032558	8.413688727507408	48.16676471031763
-10.18278456971345	-1.6156756532989909	18.09146585098513
-4.748226430588971	-13.096591147756733	13.379928859939564
-2.1304802916003736	13.1235701226119	19.391800382367002
6.731465796094769	-10.850241858120043	17.495842384762696
-11.323011599357695	-10.196694418541686	20.84903653001666
-4.247793487502649	13.600489566907738	21.445084179936355
5.498736541321868	-19.422583132643343	19.994118066227188
4.350963149088212	0.23304947074285848	30.334582715557648
-10.28607240154132	0.2337115378319271	23.85921141170872
-7.861401782817664	2.238280278866559	42.622522993274316
-3.080143837695995	-10.929211842051638	40.881073759204824
2.665869736334608	0.7741200363344254	49.18051834377955
11.979447884165054	1.483223606397457	11.009819092677873
2.27343318570831	8.861446515659372	12.457310229679193
-1.5039410351021623	3.763993342589302	23.038970170398304
0.38957499757945824	20.846193308935486	10.776628882042893
9.106257723746884	15.54325121559206	17.98145388623764
5.318967783954832	7.7499783223424235	23.836730402221544
0.18209411096245753	-0.9179798513564934	18.10283808628897
13.212509205043649	5.5090863894921105	28.6095707855553
2.3236676413656294	0.37292974621739167	22.230739967470427
-1.4427205241258134	17.173225033491867	28.171334698051197
-7.936876234799879	-4.257518747679962	32.891181841746366
0.9168091538240373	7.674674449732591	47.389564398620514
0.5930100844890064	11.560006925121469	46.41749533955975
-1.2772458424538966	2.987563015245585	23.64461653882
-7.772354271157217	5.82357914451352	19.991515758001363
-3.0381619205078607	-3.5442791452744675	23.33542370523972
-7.603000500519757	1.9925195928326243	21.31324279758785
16.78799349331078	7.841498447557836	19.74090576058007
-17.86074341650741	-1.1792184887261528	23.760357733278767
6.3909411655311965	-16.527109450105645	21.286058852800046
5.317544219723056	7.126882600400894	23.304888547617434
-20.10673242330657	-7.854067323799228	26.540870250938838
-15.034311705311032	5.854918372869992	38.73073032836682
-6.070456804542358	5.570502004363384	15.384510767501645
-5.057352034517168	5.401342333986521	28.807308897063997
-9.60714369095423	0.9165373709696376	33.31990642817308
15.7293786707388	13.932874366106738	30.57262561409031
1.5540332517190163	-9.105297494859672	47.336827521546574
7.193248656599401	-31.416782167016827	27.401105345420824
-4.367508080282851	8.271029421970395	23.731977832054838
-9.821305414835988	-0.12296376903255457	32.69215657177252
-6.530226984444853	2.112929493393844	25.705512566143817
-8.364626347571347	-12.778587867098107	41.95215358215319
-7.2895541368318675	-14.887276679572008	49.12589830726954
8.511553420180892	3.5324191143022206	20.51985337853532
-15.038509667566455	-12.34488025563474	10.559869419347528
-8.091579077652199	9.327959877444282	29.541828769777947
-19.042285952778034	-8.823210261507755	33.670842135962836
-14.659166256006559	6.066518539478642	38.59106041111438
-0.42570820107255963	-4.578076522267393	20.34085594962336
-19.86434031156802	-9.46147449487049	20.03103278562427
3.848467490652033	20.34859734727437	50.3638904430433
-6.358694061762902	2.52050765707655	25.916231697420173
15.232376855247482	-1.3915305107216422	43.318951624595684
-5.352737716529186	-6.811624211698329	31.44163808846567
6.92290720796996	14.877434857608666	27.46509137603333
12.835230150592183	-13.867482347541909	26.28312096791432
0.3815357639359776	6.174740483791741	28.837629476945093
5.826003877770114	-16.39116852223738	19.760339419196853
8.003582757295824	20.175552893908147	21.306756204486632
-5.563201816879938	14.514144618853589	4.99550594191242
-11.942152039144178	-5.907805936242834	40.64960374562884
-6.465926037202879	-1.6907208652943013	41.11811008793916
7.95102382506435	13.091087556675161	32.99468292937132
-6.021511102107969	7.711502544858747	40.9287750660176
-1.8211340175059907	-0.8398753164578582	10.842068641857274
-0.12867166779045236	-14.09074863452145	30.9036539233018
9.97711290128453	-8.377664072932621	30.01861872564495
-10.573321289888376	-4.499631716924905	13.876619946424423
12.223093087691817	10.770455745397678	12.010059780533709
-18.23178120300089	-5.066304346196873	42.95629963046671
1.9157289792194618	-3.8800389522198016	13.492000095360536
-8.253971003248411	10.911159020014157	21.18769569251724
25.53642934181672	-2.0385647909147186	21.686297255559236
-8.07277964735971	2.1308631220291354	30.263711620890675
0.471523942900472	-1.6515496923390698	32.89576706678844
-8.781689991163782	-0.8947871776145028	35.727983326563646
2.134250488250712	-3.756673723807798	35.39798560593148
9.061378945200506	-16.233106248906722	32.35073738776734
20.2333407348218	14.435774043118696	34.77279466824298
-17.569627945881713	-9.351086209883071	32.71286139957081
-14.020807893096519	-1.2621178466113403	34.19883091287597
-5.641098672579328	-6.684498693724496	13.172395349654494
-7.500717998597512	-15.933065669697159	11.103694359923015
3.0511224860541124	-8.520320496076856	12.776642465339577
10.788440424909837	-11.9010856521955	32.00202211011545
1.4364960246546008	15.6054001709429	18.899010359856803
-8.23480304647492	5.556180301348643	21.499445309939787
-0.23941860689450795	-29.387909122092644	26.453572545467882
1.6585272497582095	-10.568507247904789	21.887807774969556
-16.181727086066154	-2.058612134246768	29.740832164958054
-22.333355624132345	-2.756302238942954	14.052972678237873
-0.19446584649506538	10.686490724768609	31.122025291877407
-10.704016876544467	6.311252861825856	44.442401352086364
-7.925998805920916	8.874607051996215	28.955002223707595
18.82000855456259	-7.127066800797756	30.018145897568623
-13.165623544552309	12.790596481742174	35.973998329913364
-0.6926425113966894	-1.008272106001753	32.3512187127185
-1.0835350746609282	3.884289291774792	25.087164926874678
-10.72111901955948	12.489905292508634	3.8291997639246382
-21.55585140023714	-6.709601474889542	17.79741500273996
13.859472134207213	12.849917669904109	16.870187807707385
10.29339256824533	2.451796740857168	25.31743536596064
-3.2831172191974103	-9.656964592339971	16.80980176448797
13.277750033137865	0.9403730615490479	31.223671091914444
-19.286678318756778	18.615903693028407	27.881983098105962
0.4181022596240781	0.1949496311614673	20.315850480341787
-12.057934918777601	21.475339693565907	34.595232559709665
-11.113752677137798	6.223632754182856	18.347810263236596
-0.3675623523891002	9.966993673990467	31.561869182119604
2.685064537154751	-6.870718448814122	43.44774902277649
4.680339502609555	-7.8355521603558085	11.69105597014174
10.789456937049504	-9.0904982183529	31.120138442995998
12.921128756415142	7.867096869817821	12.963698138707693
-16.521180807327617	-4.621231984945404	10.833341038243496
-10.460780525779267	-3.69790006268683	23.717958560780865
-13.297453739251306	6.746469263195004	31.04634311788095
4.7839403955002595	-19.84312879068456	29.300151330442468
1.4187277602734212	8.987219466910046	46.77643750770089
-1.884656576662782	20.60561481142996	41.606569124918096
-10.1468567490743	2.5129117210675416	35.99633105979691
11.978185540545683	-11.962451301059572	37.70137388435194
1.6729441030462076	-2.7871710470662503	46.238506845931894
2.987914683289697	1.1869140342045161	33.39157499679078
1.781999237960045	0.8343347323548006	29.719228678852808
14.063477051202792	6.054897707153541	37.60297431767811
5.1608821653520165	8.678270091447544	37.752357062518996
-8.19789979677102	10.916722467557952	18.276809641208402
12.40824550877008	1.5245106893482128	25.935271410686536
-18.265013987537596	25.566742558955333	50.72319073768926
2.888346795037584	-15.063910954975446	37.7106849299591
-1.4281201322402282	16.03141029356403	10.672757133050364
11.117979061000492	-0.45987603068301913	20.021258347341654
7.091940982823909	8.350728599299856	37.482631848963265
-0.7198234896529009	11.70754658778435	14.55139121142339
-3.879758421445615	4.3662244806540285	26.50168693842638
-11.050872655648812	-1.928339371865373	41.479152078757195
4.978448507394933	-9.973800961544649	29.947854033758002
-9.657902007547397	3.842443842652738	34.37493423802051
6.120193122505152	0.29597105532895185	17.968326495909658
-2.830885201995467	9.311085163194365	25.79867131938834
22.46276022626464	4.025739596664555	19.150954227841478
-9.220192343213192	11.009911559413512	38.44417235977666
-18.937754462775963	5.943222798831337	27.773437352658984
8.57010107188323	-1.9435673634175041	27.57931388568261
-14.043143118997484	11.959699504780573	38.13888959919066
7.115314003905794	-0.01625886007326459	36.688005400850585
-9.145014236850821	12.562505850583104	19.95071798943768
7.512401700230246	11.14765861780011	37.315784883334025
-7.169521645586525	-3.093910025943325	31.593976026372054
-4.360367367560862	9.698280115057704	29.95989946807578
-4.828937373854972	13.475827937384725	39.072996886041096
10.026288250131977	-3.512808709227442	26.566085124965834
0.693854000848998	-14.96102738657903	15.52859311500556
-1.2412952270549795	-6.808050399018022	18.98140310318919
12.86169694880521	-7.590258169819029	22.498158464123094
-11.746619856740931	4.504867612598304	20.188543350345256
0.5158831804753817	-6.065974650449723	26.18666585368037
18.189431069268203	14.787712048735685	44.28458768728001
-10.08721059420434	-14.688939106507801	25.955949070147625
14.874235971364769	9.250638574599432	31.98574647464381
-4.139040610006851	-13.206471438374077	22.079496110412986
-16.247368827103315	4.592032403659651	13.323555361739864
-1.5858411846396068	4.226859024907691	55.006809470060226
-29.29901543450462	-18.87274279319011	21.959336591318596
-12.042925267733759	2.6544335642913053	26.78184558038829
18.935799220526263	0.7947835446800157	31.191707700774668
-6.799441467136214	14.141156703726372	31.57755669597674
29.043469610642326	5.571532136490323	27.76378939809228
-13.961500538388826	17.0202311325724	34.783169649740074
0.27951331200722135	0.06283072432671101	23.51394343723758
10.125907298846817	-16.781368349083536	43.77602313064578
-9.377978549362071	-8.202368431221345	15.908557942667294
-2.415153040181771	13.512870284438387	31.31254629547122
10.305833837902238	-1.0408187597878031	17.28558119906762
-7.263707451803722	-4.456898035067431	41.72044337830016
-8.971896049494847	15.356500771704948	20.707702193565066
-2.491068381105121	8.515303217087054	48.67730116121902
3.0575087593455224	-0.017517923672084042	29.32810985734196
4.083363031558515	-9.349479348069075	19.78693197903199
-10.571087558782619	-3.416355068749237	33.966308926508816
0.23564658814407807	-6.030507987446035	20.399394034841034
12.408844704252221	22.620071857510595	26.637124291676145
-3.3070412642807328	6.1708791991542675	2.7265393171814765
-8.86331743448541	-8.899345826168988	24.250449492407103
-9.788139800831374	7.774789826700253	45.64443699227024
-12.087896583237658	0.21030515350395187	39.6552744781526
-4.1607865598325136	-3.000958018581671	26.332724325296475
-4.199951950121307	10.754041232843816	30.357986733977196
-1.2228812638788746	6.7164540061488935	17.916317075010944
-18.126548820013156	-3.018971394326744	22.594840475088063
7.193581753502648	1.8385218816559723	22.517734349320055
8.20181849665508	6.616443398787631	34.8638126252759
1.1452263468606607	-9.739953515796744	32.95197991066033
1.6252976884648325	-15.800010200803152	35.39163187094247
-7.645754631105188	7.9311179225933826	11.887551725758843
-0.7746570306477287	-5.0436466337924655	32.668296339877244
18.458299065701063	-3.484904795172226	34.11899828619085
-0.5525180616108643	8.865756572996753	18.775349014706855
-6.324741658627065	5.53744945432631	36.25841256208891
1.5302879722686027	13.990434157877282	9.052854852863597
-18.06569497265302	-6.886508277314846	35.68904388352483
9.542250412460714	29.685674173078343	35.33424065767181
-18.52740069683945	-0.2563383070471368	32.3684582410764
10.568509605516736	8.28063136827965	28.066883719455593
-6.845359576525544	11.477220056920995	25.724139465398448
-3.172718249166958	-0.8609566012179373	8.692823562537296
-5.761728206961582	3.1025517616265534	23.675863521810726
-10.275802124760531	3.2203924157965473	11.418985182429097
0.7017926869970049	-6.479181240545268	19.061816072952844
-0.827543245515388	-11.273835625430294	20.723915174519707
-1.6846491537123502	6.7022333518132	39.76373250861599
-16.46403966291312	7.333534140686583	28.273088396326884
-4.808201225213885	-0.335925922952981	38.79779174775883
9.085121256727822	-2.4966929651669023	28.694256810830503
-6.022428846917722	-12.453537484171273	38.96852035247896
14.089556254882531	1.620449637786974	12.973724099101261
0.34912972624037775	7.8719102875063705	22.020733973450465
9.462633148065102	-1.665090673392219	17.936285871951885
-10.604052757930585	-2.203887693855634	13.215715851756986
-4.840672596532078	2.810226070455722	20.81378372667875
12.392417371724886	1.667042727914429	16.489411299439585
4.710664142722253	-17.527827193169326	22.282811657069296
-6.518372768112711	-2.3883285811777997	31.006092204859364
-1.3607392566893026	4.456335629714655	31.297709680701743
6.383860190289599	8.365285277002151	13.1214407129732
4.91546698257695	-2.7518273382962755	33.22985931981016
-6.227352976512412	19.18923296613694	24.71981993630549
-3.4295080729601954	-7.798350923444782	30.068994327150914
-0.9976218872306075	-4.599593622300463	13.659514043755298
6.533662387926924	-9.212542150333665	21.12854477629534
-1.9132215416636336	-11.313681407703555	24.587847395867406
-2.480500019298835	-3.1198408497362324	15.132442029422087
7.154483146685227	1.0501942376584468	22.636108865187758
-6.66505721254368	-2.6824669573885513	2.6825164080419697
-3.602222496918489	-3.388720817252419	33.29717649083175
-0.00046447013518009404	-1.5443921211890534	37.32359426706699
-10.080774109586661	6.744014550456542	20.910757861636824
6.226669641654983	-1.1873225968800816	21.85806753516168
-5.235916993044029	-3.459734317913687	27.05144839604626
-16.59389304040844	13.873319941364375	34.09724668152225
-13.783191733904935	10.659573481287822	24.351458946197297
2.299717902531691	5.1248384556076925	30.742240670853697
-4.627860444818783	-14.198809948339527	35.25472976195059
14.624946755596417	-2.548419846261188	29.795404545879382
17.0700455570899	8.841577641677686	27.551458268239063
1.8142396597314199	-7.876316707904571	16.515131694498855
19.453366593637988	7.155435817330574	25.291204746346473
6.40505565020665	-3.606937313739911	23.383329403751038
6.81051215520753	2.371580426732365	27.658409115033766
12.537027701583998	22.903532275171603	47.19760023446395
-7.362946313535492	3.607936670409881	35.077692122605406
-5.658331973328542	9.741635343423177	20.386608031139538
9.198011026328242	-4.4120339080611535	30.99253348117071
-5.007363216345717	9.052540710966632	7.243368636226904
-15.13822873739333	-0.9004335113867235	35.44009445143696
11.73424070627452	-0.9905494465203957	21.87431248820556
13.829298753669388	-19.918453474255514	24.383507575474255
10.295714928312403	18.524691900291465	29.403813955669705
5.246233149732225	-4.136202222548237	17.989208140164674
-8.219817059056277	0.4132254709518602	50.41138163068297
0.613223839169166	8.673553793630711	29.29214300007382
-8.55653518102388	0.4501516279030384	24.01395435003391
2.998373160810975	-9.601907919621146	43.26753567215644
7.091911499432582	21.25904303422324	27.31510964248506
-0.9728835385511471	11.636131832540645	36.86321829960412
-2.570089751713352	7.798921982090118	9.96801419612179
14.829689745285732	-15.43248630629408	21.67662545299795
11.543095809975384	3.92402168531975	40.57077800485491
5.067222370566602	7.658067231520739	32.975343535756906
6.7586032090655035	6.728389542121548	35.07602606507733
8.43412910966557	-17.815964202146098	27.351254196536665
-6.903822756202081	3.075253523171577	21.37815109432853
16.147102497449943	-3.791118000991302	32.93871742087595
2.8421922842671226	2.2840399509694977	31.56801609261349
8.037758950414077	1.7199633557812186	14.939435076857075
3.7931720204031127	7.645424608025976	28.5681381791574
-10.550546875481626	6.0063080093857675	37.774757069322916
7.6142721124740085	22.458714468885862	24.73298721344309
-8.048352205235146	1.9686902533088537	23.49761101302277
12.126035654758027	-9.468238442750154	25.657958285239015
5.112645131548318	4.465892224806608	23.913333558508715
26.961784112829083	-12.763465443348395	7.762479190303573
1.1979740746161445	-26.482685674127495	29.082286369373385
1.6791212960590278	-3.3665988621292002	34.05467181875054
12.194510954167262	14.245294412257659	40.172055755016174
8.474232416408604	-0.32755426583869385	19.923082787057925
9.333384912644831	-4.63520576669267	43.59570729709688
30.031685091800576	-3.2777489795250805	43.17131915002828
-9.920751058574073	-4.937633274698027	50.899293665945336
-15.962314433179154	7.321811871343779	24.773640991417764
-6.135111228308635	-0.0017843894662083937	30.02492025293752
-17.170545773929717	-0.4915957221193746	14.270619971229445
-17.6469074646136	-8.0395709230384	28.793463616806342
-11.84654307018465	-7.403194710927549	11.467655747633309
9.408376610558486	8.997848933783848	41.050114759704634
0.3040215434701129	-3.3043247030563627	16.097900049679108
-5.824737798144776	12.26645267775249	27.964900831535328
2.7621669674628277	8.535779158548893	20.244197645708965
5.0751737195057505	2.8898730306847127	25.80639608540993
-13.19000031162846	-5.5412669622778825	13.135170279595085
0.5242727941768234	-2.3139140230442883	22.39994793230685
-15.591610655262754	10.586598776529577	42.81976191014699
-4.13944767090791	-9.98724701103775	7.898997226144168
0.5210701428635103	-7.730869242178095	26.90223950390788
-15.397802192467509	18.584399697191	42.62112268727693
10.460085930335296	2.732047332302673	23.987768811842063
-2.3290823283436435	2.59946044872677	18.58700826421886
10.996880833021232	-0.962265596655425	34.980052972363026
16.91128331275535	-13.260852928565319	33.758431892117336
-2.9108089878423455	2.078397879946239	19.29008865378887
0.4875020340549232	15.37769499267755	33.9055945033733
-14.800332664120939	-1.0479825426563758	45.832942632564674
4.730649050902415	8.864732374178422	30.54717788611683
-17.38626181229167	-9.58137578178818	21.481333226881368
-15.904301578122553	-0.4345028417165924	24.337676194024763
28.216765486029022	-2.5095487145922935	19.42054825062787
8.523084213865474	-3.0792686322308866	30.03935269046606
-8.61934614964184	5.214522974035044	22.50466012450491
-7.790338790207355	-7.081559056358969	21.999967068202576
-6.99084477374412	11.982099183976729	24.25721272376671
1.2999116843282834	9.159700657046752	23.692617650458402
-8.150834741775627	19.921006337653836	25.46577301403671
-3.9945347075108897	-0.48978906025734653	35.718279873196295
-3.389008617675939	0.07094999109896875	36.006022593097924
11.70742413864107	5.135953806278736	30.653606057656287
7.091724813003165	7.569181399094896	42.94813870822457
8.636595381752786	-1.769274218705796	25.536118133088635
-4.357776199287276	0.586747075810071	39.29120833950522
4.517367617930276	3.3945719696188146	43.51286818774777
-11.28939853328886	-5.2674922412604355	26.22105709522003
-15.694279193086793	-12.408434010083099	14.720705202735761
8.635411866948095	-11.526415417036937	38.078915360671594
-8.391204248542714	25.60892977494657	34.74274909422392
-0.9009526222379403	-7.194210565465687	45.284406556974034
11.606736741907241	12.167834423512627	20.144862494729274
-0.30284456261960413	-16.375508445409924	36.82960083906724
-1.1943373299574713	6.775893322661597	24.766966794116264
6.535003880781619	-10.755424347970905	25.496813895298782
8.054093630925292	7.45857798169042	36.00579434204414
-20.79207904934718	0.7887319720785245	17.93515171311098
-2.5980032643690647	-6.515920900457268	22.02681543591504
-2.8545112154999783	-7.216347470524851	35.39361314430283
-5.344815257967138	6.763500959740619	24.616335907409475
11.051642993991162	-9.683172668530489	44.116296833049105
-0.4737375444199077	-2.4428095103045266	34.16611602979441
4.4812771003183425	-1.1318784176646333	38.699931332121615
-14.38359416564583	-5.533297246325825	19.100595009250853
0.22416369567381017	7.622122013698396	8.091506737235115
18.223326568221474	20.266802968800025	40.735790018178996
-5.813689568460063	2.1014336187955474	7.879315638880648
2.527068389413439	10.498411143213565	27.04092557477349
-0.8029759497934984	-3.785962596273551	32.40167473215207
7.627454130340832	-1.3900046217201356	14.168181133589318
3.208101651187383	8.195470689556297	20.120410014947627
6.176518436346643	16.907689465187048	18.382922038103207
16.47565604535894	-6.398519826766695	25.768413226047752
4.770688429302673	0.6105883291260339	15.004881120688587
-7.72224790191665	6.947354721067733	46.828403362499955
12.101740003164682	12.816780037528082	30.435839866922386
-14.253339914606613	-16.84368131883113	33.05724722518073
2.6555799717088013	15.79891183459492	15.893867754213739
2.439085306604004	7.038481897549769	28.11897789883276
7.632484450302601	9.790929353126014	31.288769177423635
-2.236873651564001	-20.58863828356749	49.292460814486574
6.612373748067782	16.614936541488742	29.303614335290405
-1.6380426047646122	-7.064351638040226	24.036451207718073
0.6593609628556458	-10.226463806845397	23.346458335640317
-4.654023760498781	-5.282042444510449	18.61158786691746
-11.522702566406974	4.2684052662519445	36.98785016972337
-0.6755891382753536	2.431547831381523	33.4639465203817
1.693258053701644	12.174286326440882	42.247431954995776
-17.235606666439768	-6.915460623084652	17.704550060661283
-11.423455052853758	-3.9291867008631023	45.08296686541757
7.486296429725494	3.8730570801616415	21.28926517831146
-20.620123654614613	-2.1232361728198863	17.2197915530785
15.454587485208295	16.098513514987943	27.512180019073675
-8.486272460929243	20.110625200149805	36.70206752734084
3.6495480716469917	10.346773186859759	24.31986703729646
-4.312558953403419	11.842531846045969	26.051206386507072
2.4420396977295713	-8.181564161441376	21.576519609611246
9.820647998453811	-10.066164659048562	26.6539248819644
-9.779490980807758	10.938936153908633	27.08951858877307
-3.4943993149852774	-5.214052990936783	29.02884368872502
12.516030266873424	-9.516928527740165	16.790661779503598
-7.550393784797298	0.36560788314166676	17.084540085461835
5.86003666391909	19.321415153383647	16.86795092429913
-9.674550157786966	-19.090340198522764	31.01955187067229
21.90131596376692	-3.9636029603137244	29.849531115336514
-6.460401264287085	-0.36838683793775706	27.52609845670205
10.331278146454718	1.9034295526065457	21.87235992339574
6.751721537371953	-7.103950587775959	37.68526002175224
-0.7342939824550037	-18.875918215697084	27.05892182136255
7.021357164304039	1.4118264423521232	34.45813631871329
-2.0666843528591388	1.9859148847705599	14.594543067083912
8.469780699755274	-8.164760666329471	41.67067911071016
13.070840322938812	7.401524330713799	15.092660621484871
-5.019115949982968	-13.240926405747635	34.94799844505131
-13.093618455043021	-6.643542140662573	14.11152836498556
-4.077522842348841	-0.2276536424417836	28.94127898717425
0.5305780245199835	-5.790283605405369	36.29721140241526
4.961522687941773	-5.621632462941831	22.37096451804323
3.154716646524085	10.145273555407679	22.496832046553138
3.0380723253517568	6.592850409868397	33.41972517740919
9.384223429568854	18.15700271247366	13.761780751072532
12.421936022139988	3.9450277665741345	49.15482762375311
-19.96480344186348	5.099087275389515	14.634749527124132
-9.588844609556107	-8.689862671335764	12.46596305191769
8.770519430468855	13.021075547220303	24.76787144701376
-3.3889301531627103	-16.405395648511345	10.869146612964801
-8.10735266844633	-2.7681550547659977	37.74994457783341
-5.690482896518461	-7.355073292294972	20.904389684987777
-2.7637227069665027	-7.624510694856188	20.520547507184318
14.404580758815971	-2.023099636009282	24.512540308665123
4.45064692974238	-8.617979848258909	18.85155049762076
-2.0597667809014455	9.898502472756409	17.001337489910302
4.581421873865103	-3.396443640023104	20.252838638472653
11.095768784621365	-0.885382650372441	11.625124490209451
-13.677158823563477	-7.0071235607950655	29.626444694925738
-16.283418513280388	-2.848569704920931	19.73091686417903
11.584981977603386	-0.021350692180279525	35.596028879445264
0.6770375859588302	-1.3496569057614638	19.497993369123357
-0.9523157830018945	-12.109193998883296	26.493254054727398
-0.791953054432441	-6.2460242351919195	19.133018385505522
-9.00891678255142	-13.462984345967559	11.510196488198115
2.411361385308796	-5.910344077483106	22.251312474785912
2.052602507518225	-17.126823652159	27.27372497912495
-4.535110001973541	-5.764167354905334	38.80258118372229
18.27530902871192	-4.932224797995678	21.19005576204613
6.177909914618047	-4.992486051969726	27.708251784620494
-1.6087950738492387	18.750413371483873	31.090590629652816
3.8204560199727537	-3.9135652756020005	28.427377080025167
1.8566680474351585	-5.643104075909154	25.43056357701628
-2.905953056865058	-1.6845299435099808	45.57214289635443
-7.981083340731271	5.756929731068024	17.48880314126039
-0.8797932351001142	-2.521854394686525	44.871787698090074
-12.308128376805685	9.805406332871083	9.286025937646503
-5.387488310077037	4.111373557909352	21.82832978436391
-0.6703387477088125	-5.172452383412364	29.89433193831057
-6.622704034119486	-17.016580919379535	26.764174325714112
-12.369745996513224	4.534799701775864	45.86957042622912
-0.9448991982292252	-4.469617894666193	38.604590466614106
17.913179621398413	1.7916746281397389	27.319411750189452
15.870292849028251	-3.044266039362205	38.12422611303571
7.418806586015849	7.322649400283349	43.18543274908257
-3.783786097964483	1.6506240010552056	20.308910714004643
-10.133987583507366	-5.785413120065631	29.35188578415238
-7.111738476832832	2.6567764271899863	30.50039607060015
4.802296146178692	2.156781382845748	33.55823939712752
5.736452486315622	-1.378507948126439	34.973007544430594
-6.089473634951933	14.194480829310825	40.81652235633549
-8.786660427453697	-17.319087120835547	40.09369265370749
-3.5418966967543226	-5.466166945750519	17.589989187278686
-4.557768663400727	-6.534746602544814	14.955897419661241
-4.6146642901894195	-2.0532428059560637	21.19015874560921
-10.559756329750638	-4.167243979743004	18.963979776944257
2.936915454103641	-1.6320826150255758	34.80385981179836
20.01969050181653	2.4140546418979847	29.358540796669242
-10.543341773950193	-8.185705150260864	10.17595279726988
-2.8487247611653355	26.4348518386938	18.86011417480291
-11.24184624314646	-2.603246160425236	24.58677528820002
-23.38212355599982	4.919575163740159	15.383831057870339
-5.002135235391961	3.142205073052022	34.91238163425116
-2.7826974867964385	-1.2120794234417138	12.487780628550242
15.523570505980192	6.269097504134923	20.903468566880665
6.724908391842388	5.164261710009235	22.004580052140216
6.978671507554082	1.4887430215184405	23.879927361940315
-6.6826873620645175	-11.53729868638984	37.35526646414248
-2.3515711886108286	-1.676661369940541	36.89002195180561
9.663278171505036	-13.025328595427379	17.729663786528665
-14.591679323531995	4.823481449558655	36.108488866303986
11.445908583547697	-1.9642689238243505	38.5827566065099
-8.435736059057925	0.37602990009676934	20.253768473236832
-3.202315465589032	6.986684949329549	33.79764336089246
16.385126662445057	-10.357927668983196	28.063631497053432
-10.300630671212252	5.717925676122711	39.86093680921368
-4.932574556732061	-3.087054327608279	14.605741995945603
2.497846904191098	4.692226023351844	21.0189115115642
4.719616372368063	6.414860772998195	28.998656208565848
9.91423552084354	13.503643813624148	38.19437471485875
4.991204792267051	5.845786822534901	25.10854339132621
1.4249046477987328	-6.635766292675123	30.543296174162837
2.9230723266434517	3.4388903217120643	19.297684171499952
-2.365927283416042	6.3279619884229374	21.817043191008324
15.090283957196158	17.092336796442748	43.8200341065384
11.271204093211761	11.698464654660459	10.928622016523317
-9.956273142940553	1.277177728843327	15.303717394981302
-3.9739748768313237	-3.9641524942212154	21.767555050318368
-11.090482113174717	-1.6549865000896014	20.079305696461866
8.15861712643196	-10.156125729643597	26.81133868820977
1.6159259310897867	8.65991237469039	25.621461892272627
-8.97079759618898	-3.9475694645219535	40.16903772148432
-5.37459600395414	-1.6007421951368197	15.649994706910883
-2.3247714419735748	10.561306597627837	30.040717766816883
-8.744997803781521	-3.5564800478784466	21.50210754253305
-3.069906235405667	9.968196974687952	31.451642683574885
-7.064258872889368	8.64466608592587	18.744599731512086
-9.510887185303192	7.741450989879059	29.930459877912376
9.192762071656754	-0.18194655301077056	33.31358501190556
-6.785667985571896	20.934673507718557	27.2638047246596
12.24352578054955	9.260979557633856	29.043767435297212
-15.78785256224063	2.253435666722847	28.349845296244638
5.268815400589265	4.313132344611928	37.21031690939684
0.8791400575878909	13.254065672168856	20.009398946213246
17.921646187951875	4.126054180344713	33.29051394968351
8.279502218798642	0.6821184999001957	13.699887203574882
2.7105133770707064	0.8669257948436975	23.944030951151095
9.218187213935883	-2.2784327842827015	22.770424061273353
1.9627671529270787	11.935997758897086	25.412546831596938
-3.0682151197322898	-4.374231520223471	19.871922285406562
14.830520195949388	13.33003690849457	34.346540498464826
-6.533302174699594	4.6135596188826735	32.578411450206026
-10.038889237594635	-6.40382004792868	34.98794096613255
9.356112875626243	15.048844775228725	20.164447836629222
-1.6149441685730275	-7.94173738114957	26.713060664363134
-17.812480803461845	-13.997486134799818	28.803287016551508
21.363719603896403	4.925640149617982	43.21751360124554
7.205474812147424	-13.557822226008344	13.639499038819597
-0.2706502107673151	5.8617038921602145	27.273059495737805
-6.544532426498996	-2.8866374767305687	14.671859061884708
0.275102851431936	6.809439775974113	13.860699662010411
-8.524827352784076	-0.8766679659801869	15.187863317408368
-11.986103876445524	18.542157639787035	33.68231433838433
3.8396865506065287	-5.617084498582898	25.801421976944624
-6.655525600312434	-7.696652115776441	26.00669576775958
-6.375132819977063	14.003496169918058	37.281933819974945
-17.548132226890598	-25.172726669883055	44.49714288110369
-19.691293051941486	9.675489774682145	13.946073307267767
6.903759744144995	-15.809108664256897	28.988195887336826
4.843716501312809	3.7463233637806175	31.903908051961007
-5.544696409921793	7.415649182883293	33.42994350975975
-14.417157359419592	11.361179924433912	16.41628885144209
13.648250280386033	6.45958025858442	43.31156189262017
11.093429418301541	3.330049707930759	19.732373781894864
-1.5804936575002715	1.4898285319499327	35.12537027421946
4.820543433505952	19.250220275697863	42.13046545553108
10.849811732287701	-4.201652109390015	11.420797832118463
-7.669935932681998	17.485241616502442	41.0072148935048
12.22385375701479	-10.525670716667078	18.26146095297842
4.403437310533052	-5.594952144601168	14.888174742565894
5.574292556958928	0.48263390663225375	14.952895320770242
4.080114389682532	0.07345943787537132	32.02055425572217
-4.863139483924258	-0.15679476683447005	23.117305160206488
9.765321980245213	-8.798997604927488	23.28204291797891
-4.29034067857161	3.898255239438202	19.54083680852998
5.514630765536554	9.966997023029265	9.08340974790907
-11.815232714460194	9.208252483825616	27.97888390429636
4.5727652073752525	-7.265466277383188	33.28998457921574
-4.820489967339942	-6.277735743180105	22.62694283016348
5.9897300353820535	5.658646759299514	29.3851186633264
-10.104158249098695	-1.3586639442234807	28.71060197228427
0.2170555426136877	-1.1985862617924319	34.864957590665995
-4.357059264079004	-0.23342192089519226	30.70687813057687
5.528045182416934	6.01943928328766	20.894168909220753
-7.6450823105008405	-15.873665569512669	21.872845173327704
-2.6023915111806515	-24.909906927885817	26.505168235555406
-0.08290580929008397	-7.956521682086742	40.62034301054918
-4.850491789822188	-6.974401926727251	21.688523818740794
13.212250459632603	1.2166499779777808	19.36738593604757
9.135741391952259	7.236742058399143	31.96504832278583
-16.699762841238822	-24.401047387771676	23.630925623142044
5.79280718828449	-1.153267987738794	25.82890613152282
-1.874575356988894	-4.090376553795282	35.87003873793093
-7.602394595412493	-10.35507371131507	24.14595472071588
-5.5958753674489525	13.04469770953353	21.750134160972653
6.4423742985076355	-3.707030777254033	45.04110784648205
-0.37042846813515695	-12.281340752069532	30.634337541184387
-1.020969276697247	7.689299735866145	53.934616058750095
-1.8207337684268352	-3.5976113081969885	35.82162220853048
7.255782595293777	-19.75315781403343	26.35427552249508
-0.38261154617212434	-12.623742970912389	33.341372446095676
-14.029546932991128	5.244722955231794	20.61265608639134
1.6375225199255892	-8.611586867884885	37.165125838905794
2.6681881747363563	-1.4215178495280176	35.502779372287655
13.68738045157053	4.202342706896754	33.819235365919496
-0.4912915009475185	-12.591829316475811	37.62704740478945
-14.317530855289416	1.6484895384612577	38.62165256066696
-10.703934221454094	13.028101588230953	25.764618956401304
-11.006095533866153	20.192014390873176	15.567557088998084
-4.331646093782168	4.814911675412592	19.833132466983535
2.0018033408013856	10.718481643516613	32.325689406025376
-5.7155109018986945	-5.145887894504346	17.43350729501476
8.68191595787814	17.432401633031958	27.56304754704205
-10.291978266720005	1.9446743957627497	20.736634918430962
2.1750196954250174	-14.905952344950224	30.807103324471772
-14.67017705877079	6.554905049633991	43.98308346438294
-4.408223642881394	9.013098005431951	19.477699969316763
-13.47153540686049	6.056744167657722	39.31636108900549
-7.037787411777376	6.200257182136121	19.00947918627976
0.9033808466953225	-7.1194059940047545	22.37731540311344
18.92889990808938	-12.929011958051092	25.19950143794231
5.209646681521239	1.3121652540675055	27.421710403331705
-4.2701856564307485	3.4283847189336414	40.0389936470982
-6.540846628351189	0.2410449067090209	26.69380354852119
-2.112172597739592	-1.222312323427463	16.745586434969457
-18.00606390452971	2.6782687027589818	14.962102794453566
6.411979972471682	15.968848577014406	20.409850849342774
1.2222107075961466	15.815611717404565	28.855369918165767
1.3870163022743685	-1.593386670985231	21.039558198415357
-12.535404742048845	-2.5646689109604197	35.26052802796097
5.88695295281903	-11.052391321292905	38.38927589555957
-2.6280118167935314	-5.999511749817791	38.398787223298896
5.315474638384861	0.5964533808887186	46.5402003578156
5.976968752658878	5.567456049640581	14.992501593466557
1.763302734453434	-11.343230172588875	26.970620693421857
16.433097574804062	-0.3428992345675655	25.658781517569835
10.508131769223784	13.990478551672867	30.411439143535777
13.901444148373896	-4.311594816771197	39.392727073073615
-0.1676320343705987	14.144321310642692	26.616906119593907
-2.7985588723913564	-7.085729816659796	19.749522072737726
6.619609374198342	8.476678583018865	0.3584536389948987
18.116203511825624	-2.2462880344507026	18.619414672346146
5.792304823990936	-0.26143082575980203	33.423566371481755
2.658310178419601	3.622090604432466	-6.550157732460633
-10.456651558281852	15.336496982634086	37.43888470624769
13.025588951517408	-4.953489944903374	40.057270207692305
-1.0593657288391214	-0.570283975018283	34.44055141273303
-7.612608025941594	-19.101116940331593	37.401153778905226
3.2210351958435597	-13.554983212905636	47.96347751564391
-15.633867968082555	-7.146428607515947	20.18688023280582
16.738253353461268	-6.904828885971308	40.67826007170051
-2.1399217117191953	0.2330120075746486	30.119988253097855
3.2039606854615386	-9.103439468913706	24.584030784768835
3.801113146786479	0.8981424687209154	19.634497131033118
4.334485099658409	6.0833570177870735	22.86152835807686
-12.866867030470331	-0.00931032723461218	51.75167604408463
-13.864238649141464	5.884638250874046	37.180812210504186
3.5816660814554524	-9.55854129590751	33.695866773993274
0.8594503929892847	-18.542661790149392	17.24853777300428
8.210697971354058	0.845359000937294	20.689961866486605
3.165826073274569	2.5150760582023906	33.38318581208778
-4.367454314907081	-8.860748923361463	22.728113370199694
-5.358001842183207	-14.942714522446776	27.757734086579504
-15.118094189984486	13.274562566862318	16.831448628445877
4.757713484690404	11.784704620141085	25.945519708971805
21.471324347428705	-8.797056417760277	41.2541645575221
5.499832594516915	5.786607899843347	29.7106611420757
5.477896798716325	0.9659464720820623	39.64485827409796
7.579628746087001	-6.923288159113387	20.64292746874557
-5.939195202418373	1.959677583071262	27.92071407657853
14.331808799750686	-6.0125827064643635	4.763192113862516
-9.191696678991825	-0.508053412080129	59.47719188121121
5.101684578370267	20.496222969125498	33.66322135271124
-6.989926716439103	8.65795749767714	22.324431915403224
-1.2578512360621876	10.040298044072898	17.408457002449133
-12.593763369880405	12.55102889373886	20.597065660774692
-2.3122740085868494	11.445902593336744	22.981355792299393
4.331502675603903	-3.8285053236118443	42.73414125738448
4.1645113551158115	4.758126853891638	36.359522581288594
5.152291910057885	2.3289785523316073	38.481950674313005
2.034432032214803	-1.7994948851965913	32.867994182415515
9.801633048077553	7.645010044854542	24.66997553061305
-4.110916736934676	3.6090671360945654	43.29807605938213
11.691612724855947	0.6164540057823303	30.282841905793372
3.230718864032668	-1.665847518662336	27.35222790237011
-8.172925336102056	2.3949485451480754	30.434515129123707
-5.232688136186281	9.30023481593877	36.08413161502515
11.897762501521594	-20.34769266349943	25.309639517235357
2.7487746083599247	5.8926637223408775	31.48808707050157
14.35543801499481	-6.489896948646161	28.328909925175168
8.59510558294223	3.162657047389775	33.521427411420404
-6.532403566378648	-0.08813107620622826	50.3919136463151
-20.78034962479828	-4.761404526483522	20.08965952159203
-2.940791272958165	-6.484827383403161	21.02602586648777
0.8413634825010108	1.326893020972196	25.0450215966919
15.091039534647933	3.5515131923514254	2.341940879388872
-5.035799871886258	6.0648655129782325	28.641303268999856
-2.1601088532133534	-10.394780015450479	25.499798030098674
11.729494822994473	-3.8514766689803532	30.64344181946821
-0.1516061437948303	-9.891742490705209	28.773198272074797
-5.914159405998137	-0.8248655035319962	17.834678020562457
2.34461619719221	-3.5448479443330747	14.054246144391524
-2.1291673917824423	2.468874425520684	32.70157905083298
7.825908656294978	-19.668247689130947	38.04227919970266
1.2997828541541165	12.84221735979358	34.187417064887306
-4.262576958645324	8.9089409546076	19.651372028542582
-4.036795926832072	-9.614464957327636	20.498987167826662
16.034179660073676	-1.749693425906388	18.493966824247657
-9.52380220943536	-2.631516613285708	19.911161119194603
7.905242911189959	-0.5174148778207558	24.377711389549006
14.25178565523076	5.905535670426297	22.071612167373374
-7.967450359731604	-30.701186958347947	21.530948068192128
-5.784395159175821	10.883626318513418	15.509952761865883
1.959147139302158	-2.5471444643077246	23.85275992057105
11.916791893468668	18.597281127381795	26.507900331157455
-5.150868568369279	-15.110804648486123	38.3579015106976
8.951232616218117	-18.616432823703157	22.240747151432352
5.2662325038018745	11.143283507276998	40.14934625084984
2.285364941487526	-11.67099247926111	27.987441896492943
-26.013903032681057	11.630393959678065	20.167879100485905
-1.1059904033157615	-3.5189362910675377	38.04743733032731
23.359912539793942	20.485101446117024	22.58924938966453
5.2657846817562195	-17.089403572165825	21.478755178055607
-13.433058018001185	18.001283636036224	39.19998916800505
10.391815809840635	5.765820620059666	32.167995087141726
12.370130571418859	-2.090832843238365	18.037048598773012
-6.908819241020319	20.203011301063583	35.67087584001663
16.949843868697315	1.240290203462349	15.365701142479386
15.780413074003661	-4.820537336586209	48.76439826847087
18.550859647103287	11.166281547484827	27.0508850995658
-8.82891251535977	9.698532432262398	19.51307366112089
-4.0358982247152415	6.675450737672966	28.77258105336572
9.45087810794385	10.372443744699014	19.472936050452233
12.051654909985192	8.019834867293504	34.12260316292285
0.24975346929405592	24.15467395844662	31.138018604200404
-6.932776159027181	10.762867032331462	19.01429641789341
-10.983953790466114	-3.9041621503892014	20.583892849377733
5.800314237448825	8.46125266371844	34.759502976874366
-4.511876924734324	5.019599964877937	22.72966759374502
-1.1670572333082476	5.723482075777318	17.63635943114625
14.759107479496766	2.916135152271482	31.962248290941815
3.3972975152984626	-0.084415277305237	9.363630100579321
-11.591624087256282	13.806703936064384	28.830763187626165
8.214016532302995	11.767526895140792	31.53031038248782
1.6738652139561248	-8.04105132565441	24.945758553030856
-4.432161702182522	3.7150095569100556	49.22254115055804
0.42836100588116044	-10.9966401579583	21.47640663153063
-3.609406955021244	-12.692440634807783	46.285359754199156
-1.7003267075067086	5.606654658199791	34.6136881661656
1.6917996563237123	-3.4373063432362256	24.16662470258049
-5.1512206423704265	-7.217053120066916	10.872746247518343
-6.791608674773277	1.916361276010638	29.552696634175568
9.738561372490844	3.9496088296125453	18.045685142950337
8.691507504304305	9.539856611807005	17.605456870626636
6.11987083216353	-6.183731977501753	24.31914981701548
11.161072899125823	-0.27952294157622376	49.8275329005043
8.677464538018477	12.447098669159182	27.85826582533728
5.030066420886819	-6.0576900780901655	27.884981273653246
8.768569037022148	3.0373296971606085	17.565077572576484
11.23694059780918	-8.553841205811258	27.823588308016213
-12.020240967489098	9.395110825393004	39.40649819823298
2.647626860821451	-6.5088450335102985	29.544520936768013
-15.044984116673579	-3.833549999181395	34.07404773361968
13.78060684500937	5.385743939270106	39.837448919560664
-13.263375250281499	-4.370991655513403	30.224359367141936
7.680517661655503	6.402663630753586	32.31706844403165
-11.969995876202002	-3.011521899001065	36.85529663722764
-9.242809462215952	-3.1162027626626103	20.691029874624263
6.169067838169654	-2.7342006010322444	18.50895824514126
-12.36540951358263	-6.32698879743021	5.8535606308760855
16.971956912814402	3.6874555619817677	35.228598092973506
8.835077096453253	7.630960647007631	37.175641019951726
10.150957054356468	22.690506297862463	23.7554308620338
4.7845278556795146	16.169314616708114	37.14267205608654
1.5039073429818692	-4.35911741472208	31.250006085236134
-13.003906685185939	-0.9627225393677774	24.343504938351302
5.707222931407937	6.199984676662601	25.59228660838099
3.075002237287508	10.168860491590761	43.55247183569325
3.2507114571462674	6.695869867611615	17.98499258977921
-2.331024579471657	1.7867345968393238	10.20809835295579
-3.286493141826245	-6.578499033101633	7.590400276838835
-18.349444834267686	9.271265251750984	42.88739479034224
-4.2492857578467325	-11.100074560200834	4.977499013441978
17.10937465614289	14.81391886626329	29.678589823592198
0.5389224494087518	-4.901391554628526	43.73304677992999
17.295429781327044	-16.928627651378754	27.097583581745347
16.83865319645176	-6.291032191446631	28.560186300209153
29.391153200268306	1.4921505101048158	22.51943771469152
0.012865766384235486	-7.26536406460081	26.240928184169103
-11.563837170133663	4.523017168795972	27.784352293465894
6.825257583976666	5.286935703890566	28.812531582037884
9.864012236400562	-1.8037938225904329	26.159075395349248
-5.616304190073052	16.606845702421577	29.316444370642493
4.811346948947807	-6.129598997176259	38.40900465346189
6.865615435812604	-1.3382981926097395	25.687712792827565
-8.669179170568622	4.75157386640394	29.518097348873354
6.050228131533276	-5.887503741404148	15.12296619242604
-7.460805360881509	13.782541764211837	32.234862933683345
-8.12238129048429	-1.2927423688282174	11.639111942178292
3.5765677405185508	18.305880167522414	18.6433989214189
0.44316172980385693	2.0143640362214965	30.89045122214229
-4.982831571646484	-17.648874078613105	44.1246136998905
18.19939807211836	-14.054410458378568	31.847209193069197
-0.40515185563892137	6.723387431797852	24.186412019058128
3.91669871892322	-15.124391854834707	32.31873107053636
-8.219328922802237	11.179508711082784	24.807453518712926
-10.631211156473345	10.728876773267313	21.00950510176778
9.458467599807555	7.576587600628581	22.580639505332734
9.167004007774947	1.1522740343142321	26.322202750757338
1.7231749433483063	-12.735170785612741	15.822828404175663
-5.519876646354884	18.899110833292593	37.52191412722682
-4.6032668587501036	-4.666758118689884	25.043881951815003
7.261620040170542	2.3932545132377148	15.242642953070632
8.435624307857015	-2.3128234522964815	26.17640221467919
-6.9881802825878765	-11.714759606485101	11.776745882891266
1.3878055162329206	14.902776771103213	13.953567896286794
-0.5827160344256052	-1.9516282076978377	43.80831453931414
0.7259571777649354	-10.875014683266455	37.59764173875601
-14.421701622360052	-1.5620038042707773	36.1011746444337
-6.288706743263452	-24.212846847023933	26.71997725326562
11.717069382463688	-10.908561358116254	30.471364470695132
15.317439198176004	-2.5073505532399194	33.115922270992705
8.00487459464236	-0.09218589008488437	20.269540180249976
3.474587360095306	23.240987078216442	24.792109065290596
7.349353228627122	-28.64661633172895	33.91139423965591
-2.3332860528045813	2.8814044214692163	20.1644971062096
1.56565900334901	-1.2760286389165763	18.19509404714287
4.08563441102113	33.456306736504494	43.17078793239088
4.432212463948025	9.16397107875406	33.39415743687083
6.912868892883265	-1.2908788100489534	27.42654849564655
13.784964918458867	-19.868373986087015	37.27296123470195
8.0492977336243	15.49592377285882	46.68867962955938
11.078548746408847	-10.708752391575814	24.72707955362178
17.81900181973808	-2.517235020390942	28.987134159039357
-11.642092740630714	8.57990940045366	17.885651910983377
0.549710101534334	-18.052354649834662	34.2132247949466
-3.7577014858686955	5.034505530471386	35.62266366695462
19.51452319021717	13.168527278863035	35.45618285086109
-6.299189822915	-17.14989980733785	35.27544902530739
1.112587894041617	-8.516113198375566	13.445222958760308
-3.081668542400041	0.47199230848216855	19.818427755027976
4.4551272516209215	4.945080902944632	25.402659755464217
1.8216727889901885	-6.800655139036503	44.23407240232308
6.285011682871573	14.89520442173828	38.3410887092598
1.6831989947414228	4.949639211831272	29.803809815274064
-4.345467724000371	7.365860259013344	39.690739081230504
-5.351199917498795	0.27580906798607213	42.260961460078974
4.9083154341813255	4.19782204012151	34.46080277788399
19.893985451191277	-1.8711881012688247	27.75741098019896
0.17181164508142774	-15.438566464060974	40.60481220994981
11.891553099480397	-12.161896335331686	19.176733456369245
1.5481890408290204	-16.138356280642693	26.191761660966673
-22.174833765370863	19.90253456901985	26.159564369048812
6.376825121143771	1.4136440605712774	18.769665825056222
4.294604212460349	-8.100879565589867	35.914609173029056
8.46467111102458	-12.181593203230479	44.018874509667796
2.5083944616330447	-12.542448135581065	37.97679069628883
1.5932803334241539	-8.757711423323697	26.850810202031173
5.109471914561359	11.510554605045794	36.522336140703075
-2.1007640547500013	12.300801351816022	36.610717500141504
1.4351427440397468	-3.180899879755961	38.78024734468137
2.5416167639708926	-2.779777542048695	43.406041829657305
9.962874740192794	-0.4159528228109467	32.379586130369674
9.535507695414452	-5.103846914868026	41.4080584142789
-9.705709014912971	5.720738529714556	36.509663305611
-16.06358632560452	14.113532417795614	17.38231385534076
-5.124859959946047	-13.97873082591894	18.10668276614787
18.800586441545633	-6.703554983896696	37.73077966435676
16.42121928287968	12.644538206859817	40.80051676825161
-5.5025472954790295	-16.158644722745496	13.48444758902064
0.13599356070567198	-8.705178669931353	43.22990595440081
-0.5789037412990725	4.689534167291659	19.53673183447978
9.06807376203799	-3.0003271981665147	28.955933989607335
-8.215697991531147	3.971096242502189	28.024083629785192
7.190653400355707	5.510278330849867	35.48635253171069
-4.217709630211943	25.469488151820883	31.677770769053563
5.973640634836274	-5.342542415826196	30.670793972033167
-19.44181776529363	-7.025520982968025	36.13188168106191
8.454205768172045	11.009031267764637	24.569617887963485
-3.0615045089537176	5.095379140901831	38.488480061176816
0.11677842039739823	8.156452710995515	17.363907922901696
-11.554538495606678	-4.74389073282363	23.29657297404091
-2.616461280741467	-3.911371028180757	19.25880916556997
0.7074463256620869	-0.9420243114374003	30.542785690931908
-22.705455892791427	-8.466042855965561	27.79698278409509
3.2267176734648433	8.21060087025403	44.802926213176605
9.239182535900571	-13.001812683323061	25.67886326095679
-13.002379909082617	-10.448016593172152	22.127975202514
-0.891617572866531	-1.5630957534942582	35.1824191348982
-22.7197032836027	19.76370919668063	40.768352348855146
2.1736483612463253	23.49227947774379	49.69539301156529
12.106866021003038	-2.409088635766685	22.3585291207729
13.362968073191308	-4.006470639485391	23.752660521774178
-20.558929077823336	5.158648864026151	31.907068958188837
-9.668777641996085	-18.726141028777903	19.314578915553817
16.066890870129725	-5.64997408512399	23.713463496170927
-5.576973680833241	0.6068632376220321	9.439496472274215
7.967378612127268	-6.2281216611896495	32.48505807517178
3.4358494802675557	13.106896577800459	28.28678254310951
4.926795313342126	-5.096337666328137	32.60625007208773
-4.054910494347012	1.9593599466604528	7.197260931065436
-12.320402526507463	12.333197265681468	21.784411198463538
-18.504616579391662	1.2631874108136154	37.90602732717065
-0.963082881433801	-3.701695061334865	35.25066400086379
-0.6532534348185801	7.1940170093127564	22.9361659634308
14.299865921426907	-10.875836696445838	24.54737285164216
13.456877889596191	-2.474938001691668	32.14786923698858
13.154497824773664	-9.563058204340814	50.035273963405686
20.576729577168337	0.17234070887530467	32.2178942809064
-2.7306228890541204	20.325678929599324	35.68559529568614
-10.214238645410854	10.242159474593935	8.847073036210546
-10.607633075038454	-10.185921672837132	23.661898513408467
3.137604223301622	-2.4462589271359114	35.39521663798023
1.717885855575293	-12.29323975324603	36.57141755070341
3.1437320277425984	-6.638290517531214	43.32473182444847
-9.292235375654624	-5.215282812063259	12.938883343186278
9.83044059240711	-19.834294173660446	22.163910476251232
0.9989393425871991	-6.282623626035543	19.079495556774226
-0.1963530926241268	-10.57617260737063	37.40450108103428
-10.435620507168178	-0.11715699572505055	46.399937172502966
-0.6102021360255433	-2.3948564299135153	23.675239075195332
-6.41319121477404	-3.414626631688163	20.156763463892567
2.4017474937636765	-12.895569563191643	32.90139589897846
0.4327085879838347	-3.4653639663696607	29.682460624202363
13.636288503241481	-16.9476172046421	25.531559746116997
-4.24124649574243	10.549344571007529	25.791709906635298
-1.6668829836111476	-6.998528308147146	25.61193193740875
-6.123185080884466	1.870170999739782	34.76970667173245
9.196568505545534	-5.2515144825156295	12.489506871375848
17.400990142231276	0.8023782470798553	18.795056133954596
1.9887263929762518	7.985839504500317	27.55370326657125
-8.867835560028567	-0.808048047104752	14.130156846286344
-5.7913872376618505	10.127551510512243	15.277847553042987
-18.770156880005445	-13.557145854570114	34.43261242987444
-9.238652826074496	-0.15695812330552755	28.75812064124325
-14.271598246735968	-1.928766555161464	14.422041803778662
-9.924832800261093	9.57329306070094	20.914524641215568
2.064404216878211	3.244507527408918	25.12129147824594
-19.848623333406216	-17.279582027191672	40.082084288138546
-13.969005801608612	-7.870247060014973	10.066874136521964
-6.399092821984121	-0.8140255725427334	39.46007699877282
5.6476923709424565	-8.724666634357375	23.483974744965312
13.354021290984319	-21.35575748502971	26.032710073120672
1.2159854796706573	5.805586982285113	25.934882214762403
2.954530521499181	-12.9963374564387	20.74939713476595
0.2507794785659549	0.035744036148945287	18.49169793248622
6.965447738962921	10.999888736550838	40.9820769897892
1.418577168327032	3.9905009330614867	9.572268604519138
-12.289832205211333	-4.149400093307792	15.797543761255536
-11.65325545795086	18.825548412898872	30.79970723765299
-6.456729790759054	4.984352514640201	21.779280902295746
-6.34331299333284	-1.7567334475088092	28.833578072266018
5.734393328268739	-3.8121197720397637	15.520756791472916
-10.73752080528231	10.16815096689211	32.61087217411041
11.01252904725315	-6.894225293862761	16.956098988944966
8.522728121438874	2.769766457483211	17.668215452154037
5.9278227360455915	-1.40258576167198	10.726591482878572
-9.520871769270098	2.8109362279150134	23.730008121209572
-17.8903922092796	-18.92969063645504	33.805654338032284
-4.2979765880589245	-2.8476373385622518	35.228899655277395
5.604220172110405	-8.700485606298958	7.97297497517642
-25.931933353632317	-3.985768794781661	22.9625665642405
-0.4405589980926464	-3.462722414320647	40.38976963330052
-0.431791763116374	-0.7631592349248195	30.525541433083742
8.967469243791012	1.9475063469590317	35.41528818920361
8.506095016328898	7.91178028767435	34.950494874690634
-11.54464986425886	-14.07295812217269	1.5026848513790725
4.458508194914289	3.2464182087938016	22.263823713375388
23.209782086530137	-6.1220656319958975	9.773764471499053
-9.144718827835304	-0.01843725854750013	30.237394877290807
7.644983933798281	3.5325693367575575	24.36921505785876
-10.661204618364868	-7.132144735386082	10.61086229951217
-0.6741513579726301	-2.4921862831481763	15.070124598954482
-1.5736151442110886	6.459981922233031	29.06909361552929
6.372579514787323	10.756600014482324	43.95053367087679
3.8599220417195026	4.869161490098682	4.1001791233871
0.2147046309471083	-0.34888276600629675	31.90167514761708
5.6288737647476115	1.2565283714846476	32.042990976266736
-7.741755230227625	3.5196892474564216	48.42037883684526
3.7185957168218877	0.4295296403575399	28.63493012579072
-1.4877944486923007	12.181454523863808	28.125389525871803
-10.6616292597009	7.0619594874751375	29.015371632548543
1.1883854922501857	7.537672881361928	31.131648653052753
-20.39614468231029	-12.593433974238984	19.540325148151044
8.422259494089392	-12.893725077854112	10.4317889966288
-0.365298978915155	-1.8431375231925902	14.786829371025354
6.137957617842643	2.7038273812664415	32.713611911189346
-4.577877984056213	-5.05481209682844	24.199298678866857
2.667502237510063	-7.027215716586593	24.919650484922016
-4.802804241065786	15.824652474721736	41.61091357093137
-9.363760341146547	6.754921773946968	10.005218781662766
-2.8072238671237644	12.72165646201395	34.09814051690518
13.204668870355258	15.631962397043663	18.600825900727116
-0.24062182401838023	2.2569494539845163	36.36926719832509
-3.1580178346522967	-3.1466704754246373	19.015658185137866
5.9658355205333455	5.120648087211842	36.94202972925842
8.590513102624914	-1.2019487763830254	27.557424833837647
-7.614122064150487	-11.945794846080604	31.268750540748535
12.026681158795565	0.31714329525632445	26.002552051134145
4.2404360546898365	-2.145254635020692	45.38073975217905
-3.97905234038807	-11.839903708691011	38.10844912193515
2.0483145161516667	8.552284167783666	18.35411381736317
-7.338259290228576	9.903249295299869	17.262262980853862
-2.4297344195366097	4.535405160252857	23.010402207660903
-16.695299144425977	-1.8239738207543823	19.564466444503232
-3.822230989589652	12.639601603085177	25.903873042540624
-11.108139524786187	-2.1723236342838974	36.42428243486784
3.1747230579316037	-5.846699090942348	40.83978160863502
3.002359778960507	-4.145970249055678	35.64883733780401
0.1070223092998073	-12.850745178982507	37.912527940239826
-6.9930920080684835	21.25448549062414	35.18513982845094
-16.180852709403485	-9.578322539644915	25.515805081011056
10.436504424606659	0.33390878949981245	41.692509074418574
1.461173896552264	3.0270585183982535	20.84616514733095
-0.015302856121534564	-18.052990642795482	30.114731999716227
-2.3587007892235192	3.2808638784465707	20.590397467288245
-2.396127175431314	-5.579324410866046	22.122115205528413
-19.399645643579856	-8.19657954136532	22.746755560274313
2.476030939599979	9.981475478186134	19.65462891080876
4.29865906610773	9.397026005637736	30.60917679347319
-17.45641364136867	-6.801257317851662	23.46634566868157
-7.226141008141229	6.288087254309388	18.162236761737077
6.449788383821665	7.836362685892595	16.90235619806881
-3.790791185792876	3.307327049348258	37.68278864266641
0.2202191799734749	6.795813713847486	20.932002139718207
2.9915666770521003	-0.17920597537176067	29.568299202578654
2.181530064346143	0.22871371536681184	18.87096850368722
2.4949193868915858	7.999336525381678	11.037370560998987
0.45873992312930595	7.7580473313892035	28.36277446035375
8.412892394371806	-1.0272927614865797	30.018144310249944
-5.487741665900848	-5.399437505689132	24.164574180508534
-11.854370066014784	16.310330692710583	21.860376684894398
0.5485596130630361	6.296564062907166	29.847495255075593
3.344382827265874	8.28173828729028	23.673673650682844
12.584794784939064	-0.06545965400839754	7.69584215797855
19.269792098728654	-6.647082315440359	21.642341002648777
4.808483655378298	-12.677378689276338	35.20159115254318
7.312185684459366	-0.6065016625659424	29.52236836589762
2.2606991553995686	-17.94791559438925	24.610420827322436
-0.45059338637939483	-7.041627209283404	22.2642910593692
-1.7508744695632814	-17.18635761564553	16.796310396889005
-4.099661910323371	-5.643595598363337	22.532853667824206
-0.07253773929782281	-8.182336799348187	22.53927271883326
-11.213885735864984	1.1636231599680373	39.28370333715231
10.996522355585975	6.66723902154202	34.52012674019353
-0.8723811567057761	6.709536556036438	29.26051072394346
-2.5616359546601575	5.484229760971505	40.494671499063216
4.723253721052079	-12.210413667287165	24.093713891624223
3.033016852523703	-9.49852006376371	12.097761502392395
0.3941898363749976	-0.516961775273125	29.303453568255268
-4.154000443899573	10.819817167401292	28.038970867692328
-6.2725069859742435	-5.167635414879462	7.111033935653566
-16.656617798927336	9.219618262354498	30.994305377255028
-4.433067750653236	2.829777026462432	21.213109902718625
0.5866069161350276	-5.08675533404322	31.52862033258511
3.4502231845582894	13.35012243231743	18.925415464905154
-9.568351619505567	-5.7486142690408215	42.654721018575856
1.521400722809447	-14.080269242666965	30.750409233134185
9.829370530424738	-6.253465084791018	40.9998110667711
-1.6853029754274953	6.180852506512807	25.259869435374828
9.457039666009312	-11.320674252063432	10.50212188332345
-1.45767383289543	-1.4798885779801414	25.853314154064424
7.114959927397573	-2.0957121562989176	48.076021421943366
-5.431186516798478	-12.081255314481778	22.949995008488113
25.995079821400758	-9.122539323250699	16.788344533006853
6.782545954588185	-0.22683456984359812	31.68534415898653
-7.465809611525222	8.332275282864344	28.194848848240934
1.5013015599249666	-4.434456226488496	35.21477637760027
24.392241651123733	4.588530296408296	41.56096582177529
0.8184833478403091	4.179238097852853	17.62698013803167
-0.8462862773232485	-3.425389990153212	26.24450635372276
6.897290523875034	8.29532502410114	28.13871463339654
-5.441663648201535	20.57429406731373	10.98696947355537
-2.300185569376643	12.988846302925957	15.271143002079183
4.695781164235947	-5.635064341577117	13.895465724391864
1.460191323050901	10.566763029805939	28.97818654098979
16.543691023006218	-18.182926293066476	28.334123334372354
-7.153522222743645	17.770878707383723	42.91144639758604
-16.96733920564269	0.20576733593340865	17.269406877854788
-7.4907943103039365	-7.93231932988176	22.951164868670602
4.112253056070129	3.1322643810049544	18.895709871008506
5.094288224312784	15.925540888385747	33.57849874558863
18.894006358072293	6.778320563345154	18.633098970562585
6.318445333236263	7.470107907184623	15.833365065634899
18.685022308314515	6.027146564615144	35.79064794062964
0.5046199635610158	27.5995763632679	32.193928233106014
9.430623863642008	-11.526125778533395	30.939693023351982
5.590221696424976	-12.924929005151355	6.156876469625839
-2.1820754285383703	3.2313768017013773	12.142601582486066
-15.715738256936916	-23.658346087813374	23.18328782239336
6.535668128470194	-5.304087273750162	42.234073253955785
5.121346323157626	-15.599106970822824	27.448517807420465
2.693517913820122	9.985317622106287	7.7960643927816164
0.7134928424650779	-4.164840788997843	16.339799803300263
-5.424232053961873	2.413177991758278	31.583819384005707
-4.1534841939867455	-10.671786934193708	41.98817586423435
15.597233722851236	10.022741562133966	28.051346302419716
12.640471677863847	25.726709101216457	30.785168404333586
16.251143683396567	4.335967806611273	38.632656561090045
2.302491490768442	7.182521595664307	30.686639533733207
19.445677364254202	3.695411912455919	32.38292483039457
1.2804485507240757	1.3125906642412888	34.926473786844724
-1.2196580125505294	7.460916001529347	15.470298445565572
13.835459428868974	19.9870992718056	5.804811590134712
-11.408542047692487	-3.6752723781184122	18.333264612469968
-20.584415154888042	-10.93887597914016	27.57711174536157
9.495296641052056	-2.894780930220398	32.512679796278746
12.938067444892997	-4.004042191349793	41.15279100374204
-9.096671342346411	5.756142202384707	23.046253373344804
-25.678192970820362	10.722774187452512	24.310627493175424
12.259312049371758	2.7332223273653744	28.972544035751163
-3.7769400257440306	13.418024679536785	31.99765136714715
2.9489792978385836	0.07131195562912478	37.64145201781786
-0.13035218225641676	-0.4432669397151475	24.531974411495163
6.730557073966734	-4.307784187568244	23.290209638155005
-6.012664538178026	3.13707119981253	16.85971445761511
-5.598864924038601	-23.326779314987238	17.11588801806227
4.32294514003115	14.000422688884594	27.4667353945672
-3.5432410245203947	3.213492394303828	18.51941969875394
19.247575961987216	-11.142621101691905	19.108050010252555
5.48766361054109	-1.50374852768666	18.58447277038778
-2.6023288554505584	2.704137650630055	7.60215394978249
-8.697757925456528	2.432347447264913	26.722527007500986
7.408757389595201	10.207904083286582	27.914595345116073
-1.6481536811265016	-2.977563834348516	27.730532118276063
-1.4055352213717212	25.238453020278804	25.156265163353822
3.8006842276215997	-2.4809838958891777	21.156046180552035
2.5447840585022616	-2.1805547032865213	28.507797061364588
1.8329154914399572	-6.575338650535212	35.3102207671767
-19.424883822035557	8.054848816823634	21.77071681623083
-6.3009355374993214	9.37369777757949	40.27855142270408
-3.4694555250193693	4.595402284425839	24.30749696319864
14.581898291670658	-5.825702584122459	18.766772082454466
8.52271400778176	-4.009828419249701	39.05304386482063
-12.74629216087247	-4.7630928280338445	35.6953386664965
1.205184839365401	7.296836509944585	29.42867439768103
18.086499952733284	-10.38617810283576	29.282560014138863
-5.729680746209409	-9.043658965051849	37.223546568079136
8.849077174868246	-6.245207520699666	29.00500407606718
-16.648837429860034	10.237811982075973	25.639306380384102
11.084808160964027	14.624499682083483	29.022153240869844
-10.168984970764761	8.486280632276891	10.897888087208543
11.696424021942553	-11.63018289992567	28.402839001176442
-3.187338177215881	-2.6819126766341506	12.793066124778507
6.366141078174109	-1.6306151940500984	35.86513189463502
9.485587910996529	5.691022528634609	35.53302253403064
6.030327325998119	-3.2959083577165798	33.46778816635523
22.39819436223684	-9.140038484864174	34.892706333052445
2.1391398729762576	4.158082113874546	32.108555081749095
-2.3176512153753843	-2.1219172780259816	50.771803106297924
0.6471294023480589	-0.313363075376101	39.9520661601953
4.514035453516176	-7.5601363511940365	6.874225597820299
-15.33955789439564	-9.927499437065707	23.640889820222146
6.150290294102722	-5.271104654792854	43.34463253301556
3.1290008710894384	-0.6601427477089132	32.297330787164846
3.4130270554135715	5.422680416357224	38.015346132028945
5.467220013034125	-1.17394095102916	13.924662541599268
2.409169668758323	11.490382216755018	32.74584202780768
11.082987488904397	-24.743271018402243	22.595974015841758
-0.4521183198919199	1.335039972137004	24.692389090305817
-0.704721142327547	-2.5825603250485427	30.111715957735992
-15.699435256217981	3.714759780138099	7.852658941314594
-5.94638612566155	23.78237849236923	23.916670847317366
-22.2943802859864	-10.157882029715829	39.09910240921771
-7.448009762709072	-0.7207095869932183	22.343036857606236
10.477956842835033	-8.476581207224253	18.738629336610252
6.121952827598625	15.24677327186405	26.047493015909374
7.038440228424254	-0.7886756649705201	29.536333159632374
0.4616779966276671	-19.09554597715389	33.88812823655541
11.44312862592167	-0.058904142738661736	20.62803691603722
-3.8611586983977606	-9.932612310449677	18.933568310243864
-3.4274936032903898	-5.927903340647295	32.36953903200224
-8.249903291234741	2.084315224698194	29.595557923954594
5.5509934810343	-8.989384825373822	31.561286296803644
6.274448823323528	-9.28849586655581	30.46286907507887
-10.244031913405562	-9.873756020087804	28.573934556641706
18.618681341455133	6.9154528947562675	23.020001282869437
2.5285159586183603	-5.377409120384966	14.932679390012485
-7.590647296849427	14.129139811068265	25.747901334851917
-2.974299950294774	-6.448900813570124	17.560402246470467
10.744211216105004	2.7473252610462757	33.616221826288104
-21.751840961719875	22.508967715538247	16.369795090850005
4.304294717927849	-12.596596177468946	31.278252753214527
-13.223155082235152	-4.935565821116713	45.533155841992354
17.897787475230658	-4.286072287471631	11.90270474551053
-3.9184548743395857	7.9750101593101945	28.49077475751803
7.840033923553163	5.156272489384689	19.38317744499987
8.79487579604491	-14.47403032472105	39.37991877441806
-12.492988201303826	-0.8739480605098342	39.64092385874669
-0.11937127734091765	4.135677269758019	20.65466388822354
10.909648390236981	1.9071000250542138	17.04854728949943
1.3149942117497628	12.76550353596404	31.468792323074602
1.3521898514716837	-8.025432020666553	26.021699944489647
-11.631447228129394	-1.5189145602526448	28.854741168399716
2.160313313211088	-1.362755846381349	41.55383884872983
6.660814225430734	0.8234499167054571	48.0512219433479
0.6034698757856037	16.430898514923285	30.89126496920763
-19.255188973047154	3.27820216615518	44.77536030339746
-6.3703910835266395	-23.0179700170726	39.71340109178584
-8.833051655346345	3.463166823925815	9.275270167925168
5.949134231256156	-9.310573031558993	32.87517430263904
-3.0162095009813417	8.264416473628684	27.418944321853072
-11.020238757991835	2.60282724920832	14.454545749868553
9.702401711783933	8.681123094618618	20.050215540109612
-13.033287026309786	16.24384554122299	32.20531179171805
17.237102177632405	-2.5925868884554593	19.41367624173147
4.840862623570765	2.4822005782956076	26.577595570561055
-2.0484706027551205	15.208805245633181	16.057056563489866
8.63807807456692	-18.210277053248994	39.547578098666804
7.985625632449514	9.258150133147161	18.158739079387495
3.1522499610008374	4.6842193835580135	24.856751194969306
13.923762585885513	8.275618980769808	13.456413483191492
-19.952041897572453	19.731017384137377	41.06425564332778
12.71838285388765	4.552217558960532	27.202647637771456
-18.078697892347385	13.043528111256599	32.89006876362044
7.19176112480076	-4.903415864320795	23.265526435324915
-2.0588479736891365	5.183451371739856	37.68882954717475
-3.5198329924731353	2.3374200923803006	32.681937987464536
-10.7288168255597	-1.7772586165790696	28.180983736605313
15.977792588023922	8.949140880867507	32.51171193807511
-12.876880480256816	-3.6540425064628494	9.633404735390261
-5.213696738368856	-5.744075767025335	39.311198329538044
-0.20034370562132303	0.36831019459474507	34.60651887611872
-0.8980570663843221	8.652942783361375	-1.13370464252667
-12.335096213419444	-2.510995219925472	46.96267694790974
2.5200484740607005	-1.101576355406495	5.600585023033521
2.2631677360141724	-11.03051428703868	37.47648604234335
7.142145001048209	1.565424907230909	30.178450648766407
11.40089263530884	-2.0515375755166696	35.47033150040839
-14.072519662310887	0.576502408955628	5.9699350299037235
-8.619614505311741	-8.387693295517616	45.52450587189079
0.30371459006096735	-7.735255323079749	27.771746828391738
12.780153794066209	8.38913659725632	23.866908567768526
1.6440835611563551	9.497696971903157	38.33937901397206
9.354116470310052	24.733677838309926	38.54375148578255
-15.289583658094585	15.514839389776782	48.94278758355783
-4.026448902591959	3.048683733273116	27.54164157638504
-12.472087976137496	7.219074254081127	24.72536335347384
0.9695622074559125	-6.56543584073765	31.193831653815316
15.988103611915164	-3.2247164562781885	29.072581786895498
5.011942727454363	-15.040376384002307	26.037104771021212
-6.218816229922811	21.452338832306953	23.308223031642452
15.448557615295426	-1.7366967941990852	22.96918075919093
3.9910574236730567	6.019590654411097	17.00927560431603
6.377365151623642	3.2584470969984345	31.45434346511741
16.152964503836575	7.641428340151108	23.8835588574487
-5.957028719323398	-3.191043086536389	8.827496884351532
12.358675927062325	0.9682007342883915	40.38908454645825
-7.610659496273603	-12.789186747324056	33.69080744309525
-1.6668713534043276	-7.14789598525337	21.212059811164284
5.490688718700582	-3.844323188824771	34.7724940563314
0.2242525672194981	-18.782356474301338	25.587556962648485
-3.4107804539186515	1.4523933308422778	34.707666731872465
-22.058153684216137	8.698021729925708	22.65371709573122
0.2530260681743524	-8.485637404211344	22.381925480373113
2.019318083558275	-2.26382650206055	24.120233327222003
5.3712708363263895	-4.911829276271018	33.26095220459888
-17.334685660709347	-0.7219578420936426	38.8419280314692
17.87255383927154	-6.949118817228424	29.591847946705336
5.808686747556325	9.948391772858141	38.875721148438444
9.211678405113085	-8.947436433460233	25.1380240572137
11.208405215522887	5.193376587595853	36.99636067080359
13.342704071873264	-14.180138078522695	33.02823588704808
0.7442975627026948	22.605384353958687	15.937317399187087
3.780507101239967	1.0611105093566389	43.02848361846671
-4.957038524913322	11.628599295019317	35.633720291274095
6.382749880817693	-0.20735911341185442	34.25182535320273
-5.993968709022273	-8.783063508351532	27.225144846850018
1.739469856592294	-11.732628172830728	18.85760168372895
7.606567657885444	17.954469081820964	22.32743340365306
-3.3310672152907523	0.14373686033520056	23.838031158884156
21.589815277781618	2.6902903794899884	39.432330404271354
-5.041667383875822	2.1932210895573006	34.241277494416096
-4.084993920384636	27.372456033539635	24.65201966407866
-3.818146964877562	-1.608037635387471	30.34058252247147
-22.311969492722675	7.759592422615196	35.72993062548832
1.8908106970742524	16.073314780523845	33.821984436882076
8.156864571836156	4.546269029111086	11.524698317175087
-14.521435535834295	-0.7971257750929683	18.734739545642213
8.16744247637935	7.53151723555979	0.8214657890045061
8.867742022618025	-3.7052282173542843	27.94295536642242
-3.022740154539307	-4.339806806831319	26.636464836189376
4.259891061124097	21.11287226946427	13.248685992917947
-4.305053949996424	5.19229759524189	37.757941908195136
-3.443929618526465	-14.041083583511218	20.964914646832156
-12.041419173547483	2.57975542125347	38.8060666161891
-12.662302214410133	5.557332530490581	31.568250691511402
0.02215713447130352	6.695390587667582	23.769391194097555
9.15302544799092	-7.272431246182752	22.279382678900546
14.335583992683826	-1.500385836943374	31.6571886185096
-6.424685185511	-5.943875271951723	30.322997494469256
-0.4092295463638227	-6.856176382090781	25.941031270221185
-19.22730099873483	-1.5653514412467786	27.620131116090683
2.4878238820593572	-2.5108224523672744	26.94330591938735
-3.9942533893475893	0.9110655454676497	15.36137826422527
-10.095398576122019	-7.0200531847436505	18.143803199186497
6.038911447811825	-0.9418830439711874	11.927253520392078
11.261392584223533	0.0021419032120827473	4.911980888601246
-4.287010937717635	7.073765537289604	10.087188157938321
20.615878476853364	1.2184378173831243	18.690027869118047
20.957536688807842	14.402477876564525	29.201902076152628
0.045398488215224124	-26.783741054984294	43.078951933034766
-12.689030264588858	13.151061963875224	25.745916996798957
1.17269317525058	7.7598986712369165	24.696225193937014
6.299148979518469	6.480919204289576	20.150632462879166
-2.908460775437742	21.44881663144414	8.97696738470145
-24.060414043224803	-0.3443326240028593	37.25711916462979
5.2205905365403025	-6.990956137333946	34.92093399004796
-3.7961126209713414	7.402374856545499	26.54806874673861
-2.3689603467765576	-0.2591567845295425	27.113702343016524
-3.179591518977568	4.584998946834542	27.11558607092062
1.249382541992306	-8.644006611853039	8.511044453191683
-8.776427360101199	-4.753575389466935	34.83213892607456
-20.064737009801952	1.5721131475564487	37.12912653129281
4.748412187843726	4.157191189307975	27.359399875936443
-10.567175044409156	-7.342816893478453	35.760770661744935
-12.227477212470975	20.862140711896437	38.15980732339811
11.94332456832994	-2.2552361414866207	19.454244684208106
-6.148180975485044	-8.31731008200693	40.05265710738597
-12.40465286287272	11.34018017129025	28.658896478000234
17.883421126277625	6.2735858394202895	29.988905225833452
-5.170390216424203	3.1181582371386956	18.392293193946063
-0.5655827410180919	5.157450762413625	23.502250740765977
-16.68924010629666	-10.33656087811025	26.036352618129857
13.228649796864065	-5.02372023986561	30.118531661288475
-2.4093951925756434	-3.0411923258939866	19.227759871610253
10.933529103544242	-4.764537676083269	37.64219246311849
14.497936475631159	22.885236571703658	28.260842765101902
-6.552850825469471	8.147855843959853	5.210993525561804
3.723760957484819	-2.022870045036687	21.125325033865835
4.728163925917171	-6.951188809268208	38.42550194715908
9.885720456328034	-13.940688706335928	13.198847020225601
-3.8227084272723477	-12.374779628329723	33.508815199673506
-9.928931534420643	-0.44221275306333263	17.016056153553556
5.777916654477307	-5.786507177938001	19.365017406240053
11.457014785737362	-2.274678717786291	46.730477781392736
-8.552786786145466	-11.494970216137798	32.36846020592273
-7.564934470696531	-6.964057095611011	13.686313442172663
-10.554277613858895	13.340233108607446	23.26071361182967
21.61044866001754	19.41838499919234	30.70438154588021
-9.956003460181018	-2.4355409107604302	36.34122534995715
6.867253285606969	14.160238107633951	14.363022462189802
-20.814461416525155	-14.275928664252724	49.380831478956566
-6.594587531931637	-1.4553613983295381	21.73265934268938
10.995371584491505	-9.808373403095107	34.906601976226234
-7.751102632808186	3.2495555623647485	26.782536808446764
17.88900996293423	11.863158633306838	39.298218650781465
-10.003209308313942	6.43503414951773	53.556783967919785
-12.319247546547775	-0.4306757871642696	33.479007617045525
-5.369310179027883	-1.4206748528099513	1.5875777226802406
3.3074094269542758	0.9879575767186105	17.416249053229347
11.368419264204439	-13.230594772077215	31.103207400176025
-10.877323353723742	-2.8492478457466417	46.94335616013007
-3.529823191190766	-13.88288636928619	33.846377544566906
-0.6707380421380003	-13.4380226390956	25.441631528740512
-10.097713692280724	3.4336061827072815	28.651659309598173
-3.5253896392076287	14.641812155047582	26.48931446291985
0.041883039139913765	-1.4809567339195886	40.02998805129992
-2.302738166960233	-10.510141732976031	39.10670939510933
2.883513988762414	-6.111806472080401	29.78035081475917
10.675872440112986	14.075832935825915	12.133768225942276
4.156533622772199	-12.307863679225584	41.292839459614626
15.554871210141734	14.302748265027832	6.479866458833566
7.560721647343591	-4.585338903227084	41.92893622324873
9.85267472894069	-8.351816562011873	29.17200582627075
7.0086295736781965	-1.8638564363923549	12.037330842714862
3.7030026397815368	-7.186486270874536	20.022921664806404
15.090330967696236	-13.874930323262353	41.140486499098046
4.961937833371252	6.732232099431766	28.240522642667113
0.46750459557692603	-12.899494440519785	33.70077861470972
18.00052071757135	1.0304932327113907	20.754561137475356
8.134272161398783	9.633829552607871	19.244323214840108
-3.3264542211962764	0.05207876243097863	20.675894790060674
14.371275680905258	-16.787772904270952	37.202844474141855
-19.820652204115273	-10.57063132840377	48.755302158091155
5.069559843037707	12.588035238724238	41.485312809138065
-7.444162597322269	0.6825146862398013	16.007139178940015
-0.051927637836224075	-6.491163801099535	27.99186310822351
-19.340274846994735	5.040653592246079	54.57671527205068
1.3813910823721909	-5.342689973783043	26.934918577292187
10.075153478894418	5.894779145318669	27.88565927043408
5.94632591955638	0.24976906807901877	29.308717404598607
-1.0288258367190959	-5.081614363678929	33.25494089844629
9.88560464376069	7.813202873850877	43.60741312818179
4.248234645476804	3.1439754236693505	37.03861966256552
3.772282317680396	6.298707285954062	13.559497477316452
-8.668319383700604	-4.983645237373425	36.605754715254385
3.333378402476108	13.929930498132137	24.86167771794453
-3.2584834675901604	1.592065123860105	30.125021230833575
5.841951047122152	-6.0333339758686	45.83360992292275
4.746928668488632	2.2003407345817116	27.453076071685146
-1.5865696239381837	-4.145585946100777	15.807490329460418
11.736017624047172	-7.2607581229497855	21.46867747764699
16.718818805743133	-1.4675367307020184	26.537405725855084
15.181781555054744	-13.773544480422276	27.92624141210944
5.494431722785656	-2.9651330233600537	17.67221560356646
-8.239357283799757	-18.119228583451406	44.28819551261231
4.410523343499182	-6.816895499740867	38.58304416107074
-18.395804141859237	-2.5868269852598806	21.753370660830623
-22.213355546872343	13.220756043421215	21.40695359207813
-8.974268469460618	10.60574082164562	13.787914118939831
2.6247545379684234	-2.726864925245163	27.127600808851575
-16.952936940539654	8.067488147743795	26.421600596656745
-27.57670436778829	7.453166435074744	35.05174888698245
-3.638088707848936	0.3321859351438963	21.117330267227498
-9.706119270830957	-12.980359076520402	19.388760274978985
1.7646839315548961	12.18927592600039	38.75872812837723
9.907892315631512	5.5822902674927715	26.927985053438963
21.97108660837746	-2.9963457751115055	40.66385292946019
1.6966073591778128	-9.680027896960725	30.325751534557725
5.107901709243096	-8.392983006821918	35.92273369058839
-8.559590027123074	5.200983481198732	18.797371076149574
11.759278145678177	10.682030343737917	26.96828184186135
20.51370324271627	9.542199337902842	55.693893771132075
-22.870310681166146	-18.8021275283231	29.421776277753477
-3.111824664137706	-1.0015569945299614	2.6322258280085933
-3.572422253320196	-5.89867040810935	-1.2161607253933724
6.5468463882613515	1.270952415428933	29.95040317077349
-3.3512806054650395	-13.536807003547345	35.98599950934537
7.92859475834515	11.08108575438386	20.04330768980238
1.9193545470091313	2.619932813264327	21.598348842612882
7.156071795645412	-19.19299888051635	30.059058462226147
-22.468058597978207	-2.028591329942065	28.29112168554935
-8.207165266671852	1.9886727740117096	35.787064935609294
3.1482299621896996	1.3625939350096155	9.269153473380097
-7.971493788783466	6.939828748577027	32.5062965223752
3.7551141208883183	-6.233157900139311	20.623935213570448
-11.862729888356045	-18.43223442263515	53.10401737038259
-3.409418801482679	19.35263479001597	12.359070147422646
-2.52671394007417	-7.191216965509616	28.122959909673288
-2.5698155721485794	3.802655390519721	28.426888474240037
14.944961027692935	2.151317675950778	11.370557767362868
-1.4122256660424242	-3.21988379888964	31.50920040904181
1.150882065524006	3.7698796085290254	13.429127055195782
8.864820299591573	22.694507521712417	28.310237092101517
6.591528662369659	-5.029154862417212	14.790294109706538
16.345734594128977	2.63594627987954	23.697001976426805
1.5650958130175805	19.68449443078207	29.30779281282519
-0.212253647958585	-10.718120471563635	30.919754264071905
6.313649319771274	-9.015546948266856	36.030185791951
8.238712794663412	0.4540451082095653	34.15103602936363
-12.083811201175955	-9.508373910666437	37.90322528098567
-1.6523221246020183	10.720515732479889	26.35302343628544
12.216629859418365	6.273784241245831	28.29838143704125
-25.80571590910582	8.570997903857382	18.575315043734783
-8.01748456264378	7.771186845266046	9.244252424468101
4.441741205471145	10.827935091522756	14.323736515141329
0.15355455204503127	-1.7934832865827794	44.93796719874456
5.9064695462463295	-0.29649754835690273	29.939074794436713
-1.722430636338332	13.14754605867633	16.40840411643763
3.4209848011485633	-2.9101687547999915	18.329384026528817
6.647177888117407	-2.128419417479264	29.964789928479757
17.63882270377264	-12.9989447510974	34.77221331155311
-13.939679579228292	-26.47490738396185	42.7044319256736
23.50021267873006	1.9564914683423207	21.19577619780719
2.01086529125016	6.309121984668295	18.843109818862203
-9.936460765127853	-11.534966763018284	42.88640435810945
5.360009292483058	5.629319387945152	15.66200827037248
-12.102365683990353	-4.063793473160635	33.739096435206164
7.073675235412319	9.115942780303467	33.211066555437625
-7.748264208361696	-0.2305261849324063	22.69130054461932
15.329118106084556	-5.153244843725563	11.639321988544754
-14.601968394792042	4.414263835658114	26.077899757275162
-3.957856866313947	-3.393591782631866	39.88292271483351
-18.427543689770683	13.960341217010711	24.640365174328686
-13.529083948350314	6.967309647259245	12.3813917030916
-3.811846382057644	14.334136845734216	39.04181857642273
-9.4929487512335	-18.122423586755904	20.178722164109388
-2.1274246524041294	0.33836256590116126	29.7593188988355
15.07255185054829	-11.279450990135063	38.37874569127596
-11.24340558189538	4.634352500137708	12.022030239525346
1.1166339116376547	5.624911767327838	26.03698659627092
-1.319433677391343	-22.467252341212586	10.160957780725344
6.560751326871258	2.6782596562992325	14.999296593794737
-3.785225521669618	-14.058461815480301	17.31516729606433
3.7192743641562314	-8.517027044502738	18.150915274524454
9.620716096102479	15.370764473560696	22.127760121151645
-3.564605408083813	-3.643856083448491	48.355686392466126
1.059112208939396	-2.2531986466975042	10.924196672164175
-2.4745668141551374	-8.463747511238921	55.07907284398716
-25.13476907254344	-13.227458030704442	22.05314667975414
5.740064050779329	-10.635696879049517	46.56858121794005
-10.896550853321914	-3.8702900663590705	36.85185141202854
-19.76916573557223	-6.5902417792206816	24.01982675768443
-0.10221475145685516	-13.295472360319318	19.88319586319622
3.69815033591294	0.9673763366501807	29.395731973411863
-15.023970032742165	4.797555572515183	31.45421284911326
3.1792987892330764	10.498860528903506	31.020728609397906
-6.9709948934920885	3.054930319840812	8.488235901204199
-2.3023380068383994	8.312010201424537	15.443830626821661
-6.645419540464802	3.5212491979198735	34.615757424259506
5.28877454181374	6.634860488113253	48.0755561688829
-13.994888475387091	-2.1973903544511444	31.05754877384069
2.3497001580287007	-5.8693264508740945	33.17795376389959
-2.682214168832787	9.398430420650518	23.62050418424318
4.245917897316674	13.292325134965935	27.054234585913765
-14.1490871780279	-0.23057806957110183	31.80778681460136
-2.8764890737868165	4.481624201422071	44.80587695329755
-2.6743986284586754	25.82815124436886	28.568690879663944
-2.047506729328074	-7.308085159711438	8.865483595733977
-19.383865647867925	1.8617746152453312	37.43379089999205
-7.998172098845573	-8.626758531661613	24.803045106494473
2.322578096090569	11.844748673662309	36.90174784578376
-7.893961711653569	4.720772076102897	29.893358073949887
10.983038190150339	3.3033855861120283	35.12636776284384
6.189899589051722	12.990404451313486	18.25742628721856
7.436094424682585	-4.43691441640324	31.01482506334016
26.63623588792857	-25.405271436018232	16.656343261543302
16.446560020772637	-3.3680878948239212	19.220583344970258
-7.877411017833666	-12.352440999480201	43.5700872029465
4.726373868931501	-2.608482801530539	32.86829174794708
-9.399188246055509	2.528179088901004	32.87682585125103
-13.675658928996823	12.489885213680816	14.248005030517454
0.25619398899663504	8.734543131246461	36.12678086538135
7.044479440906843	8.01413420864264	9.587636146743524
4.792367865069775	9.496740124601121	31.687591448814675
-7.24135784275736	1.0015087553430144	27.47294925168995
1.784794858061773	17.53035048244403	36.99097567214826
8.490856075180453	0.42452194384350916	32.93323194915585
2.023135323617592	8.573758872685417	11.345226840652398
0.23111414515534448	-0.7816413461706206	12.98225900927633
5.226913842143705	2.8312769746328623	19.5096100477831
-2.096973235839903	12.247956893525199	22.758956675660237
-0.31991925088748546	-29.939916200394848	36.54365158032935
6.373672620616904	-10.357160334603693	10.405315020673441
-24.5882398460493	-6.797698396254949	29.88253009933345
-11.23597458210501	-6.539725696387748	29.92029667476944
-0.1894413595008959	-2.32475213597254	15.230498150667673
11.057813461470714	-2.8052459439809447	15.483521320897948
18.11721453407328	5.3342696872254	45.19342140090357
-0.9375935517665851	-0.6882526963472885	24.22734116433165
-1.626892794140245	-6.506682484104804	27.401495401341876
-6.0030590564747435	-9.901418005709163	30.785235963294426
8.371912561615973	-6.461195351863543	21.677836338625557
15.30529291331968	-15.523890313381159	42.47549779108496
-11.611178395613479	9.891185140127462	18.04482846330955
11.333906729412666	8.323268471233286	36.47654582396229
16.85060499571707	-1.0580897141606969	30.128334015552554
5.450533624809504	22.340311608218265	11.512038846262037
3.2108689436073243	0.6823226246677521	35.79133580741588
2.0939824850637874	11.654165220246046	33.265991669707276
-10.66292610169717	1.1949227884563418	17.2432607733123
2.68506981227567	-3.5561040910124024	38.142108299895014
2.2535468984716287	-0.6560743691190278	31.0155409934238
10.714562714379483	-15.125459818805885	23.99169503405848
-4.500696796013369	0.32883364449679986	42.479392801231995
15.623041754913814	-8.120326337203023	33.15412902570081
6.5802490963401885	-3.5442006919260276	19.7549876617625
-1.0574870236265537	17.518464232903327	21.868889174083286
3.5167410155889787	10.39653808535781	24.070530891481752
18.89385460609358	-11.623792711764587	9.390239064625789
1.2308431745511457	-0.815222376677036	21.12907376931067
-0.21977249571540064	11.388420242000048	33.69702919722739
-24.324692581315823	12.053110516903802	16.904252808936754
7.35247269733224	21.641466957430886	36.05406846381321
14.456271079490605	13.974807994405438	25.547910847146184
-9.47280281986905	0.9850348898767641	32.648739848846155
-9.161555379840706	7.005225133611818	41.76726526884312
13.381454448885599	-3.5029714096631386	29.714487829132246
10.959083825956778	-1.3558808508749323	27.83411238148293
-6.636958400886536	-17.494486230357165	43.27127200142391
-3.6079884048380806	4.959566490651303	38.22569197535688
7.014198889506548	10.388780738979769	46.36506253059903
-4.477672901354771	-14.108757727105552	37.33138833647179
-6.870272572168469	5.637604885515554	13.700896188586047
-17.598952693555056	-2.8175647534775146	35.204844377311986
13.35107696598193	-7.114974426260345	23.49483568085701
7.193221555238348	17.666042654262412	33.22776597336599
-15.860368867502574	-0.5477375474693634	31.171329680864687
-24.80634716383042	9.453153228596019	20.827328009130394
-6.706759065695377	-15.187769053165459	14.216471336335212
34.03023368251609	9.39692552862336	27.804644196935183
2.919778852693696	10.890835826268821	25.752918127577523
12.998558216954553	8.896489942565388	26.336197200229503
-5.0710038028601145	-5.686636593969556	31.957425536562173
0.6554287012020267	8.225343826637205	22.709824133192615
3.1442799174688596	2.133167076652798	33.75928897363884
7.965784384797727	-21.679534726340073	51.70565182935946
-2.8425144906395343	-0.9409210051776236	37.109836798482455
1.5680525721592256	2.5403662294238454	28.69166392635801
-11.65308277088453	-1.627747978652378	31.876708898266074
5.493693323145816	-6.142111027596158	38.5221377855333
14.545578986047383	19.794917388534106	33.11916026032133
13.721242341487596	7.3701572750854085	-5.123305309992325
-10.044977263899188	27.200973223768546	30.459070739069325
-10.675600292010332	-5.117671495472694	18.90739347026816
-12.980564654326152	20.073021476364264	32.84821529264858
3.078460605648479	13.241158664136599	26.777683101316264
18.91202319702528	6.910035153408087	17.273834126202342
-1.3372086798309593	-4.6163722246741905	38.96836703187297
-6.471385855012832	-12.772030752272093	30.297048303060507
-5.198451275044204	8.825848629742017	34.826619390350906
10.443499909325444	10.474569283915276	25.606333676160144
5.739353982923145	-2.7223561036141297	16.65364376473537
-3.32544037211076	-9.183797642560549	10.933086217974331
5.809637155472718	9.829232293770788	14.32573139924949
-3.109170648579198	-13.656422330225816	28.52380877788905
-1.3396286606055063	7.0206479636961685	26.981899228968285
6.340820531105537	-13.279648755064288	8.008902873755162
10.213149548952734	15.072704797526509	41.29339899788153
-12.358892314526766	-5.506037523756043	33.94766007371067
-1.3961050547052654	20.519250038893308	30.718182103447916
-2.9042001922332816	2.9598649089864026	29.918322442735207
-20.167871602111557	7.276567832273699	21.118496358790395
-14.112084271570208	1.7699332769389478	44.36150945024677
-12.606398988734304	-2.087081672418064	34.12156204646739
4.816085669078861	15.412815100606366	30.596210958251042
3.828298927071182	-5.963227823020335	17.104136367893567
5.808666783615376	2.669852056676501	19.577134441465205
13.415483028427815	9.393652346731148	29.757769910304877
17.370882980230718	8.24535770822887	31.457471455249177
-8.701920104038706	2.3814916784518765	15.786474238905605
-0.7774542164796947	6.562105053470714	30.319071360360823
10.30636059911175	8.838871295973485	28.069156651960082
-7.5064304201834275	5.142684779809837	38.192028052988896
12.857444194273093	-12.902660743144288	19.504063395346797
6.064069159062426	-12.003024024180998	25.720407095743276
18.700871341908986	-6.316005480057109	32.631101875239665
-5.629154620312304	2.3370580612895933	40.77023093818487
-4.477903024006814	0.07004604250004101	28.49347753093369
9.723587178493894	6.932581571802122	34.12092808370322
6.255992317466004	-9.49404115861298	28.606268765254008
-8.350845151522643	-5.041340587100061	35.184581294031716
12.53148040468767	-7.632149656196118	20.12841335009447
12.38378885230619	-6.0981485642160935	43.35199683923942
0.8248748594237645	5.031076926424066	35.128618716385645
-2.5721887887718946	4.206670969780184	31.83988552346057
1.479063085530905	-10.385154103023899	34.60709266603941
-0.7873617197265352	-17.01702416779737	19.367085255589743
-12.158628691941068	3.3512482990393853	15.00023340125508
8.519389145061243	8.676532202930053	12.655217514980595
-17.5106054771849	7.9587750340227625	2.9688217409291653
7.092223829917611	4.492269017002174	9.3792865604645
-20.938931178782827	9.487361143481014	24.672670348385914
-16.698336955620995	-16.535111150823024	32.15758829294054
9.73482938739221	-13.53200238725849	22.16629913123039
-11.713955050645348	1.3461022440336012	24.638819064031964
5.1260884237985564	5.527858069798239	42.51643922197652
-0.37394727397315924	-8.395799008719056	46.94278510536064
-11.492726064695962	26.675140692505085	26.30842990957363
5.703518096270132	10.0315469182333	16.23065890498409
-1.8849691952414265	15.12771179732984	31.592846073304106
-4.877030416123434	11.89221358282851	42.72756874933708
-7.199187704102358	12.6219363376794	28.862233124653272
-1.1174593050909885	9.203309774389341	40.59458326045737
-16.38305465474824	25.230372205847075	25.142372065898265
-6.60954725875004	0.32094833637523623	35.875567695940305
-7.861129878852365	10.8246337716688	32.601704673750454
-7.670469153061374	3.8112559603487983	9.711513470672863
6.125786108664073	12.655939085134138	36.233412381785016
-11.517012098286024	-3.913811446501377	14.995823512141008
-0.6258112688939177	5.129866013050911	2.687842234732692
6.473366986940656	-20.529813854514135	43.52701529118738
-7.377015075546489	0.9076392898107931	26.046658794404554
-3.588897140575065	-13.227803973708635	14.31106302390809
-1.956706083148324	15.938843808366814	14.270141341313469
11.127491746162288	-10.709786398759352	14.64125362108653
-3.0618653433363727	-0.37364962860923384	36.89916407687937
-12.674716528365655	0.748112718338343	31.274877684008793
-6.3437024290845265	6.630236550300071	46.935024851302444
10.466502207145599	7.272304487408247	30.527655390178964
13.222711273003409	-1.0964121378117835	7.786848010263785
12.063417870197517	10.878599840600922	22.669805989022464
4.190349964107936	2.485773293872278	35.58105575644284
2.493241314884533	-20.820087715792717	11.959863994266627
9.435419893994544	6.186123812296813	35.78063201259249
-10.302711540746948	3.0562215647945634	45.89472615463241
-4.492806929506491	9.368152889893375	30.444362391190563
-1.051623555485731	-13.772647370513882	19.121264463796795
2.211424808004652	9.850623126799462	44.52786517587915
-5.213498507231824	-5.124427438684797	20.28484141422488
14.78484220141799	-1.7971295030904146	31.755703113512492
3.4550629483305118	-7.454574245897289	34.16450215454181
3.9007772966255323	-9.3743849963349	35.1248807344051
-17.021700477288086	7.275049376544778	19.714871243534258
-5.760395947914255	4.1189659439437545	52.37871570986857
-16.89219488756714	-21.47321138617311	52.81777815206596
-6.520877170961931	-0.8844263682854012	16.60973725625522
13.947411484161748	-0.2908271939314255	27.76271802819861
0.3353455710118338	2.4288705886206516	31.149033621306423
-10.722383201081989	-14.94453136215193	17.203524719685447
8.25839477642483	0.6609692449056909	17.37352220357586
14.395473030354758	-4.299953538012379	18.85343455657148
-7.376746454983109	-2.504412360084058	37.28775667556351
6.259301052739063	-2.796222179128462	14.497639142794716
-1.7129175296562293	-9.14690799301077	55.17119577591839
-5.634670043140893	-11.679661334023683	31.573011610365768
0.5356518812617381	-5.966049973605772	27.880306385798107
9.516286387322324	-4.439603129473312	29.708786839478265
-8.860124299666822	6.621495610627992	26.63875903307165
-8.224231143694437	-4.38936814315997	31.811688978604383
-2.8613440020630785	13.890065778886074	16.96538927496564
-5.582687272004636	-9.94414911043781	27.01178471500212
5.133753712713867	-19.031455755169947	29.50505571393621
-11.136307592841678	7.668450754467761	25.708039556736388
-6.943455438846686	11.028353463861126	39.77802625243288
-13.550794257781305	15.87257784755356	35.92248815126159
5.662079931816869	12.114768618364558	26.568100991650162
7.818336832118148	-0.5685266047574551	26.98275249883329
-1.1873278699097194	3.37355577496472	31.789789052343323
-2.263356246936601	14.728884752510268	30.566686416174374
5.404850454087069	-1.6602372781344508	28.32071451635246
-1.1152367802450254	15.356785017613376	40.771791059640066
6.873842117753418	-7.484067129043606	40.93809050757101
-5.522487651912974	0.9149086426860696	21.1780199686077
8.595420968738557	-18.7529646956088	25.973378519030646
-5.060709226801582	0.42648922834242015	43.53426696823857
-15.54516968541942	18.121777032700933	13.554016932868624
-1.3676411200148866	11.293094149466423	36.368387405704354
-23.564227699956668	-10.407157747132992	26.241291280389238
12.605454082357799	-11.629145735019987	9.184945880987925
-4.238587724365686	-7.289607890160628	19.854809849012973
-10.595015638038562	-12.922941965160131	40.59113748985983
-15.9562632040561	-13.275845994582859	16.651676286960708
-1.6942309876352635	-8.042367860695776	52.26116401725025
-4.144519095383396	13.107710792265262	33.34392959547597
5.6265255869972535	-16.739886242880576	34.71265733927558
0.09002225211138595	-2.592176971980733	15.888798122550192
19.336218945726593	4.138102655701008	23.235504159792104
-6.0911591921012835	-2.1953407965296416	21.242023794422938
-6.050169888895017	6.162282167248713	20.84748358362777
-0.6900718424709404	4.829444217489408	19.14050566947509
-6.14834650800312	2.4408804693942696	33.74882932966013
-3.469220497494864	3.754954784448476	15.408207107843412
-7.893248334505064	-7.4337447517116795	40.888845839656234
-8.925806529863241	-1.4230655931852054	27.347396282377513
4.960213982598347	15.652576444083552	37.23155155116692
10.182491248955237	-5.271543263007004	37.53558922522787
-5.745560728113116	-0.5153716178064542	29.27652262554057
1.7253894275203754	3.758113824119288	12.540202918361576
2.93839090697525	2.1217198836667674	19.026932246988704
-1.4741954607479517	12.639277660925893	23.872046209173924
-10.562287321399513	-0.684890997953349	18.433822916465694
6.603156098351216	-12.089718295843292	14.108696993626136
3.576163324140142	-1.6351517772203394	27.351978875640974
-0.23691330054152088	8.537063758751009	45.206231448462084
6.568464204028697	-9.91011697412067	37.454273330115676
-1.3874743877978206	5.477584033759081	25.389972785121962
-0.27068046888827196	4.612730372177643	23.243435923766363
-7.826250465949983	6.670029104629952	33.033206677405644
2.20158582307082	-16.672194712225878	44.43397573046293
0.9987659927094981	-10.264929838254526	42.99880730448183
-14.117688993679034	-2.225313318809646	30.048752701033244
-9.370967102083917	-2.3356292186333	19.334216132350903
-3.1334674357807617	7.186073220913479	36.04112532054378
13.751060305529894	12.817920756431931	29.566732637191492
-5.809977130014797	-1.4326217785327242	23.193221388745275
13.223750754506177	7.275947460682115	33.03023372205021
-1.9481485147922906	-11.054066039985255	24.585522247789505
7.074778894336076	-10.488769909313438	22.018312676466298
3.2117299752684376	9.423923975234773	50.26858525072082
7.702162636375439	-1.8652608057376168	25.375308789456504
10.695573983169187	-11.7454652422695	12.46210326117657
5.60501633306481	-4.096359718988331	29.75073983882113
-13.231196595299915	14.98672020318045	17.233893516496714
-8.118660717541152	11.582966990332578	6.823686412001038
-9.199928600158241	-2.9992923994869476	29.15169028206511
1.022977161590832	-3.5366612351012905	46.014432735086885
-15.027765462950507	6.109784931179469	24.013965830614374
7.454223279272016	0.5339304033025425	36.64611541998306
6.035294850566392	-11.716101890976148	23.890697069691285
2.2692846795104953	-5.490220435079738	20.331747459315118
0.44747862487217355	-9.509008229941315	34.20412245913192
-4.182282158287542	3.3711372207593238	14.95317577959786
7.780222066050496	-9.63343005353775	28.77127423909292
3.2566621825231494	-7.287118702426239	23.934710661034973
-9.895556014197522	-4.905170292315912	29.667421431589787
-21.36893878587749	-13.302653957018688	19.944608519877626
6.994195020168624	1.5608498901886376	42.962185529882866
-3.6138797127424986	9.124005294217977	27.41453914151143
-5.064606867354714	4.737118027239847	26.316097296818135
9.817099232297537	4.010729726975831	19.74766055093749
1.206047229062544	-1.3161188233202537	13.447854746398345
-0.2072452926381878	-6.657892784540187	36.430116554172216
0.33082267120847225	3.1719929195556245	34.58434670159643
-14.543620200845535	-1.9681499374834175	35.05489003446059
10.292751563047267	16.44398890176603	49.70367757232329
5.1272843795151175	6.388581746193326	27.28154196363033
33.77494636775083	8.152036328622938	32.789837885715315
-2.945703424451737	3.277200302562014	16.61119940547838
9.146990176578639	8.27580374199876	20.258985510301233
-19.848135876509396	22.551404740896	26.818039762100153
-9.923676842321129	13.879110382976778	43.54893191359996
-2.359615318669049	-6.53665802802339	25.58154261791769
-14.015443596446902	-4.649661061536754	26.08918914103991
-6.781091883844434	-2.3722589450429203	41.933323735816344
-11.322148586279617	3.3426483488033303	32.71048445825738
-3.1014290017333113	-6.733376699089556	19.64084491686173
-4.183593908478922	-15.371979317711325	30.906682808921968
1.7714017210137036	4.652013607948239	34.83578324655247
-18.137030780263885	-0.7586683629575162	38.70335018702135
-2.2463962448697377	3.733020459985112	45.257994440114125
4.310870065390332	9.510961062762426	22.159500358062438
6.588371539357012	11.89107806713981	40.50625024720247
6.3204339357510175	1.5180943044724005	44.807865907491674
12.578427861910157	10.483554208854784	23.900611790696473
4.629058077215286	-5.63282087162566	31.876488829582097
15.363748286010281	4.146630210015886	47.82552430877111
-2.0048534354770307	4.459344048271404	36.17058311108182
5.8186589804409214	-26.413712209963222	13.36127146863496
5.269718382265562	11.569490766703346	14.658787865375217
-2.605653361461437	-1.372050845235033	35.15550029964976
9.414874431274777	-0.21088336546746356	29.577332623132015
-3.3090265608087712	-18.747569313915584	14.304380446671772
22.32762294457118	2.153102185966064	19.360435375675102
-8.207012112574342	-0.44783213199267413	30.114962582562317
4.36181647274924	0.056414785227574524	30.03708691482003
6.320169825704761	-0.6495060779329311	12.430268807833606
0.6844870918727544	-5.658354225174693	33.62674050377031
-11.223341294634583	-4.085693289015736	45.832482224724956
-2.4168536943525996	1.3655645823899196	26.37372323147038
4.67917566851361	-12.314430288276906	21.74640808655395
14.472767290227422	-9.76516604491736	22.01226076568422
10.535604688075662	10.854334235767842	33.66793557449565
9.902249878133327	-6.65021745628275	35.759167124484826
1.167677336996896	-3.1176294620220917	31.465333957563445
15.714323747987125	2.0778690232032795	19.137583322023644
7.791869353444024	-4.404388736676787	19.020080405961416
19.57996453168955	-12.044098117301541	9.157715340064808
-17.852406603495297	4.355999126718554	7.704150152925813
-9.732734424732882	-8.279073265012359	33.5548300963253
-14.726296755448718	-3.8901393743991703	31.533852749580063
-4.6020671119822945	-7.1784532663372165	36.84800144396125
-11.681691202033928	-5.991723510625081	22.253153752296726
-4.163958916844636	0.8513858977974981	27.164007512099104
2.137988788039957	2.4290587059090103	30.813294443378503
9.97076607581209	-16.069644515456037	37.69327263275661
-5.450760810162003	-15.656850768318492	26.89955077299117
-4.1637597635938395	6.855423149728416	30.249626829074423
-1.9875181162199569	-11.888697416832361	33.56036656443887
-9.186495252959958	-24.52595454886197	42.17692491383431
0.9779957789726119	0.19146720004463297	41.61528547372865
32.661254600944424	-6.643321663860851	29.685070538126777
-14.206067337434245	-2.3840777479557076	28.304969232019666
3.6224032336078227	5.278650206279806	25.508943054138165
10.664074282302384	0.5010722056327784	26.243972885677106
-10.985987085095232	3.0478785962803228	27.983602638171114
3.5988681697461433	-2.1611769191137573	28.56235358333244
-8.469789627936898	-10.45103997464554	23.920863615567534
-5.910390281828942	-4.549124827204688	29.2129377266403
12.893131389409614	-10.861200386306383	16.42031110418491
2.078179471657099	20.922889488013073	43.252211640636055
-9.21104259113385	7.191068083177161	28.93767154523179
0.22488808108441039	1.0217841194797375	33.08358725509613
-7.715738047045207	-5.81548941705818	37.413355174995054
2.8486342533280666	8.391084684051636	41.7624395155585
-8.524545324126011	-7.3924391830054486	41.330392975127054
-15.85712807956793	-3.915696229748893	33.88211436835369
-4.743821023521157	12.142759795360474	34.80416432942166
-10.50927562727983	5.5764942615498505	19.811947500146353
4.819702989207807	11.882438278408532	28.565802555107446
2.816566911350738	-7.971212210644786	25.864818814116163
5.326308626261364	13.821392772738491	32.91885713884549
7.269088518309249	13.293095567357343	44.417725579646735
-7.093305951928823	1.6105563224427635	17.007583038258506
15.360658269163821	12.974452706101005	32.680738783855894
1.728956550059801	-1.0579027973649966	43.810329265651674
-7.037183410778658	7.323205398152222	39.05580494853624
7.682919338955015	-1.4139307477638492	24.63274080581677
-3.005699647490252	2.9542383889370436	16.609416864757044
-7.36845429981147	5.370184066352266	43.05917796224254
4.333162534092127	-1.1554405092121116	32.7782048023266
-2.5784179784338432	0.08189594084602048	28.205927391686885
-0.7052811736414777	-2.536133812190444	39.15878727989905
11.921558378100464	4.334774628067937	15.23307005677231
12.316365381800445	-4.855694606716105	39.872666438394965
-0.34616476985079403	9.680981690335082	26.787488611018706
6.725428664436084	6.68079142383518	23.211606620597014
15.690311264502828	20.31378485517079	12.364023916413007
-20.432653734413595	1.9147978696697256	5.283566513690435
-7.512051562685766	-15.069410457277922	29.775513778970126
-0.3734523356324583	6.661165004899761	38.57149724081819
13.231683496115318	15.595518573107338	25.489333893988054
-9.91768356228096	4.589773720699744	32.82691879241191
-0.9944305570306334	-14.902781571617496	23.722104566635878
-15.365461508382962	16.88870259891388	28.55869884457193
-5.715980121209208	-3.9582615486333856	39.037791722364105
-9.739326988656044	-11.296139890587982	34.29430635186621
25.324848151767743	9.46568671671715	11.206001894825963
-9.396487371559576	-10.609929832726195	34.79841267758974
2.0760438602601226	-0.5865287601899422	16.261944996323532
5.527149685956145	-1.030918273436942	39.647129480122764
-11.695947538307347	-8.420143802221341	22.965755740085665
5.661392755830496	6.05180669132269	34.64830666481756
-18.067546218494165	-15.308809609871117	11.67004134475302
-8.808476754211874	-24.408287631774552	14.626368811053746
16.202753922769276	5.092083156170515	19.227491021153746
10.0945474399677	2.806826719310295	29.6385469704339
6.0586866238181445	15.14493965143519	46.097537271865455
3.9852051246125733	-3.7766994008449206	7.962319803954923
2.1130525244929	-15.04675348710829	44.386718354232116
-0.659687902253707	18.24040958209405	46.76195767360328
-14.285308459342545	8.223233302832444	20.953049255184883
-8.35232424770142	-1.6267095002513123	26.83492942725194
-3.4293035808679213	10.536977380639472	29.18118267753712
-7.449579790106297	-19.429615462749858	32.476575505836536
10.403066510068804	18.543756750355197	29.101424771048727
-8.26090255209487	-4.15944572902484	32.09956073878829
-12.044997726577014	-0.06067619918422695	30.09023640608533
-31.56111477641085	-17.408640779359335	25.42756972993463
-7.110156866412148	-14.04600716022937	27.589250441030263
0.2991243708799339	15.85584242105309	29.396732342023807
-5.982379832166553	1.6610330964931763	21.755311714699495
-1.8435077581921175	-7.1156377438535365	27.40700290692159
18.341645856224723	-9.887067151714017	38.103662604060645
7.136970885372975	0.04950660534804632	28.734613701079258
0.3028659523431783	-9.704313538643301	27.741165664836583
-1.499174284840938	-7.630933258511665	31.333730845442002
10.405326545022968	-11.756743739551062	32.31964710939389
-12.011446776423039	21.906383382214877	37.908285624369896
1.664620615028241	-15.70480963718982	41.24361394592537
7.464337060499268	0.09833356356130676	45.338506233350685
1.4612029543115215	3.162519965237019	32.116395024217155
-13.881702045177748	-7.5415770026399445	29.765602661582754
-1.2724080525760526	14.296030599796534	31.33192266289322
6.661328951766151	3.09159508917843	30.309043453305108
-5.145428360925362	20.023767694711832	17.102294562729554
-5.741440006518524	2.9181951172607428	37.68748047034628
-13.690397946502543	-1.4520920160012298	33.99642670091181
1.7590590759043725	-3.2431567654648314	39.83492367578924
13.095650836759651	3.7857570126646074	33.173746631293405
-5.073609442932985	-4.459551237787888	48.490935573885594
-1.8163447373457027	-17.51107147822334	15.42098187985501
-19.900898112481528	23.333284913125798	35.4189410948567
7.688058935383111	-1.8187538267761694	37.07680807361137
12.869685491957284	-0.871145658947662	29.87687165999296
14.147327232844894	-9.649014545877726	26.368040310844393
-1.445601834231245	-7.995003853644881	22.372653470700303
12.627386433225581	-7.94355759619301	35.14629118534034
-1.4712018239046394	-0.7785482249527386	29.07283009976426
-4.11658857868759	10.439731271113668	46.6794428787752
-0.3378445889394853	14.77986066276032	42.918961247909465
-8.18403104321323	-12.5881230599322	23.20041044298976
-19.838003050900387	11.141605260145946	31.139094222552544
14.075542996476	-3.05948551797378	39.90478662771713
4.156792422125971	-2.5578910249548743	24.37066160192841
4.08676142046202	3.891400581174975	36.734078833861396
2.421861353696426	-0.7663825910361586	48.040251237364025
1.1517663788640642	6.786201166900199	17.20676795366673
-9.605541932808286	-7.402902058627475	7.6777860743469475
-7.552004845691718	-15.861976789484668	28.50293276236342
-1.0654387494772781	3.707755416018801	22.30690266890125
0.7186501645808118	4.846598620029764	21.73839295427766
18.272454217835758	8.97951783325751	30.2434343600318
10.047294162024912	-8.088787323958558	30.445530207037805
1.2109248840452609	3.5782696324783094	29.26146288634948
11.723280549344642	-9.988903059097844	19.60937500992698
-12.999784899732244	9.505731765251884	25.375046874510684
5.461441008839131	-6.086537978572132	20.78452680412159
11.027809040619163	-10.352267430868585	24.86336610382103
9.561948757539842	3.6208139579276315	46.85757880324101
-17.405203489858188	0.1198202894085304	6.893881905215309
4.181883487167915	0.3703239508923057	11.929285021137098
-1.6910480873704683	-10.035006394595381	34.63391471274613
0.9835911050608734	14.879739459309683	14.958807442638658
-1.37611070247348	5.505217841072671	31.818931878149552
-5.823951102359306	-9.357261873458697	35.1609958014417
16.74467036474971	10.189506045865697	28.99556013359161
6.294705256977208	15.86998986744999	24.653675278523146
3.3274072685236984	4.5693207303679815	13.48432447065251
7.480505173183608	-6.731604705342653	18.035991458045658
4.859261872455679	4.965987335235661	23.664466967634098
-14.691535343056714	-10.633616105350502	29.970552600643117
9.1219658749379	-6.262185660023011	23.309305713891003
2.796313010589401	8.776107008892271	16.925415767551662
12.97917662153049	11.320167135365471	34.166998985013805
-6.777827018592793	-9.201538301209167	8.459761086094229
8.818320205923305	-3.0007020474522705	27.61928740963251
-7.525388885653694	6.253993766146886	37.4725187709993
8.015182513332626	5.481728297610985	32.374545663052146
6.12298493418924	3.332260451359918	28.449447058831733
-11.657568891213677	4.568578102868242	29.386855779610322
-11.820124613698095	10.296275368326437	37.74141155672102
4.8863621327437174	-17.5593192707276	17.378159608649725
-8.090892267811386	22.463230538919095	31.075246218123336
-10.973488742421365	0.3590694403309669	56.64090417964603
8.445548884671128	1.2203215729201609	25.084823584596684
5.002534129927546	-14.710143109545124	40.39928529514563
13.623013144553585	-14.34545199753395	38.6102400948494
2.2043554743519103	12.49965007290099	26.534003593864593
3.700094751191596	7.9886248056289215	21.091954533846035
-7.065371060755767	8.785231531442069	35.270882069753135
3.1692298275728814	9.225997350982606	48.52261892131155
5.59066626002123	0.04211763314372248	37.04489581247009
-0.19241118756906553	11.96367443722096	42.44688287691897
13.788391557171792	-8.6852952874733	26.805314647387984
-0.1767002573109645	5.88064358650948	-4.2653121001034435
-25.01312787922339	1.296044032173532	33.28159840762239
-5.088768535906489	-5.5295075092686385	21.458318903235558
2.50917235474075	11.426673949682773	27.459520109900417
1.6719830923731434	-3.7106807042195706	32.68224789265822
-2.614666758687958	-4.639488964056637	30.87455266321908
0.39000715164072774	-8.311119573085215	13.194482822390945
-5.356486536615285	-6.603147310296928	15.367545040632393
15.608677103849102	-3.7541213865253207	36.79903146543467
-17.261828540603034	-8.876296085944887	29.719013092149908
4.069690564017797	-3.477804553139437	27.52569918612602
-11.23860634198895	6.667565562482302	30.347426240929387
8.926553079861185	2.030237733714117	31.863840699025815
-7.965593158250298	0.282413833239521	22.293223319207947
-1.3465327016773332	-0.6386569652219615	36.2644964862247
-5.378389928339855	-17.239564585931657	32.683095220771406
-13.55849630918511	3.9406856673363624	26.6625946394794
-18.594712622099433	-6.842266762415515	20.483634975183882
-13.23438231371381	11.156413646225873	18.21599179211134
-9.946616347705167	7.756642403604199	45.23879342056267
-3.9192554389691314	20.117270526314734	33.616560066716005
4.668979874631427	13.50482252629557	34.36611481097738
0.0017888839875081642	10.967026720655449	22.152620682494124
-17.566245312929766	-12.301356183259195	30.489422020165588
9.48750870395661	0.02095885738121146	33.18785197988768
7.555616805734649	-9.050988805066972	24.94274385887159
-35.85082904455838	0.8904261909934579	24.944378904443017
-16.87712422387415	6.454730068249854	21.335899240427317
-4.692233327349783	-4.987734813556684	26.9812412758941
10.595951583228674	3.0640588902867405	24.929800008694194
21.35271854081236	-3.6673565042005833	16.007888062843833
-15.867564130225615	0.4914542268341633	31.238287161771282
-8.11539113114909	0.7091285499120963	46.59218199592148
1.9758631894142544	6.565410096136511	38.32856778355725
10.373878875686351	3.9936842260207377	37.76546481875705
2.5812861533685707	-10.446281558367323	23.039248976759886
-5.220277100871593	-11.38803556178421	17.88665290008741
-4.667634915217164	-1.9845448016978597	25.36392968136891
1.3761364973451733	9.74533808071711	39.42617823297445
-16.193093234282607	10.127346437654117	22.268875737170568
-3.4126787396724216	8.247228448599255	28.1494931324532
-5.00709287262751	0.4503345651842799	30.419187124105736
3.928087920291179	11.103997202254188	41.15769438918184
16.00692890026348	8.964803510744979	17.22083489254016
6.850214931125694	1.6535425088250006	37.03363369520679
12.383718404125748	-28.14840390273376	36.40321930837161
0.8022804581812747	14.927789804624611	18.339339023077628
-10.059406580018761	3.8845273572434156	36.00271582773635
-7.328847208313489	0.748470562537439	47.310703892696516
1.9800170283803378	-7.689960626207912	29.653326830617328
-31.392988035839796	-5.031713692190034	45.190162877552
-20.58994789960066	-3.8519657574250394	36.9069485328604
31.609438893524388	-9.45042458210564	17.20146495219294
-2.2933246113819665	2.010168050456141	33.7363030161191
-9.944704157791985	-2.642321931419974	30.18853868804331
10.428388846856889	5.391275945507491	23.588828351151108
2.359501152447965	11.3583475193341	36.39325594941567
-24.232720131504234	5.681128449935928	23.474339130917944
5.023796853035817	6.391544323676589	27.927715117258085
14.872655477578052	10.537380100220751	20.957169600150653
-3.751569294552042	14.59969672845881	24.62516782164245
-10.040808938084758	21.946751553851808	35.060470622422
-4.724124810889106	14.472532776660707	36.03078185996799
7.189718327815538	-3.1425291782974174	31.764627265114292
-3.158435532727262	-3.5976003856656815	10.890789161645852
-11.42965962023931	6.84297148669247	31.770199114109715
2.3322987554199806	7.457820691592017	14.926685040594325
2.3948687556421104	-2.8234896803923633	29.96001647605623
-3.630281992201905	4.836780801288045	19.744121375311437
-10.607850346102882	-9.77450806022346	37.45272416863657
10.541648041590525	2.7690236357846882	28.093222275788406
13.576242309201197	8.757182439170235	44.76488264409913
0.0964328896752952	2.28250174903257	46.098890285547164
-16.717278626519345	-9.737819153038403	13.777504222145497
-0.5877559723304318	12.42501985618796	17.706214364357532
8.008188505201703	-6.625926483082055	27.075600581297067
-6.788294426331585	-16.106977574136884	15.930409710491425
6.365770997809953	17.52371599830684	30.70618607841194
2.1319870599231088	12.958129108905352	3.9259729073689016
-0.49043460245956044	-4.087339249219964	23.521398273117978
-11.229386178280848	-4.008177485206193	27.79743574907402
14.926595195963275	-8.68375401091767	32.12287742437445
-10.740006431637102	-7.429108632319989	23.905531561117638
2.683378167817985	8.531743487852173	34.62026177271849
13.296546917197624	-4.631589982843937	28.041460899233016
-9.680836749623785	-4.884436703323797	26.66563652486257
10.729298174803084	2.4671619423003865	20.96760709159682
13.954134562146734	4.18070069174806	20.6077148390593
1.4987703513599062	2.532795982653412	25.510010651851392
10.65005021313411	-17.814204569266767	33.45007128656256
10.10095482573355	-3.0031389163501387	38.12332588792683
-20.260016612024657	5.47026629424183	42.95019257032494
-9.411498541418569	1.6252128735527465	20.76434219247369
7.700806823477185	-10.272835290018083	17.67343722976934
-9.40099836429233	7.709982224594356	20.871599443510146
-16.83257700502264	-7.9654633892981765	32.596859684890966
9.38596769658494	-5.112163763613651	7.683089158856962
-14.916257617100495	9.962832392092423	20.064145443378585
-11.600615426482474	-4.771441827713539	33.791502814708686
19.130269394426616	-0.8642351110538254	40.81382591680516
0.4164077457071892	6.257299770845847	21.85312916305133
-2.7982016388759194	-4.050995583776388	16.927835978935224
4.226874038656629	-20.48270642462185	33.17081963752809
-1.9098028583016389	-3.4265329780770677	10.148939299753952
-10.12429346033276	-4.5462239414212355	34.0579765606541
-13.53881644068367	19.85224584158187	23.630945248645155
5.765298431023808	-8.501876506730843	31.32488678443747
10.804249165516636	4.9372541293892604	17.07123012590266
-13.787000198867567	4.904295975625102	16.916811255510908
0.4492298673597419	-22.39065453912862	21.599122538931763
-9.077076947275856	-2.9779104705797317	17.8393362999185
8.031265055682644	-9.052265711962276	30.943977974095354
7.880107292215982	4.260225182972302	29.729279927223892
10.107557003065583	8.2411741561281	15.288893850212695
-3.405192258098089	-8.526494515660833	24.93129611172063
2.1690713177948973	-5.104015487915205	10.864076635776101
-4.650787679573286	-6.361888932930119	28.783674072640267
-11.48749314095987	5.719772851763572	34.59641212492235
7.594936618606947	-12.617606513438506	39.78807336984145
-11.679802935909072	2.104240067337391	44.582939515730686
25.594831580596313	-4.94845136056107	27.014655078996984
4.106286183122105	-2.2001831733120443	8.631413967462514
-12.618901614377801	-3.2843769113607406	25.262634745754465
-5.208892901272645	-6.349026504844199	31.153419317906653
-1.8241050857277574	-9.319444812321247	22.013091426348964
-9.495781264665332	24.22215362867383	21.065933127705758
22.072832887990835	-6.257711552828659	29.857658264871425
0.22869447225470385	2.951163475956031	15.627429883148338
11.569022792794946	20.725392416563473	44.26748417549817
-13.621945199461026	-22.406987278684838	39.32980331036071
-7.281038378048552	-3.778577715797555	42.68897556530314
5.555330037621308	-16.006771787570948	8.529606797503636
1.2319921485523537	4.595812324286246	27.344834075158804
4.125302060918463	-4.280544068213783	19.81967313025462
-14.73063039693066	12.025863025535042	18.04707661352205
-7.034305579077749	-2.6515157548545893	33.47486924646323
0.9691690955611681	-24.127377763069266	24.43721908702321
11.767817271150914	-10.728507802497864	40.9754974888779
3.5975924051417776	7.019786152996003	14.058070359382226
-5.174358155207541	7.518367796549866	40.87560728256544
8.937676646218222	-14.572631447204635	17.472504140377346
-9.155475717166011	8.62963912036845	35.75726992090415
-12.889509070631586	-0.06726531204120498	26.791238892933627
0.9160590067120717	8.981504506771183	31.373873996996238
-4.0783722459929646	14.219080293953098	34.95152818880546
-12.308222146506347	-0.6107812932188906	21.124037464358704
25.18415040183859	1.3711763885579777	29.5072850774553
-0.1748437026141256	-3.2503398894244073	37.810406113610156
4.353638764462568	-9.0279513972418	45.72479841152517
-5.387832376449412	6.985936815628071	36.09433111481304
-3.3002659034589215	-3.747894218618419	21.08935262109815
13.040176783922604	1.7830108762584584	37.728953883707106
8.932312066842975	9.83498619322413	24.46859367950532
-14.835128147846898	-7.732048278648234	35.80517019083828
14.309076335342397	-19.44476433225593	15.617580914082808
9.227714421006944	4.06346835932243	30.631497954645155
5.690293105788305	-4.40533432469255	21.484240363233354
-11.962170234404583	-16.508218345872805	25.955483701142093
-5.3700792350614766	5.397966739738928	38.03339654604514
-6.754880439570576	-1.836175259080037	12.022700620694872
-5.364235982828035	2.6210272978560853	19.32237177413385
12.977219667049713	-9.558685042448799	37.37540053595963
29.680416624081744	-16.618459748929045	16.392304881965913
4.619378115494038	-10.10394118652798	22.402909124088076
-1.8605966032619374	5.0501373792586435	42.47558366775503
15.739453996672673	-21.706382807536887	19.750700014528135
0.8826678279513133	-2.564190477851761	39.25044510783613
-0.29803405634816144	-2.4793870152082276	35.53500831825487
13.601591203949916	-7.080831180880325	20.985620184712907
17.402485373361593	4.803106522167944	32.28033097942807
0.8002434765461315	-0.369653409693221	32.20141941947629
-15.946416274734252	4.429680923767887	23.404000769340698
-22.103671913428492	-12.57592593075884	28.461878028380212
27.13667227323123	-17.814580660956103	10.36504980584462
1.4460669495768552	-0.9604395871196727	48.34004381978403
-5.000904184041324	-13.41070948074637	19.28803155621044
10.980455335109307	-3.1249029650953233	42.43397156650145
1.2150147360051566	-13.911690426134607	39.36407297375911
-3.6659521777474264	-6.712749505656356	19.230218902448076
13.135627793368327	1.5732914470255468	34.18734225460468
-0.47931570503354437	-10.510038185946868	12.000664984323429
7.6140990420437635	7.8766238873118075	32.24893200664892
6.586850611897466	5.46734483965583	-0.01226468432995631
10.30002373553452	-17.07617645126052	23.928649392426607
16.105798786463026	8.283234579102876	25.982754800232176
10.962210799739198	-8.887397358024444	24.21506474441724
11.942188740089541	-17.073727007727463	38.90768562179713
5.848261302490463	-8.33596327059161	15.789902841786898
-22.103522266024143	5.26055381299492	2.1709623095490933
-0.5715446554415973	6.925246139036543	12.882792367070078
-8.785261406074499	-1.8823534610054153	18.441669323351547
7.522736121290528	-16.04582924321343	18.085604246858075
1.220748959069988	-5.046549443340882	29.895565404747295
-5.075669752978405	-11.873225936042777	19.72725883504049
-3.935222421197946	-7.12118653178403	33.7869188174305
-13.698907969569866	-7.725569499276136	37.46288479913479
7.199587656666399	8.949858656122604	56.63724665238952
-9.162772242882442	16.754208849906814	15.241967031586881
-10.558028125770598	-2.3200882468679587	41.74279308269909
10.295038209402394	1.5371613152606387	9.893764542602046
-3.061528784230712	3.0269142409501484	40.986455586716765
7.600557592976389	-4.172180109746231	35.09094955629612
-9.680394646713795	3.9174634904583305	27.765841038288084
12.467635518251656	5.437091020321665	39.72608109546195
-1.328265739456369	17.300732959385194	48.764385013982285
-25.319849825005917	10.954499146689606	37.90492137863665
-0.539270108532146	-11.036589820493717	30.8092654147825
-3.3784246546741956	1.5831884821250766	35.80564602384159
11.893015142581966	4.041096474198606	23.93431408071357
6.9629301097847165	-11.033327516674358	21.18839833821421
0.7642126480866324	3.5326292605944105	35.3123563227459
-4.386495379876853	17.58340159516177	27.915478393766797
-16.86148838645278	-1.1268853227022604	21.418140838763073
7.772520078934766	-10.454823081818098	14.587691151409548
13.17103296323657	-15.73710324926104	26.034521575740786
9.178582891403881	-2.8683327273857593	7.964941325116257
20.74995333965667	-5.983744813739004	20.804036928330063
1.6625389449534211	-3.0194397894890415	28.264103436411002
4.192926458510972	-4.510343651199994	27.895444496314585
-5.325299926487662	-4.071931016226758	49.523533221852816
-5.1007203795678455	17.159900729094414	40.11403060337281
-10.617753358361433	8.288034422644957	35.53263461330733
-5.984027887622583	9.816543209281969	21.582892183135222
4.67246684256707	0.12138822097883692	34.388719824999626
-0.7714165635363855	-2.358395923693698	21.929019838259705
9.052526350246508	4.27767559341055	24.0745549902691
2.656930750305244	-1.654277386005493	22.127490461153123
-6.0361406801596305	-0.2540841363925757	43.53059633398912
-5.158062869051713	13.768133508431152	32.382931666509535
-8.415924470350765	1.3536359293088096	34.087664546281395
5.717468342203967	5.492391679429782	37.859701674515556
0.5312419822936011	-0.7455573687455723	30.784346749022895
-12.338780982584739	6.484353475693052	13.318584766262262
9.10462478854924	-2.214939838110304	42.97798531295978
-2.7141075870441544	-7.31513351374987	26.9204260692892
0.22270238604034837	10.86713105160201	34.829869316881236
-3.34857746982214	6.615552364502118	18.932996413369246
7.282120446669037	-5.477731855167182	44.96410218240849
0.789247124825577	1.9151727702808852	26.124441485031902
7.230280252082347	-0.9165864200887972	18.68580508871173
1.289542239067959	0.9284667494874356	15.523077578367499
3.139283190224949	9.057065686475811	36.399501556305005
6.786837279262706	-2.9502087659073366	37.997584559966874
-6.3203450427257115	0.4423893743885393	9.893480867728023
-16.824640744819877	-8.503005397979882	32.153317594632384
-0.3299383370562018	-12.945205327545615	19.898141812006052
19.367555805880023	7.042288318080017	25.764031705671115
-0.018651910048671748	3.2850606313854063	17.574838414938043
-4.37052746865781	9.795892973584868	20.91525010161113
2.489344795786301	-0.212044587508193	29.336950017401367
-4.246647838115295	-0.24543968753960047	35.83259329502949
4.814345307327156	-6.794241756923927	26.620731845536714
-5.474649051967626	-6.973233290215659	50.3848093540836
12.744927763771713	-7.735897637085605	27.906950186698452
4.022343076273146	-13.38123980155588	29.807965481481446
-10.740290305210037	16.521162918779076	21.816860235529973
4.154903957022958	9.397692086124096	32.18474417643225
6.031941835145439	-3.920243069184174	24.091339668251518
7.494949687042501	18.312073850679145	48.47178234446799
0.40241811323112714	15.77943317996664	30.60501896703712
0.70241063009383	8.406997430186163	36.02803412579144
-1.2470576323923146	7.428692071904611	32.46152813379157
-7.598199761804745	7.450008798328205	24.914430516746215
12.01353136801582	4.345453389646787	22.76415915661829
2.276560229687798	6.5720171752623004	40.56923295662541
-17.088505240443713	3.2129650238048297	28.127934343296328
3.932217414060528	7.1041338308157	46.30136693260094
-1.0143919862895454	-12.61821986746542	21.407620390945667
0.8305654348691387	3.076988469091298	39.89481815244534
0.9990404581292034	-6.364706180021555	18.169094684334578
-5.058746379229566	-6.644024400750768	25.560986744783918
3.2163939634985983	0.3243315313039342	50.73819147556716
-15.318432513086773	20.870130971001263	19.801155075081283
6.3623763082836495	-12.09040612361177	40.00992252944441
-11.419044434391694	5.060982082670911	30.450965641855195
0.5391883941064004	17.06178307419164	20.95114117822475
-9.560068142678212	-8.44745719728797	29.17353389666986
6.727734161560292	-5.0701770540712365	55.464166713207035
-11.77380708637556	-14.658996039777998	13.577983954613838
14.371085253150081	3.7895820454847593	13.077768625114327
-11.483039555043442	3.252430119054263	18.048306718588154
-3.845610404326489	10.599114768040788	24.915104660246733
3.8609080077716835	-14.862308343455577	24.97269727951609
-7.315455669347857	-21.3160492502117	26.72411053001707
-8.545542015821722	9.367089880491651	13.26785285837974
-13.611435435575132	-27.40697919757466	31.447598787816595
12.287567723063864	18.843847180423964	19.40752781728665
-7.143612988976963	7.517539709188342	13.651013226330694
-15.752367222911197	-3.8164207556317598	25.792423772619664
-21.559885417031992	6.987245728980468	23.826021101841164
-4.208532581530249	16.977038915233532	27.37293278467933
7.6646896004391785	-10.55616624065997	24.70866334376408
-11.470384918638787	6.991383709659845	29.564004194131034
8.743101104207785	15.397863610783375	16.68624311960272
-14.943757560257012	-13.104390312382641	42.52178671910983
-11.292782013236252	-12.850423355441801	36.25760599597718
-17.108928195192735	-7.964297916627019	34.072348024935835
0.8531547878200072	-15.870919472577052	23.098338179862935
12.761832586901814	17.17486502838011	19.286203585909778
2.1223702431317544	3.7280519892021817	15.950136881306813
-0.7117923245075626	-10.97883815033883	23.15038177468929
3.7327333518707153	1.017165933517755	23.12994904206162
1.5318299637737773	-1.84605318177917	23.899609998568835
2.9422069158201527	-1.0425088189585672	47.73145090451972
-3.233461397038995	-9.680279165614913	26.888036501051946
-2.752327306126089	-6.886712345009224	23.397681404662492
-7.745811293699819	2.353250181826217	43.162452987232825
3.3524117401357905	10.135854296374884	25.938474327275244
1.52017245369614	3.140228771203801	32.28435041741807
6.040182844856853	29.559275682755526	23.758736099032454
-4.827620614727442	6.220505660404864	34.46395565002295
-1.2594198517056836	-1.703318537951992	30.463838000245286
0.4413691459613356	-10.857778920311214	28.968857071927086
0.21673834665389996	5.882159119595363	34.6900602310959
4.001174737663538	9.593102245091295	27.66767335734674
5.111690955070754	10.230639713288543	20.24468409656474
18.111793802618166	-7.635592588638403	12.336078091093455
5.072912353169038	13.34442975685921	16.447235081096515
-5.548033670127607	-23.97900663602588	28.18428753865912
1.207819596900222	-14.676810324611127	27.308729358620777
-13.869715656546912	-5.214169405432666	44.47161452701478
12.165715421921487	-12.434259983285472	24.75925887007965
2.510456128344916	-8.875658616652359	28.159594464648404
-4.775276083570048	1.052518965654419	30.210779002477828
4.34392545872819	7.764079968627379	16.830817615378287
16.910922757212894	-16.79150031172956	42.62385493249794
-3.1077272382503724	8.34812957548583	19.80785553260795
2.834098907909133	4.580748518006912	19.91164783954209
9.268199628117193	0.7258858932783163	23.433819866195364
9.677934297958037	11.705697876337322	31.08195000253315
-16.468623633876312	-8.86273874125082	19.979044096672474
7.147280605946317	6.002765385746396	42.19059398821373
-6.185359721633249	-12.329364916514043	24.060051291795002
-1.270958199141189	8.095061780245615	25.607562985950498
4.452294584945246	0.40996868466896197	51.02613725544661
7.659969307776678	-7.292110706524742	37.286636181387316
4.017338504354915	4.663691700727084	30.38564594297757
2.39320078491421	-2.601915159304005	29.727541941748328
-23.344385062704156	-1.379279600181	32.231762094283745
-7.584633410108653	0.4471186439875573	36.88507590470324
12.188565087493323	12.746877976882017	24.830692450576834
-15.702738764019275	-8.833246129107152	31.78331710889141
-3.4767015265321186	-6.213881089801527	29.23793562838065
-10.306720235604093	1.0888268895083972	37.416244589537754
2.2202427003591163	-12.082754030067573	17.82878174334416
-23.482715640016494	8.017436551279056	38.3212132110925
-4.147857221990944	3.7597673682486703	19.776520050759334
2.748879889571065	-8.655536656347904	8.338593649438259
10.162399809466082	-0.858970603878762	24.20593422830548
-4.9454087656964125	7.052352054986265	24.04350799624893
-6.502650425827595	3.0730348705012394	29.53961364182017
-2.0086070157890705	-0.6448798734050438	37.84037523898934
-6.431339479197772	15.280879130281997	32.13901731482636
0.22921257605615314	1.8342018483785028	17.50657483063126
-16.034264156416864	16.33016966287733	22.649420975519785
-17.768572093023643	4.185289473017446	39.30925392313776
-2.874805695574374	-6.766072930507322	42.11765861700964
3.020099937334595	8.302322907608874	13.79256438085691
0.3779919987499308	11.672479149175336	33.749345942347446
-1.994944687128128	-5.311641821513407	39.49156805772023
7.186824738878295	1.2061654653864728	38.64899868710867
-5.109707216170623	-14.803642434946102	21.626529601066316
-4.4616073303971815	-9.60591657347565	55.73281178441721
1.545930536070741	2.8544936730920867	21.070849514887282
15.180076172133422	-4.8270314576177755	27.26855809515922
-7.2688959334512315	-23.597141111241182	38.32762738045745
-1.0331584222198515	-12.642354797487673	24.437310790301513
15.588581879123097	-4.688700998789124	35.38254119241198
8.38448760642989	-6.9941798825268116	40.112964036770876
-2.588724393774529	2.7146786992725813	32.97727001425548
8.019708086246824	-13.430159202702823	29.584157429284776
12.408393257536876	2.281588818405725	27.849765023001837
-5.640124973523926	5.835749975255528	43.63479010621961
-1.224372374354258	8.672876610725158	34.91441886450866
-13.974153113994657	-11.092450521157701	38.2169377307481
6.619091187140938	2.19158857114887	29.462298636762394
10.643335575963842	6.3599446305651055	0.07941529465519892
-0.40916129386001365	-5.431277299855978	34.04542498074138
-4.132353957254437	1.7877108577732446	37.2087719145688
18.748942849432833	-4.77417004783591	38.42882687521174
-9.521140303021099	-9.427024609131006	24.286861966915897
-0.2207711940848368	1.0890230165473582	25.600389712425773
-4.987400329441126	-7.797701978590059	39.16313128864574
-4.9290799814998865	5.2560028178892635	32.610861306704656
-0.6929634745344162	-2.0788449959554307	36.02415487455227
4.812470832053179	-7.797571759790319	21.12926551503711
6.8665132156017386	9.227847363230142	14.756971360474125
24.0173911622469	-15.482715679192228	32.474812528315695
-4.41452748082702	-3.7133901094554904	14.72230914268009
10.975002410485601	5.883839410205508	33.72481221773815
12.424145305216348	-0.6516807248930091	43.426350252264996
1.5790979649847567	-3.71927711513135	18.810892771177503
-18.435132700972158	14.365097711972565	24.535921636588284
5.175837729189068	4.59499492201271	11.682811471315183
-0.6386341166502368	-3.262950840022562	22.984416325814387
-2.1576767930525436	-0.4126364250450506	13.878010104548729
-8.948200297313205	7.102636162049594	27.467636624319255
-15.036478262046275	-4.20932238037153	25.152088486467175
-8.158826139101864	6.193561431164457	38.674967076349894
3.0022626780734134	7.449900840731737	40.41728779848877
1.9719919958415977	-3.642255573577465	32.26272877453957
4.342909073627613	-2.4798313919909196	21.433311272120406
8.715309579547384	9.009277662371844	22.91467453680145
-18.60259374530198	3.9852154121138983	28.28346365977609
-6.8320984435346865	21.932657966966556	25.689752387259194
13.55336357704941	0.41325787564076927	16.305227210355373
1.7233555177492497	-1.5349594650060683	24.288929388345984
1.9717933458094359	-7.051263359816938	17.620406588080616
18.521786340938046	2.1205307733579852	31.131168016551786
3.878580144853961	-7.410574690579522	33.35355217651184
-11.25075737953753	13.825616791178163	31.96368091146603
-3.206657717852923	-3.518815441130397	25.381722140939726
-0.878610602911061	-5.474233114049499	29.351398133847653
0.8349585166719284	1.0344971176645852	23.208640525788503
-2.1915948079329977	11.980688722767535	19.759033452657214
-2.0874662176640832	-4.6503746933985095	34.478194478761054
8.358993806470309	2.846850714864088	9.43532758453674
-1.8274568489350203	-1.6205397808949595	45.003495945801745
-14.556018364896586	-1.8009582909247621	17.749582138634285
17.525259199572243	16.306962479891972	27.12030257489401
-2.2504926052309013	6.424199059863685	26.99086701072398
1.8208859240214532	-22.92168697289831	33.469714532644815
8.808295876968472	-20.907339518993805	38.24755136369594
-7.935736186127036	-18.831875461516297	34.28486915923213
10.367370049611758	-5.246394055813103	16.00120675736211
10.313003622320764	-0.3742930676231252	36.47670637828978
3.6170570171750107	4.33113066604628	27.826944362470382
-2.2037372556667245	-10.084873132881958	-1.0147003513177282
6.168522741685462	18.35199487523125	14.581086091758628
1.224935837158924	-9.041881549803465	42.21428728795034
-11.17483495116726	-5.205111227551394	38.99742371907821
-17.832178052807848	8.712377340647842	31.989824637679924
13.1238747849264	-4.641604057200594	40.752627546475566
-1.205091842938262	6.157064586792103	15.699905232564948
-6.715847107927994	-2.607217544302684	38.41790859553492
0.5341063816119345	0.8713950097425502	16.459102389834555
2.5268394254454787	5.170810856933688	25.378256949785964
-1.1688411454630245	-4.72710466915076	17.799145026922684
-10.286403775819664	8.35147660015698	34.97147016834474
-6.400288755394168	12.921504458318447	23.010556691697534
-7.11792829999192	-10.026295907063732	24.838988443857836
11.61419317939651	-0.0872252686187959	43.644368516450484
-7.755866471461808	-10.974930101919895	16.40414345719498
14.729563387529554	-8.719958546495592	36.770391541093886
11.287027142398582	0.2606083572201696	20.850918136439766
-5.204581906778289	-16.693455024003395	22.780773048185964
-31.950358588076146	1.6264775551955977	31.321330921861165
11.546885333864507	-1.3814208947081137	20.297513217470858
4.17722413237985	6.49386534411605	15.361250630161422
-1.6998650236772388	-15.713189425258253	22.05883990132947
-1.350297447859089	-4.9365062416947305	28.405634167045058
-14.681869953291994	11.609521197820316	43.183977858465845
-9.44760439301944	-4.157962495255592	31.994099884187158
2.4490183455490935	2.3897927921418702	19.294952766686624
11.180628978455797	-5.13076027425715	26.267095876529645
-5.803759539212045	-13.411616128731898	35.863925531560454
10.188567642810849	9.269844625777665	42.883005542372814
-7.704403353350027	-5.475913059774458	25.604980207177288
-16.54585662346642	15.464807074015512	23.656252476330202
6.075293993473175	-13.682573591419207	28.72596086964562
5.4484734846290515	11.882401616692782	40.21691761983948
-12.686181738114971	7.557970971338763	32.19469508895736
12.085975597008327	3.510715805598041	20.367188732841164
11.538383308114728	14.2197306818025	21.403712508785546
18.79084963690611	-1.4500419041071928	20.945416279143227
2.2387182459296135	-19.868554475919765	55.9977271240404
1.8354825669287103	-3.3462451532057313	40.37459252138104
-0.9083393644670821	6.908517795763677	33.21148494171798
9.926941421936322	-4.874664689570889	28.44298874057023
-3.388899345609312	-4.7064782950451765	33.95313650971889
8.108989632192447	5.818491880756346	33.07312181771189
-4.3267751371175125	-9.574116610726367	45.62284459809591
4.314461546689686	0.9209822681274424	15.095514447486417
14.656969146521423	-15.224844144477565	22.052993417150383
5.433106481208457	-15.741616032072255	15.823118167222667
10.846699154816426	-9.049072632092024	29.79019415748183
4.753374381083809	12.498438614119367	44.60101889660109
-7.213028256620304	-8.544913371008981	33.47138945008376
-12.447844332798315	9.319252403053254	29.457268769859624
0.04880553790486865	22.041819318542338	28.3329449199049
11.398169855140196	-0.5484067079361231	32.987755672989806
4.870926903148206	-1.2766706212862409	13.003874577593262
-2.653701691014285	1.774740027429727	39.67357178907111
2.746019480163871	-13.732803358717312	26.921075468497857
3.683702312709184	-6.067077966555355	9.235505392018496
6.835811869445628	23.361346164236096	11.312290776175391
21.81877937838488	-32.665857387504666	32.86867675195856
14.890606378499315	4.441443001171205	32.78920890043891
-10.33465313295607	0.8585397656126812	20.32673556762878
-13.013128693920322	-4.702877596560766	34.27990274251119
-4.1188371887518365	-4.714463981349291	13.216105048450853
-11.530809022375122	13.343142041817604	16.678436855458653
7.752196951069202	-5.199234050960289	36.728728537580665
11.736986086144569	-7.250950423970553	7.5565990382295425
-18.806780101788952	-5.306319173792802	25.518793109207973
-14.220923474698683	-13.774697486437027	25.305084640969536
-13.962744390996162	-6.364345584862384	33.30718496653806
-0.940140098229179	0.3704260318502367	31.440466135860817
-8.740146996594277	16.74388770677234	26.046945442869113
-16.573520680825442	14.114866435400678	18.893827490040096
-7.148382914703956	9.702730536831822	37.830512882082644
-8.382658015435707	-3.359022490212821	41.27863762234984
0.7510754262845143	19.27081850982136	40.85631264482237
-25.397605451642534	4.919104031010905	33.7841988567798
-3.4655484015704223	8.437232070902018	43.09757978779469
1.234275154585939	-6.334877727709989	13.928541635465386
19.579407831322563	2.4790887121806633	22.77065176735936
11.359829783210957	-14.5927128721842	5.717759166227346
-2.9713783888904595	-6.225464088689883	29.60681440614908
13.343618682684323	15.94828640183689	26.87735191770904
5.1669542801369595	6.414926762369694	31.49928279652201
11.07544383664875	-2.534382777521932	15.515243156503903
-13.082093420118516	12.047877552769775	46.561613993070566
-10.648647046789826	10.401228358220777	36.30648143077836
-9.732472470200953	6.575651188264478	15.223415175585941
-9.204805073772675	6.824637269434452	33.59575474273875
12.232598586297442	14.086581847226661	11.541574609260849
14.777135279271542	-5.376183015933856	21.796550492036026
12.320925578056032	14.448087442470731	32.015949579768964
9.468438297989461	-3.4440417120664124	34.18402819961011
-5.012978125287436	-3.763489203030679	22.984507480394175
11.211019471846992	1.1506246735480539	18.54076182965955
-9.534751844429515	-10.395487613019016	39.54736082633105
1.0741935735543153	7.6643223375966	22.807797574447466
0.7409419887814022	2.9902706441871914	38.027702658278656
1.0089282915923141	-14.578130582583867	15.240650441661549
-11.685915433696746	-12.080104844253414	10.446336172973862
-10.24008654391239	9.46025225439171	34.98124012795479
-3.7628231815585904	-4.086937550679124	29.913043350554286
5.8571403051600734	-3.0871426410130542	26.466670408838894
20.960669896334316	-5.538297181877225	30.808013817874027
-5.456298856840838	3.6848671509755344	11.436534679610691
9.103638894954964	-7.726962912707154	14.624009966404223
-3.26443415401552	13.727786466604528	15.983280590270606
5.475418761123336	2.00935739662689	23.33686302205792
-7.474542557023479	-7.682083119824234	21.297082287910484
7.474016477849301	25.9573272877332	42.51597964177992
1.5227791210645727	-4.41582352819098	28.042166361140445
-5.90841290054372	-7.886260252612194	29.138780984296893
9.631069440514715	11.223361247461579	30.690435302382316
-6.789591017130294	5.197861069652811	35.70229143930112
-12.545985813177925	-13.42665118095132	39.46897698225675
-1.192842641492815	12.75272774938889	11.008199243032838
3.5867986520837194	7.231530954092534	25.62952588853174
1.4430022145001224	-12.172522068894963	48.00589692794197
-7.432762355802794	-12.434354282318402	28.66524260414017
4.565694772846433	-9.241703419286825	35.57236369389916
-0.08124898645959705	3.209667718718248	34.66535630161112
-13.453397382839649	-1.6407512583477244	27.38335369288413
3.1931528742202393	9.434534994673173	36.28782894665059
9.957302526795614	-2.3287736508916606	24.501827455552107
3.275743597829755	-2.3304188512651622	14.064054286925497
9.434076576466609	9.373440654753546	27.69292689278765
7.901392891171182	5.903403443367469	33.50809956623502
-4.737477070879981	8.374422117072728	22.45497598174424
-1.9891488553346228	21.178520667716242	33.021792123901704
15.152499246511756	14.026914491239024	31.705045361452527
13.362854528011145	-11.559275981541738	28.582264023327962
-2.744706850607242	3.5956322401154606	33.17502640695486
-15.116511000467696	4.218380650742743	26.088422381636924
0.5627155703120106	-0.6872859594560172	28.690156844951225
-4.493224274895767	-3.4225517107731056	7.244261291593965
15.586107437098896	0.5973027663849175	25.719692511096873
2.8880964323462384	-5.706255147110886	18.456677310090008
7.324419849805714	7.3089553934470715	27.335534317654595
0.7059503244207367	-14.570898311610698	19.472687575470932
13.698391409260884	16.005553696621725	18.701888118440394
5.610038809307084	-13.953752967321911	19.67591559747793
-5.4857055673933575	-13.567699622444227	3.40385707908273
8.804150342690852	15.326839955488332	32.638250833783495
-20.470334959595206	0.8753050077452574	42.91508597124406
5.079443442249179	3.244506157642107	14.802144444839346
3.975236720347527	8.946448834469123	22.018247587222014
-6.699203911016881	13.1811157050545	24.753203111770766
18.94781482010049	-0.5434896716333922	20.191157630167282
-5.24346645303552	-1.5279636760722188	31.203147234488902
-6.437180527437899	0.22251937799711022	24.94266700517469
0.4704434003362682	-3.2185927825690523	31.27542083881419
7.92740809018018	10.923237410872687	33.314566726898875
-5.401781442002411	-12.286028905094991	18.40627679258381
-3.9128667507729737	4.743423904476861	29.471421447517212
16.41321368867007	-2.109520842625435	23.90399332252764
10.05812699066082	5.411248708618422	21.431989312931638
-8.547472606462476	-3.0268941329177363	43.47449162016677
7.802416589440378	8.087951228263092	37.891132953929336
-0.6840326464624382	22.169146835058203	29.026011309657637
0.19884880038403038	-15.93858253850172	31.895379598388413
-3.9556135810477966	6.750488747939971	50.59113204799968
4.443189685084702	3.2102543671749695	25.103093176691463
0.7541581455596004	-20.282697096741373	27.98855368798071
10.597049283961002	4.924541520306238	33.24891148613591
-2.3657144244335417	-2.8076648094953605	28.49621409247636
-7.113841146295875	-19.121968458452322	38.33616781964247
-5.000301315221267	3.0624264624921422	30.825679594184116
-24.383031814887683	9.216234283390039	37.40132089428121
1.8306991614692636	-3.7874078902261683	9.087427896357319
-2.2788393083268055	-0.4235874416437602	12.686605605917538
-4.8142843082837565	-10.687327833335418	37.34002299683142
-20.946919407570164	11.496735798231118	45.09553735208472
5.8097674512113215	-10.311820414575427	41.03307376461439
-11.149582000500079	-1.7254939447178586	23.908161336520998
3.3141426821269597	-2.2806378630338733	34.319476256597554
-8.645313273366282	-4.763157126455523	26.660289538568247
6.090106986611045	18.81941689680498	34.58813090121902
-15.522187976108663	-0.2395773053659447	43.13988317485271
-6.2409958781189925	-6.134634094322222	18.647507868409043
8.065029197410336	2.68959276614423	26.078359116198257
16.659016867694024	17.08340550191789	29.16848434268
12.63320686768205	7.71445031368952	31.035218514892716
-6.762887883417237	-8.055246109227124	46.275510058560414
-6.622559513051737	4.983791642641809	36.24276644425672
11.413969787029695	-8.658488197967667	13.114487008560067
7.233015057053727	4.992292636184046	25.27060679687365
10.893588330702253	-11.42697394438862	14.530980713785508
-9.058123033524435	-5.045984562518665	17.873970330236027
-4.659160709524654	7.88730124721853	14.088461357265766
-12.343164404460731	-8.1507791422992	26.698780970943734
-3.203279426738275	-1.4431966622227343	13.217740370526506
3.0225769896350156	-3.2295980105526914	21.092765727928665
-10.898939205729718	-1.7487824312722662	34.57064898783304
-0.869790733039223	0.029261579276608232	12.075637216604402
-7.76260492553968	-7.256870819603243	17.39880043771615
-10.04365051705269	-13.01006218923984	26.176907795643928
11.558964256051143	20.841275268017437	37.78055659561413
-4.998292047423555	-2.7522668616684265	30.82984479281512
0.38131355418487445	11.268920671585136	20.073675553519415
3.927321565365584	13.1906928409913	33.70540917889477
7.008617505914269	-12.130793729566435	27.364236406340822
-2.6268382267715524	0.08533725132861708	36.085921169465905
-1.8774889441788751	-13.738997714825405	45.15908006993167
4.618076566312648	-8.308589032176375	16.555615142560715
3.880409639025589	-11.225931339636581	27.444254538796084
1.8995681858484923	0.06595564636048755	13.343311505341928
4.513756246714066	15.147056993295271	32.02015572440165
-1.9393597439955068	-3.5449141224478407	48.80958860987763
2.368725657473497	9.529154703497678	28.996041167229446
-4.9084160392746305	-7.725638844969451	48.17889255857984
11.049621760570789	-12.790375016029197	26.799909670940163
-8.87840669233708	1.946733822638015	35.98922532234968
-14.267704224419791	4.0665830862527255	35.250423298106966
-1.9806424923000798	-2.1061859906944345	31.522834851286767
4.98323296664921	-3.568907527007708	36.913629655473
-1.6482518944856148	8.390093199773226	21.468007574763305
-3.20891098881129	-1.471255698782894	29.216773658343467
2.990790639758128	-8.944086547819492	13.341664460068916
-10.11154507608087	0.564533096072055	23.994465023305963
-1.595396182746245	-2.376307585794917	25.193779538585623
-11.594793144947069	14.717861289487322	23.774980056934414
11.2071346362847	-12.81632200887849	49.460577330070336
3.578785347803186	-6.422283288765645	24.596108128592554
-1.2678179056585397	-1.991952832560167	36.363000810493205
-7.4620426258635355	2.8004653337959895	23.286445937309686
-1.2414085299602289	6.0083741374533375	31.066573875926036
5.785974144562004	5.531492382520997	45.194903405774184
-15.062736452212446	18.605727512435713	25.908900184347075
13.100487340519697	-8.118933099203243	16.774292857449726
-2.5560512689249046	6.547356401459558	40.57379927399998
7.825848659703056	-7.722594726263459	32.13266539984869
-17.528446129879683	-5.325547221372523	22.52494286326536
-2.8418629236765467	-0.0583091384973142	37.91698077888941
1.3909315009485292	10.302533708097968	23.315653591016464
0.5530149210613665	2.1269378499816227	29.73635112718483
2.2570741172820634	3.909763503340582	31.63679908292667
3.132746660583368	2.447787430629475	20.36222020476793
-2.7759775389116204	-8.881580493109734	11.699449247806154
-4.292218866598581	2.0209818222874834	26.846566218047347
5.437475066867692	-23.157447447995935	30.64412872680541
2.3372033445511713	3.432161805106762	41.61801471784015
10.795664522277173	-2.5687495182769298	30.861607438046505
5.846058124630788	-0.8278009498219061	24.583642811933753
-12.848917620068725	14.426560395821095	38.94096043152746
3.3241781773350967	11.13577462368948	23.488911422343087
-4.203115768566773	-12.269527350707634	26.17311499609416
3.79466634320397	-30.957975711048178	22.55649424780558
28.94396471984657	-4.719641945954469	37.1411518232006
-5.5938530973320875	-8.793153931904966	26.56914881861438
8.953570449544033	1.2375435942171915	37.855402983158775
10.55631380533816	5.878591969561931	38.132314680669154
-10.46682436433861	-6.593594602707574	32.79091711646036
15.991545937584323	2.3325899910360484	18.902499509191323
8.164497193556869	-9.07745939109282	22.413459572129526
4.390078845699438	-5.9295411900413555	36.229783438967374
-3.1575577620736004	-8.576950851524414	11.350511715723833
7.787883347112617	12.028248748782831	48.34460299817196
-5.039574479356804	-19.949046292177023	18.926696438539693
-5.203714023926624	11.364634462591368	34.80575899425508
3.6205522993260426	0.5146016359742457	32.482113809651096
4.561510155487123	-12.360386256580602	19.843710791648867
-12.210659715887681	-22.87518710625891	23.04126428316452
-0.753900625944187	-1.7701335987016509	43.02699558562243
9.576074913177495	4.634500813329913	24.43047438433197
15.06121306191131	-10.81275438375985	29.36238688716471
13.956680102291676	3.3309980108725625	44.04946522478912
-7.167800443242393	2.2582339805512337	32.439002984757174
-13.382713889218662	-4.087430281020831	19.968020008953694
6.92086632800609	-1.229583187550309	16.51667558323114
-5.573405317929944	3.0164201851864125	25.557796606359382
-2.25828811255632	-10.431013625606214	23.760557099073473
3.7769098837353954	10.681247472703973	28.905141596195744
-8.66981138334889	-5.370782993262645	39.72830921440376
4.524431787928155	11.10762122467076	8.500092017221764
-21.51782862823452	11.77361810657379	18.61577056748709
-3.9225391933913616	-21.186875227979204	26.659147134472878
5.927905971165175	-7.3880810122314555	27.16123363829346
-2.4576791640455657	-9.82581848912121	33.745968490022214
-4.759638383238469	-6.328716424375643	22.525234186770035
-18.944822575992134	-0.21027310919108777	40.582805701785546
-14.060169194970811	-3.4030602060699975	22.537218931030132
13.405620395476273	1.8289440138813529	12.113478161889606
1.3566898754300094	13.390619643004316	33.11652816891382
7.704325076167947	-3.8309438336717676	40.23666841154047
-2.975075296441295	7.545195908487753	39.82601875829634
-13.204646002958295	-4.9247199028714	6.5554822651632705
7.331526309175099	-8.491484603772271	27.718031072644266
5.7317817696174505	5.442370964104773	27.295734986717672
-15.23469561835428	1.880171469137582	41.01216384870596
1.822288030248144	12.265867308294567	25.171843416634076
-2.890005363325524	1.7186496565036582	31.61616280799104
-13.444719472451489	16.124421274570924	21.250285528328806
-4.067011815544758	-0.7224798438342318	36.936596662655816
-10.228297701351392	0.34068455373800777	39.50717019366326
-18.2402390946215	4.424334210988624	25.59246803220161
-18.21452061518563	4.708118439331558	39.255199742941016
-10.294031499024403	3.6354546200281943	50.129119674542004
-5.43720732053796	18.475979309430738	39.27284878911506
-7.685064303420247	14.08596998497324	15.001555262843313
-4.381843137612529	3.342719537794723	35.040798871490395
11.342266286355471	-20.204380535819418	41.147499497788175
15.216403061214478	19.639963970676444	37.020882688146635
-0.6545267849920864	-12.238402313218957	38.1137709143694
6.741720554911056	12.864287560532595	24.53833740417126
-1.9473432088695848	-1.2876069450897665	23.80290775419242
-7.8893218042027256	-0.20797949418793638	21.767913269580195
9.092704147346355	3.871338929889687	49.70602355795602
7.568655051480277	-17.50274390184315	19.70921334172398
-5.770727701000443	6.607683509379764	34.996925574085985
-27.882985675036053	6.417493954519231	34.315030115244525
-0.6837359924919261	9.997024305030699	22.174679104922113
-1.5352531197356487	14.759461633741246	22.072339544172927
15.304124992496265	-8.401044423522201	14.593502035856758
4.186686241025451	-5.472992015891313	28.692275651349703
-6.278660647473556	-5.878499750568417	18.585955639918247
8.579669938014856	8.243182205888049	18.77956000316621
-12.186680397867661	4.94979420142612	28.225409434674607
0.7233618272174723	-5.265114266723395	19.545137837835405
8.34894219278034	-12.77595435978095	15.589205084785585
19.41681355319248	-11.778651747368942	6.78932034195083
2.7769734004616584	10.6321864288737	32.35362358923165
-5.742793800033863	-5.948628186472899	20.24909084659863
-16.793322784685863	5.846475904325285	27.408793407100266
10.078577676105908	8.586270518585154	42.48731951695468
-9.153138899060815	12.41417617044786	28.067032992970898
1.399254188497647	-2.165579523105109	28.779903369169464
19.06120406160437	0.8578447635424358	31.79013652571066
3.1492656861680928	-2.003296494545229	45.160194619352694
-4.746856953321205	4.2699132849099515	44.311213513334565
-1.7266656760073376	-7.308200598552974	38.98049355899437
1.8546620278264498	-23.838803403914405	8.571712964934871
-3.0885168655747623	-1.2773422977187687	36.113847306626994
6.894457988593534	-14.332825920361627	31.97944627301247
15.466965690599654	17.848369411578258	28.32640122397918
4.517826722382643	17.10291251248189	17.548209970223596
-1.2557264966619015	4.93439889624101	30.57564044634501
-8.327837356116742	1.2865697729293677	32.23005639025358
-0.35270597999428843	-4.194644191468342	6.303884697618699
14.822437024742683	-6.890423040318153	21.871240706944818
8.732795537234239	-2.8310156472898678	27.67353882751995
-13.948960228464644	-1.8427287587226857	33.50927792839563
0.8442115926439299	0.5527006165069279	26.142714926904375
4.171113377559627	5.814699554734356	40.608420317880956
-5.005615845000834	3.218633596411942	22.006737763066653
10.256002970169263	-0.5844475217734554	10.111335224607036
-4.470595567237807	-8.80944410476978	27.272039965879145
2.0094691716712196	2.804692503674653	31.941090125323637
27.862181074508868	1.161078412493938	32.26284934550595
16.63227415675934	3.1391101142300633	29.41260357868321
18.936446964339307	-22.06312863406032	16.300621340494608
-4.052096130329011	11.489913414679332	16.83454184116139
12.432643224266027	-7.934560313273959	28.189414333925328
-0.11189600511101282	25.036808088730456	43.7530596313501
11.586953277141232	12.442931206293306	-0.12318515510327188
-1.7216171773087643	15.301599866902382	26.057323888379926
-8.174253975261704	-10.138806340030811	34.82553883093824
22.668325367772724	5.655265059736241	24.70253208596671
10.327091625304467	4.272376297822288	31.950950690631263
4.208123325252724	-13.046638404127041	32.12670535940469
-10.10210611161668	2.7349733305007016	11.987979059595471
-9.617435105410351	6.748496892127024	47.19978577179261
-13.742145190743177	0.7639354669887022	27.9189596567851
7.697671326790595	6.233138125108532	44.22757444084679
-0.5757471113558741	-0.7155420866251851	28.36868201133003
-1.5546104279187898	-9.317861831345617	35.02270430931671
-5.0279695249385705	-9.727146179461432	28.514672598841997
5.511714271086636	-5.266198431244029	31.16476672331486
12.433591145940493	15.580408661129772	34.471869802510795
-6.28743579343111	-7.7570458835361595	13.330072876549208
-0.23696671686442994	-5.852357009961089	42.74373084488335
0.8057487832161809	9.221030885402392	30.86110483425657
-4.728616741851207	-7.202341935681668	41.43736544664712
7.384831442723235	-17.442832819785867	19.035092031045984
10.724072362233198	1.814021567080265	25.159784065775966
0.12990839815721464	6.357693402544707	23.281573203658155
4.76668150427558	-10.023901188647667	38.09462745625644
2.017923494263079	-15.868368778289987	31.994063977198113
-13.865798268301393	-5.579459471650253	36.1217328285918
-16.375173257808125	-3.736579802787614	35.7994901586899
-20.031389648044513	-8.1374557671792	21.351197234225964
-14.645227348691709	-4.6043289396067975	26.01609528760074
-25.007253167161064	-3.1544853463635665	29.394261389197197
-3.4023991699946112	0.8880739555257091	39.97317705877447
-4.463015568224511	-3.7567485719818876	28.505185539977766
13.413340343717586	10.589507775098657	21.398002676762253
-10.718599937235613	-22.39627808639067	42.37890010446886
-0.9869140677741183	10.218178972699567	21.61863889788355
13.736485968735199	2.9898966678911556	47.38603056494433
-0.7016509292698759	-6.029174859474748	27.007426924583267
-18.766857693869806	4.157063220140666	42.349123574186954
8.383871786064514	9.122749864935315	33.854702787608716
-1.459651617477493	-19.88086589571381	39.47460832968372
4.56980517419449	-0.9228082246044971	15.905499997515598
-8.00559694529509	-5.28123071085142	29.456578289344115
28.567314059152125	-6.076534256989637	29.656347757738626
8.493528083299726	-4.057556030905928	36.816161061291695
4.594331953000656	-22.00152739345956	47.44128571121662
1.8005057659958563	-28.636747388846988	26.053932908918576
2.704875980041236	-3.1405519309622907	29.05150421963079
-12.062414038580506	-4.283435106572753	19.206653901548698
10.685496835863903	9.097305890903046	36.186387190182664
4.51941219228728	-13.207462694570012	21.575073313970293
-7.963011802491627	-4.351332841497121	14.700659971750287
-12.627091554180996	-1.8124511360200237	38.206260410448586
-3.1705917050913706	11.340486429464258	26.91199929937157
-13.87674022803828	19.3734206258136	29.188630017112455
-23.358481759034543	-14.14070189705928	44.58210011766623
3.5828326326474356	18.079103288986033	26.115559806246942
-0.007256929182486819	-19.88059177816131	23.45510523412874
0.7995287091455434	-21.05137669305804	39.10447762568546
0.1594274980282315	-12.101783722001663	9.669509730295722
-6.433382316813906	17.846113481349114	21.642601692562295
20.615821630395494	3.1393870567063606	29.115352397744243
-0.4557242124437163	0.48242829016845634	10.480654940472611
-4.298738859172247	-1.8556636246105553	28.961600757821014
12.592167384011926	8.414507187469697	36.583720360769924
4.591455226158429	7.083302247958233	28.80530522304752
2.317771543478822	2.2126430952109515	27.93445491437139
-1.313446142167999	-10.896435616780307	24.23606005527413
9.656206656886132	-8.054396733360546	24.41587922555822
-5.567013007751509	6.8758837919358875	33.03526291013354
-3.5024854576358457	14.513706958189934	29.951235051936845
-6.491512917061328	3.548889429017856	31.81419242010527
-4.029468524721116	-1.709773086977628	16.93000823514261
-11.871952039253477	-2.6508337545442084	35.62370558677933
0.6401451472144426	5.881188809294557	21.887002535399574
-2.1697893018624432	-14.06056126666737	19.017476769537524
-4.508758345825243	-9.732256675570557	26.427084237740427
-9.407093817753164	-3.630415565466483	21.59632898557176
0.8932957310225392	7.915477676889924	19.547836426624535
17.580685888711155	-11.190581373488227	22.241737085387356
-6.060596315415577	-3.8577643168661795	24.723261523689004
-4.5249548446589065	5.041828651433398	28.423592972024608
-4.651786583775675	8.36223856946917	19.054537183981825
-2.9868871249352558	5.332793551423722	24.405563701210127
9.762333139437732	9.193595696594215	34.356802384632545
-12.769464791371588	-9.66711075659715	29.623062586224325
-17.720822778729534	8.940917049274864	17.169575385119927
-0.10385044861435323	17.333522857761253	44.19346856820748
-20.852321846685385	-1.131749421799015	18.59489847743917
7.782058461888344	-7.2186561788119405	31.722774880791352
-13.414670093369674	8.915996265274922	20.678247066453967
-7.784313668638049	-0.29589843551260403	27.070314533083224
-4.272971255669571	-12.19229179682432	22.261586898297903
-5.758773049639064	-8.245451671877607	38.14264774176533
5.796223138653791	4.7558940613209995	33.88995190643103
-6.694302625338453	-8.72888077555142	24.975660201832056
7.014162159156301	14.874783407041	32.11702674245047
-3.2948305731404517	-5.963480780447607	43.617407402706824
-7.998851289321788	-16.24969740958378	30.673138696946747
-0.31326781130768655	2.379052848709939	35.410888502655446
-20.989255637564153	7.754567082602728	35.18125288889193
3.763582000431767	23.440166935366644	44.799163249026435
1.303204268007569	-7.168219680739751	38.4015973915885
-2.402994132013869	12.563059563009869	21.433303732310335
7.336992818263983	1.4415019777507097	47.324240407626775
14.080674321596012	0.7246975990475591	44.74783449415894
-7.522956183755559	-14.463330829480634	20.929713921804996
25.963326323488406	4.483780603661719	32.651480595772185
-2.4932402675908487	13.57040420281503	29.803361174536832
4.730567060840029	6.019368008579393	35.87511990485028
-1.0250705856405273	5.816623370747532	32.68830923558349
26.99087494030426	-2.1722429028253085	23.36090400832761
14.834244127640941	-9.357256721251643	21.83838200694911
1.9102657128847826	-4.683809161988493	30.642502953265307
-5.39886391649793	-13.39799653568199	44.78405174414978
-7.418091316219089	9.74124866067237	38.51674413123379
-10.029094816330455	-0.8169979856367513	21.003944797180928
-16.43127024027262	17.79681080979539	12.730347463074944
7.178860272461332	2.1300301878688406	23.122651775530812
-16.590747035695316	2.269370960770675	28.660803788192663
3.349943449829691	4.2303836095432095	34.657306722486716
6.135806999503522	1.9238296537855937	33.59543488087251
10.557885967235013	9.764369934579854	16.602843125539053
6.6492814697300515	-0.7619418821074784	29.901801183165603
-30.228059163936788	2.874635366404052	33.43272879661936
7.566805179773369	-9.100584142616611	28.166782567083416
2.242054067691247	-7.450493353535195	29.044915586613378
15.825559923139089	-3.167541800565426	19.018583373698448
1.8724142682462892	3.1372951421377087	24.784899953862706
7.126555728340854	-10.632298287387822	46.980116582577715
-10.896168679859976	-7.385136364229186	18.617407707490973
-2.643226006232742	-1.9333352857148298	15.993466505440756
-5.856651519454033	-0.6198195838222529	32.2746876688902
-11.401763929633029	-1.5441215095775003	20.422623691863176
-20.88239998409786	18.541426722500617	30.35900537564159
5.650897787278407	1.6853076217427854	28.874703129856385
3.4298249720403713	-19.420891045737836	30.721705319466878
6.346301689803581	-5.157399407033432	31.889126003843884
-22.02196336435648	0.9719055116235709	20.74770693645715
7.878376822209684	15.22568197905448	31.78042886261949
-22.013797588603204	-5.727891214012165	23.9490117111038
-2.8290286994674894	-12.574390284688286	37.6333090420181
-4.842769177033716	-16.310328223628595	34.34596352562742
-12.016780238851947	31.18697396630465	36.05383307596748
10.899978441795488	-4.453756253799372	15.949528147123193
-11.093611100836293	-3.2102850341275135	4.854383497725891
2.694363249239688	-9.381813596334535	41.776603035079816
3.25347700057196	15.622574423097799	34.011999185092826
14.773267129117029	-1.8066389935762581	21.765449055760293
-15.324693850453613	-17.127302791574955	24.929502031629845
12.516064404723304	11.730403873448408	10.640671179054145
-18.07734521421906	-7.378676488954627	27.300464064235083
0.766886241494382	0.2579949752549955	4.783981919379286
10.295889773631583	-10.441893813980801	30.523042890497948
-1.3372332069231154	19.290243981851493	28.827124901582614
23.7473446502802	-12.799118387263764	22.157592092385762
10.618683871833829	0.6653145871228033	17.988189576143085
13.601528881681812	-11.215832948312787	38.50341888750381
-15.559896705260384	-3.6937079546995517	30.465233479949937
-6.996154000380512	-5.443192151221909	20.48771589325495
0.4623152931312982	7.539618846433058	25.142581307693252
-14.27913923695121	-11.391202460508863	12.486060749412585
-9.638032943379715	-4.618086429135654	26.712855233999463
8.399731467708193	14.726709703447394	22.256120511216682
-3.7762089855319187	10.688943112863045	16.739472754297715
14.111205949208895	-9.200261294220514	28.58099827572576
-1.7249347239609327	14.353573095722002	40.14748760352528
4.090439029771933	1.274478277272616	46.12585370048021
1.9103418785528938	5.652838987414871	44.24659826814587
5.584998221368717	-19.914286371052118	9.189616550727187
9.545116098110745	-10.296652587412451	30.800197060374416
-14.397712051630565	-18.20839100336485	26.11518867604868
-7.7898812198108	1.7536934215413247	41.06970704745119
5.431551987410818	0.05662570915346111	20.316440354283944
-4.692647231121387	-9.13621940909618	22.105385914042106
7.399311664454786	-7.873528712994256	16.487407648145506
27.600052462463562	-2.753970378604391	23.254128433919178
12.187017955148118	-1.2278707830045281	27.09610514596216
-2.2538752867016694	10.697069921466802	32.257726943611885
-4.950850740705416	-1.9162929519700909	16.12576573473891
7.7147457911670685	-3.8557963357202802	31.48714620402396
-7.794508695755148	-5.545636310518487	31.10645452287387
12.699719209880897	7.9642786703922495	39.5108453863609
3.00914167515647	4.816839772304652	21.595988562923488
-22.996096479675217	-4.200868043385423	35.48807798904334
-9.160369908854141	0.04712651618575447	32.28473006086063
-8.963949748207122	2.656253807541246	35.93779791628146
-3.4237002331099182	5.51511411693408	24.057232904135798
-17.75098977358244	-3.388145155284295	25.46142242987359
0.4045883012670626	-3.9852068612566542	21.211775523909253
13.250441693522406	-6.0317046504275815	25.095484235255757
-1.431698299989515	5.619031733249092	3.0301852124095703
11.689438269618115	-7.634010271101985	45.06406595226906
-2.7416747867120286	-3.992356489303028	27.73778385315886
-9.72716088289204	-4.016869521069661	37.10755392653219
7.056715312331705	-10.823672070568641	24.277766869917194
2.413116252375817	20.28180831448705	17.204892047204424
-9.139509224067107	-27.743118053077946	34.38020175164427
-0.975757972092504	4.581561571176129	25.177118868068746
4.680497304255458	13.294005523354489	31.180036389832622
0.828452071005672	1.924798804824931	10.726462851581843
-9.651623377841306	3.080430959674221	14.672073260595555
-2.8445426614746343	0.9208792539930472	28.049269128936754
13.50842006789719	9.793796110577148	55.9147493826477
-5.684708057580918	11.029118235191742	42.99370910853126
6.040865086949073	-11.824682440794245	24.771531729202664
1.2469859586063157	12.050619275619667	23.69185664335252
5.1837615353096735	-6.857405210453184	28.818682744113435
5.152248007804112	3.068076640760753	31.39867876997312
15.563826673519712	22.92201031464936	26.932739421773462
1.4163982359646519	-0.6142911964491591	30.992049131409345
6.564689942539776	-11.774714177929887	18.08889718761039
14.368550656230807	-8.907193131655522	28.056234894422325
1.7581695470402934	-8.02549375059762	32.84918340806259
8.3586971363279	-7.617977536622399	9.414317513165148
-0.28903725932050506	14.783692977651787	37.828989554668155
-20.267224976478047	-4.357343615703877	14.10982283084855
4.64931544944953	-19.512128583020264	33.11563203156476
15.262192758858886	-6.630013765051431	17.914709262489136
3.652449012969745	0.18417651078924896	18.416404461648796
-4.2936488330673	7.013561855502499	43.477547407069785
2.937554279975534	2.3763461744388445	19.096124838430704
9.377301411434035	-2.364686745109246	11.139966605265567
2.5852185284692513	11.277161587948026	23.139903491044116
-2.445806043420636	-2.832456925890158	24.525027901179634
-5.406006216810133	3.481855567515461	41.66125016381837
-8.650428864657014	-5.757105692805345	17.068673857332037
-13.713211241949782	-2.0169662284543826	22.448513215753437
15.24578629117267	-24.922494642847987	41.24754715949064
-7.215342662512687	3.1455246271881183	14.395860699716449
4.148504900431565	-16.671355849670267	20.362017869301184
1.610104055097885	-20.12147760724336	29.580316752021375
8.393381146753566	-15.017209661043278	26.801047776745765
-15.038490535528805	-4.510020031151047	53.2366439722596
10.112641796499474	-12.11945344186196	34.562503329798055
-27.08550285661822	-7.725642986876112	44.661578003861194
7.891726548831355	2.5421818281629553	25.83699816505568
-7.573981440430279	-7.069221693049691	24.065191318916227
3.412155819607883	-8.705580158352147	41.05599715845046
0.7587962060649728	-11.020008616988118	32.96592228764751
-13.317794999251335	-4.7338632479771094	27.741086151581584
-10.316241395686427	-0.7161515595816091	14.586987556954579
1.029728938944585	7.114548385419224	46.71825123095991
6.171021355784124	-0.8818853443639968	33.26352061708556
3.3993177885733994	-0.322223571811632	34.14079877616227
-11.068753154592256	9.97366040928714	19.381596646695293
33.95097237455423	-1.0101496925085427	17.365585500653683
11.98372729398889	-16.08996498198996	24.14882399471221
12.606393984161118	14.960497394433832	31.953441109140762
2.6499827245758025	-10.690988345422996	38.09623746880185
-22.28955053878975	-9.435648168753607	17.782034029492237
-14.53111299631474	6.758952296277543	40.21874302911088
-6.853229190737346	-7.648018141233824	31.802106434779642
-7.849782651270899	1.7562457428856315	7.118198092085727
0.7279578951664136	-1.6114920907885621	38.33264538131509
3.1472853229881723	-14.949908820164383	37.03975867814162
4.521792367619052	-23.025579578390193	25.651353515432234
6.830486714566414	-9.21051430314359	16.842606715205978
16.119518810312567	5.740700471544335	14.208417020343667
6.293213130890648	-9.19331783874836	29.95795423335003
-10.741964522814854	4.1144409000719735	28.66020708441181
-2.9784621678942056	1.1528371544023281	17.775617145245533
-6.020303309169485	0.853161388513899	30.13318530961462
2.3348573973308575	-10.166745705766182	30.816993580668683
-7.516254298680884	0.970650506129576	36.04320961610873
-8.053997289408771	5.580770828297456	36.15310672489589
5.938737842851351	14.529955592052453	26.80905189529829
-4.3646832273684915	4.720220005050779	26.670711966315846
-3.8557579407180196	8.529784925315196	26.03610443445753
-11.43609328695564	-24.199908108528966	45.267889228527665
1.3728908283832202	-19.879512459737832	26.107287762454504
-0.21104761922240428	-10.227934279960804	13.864096147666718
-2.4866266623207953	-10.303912078438845	29.027313874076466
10.881653686440316	-5.776135894144123	41.18470390716871
12.252746495056364	-2.6732178963689224	23.074462895165382
-2.966516893440142	7.488086933522803	35.79774087873499
-10.346577061102284	0.7977964991011454	17.877430878437607
9.310623143061942	-13.970758819655222	20.896930143260022
6.411012656089472	-11.759628860766956	16.68704780585312
-14.008041698089862	-2.9159395201710074	44.0971005705259
9.789285969055182	-9.459022115084542	41.11153904918195
-8.417167467026577	5.8984706076428814	18.81399637135887
1.0565777633824487	2.7707884960924014	19.50799722858673
-13.298027257407101	-2.656033068817983	28.599989473747833
-15.490567270627151	-5.122416378040744	30.889049155673668
-8.483260113537488	10.772016193537429	39.13758056277411
-5.160076918304607	-2.653568488138825	27.753233446956873
9.112809435514025	-5.336403648817031	20.602154911408512
-1.1143035922828457	-7.533865724236702	51.51446045551325
-12.965775690130242	-17.687913639567782	37.103425365131
-7.265929156938059	-5.640758727410995	26.966793218938403
7.644504668024554	13.108294339880157	42.49348111726563
-12.520479431773632	-6.0432802538839026	43.518876391310044
2.716030121765775	11.922385007594018	21.536020277441374
6.454462752553548	4.723305066422721	40.608723981279475
-25.24298927834897	-6.02467705996725	34.53994560035207
-2.9928918902759283	0.026036251492236855	36.84273865491683
-2.420251486045681	-7.227545968209043	-1.1983767779098287
13.352269940206758	-14.051510768469775	25.36282186093277
7.121323703489846	7.140284618005709	30.08250833099617
-3.851930538818718	-4.708371951448526	20.982321687046934
11.604915377219102	-8.209616528599735	27.81021783830996
6.519120516382473	1.2566004142774447	26.08284303097311
21.69895267561925	8.395325617324964	5.447055090110343
-13.837524401113336	6.399734752683981	38.14315267784437
4.967351119246208	1.5416188890890523	33.656639435247605
8.612231891666518	3.5524633003161936	33.38937491127466
-0.8815043892892676	-9.991727170230119	22.365185161307835
-1.3426328947066268	13.69961792047696	30.512228974344215
10.159757648014896	-1.4050235165744487	17.726701498343367
4.5656375043870625	0.8141743264417434	36.44255313764545
-8.706147852790423	5.725608524686804	34.2383895437871
2.8744130597021296	11.56739095640479	41.43090998290153
17.541896867844123	-5.553088273311724	30.62606253146506
3.472904037353053	-0.5607574729653786	26.52095830555294
-3.8856995159600807	0.6671634640510673	18.907549741861782
8.07957477159677	-12.902425560328865	24.931522822706953
6.323293907404696	-7.027179944041161	15.425333548989887
13.2893269148925	5.253633295042572	26.20652805179298
-4.170245651227545	-2.9237981110028386	10.563101357847152
13.598706432084974	-5.935940027924058	37.21662721013745
-8.194935992992974	-1.7820455134417936	32.97559096641576
-13.292705358689753	2.043873684540936	31.309813458186643
2.925703589928652	3.363593402371304	17.025920534656
-17.748412811670068	-14.823553689218736	25.008524021614694
-17.6206703754791	2.7242730749020487	16.48202558091615
-10.6660422835145	-6.8508991135291915	37.92893834898991
-4.981412497762622	16.147136582600226	23.95258084572503
-1.4746996905855727	-0.9102934586265804	24.201144418477444
-17.112879869323557	15.114595390119941	39.23721128924435
2.1063229360363853	15.567976754208615	40.65469438281235
8.727904339642418	-4.402785003336694	22.042785708295416
0.925647586276701	-0.7428873850976003	21.917699241106003
-13.362161844547044	0.7729429645693138	14.066955249914406
2.642738344552047	8.95844873145376	36.3201989833007
-1.2238584472665157	2.014974549569554	44.87787573718405
9.267957743739014	8.532346582294016	37.26360700782299
0.09842844044611013	3.7655002974890066	33.02100563994384
-9.087367133503275	-2.454888099113865	28.701542761890543
-4.841726491511849	-2.449030564780023	45.388719348626665
12.91794884428172	-3.3442925206681973	25.221042923842056
0.8168747695198584	-8.33628721557674	25.53231425259661
-12.01450610133861	-16.351207992725968	27.08482985739389
-1.904882947094726	-4.643303900786507	19.17375254603924
-5.1168836106506275	13.355379768373956	21.35278929307531
-1.2028296736566193	-8.138561754039102	29.985790790135383
-26.790260746292013	-16.086925958920585	16.923001018667442
5.013744419743019	-10.056475802915886	38.58085112729482
-17.780035329648125	-6.580917188737786	34.45534445216719
3.4361774864610735	-28.955029807572256	29.53916216876764
-11.380572638558675	8.214135536698477	33.24207320316051
0.5609154120911803	1.3348729508188029	22.31553155800127
4.788183206256387	18.518302704661657	44.02477763156123
6.984693512024359	8.56174696788372	23.03211839796559
-2.9153110079672495	-5.307168489315344	48.72585236823105
2.1660248277806153	13.269995566584873	30.54190129685867
-19.37102602033712	-0.0895627573947305	36.35230026317467
15.651540144232177	8.731318207099132	41.791984153734916
9.433827808945995	-16.080641796837025	30.798756468203877
8.60964587204164	-8.071141771733721	27.74044101845829
-22.77050126714595	-10.252616526245411	51.61158942838822
10.176722170704728	-8.372688311895939	30.549993894819412
6.7606062672708305	-0.7466575546911768	33.35964977654444
-10.717831985293078	-6.439324797354637	9.952407718400774
-3.292713608128031	-8.875867414160691	34.65181973950406
-16.017053681444683	-5.3187076691621336	18.575107132020133
-11.366341506095603	10.347638890578983	24.065772152622845
11.16368058551982	16.130592645907917	27.65380217583689
-28.281515283143243	7.34643005169905	26.242582579173366
7.432094570644175	11.610188696267727	43.03721120274416
-11.301058539925837	6.615107023496927	42.73927799988967
-1.6894263820749231	5.568907510745547	17.89862314458043
4.979038246757211	-13.723645870468948	32.03313749053307
8.044866796351522	0.8284119737699522	36.12384974458088
-22.48660441106507	-6.02022781849587	32.94585248053187
9.017846761699928	-3.0220384219304535	20.23710074483578
-13.08674210991902	-11.620674560504265	34.523355447140055
0.5839468556293387	23.747876408374186	29.829285509147013
6.2465200057233305	-6.2641896178055525	21.461319348915712
-0.5039850136466615	-7.596247202364561	21.91305057178802
-18.85509718721682	-2.2584918503790337	38.67556572887825
-8.147438054893692	-13.82591532585254	18.58341715606694
4.319063775107679	10.627418441777174	29.171399295326307
-0.735529154696301	-4.462368302336443	36.569768243904804
1.3221454466617957	-9.327010303699138	38.6103821941959
-8.70361307603144	-8.518910415690078	48.119643879243526
15.159071400304498	-8.131017102648944	41.62999237247527
4.48370410838273	0.31266287877492005	13.71191579487688
7.775836024264127	-5.3387114317087745	20.656696256132875
-3.8216072663589213	-4.335140923917901	20.96911936210973
-2.059990624311681	-1.1336001618216465	40.829948347302285
-9.11766568064185	-13.214263296130591	43.35080477593424
-8.090944495898476	-4.805644939279256	45.24971195836439
13.088108878413905	12.467009133830295	43.14772435961827
10.046957308394644	3.441754477827798	30.72392705571557
-0.9558109722289216	-4.978850811308525	22.263139134775
-21.114477567983943	2.2848542192915486	30.1536112229079
-2.006623421918533	-1.9185191286503909	21.16749752116671
9.014303131052161	9.395371464602304	22.408037501321534
-10.647387911172785	-9.259068781864869	17.963694969124816
-3.2732970856878567	-5.528458737609554	52.518621212249826
1.1654137625657544	-6.999942407864083	17.95780406124142
3.606896129877005	-12.21293334917233	30.456991235171003
-10.30489523816971	-10.341469545748463	16.931798213225356
-9.22128669994253	-7.581927326618841	30.01975944786733
-9.758270026721622	-1.8262452595885017	11.783867168691092
4.278241647756901	0.23027201683185464	19.92009743579431
0.8620623457868636	8.591096547671544	2.0252698813273113
-3.955045628265836	-10.240913778669093	33.65335264735078
-0.5431518435567686	-8.711361641515724	12.561218436524165
-4.6260903724468605	10.264155383570566	30.496128161823364
5.607355504481086	7.938135499728149	25.991907714223803
11.1815540724907	-14.24807045891587	16.125284213929348
8.639691379389937	6.663497871477033	17.846778108704505
1.3409561185168897	-8.764149129128306	19.065950427170726
1.2255712319575591	-2.725277772852415	40.44158885092759
-5.683272222201375	-1.4326522550783773	38.69921419617
-3.113591671436379	-17.797006157724475	30.10515686374456
6.918454868195459	8.497473046998099	23.32048357489834
0.5453300441686858	-1.0836173879954312	32.7233686332161
11.042697659742336	-13.253044417469313	19.97789945130965
10.44866688407141	7.048152256715083	34.490042533387225
-1.0803371792422891	-17.188946066956504	35.01144743079183
-4.176830587128461	2.947744720833424	12.165607125573613
-12.551867685019879	2.682906173724384	8.410588282696654
-7.751374312952013	8.35213861359261	27.140462760009918
12.318962273616723	3.866237542931547	34.0211244343566
-12.881120959643672	0.19670106725425227	34.869865831235956
5.362868080949332	-11.687829467701734	34.171256054350565
3.8469581501808885	25.7309010469778	33.70623580322353
-8.070853501825741	13.904885517253769	24.377897979297998
7.722711921212118	5.485734842193328	24.69571938117708
-4.418963076805857	6.160542700573184	40.93485708508072
4.949344518553189	1.1609210777220853	36.50580200544999
2.4431101948572422	4.504800016777632	39.05272317552299
4.264705706475951	-16.43256738856411	29.305613046012592
-3.210678974175283	-2.1847689913649933	30.110667857659166
-9.729463114380664	-10.966940046057594	20.48883055738901
10.888622289108334	17.212578169803688	17.139533629019404
4.239218661921359	-15.185628244094238	21.132697659385023
-0.4650179382722873	20.25930390200036	31.4355045151677
7.366624558258502	-1.8475723201692618	28.698907194616353
2.371517738545219	1.7601482421262817	39.72202068470216
19.089749703515167	17.0247067502252	35.1331097204478
3.755324686625058	-1.6097809128871512	22.941501688410806
-11.462130020860837	12.97760391307586	21.164769938824485
-6.5848787731450455	-8.93977381453356	37.720942003624785
-9.199475458493787	3.5477915107139015	33.03851494044333
0.9984811494869186	9.382980328961247	23.19037265469614
-0.2417231606889899	-1.7977929609394638	21.347565840682698
-13.35127662474645	-13.614540935198088	25.136518721460817
-7.560668004614522	3.2701154315216785	26.23089867756108
-11.641072186763907	13.282527358850551	30.462500643040116
-17.235248545192327	-0.5008733102567572	28.150726848624615
-2.2142486462607804	1.595556362103228	42.52763706674825
-23.719575079144334	-3.1596215422512626	36.01711496643065
1.761302638747777	-4.174946921095622	18.66578815199145
-2.513538652687993	-14.173776223230053	37.727038770507846
10.964100556777318	16.13101400413368	30.833617526590416
11.075128216114624	-6.357189385207414	19.346521813839903
-5.446473169637136	11.490725312656924	42.3920117528005
2.5741340884184174	-5.838281670814459	25.676604192127943
-5.261689555236847	-5.301841248068328	43.14817825539894
1.4989043496414451	-6.141258021786045	21.201944369114152
10.676736051848774	6.250920777858969	38.51466259329014
-8.17755141535278	-5.703674185243966	26.036639999523597
-6.030877543401156	16.285221031252345	28.899120485197294
-4.629654673062199	-10.303930105412281	27.645571738148103
3.8713307447132195	12.876759637434823	29.733326172755138
-7.666780938769637	-12.344111242623036	6.794332492693297
-1.8302972621640476	9.591504464273141	19.083844431593754
3.2934797582783037	0.18095296804271246	12.63111925959007
13.47101220489861	10.129349438976886	38.511159025041806
-9.815598545408568	-9.943830440252762	38.572527851489724
11.399157236712696	1.9996944023964152	26.093067807830824
15.118101445289483	3.2134524521753667	26.551536978962076
-8.353281295676014	2.144543316953648	46.64063846383418
-7.326494415055587	-6.52366083963182	34.469305924328246
12.008700644475406	5.298775647699675	33.17243803474279
10.024764524951832	-11.731499902932756	34.0572994768739
-4.696776763563985	-4.193937342660007	45.54032701035191
-7.306645529756435	10.135469046886103	44.808124769086916
3.5785130730348076	3.5149748535665726	22.683576505456568
5.328114457316241	1.166233454924158	11.269568666801899
13.79398940336632	-5.641578947639674	18.749657892210777
-4.379516540229515	6.145279428438059	22.928868064002074
-14.287552554841767	1.1908121382052523	40.294559140925244
-10.291997443857424	-11.742712278452789	35.440229438499685
3.798456731489259	-4.714354840918272	40.0889701127364
5.1825554324225624	-18.430034402279023	26.647272279041655
-4.378394859032119	-5.195232315925253	48.009555103369365
10.988285326204064	13.852467252787209	10.421211161685651
3.009484055201483	11.505004942732315	27.43739695475482
6.233316530847228	16.02537815906572	41.544085937109855
-4.779830026841775	-4.868475666545161	21.750377878107177
6.038152142621821	-5.8099381384474515	16.447609091042015
-11.317420426153532	-7.542740663451509	35.047242038487475
-0.6375810203126776	-1.3743087626878583	41.47912692042643
3.0143009455344383	10.823415158198806	31.625841370375852
6.488396045439673	2.370505789522783	36.16733144756554
-3.806077509484844	-1.9861660044811722	20.644496897573603
12.871540045613548	0.7276942606413737	48.36820553422554
-9.149431411109799	18.963964271425528	36.80725660328878
15.872725525581204	24.10147696364113	48.99570614211665
-8.2758191743997	13.800043335636122	16.941667657831445
11.258284659001607	6.0284938859893735	18.135564861623877
-20.15984842512962	14.317379500973015	32.01950932324174
1.2536851864894731	-1.4682659740956487	26.071432551125326
11.716730779350117	15.132154463345895	30.297157414281237
-0.5375728388177882	2.2440194637620197	22.235713040455764
14.820209989093367	-4.336408575781619	21.44780092557744
0.10849448149239124	7.188735983371092	25.299163484572553
-3.866655856406733	-0.2801642936416816	41.668890427796754
14.078796724954659	-0.11670935447976086	25.486859874399958
-11.55638081894411	2.409502714595465	18.249833833309506
-4.370943549176392	7.973911057566431	50.937395273133745
-4.096077825307116	17.284041929324776	16.0332184320138
24.442356426731017	-6.976352247743636	26.908564093551384
16.095761856321605	-5.397690228727418	22.73609539353689
-0.479050887547989	18.690395661025796	14.99423467936975
1.528569268702832	-10.087657806677141	35.0897855918301
-7.415823876551853	9.413291414947041	27.950223914111934
15.671071505604422	12.02994300572506	4.766033942888715
3.2520633930827563	3.5086048532108745	9.743585842575168
-3.530415084922086	6.171987870377247	25.356897650615878
-2.9735258813101924	3.9965689056167486	35.376088716302085
-5.640131424985175	-12.100636047594167	28.037475344063253
7.809801934545954	4.284597102681452	15.200947929555923
7.635671638967621	-10.78945746606215	22.82442312131427
8.088593916218619	8.839891842539739	30.8790284087182
-8.807383021082073	-12.140749975573561	20.169121125399506
-2.9667496712273485	2.745727078100495	35.49979223613588
-9.035053492732988	-3.09136119833783	39.67028933033761
-11.687436771252116	15.048546203329922	33.04810349296517
-9.634877028466377	-18.69262632705534	0.10385338813796352
2.138900373043518	-20.02517891581074	15.617637213542437
0.2107829449439771	1.8632076061458611	22.552277535393337
-11.075898218848026	13.751952634924812	16.557973908649835
-2.7618514285792273	8.12419259402936	28.761886311744707
10.063460075094907	3.2027482962909155	28.37240957963225
-3.9046045554505593	0.9414676602812555	30.309870347999905
12.39904614459192	1.4314690006682385	21.794562730723495
9.631504391640735	-12.548233036475684	24.944097166874087
-3.2669387011280544	5.975276951593252	35.94922356694416
-1.5203156422558195	-11.457944991746649	31.12552338363548
-0.6159119024251014	5.78800324475036	28.084974091329034
8.846126558662222	0.08188110070695113	38.24075128446108
4.17083878135589	-6.7994682773945865	13.228080682306684
-2.19415116935298	0.060575786403102724	22.98623488500155
-7.308131689140595	2.681270619946992	35.3051036903838
5.085243828897562	0.32844083848562866	33.481651655793335
-5.025194212142825	4.31317712765603	16.946221177238918
-3.833250248220337	1.300227137412738	42.52615192949423
7.520864648493167	-5.52492854688599	31.05815553827531
-10.1384274747888	12.709331066553446	23.170444241278055
-10.863394798316053	18.201231496973868	24.283596759004105
13.843360005634898	-2.4752576938956725	18.235051872510667
3.7260807615358815	-13.80993647937479	26.997002389453602
0.9942325954717429	12.464709890380432	54.69597211762434
-0.923817509881968	-9.419691868560022	49.51270350721161
-3.674353945501814	0.19150287507564595	15.897235424632578
15.981633555476975	4.178908822163472	39.75445905466965
-0.1324071032446043	-2.047872683465807	23.30518635286425
-4.583815150280863	-2.615186803982843	22.907382247431872
-4.151201182556169	-5.642001776574458	28.940474430166528
1.6304923401979337	16.65986335704973	37.48811341898839
-13.246124568555476	-2.0271063965757263	14.814974962758239
3.6102326787965326	11.870914697966786	36.799505239873554
11.060084389518627	2.0488935191995097	39.244560447099985
1.519839956137832	-14.079117578666462	41.801699033684145
-12.344678470478405	-7.250555740112322	44.2073113591529
-9.05206105207276	-11.713043392656015	30.493053093315634
8.065407259147872	-6.858604575985727	30.8486941694082
-11.472320729641993	-2.2789516931675067	44.562566726845944
14.116762703715583	-1.4342399769960918	10.681438847607364
13.80750241591386	-1.5182998491496877	27.737623089961573
-4.440830021281803	0.055330536814035026	38.27065038624064
-12.496181894215058	-20.578695456277497	19.219949106204915
0.9907069477660357	-15.932840996281378	14.606971591976441
-8.836907503824566	-2.1411105184987624	26.9152739490558
11.788960240079131	4.098210366250269	38.01281268430457
1.2621900954476704	-4.310956018763271	35.616437802287365
10.40381417293949	-2.3427890201955526	15.138671734969392
-14.024560020896466	-15.367926163195467	19.82871704727462
10.789192421473333	-5.69936548401039	37.47481368395775
5.39015515014378	21.208956398568986	39.10498704570626
17.109400466470866	-5.884534080236294	21.59044954378242
-4.705722459144518	-2.1195808489212844	26.73841854440132
-6.71551356928104	7.196061747422956	10.751037928292227
2.818459454386048	0.7855068604936313	30.23651225094752
13.628444243263782	15.273742802441017	36.74323808988012
-18.98343388441892	0.1822667543009446	18.790926644694167
-12.924930176776215	1.3448653289341328	33.13647804061534
10.443186635290267	1.3899932757206657	16.468822352187207
4.546258380689085	6.1616136281174665	28.87180226801961
7.653614800408799	1.8698294056500075	25.423118345434588
-2.109486454753679	6.996212212644453	31.28606682512127
9.736376087823054	-2.559919447305469	24.854782588497617
10.904895128158998	-7.8230216860472765	33.773572001911624
12.672815551331391	4.648266005984321	39.200727002453355
12.470888079140812	-7.089324309187893	40.13100080810416
34.89994763433042	17.182413896173763	22.62276776554935
-12.423031630295425	22.168264393625297	31.007856167065853
8.695113094988574	23.643151508611346	34.455794817316146
-20.35426120882287	-6.243356292783017	17.85061779952146
-7.545089572542821	0.5655080695541682	25.10315614698775
-1.6079822912199195	-24.132531750846734	32.88897850159506
4.428719309846998	-13.226590794117659	39.907305748957526
-13.481636475525713	31.05065312709652	28.042710441951193
4.746203886495486	7.238573809389221	17.09412454405541
-5.394346126144689	6.294433598511087	12.832023402069701
12.723256708014745	5.89190823425069	40.31250548929588
-9.611049698575554	10.821335276808949	31.172975105480592
-9.975803864422787	-2.6723762106707016	26.80561768404096
-4.722103284859613	-1.6441488149645265	46.54769623882388
15.46978247333733	13.326652076499094	16.940745910313737
-3.4839634187067485	-3.832112453480933	23.639947205844944
-9.869656089714976	20.94685706739405	27.9726769542743
-6.770243407942807	3.390633148890206	27.733730908022263
-3.639565731415888	-9.804162981003227	27.803689737100246
-19.576643561198605	-4.866642831009998	13.097121481747157
8.470758890001404	3.3466705763511455	33.97626125964433
-0.8308456555780576	5.377084881502321	10.011002279698683
-0.04079608142615595	-6.7817740926081695	36.228255855326516
-2.9564361333160387	0.05028833382049014	23.785245809208295
9.330775651085549	0.2277921409395851	25.186182734872524
4.345652385250184	0.010184050496216717	33.69246511959382
-13.790579886374053	3.1408877979134675	14.740113495100207
7.60757743182676	6.477215663853166	33.54086053256366
-7.996443243277752	12.751288088465033	28.575846406641354
13.379492257795317	7.482765051561041	30.830706155381243
-6.118673531189025	5.399535750047738	28.250982049334084
0.5079080532782518	-9.23330912440171	36.59705238790137
-14.752711077019603	-1.0714077517512919	16.224360936949537
-5.401161286152355	-24.511429662786767	15.96329264417188
0.24055228767423004	4.81131335397891	42.49035862955325
0.10084902706884973	-18.91611948729045	38.2268218336685
-11.825916227401734	-0.5833000722473979	38.76534221505654
-10.11679078301494	8.01757457089627	35.98912577624976
-1.3660777942316868	14.084869335974862	30.978561022984717
4.644092640378204	1.3519224663700755	24.31648839850669
1.568832957948503	-10.511899469514294	12.459134968386048
2.187687174589315	-15.348702867709	10.526686292786078
0.9790549145205287	-2.2839556074829663	24.14388710270038
12.752098100830251	-2.7495001987812957	12.5592555245777
16.059176437113216	-13.958705594549606	25.192849133691148
-18.02972591480058	3.52386531115425	18.772945497602166
3.3323454917641433	-8.013448124387866	27.72874858926644
-3.4325214531974035	0.05990716214246329	14.912970648567367
-9.51977939743842	-7.7436630571878045	24.98147564226121
18.646015175759928	5.151669945791952	14.8250437168226
-15.716448180310314	10.96295814374292	28.614651601340086
0.2346390355006425	12.61530990307242	23.809505240640856
-10.369867395745063	0.8335556626033542	27.2167944064855
-9.160042442284603	-19.843255194705584	37.29070694030875
8.614335138566524	0.5049763843777569	28.49311243250955
-5.332647941317888	-10.723159877836467	30.997658053263397
-8.499089784432883	4.7412594454584225	22.8089917675794
-11.691363910244313	-16.132480644104003	36.65729652235273
1.959217585189597	-6.15720005480785	30.343704897948484
-3.3784875827532455	-5.540228558248784	20.27454204647401
-2.669305378782382	17.63799110600365	43.540615491249085
2.82865202981224	-13.057511814748343	1.3852899437687398
-6.5963220241183596	5.396488449571408	30.436064454078725
0.9088196390761636	12.748019115666597	33.72025142016508
7.04559248073309	-1.0597745841256712	24.204472984321068
8.54507523089788	-6.814124686506542	32.37242532386132
24.168763784841765	-5.489325665980972	20.66633769624399
-13.251821454796005	5.317151423482846	36.23015930511725
1.468716622930022	6.725908832011218	41.04365548369636
-7.341659453528907	7.451574071115243	12.16560195809936
-11.118080587468421	11.11591146662975	22.098497102590244
4.086317182579544	3.1191415514587986	23.12362118380175
-1.7242061718144792	4.519347107195642	28.932884646882812
4.804165920241421	5.964530370545415	35.55053297259998
-11.700589648719486	12.220026448389232	15.468835894203865
-3.565266082460859	17.27749337267084	21.391747034962844
1.8811318808484674	9.327448325975817	32.2409551808666
6.0251994234445565	4.64682382551966	32.94940092433218
-10.823702780784535	-5.865588074385933	14.258972016337033
-10.921536085028315	6.2466995146289195	6.437724052040963
8.768741659170926	2.578262058465604	26.251432451508613
-3.2917130553164546	2.179484177702143	24.407580707033617
-5.536164959172845	-15.004411185272213	23.772069353766856
8.772956012293434	0.10173313857242994	5.885787950730023
-0.8467962414404859	-8.960311096224105	28.880839876185195
-5.973700963689675	-7.106130140707567	31.152948358930892
0.20729168332537368	-7.53869161997628	37.16608377752432
-9.117398595376123	2.008765011179667	42.211104675952726
3.1443560684302247	-13.853229809329285	30.939244989895546
14.852319752252615	10.581217082262928	24.72209766252144
2.369846621251984	-7.023285878249059	41.0203928268849
-4.78007492796151	7.199492695272351	30.792689946037644
0.8675354213434406	0.37276122961684527	37.65389029300322
5.462883794504393	-0.796960321113747	18.177731679680562
3.696766238793444	0.3544968450357898	15.609562002068786
2.0955600642517735	-10.332953020790889	27.179855391211344
-10.235908801282427	-2.4329937385880984	37.0108096223865
3.997207917825103	7.567533459441995	27.645310835459075
-10.775919242346694	0.892134893803782	35.02649243966855
3.6465756573991155	-8.08329962498317	34.84395151793794
3.9410661151733564	7.426856884876988	13.960268902211176
-0.7932071651756479	10.28896388589866	25.03010809176547
2.3603790126996054	13.721340261287748	22.29428977729995
-10.530477256022888	-13.517379814906397	32.28978386138856
-4.272903168449391	-17.641180765252805	41.46900013007779
2.4398580779966186	4.454559267256661	56.18909334861591
7.020441617785257	-4.1666603840973195	25.187237418570987
19.720908601163313	-4.640997881355275	23.477006420467227
7.944858923748921	-32.667817944161676	42.71062964380863
-0.7805185515240793	1.4332233080388406	32.75818593914011
9.13209216929956	13.734342974991767	24.386226146643388
2.5078347701383468	4.43193988409938	33.96036401989436
0.5755381321139279	3.5421854698929387	42.51126124304963
5.127640256368703	-12.14194542988201	23.252154513349865
0.5325545511476154	-18.163846147802776	14.418505571063886
-8.682805750628756	-8.192583856240073	21.42275025108027
-11.711725592082248	9.216959553860416	26.898420347251353
11.002792167438884	-5.539503704983461	19.24166518769455
-4.5199482943995335	10.226177888635263	19.394037152018036
14.505499638281625	-1.8664359777448383	31.266119837086105
-23.62916021178917	17.410624427056423	7.482735447764217
3.941204282353343	-2.229664971457268	32.49841893419499
-15.360095545237947	-4.173384727658499	49.26200825019426
3.3255794643481225	-7.963309939917527	17.058217934206873
-4.539500739975605	0.17735116833882758	11.982015484622213
7.403313107167142	6.197815807337726	20.280165683321044
7.919680530582459	20.61387200317376	25.17751559417578
-14.170552600133455	9.385679642450782	29.462746759543116
-10.76386826819948	-3.0403878023478477	35.706399632296375
-10.78418820386181	-3.691583212707407	31.644730494691544
3.146693482953146	4.708767506490773	36.58509360264236
-4.5896517999393796	-9.40588414019864	25.27848543379098
9.884501497456876	4.939405445752849	21.939019066955964
-13.531073395731617	10.917635106634842	26.499647567457828
2.8558923194208834	0.09393572425045946	23.840305475970403
11.373231352678825	-16.10069517365501	34.92427548535106
-19.02240104990639	-0.3724283722280237	35.37898919265311
-2.0207726213274078	5.1143129002059275	13.096853253455862
-5.221603978031038	-2.0266588398739636	27.48532934641373
-11.198562485778039	15.694618509136575	25.487189702443317
13.564966504513627	1.7479208254552856	41.23807552962945
5.622263569275079	-1.684113708447573	8.924901281589406
10.155593250986573	3.0821700316472973	35.34568010647153
13.015926857586832	-8.718511774770004	27.634666542797685
9.60949020949014	-2.018442172980319	31.850787777269296
-5.995996964064832	-12.88645416240773	42.38569192588755
-10.615221995142019	-9.864969862149447	21.43665520922207
-15.729601294216728	12.203470007749095	20.522735860800793
-5.8206519522862745	12.393197152595958	26.097481546592675
7.61238670149059	0.6523516812987276	30.897075735630537
-8.242117965761924	12.038400349220165	42.3332861510905
-6.689566226901105	4.5178290743424885	42.750706628332665
-0.3216985783562987	11.589324781952895	40.296122480955546
-3.679154202521951	-12.068462501799406	44.895190247021425
4.139527624657205	-1.5003321345101985	41.9782851122435
0.5085551358074903	18.491539530586042	13.642711102764173
-16.74754171716468	6.610496698960635	20.304442000652866
-3.797023803127013	2.9561158695136975	29.91727605897563
-1.2378034805276636	-5.915803871491923	29.102474011425606
0.26370895214623835	4.088106387678571	43.143662521137884
8.632491687351298	3.01860331387505	11.275489366605512
-3.533037183397477	-1.372148309949136	42.358519692979144
0.5150176813942601	16.46980201016403	39.20211691162113
1.5406505111274016	0.8295118919243119	35.5711993593621
-1.9322754972265412	8.467353930465316	18.202091930925256
-7.0280234858214925	-18.444601099681993	23.3381822267942
4.561394803407788	7.685621723066847	12.915890262775203
-2.6468289416381463	-3.1505348740406864	27.432540839108384
-11.110803972788915	0.29735842711551047	28.14828088021982
-5.160263919113137	-5.048916613355465	29.26609691481715
6.954461418392942	16.774685631838544	26.18002310987669
11.540481827126275	-4.663881747971687	33.00439570272041
-2.951424290360955	2.852538990119892	28.170354624309216
-6.614322692618706	5.103828795727001	18.27869647243783
-16.53567250160075	20.057236074841725	28.93719958338165
-1.738284851413809	0.9028232119892133	24.090328594462157
12.02287893497272	-14.612738150648335	42.11280152745452
-7.944084452000552	-16.94356099857917	26.61998229165711
-1.5291650750675456	16.50198955123293	5.096897181481214
7.947154036738989	-14.017364248332832	37.33970566997706
-3.2040178217454436	5.2509031527775605	37.03685433543277
-8.116301344353865	-21.451554008266566	34.97839657822225
-3.355214829475368	-5.7301264250763975	19.716512273750965
10.586908770805742	-24.936657976928615	27.29842311394394
-6.114020656824971	-8.451210139895466	36.961328510042584
-5.511702560213769	-2.9561668554673948	15.151495846431866
11.776556813099333	-1.5999764099449076	14.917459394496554
6.91149056057379	3.4763964845176014	21.00531198962261
-0.21855880270501363	-5.922299728094282	31.687441604658144
12.0033539152515	7.818261015264852	23.196961531654487
-15.29370594751679	11.16829016849712	17.736767629892086
-9.639221266947276	4.90134972224305	16.373070120967796
-20.111203760978213	19.46476990445888	19.035690637036733
3.1120706343758684	-1.0872034265227177	25.01097242695733
-10.709589208121171	-11.35442884207718	30.87744777311953
-7.545183171583504	9.03797707901169	26.02719785789521
-10.032507568528551	-11.572876120313468	26.723845058246905
-9.763528604881438	2.6638121934857866	15.356924257131256
-0.09795521977773806	12.369642728657555	33.01209131096569
-15.691824616879206	3.1070538540205157	22.567902695397787
-5.856488577941249	10.06587441283386	38.14914531181422
3.3976757616314748	23.89445372486525	32.64835500259757
14.099353539036274	-8.241669723476534	29.665969383331458
-6.336230324398424	3.233650517239763	24.879938684334277
5.802940587079118	-1.3130105695953578	13.303646777304941
21.835909588340105	-5.980319073937988	15.513077261254077
3.953841845771604	4.590063496080205	26.76493087267786
-1.9126692631821869	3.021502052085778	12.62537597802546
-11.585027096698246	2.140683439448819	45.54777620695681
3.3453847035653843	0.570379091436628	33.92918777080104
2.882206361204636	-11.356930009861317	48.210344876651305
8.760963286682406	-5.302317534873405	28.31752400177462
-2.216004386468908	5.720895983139521	37.597760545266176
5.764802765156714	4.416534997692281	33.020946966959464
0.4153906897173857	3.7712676555950093	39.722854394371126
-7.268389906785078	4.251634167168982	42.06149652146397
1.614231890296677	1.0477497957276163	34.80232104417542
-8.943311245968967	-8.594454119068434	23.998174364032963
-2.085726640869813	9.920889617282896	21.624568537307084
0.8764932953665155	7.70210411460625	28.860450705204723
15.107141380079007	5.508539281545509	31.707552327044645
13.224791499371467	-3.337103674826283	41.871550259947696
13.321433156398928	0.7918063071817685	20.861023542847065
-3.881708316142439	22.132842181917283	31.76067513925534
-17.779043635353485	-4.790334232004937	31.362597836286447
-9.145770978079371	11.476780414421476	39.95423485843037
-7.97435188806765	-4.806498782091277	44.630919509660956
15.123986926916855	14.435883526829844	42.11089286978993
-8.39557831652485	11.070522543719349	31.767663797311634
7.852535228409049	-4.753052077335745	21.525241492924117
-7.204889735963874	8.535128651855645	27.703029810632952
17.91764584133032	7.8200265122390675	45.789782330799326
-2.3322624245428716	-12.322975872802765	8.339414593798601
0.08772297104748554	-18.021062709514226	9.802149564126953
-1.7255442795025455	5.548620050208035	32.462731933228085
12.691040739827283	-4.3422977284054625	21.93737431133752
3.0680977805669047	3.5968810921015777	22.857460354601614
-4.4195875226458785	2.2877810354330856	39.32134211521612
-1.5749809028169794	-2.0595731070613863	45.892040341393226
27.631288450379543	-7.237513253141765	39.0399734245605
3.4506829919465636	-12.829723174703194	23.972620185759393
3.284495937681835	5.58915445150471	34.02483038465929
11.90264297270689	1.7788472276171587	27.646436087163725
12.947817726500674	-12.639738528646777	43.4223331365175
-3.4346339358384768	1.740374895751415	29.78940294235002
-4.135217842873089	3.090694204893254	10.883782606275073
-4.791277056337062	-1.3846717431456352	5.505747643787831
1.1293218856665743	2.7118968325271724	31.055269095535728
-0.14977747182558765	-2.5492661846224927	24.1417732602829
11.055972943634199	19.977901934196826	18.54299918072602
-5.470549748609192	11.219699907615368	11.291839298869881
-3.9802920995088047	-5.875739328955523	40.13146712568356
-12.493057091473084	-0.8524790237411575	29.05347657514624
12.389229432423859	-0.1743316699408272	34.57220483434375
23.833310191235547	-20.637124291140523	23.94271062557656
-6.204766844484344	8.196372343200437	38.224017114916755
-4.8040767257785895	8.670986835556194	30.739555372835575
18.163231387572708	-2.5994154569400845	30.562741432024996
-5.34837009551879	-1.2793004180663423	14.139310202387378
-3.9094741910618875	5.13790663111563	23.69658284540366
-7.195954102342551	-9.252851344761465	44.22150845976124
-13.890303584181877	0.5739842952359857	29.969117422626077
-9.941077614105712	1.08101702595598	8.177679678842658
3.5078854779603597	4.467222886469111	39.984715308225915
-18.845471902958426	5.1431816422468914	27.503201905192146
1.7142198479900652	6.677625929222363	24.291666271385527
0.41740446810664733	8.793584323093818	28.577426848283878
-13.467736637977657	-1.1527826841496087	41.86941418718879
-5.055172344719462	-3.412488888503988	12.267664525325658
-14.346574314722254	-6.496041757397225	46.67914321572619
-1.250014312643286	-5.083436984880677	24.639057687534635
-9.55590579184455	8.525910236532008	38.33420403637144
-12.549806093359603	18.622303828094992	17.850813866204483
6.297357921799206	-20.96072648781766	24.21407267510508
-10.911706897712868	-5.212863088091581	21.88208719855089
-14.523554103903304	-1.040061134715407	30.33509735951261
-5.508902792279381	-9.247852063349065	31.055709595002398
6.024192538977453	10.328826136657657	6.58037487863956
-9.984776331695208	20.77209025415067	36.66709075916898
-11.901207590340634	0.6138440244678702	35.85943605867509
-7.16318936695024	-22.198025300497616	14.329919349715706
-4.321557710666345	-21.03883878384124	8.888902033612244
4.192484690349201	10.595378286448124	26.860726612452215
10.00733635991975	14.660503405744223	17.69839103637664
6.861152073661617	11.852383795795156	23.432843206782422
-4.8037754662285	12.02189049314592	19.25605740467259
-9.203138183733184	-8.676995647141744	14.068818875772134
14.475387119935984	4.634383353273994	30.782760872695313
0.9504164643231832	-8.803108610626575	23.767430720186518
-5.4711964766544945	-0.3167894008306971	21.27476331029791
8.241254134343913	-5.228325420920461	32.78422836025217
-1.3855104663700128	-14.55354211347418	43.169244865065636
4.19843236897441	8.782769609901436	27.643064007033587
-13.893552099366582	-3.552828508253672	45.04681784847383
2.831315887401825	-13.344277031294462	21.78195123406276
1.7113801664247938	13.18424874055629	36.65726863456915
-16.699799514186285	9.135155309650587	32.52344182208349
0.42356535448001825	5.083472190312426	24.0958598543111
7.067882445067327	3.6108997057589627	16.66411380921175
-7.606761293306611	-8.643137219819131	28.27933357943376
32.35601013434602	-0.1812975310733854	22.48085670704524
-11.727344855399867	-10.658246866824223	15.160050675857876
-3.8231487269371023	-17.73092326235276	43.26418185064358
10.892269310818257	-5.218672403751756	28.48190312183951
-7.849167904815449	-6.725463493247087	17.097120271157365
15.05752376557918	17.903080727002692	18.57618797675424
-3.891258621172076	-6.680192442157216	31.48900128395558
3.3055411015864005	-6.351273773927737	31.514161103003424
17.537133423432522	-4.275709959441256	17.29516048905586
20.678013716919985	11.389040314322983	28.525198359750807
21.314362282015836	-14.213520798821556	38.545835820927515
5.983091768408931	-23.575729271108408	47.26891935888894
10.705902800537434	-8.915059982136945	37.33006255748694
-6.767004045914047	-6.264259097802158	18.721330095095524
-3.318187794322786	15.5301995637843	34.0762840817054
-4.56944613917612	24.333395867358398	30.48717677769411
2.156646334692946	4.879023883480173	15.623500325887209
-2.6689638345963758	1.1287822254056268	51.81233126246859
2.7129942401654916	18.42239588306937	30.729582256391332
-19.437918687760227	-7.292884351059092	41.34807388003219
3.8972036776583523	-4.118672620657124	26.459155766092493
8.90078218728236	-7.736891525362929	28.39545815677581
-8.340116182072938	-12.585744650583779	25.639962808698158
2.3639296161871934	17.723422293331524	42.91636633650762
5.828896689771302	3.72469780403063	38.933635935608656
8.478010112077373	1.3419890535035706	36.79908054211903
6.212607860193681	-16.023879083454087	37.380325564034614
9.828275967116607	-10.366190118551907	22.35118081628954
0.0755909502585758	-14.693943457671079	14.038892975472335
-7.575375473854725	12.314540001214208	27.047899736926297
2.9823626423807386	18.229585434242026	37.501489630853065
11.832368863221623	5.925411636398933	30.520972343213842
13.728622004710447	1.854309001459518	44.95283900589728
3.6668347006671462	-9.295536717800644	20.808824437763484
-19.52570422733556	0.7240136898180991	33.147342996505586
7.162811650134682	-12.735024963097628	24.236115283607212
4.913826075377841	-11.634649668548118	20.809323166937936
8.599770173669928	1.3969117879605397	9.183533610394672
12.58145504571031	14.765198898083217	35.92608642740284
-6.525852143338156	-7.946248465189402	20.136255596348462
16.010838957397432	0.17704056715931962	46.0353793664072
-6.199163181395685	-3.523172020030631	48.10095184263338
-9.387309779197478	14.500163005816898	23.564405407893975
-2.317712747672385	12.888570337476112	31.832564836155424
-3.792627424582173	-4.584788552353489	23.148824454561638
16.359959977571133	-8.104147135995072	29.2880526537175
-16.57557494078443	11.22651932788419	12.584082114975818
-3.812833567486589	10.857119117233688	33.874476989537435
0.2254788661985228	6.831779540549294	24.25921665454444
-0.5265577632792596	15.039917934211275	20.267439448356726
8.501008354339325	-9.533583773291019	23.458874563463606
-6.176550759493323	-4.093517359777861	43.3973798087375
3.3746029935521604	-28.273984624552007	37.67171578851201
2.416849362110163	-4.6525638600294315	32.451986277266926
5.345626021388711	-8.55688019533575	13.008635044574731
-1.4094986609483127	-21.049294010801276	45.840085690212305
21.085182648707253	11.167984718410015	37.723194283672015
0.906812784829827	0.36583919386705	20.67474941078654
-3.0304570645730937	12.421167677237044	32.68013627005767
-34.638773600249515	11.53942127050377	26.71738604065871
-4.516555488381952	12.8906488926214	12.93613929830248
7.176796525525896	3.3890384370434177	16.82984065401719
-10.100937049940821	17.917306381853603	22.046545594005266
15.435152757552235	25.584935094127168	32.65633279662636
19.489480954387187	-11.701024814840666	41.379783160259095
0.2548010833299187	-1.8765766017840722	1.3574124915719459
-12.642389972386198	-2.310432164941648	27.879760432057818
-11.776739254909893	1.3337654813453335	31.794046640380408
4.33415555830897	0.238122954719591	30.03466926756818
-28.60949111352443	10.235730542489843	31.520176993181362
-3.3306300350414513	-6.025459625949252	11.52627518537296
-15.413672320918197	11.09168531655228	38.30751494210975
-7.597960793144832	-3.7872035963468464	54.60660831821125
-17.008247530211243	0.6574702149254334	31.18506664621461
-0.21249907457393558	-4.7296999264807535	22.173003595828046
4.182005503175175	16.708230475765106	35.0733814619599
-6.902043712818918	-16.084444762334783	11.381178654219397
9.426253749126618	-8.984054710972263	32.09929612929685
-13.817018692413296	8.489439471855642	39.749700071377866
5.738250593652205	0.19549182095458645	24.244649697954408
-1.1914386667459826	-0.6257250721047571	15.081084793429152
-0.5454739978309041	-5.727609874700565	17.313102941261228
-5.211942027711166	18.918192108859877	22.846678170456524
7.464058451011545	10.328255554504299	18.24430920942943
-16.107781579871062	-6.587395378544877	48.178089249986606
-0.06436615606644062	12.870174835046793	24.1774804447526
-2.922985880337966	13.581554006983529	31.87965004446683
7.065570555055537	-0.8515314437392606	25.054819655331645
-13.705367566052724	-1.986935272362929	24.713041430054876
-0.24876519942367387	-6.835457750677452	40.46061120457331
-20.37409814959886	7.303721313794779	47.42736398517883
-8.060647623198454	-7.393529730852997	18.88382476867107
11.159278956549771	-7.803784241950042	26.16340720257007
-9.204245149388926	-14.321780189600776	23.3283950030359
2.446356919023836	-12.54698905514691	27.339794467771572
5.002606820258953	14.95576343174809	25.64021840470987
6.635736135530838	5.283516426174573	9.432795182238117
-0.17384979083028262	14.12579895793979	29.815737895519632
6.872647579046181	-2.407424166829263	35.76980643726115
13.698048101958483	-14.715680127327415	34.51355708437536
1.694850607853946	10.768668530578022	24.849363349668458
15.952965114951601	-6.018164541983143	28.07943335594386
8.12140193418827	-3.4974245352128355	43.87904357460378
-6.007575742873338	0.12709269704242046	17.788107205501518
-19.440033939950748	8.037474922887606	17.121827042940094
0.38081463403502636	-25.403964967833403	39.093524134358226
-3.6632622777921453	15.413188310284783	31.479490304246255
12.478291287977958	3.0646462447124216	14.593153448668904
-0.9392001092897784	3.2735269438978194	25.39320519979632
-23.53944249007805	9.070569078560347	27.16249989585321
-1.4081270553594956	-13.419508307998838	22.431993973615494
13.925256864183414	12.228592914654726	34.24813058610341
0.20097195548738397	-5.947644209009688	29.443674978095896
1.8743253773860016	-4.354734925416752	25.52633942525704
5.552032397750048	13.94679051405822	41.030281849814884
8.146330824707155	2.971061453210189	28.381553218380585
-2.229371149222785	6.675368864671263	25.125590816619397
11.247701266354966	3.1919900948352646	40.44741112287195
8.414304550280697	24.88081140256153	20.14475295749402
5.124352587144411	2.502711923292555	28.03523187174495
8.173644075904184	-8.303416878607342	28.32003414736939
14.559069106248996	-6.811257275963603	24.521014567454202
-2.081966147498367	-5.784804591650865	23.21258469729153
-4.7764204328740485	-7.492258454616216	28.86983441321478
4.156630659086267	1.063796007525852	6.483653730527298
-2.936621563439592	2.6142037976607666	22.43840241364366
1.137176230732792	-14.11927610249965	23.118203308683704
-4.5290503466969705	-17.593968078191775	39.39038177160148
6.364933957712332	-5.439976020935827	23.723179419702348
11.957128843440598	-10.183925186927333	41.653438546831154
0.171218163020722	8.808731771707846	19.40102394566306
1.130090279075693	-7.696186930388213	38.776947063845384
-18.176607161477676	-4.734189598216842	31.633610286060478
-3.892478569010912	-13.090203530516009	23.1212929880001
-9.717049756773212	0.3291048353847016	52.342091513001634
17.524630961006963	10.275491497074263	13.58165071647717
4.1431168274706796	1.418355446824695	42.55121964174554
-14.938326893727861	-1.6993213768300055	23.126625587730043
-0.4305196418178604	12.889878585816486	20.741455614472535
-0.6641062262346429	8.328995394254376	36.31345546687875
2.1846643324846853	8.00939709598973	34.96990837707424
8.36531438781896	6.989767269579855	26.911203788404517
2.0458786591222817	-12.322349778735253	23.809729146525306
-10.091944090946658	6.434100931836327	10.586464862260787
22.27995652482886	8.024975584033863	32.122554768493906
3.21203221039906	-3.2130397604084546	19.19793511801496
-17.980186026474918	-8.47103452872253	40.416150146710834
-17.142144279304542	6.702077701644992	33.98997905396473
-12.960406228760675	-9.909338465244538	24.234002105452305
8.429279613173762	3.67855948999074	19.400402996045976
4.808338105631152	6.884167920589967	24.332805048913304
-8.699468002691836	17.341087170744412	14.638702427962206
-2.1372818162075506	8.302375511608282	32.733383372566905
-1.8279971208452872	21.429156893469422	17.237507922194524
4.89167030318696	-9.030392702093005	25.14695068651502
5.1742216731022985	6.8449839225986935	5.69237655101967
-3.1652485674889834	-6.741065861239806	35.24762696391898
-0.13754511592502505	7.612040230965852	42.7896970871433
19.74515936699987	16.192249575912175	37.28632914987153
-12.771477364106413	-14.291278690597338	13.895489268394126
10.54355435838174	-2.040810221825588	30.73607983653896
2.5896429672699943	22.72135014634116	21.187397668675118
-10.15133862414725	28.125431853310747	34.78924540002163
-3.3743162465901797	7.50822410764647	10.753420577558764
-7.6745987204191914	9.413350861427508	35.94491075571483
-13.59853177488927	1.9830730593723898	31.541028923583553
-12.336783649450362	-12.097068368146566	27.764086546838705
17.195382050239225	2.2476814660363167	39.13641652526122
-6.803145567695415	-0.3519487733331628	31.28999145818367
10.687675381928361	-7.637841584430333	22.655752432023768
1.8039183725585497	9.31156418390158	25.736940924448085
-2.680179434430718	0.37772793993317727	28.02535934546665
-12.547319119375162	13.264665033482556	4.660183387239982
15.033506600727556	-26.247030731005655	34.88734002067241
-5.435697901980971	-21.51986184858883	31.920392239928674
-6.886783862059996	12.566152122924283	21.327486120141632
5.921732708592913	17.383380422342988	36.79941712442578
9.10328763466998	33.77027815987327	23.176479336060883
-6.483296675204677	-8.026913908144405	28.51521408702494
-11.66327246733431	-4.9844383322773975	13.263259117927447
3.505354373181158	11.583118059627886	34.014774737723826
7.679836061333935	19.934453202675748	26.325192000269762
-10.1295945341998	-6.719642603911485	30.761768460835306
-4.430520999932325	4.547262059830789	12.652789048961733
16.108260440259215	6.303349192472254	31.121817396203078
-1.0604542068221725	13.855856591387951	30.178661250362698
-2.559135584049159	2.6322154568715863	34.38404186900448
5.452847634921312	-5.51841641883607	31.75191950324874
7.0201660329353395	15.19640853136875	29.734200801646878
-9.45172845945029	-14.866851278164157	36.35574098567765
-10.067302672106411	-10.755096865542356	26.09192082329994
-0.6100507750152053	8.20442207420424	41.615574853649925
8.637162807797639	-7.666587507106243	38.54986898785123
-23.528949275153735	-7.465896444181439	38.51597848198295
1.420304272453017	2.680441357431448	39.15452468675478
7.946188817900197	-5.384220439092166	35.688811817775104
-26.906615970563298	8.343698276959623	25.948724244061726
-1.1455540343966895	-9.49536351211049	37.643867114589405
-14.431053534321649	9.227555792271508	22.153878250050088
-1.607067732277807	-0.6731545745505072	38.759140152087475
3.671818964955218	3.0949261686592315	48.60615516301954
-0.5019990189905713	-6.22870810450916	23.329717670905094
1.2008301349934531	0.18401481289829769	34.65793459953892
2.793523728628208	17.87897316966468	24.419268172855947
-1.40445051945966	-5.287436230086718	39.50081390681894
-5.1633968001287425	7.851050302547274	40.115041190676266
-7.9247363417705055	-3.088666993036374	20.171740020157564
0.17920411790820617	-8.046233952427661	28.400604000002332
-9.872658704545008	-2.888471099833504	28.702925597812595
-24.05011762293523	-10.506567988258354	38.711646784064556
-6.739293582746894	-6.48518838084321	20.083616931022313
15.019612254788118	5.778076276442208	17.032790523458374
-2.2269697786358362	4.787812670081263	23.433037398138573
-10.518796514263933	12.870638356234195	4.08224885902262
17.462509034654637	20.926883438522967	27.982130317815297
-11.405796154079775	4.4784301224404865	21.17073362933139
-10.822318064312302	-16.036583013368347	23.425801103997525
-26.060252496077887	-11.05086252623038	29.941955707044222
-23.0556217276214	0.2674408103755054	21.246596190292664
8.163360433444135	15.506879211137061	33.364664616967694
0.29343789875002346	-1.6028205064389938	27.523447775216596
16.77839784621762	-4.208287520239339	37.04205718743207
15.140507392067306	-5.791613016601909	39.16947305961087
-2.179852971286328	-10.684870268428257	40.04218145370925
-10.361246221255534	2.263356987849933	36.71278859416234
9.778945922166065	-3.304782362802352	31.62588352785105
-0.9788640826413187	-7.080484453811709	28.745590407168592
-8.153805417217896	9.420835093925875	27.168420093593586
-8.702847804560994	-6.862328571929195	29.638037263335438
-8.227692583975763	-10.332924813793724	27.785124518578574
10.84337325538728	16.656986953298514	48.774024885965716
-5.903780649683686	17.030596876418123	54.29547627936395
-9.399170745835745	2.213989539346855	21.13130503428489
-7.599783997084791	4.440590335258481	34.16394785088542
0.21042828598779775	-4.051236988117603	35.97244333744281
-5.061793539640652	-2.9594464611784055	34.9016878897564
9.617555365473919	-11.719648091706262	38.39450584394955
-16.08771620320999	3.084755316789498	22.040818207154416
-7.061501730101057	-4.701135641452309	29.334366413866583
-3.336129756951559	9.797757542763666	28.510455649888954
13.608057622892476	1.2695093481860595	3.337531795974108
-1.4916337562913973	21.23581939104654	43.83082767283834
5.0089676722392165	1.838282234125454	32.900386676869566
-8.255754979599622	-6.2172912456645655	19.27578754107686
6.436605942957509	6.724105753386464	16.955804344026266
-18.70317030921231	3.1919889716058107	26.026800984908277
-3.846762493151096	5.719387418249644	23.787488972846997
4.174768438839685	0.5492029478689568	32.20424517765526
11.19014767803739	6.743190489266415	21.77318324724591
-5.3548040004604385	-7.097395477505934	32.56312147112904
9.843971250060008	-10.983664826874833	27.70061137102019
2.9587904804959564	12.617819825433026	19.352170833532178
-3.735940349240947	-12.185805307152105	50.08427022112292
-2.2965284817363747	-16.47666431694898	17.83325588903141
-1.9456825641322544	1.4105343738806662	19.677652534991964
-2.033162441542945	0.09453719412098446	31.040087034300797
-7.850270698117335	3.738179812599603	30.070230309893486
12.279762966846079	-1.9051794951431522	38.88962731594847
5.173270830014057	-0.43573275843449333	26.73527698075092
14.206231454121262	6.846514653679209	21.339633738567027
13.752243787796532	-0.8676911341318884	27.73765584923497
-9.142023513100282	-6.887061517132569	26.238256356182625
11.831489558898054	0.8789384510190881	19.375366639722408
-0.8633268753397831	-4.62428683813264	31.46277606463094
-8.366844957419083	1.1883598369962114	50.18341836502502
-1.3648482920331138	-11.980464363671645	31.130579362161857
12.68449568423663	-0.04848114108710964	20.488345984711522
-9.183913552430413	1.6956148671262026	26.076109185906454
5.665864653418677	2.9354079126587793	0.20473087529329348
27.260869645320412	-3.1473176183644407	34.70363825147973
4.170641449064414	13.721302327442173	7.413575437536657
2.5012247635662614	-5.217700513840807	48.59020937754097
2.5754772467297693	-14.923209883432856	25.705417968644742
12.047518974967026	2.926203563911514	21.48074651820124
0.404593313115328	-1.5104400899725587	35.45039660187926
-3.7985060283057397	-3.117376216197792	21.451745859662523
0.7746612572094838	-16.66644503997587	23.067829850012107
-4.747434645840826	2.882258170509417	27.15814322702002
7.607593138871847	-13.430778374363113	37.088074089979536
-7.90033325289162	22.00113552407776	38.898716127557186
-5.04115647770314	4.138207528836221	20.469610174730725
-15.678230029792834	8.992677320202029	29.937638654273133
-11.678671440366164	-15.840515869813444	23.869770919668664
-9.563404367293094	1.7997573970713965	28.093434340988477
8.466670647893254	1.4543785891180572	39.60032383625011
-1.064591282511858	3.5102358360732615	30.304927765013797
-14.983868713002712	9.174239349517263	31.987459073755616
-5.89503335617803	30.38164034062946	39.43042339760643
-3.7613853417212724	9.409173065274425	32.05226875678983
-6.140526823289094	6.054737695711763	30.298964456795584
4.27167478683691	21.250485323259195	26.41533573592889
5.079089533288926	9.496054088913997	34.73182229404883
10.075955644282912	4.781749325792071	27.245586151159397
-12.329179381367366	8.849290070610383	13.886830066218238
8.565239887897757	0.09010015989673366	19.743735654513635
4.058673182896033	-0.8224157310219726	24.096568926177703
-5.928489494952776	20.890891344594372	24.04315703779712
-0.5495870493683633	2.157408476645996	35.31454316553919
8.580276359910727	-18.68917436467914	27.365639397119335
-13.250164753904013	17.82591068030355	25.630531075162047
-5.0288736772161515	-8.672004850357602	28.326861427739477
2.2794521891367974	10.853030350503872	44.956800993890056
11.615042613721043	-3.779472698144237	36.19447005714569
16.486799915704783	-15.314440397257808	19.57855295423764
-3.317241417570695	14.141782017618528	42.44297364228469
-6.037421179079616	-5.251747801146899	37.25486023131616
7.192968052592627	-15.816947065894972	36.91135178886631
-14.012573146886398	2.0762903885714397	32.63759636791328
1.9205402822918223	2.04008211760299	51.91959385603198
20.201366590439648	-7.758080644633852	-7.961776275988541
-4.626395924244713	12.581682443927562	44.03870854104732
6.703700231872739	-6.023935093825445	17.097742490192637
3.6237011153449967	-11.042399412385722	24.837710235784783
9.527929634084863	20.535490068218493	39.48415307155822
-6.9140688281337965	-1.1609979755699271	35.35690591201457
12.147530518874346	-10.812196230129878	27.94977706135828
8.770563988213516	-0.41091144743505814	19.43789617018595
-4.730817956710868	-8.487042298571962	10.426083102991228
9.633970520367152	-3.6642179546865163	30.52204377085148
5.375289072269222	3.479513942193377	20.54457760417687
10.539792162534411	6.460564975694984	34.926931321129295
-10.112625214625597	2.3109900631942972	35.315574150587246
-14.772622896931757	-4.2700855076296325	25.83862781082761
11.618023127817674	-4.556196368366463	33.98241505141043
24.53959980696534	-6.710698999576929	23.437713311305632
-3.8690134794074744	3.644464519101654	31.66744976990215
16.336376311263557	5.883690195709983	27.371712775683772
4.089261618577018	5.007380922608668	20.78092191625479
3.5768352387425404	3.373471778629206	34.16067175246161
0.9297582067360138	0.4314829902445894	41.516635477089125
-12.692519016316163	-5.164286444666263	38.16324016411987
25.198551949328156	3.8540030845712896	28.85860717847564
-2.6199429790058524	7.853627272664195	42.52304546526319
6.304265314373671	5.748258283090975	10.589633148144287
30.48110167286104	-15.93391592211204	23.946204476676506
4.848376639539966	6.807631442927635	32.085265953679446
2.2699661646617764	-12.017417900802268	36.29674667539823
10.447213891456952	-4.048170493325812	29.3443747683804
-4.3535999384485216	-5.492041593833865	16.934251572489416
1.559874986640331	3.807062333718404	30.121870110387228
-1.9594316438280515	-6.181933480083266	21.971479338194168
4.09890359840795	-1.9296143101006913	25.74817187565736
1.369301325073356	-25.4826569077495	23.56817432657012
3.1907844040017306	-0.8079407490270625	22.94320209056204
-3.5643233720831864	-3.5094698509652873	46.26593571305172
-0.6700730303010994	1.6702022042600246	22.001863467381185
-16.386808035127945	15.167417005001898	23.168805241930322
1.1292285640858761	4.671524359896877	44.23087436231672
-11.42732591566584	2.5149423407794416	21.799196806990587
-0.7705823881727212	-4.462015161152866	25.172509237592458
-5.141303842381958	9.897467304123632	37.63954173524133
3.9052732491970525	8.638161848551283	31.71493170569327
-12.774276425562034	-5.707877178470769	33.97214605969427
8.27780734232207	-3.6369364808900846	18.49961385868792
-10.416368071481656	8.617335388280242	6.915267313912814
11.402175508715546	-2.466635889288501	23.763803850673455
-4.884209445805387	-14.26700004874146	25.237804219937995
-17.77897260695971	5.858752408791952	11.712485398740032
2.3509686821093174	8.24407643871589	48.018901046558824
-9.904755551303753	7.419272726680026	15.03959701712412
-6.330135381489446	2.943074472156586	36.645515459088735
22.54397586172159	-1.0269219121456445	36.68896063826671
14.860278797184709	8.028312307436916	30.873425599352316
5.048426328983583	-4.377544391740587	30.550080648804336
8.669525149635236	-0.4223343289447959	33.9607307806201
-7.0848438092113275	20.686410921818045	22.004768397261397
-10.70820862326924	1.7741096559582081	28.01331005165861
-11.29857065749233	-16.515478080659868	35.82385304371755
-4.716471188627388	1.162137625300021	30.807716340713128
-1.4032902764423283	-0.5277115141371879	25.168822747019348
-16.96280493131192	-6.219048597521497	17.466087842409543
-11.578021662229325	27.134123977926954	21.524168486475276
16.174147715823445	10.956255824503756	28.884913424272753
17.277081145614734	4.178891882817546	34.974317901089755
-7.577912896085515	-2.730549640997065	39.599373069933684
13.241873916246977	-4.450069948484642	20.82725883555326
-20.13628536862107	-15.967929367545528	26.914286326032823
11.71312109465992	-3.334918564721931	21.372341071062753
3.296605404002708	14.508371319559696	27.574548000530275
-3.124939237502659	-7.33430754522119	41.46474589005507
-6.753016893431035	-12.700722996194562	31.44600450070162
6.863374473743821	-11.188419532967613	32.26028691029434
0.18271097512493742	1.4411821430135903	25.137944779784707
2.344708862971403	13.70403377585041	16.907198502381465
0.8624435332861389	10.657635839421173	5.275938296831811
-6.37137544913121	19.22597029921195	35.9496350564441
14.879175197519242	3.021173345182441	19.27567230631746
-0.5204756556973535	-0.07023913476498168	28.037536218124306
9.868907280618778	-2.8251612062572256	29.180249026811325
-24.864037154178426	-17.104110294816063	36.27328876161553
1.4399178622511015	20.571432997124237	28.07832374962664
-13.891801712774953	-8.059693639640413	12.541208835668801
-3.3917843189795627	-1.447810479533157	10.658060567416978
11.281959923935695	9.743564927159657	25.263150662755265
-7.803000995903325	1.567856697779173	25.23117579975605
15.966085178482015	14.344032103920858	21.757732909714687
19.179814955204726	7.847033151562439	33.32734624664869
-2.215850934193565	-3.4841273453317085	21.014064442978373
10.69769685935291	-6.85200926901291	21.027558969844275
15.468761504582112	7.222341343849434	35.37759061363844
-2.609029306687642	-9.024943114257837	27.023855618663152
-12.625016826882998	-1.7632392556025265	21.37182356582335
25.906301893892064	-0.8599695675670515	35.30350259167464
7.927650918291179	8.703687966806028	45.9330851700329
-9.255096916942785	-3.7578257132039665	31.061914658604973
13.524423129997082	-9.134894895514412	28.665295081420332
-18.73615652073098	13.957010415214416	9.958268948505719
-6.450586096689602	4.320609487528228	32.451116722636705
19.304262989897538	6.384673448008639	6.493399186030771
1.6061959769457217	-5.434858220141398	43.68087812485797
-2.7753160000755743	-10.285589332789652	45.57944054519854
3.24326370530975	-8.987287261946788	45.400937379885725
-2.6803131438255634	-12.40456704566009	27.614158300971365
-0.8320025741662764	0.06735627869923479	24.582220504615826
-10.51391259513357	21.413918698632074	36.144715306006816
15.996294483833566	-15.88210868718489	20.895076071185315
2.317569166008907	-18.081638730254767	29.275880993308505
-13.352918934829441	-6.283837823057544	8.434505544412325
6.121190473293799	5.608109830602118	15.54997241887712
-5.924511507460771	-4.035381069382852	10.291852382707049
-6.622090362084539	-7.935613881516206	22.208231207182777
-9.095598533786513	-2.6429239313208575	25.491036799983398
-7.622283867189793	3.6810026891796364	28.536005320793954
3.464837499318813	1.2816860667687169	43.195960711789695
3.9321179948189626	10.150200359823822	28.500426262575488
6.363115528243811	-25.2235773064483	23.384026106916984
-2.418489122302923	4.0725236502808375	30.66766846277735
-0.3536780438996246	-14.961666086719577	34.10495331599775
0.7094820997292727	-11.567339417355297	22.811222532077736
10.011900354378348	7.218211277552015	43.22889648674939
6.976284481343402	4.04704012219247	29.184301239894456
8.519391235494298	2.357103973017668	31.993171146102792
4.112869956056697	-1.772392157926331	19.054402376566074
4.45202457274082	-15.82457568473079	39.05190491515742
-8.133081308162716	5.833851531147455	41.22228532908409
14.93223716253219	-4.038837281462143	19.556053223942435
0.9053782257512382	-0.3847704203486619	32.994643566136155
1.3312258910248578	-4.139873887319601	15.669705832474264
-10.159668085134781	11.461231048357796	29.554828273579165
3.4042025570860672	-1.7220083562898574	36.89238821094969
21.464540103507144	2.4684500001915923	28.893606607525705
-0.21024879486824746	5.529339339501763	12.693332987926249
6.106296723799983	-15.051834093601755	27.844093113119357
0.5232759492054598	3.564982977381738	27.72192752090836
14.54000004422754	2.36744385989106	27.011350175206946
-16.467048934483735	-4.203436995710036	20.734911557826532
-5.800558126140428	9.730180014530475	24.3518803913459
3.79714676374777	1.0998823161190636	38.57754049297129
-13.300353242782508	3.0191706642521936	27.39851941767148
6.21122519038347	5.215932569226888	21.53875819937415
6.265663550697917	-3.143277805090943	26.16607611569434
11.54386172674123	-7.114670482243657	32.633774627882346
-5.07955918596233	6.645426316798993	34.97495104855488
-4.967511297750613	2.268509812866247	34.91345776140538
-0.4772439535606109	-8.056464656881255	11.809818351001152
10.342479057831653	6.634057309951643	44.70387465859003
-16.864884413780427	-6.553386969557653	33.56634167860767
7.796411110405822	16.608959020890893	31.879687752851027
-4.810873509209318	4.858935310282642	28.637692546638373
7.528768439047299	-8.467884614087778	35.946551816842586
10.682971187147366	-0.016998732339286983	30.154985516883833
-17.925182250969463	-3.9534930337902603	28.738899260257
-16.30429942678723	-0.5989393490182077	15.91712496711255
-16.109961582729667	16.911002187559138	30.37709785838082
13.66030002499819	0.42297212780948895	16.1840935046951
7.950538378115809	1.1564627513883476	41.408612077014425
11.191722658167937	-1.9151332846633908	23.847639976397375
2.2598873986371095	11.657305950897506	27.55857409860343
13.214302297269448	-9.13648156064797	35.813898642324226
0.7962685515026406	8.27261626098182	9.373581103805684
2.3910438266477936	3.984719975930404	32.27142126175136
0.6229948338474838	1.9657924157738011	25.9049337096526
-3.301887216384589	10.331594585339285	17.797978323441697
0.5620835696403983	9.024465239775312	37.88186042303316
1.5122605690323319	3.9135652785604043	11.523655116808328
-14.45612623611581	2.209418872830698	26.85070115263751
-7.984236048701447	-5.211660935284912	15.518100863228259
-3.606480367065256	-6.684092613892011	19.417517857978247
8.846817149259753	10.703970719499958	15.975252933432257
-6.585157507154053	0.9001877775305539	30.086436161806713
6.229942040028095	-7.4657393803326055	34.257704478260344
24.17394506323503	-3.8470572863291657	13.585274752950696
6.187809496945937	3.939935171380631	30.15954451372658
12.837467434525674	15.01111283155025	34.75556154640044
-1.2766733901683671	16.968273702952573	44.49255203299269
-5.006026278268829	-17.692600588667414	23.243252526261923
3.7668476833727187	-4.638238102494691	21.167826192497287
7.90105237810229	-8.98662468137789	30.874204043156016
14.721897384137552	-4.989957920880062	31.891993080584587
8.42884084292345	0.9326235382200038	45.40729550855868
9.34698062325809	0.06728806005919517	24.888864240180872
-12.091442180651892	15.060873720365542	29.96963338500652
1.2563674368726763	11.086531113170865	37.59907991585417
-3.9673891241692036	-13.65457866222785	25.624690990081458
-6.283690935786943	7.709383621350962	40.156857495888374
18.362662165482494	-5.478384628274703	33.295821169796774
9.904169099529582	4.33906555897161	24.866548205333714
38.09957062150024	12.771897727206502	30.866966680281237
-2.7812536786262543	-5.169996050734399	24.453391060996022
-1.2547296610521004	20.37528347949194	18.307809504023464
14.579081513163796	-8.070103029880904	40.69027958667952
-2.400830324879736	7.1228204596746325	38.07629286555222
-6.27194082407888	-2.4759313256152153	46.15114944471503
-6.1459262199172215	4.880511035693301	29.24845331161601
-21.0697774006941	4.606611910013518	27.409159847837667
10.313258680144347	-21.594638135698368	32.006715197251665
-1.8934579949510024	-5.7737452642396425	23.74273636224517
-6.03749788643193	-14.511281829227089	41.73905897603888
5.632939041909367	7.423869400969453	29.46532326057728
-8.773816071938622	-14.741161858825736	26.19768616419715
17.971098449166874	0.2653623661665387	31.45131670957308
4.081416470896434	22.05678945305015	25.33586707220073
-19.002022060326297	-8.315989489740733	27.897863126846964
3.255887944844398	-6.761216907836368	25.046672305191965
-6.038166713757754	13.355860967171612	24.078874683157427
10.696393353736056	18.237230732220702	27.797671834575947
4.764073691409136	-2.078642341060397	42.2682429451705
-9.800612281777138	-11.330327803656978	26.592691797737352
2.792641148121504	5.954612217638871	45.56144039234648
-0.5092627314211297	18.611939841309038	26.194398859729375
-3.693750124166442	0.24574900159213378	13.216994038159761
-3.190625605781415	-8.814990745371604	35.584476263087936
-12.658134951576432	8.541654206645475	15.47366071813432
-1.0572564399931237	7.602490108163479	33.88815713808294
-9.58128250832899	-3.650545268109515	25.969145410527418
-6.620306760763235	17.824575623086286	31.008524149579554
25.83954566148799	4.951367970658832	21.473804152528114
2.984609030282125	12.34537479921893	37.701518112330774
-1.8129168452695412	-2.6383738330864235	35.83413400339825
-5.807536013840765	-9.917041449345485	7.842842002914228
20.160091909210895	14.362086792249917	41.38012940141265
5.006992148363031	3.361134411814424	29.126893491443326
-19.686674250044163	5.14252043417606	29.219945282560467
3.8422578082959187	-20.469928978516823	24.433626409718983
-9.077874055122297	-1.0431950717834624	21.625823819601003
-3.043557404947042	16.951848079520563	28.752924173000302
-9.381191303872406	10.254636464695874	44.594209890746185
-8.247855389370164	5.054905960477575	19.24314557192792
2.2619700347199676	4.807087121299006	36.48027346386231
13.98475703432577	8.105912145868196	31.387115719555634
17.995006584074442	10.638820930462368	18.63867270945426
4.106125441977931	23.896772640143116	21.70372154835691
16.451279304596508	17.4313975171636	28.847544993410576
-6.506595189413542	-12.257447292450996	47.70550495073376
13.187539054180908	14.99236542215155	29.24245666652981
6.46287956270323	-26.21557204740505	4.716789089741361
24.123509476351586	-11.62113397506923	33.89247266880942
10.467266550289038	2.7405656798572684	26.266391913070244
-3.4354748802705606	-22.45119388912615	34.7444240360652
-12.087904942083856	-9.109261219736103	36.71975782768616
-7.421845837023657	-14.062873235043101	43.41944903380316
-5.49701324092906	-0.4619622937558065	31.206294901223977
22.108502993936725	4.080169874907259	31.91534861018756
14.650894957145901	-3.234473561856484	17.472540177020015
10.786062776815157	-8.61132152388174	20.98559344961552
-2.910034839966226	-16.32269720813168	25.20408325194392
5.584852612105077	-2.3336070622679244	25.949835854234
-8.346506405244554	5.114672216471909	21.190489397851
-14.023604001628415	-11.482124698920842	43.151239877338334
7.911786113665327	-3.4417233472138093	38.11060841790545
-3.874800270430368	2.3869659763755613	22.296452134007342
3.582669812445965	-9.664394863758606	33.9242560784617
13.761251433053861	0.4252938652367503	38.89220427249751
5.488287681865104	20.33632800793946	37.323877348498094
-9.954487220545575	3.5786669514852063	30.509548966562235
3.5762629181865515	1.7258228151203128	36.63127877318455
0.1006166195495397	-16.47034073178755	9.748742533919028
4.536070383903902	2.8538307099674647	-0.5026779325874244
-5.488539714547982	-6.595808128706868	21.16193350507681
-2.9729874413573816	-17.78659540614616	18.967214027977995
22.896845548481046	-1.6761081203923986	34.006323556607136
-7.467733290662016	19.517812298171677	11.035274767548938
2.4677389736761484	7.520205924226026	46.62823149334906
-3.1106057660617163	-5.097927899276083	27.12037569344244
-4.175053044057736	4.693724534297761	36.426514141327104
2.285617790689731	-6.703157162296146	45.3615660193426
-0.9899563024639848	-3.320249466040649	39.84674962584559
-10.193529334941605	5.26087167263907	34.79621952530894
8.354411315805004	15.934846822238475	20.378318860608328
13.773058360251671	-1.1422663854349637	23.904378197604597
-11.509264142360516	17.641877732128204	9.912319900804583
-2.6151224107846898	-10.538613154234211	36.709847185010304
22.853173270609467	-0.3659834847672319	38.044783287947645
1.0285702695364205	-5.2235125587088245	36.706410965419316
-0.6474031655638041	-23.62707321791142	45.77453569542855
12.260184449759047	-9.780558644421832	22.749169863561242
10.30668495671954	-5.8396043726345495	32.279543785207494
-5.315362076748262	-18.702779237763604	38.71552909646182
-2.9434929249579875	6.2011089848700065	11.092256028389453
25.439749589966407	-0.9342333915266052	19.894400198677438
0.4278067332413047	0.5704436594736684	41.08521515786984
-20.276283753468817	-4.078318290048655	22.023892916467556
-1.5254651926774492	-5.57594130581221	16.369364737446023
21.623251135670657	-14.0081890859941	16.55270556893747
3.102231771165598	-7.7909614264397025	27.002223653929704
-10.29811370562676	-0.3962641936259066	33.67712474195732
3.9055092226145813	-14.072124293643915	35.93753057599526
8.717904820103865	16.121904779002275	34.27544979856376
-7.348803604935342	-0.8671714680987237	27.966492326620497
2.705607022030176	-2.3573856866144736	30.338313633996286
12.66385564978722	-6.667237126559881	23.55575939849487
-5.937736328060861	-4.207561532813969	8.228421353906931
-1.3072537665822856	-20.0998158554024	28.157448762289462
8.567972823727724	11.334497128140836	29.51117362279994
-7.993321070465305	-18.410536235215233	18.327008854630535
1.9903207707218842	11.647025323733393	27.238604203858667
-4.256097918503567	-15.100344316886886	22.670889260547728
8.569678044934129	6.906736799713733	35.56200970075347
-4.327351185734026	9.013641633558235	38.47419742534814
3.9980332504502463	-6.980517031034942	32.211779296107274
6.527663174277376	-4.822762354571243	25.511615667544163
-0.886868170860247	2.5494624528460097	18.749230936609337
-17.25438507932634	-1.483093965524006	27.755082242024613
11.689077804339483	-6.906613229577456	25.66569446092794
-1.0452394430009178	-7.802338536961749	40.773438594197174
-17.528544459416885	-0.3284623802650511	26.177327281063594
-6.854698192532236	11.823101581615203	35.489293200224225
10.072117833443029	21.144429737934832	18.438018786061768
-12.823574288674099	16.751425568864107	26.294994366270977
8.562846659156257	-5.162405911291304	28.07061223204807
-12.485412075012581	3.432778415883032	30.463302436204625
4.3410418419409575	-13.357312921123727	43.59773889698123
-8.1125766610448	1.4673783447347408	36.29218426579339
11.132557623708422	-21.23682668421118	50.576265056404495
-3.395536018338567	0.3922885503128682	47.7361050541499
-7.949068833625511	6.762088653023484	27.796376634597735
2.4116085687592363	11.035436248007166	29.78736081871357
-11.286260161731118	-8.603701985808156	20.221083064949916
-1.0016771097682016	4.492872329621094	29.654476535100045
4.74469852446976	8.55370074953669	26.306424178185313
-0.3993695877219664	-11.254174104796235	23.11354876462556
5.111479577785586	-6.333163616473505	40.104847862086814
-10.389746047779111	-13.672008883782112	32.919609813467304
5.223406792951732	-1.195900579403602	7.312720786019561
12.61374621115111	-12.731442948208151	26.570131650701004
-7.737793589573659	6.395348004804772	14.806379809990144
14.160546679914692	-18.005194194753024	39.88060640686679
7.929362385613047	-7.657947562858942	31.016544107908736
4.892360358913226	-21.52230313433408	35.213571973718686
-5.489018227736983	4.244141470866442	46.133019978709804
12.543901852185119	-14.91129502876628	20.518744256849228
10.621325475261498	-3.059815849096605	38.44751437218757
-16.808081244605585	18.888249003805086	44.01507149842106
-2.2137766032873	9.385460497977192	43.40266561385685
1.120753943994907	20.546460703032984	21.770383429337507
-9.127604121346838	-4.223707875143084	33.60538752716873
-2.073375916592092	9.157928495890964	28.58348452760847
-11.301710962452752	5.714951370886796	29.286257644794972
2.758781615215752	2.327319240968621	12.22137088455628
-0.16743757391311737	-5.955588814478449	42.7001501956416
1.097308461110316	-14.730364683937168	32.26150096959387
4.572624168263036	7.294380282164747	16.7502615503049
4.674801699169765	-4.056834655620417	46.26225349750544
13.33835052869852	7.036346311999228	34.769751755260884
-10.626394139293069	20.526147590500024	15.066302952555517
-5.169499750060607	-19.879231292635385	27.92221705728383
-0.16250702542921625	2.3124836368133934	28.76241467985379
-2.0322718849029333	0.8846214935184181	36.043669316158635
-11.61251845070793	-2.460636322591992	22.161826818535843
-5.558298297284247	-0.4694565008311886	42.21523095177001
-6.443081147328687	-3.1894811729396406	12.459912538125547
-13.04927614276182	-7.678214850290318	26.917334157454025
6.063557960162244	-13.938324945378508	25.330918902620333
-12.024508344020822	19.94368344851962	16.28625502342266
5.690647286804276	13.050343232719275	31.339793902452403
16.176496475849863	3.6712299236030015	30.99315646168393
-3.4451267792155313	-22.99185869220313	33.68817984173256
12.348455974397039	8.023559609859777	22.64450397763443
6.8435298104378965	-10.452901716192306	34.09705287199725
2.5236118339551137	8.131735768358116	0.06248925668175431
14.021670100313994	13.082686600235354	33.49363322860599
6.174409605366204	11.137352394921994	16.65820383290569
-3.8426099892054078	-6.325657912697309	34.91930163405921
-7.686638890561161	-8.467722187403389	19.93326319725196
-0.7388703335347253	5.502836273632253	20.62201906160228
2.290623057233897	8.811773696317161	28.829184235929063
-10.798004517170565	4.361967525048	24.82668188748332
-1.7218603950179805	-19.132364120405818	41.52486751303826
0.7530621871189147	-6.049575789694046	16.925403606565688
8.189601590430483	-6.414382707417424	33.561530929310905
1.1078694419107784	-9.969100803890612	31.143677785527608
1.0249475790715379	13.291259666554112	18.069701818238656
-2.519479117244996	-1.9710879542580886	31.52657725563747
0.09647499098881943	17.747630246360977	32.17902315290719
14.030373801382227	3.5887754414878232	24.405665828504226
-7.922432812163588	11.768461874563192	32.07342597128937
4.900171302265717	10.238790001856131	21.591646773643077
9.605473738286193	-15.245343945148676	34.74052590567716
1.2876444595695298	11.947577792175682	24.288454890086197
-14.508484557227437	7.4841511565665915	43.11857206238662
11.922848179204708	6.419539896360086	28.713792159223
5.396693157878925	12.932660898576273	38.66844203771104
0.607122887631615	13.594577099330934	25.49988247061159
9.893500656257142	8.157166718105358	5.232538291423545
11.190911159794867	4.135406812473913	30.904794353611834
-0.7612094163077104	12.679427266514827	47.50869349881536
22.67369898610193	-18.997572940105833	12.782241055504699
7.157988776148903	-6.611547299176301	37.15578033682975
6.448220216130418	-9.17616911729898	22.793072010457934
-3.094997310301644	-20.641423289067898	44.89205362535647
2.567085813029171	15.644526363005674	25.85931885522953
-7.464581218920607	-10.325387821182748	11.238096378644038
-1.624404268722305	11.786320689042942	24.03522925401566
5.24775172817603	-11.076527992902644	24.653431220802915
12.614305536648477	14.528810849143795	25.842850269878433
11.037631833177482	-13.73828506295042	25.624391653558735
-9.719892436471822	16.814368618524917	23.842818892795506
-6.843537968224246	-1.8761225188849393	13.748052479251495
-10.157870632763853	-16.843415967159412	9.642779442222803
5.71828101065556	-4.744773946697683	25.9818810033093
5.223566706546601	-5.8064337487867155	20.906462866851776
-6.567815128731592	1.4711650898663717	18.953275383448332
13.32273986024401	-7.746352204631023	28.969422516999586
12.637343683485918	12.249855218077867	25.094472610515563
2.309880497742555	8.117511317941254	19.464081919128652
-2.5669538338612883	21.715013846736305	37.576734491944684
-17.679227372198877	-5.086345368540305	13.091538081214164
14.5932604831806	-8.756278244057732	37.14676432043005
-0.4307119730310467	-18.02425345740245	39.75003068013211
-15.449780778765847	-2.837723463586273	18.344617233103495
-25.658144233582966	5.034961830048502	26.590379597465546
-6.559398097775579	-3.2991873855648004	31.0516090716706
5.058389351723575	-19.851088388558132	34.29327260389927
12.578899483883731	-4.643695689574362	41.32872084292293
-8.398244831550963	-4.282010089592095	37.29167219257157
4.996250132861208	-4.219523017635087	14.779074968722993
-0.14940250159562976	11.078402313076179	57.23147294099274
1.3915931888053044	-17.520550077860666	34.47088946063272
13.514225619499449	-3.9070098132533584	34.12906263770787
5.476624205565475	-16.508944103623207	20.676445168256844
3.591964852643142	-5.158518779162811	33.54272619160354
2.257747887643556	15.178447362436053	31.352137680538526
-2.8034182320961336	-4.245474294495589	39.213498736200805
6.787107846504499	-2.4302368133916916	29.256849559069092
16.379397556153062	-2.3468367986960432	40.27622802060496
-14.643162634476637	11.791571484301464	25.64444912049355
-6.911550904363458	0.997703173002958	29.785718570907576
19.441616548382708	-6.774826216960424	31.859672827635894
6.447453911523173	-0.15569596919766313	36.857057047084965
11.76246910512887	-6.976262233408493	26.45404354044588
-3.6645608063073496	-11.22365414807263	33.349744343374674
4.446212859161162	2.038320756868335	35.58115698255565
0.9119338764651931	11.402324029691979	31.88629085376551
1.6134664204312668	-1.6289934474678245	40.79610874310139
-1.7342576646297587	-2.1034877340995606	10.445718643693763
9.548440976108033	4.382080080361199	15.843417337944993
7.709329500054034	-9.841291204253583	17.40008690453286
-4.476135442476736	-5.357430921163453	12.462339135138132
3.9263837812310194	-16.771428733267232	42.7589906196295
6.872612197274251	-11.944948369838006	33.05094256234253
9.12878634716192	14.208264393459451	35.04281527228479
-8.414602995826478	-1.490090605937424	23.02726324146683
-11.815434377379992	-0.028195843268227026	23.92313235528355
-6.23823375082067	-5.910747883440824	23.83996574990888
11.082730061006975	8.117819410806282	32.01358409044994
9.04909551283319	12.158907064852777	17.217671262094612
-6.826675357190581	10.20593177304502	28.71903347542943
-1.7136508129118846	-19.070607167930014	24.13178603166738
-7.1747500919617995	11.051502484462087	26.391291489078576
2.2375366449621295	-2.5474614353497977	37.363229098960154
-20.201459416881505	5.303526690162311	33.19704767034729
8.985165301198666	-3.382916468446256	18.71364367014192
-0.7077986361001393	-1.388258752345322	27.566459908131907
-6.650371165978269	3.3973543432771027	21.57745909694341
-0.5003707450539798	-2.8973455138231143	51.37477693865053
-4.5219785846537395	3.886744468170553	23.79252809476988
-13.562728704970459	1.6612844377590974	24.04389494592253
15.032733703396149	6.508391034701276	30.796873640514967
6.986384809594101	1.8422288254797015	21.13577486121267
-14.807814663604846	0.18238482844631365	28.40055557810984
12.423875677377072	0.2994567915085952	32.87258999599015
0.49232931844712113	1.348233345584814	43.22148754033917
-8.117556108270854	-9.681618712864077	15.16606890571346
21.124669303379314	-16.754372206751484	9.380959784746828
-4.89445198950474	12.956161861376144	23.48495698826536
0.14900968405463474	11.274627203698897	35.145628983823755
15.876233036695178	-6.179963358675615	34.26690037208135
-0.7746642330617688	5.564471189824809	17.37767773249277
4.828631088310925	7.890423944977417	31.518841168093285
3.0504114540601126	20.89143204117981	42.33854570285005
10.557187485498204	10.05834766991872	24.87582549811975
-8.223747140068348	-0.11776565410294393	21.476339117548783
12.596404565095025	9.469968063029695	22.953858830024497
3.232524211550172	13.512676212667467	32.23931016932769
7.3962956464058145	10.500519673955512	17.487606175389196
-12.037264260798297	12.222242648446208	28.417926778811935
-0.015422780413655704	9.177103332034465	23.158997223441027
-1.2387723492866363	7.468549635015595	12.293588877074267
-10.744560579127429	-8.23013908059797	20.219461532328474
-10.86486485872745	4.974468228170486	21.16143437559092
18.417626973369977	10.11846893290735	31.58605690132532
-10.38187865903954	-9.222328996053465	43.9331663007521
-16.201448800348913	12.093984888640142	39.910519480518786
3.020728348578763	6.228107590022591	13.701718637143783
10.38008503398055	1.503148551377853	29.09022559496868
-5.379419998132229	-1.7879030904940598	27.619167437741922
14.84323195853632	0.23489127802011903	35.762546511293564
-6.357115649042986	-13.256571609602968	36.113796058130916
-6.673283406194177	1.5139032146163423	21.514916925154864
-2.9701897036418003	2.450725527585743	26.551658090476003
-11.312576727007585	-15.275227908510224	26.29389832890345
-13.905046982279348	-0.7824002462198604	30.780960531706565
2.6403235263481744	-7.070950972471967	20.525376956008103
-4.320824813721087	3.6162313904309467	33.60777686604969
-7.0725345925440894	-9.52540371817962	23.473876134949272
8.619635057539474	1.6066259568884342	30.34866231249327
18.36602856078651	-7.301655174152493	13.084623283429774
-21.60782715894276	1.223972967572934	36.56531924905802
-10.175600343946169	12.330480990489896	25.717629784287368
2.2531699224285178	-4.353025028257481	14.107868217519927
-4.67652110785112	-7.206364121319123	38.25684939054472
-6.952557696162554	-3.935679946599368	40.98777797161533
0.24225805300674585	-9.14416354140592	25.47786136499293
13.20322028187495	15.52269188940244	23.227406094378843
-0.6267841107817974	7.33787137123611	18.46210273534007
4.025084980376004	3.7076448993579776	30.848990083899235
-3.9083079279123374	-5.489225706709059	4.218617500628628
-0.7845430294547944	1.0292024727124192	19.230134311195123
7.275161221751035	24.75149440819907	30.459968414809495
4.630556705182392	4.515480694055494	8.189015007268154
-0.9369701614750057	6.47019312071909	37.59761482640435
15.171584369424476	-6.072979394339911	35.296360368654206
10.145827376663672	-1.3453967464034855	26.777365119913775
-24.98164204834421	-22.013133123915463	19.43612353326068
9.944190040959667	11.750580995046843	25.13301202777468
-6.097720262080807	-5.113270952889656	46.3206890891057
-1.1548582620482613	-9.253751876140932	29.058234836477197
1.0888186059173073	-14.386089547073258	42.6653650939912
11.83580129516879	-4.928301868101576	31.346162357708256
-6.839788418987487	-10.86013210122032	15.171972322112039
15.091389312171444	-2.0999404362544274	41.61377286435152
-3.520841156278061	11.160215340366626	45.93078922285545
-1.6898522302411503	-18.45781607089864	23.380931825174393
-8.066481214127263	7.936300470649826	37.81418519760261
15.827703249404834	3.343113033713797	22.246548795252135
-7.009705058222498	-2.495172697062121	32.80815087293071
12.095786507993424	11.12368127307543	11.646560217227282
23.68633021530439	18.19621734617469	31.85907724342672
9.229060661450612	-4.067737823214278	21.283930974880285
4.815379419555576	-13.90257702000915	46.131078187257046
-13.05576813851111	3.1862644793813297	46.29495445175314
2.040805725683499	-15.359801029612726	46.360937644456
-11.550501879697224	-6.464342522438159	56.21969773345049
-5.253064423736616	9.328864759059716	17.955846596062855
-4.8620430806726675	0.7552567953058403	35.35311711426383
-17.355604894599175	-3.5006357804155774	31.01760887344966
8.497646178577048	-4.8435851482211305	6.45998679196747
5.376658797696513	-7.425009396751571	25.53898031545142
-11.197119649416976	-14.980825817583714	20.49274789183317
3.5809666573741374	8.664482250276377	38.30851530921771
13.043721430162245	-12.233809077764272	30.62618557193296
0.9858459639113657	17.249783533543862	38.60918469158679
-6.5248555717665795	-6.912188893186028	32.12755747170844
3.9973424613823823	-13.606687914622233	31.5330414042933
2.24966499846694	-7.280046599191268	27.592542973627673
0.07319703998034299	10.587716732558192	23.303702656702335
0.8611361358977312	-8.016857555390402	30.090870917016733
36.39633911170003	1.661078262942242	21.853820771086305
-3.278314849237181	-10.964373537105692	23.805973716913417
28.818404506656027	2.6034497647733317	20.02452670704241
-1.6302198747439265	0.7686059460163736	42.826945391648096
-4.2494897105137825	11.870908099415015	31.13822876673177
2.3801722951773314	8.60896480492729	37.80895461588566
-8.74735826717245	9.227394539225882	31.60024360875682
3.7285690052789224	-8.05000814974672	23.84950978064459
-7.830055334065191	15.77549434235863	45.92451385631172
-6.1504401176340835	2.3089895715608657	42.248680903842256
-26.545740666541683	-3.515183031521414	12.06657953812978
-1.9479351155913212	0.46973459775690096	22.778212961680847
10.465052093137523	-14.454947849029494	40.526911763505574
-1.3834112890981707	-7.358344467988114	26.23644893044339
1.0495802384307138	0.762080281644404	36.91023633877565
-3.184111284027562	-12.05031697744474	31.93422341517095
2.366254574770042	9.546435521924069	38.11827195944974
3.7880574617952485	-8.930938776300586	9.879688419714661
-2.717176232193323	-3.0214553608892407	32.72231216211226
-14.217812312926014	-8.28173619497574	40.010138863413204
9.626957128641635	-0.36112757497173165	22.496176324426415
-6.092339506496076	2.7748054216701536	21.771181614603922
2.990149749291944	-17.29930762197465	20.117630985403935
-23.864971898685248	-16.12679234200982	29.00037242336642
-10.201837168635324	-12.226094615756008	42.68289553510327
-10.414967406297432	-14.747493687782711	38.484648722865494
-3.5059328463025348	-7.0056217592606576	10.409941642621693
-8.12287190275894	7.270823573864844	11.31901342295912
-17.68138777431366	3.2101961829931236	20.926071707840475
-1.1512000798283852	1.5038762190081059	20.67158208176864
-13.891965960180642	-1.803580130859316	17.43272921003315
-7.1256319081436095	5.872865810573299	29.604000782142833
-6.050451249503002	-19.911769355138304	43.66221267871772
4.664390788986246	-4.581309401647722	28.609555373155008
11.513185590495457	2.324605170934711	28.610869024132633
-15.886096811738286	-6.930301541714127	18.918158933933746
-4.163630715374284	13.566321514273888	25.161105591897496
5.12819017640874	7.247807155526448	40.573454906080926
-0.8687838750753364	-2.544591867081665	42.8611584185344
6.476295333109653	2.8274506194821045	11.92875045374219
-8.091500917511189	11.289521039577595	38.08552897678464
-6.215213096056628	8.92314267816605	30.339272420016673
-4.61280462054199	10.090357623082575	40.24486690792656
-7.674723470060845	3.642993528167069	46.50939023322147
5.260681864224434	0.5303217742875771	29.245881355473568
-6.919496275421583	-22.079135420691074	30.863887052101667
-0.0023071248913946693	-3.3993751288373364	17.467914874460494
-1.4372413628721707	-2.5598216841600974	16.41783774361256
-12.16346250977885	-14.379157718623429	41.28579830306024
16.096548439214477	-1.7485876672783742	19.71556013996082
-10.262575557743611	12.038596959002337	31.930481972667014
11.883115254469885	-18.707077034321465	34.27223141240701
10.350566475772025	6.672388823069487	44.24199756833254
-10.527917186050107	-4.980085451652285	36.043950810345265
-2.406324726374467	-11.102370948830755	26.74853723204872
7.44563402438165	-0.3968261153555339	28.781927335307763
-7.830861204920421	3.74333116021204	34.53196193888008
-6.8435751047084015	14.698412219976067	37.95975791004582
15.978389623814014	1.3515781936890023	36.680665254568986
4.781430729424107	-2.406370037494304	23.436461995351888
7.5011356580661985	12.990765291115054	31.240994719694136
3.561851722216133	-4.942234565015323	36.72338835204628
5.760888531926483	0.7270384792036959	23.424523298018073
-4.499237908271253	13.067937263480868	30.823226385032857
-4.85523398031299	5.837172104134904	38.495630808458024
-10.99512240703165	-0.144510367668362	23.125776881153193
-2.038934978075658	-8.236227790489783	28.184896101841822
6.616728922502462	1.629512926090294	31.13962546850324
20.85010104878188	-13.058730761721016	45.16907807510173
10.107593252874103	6.491538465187482	22.895000872657
5.401783229655491	-3.2196521609138546	50.31607493756064
-11.5412069917227	-14.446434824207657	19.34632808647811
4.075126550764942	15.459449758754733	28.776634166693086
-21.866281222721252	-3.866386152789358	34.52252275809304
5.6718401181976645	-8.029687839761376	36.52202735254353
2.9108341580853496	-8.91286159605347	24.94823080033691
7.570266657173246	-2.4089258961636126	32.703872361687004
16.94392381280141	-9.343857670438359	19.981702644988378
5.988643562720385	6.709336266802419	33.309464203703335
8.594699512357803	2.8554836950834717	19.011833579810375
8.434350302807257	10.987058762454527	26.100217720132395
-9.032182679018732	0.08575369582516382	17.491489720822862
18.015705897443365	22.919553515587495	28.697410542784635
4.356476092664355	9.78950816596307	20.43658568410347
6.445513183620793	1.030224851005921	34.356082159920994
8.8648805593577	-11.990708705996319	10.692113374585603
12.600057870565614	-3.8807650543861163	17.71043095455478
2.684975066915931	2.9908301016407357	44.80342444821343
11.161706355473127	-10.299324506121526	39.6962775318105
-23.35903693265067	-14.34164575095949	40.414379044732996
-12.117113305527091	-0.6752889671204958	19.02373524025213
-19.338526193833484	-14.719769282223023	25.082375289120854
-12.616895203292664	-7.096898682643166	31.732560736308546
-1.0417714167646783	-4.005346953035948	23.824849188258902
-1.4290969543700665	-2.3196514510372026	24.532534808567785
0.5535300358175772	12.022479482380701	25.89771056880513
11.106642265043277	10.895967726973726	27.44862011687873
5.149683759586914	3.3253511149493074	25.543570420588267
1.4056952543702141	-3.0957255614021877	23.497771409809094
4.082280508098698	-11.374793536775051	35.90453072525267
4.268297880678919	1.563986873479861	19.052826728806508
-2.744795521612443	-10.382413297979443	18.7253575738855
-3.9325816153391417	14.27288160974236	21.281675524266376
-13.94987982756546	12.08300777111037	38.91877239246665
-14.192640251362294	19.073449694321695	29.293147298700415
7.217692452219806	-9.940147118026104	38.573455597861674
3.892344240773766	-16.337601601005275	19.523273691765173
-3.048033150949741	11.450584600219571	22.39467340841513
17.230996668810185	7.993981452502191	40.524173202992664
-7.757347223733647	-3.783618176041284	30.53902268484841
-1.16108741693722	-2.544778191188381	39.09393705780001
-13.054152778365589	2.655211634505977	21.39179433601086
-3.207892402573461	1.1106386926087393	22.99708299891858
-11.393767359697147	7.934596964349533	14.032503270223321
-5.7839958571608605	-7.749677694922932	15.616479451256522
-1.1303969153008073	-17.123286492759476	39.692287612894575
-1.467829623549469	-19.256078147585235	24.252638320367016
-1.6114546021918845	-4.422041470838735	32.10452387723122
12.616669661743956	2.1132932632874004	22.190930407577984
8.557273794401448	-0.47099576582969566	26.86954708083639
-0.5491442047538606	1.5389666482969842	43.16970685415629
1.5737105477793758	-0.5248270460971852	34.70041923280928
-7.202302063819409	3.375787230434373	15.551760563481977
0.7161000412094816	3.1811834680108406	25.889395662352868
7.568120305490257	6.676812359360885	21.07483520160516
1.1722616529190246	2.4281991660716535	8.806600388732384
9.772373092997363	0.7241430461727921	28.930926842977776
3.054150004693814	-0.8572727298706774	24.570775342067087
-4.975665123544349	-0.16533186128731703	13.847756496196535
5.678506002992075	-4.788122511461163	23.37140960607831
-13.297195897627345	5.3499096930864685	5.47750851174224
-7.087141518241725	-13.853960794422207	24.78087462664561
10.791372295153483	6.5619301637537975	21.262755973505598
2.8771776399784192	-3.9820789836097648	11.82097942697191
-1.4570501933332514	7.496311271761345	28.06825929256141
-3.0915150385173424	-10.503744156854268	12.165449289472944
-0.7380742407695171	4.425372114016922	30.69958668988546
-0.012280595505182476	-11.140581361957212	31.18366676910645
-3.500392828482781	14.676631193400318	22.2870460753659
-8.894893917260406	-5.11755753617689	15.11823841913528
2.4929944874086396	-6.986706069270715	29.372344983240055
9.149710431537684	-0.024362797500179226	40.3933192595142
3.041239329732747	6.97304222850363	26.345358367431736
-0.7976907877220969	-11.251694708639759	22.63356002704105
17.887384607140284	-8.642199638717749	33.689664810675104
-6.263410094013112	-20.700314792101043	14.767678189898438
-13.439448398243577	-4.933121748435882	29.54081964640307
1.7498715973872414	-13.096407738535012	17.056908348120217
4.7300701105489	0.7150639188335126	27.006001335395972
0.17874210135424923	-8.597731314869847	25.734817353250484
-2.9955563132781466	-2.822834694556194	44.96946875375116
22.35368288520176	10.940927160653626	38.551841880751034
-8.092629814402228	0.028661566299208657	26.368046763636485
-1.730291232351913	1.4665188877776945	26.56658973288244
-11.874298674072898	-7.94255265063355	18.54638526702191
-4.061500999895371	0.9952201778159055	26.118393601053732
1.9696972322901116	-7.6332061596290535	13.741495408110065
-19.088519548444577	17.05641004665099	42.70710215437227
5.400270567593091	-3.9902397814257573	21.008451168638608
-1.538981898447627	2.0081527955799725	36.97049061784837
-19.825276928170204	2.2427448439353608	27.656617535702548
-6.396717788681788	8.108494924936918	21.69301010636414
0.7698889798651907	-7.142619823725843	23.705778198295583
-0.02701528872534025	6.623035660058077	30.237483338811888
12.964529666099134	5.801984282440062	42.713951824832634
-0.3420644144165006	-7.501988739553262	19.73925863413148
2.8166787389982355	7.288518314263274	37.908299941037306
5.4407310094509285	0.019083142936430802	37.23507418084995
-17.735394164837064	11.853219495384383	45.45893780565709
-14.446220179124287	-15.057793171142357	21.147339757064262
-8.978114318160763	-5.755297303212876	25.86519648339211
-13.411728863590632	-4.282500865646364	8.252253751916449
-4.442315406122819	-7.3092607266007406	26.503646255660104
-10.466742206607652	7.917372322755105	37.30975402334367
6.816349190406198	-0.8684155544660546	27.662412218990365
-3.5199404707956505	-0.234124449749219	20.012854852795133
26.255206915599373	-4.677679420826655	6.122410891223105
-0.01498555314224338	3.6230251954172124	21.794084804196945
-3.3819048208418994	-2.3212708816175605	24.446525906397966
11.81645519765083	4.8017341452611895	34.52675980122048
5.275731301038641	-5.086890876062044	29.268776576376514
-7.490306274538371	-22.853648990247905	32.51202612677251
-3.5902517176721642	4.29069629370089	22.575135608691987
-8.037439046492246	6.6788126218202155	21.89632048766296
3.842283662425693	-6.684525923947861	40.28879913572797
-2.5452980684417152	5.176783774481256	26.70202815435863
-10.63061103481299	2.5630133792007506	26.66062143671042
-1.0855462485177934	12.00616367520663	40.82389573485493
10.498684886351368	-1.428539097164352	31.542715720457892
4.0136207350208215	-9.251628429136515	28.560097288916904
2.888806533426144	11.659957285377487	43.28707607399798
-10.18892512286342	14.052556645846057	21.35867813780676
-4.319935769606343	2.495517640986933	36.49079952934345
-1.3513508868826438	11.782633357575666	46.42799056157187
-5.607956503269721	18.135448427377252	38.57188664381961
19.72269381755645	-6.878266992277291	20.2445562619758
0.3321303360124498	-6.9332350771349285	15.211373355610935
-6.0382167443605415	7.598412133541682	22.809294300237703
-1.9720761696068292	18.677456521965894	25.463221920376757
-8.463361445978872	3.041291714112584	27.548747270496442
-2.676940047197429	6.193429164690825	21.509637713375398
-2.1738959645710274	0.8634583477440487	34.051219839659645
-2.239923456753446	9.917874972840314	35.25259622980853
22.676702440980783	-9.991629879737825	35.673247603614904
-7.166750966804934	-9.278906750040884	36.022291841951336
7.46955460344191	19.72460839364221	37.61425328790806
2.6400865780905662	-11.799321340381022	37.84572730192689
-11.349134802027853	-6.069424403902348	14.368640871284896
-16.364998934721182	-4.44439487995534	35.5938478980591
-5.278256440579306	-3.7313338762898867	31.310724235754776
-1.16849530728168	-4.719747474826716	26.90597636699146
0.631899207631661	-6.292792033725092	29.80204562964078
-4.390605613318888	3.3951213856077427	26.70794959926034
-18.301364196023243	-9.19460945983914	30.237286673807343
-14.790432674810237	17.90401616957976	26.158142660340996
-4.249079027930484	6.165420362231845	37.16178141003945
-31.493799728508897	-13.778462011411177	29.141525388415538
-15.71018048269017	-0.5116576542504032	24.385629855947762
5.0205430462859315	1.8834091253018161	28.600511783239913
-3.6957936877704816	9.337027725528229	30.01233393486112
-2.452619180236234	-24.81933035708227	25.604057890708305
-3.899973591464615	14.575950617863114	39.14963073780413
0.21151256735518542	-12.006517908601415	31.463878081076263
3.196268971476879	-13.728239734125081	51.3697514480981
2.2889742932867576	-19.511436083624535	14.539151531080659
1.1664165447875199	-0.29522950841793794	35.11928703635024
-6.435501962060711	-6.181900222731787	17.525115542593415
-12.177798503893179	3.5533208901579543	6.736321906329092
11.712255809525713	-4.028377375321007	25.940413728970576
12.289640057256017	3.893014327719398	12.578660933908854
-5.226766298451725	10.037803070225994	35.70216832287138
11.379212679241558	-21.49057509868743	29.756400983185998
7.091984955303944	1.4859220499511119	35.61355932771432
6.406046446707787	-7.394363770739374	43.533182243784005
9.075744056113638	-7.300249429340648	29.821588687223628
-7.179193506565127	-9.447820171725194	40.645654155335706
16.650126929979084	-10.92999817583406	28.954032984707897
0.15702385402878688	5.621905894917047	25.967360671121988
0.3789481490220353	-3.0830794233304215	19.3312204292717
6.061485246990444	9.768218957437863	16.916514300688167
3.6792120396323758	-7.349046911976896	21.667144017749475
8.055480131771178	1.1457745337975371	39.45688485035022
13.735908084745867	-10.262788790475048	25.61292577789707
17.9709633721576	-6.006857518267893	39.42291357517165
-0.9379344890440653	8.35745317009042	26.814948166434217
0.11465571881555606	4.3848988003828335	31.2276567794587
6.69187660077171	14.380703099454577	35.01253309789274
8.72667244839398	-12.636164483786736	19.516737887198662
14.49987963793021	3.510801856995224	48.28000795626721
-1.0722596150033272	16.158226621171696	11.753680205301396
14.365355491069902	26.93837711635791	22.45888030555194
9.188985443977863	-11.216073934962836	41.47955522874571
13.672918299441223	3.5236248731977216	25.42893548948014
20.281856016314524	4.28738583060508	19.398379212629674
14.141663424780864	-2.8411016643000546	28.96150296711023
11.916179777218964	5.446999466099875	22.004057402161592
-6.19641781306862	14.725111095475718	21.322800488675526
-2.883888056664091	4.421502764243364	45.04113495003555
5.65478215414392	-6.445859726834673	17.396230455088578
16.040044399915274	5.658697443491883	51.324049311898406
5.804581790596166	-8.008867262859951	29.854668308055714
11.239099954477744	1.6475020434703382	45.349409516114214
6.578707710745442	-14.05421192611364	38.39069072213471
-9.24636295879443	6.990716349250303	30.542262669872457
-0.1050823450442096	-3.712291114010387	27.026819513632006
-0.39561090767097973	3.938845985099162	14.548582873096704
9.885005187075885	-19.39205704472187	24.170611320369744
2.9906119628630075	17.21915581838993	24.668976657319487
9.798423361600442	-13.315244315667933	31.1007836680225
-2.5507416274787484	9.844967125072145	31.226410091519334
-0.33550505724034735	5.701156985307161	21.50238566660269
-8.012186305028946	-18.719462517700673	20.886560790403898
18.444474351969436	-9.825239902185084	19.508942340612805
3.510546946621154	-20.779461342836704	19.073639774178854
-4.253901991425347	23.051703123792105	29.15689615869531
-1.1499448877022922	0.9866749228827234	32.7473027607422
-2.410423418991368	-13.334374907225726	39.1934675825387
21.710055566414425	-4.226816848685461	24.424590362842654
-10.61897087199723	3.6460980685281137	23.953221100964786
-13.099496035981657	3.924153776821537	32.02738600404852
5.133150178213147	-6.364062038207747	5.485136046588856
-17.79165399028066	-10.221340784367614	36.034486419977235
-0.014819760493570498	-4.922068958146999	35.97658762912833
-3.3447979551834446	3.6757392021553414	34.03607202681529
-11.465651002168858	-0.19637605692902793	28.892082130537794
2.741865670619238	-10.398831520797193	33.89651743532577
26.383126131400523	-15.02446842113988	27.09194907959967
-2.411748180179403	6.678507911077358	16.93972325160309
-5.859888642233434	-2.650219671822237	28.8232157942198
15.640465692677743	1.8166469866411576	37.03496461395312
-3.07844539380413	5.126779938623111	13.257387826120954
2.3018665380382655	-4.168892403482048	32.11646248486035
-14.023118637224945	-11.827733237171396	25.182317471165252
12.584064231860996	-1.3730433294058186	33.05634024387694
-7.135454054233257	14.556211789670797	29.58437019329388
1.4396471442732657	-21.316317008107042	28.932812660614882
15.665841150500947	8.80446416305791	42.00952339468844
3.9215127833845536	-8.711394433584992	43.75473255649487
-7.170720185576467	15.002169961647716	30.85258829929707
26.417841214344225	11.015815762989618	30.886511944972135
3.0597266003133283	11.88012279657686	19.563571407686325
-0.47761715414928585	-8.26749191941765	16.628577553807233
-3.5036500017210686	-12.651248491644768	23.016483665874055
-10.297734358411446	6.433273572344201	32.697132079893116
1.8385409231397174	14.599745040652172	33.45329668580921
-0.09379022159936698	15.865140897396257	25.188552179129513
9.301314163599718	4.588273152756014	32.13288634679063
-4.594139003010616	-8.568304731330699	35.01072699015914
-6.388368454166162	-3.97564732440117	48.43036759617701
22.95180753248492	0.9339539812862521	17.981680057417076
-2.230038724930789	11.510989411198844	30.01033409686056
-0.8265110790156098	5.993982968885836	32.08716039631719
-1.3327217870838677	-0.8117402501198758	22.450768013916004
-18.247233376863345	0.39421194830955175	24.804508527196298
-9.867059778313966	7.3178775010182004	10.777714642127538
-16.73028773863784	2.7954894171640494	32.300690719956435
-4.998515724829474	13.116979359863281	34.44789764958887
2.1916348526728133	17.916357389003053	27.691483548934194
-2.092680016268019	4.178437710614607	17.425420253419695
2.9182982981920707	5.119006499147804	37.33540221140054
3.3956411212837043	-3.1754997668925027	10.720758735920136
2.803083988668372	-17.344182897403027	40.20586977790383
8.523891854053655	-3.3446814489755154	27.430837615332578
-7.404494295467754	-4.545649358536558	23.583559038651746
8.260481860784877	1.0739725792153352	32.81446977817714
17.117638384093244	-5.927599498565332	44.449512483756635
3.8942355563342796	18.31951613773613	22.745737726464267
4.475096338962055	-3.1141525921990683	41.540265123577306
-9.664980864162118	4.1197372432519686	27.26777895478563
-20.25323393506486	4.768826539382077	25.470449241763095
6.66967702602542	7.792533169734797	27.013236745110657
-5.800081476628677	3.6146803526655202	25.690068987731195
-6.063483754388464	4.12842324522445	28.53494850201402
0.9141026154904703	25.678890970992384	20.439604698099586
1.55779098184773	11.029754633323126	16.541597402283706
0.16776966734844165	-8.055889087049678	21.884670056386717
-38.707118210818166	-0.7824478013057711	32.15720659069373
-12.583954440930032	5.095926386847859	25.71355751948115
6.210096694234441	16.23729944477558	26.432207681086393
-10.456580228680863	-14.57147262341955	29.172492516729132
-8.60246954086167	-0.29513424725280746	17.910785382566097
13.459071634909236	7.336078320639569	18.458778766413587
-9.76680725790089	2.484471823676429	29.433847519496023
-5.376684211487738	0.8998578132968628	0.6804528881003087
10.808589009154371	7.038398597538605	35.36135156572083
-8.224950108929711	8.882031573772005	17.463638360188604
-5.978319666613507	6.590695001039047	17.992660900171874
-0.7742415095917179	-0.5321477748985725	43.23241574096723
-4.86976031070168	8.242975280859403	16.768345311414134
-23.53195072331706	0.6086049758680622	21.228264022553237
3.239063474015773	-1.1477210263495905	42.79782246776818
18.085220198208184	-14.015820419931877	24.61569277452224
1.1511815832525216	-7.20584495116733	16.498007992888713
9.521829470600306	2.266132888717081	32.82970220964553
8.201831514828784	-15.331334479152277	39.46148723858211
-6.484790600748022	0.8728162762265097	24.370150969979967
13.58140856461648	2.108877734019562	33.91021610407818
4.284201208481503	13.94204821152744	32.90899036396142
13.438255741528076	16.90844299713732	23.89185216530594
16.20266159639066	-5.700223592116186	28.23164443468524
3.4164211562378686	-1.7624374829826674	52.65066380152962
-3.69031801775948	4.169449661393563	32.499718968269605
0.6451644821526139	-3.998672720116287	37.54343020553319
-9.332383934551697	3.1098293975806053	41.94220016449597
11.240551337214228	2.245977744946472	27.915383483946496
-3.494093327195922	-10.748793228144377	27.564625943670737
-0.16317564418079034	-4.812480215712851	24.446285941282074
-7.306045845930057	7.409744440626981	15.328095838018179
-6.57054128401046	-2.914534501976332	20.41030081840101
4.77138171241547	-5.824619113991162	30.28116577243017
12.42781552238646	0.6697464411070722	22.64903661824151
5.290036444607075	-2.6494074653451465	41.317836433728075
9.11536879674051	-1.2472560400647743	21.75492248942414
8.330861172007905	-2.8746926225061458	22.704461534799435
-1.6279945124710336	19.433441894133196	21.831911825568675
2.378798380999464	-8.077837448030564	23.747686773905684
-14.832739958859896	0.8227980672869893	40.6694257435706
6.560768455869016	7.39020470822608	48.41214288049153
-14.040647133014808	-7.833406451563359	16.493879441777096
3.9087611239087976	-10.898728605352625	21.315445124950667
18.762737485399924	-2.275681781501038	24.34914684494854
-5.405618641373485	1.1483903832068134	30.8107869668354
12.357229401668928	8.894476231799839	29.67886875826143
10.85510309693663	6.850584429929275	26.03122303999769
11.30240402819851	13.356191488565504	34.61164671976407
6.811116549361921	10.189431078653845	59.51952472227276
-18.227700627645238	7.763803624284779	12.753050811790942
-1.2497325687657228	-9.84497834062941	30.339919138649407
-2.6916795469780634	-6.688913574973881	48.09898396725626
-2.3424236754353163	4.329979806785992	34.3251426748228
-0.26232393122830355	-2.529600291319245	25.306948712485035
13.226302497482498	1.3685234789489584	37.42225065489003
-14.334260756464198	-6.989329888355293	43.75599184275749
-0.3162637259288942	13.705842906336903	41.79442297059146
-5.0969675802589425	4.183393200498851	9.281353924281262
-15.590158143029074	4.553913890471188	17.944155044755632
-6.15001914906582	-8.403425157225687	42.94890541371018
1.6174640044616115	-0.614340553800691	43.512751220517046
-5.337900126014795	-23.09649346207614	25.46774117625918
-6.370916379570634	19.244105417276526	8.612866782565845
-0.9872832199071001	10.925289285426189	37.049540465920344
2.444053468993215	-12.469246068194401	36.58196671918644
-12.952560515717913	16.35874332474262	19.616300500113375
-1.2755649068107022	-17.127944106353983	28.25364638411898
-8.774084148365699	-8.977673571498237	27.269797226495232
-7.428242170674901	-6.461346222669821	35.14904714333494
18.242862094312226	9.585324855072999	26.357222841676872
4.312869374412076	-14.673246203128548	39.52963586922637
4.72115333618538	9.204762446223079	15.099557548268722
4.583878215954935	14.350381140277992	21.179316640663423
3.575139314711118	13.324840907613746	36.931158520310476
-17.16646836814366	6.356389545693119	29.149675700365172
-0.5582074679043223	-2.914970410275504	42.82064438699485
15.787981637574129	-11.52225771565438	22.03892677178229
1.284505386849125	-15.661618933147823	11.189823694833247
12.656615596095072	5.705482547992791	29.276970553091612
-0.5079835056741269	2.971870442351266	14.430662190234333
-1.4481137661091383	3.499715952956483	9.073993063313441
2.8440389066359772	12.810686999561687	8.7171968336507
-6.135556626045281	-1.811799010855806	27.590468769383502
-3.6522027213490964	17.37467806969694	30.010484146082224
-8.43279331276517	-12.171426385951493	28.966196757337993
4.453141365007242	0.4677382697708494	27.36148430478369
-20.08515973252553	16.45256613490002	40.78044059934331
-0.9514940309911792	-20.17621687362933	44.16206562323466
0.5276204647120605	14.376185421965149	27.334618518274223
15.194614554127902	12.795743710654088	25.44592421519922
7.763100889183949	7.286430740309796	20.945622306687223
-8.613429033054286	-7.050404366309177	24.94513174327757
-1.3320760674000547	8.539162470736905	20.142962821794345
-17.164239520839587	5.983358900694306	33.15479040644234
4.072475927279183	0.02479812494630166	17.83490189664838
-4.103122882915211	9.132929289655173	3.8259976315119886
-15.196062126128867	16.768726950426846	29.40060174552605
4.762210109708458	1.2797815372887034	47.78795262516984
-1.311985191368824	6.557178281040896	13.059370523262634
4.341216570514736	-15.020530789836574	14.019157891412256
-16.0458338586879	-13.050197039367129	29.909587890524215
-3.771434307105073	-12.528733647006352	17.94039717671739
3.9534148762069385	-3.24294946208248	22.60720766016233
-18.44601532086393	13.387507919093212	34.51793018379648
10.676033195662676	16.607671794539442	20.121552554399347
-4.283789218686119	7.387603075043571	16.74086479878232
1.3012016549522953	-25.636663136132356	18.74948554447031
-3.900877713682554	1.0576250313848599	25.17802820328909
-12.264753738125629	-9.369064406273289	19.63239028494978
-3.5655818113518607	-2.837974639164487	42.600762190206105
6.082773270698559	-16.67484093468062	19.90088393142883
-17.459255270049002	-6.121907675298717	20.38144503435171
-7.871822547639441	8.545617841463551	23.763554848395493
5.477087568450154	2.6662500879052633	32.622142605092066
11.515544420978781	-10.335499259386376	26.71060525749354
5.304066022480659	12.585747316887367	34.246511426024
0.5862220076987219	9.108806123608986	38.064216964838934
13.402475831856293	5.8875816453150485	34.81384411383426
-5.7427984172692605	5.983825194124369	0.4033672807748765
-12.501918831551407	15.186311951355966	32.652464520681434
12.074175249719154	13.995506719104274	38.108760660719355
6.303560422758957	4.516712309635359	18.620651719790718
8.291165495816768	-7.798019986484931	21.179446407736826
-13.309127197013417	-7.7585629739138176	32.95942216468811
3.7828263675565332	-4.901610046489789	39.138873088501576
-8.868396609964762	-5.849080423445763	42.10278553994062
-11.593281060928046	-4.116007568742843	31.64343568157942
-10.159950282202207	1.5958587192158964	36.97214586205106
18.306747685835013	-4.962599086001147	20.924197732431683
-5.671998784609839	10.465007880373813	29.17156514387082
-5.4598123656404765	0.2011106308354076	24.5011216556137
8.737094290964079	-4.112045266854936	11.181516612983923
-16.903397750657124	-12.27587815507507	13.317967651038035
0.7234041453954022	13.667422138661738	21.74952127851051
-1.1883101306018962	-5.399159093996132	50.58450613856762
5.7214203242691095	-18.862357986741657	33.78384779707294
1.1295465351007383	-11.746679705567107	41.83585985907985
-20.15558797074724	-20.926428202351794	30.07504227696081
-15.848514080633764	-8.871725637310169	38.13553389882606
-8.677463283143295	-0.7469912267751637	45.15426605665881
15.375859384868157	-17.162925860796083	32.005024077199614
-6.660065243683447	6.304549161629371	35.9928956799785
1.4300921582729513	-7.640876828323827	9.545467175713657
-10.693755080577667	-1.6773293454885287	34.03323831493613
-1.3868909949820991	-8.457005082063171	41.04912532889187
1.3203611994586946	-0.2786606215495162	29.31033507292923
-2.0916699829097345	-1.5700118410690003	25.378723530645708
5.633734743062372	-6.082167688027768	12.013127757392464
-11.64950939894875	-10.954996456314369	24.406258204873097
-6.4153125154953985	20.62536990282004	27.52126787054858
5.026194915683771	11.886548493269515	12.475584628309427
8.12939513550942	-4.045715341345172	21.96428620143742
-0.5695386673545548	-14.47471292127366	35.17570264812153
1.8422382797443182	13.655180841563311	37.914613536551336
-11.759954143007356	19.983381999024665	38.79797358427157
-4.76988167278294	-4.9224202380957465	21.43258212254235
2.632328816439669	7.918158245617214	17.98929414968849
4.224220468138161	17.144274131621255	22.640757212952746
-8.031229376455558	-19.063631751444007	45.75954676468459
-0.8076623407240947	11.408170731366408	15.014461575533886
-10.80651949027045	6.257702524199637	29.66299931656564
3.338595779583016	-3.959224748581645	15.787853352450016
-1.8406841530119231	-1.7954657136057923	18.363024983947664
4.96555613022954	1.682203442297161	23.84926615540818
0.1813181975611709	-7.2919203324801165	37.107134278572175
-9.199229376970248	3.813306779775239	30.30294738639002
0.10989008366707129	2.8842449002286363	42.14308327466241
3.5626990698135126	-10.253364367917081	22.338156954833288
-8.567590330973875	-6.426397349479892	30.210999305655285
-4.491413387489822	-4.701512263805999	22.46566067369104
-18.782640256323763	5.83130869958767	22.866476640259137
-3.376249296227025	-6.465874581786951	29.48404036044592
11.044759528968974	-12.611261243730798	42.98195367680674
9.524780115096977	-3.931668094600058	22.923397808786348
-1.0650361554329157	7.410826503810359	32.049026185480535
17.036489803304946	11.485590831612914	13.097296424675996
3.0025947975067173	12.77689017230269	20.923763143184566
-1.070338440443572	8.85274757023985	38.34108147941349
-0.03886112233727088	8.737574569082266	39.09088950594071
14.712437537916545	-6.299204166545564	12.377426147328688
0.9158575357122096	-12.173648803133418	17.350391571953985
-1.0889302825254714	-7.037022045893265	32.06269863567218
9.819572184618265	8.45307756636341	16.248545775338638
6.390492950433977	13.018971581343347	31.655396570048808
-18.767930281498394	12.41209586184006	19.784754878378017
-11.686211316139048	-14.865450616214657	24.369376001954468
17.401137185823753	-4.842346449457421	-7.377973171244598
-18.904058782993932	6.245554702765834	47.414083154158234
-3.6816494531647055	3.455601913148813	5.371973057341336
-9.755813826413213	-8.35827994923412	12.313157193192886
4.562427471546671	16.196828959421353	26.630265707950148
12.304458084835767	-3.769298352693586	33.41043437792401
-15.361247062975238	10.10134402400899	43.658502758830565
-1.459883156423904	2.152781070280943	33.4915243181445
-4.684598611147933	-20.775167010741413	40.20119476424496
13.555513320807897	-2.608839457009609	18.33859049669116
6.9359847685454685	-4.072625802102584	25.2757443467256
-19.50943393600325	0.13680358238150742	19.233111173007735
-3.7595359289324626	-16.27164608688766	21.57952595418446
-6.879699944235883	-7.968695889229773	25.404547010852774
5.2234942663343675	25.370148869495914	25.799257417030006
7.891973049854531	5.352425185410587	14.909310749724089
-1.6759424678697665	14.962556854660798	28.88134205491629
5.019528907629355	-24.74682300467186	20.9264247868989
-3.2458989790465576	-10.968425107029987	27.31110747317773
-4.868368118627427	11.829722634476418	30.746098058665353
-11.150237551683762	-0.03790347530060538	40.55725343939945
-10.436498103818472	-7.590161461696293	40.871532853905926
-5.978473463163797	-9.629202932349095	36.727092228623725
-6.752497107228073	-5.929880299993644	26.27578822278496
-1.1865217931084184	3.035814142705131	19.15872312284909
-8.23777122762183	0.8782708840602851	33.68330034543356
0.4041758289551603	-15.973972220249085	34.32180348973976
-4.192213655138282	-9.148001639436458	11.330451171658282
4.617166535649172	-11.268874553865126	25.591371517353018
10.61623461002715	-5.82916337169933	16.783672076397753
-3.8596044379128944	-8.149352184303536	39.58828951635102
-5.567344479023459	11.682631058138002	35.58661057809822
-14.146149268428891	-3.778061423167392	25.40679860087561
-8.663250393621762	-7.3092438529846255	39.04462653749313
6.712304387378535	13.466137809312409	23.30336218505286
-12.55999397573343	-0.9558670111923602	26.53501744935407
2.2101083525534433	4.956030462407649	11.110779103371794
-9.201194080736471	15.057497840863094	26.43147566447797
-2.5078324894524857	-5.7491777524174905	5.816097012450946
-0.020262864565472473	8.617164154768384	26.016272692241582
-9.25036616615854	0.3409954582344361	7.324362093222302
15.688036895384599	8.88352832928721	45.7142159181157
7.345857678742998	-13.244150284213516	26.19439041710889
0.16826836909030304	0.3484131905229793	20.617782714972254
0.9547081207887591	-0.2152502404641477	20.06767622422357
7.275755251586224	1.1576311843556921	38.092713188179
-0.6702418523992609	8.621336973681435	25.623139769750182
-6.641968937551015	-4.444293035516084	47.709095991143684
1.4002396164052577	11.007194269398076	26.82557883468412
-16.746293992533076	-13.892541004976135	33.71046309327314
4.998717523491611	28.230014285806448	32.210482000941305
-5.35637200118312	-3.331336836551511	41.11921534843681
3.059460634093467	-5.43796049696994	31.259356223084303
0.35827216702234144	7.963184188756798	31.61610248687158
2.3985591475787853	1.3379323541542123	36.86919595819214
2.7686481945433288	10.59899696531585	43.04031642782415
-1.2965221331943064	18.306581906844418	16.5643179730492
9.430119957013252	11.145720597727703	20.881509915126593
11.312492242475267	-13.68095608173868	22.326883368335324
-3.3477472859879325	10.621455344939118	23.212350186818536
-13.162810251982684	19.948947455661198	14.038196210831384
3.436455076525857	5.801190069641169	20.600667231471455
2.1408687674485565	19.467463513120133	38.08833318291077
20.505483069296822	7.089646635031002	30.06995141187148
4.94400982552866	-8.01832455351566	46.451551170946956
-21.587588644054616	-1.998343540699787	32.237594156687976
6.879180507843844	-10.44771675524876	19.778885981905812
-2.933308720461603	10.05354988963581	41.64570081756636
5.70264019304172	-5.631090824955973	22.899628102002637
-11.37790019352802	8.887124770091809	25.925043971905176
12.948018049085404	10.103082519504884	26.099811105384067
-15.788825932633465	-2.0861947579940687	18.212714796950934
6.268069799682702	1.9538546161623813	27.436395914184924
4.554260736224486	-8.508072053127151	23.26842243587433
21.6278143583971	4.86227628843558	32.170305459486684
-17.798739471814244	-4.782963979314773	36.77015104765651
0.6486106362491862	-1.5073936122722122	41.513360311138236
-8.93423411704931	-19.070086502391973	28.10934890168436
20.165223335108003	-9.170038938181754	26.930851703455147
9.776003735872143	6.935131185774938	42.952682401902265
8.695469090955852	-15.966223139712977	8.193103399027418
-2.272070782637422	-3.893071968811677	28.425635441096183
8.087926059772492	5.244028938899112	23.659559494124814
10.51684594392632	3.9071194281823973	25.390641145236103
-0.2316968006039568	-12.061998263404199	26.46883139552006
1.1019999208978075	1.0133391973253998	15.128230906392204
8.895561757677534	-0.36452303928604235	9.83707761563085
-3.665202212453263	-2.748329354945442	33.04821657998257
5.34357299318383	11.902286043980173	17.4243241807549
5.659041710488829	4.1848912786574255	31.36664989778037
16.24754682046165	8.838784072311071	27.58452401959263
15.825769562436111	5.261077152546431	31.893603390406035
-9.199561555682754	17.770698281679348	33.50563248935259
-2.893418733695314	-7.172258725044593	11.719827608388115
-10.325639680076172	-2.36131128334276	26.690632516564246
7.792416419875244	-2.7127618501094277	13.564622713162919
5.7513884811335885	-2.5813355906111783	25.59489644564369
2.2128120184400677	-5.1853124247597435	42.059793905845765
16.191588770093055	10.71063605112924	33.90261444842511
-18.675352490483824	3.7712617727587334	37.31546741099863
3.3256825056357266	0.2312823528801431	27.137612991563593
-16.8769127815046	6.473130033824641	21.284215110397206
10.765821809600752	-11.857384715988994	25.759980390233494
6.270436308881486	-19.66562555901669	30.2893207886146
2.177577074767717	8.03985264463707	36.51752828926793
16.97032606437045	25.52367976660982	35.36592034944877
1.4567936262240766	7.133739026429887	28.861962655791356
-3.4260098782027	6.524875020535637	31.18640570854712
2.5827864193643717	1.8645216691970943	39.47184880633523
-15.76270877713235	-1.1343842703148093	45.539314257472405
-18.399051758145212	1.9484154744273163	37.90422133219093
2.451124667748723	4.367622176169062	20.852746664069954
-2.662689375726534	12.71056474702874	22.71626939297336
-8.494445075803233	-3.9275092351007403	45.80760122131237
10.905470793972125	6.074799150407035	40.700878355494936
-6.8346838765118765	4.268982046703825	26.32304742161627
19.15096858572741	-8.805336183263531	42.16496166062949
26.151105331832337	-7.061630247650996	29.271598107830247
-1.2865007242620097	-17.288086341465863	23.823909351526858
6.3119554327285865	1.6501549164497118	29.45553992601329
-0.4159486649941495	-13.055832690186527	46.36761706216898
4.858430195183676	4.48186113743933	29.99854119845905
-1.7625942182849832	2.1611982015626947	14.126265059040769
-8.268490164154054	-8.02398283564157	54.95822691641851
8.48825974092896	6.371378601023321	33.71226488420132
5.920502935237796	2.9107374432090687	26.47813380464733
5.7778087376366045	-28.263975065322846	31.468685406548218
7.6060416681116125	20.2463979799711	30.338031736863904
-6.7726718851547005	-15.079090282943072	42.17971264862566
-0.41750856790017865	-6.04906310021882	34.7895337057017
-0.6136294403588167	1.7046282538608237	23.337512904323514
3.7841587783190063	-1.0332993664287744	30.517564406153863
-8.952467894968926	20.308368176219872	11.106645423065252
8.474262544643398	-2.985217301964971	19.87256043087274
25.041329039979843	12.771770435819302	27.639449137492562
20.19420685007736	10.403432308970617	24.036196843937397
-7.75140516537665	-5.8972375113878215	3.095264121943952
7.432139634085041	-8.025052785699367	22.383358140113735
-4.752551031102011	8.578617937609057	22.76237338582304
8.980126077317566	0.7616919537917914	35.634142899953595
3.157973439427061	13.482402529521519	31.532405617520713
18.595145860079977	-11.633863492025487	42.745806541680295
9.54074111375072	-14.568566978867876	44.50606263093714
-12.352715542373925	1.0212140277893453	38.71013146564397
-12.636389854684186	-0.8975173032988215	31.16473229129945
6.134007097707723	-2.189195684869417	25.12111064502115
-5.6042797557317865	-12.909610332838186	22.49957513538583
-21.68762180672313	1.470383351728487	16.381330026989872
0.6943762340614468	-0.7351041013800912	40.7303162638675
1.6452281197312066	14.970993243096252	26.757327283595558
-6.635154906097026	15.179997177941857	30.90032531236183
-8.032098552848721	10.366131425846323	40.18312456739825
5.226654047502009	12.386169881036132	28.422070472347254
-6.424436284523646	2.167122766473449	23.878530646712417
22.52964668477543	-6.973811240219359	20.427736017106533
-15.352884721250986	10.184427448123381	38.071044391886645
5.036009837430548	-6.356099029584285	25.2592198679219
-26.277069531897634	-15.242820063873898	29.430214412248876
-5.513101692597565	9.426555552728384	25.245598644722335
-15.11173205434121	2.9191910681993076	42.94774928301295
1.6304097319229705	0.5131137658468548	12.7954782094597
0.1406885984353624	1.2069910413898488	48.427934337351346
-3.425625504097188	16.828578237839334	42.06885525757915
-19.137049928565833	14.775338808443546	34.267399677153286
10.3433330395893	-11.331496391182608	16.82512556183142
-14.602141624319776	-12.761092962496116	25.783967945842644
-8.66729792782683	-2.561556526148806	34.377616175697014
0.25111954666542835	7.887813551666095	22.628053766858578
4.115440583735327	-0.3746184430963819	17.58242650418508
6.092332489060194	13.035549625450958	32.41089247004
-9.841567313926921	5.06572009059819	-0.39074776167205627
10.97829708356934	-7.674210591766971	16.643285317808274
0.5929493457779397	7.19105086991664	26.531055845247717
-2.525653466045725	0.8993775685539465	24.199660138431977
-9.415853663521098	-2.9659107046837088	19.877331891884516
1.9580691420186567	-4.315724844771655	28.243246268800533
5.519188920300131	-5.63832788823858	17.521611011539736
-7.050562968821703	10.098779659490912	33.69172979757471
-13.637579455006394	-3.5662628697268577	23.046356760420625
-1.381279510591133	8.868195839791209	41.435194634608
7.952067726422886	-1.7108414932194576	46.747265647477974
5.329345515540517	-0.10438068188767817	28.184339872710453
1.694886842394019	-5.844200446345439	29.10208294099131
-8.144943444328804	0.16417333721163704	23.444585771659085
-25.997692700691534	3.640250538449734	40.424724272810025
-0.5879701619146018	-9.779815302228164	14.924705227677988
7.199356269876808	-5.984747818449674	10.686154242270579
10.415954579399711	7.996700056041077	26.396220146886172
-13.130737251032887	-3.627254004170364	27.83051157357146
-13.250040930909321	-1.8756005243386005	30.29981584170852
11.523976769209227	4.614431858926577	57.049797537494676
8.421045712176838	-15.29331680545392	23.690246692568333
8.15077097644195	-10.074613329453685	22.546866758125915
17.986281793007496	0.9203167748604989	37.46725302807714
12.473640912982962	-14.807212655851988	32.8931650603093
-11.124137503486946	6.678270739933707	20.435166426968706
16.127310445744904	-0.5272731998678726	25.607052368203767
2.0268959120076557	-11.49334659017873	15.234070849459455
-19.843585548883674	-23.727711872742212	37.3212396088076
-4.326681492215269	-7.051510476426353	22.477020391746663
3.409528650408557	7.7623715368018225	22.354747580724414
3.02707358009469	9.977768143563091	33.8591447358141
-8.264492543616035	10.306735720463324	23.058750451364546
-1.698547701494215	-5.883995489637051	27.816156775177056
1.6573090126459635	16.125517460752764	35.99950470148005
-1.4283774026697802	-3.627498378165818	33.76557908613539
3.810640206694422	10.790010352789672	18.893720588053018
-0.954922283918464	1.5009171229307305	43.663045185780845
6.929784943567596	-6.521306860397756	37.70453621449592
12.488889329978408	-1.2753959766744083	39.15066651173117
9.688854431933441	15.31518918084156	18.778593913732855
-7.554446304302306	-1.3759591577890489	26.73005537478349
-7.838763636448791	0.31433823626794566	21.182653448333625
10.184597033510887	-3.207172306187375	16.462706329999953
17.82581808682737	3.5648801365016345	31.087920155411062
-11.710434202770077	-12.156608662946862	24.07609912951917
-10.311137223981435	-14.721198105075501	27.54680904179119
10.523075920886576	10.87557550586099	16.5890708567975
-1.1048190446420032	-5.974973854498179	27.385414308297523
-2.1444904711175345	-16.7789782656994	17.6984702582668
5.728942419595846	-21.448090501745902	21.527610504625592
-0.5934803742646182	0.42638859929500494	29.62026507687815
-3.0541877443501786	1.2625560695354865	0.6942909637442334
1.8555872628173078	10.593443145822281	25.253890951068918
-17.071593636297635	3.3587326159169213	38.18122936038304
-17.736291769878544	11.322478361274618	31.246122467412764
17.844882809137246	-2.92674503779514	17.707259411735812
-13.232127558941023	-5.242345303223583	30.312850274194975
7.003631251557102	-10.237988807655501	42.47150552824747
12.158779450346602	-2.018732562346156	20.512346983718498
-1.796338397385084	-3.0214235502425177	25.727107563533245
9.636008541558814	4.573639225130811	30.42154391824122
8.420443012738234	14.955444607543422	36.066002688225865
-10.813173744440832	10.170583400946231	30.032486047578914
1.8307151440391987	0.8169662933819013	28.88477922690624
-5.095801313496859	6.011654490105625	20.96134381736588
-9.803579275649529	7.1676505046678285	15.063299591333841
-0.1736365074811299	15.222955954390285	31.20100105015947
-1.4404697108357931	-10.53332977776895	19.617252234382352
11.917617851070823	5.140812171502285	28.216516309025263
-2.09935511274959	-7.346341202510539	18.812805716433232
-6.759555259484134	-11.22189377066492	49.4996563533269
-9.821087550723517	5.966903575096597	26.3937737893416
7.3620301718269054	-15.180900662903614	30.435745928786137
-9.475249316301676	3.806445180133494	32.65362863152633
-9.711252619206675	5.370180270512077	13.94633555057538
-7.923763056697702	-13.698842652076388	16.262919217340198
9.675273650003769	-12.035602714050963	33.529464233080944
1.0001858328279873	3.0059565991434067	49.663926969281064
10.094746595140748	6.886692273518943	23.24780077845629
4.87377676542394	4.318465095484817	33.618444919821
7.820621582950156	9.328165162054757	14.392780096448178
8.054993847915343	-1.759953334290178	13.093529316120138
7.176151979748625	-5.588745034296307	16.325486749832276
4.6558370887753755	-10.718513973913177	21.447362476053385
-10.96944153474073	10.278114083272303	23.007937843640903
-3.538065232740819	2.8626507534495316	26.822524847597947
25.707263513460926	-6.239905833952203	19.92192904146755
6.94257210694836	-6.857644903284122	43.46042224798347
-11.098222237920396	-1.4114920542063363	26.490188639189565
-1.1033136657654399	-7.231359100595345	43.82156483037894
-19.211735118665345	-3.7951597518451186	47.45021074112503
2.77604607927246	34.27558325559573	32.83919300032609
-4.554733845834198	-6.2314388199706165	32.41785300287041
-16.972416331416575	-12.465233401815606	30.429536591104345
1.9300184921923416	-0.8834864856585695	37.3547110140874
-1.042059770239959	1.311935718836743	32.90343621480342
-4.707797857087959	-8.638698514244346	16.60626952438127
1.56964021836884	13.408777005436619	47.29119777528221
-29.000818275103676	0.7145356926657156	11.972295272048243
0.9780058908109528	-6.640415350952181	35.570742926134514
0.2339976722034588	5.839937479459737	12.053314706898295
16.634419998938036	-8.306520483270397	21.748298985049175
-5.8306918323707455	-7.864627079075007	25.86202141333394
2.9764585266012307	10.081366375631116	10.467416142991429
4.212416780383885	13.413107108537758	40.74175154617967
16.03841595771704	1.249714412912482	40.32213504515129
-5.894752351322157	-9.178201899500639	30.332646785435937
12.602629448037149	-1.2732275858491362	18.824204741678262
8.383389733280888	-9.582653675089945	39.76908542250716
-1.4619258474232604	-15.629027498756873	18.235547256659302
-1.9315763627405922	5.337729680538384	32.23384825652616
-11.70459287136578	-7.606417284918705	31.667351350535917
-7.587685796278213	5.314044215800109	21.3636239107621
5.212785866083893	17.377209764852044	25.704496279271446
-17.848049941113764	-7.018216930762458	38.90339642949677
4.435651827381332	0.7311533016848158	47.956949609523406
2.6243319458901677	-0.8040095869193342	25.635196654390576
1.432402910166874	-8.007904856868612	26.473146434296307
-0.5295035739119657	4.713784812363694	19.061264282774086
1.6505526657126923	0.36699402442739665	8.027167417326751
14.555421255082754	-11.821214093902837	19.91356974856742
-8.826750022312424	-7.643571860526514	21.194230005113614
-11.814102075210473	-11.810361002521653	46.403390154256776
-3.1279637635956408	-6.600212298539079	19.91956752069826
3.2177892748485872	1.1420191833984052	33.39921397879806
-10.60240654130752	4.910650978794876	34.928816194263554
14.124893182755292	-9.876931181630313	29.261171113741092
-1.7010122631302473	-0.5139983293778754	20.007708958281242
3.380715792380369	-12.33280157557168	18.778331597085014
-3.2524327203213668	-11.459852861390853	23.389993448602915
-11.527115321563087	-0.1465478257513075	27.185412147063968
5.043495541035533	-9.642368651022034	22.670983232059662
3.9555313630381024	0.5225941050962368	38.897946618369176
2.6910047001992337	10.541617756402921	19.043761870293665
-25.702288567730562	0.8607196876209635	24.497734585554042
-6.56058274310524	-3.7735230891973695	20.098517656057837
-5.933297536964436	-6.542012904286333	28.66286012571827
-9.71741520230329	-9.480456623831014	21.72632033413518
5.878181161053147	-3.590484868899538	34.2265104362373
-0.10045267434079179	4.066939681643023	46.368613576077834
-7.9301177408485435	-7.7519544755278815	35.799907388109375
-1.5038066935050147	12.666073738166975	17.343074761343402
-16.169925332142125	10.993191627754403	15.770086848669047
14.156155650180986	-21.896255923617627	24.20217521875739
-8.816218126702037	-4.946815194964357	27.788096540802158
1.3940984543745085	6.196596445420255	24.290716059582003
5.361290212516345	25.088217363364187	29.524353866977975
14.713512663704144	14.038547362658536	32.066255732982384
10.466214391329359	11.69010291119527	19.848152725733396
-5.419613160453297	-2.567370005733972	37.943448967595906
-10.68219323224508	1.6227216348874367	34.05807134329776
-10.39117159943704	6.387076094203633	28.707045178682563
2.6494833237665114	2.939564264308409	16.027332467689554
-0.5710921366179257	9.22933939757115	38.18885718133801
9.241877499676251	-15.798599030649356	11.300742806415972
8.613895873956487	-9.42491049762068	16.692410387040873
-15.12477122100172	-5.431426653173698	30.410792510462073
4.454191157130865	-8.348167995303328	31.628200712508452
4.2130706883524685	1.321645002462914	35.06742590388492
-3.7784039076232014	2.643013164743758	18.810100739531997
15.901691430953129	15.496818474079303	20.358929344995424
3.946602754481607	12.251308887348522	32.97829275090071
21.51136945488947	-6.268674579306328	40.10271619211153
7.6093245843600945	7.950314387509691	21.48298937754864
-7.7794970579818035	10.418059037742184	30.508095487797604
-1.447459960621327	0.3487406834074943	17.72622725270579
-0.41248304265929325	3.998305670055709	30.252931183107297
-1.8524535924188992	-29.737667127106107	26.86262838040483
5.527182886767964	10.357927029153037	18.588161561369255
-4.672567323123999	2.2940497789000758	41.13119832473964
3.852300591568955	12.754862403480614	52.27998043007704
3.148352165852854	-0.4229360032294184	25.004875150573017
-22.05793584663337	-18.924095112864897	39.95681456092063
-11.122143843841627	9.918122095408528	28.696297893603894
-5.579087604587533	-8.429074861269743	55.12948519578622
-11.512542167459701	13.361414162203786	39.45876985459516
-7.338126581812469	-5.279180853885844	32.24713090769346
-8.427224282601548	6.658524201886767	32.591337881709165
-8.24774215165556	3.7590097721611992	42.90366743663983
-5.806995361505316	-5.569591263529352	25.955758449304252
3.6194671247326182	5.4996657764773795	40.64809591402669
-13.178438174380325	4.447761677973281	24.946767774713237
-10.851373273929909	7.34679475923114	19.95162396925204
0.5016203873643601	6.699661607975909	20.297255627963715
3.9145592202471406	3.3951612068811943	32.111512405673786
7.670380729548869	11.55568389892994	15.51780959914077
5.421715046426366	6.1580651349760975	27.715523086422063
-17.636050958518485	-6.903944455221309	33.23307770936799
-18.62563250474172	-10.20038570382109	23.941661618789226
-3.1612313778822627	-15.431605851624566	29.077474216626403
0.3002325211261387	-4.3845768953725495	32.619026575950166
5.184460484196437	13.195837339925905	17.770693631769312
9.18131847112421	7.986291964542428	20.730853106937506
-17.074284168552538	-1.2568724998918457	34.464166547188995
2.65973261605984	-0.3458651142251854	24.86395669126304
3.510534330918513	-12.145034475901625	47.14122634883514
-12.45317796986318	-14.178768076087767	23.61072807416628
10.715562178840585	9.638229080699004	32.18183826395345
2.9093040511666333	2.135946452211847	14.146352334922842
-23.251819078866767	1.3573599565861203	38.09758029936575
0.28792550080090595	-11.478061311539314	16.70101471465535
-1.1203222464817777	12.420954584508188	28.744058227166548
10.208444386802181	-1.1475272706299953	29.51386008620753
3.5690707036201648	13.037633957075975	36.83119774672032
14.251503851786653	-9.368462230682509	17.80023343120775
-5.953426095946742	1.5641509349619866	26.60377865146636
-8.140232374348233	0.1718213671417018	31.624898646508015
2.6439446277236227	-6.46838831332016	40.21419652569472
3.440677197434738	-7.039210637319013	35.63781849617909
-9.836319691104421	0.4086142649829835	14.798484284149339
8.003115303366954	21.12473763511762	25.300533960541063
-0.265427231383431	2.8113665570228075	9.98076467923094
19.296523384706997	-7.361634045243372	24.74046809586296
1.409718930436238	0.8148038315182196	37.13691922947428
-5.041586383472092	9.70218188420067	20.892637520908718
6.998328308828151	1.305175337635106	51.65576899520765
2.0081077287108746	-9.12214898321752	13.197170293109625
-5.01196204516239	1.489159925025556	39.55146298060252
-3.122319763356605	-7.187146667311291	19.490630139346685
2.385944666663235	-2.3363251766825273	38.82292593269058
8.384254015345828	5.613657451812385	24.98646110241364
2.0424185041232095	-3.1726728835389477	20.62468744684121
-4.815605176273569	-6.073831676338668	27.638701021480223
-0.07124537912738793	-3.203443755873148	21.043431980510103
-23.19432998120547	1.5137376802525562	33.22745172688846
-13.701225717879941	-12.294298146390897	39.3610033385902
-7.413759972899769	5.241853602533149	46.91082730515218
19.71256338627437	-3.270998128039104	24.41630272668673
-22.641146148503957	7.65369751578763	35.61718095515482
-0.10837552464068459	-17.51894628920867	23.03866337084017
0.06155862505758852	-8.578545153993963	32.811892230245746
-7.819456963383786	13.080377480448664	11.349052844815962
10.313098693239057	13.146572683559494	29.731861462018507
-4.333309662161666	1.4813324699894623	2.016303917656053
0.43401186626883526	11.722819980364621	31.882580066872226
1.7153090475863872	7.7024974711986935	30.93414044743426
14.032696855146717	0.4093467316257932	21.46263011717283
-2.166783050533347	-9.98132661809497	24.585842286757632
12.759161970026536	-4.641857974183228	26.80361454778218
2.200697838800248	-9.716926791226655	-5.07727677270848
10.028461803243214	-0.6952688666116296	28.569732998496207
15.287422555279868	-6.779180912718282	18.914498922312625
7.299300191230803	11.731075246895681	29.146087211241305
-24.022533065063662	1.3799273136340726	35.43799841813286
-18.8540003488767	-13.167902531664296	30.969650861206052
3.2636170774817623	2.8161069866785517	29.446097092542306
-8.762598893821123	-0.27752119318255614	22.753590888887533
-8.89844321554328	-19.867232328548397	19.31920599780313
12.880927878076026	5.924615811729015	25.328374716234293
-2.860438083758254	-4.204567537286012	18.173325612075704
-27.22209322875919	-2.868210424942586	41.121045451266035
-12.324786930831753	0.903450879067281	26.22652459612394
10.070616627444018	21.63183617310117	25.11651781460001
0.9175304097793912	8.35124747803301	30.623949336208707
-7.1301899079666295	15.036672414531786	33.51095214325342
-8.823091079694754	9.00744517472486	35.37980408864903
13.89308020320536	28.482745169970745	54.765830994159714
-8.64436657262581	10.935833667999162	16.264705475742456
-8.289431256482837	-4.06406284688624	28.326834436214337
-5.964030387383099	0.4073875485879096	40.414667741938274
6.928120100580056	5.841991332012664	25.222120140181655
10.855187808846727	-11.50558943487022	23.607167933205748
16.169635381737763	-11.136829171776492	25.957697024653392
-2.820144686452268	8.061530891137371	40.118932066172654
-1.266440043278246	-0.9396072115007021	36.63801987844538
8.344123509592631	10.504023933562985	22.612549528875206
-1.2620153531306033	-22.154147800351932	39.598048536329614
8.935483749996603	-1.0030564370088517	32.53604280192423
-14.44036338757089	4.256968030994511	9.422858123461886
-0.2784929848748786	11.852545273282466	23.432550013999546
17.569066230197194	-3.846857005121882	26.766402174290814
20.379320323690102	-6.087001729949552	29.884647107130142
9.746167516317689	-11.30924133785346	15.716265528995908
4.940442511032661	-7.363637516382877	43.88079970832227
-12.503352133613548	3.185331501079807	27.96872419587216
10.40547657396746	-16.326128768308802	23.328356465902935
9.537068654158512	-9.451856906606835	45.5983076019958
-14.251245411059442	13.1248464303108	16.80102933568702
6.8531692054126205	-1.4192014312372516	42.512939752448446
1.9752195527517435	-3.7953218887498967	33.89278265047336
9.801573522009324	-8.062510983530997	26.89687730293332
-9.084133923864547	-17.045969076933016	36.170605862271486
4.8421153914833965	-7.493034030430435	29.479632202611356
7.773930408121625	10.95018973047827	23.2679381770255
-1.9965210956315718	-11.899593170973958	31.164971286850975
-12.016143140365532	-6.34998873260021	37.47176492606171
-3.5378269677049756	8.606852027055588	25.677739019512103
9.674308420503046	-8.95614291995921	27.38659649444649
7.3736804250239265	-8.649866736600845	49.92221143471393
-4.414965120308672	-8.843547235953924	17.059759216771276
-20.690343111739466	27.400619713332453	14.637775847568628
-10.623497409083777	5.387912344851362	20.146393108920975
-2.7611939141178246	-4.321293102055254	44.85020675932263
0.04817275665789975	-14.69970802094415	34.539127173439375
6.727630135569606	-9.126505733308312	40.01370346111864
-4.919890262182424	-7.372970266242248	22.731944384102835
2.175923574547835	16.387620314675992	26.84375572915811
1.8601038627674726	8.413249215854318	28.242379161592183
7.975925067766957	25.131718210411318	31.37136051056516
1.4609803043150364	-21.90009560696794	13.136779508421315
1.1191487356707543	3.734620934011634	30.158676134385356
8.848436592837754	6.198925027212531	12.944368850629555
-8.393905317958286	5.857698229715646	21.091787287836105
6.8223574107010085	-12.392992343694441	30.974886481456075
4.967085572171255	20.86103367369877	10.75200770398159
1.7181314785812265	4.9689526226867144	26.08476791638047
-3.981247083184638	-33.66180706233245	34.44234502220387
7.088945241042906	9.429574761344728	21.231795283002388
8.744139746024263	-12.2373673294219	22.316612880746696
-7.0300129705649415	-8.434244927952696	25.705471674289278
-3.6279425551341444	4.286355762496247	40.045895420424074
8.786810477669032	13.436181477047825	52.84478243829032
8.589436245368763	8.3856845367881	46.57415681652408
0.8570603494113929	4.416945647499847	12.724178560232042
-13.37886130348393	-17.559044947191286	39.03444625996597
-5.104160574451303	13.794264820577473	24.869316107707764
20.714874388383684	-6.497270675402157	30.69962493993206
-1.774017418752335	1.027191952749999	41.165373342406234
10.477511170390724	11.388842920247395	39.938741522897956
7.442492173880389	26.943423327333047	18.810413860274725
14.996940003027742	-6.518520391480448	26.859967131951752
-5.343708596589954	-4.113814035453705	32.86994480414447
13.916288859891843	-6.612290860754493	41.12192850287379
-3.6075440889638815	0.7386821357299169	42.754494421132435
-0.6442681249565658	1.7130325151577772	26.35333887396577
-0.09693408703252723	-11.198683434591901	51.325902057649536
7.028818881913953	-8.699349386047388	25.312109091994575
5.1789984186399245	7.908001893561441	30.473131980470995
-3.281042264558608	22.48943129952685	23.256058280276914
14.905761582364669	8.897799401137693	26.278924207086057
-8.43448306175853	4.41416269580252	29.014819123866285
-2.1840852826573585	3.360153092409171	17.919401517915652
6.526541761018722	5.77365692480579	19.74956966296483
0.38790667777200477	-2.81854449718687	21.614570606321507
11.377859318756007	6.449247563923882	13.782314985201353
9.759774222642857	-4.830723586919284	34.864485815572515
-8.873638674908538	16.41125795945416	17.496049330513575
-6.693579998453214	12.301340301785974	46.768885702165335
7.238429171147224	6.72727245914019	44.17028505369477
2.173332362879534	-6.625749749783675	34.34284322029927
2.8410657274077176	1.8814118455689222	31.811724957476557
14.130430807491795	-3.5609333891210886	27.25810832472076
11.451599528230963	0.08665698885424361	23.558335123059862
18.48958858266074	-2.2579557647231505	28.963889961539536
2.586372228559246	6.67269906820073	10.693159534576601
-1.562948531631332	0.9988722642046102	10.411591234494558
-8.801249163069919	17.89079608399915	28.61101782975308
-1.781292295643528	18.5044472553393	45.069063361907
10.032523292392643	-2.5148283580670054	25.822195703651026
0.034919081205710335	-7.774615185413165	23.64268055077467
2.183841574089596	2.9340025871778153	34.84884937122751
17.6853983096719	2.3081601690978735	25.312130107847153
10.040156009985088	-2.9346583626649636	21.992156631771806
0.7119558218660161	-0.01154664499371251	18.571503799709753
-7.196979836615796	-4.635738579427925	43.791760767103895
-0.2659725971918645	0.13548813004942917	47.0314379157794
1.2671190091857896	9.493258770997961	32.83674306877651
-15.20923984098184	10.02637479940605	11.478330079748176
-7.11879539174803	-1.3364183183833753	23.031193498115016
6.1776733234350845	3.1699844501747054	32.360156233841714
-25.1016122716727	4.8649651237832385	11.16653073406745
-5.743408515657585	8.960906305546512	31.35671958793239
18.315557487820097	-14.753554703082926	30.950906393917283
15.51282442691501	-2.9350870032922876	39.07841099404095
-2.9044258505683023	1.2194084396098628	21.98508783076713
-3.897875232352553	16.550562930632264	37.542034727832814
-1.502578064144804	-12.692781527663175	30.086867876014573
-10.800074352900237	2.020676085775502	15.694343276356886
-4.075508554275359	0.5096741402556807	47.774624457630104
-3.163170428333901	-35.7694016718727	24.950937496934213
0.9260422228181497	9.581984785439435	20.48459344645275
-1.064598493219134	7.932303004893689	42.77393499491854
-9.128568789709583	-0.5550212449680075	32.04878149905081
18.181710965534293	-2.751339585866046	32.0772768597548
-0.14841550426712508	0.938519677895881	28.79403465687606
6.749571030786835	2.0370862529290754	23.49306268235285
-1.1494108404880268	-13.253881582531013	9.777041164453422
-7.028789843744746	-4.273152199736735	22.80956858404255
4.006540837077511	-0.4250664210469341	21.27571208096541
-4.599983420232989	-1.593546587616039	35.86616950432146
-10.717769072558506	-13.959103813732183	43.73818326693522
-2.335692087101112	5.752579071699881	13.49856651082306
-14.835891308855143	5.315691681778878	38.933742983844326
-15.242018746738834	-10.935634376484863	37.67882786175606
-5.076920273384062	0.2339228553068233	22.24430263080579
-0.7936060531436164	8.57547503657388	38.34907106594456
21.010910446373877	10.063442890887526	10.10723815535691
23.196597223445142	7.365050940701416	18.859707803069107
18.08469780240107	-7.236408364796589	14.9005918279831
-1.4669628090213525	0.23527047977455978	21.041921871153733
7.112581271659946	-4.120750077846589	29.01492776356559
1.1049050480805138	8.074680651532933	24.603920540429236
-10.732994446480184	10.502850383163542	10.376653667088565
5.6796095171348995	10.856202208405206	33.93956868888713
2.280010677128431	-4.785860121189469	37.61778778871824
-1.3983875188493242	5.291327990320397	22.237335014017418
10.312042221455386	9.594141285241129	45.250120105130634
-10.591466451670486	-26.136266067756594	40.310740928520616
16.774476586153046	-11.020312189932788	33.48466346180045
3.5477449535507755	-14.516564052913598	20.666354723928194
13.9312712408829	15.675613309274281	30.823249614380927
-12.09181384305534	24.04889816730389	41.6825434575423
7.373805245865123	11.486196716683372	-2.2451049392473976
-6.229619007288666	-20.10442687246083	33.09502712942794
7.944130048948187	0.11944032105678216	19.55713018777231
-16.14945552310295	-18.614772306323925	27.138801059193707
-8.299089483206393	10.14185658578622	19.388845260816336
5.29305417155215	1.470101018286527	37.449939535394805
3.8826865406232343	12.094854508091688	13.395588891574503
3.6052604326998954	-9.833072595592029	36.19551940734307
9.269313160090771	2.7823763746144525	37.49538592181648
-15.024499107403184	-6.462358855728423	16.770803582775525
-11.630807496208055	-14.098092513312855	22.07173446085594
7.983879251524265	3.898826030286875	37.00635476947272
15.411161690753893	4.371406448957016	16.229041620451305
1.9309114876586335	3.8437890698405712	34.85593312133237
-5.557624236272854	6.933286464965906	32.28497865023528
-2.816793075073432	0.7249614495311194	37.659883181277806
7.54469295164575	-2.1729912231895963	27.182951974256316
-8.246369172012331	1.599316371174886	28.597811364076172
-11.692360206995298	4.341519593548446	29.463365137874067
-15.606448614562984	2.0924476291692513	35.28929874290075
-1.65398416741058	11.257997743634668	32.135204532504595
4.516152754690447	9.644190562934384	29.88837148724888
12.312989273824888	-5.981103069297065	15.151934785241494
-10.30109594488903	-4.982342274523191	31.181220302405308
-4.006595348416991	-6.469020787442743	26.06878902735273
22.967574843609153	-27.869379102202757	35.07291883557536
-2.8668114537105933	5.257460064253406	32.107072752898844
9.508385601315828	11.547588867215095	36.83846060702092
5.877975976250046	-5.255035825830171	37.69808564072983
-0.8337754497427996	5.932751768326084	34.648523503754774
-14.059658867599163	-3.018529882911288	36.45184590164494
0.5454106959052076	17.521981649165024	7.439824291386586
-2.1942338156770584	12.887185305735562	29.631012104085773
5.882912191424657	-17.677905963800193	40.55890005309303
0.08976647598235613	17.94658390310905	45.28198389880513
6.304583250683342	0.3710490518492472	20.481182364899322
1.9899733605933334	-9.084071734956316	10.201167510920609
11.233368625438096	16.699423164542363	19.767346021923288
-2.892091135224519	-21.17364465965173	21.69292408957911
14.446477892585285	-9.470895921541539	40.26691725298682
-13.224384357125881	-19.115602436248462	20.70890691365944
-14.388299966504707	13.047985070146002	30.777918661259694
-17.17899562827951	-9.888854953189751	48.90931157836853
6.180467935211668	9.276398796885978	42.03992908419106
-2.377213301490965	-11.561823148660377	26.148417753478572
4.620612695960966	0.5338698701722653	37.561477794573605
10.91071709541749	6.223074836246443	5.83179607301685
-8.789300233368508	-10.544112108084589	24.328660414300142
-7.413371924829191	-2.1128053206686976	33.281150846229416
6.20154253550793	1.3918341331008404	28.465015333929426
13.988330737419068	-1.5068167629184583	41.57929308569541
6.346089456649796	5.464637719021399	19.23608906763265
-8.394401648381912	2.0391934622914323	30.707346785306825
0.47142487545616374	-6.338135381630292	14.631605913377854
7.5138064406042515	-5.989930132679891	26.358271743006
4.70373808758835	-7.991660479805551	43.119779513094635
-3.0013178964290077	-6.267779305379502	26.929758428746023
3.0543195060846653	15.341107142223223	23.8903819006789
-5.340688110581615	-8.106551876873313	34.15222597660691
0.37219916999311126	17.193373684975086	27.02144075963678
-0.8257757803950322	12.171531149188636	37.62750978971819
8.381566177146453	24.521315613179354	47.631742252140796
-6.789364475648128	0.9479635223140336	35.589413177012965
-15.10972929397463	4.1156520637339575	23.835098707893735
0.47666894270300936	-13.142278686175729	17.036347703578205
5.702838439155313	7.657854421931508	20.914935849922912
0.49660958084480566	10.010826607925463	29.436677694155925
1.6945111411111506	-9.046810561689853	15.299025000747479
9.271168990777417	7.647576598106233	32.00437060725553
10.946098801503176	5.263063266180907	21.06113248904124
-2.4269345988662625	21.25913174075228	10.168042477602349
-14.643337491260391	9.95907486886207	24.093628433447797
2.5146814013414125	-11.201205459549373	35.20963372603724
0.4687051310872034	-2.9961361423579778	37.84911875721593
13.890719738798591	-1.5208599953394866	43.425747031777995
-11.786253533704265	10.425421912408828	24.596461937037006
-16.23228370306657	17.596662658824155	29.602258235764044
-6.686127525026525	10.130744807949142	49.89306993466241
2.0236186728816437	3.44353590333742	13.677525759947653
8.778265801252203	4.48477979618435	31.770307091508045
-21.238743889522425	-9.877647736539313	32.810281731182755
-2.233159731472409	-3.684505600579293	21.2234125780618
17.385707875501154	19.245659149888994	18.208863204155442
12.85969934263395	-9.329135269001021	33.552803814987016
0.5844677921332413	-12.111033981645043	54.841760155863355
8.054337222154283	1.2653144327539014	22.590741117328303
21.885083454571017	-23.804435838830965	30.112137644070465
-6.911086162286194	4.821457010271309	34.259329025165684
-3.7308723255372307	-11.108679380500764	40.7046737444834
3.131329894932438	-3.882642658870281	35.35565255756305
3.7129135767572357	-5.834985416987283	24.63547640946107
12.629691797105542	-11.072257972995462	30.656802329345332
8.861350194182645	2.3065901534843283	37.29492555995302
-11.874838879482706	3.7144340234284194	35.493607519804
5.47099884699044	-5.411366683387701	17.61613552258421
3.516601224013667	-3.4638639480923876	30.508999366797646
-1.8987134343851175	6.202042754569677	18.837175275474426
-2.796263811642805	-19.054625422067012	21.83689000021507
-14.632260795183354	3.9364023921964275	34.9169099157763
12.842637539377954	2.7645355733412207	30.89337833603318
2.5579656607257126	-15.00335621884414	18.111853567814247
4.72294672848831	6.550080497516159	29.9473618097874
18.00947699757608	0.14791903300186704	21.384898255248437
7.062097523286573	11.236471067888147	18.28737045730672
4.040088508138292	-5.585670137258805	19.490284039596734
14.073320837974778	-3.977784601507258	21.92292339818221
-7.823138722045016	8.685423027531694	27.187472097741587
8.235310854529903	8.611248516020252	31.942295662554624
2.3273686587365567	12.941951244017549	38.12096154244415
-10.712100972708035	2.4875257435774096	35.56446713631621
7.265497348478982	-2.9767139715746693	25.89215271377975
2.48851523593188	1.8419428107369171	36.808768859180375
9.182008683997966	-4.649990194474761	27.17623405188861
-9.029937873452619	-14.346618931500878	42.07913769453302
-9.300848205841792	0.3425664643611362	33.22930129814712
-0.30765006886247875	7.933856208921651	40.41179387145344
-9.961552818510174	2.741474682589904	35.00852069827293
-15.870727880875519	10.245806957723204	36.05444511046697
3.087671100892664	-14.963622790212403	38.30321645424492
6.939557679067564	9.361722998384252	35.05218456338524
2.4215996940490583	-4.627476982301466	43.59502275640636
-3.2049203289614008	-1.0233669737171782	39.45317834433509
6.090169758006903	8.662746740167455	19.63311999538751
-4.943105563322146	13.787034051540129	45.71677908622024
0.28515063690667336	-2.65980231288605	49.39692371362065
-4.046559150994767	0.062355669624683634	39.063253855884525
-34.446993909908635	-12.969725707800581	16.501749595840458
-12.817799224070605	5.731647259386785	19.918228292108267
0.3009643050968259	-2.3801210593153037	20.81519165241445
0.029457822529802485	-20.36441803332547	13.060526720881104
-15.048338953936023	6.473470887342298	25.151189029070682
-0.966732767883839	-19.146425466821693	31.65276148789489
6.55088711603251	-2.3789337470292993	16.319936241426127
3.65858788570035	6.444910279031727	57.60778796639286
5.057619133701248	-0.26482905841069465	21.38816190244323
-16.74984330486253	3.249179863543384	19.33259124965575
-4.028372927970663	-9.94663406211936	44.60319484509001
-5.349431138017794	-3.2421798093647016	29.452049577942265
-10.017401702453387	-0.11406334722972553	35.48905551538759
-9.906074799413732	3.5598053564712955	34.47948698028124
0.29814836145364465	12.170559059113222	29.997590966054556
11.80974047909157	1.659909276212631	23.692142979100538
-20.911139222021326	2.610065841240007	19.027356408175372
-2.788919533506169	-16.803399508906722	19.646022013108098
-12.089306149219528	-2.6065323011976766	24.425521613770314
7.40361988854985	-7.627888822996703	23.150972547945734
-1.9403970243791444	-20.31029799749423	19.155024264879017
-8.916303733888967	-17.843566221596838	39.38305838023225
-5.61916566635513	10.189653951606243	18.266009973285374
-15.98970796447337	3.4232428340180614	36.30838605979113
-4.222965784736192	-4.498418920595549	28.68824604342316
-8.794207413580843	3.84962749216297	36.14797951053805
6.543405152376204	3.087033852780576	37.40064673415551
0.5903998860423076	13.981426902097066	35.138963973286025
-17.2439466069318	4.494892607823911	23.088099120093883
-12.059275509043072	-5.0581454960891445	30.011914707828623
0.8822152849052032	-28.250776670599187	31.691017807401813
-6.626245574331026	-23.34594426029302	41.73007354690024
-0.7179547948035147	3.161492160048776	48.13121553837595
13.957851593749403	15.654115114926814	45.27659086284331
11.095363075658295	-4.841039889082953	19.777410621209214
-0.7960097014263033	-6.125645658116568	26.13603417873651
-6.189420222188464	-17.24257015579175	30.96833130359553
14.313704444284198	9.790582042233238	31.665504750592408
-12.203863926595844	7.426464716294578	27.208667993494778
-12.211598105914321	-2.0690409560394447	29.17383104692287
-2.7385293790625145	-8.458652247322455	20.309462022511802
7.898390191054753	1.32328676821837	36.02541731991267
14.794309520295467	11.055215275483881	14.27890947524686
1.4444989130109933	-4.740248617933581	35.99582315280768
-10.014724995547839	4.107709920627963	26.782193929277103
-13.768986419895228	-7.71761571340006	33.233633982234124
10.093047875880945	-0.7626495452972059	30.830460462538245
3.4631172795654654	3.5760198801197713	25.984547027887576
14.785817020793203	8.459775114475933	28.78600175555212
-4.1133188636957625	5.720786564183382	29.3552891662053
11.258147887081025	-1.9110554718590933	33.33782549060913
14.094833272512336	-15.84453837181783	45.3611413366352
-1.7459295306899736	17.270697475852405	31.653084332203512
-1.8260940046277399	4.243278598382785	37.93805965564958
9.752297785970056	-4.804677429289635	19.811540333870816
21.05265149381188	-6.629612122096288	16.817943366297524
-6.767259019884786	-0.20766023040435233	0.3643444126416071
9.505995860690662	2.908267327028397	27.918516663659307
3.675274695627546	-3.887022068326857	24.736320496026547
-8.982208068981581	21.028466090169292	30.153862097717358
22.826050271656648	4.75122198494268	23.48328632341574
-2.233381169373032	4.145559436334048	35.09663786809045
-21.149098247837436	10.36416783159429	45.575473016043716
0.7584288043205532	-2.2680755792648957	36.13686081110796
-11.283686147276548	-8.460137064961765	21.45443921021035
11.708997848245271	-1.6505193176559685	23.759208980827577
-8.487285356757141	-4.56017747103735	30.907316612536455
4.479034240872125	0.1563706560985461	20.469279381337657
-2.3537207226958343	6.07392497277734	20.767970202502504
-10.253538508182514	6.9884342015122725	29.81133463626645
3.892513112674653	-8.474989321591519	15.174367109225773
11.755647140017555	-11.31648126434335	51.66002048187125
3.7261426196720175	11.395172176094201	34.646557721927586
23.888921855432862	-26.172386845976362	19.004569704677586
-15.814788320197884	0.7580142525131686	21.52578058345575
-0.9427688100603605	-11.134877385272073	35.279080878011506
-6.6131974923839145	7.6197422728626565	29.133005664190208
6.62821216331563	3.847034774738961	-2.8426451543272506
-5.27040907542243	8.585653470061349	9.325067546109398
-1.7981925728059978	0.5691698905214961	33.62985470010525
-8.618366624479197	-11.726888214224873	0.2790894248702962
-4.327918977494858	-3.9782866039854974	17.076064562256406
8.178661802501317	11.901446813370992	34.132071388271285
7.8756102423848535	11.685383360347359	21.496155100969993
7.777606160331344	-12.878060052666935	32.87165138626966
-0.7213266586297423	5.778177532747826	29.264590461858308
-0.5973567905899706	5.0271212631436075	22.937854018967958
7.144020622674578	-9.727057181737779	10.872704409235105
-9.825274542274755	-1.165873742200321	20.661561652509818
-26.26914248452163	7.71010550814003	23.473665886841857
-10.672078858631053	0.1969567645309322	40.35649587416664
12.08943157099485	2.0885333319591033	33.5030013179038
1.5603972230115342	-0.600207693844532	38.224218279731375
5.426563168055801	15.711452938381353	20.849345871028873
-12.975839452691684	-0.11736823082439501	42.35966399235623
-10.519471939707522	12.925983829533084	31.162187922764364
5.935658323269097	-9.204542070139087	32.92280080883603
0.8549032998144063	1.8003752612819868	27.582547970823637
-13.251097283002744	-0.860843678884971	33.415970305228875
-11.213553893745122	5.295157244309508	26.586833460422415
-6.475133740897714	31.198971539328873	25.05941569915349
-12.588711385026139	8.026105897109712	40.27613469252026
0.8860688664348528	-1.8568767043107375	37.78268725900397
-1.5355625533101882	-12.57553379791403	29.23074289006389
3.175774212448616	0.4986704575783436	29.322125120704225
-3.733656856561305	12.69219815176957	30.40946144872857
-1.2761716801952874	3.2357218047474783	53.01339072657083
-0.2334271220494975	-5.399704806709912	32.837745053165065
5.961838110002409	-0.037324353537136694	31.51318738878605
3.8261935103005107	5.068713077415645	38.7472013286779
-0.10750025015694427	18.267373158752815	21.398036319772896
12.825845217568235	-3.802237126134764	12.581760934683807
2.94163456710018	-9.78710936946023	17.918070806600387
3.341756944281877	8.090507428151607	29.286323254914638
-10.357076548797725	10.629577025560513	41.55705470999261
-22.090776435262324	14.434271904962957	48.11432312426941
-0.8969643207957706	-2.297391544990578	24.403766525819126
-1.9753633507749604	13.711452708865329	21.827585347150418
-9.952973756639205	-7.894590096153786	38.97917165811678
8.352885595145192	1.7942979330339859	53.22048669294182
-3.7789216082575323	-6.263764386597028	24.86406119204635
19.604853535352458	-2.3215081690714396	18.880828066917353
1.4991847898227462	15.078053808770067	40.61407528005764
-5.254028835726113	-4.384575568780558	20.337926212290498
-3.3031649318138916	-12.757718486184345	20.179642321303497
1.4467146573875578	0.08775533473583666	23.91609476983501
-1.3411969576175131	-6.954645463487612	12.20533899271236
-9.785739502951438	-6.212522337296701	28.947579257169398
-4.144657792585788	-6.756866456748655	29.49588842334552
25.009963656508425	-9.301309980703113	33.19956400539707
-5.436007092802464	-7.728904677828554	39.36741241735493
4.133024507981469	0.11642102073397871	32.74448388843137
2.4859237917186046	0.4921356796291282	18.402402167509806
-4.688838827345728	20.55359229214625	36.35388497292731
2.8730037556886323	12.515791169570933	31.75343718775654
-3.773120870319851	12.005442243776303	53.20769595748821
1.6902999988823701	2.895638613389433	15.5941303440689
6.346058446540759	14.265093482753052	19.52961883433559
-2.03556309718056	-8.692907835977671	36.4396059805899
13.08674897287718	-8.307057957953885	26.738505443231706
20.837449050888846	4.728946879797068	20.96547063919681
15.608910867991002	6.834196712545237	39.48918601685482
3.8531531336686893	4.962921392818121	20.605218287013304
-1.8562631558517664	1.5976153716581263	27.243520724758913
-18.28018627315004	-8.142827327309115	21.306499279998075
-8.631834746989394	9.156539825192748	0.07481173129577456
3.5765309818085997	22.20242313798171	2.082550027940357
14.499655342856732	7.6330209580843364	23.982545850766297
-12.146901551054372	-3.5712435517179113	22.047733376436405
3.8802233436650244	-4.680005406089261	19.523204932980924
1.752207810354922	4.744218841944265	35.886798759048226
-23.731392813130704	6.184436400896752	42.75836297856782
-12.142153202168117	6.488419197498107	19.962284828111102
1.6065740052050028	3.771508178499761	30.094554432655947
11.198349422560245	-1.5966688936441176	36.48579070089375
-5.313207875007661	26.13759936415185	23.329651583977814
-9.977670294880115	-11.810623966668727	12.165160566171853
10.217158057594807	15.425500706142266	22.85360713075057
3.5423092239073024	-3.7291132213113287	29.36190874814477
-16.505435486478397	-2.044767499136392	21.201957132930083
-5.2148092688423	9.343228225773773	38.54107845546828
-1.0454813772755136	9.40916365499835	17.61997013090844
-10.005547010559608	-12.385784233590352	19.517104688128686
-18.564393096885354	18.927316420707967	8.92169277424308
4.655814293722084	11.139621553477898	34.59675817426176
28.181733195457127	6.553066719603179	20.461464020078378
10.999063096580283	2.3170277687134972	27.36347860347463
2.3016107544490176	-6.347762378892235	37.53659804177719
5.055914947307011	-8.817303574088148	27.79106756395263
0.1637206689860474	10.605123493212796	27.860118541527203
-5.192750772151095	-16.71233795407535	16.29291363598532
-2.280287566224559	-11.615379942158135	14.471738430568193
2.857008673779013	-8.772865004084775	17.86468780608284
10.932827721949101	9.320303826561538	9.00384235528734
3.8369405691993967	0.7168204264006274	26.836253136777987
8.990886332481537	20.576982916850994	34.774015367822216
8.776474383490998	-0.3647962251818152	38.81943230716481
9.015617564150578	-15.48757298753489	17.226216718854467
11.737413191658808	13.354377604751926	46.03835115071086
-8.161276225299611	-11.414791361446037	27.757030894769215
-9.671591254019406	-14.036072274951659	4.677931394181847
-1.2651888161408855	11.822758531213587	37.326532326224125
-3.794390048225243	-3.669414024229721	31.669592570485367
0.5213956265317298	-1.5892123356304235	37.29423931671175
-5.359324392115116	-5.846678255466642	40.908830837042515
-6.4954981306850454	15.33252018439239	19.556861984143477
17.16335709810535	-3.3227172301013157	28.459381219547613
-2.8837626057808086	9.487850987105668	24.039937113501352
15.6065861288623	-10.932188168929907	34.49124740723012
-14.350466412628851	-11.040816305831436	27.54637112895527
21.87101579067179	4.513008686475357	20.334425209945
9.472037728322526	5.707705582895565	7.720958952001759
-1.949588510940972	-7.691673888266227	27.07606346133239
-12.98298370885178	-4.175580493746023	28.110338985655414
8.826448983215233	-13.450764308350251	25.20260833758734
35.551229437054474	-10.299100988014775	41.34042912841411
10.644952817562412	-15.800988808840145	20.464932237293553
2.537649960320193	5.951804158547233	27.199708667332196
7.922992102296625	11.773064524029937	30.961707276990214
-2.596744793507957	19.008509769775344	24.43150413422041
-2.5764877050983612	1.211391545107978	42.66361702961862
-0.330296927312096	5.423460423803665	23.422082803541237
0.16683023219170406	4.526226296849362	27.14555997192746
9.144727867271742	8.284893303592373	40.18217224896519
19.17629637450264	-9.629798999935542	17.935846817655328
0.23250254576861962	-7.780311103805846	19.93295359251764
6.672415954633331	-12.268907305055624	23.89644859041067
-7.734962653053145	1.3850118713288415	22.11206013559436
-10.357888782963162	2.8634314334640774	26.776794350056594
7.345182038012381	6.6270473419795275	29.65256429060973
-11.623952827497721	9.398862307566974	34.92167511703188
1.4913574103367022	-7.110313233806523	28.485950464927644
-0.6018569830149956	4.79224032650243	29.80252802367941
12.927629093724581	9.688566737356625	29.154876410942638
-13.619440473019402	-13.646738245423824	34.16125953470992
-4.219620049739341	-19.201461481878056	23.314406333725657
7.803511889160663	4.726772408421043	22.799776621752812
8.013398614373964	19.124228826410196	26.957439585101685
-7.875690226809064	-6.432544738667751	21.61754572154492
12.247473035573794	-1.1087659612960474	9.119073032637317
-0.27684323254595733	4.800309719495689	34.54337781705728
-6.625272556228464	-6.892861582375982	16.959835801798146
2.0692700558580506	-11.057093252459094	28.329862716272626
-0.47040238785664223	4.256226460629951	13.697459885529533
-2.7111408117032076	-7.008596698564622	33.93307489342883
30.593916914882268	16.125063735435454	36.378716262081646
-15.08076626613904	-7.803349165367905	30.883094855960728
-3.1854134128443237	-9.559900260940422	41.57292176942131
12.199951966058036	21.692131956925266	27.443910716591223
-15.368997160775846	0.00936231125303413	28.885608329417806
-0.9747912483199778	7.874474132510204	30.14680028980885
0.03944263442645084	-0.7696321196762639	34.54479036761353
-16.17415534994928	6.450537300884176	10.950057790216295
-6.302742997342859	11.038352063236278	32.61776930242413
1.9120951981378767	16.603973598227853	31.72765464845958
4.757971548825808	-6.696073028583029	36.40947915007901
3.246416218016213	-7.64764497640099	28.704880342354794
-11.438578214096662	-17.398056667427802	46.87394712512504
-13.389146307184756	-1.9585170650377217	21.10758139165732
-9.323136369813072	-20.407355508705653	29.403504165467258
-7.286383801460089	11.404789212266675	24.623838128630332
-7.17996780793575	4.146775794588623	22.586889530469545
8.892536307072161	-4.488971395141014	15.390196650039504
-18.087332418071668	7.991997428947619	36.864875664949366
3.81507406575588	2.013343850127535	34.281063658913666
11.324587478631013	-0.997660625446864	28.925193902222077
-9.421376031585119	9.576653806189357	29.956515544053232
19.538034104012517	-7.3963022635816635	14.239021081596693
0.685287676508904	8.276176784335336	29.521832425529098
-3.3175000506509162	2.5579353913801506	27.637289119899073
-6.785619611443475	1.3442738022105392	20.203367093130197
0.4850169102625673	-11.539716451764761	29.96568017440845
-0.18023601548454807	19.61842656891254	38.291214125100716
-2.454900579131941	6.823235728609812	19.781393894198878
7.066657583672484	1.3055623246883055	29.77441847646499
4.583497016700148	-3.9406126343278474	30.033467566964358
-8.255999105633022	-2.6947789977111105	32.988307130168224
14.87694389929398	-3.3972108379302393	25.165671828468813
12.179077406789393	-10.319701565335361	11.565430301248057
-6.372211734469911	0.020291125189881645	10.10633203682439
-0.44240282312212764	-0.5048601767596018	40.28541337882896
-12.993997047921384	-0.086701726295055	36.13903987596199
11.066393825426594	7.775039102646629	18.37779187006562
7.870518956265665	6.767123319739582	23.937315509843618
19.567927625350446	-1.737874550797435	27.688175262740668
-14.30015368024369	-6.476726265600262	38.7492112755569
-4.063899444323628	-0.032269248396967425	52.46111814887644
-9.357692815840611	-2.0296642001878986	22.121837044384904
9.113348986092427	-10.084068701359447	25.956881728510233
0.6010427575128642	3.4513987859677515	29.13786066602555
-0.14753164736686036	7.519165521104306	15.537623996175817
-6.467454338651879	9.252471605721537	36.21632165502322
-4.556673367035194	-5.847484217343158	46.84780607806868
2.401145212311533	5.3645922137407815	24.98487493178065
-3.599330771281126	8.466414111195036	19.2741058544132
-12.66785890242246	-13.08005129151553	18.665482945789535
20.642773241105992	3.3170104439313026	17.925187646307958
5.356675768527282	5.307608717830159	39.51135966573726
-13.37581141767761	-10.005889725383872	15.120815554016586
-2.5078781913218724	-14.806602729632319	38.911349813664856
5.29274480630815	-2.1208030402850935	23.865127737502725
-16.755247502950585	11.55862492672631	21.99168799941334
13.363778956409549	-1.1769807404710069	28.019733417186124
0.5078611976209612	-1.8637996488965398	39.979973577404074
1.0359169775390789	-7.507640915352738	15.454788583088343
-1.3851175461273701	0.48009091460273334	39.55534194861366
1.5714648511379155	-15.31758892885212	35.21153868406019
-4.221473094658634	7.635674596936428	27.776495862256677
-14.304245771841675	-10.239953140809245	27.711235610754684
-5.313285205933367	2.725675320355742	12.310689473300283
11.305505459384142	0.7964354063393448	35.36361458888534
-1.0441019400421514	-13.312554233279002	16.66864922034462
2.178661726208322	-1.2150336313019447	21.117242844027643
14.149508520422128	-8.577919992282194	26.636820710028175
-5.34312686870516	1.9751293791524551	17.222230110741567
-1.4377365386127203	-8.484862101572592	29.761195662080237
9.556355101232581	7.329296104567248	21.26877172820635
11.02411958154817	-9.136718525031212	12.779173023690399
-1.9102982121025587	8.5626757659018	28.584733118295265
-10.45208036162151	-5.224108967276982	23.876310100393695
-5.345150076335771	-9.67805183892712	17.522413842803516
-7.588720983890482	18.699326186575263	23.71500506239619
7.74508869127683	4.615681012143795	41.60836720803741
-2.8805712487643294	18.06653585061843	22.43048969843359
-3.7717118391493143	11.922899786618062	12.610542566870993
-2.814517179345126	4.269485499903477	39.37106939813165
1.9427607842300647	-25.19713427027954	12.183214073498164
6.958234830205129	6.88513954552147	43.82356881509337
-9.43359166761586	0.2078779785013778	24.832758814938092
29.5519426229545	14.867433909884669	26.00887779516026
5.137823955161349	-15.2535745975771	30.075311202554012
-3.509471473237324	5.034961103070601	32.43579312274603
15.441642473025507	11.638168288393341	31.254019806691772
9.49558839577554	-6.344573493285193	15.368980256917494
-4.867116834677038	1.4136738751928006	33.578281094297395
8.111316106914835	13.491096145416162	28.82127500844555
-10.760316026518971	4.936823934656652	42.98799431209128
18.182537885749444	-8.886424818393294	30.935906988861607
-14.444533190014056	10.852580548094915	25.629390154637317
12.102923143920572	-2.761764125945913	42.96036601445542
8.239726097751083	0.8607925523580185	41.92582627228638
-4.502230513776909	7.209517827351874	31.37676683082637
-7.091724911937392	0.35762471425221776	30.90263161796276
0.3799382862447826	14.670832000026374	31.896928141951715
14.203043152504655	-5.8757971243682885	38.41405801573861
-0.0449419210762684	-11.49076620261779	31.445475094996194
1.826670038203648	-3.861229257910251	42.67135286790493
-9.810067507762371	1.1711559583556717	28.626961179493
4.676961808343681	-14.902450032779882	25.15267285942745
7.018877999063708	6.5540246077947035	22.802794037090585
-29.102451881657693	-4.208084056056811	37.27190619142276
-10.02893375839471	7.824991453587321	40.27034609775479
6.986370712417148	3.19364997710722	24.14191663808333
-8.731998535271687	4.160164280585093	42.20261171034806
1.7887742543786957	5.632673452787969	44.68707998775193
-11.367514348772715	22.929162443599438	13.18480273405263
-25.519229299950958	17.253044627513418	52.9059406417763
0.6133127985787783	-16.770601558999726	28.809815363080254
-30.297683753111706	6.566631632134516	11.643799842441776
7.129526601177927	4.296980242832465	31.815461208616405
-4.458299537385245	10.148476044564605	18.2602974934931
0.006157597558401974	23.459197212287684	43.61261233417499
-2.6844262754141344	0.12262870227061604	35.98343349692668
11.491239646963596	-4.722775091783898	28.218191438221258
-3.081574080987237	7.7807797361496505	17.288123895058256
4.3492587944112575	-10.07978200616203	22.144576248973976
4.093265320110691	1.7341907589769852	14.675269243516338
4.948859954264945	6.516161089009601	21.909895537578706
-1.195055464885525	4.821558861684961	12.032325681447968
-6.772210340168235	4.198423178937876	29.918929356043478
7.414173707675281	6.77198391325032	29.079383696134173
-5.477667787324591	6.6295511317127165	44.832954394688315
-0.06324161080063538	1.6334361026867867	12.082653083387974
1.3307272418006826	-12.722729690870977	27.550246014594705
-11.512456984553172	-4.671363055429757	27.875278440615798
-24.333244821844083	2.3283960968312694	43.80299500704394
-8.330124979044724	4.486869034214389	33.27312925658148
-13.069706575819387	-5.4834104054784225	28.972498160480875
0.2762270191353219	-13.838099718639182	15.613520017023678
-6.7826877231902145	2.686540503316645	24.434230305724356
-1.7796762900527243	13.824528890602192	39.091537999575706
6.296878271706854	5.5642315107652305	10.004015208383933
-0.6650918162202584	-13.94608807045816	25.6812833259291
3.621648770253831	1.9813316364007407	42.37240623605383
4.792909201764894	-4.2015450740666385	35.558567625966354
6.2535884222687805	-6.794160739173871	34.51290257408528
3.036467596947698	-0.6102882812532937	29.537690173337694
19.127242763700323	-10.682986435838187	37.235357400906295
-2.200357348097227	-24.02952702316064	20.540116668764284
18.1382940395033	-5.760174283735344	33.40160767492217
-6.49149705592995	-3.166034990257709	32.19944016998422
16.272130180911432	6.207346916614656	26.60549401015799
-1.9498181795720373	13.405385673492722	26.102451062249656
24.012160506325667	-10.010782623745325	27.94990953891163
7.411078622130559	6.600974495951935	25.096370782570702
-2.064754527525118	-5.853464258767799	25.78145363102144
2.592007669297955	5.883388155091431	18.942832416852468
5.3269787753170315	-12.722429582582828	34.88316951611326
-2.721109887597104	5.114143730826863	21.861041856976456
6.908129455083109	-7.022009272621866	26.32423882138203
-12.34096145490243	-20.658934619028308	22.863127521118873
-5.767478103208569	-7.909298393544352	30.01458587458853
15.210937170744517	7.728828254765184	30.68206496892756
12.320933492643187	-1.2080813726017745	36.255730774025345
-5.356040427644491	-7.593041385723	14.743468793886404
-1.9736218216276258	-0.12398608773606372	23.672910925106926
3.4505292563726546	2.465048440297943	14.906248041689139
8.336641145304352	-3.414385934245723	25.450588082345064
3.3397244381147124	3.7291149197891493	28.99048847544471
-10.836835416297497	8.182327589071095	24.97979810684575
-8.730544009495452	19.817870499129228	26.696107228117437
21.91411100554309	27.706326030922238	30.132814865974392
1.6779219749905407	-15.214101172865327	35.85239024147744
5.606002800081903	14.704936828058218	8.899245024224978
9.413746282644887	4.076103052496007	6.552369754101083
10.500133145181017	-1.605086456360846	24.78118107995072
-8.445463920119282	15.334430978705846	42.024286180525245
-3.851123758447557	1.3184772020708975	18.55203711727414
1.7308968813931336	10.076085969238518	38.147219577896365
11.505467562011615	0.4040677669637436	4.296027616597865
0.4176247285525342	-1.2310670005681188	27.70348965310831
11.760351579536865	11.963023238634703	5.287850760441511
-1.3347115359635384	-2.7388706862418974	32.01222091755515
4.76252266607797	-9.08531713091817	19.66501119132542
2.3596266573701037	-7.0913808072903315	26.325178318063983
0.7215550594398922	1.8800610936915496	22.86064620068663
-2.7081409708476185	-18.7392739567404	42.95524929274057
1.653669912724458	-5.570909811711692	31.827322549559312
-3.3602617435204367	-3.4549276708611867	38.6645672452519
-1.7415326087306604	-3.701635912379562	31.518218183366713
13.035733637814888	-2.105507616921308	31.765646449913945
-7.122423350970419	-2.041250557410716	15.927821200510436
26.14433925240273	-14.500512610563256	43.18040864692222
-13.908541253131467	-12.050400855445805	39.38918999520105
4.434443710332275	-10.490670242312905	43.78239351768363
9.767568512461123	-3.9791647571390607	34.53092410263761
-3.8860261487257457	-7.277955693720584	33.647714331813425
2.2818995904249126	-1.4838499040358466	18.95452371822465
-3.0241925477211296	0.9299717868533031	10.555917689067297
-3.9444243107794827	2.7983249331665396	21.783930293390743
-4.583765644921894	18.038574475207177	29.244211677616825
-4.843316312402192	-7.805691305361007	31.035295450866602
-0.6349611784913838	-12.154283830577462	36.82697753648863
-11.62784814878119	5.575450369758479	31.097869764465514
-9.405001730756547	10.483763364318557	26.955782060089966
-7.573257344750656	18.006876061967656	17.29411251643966
4.44897273848336	8.284575714557777	31.84907218923759
1.750131143326431	5.491699761739853	29.553350758217892
-14.938417790734347	26.75885772137509	36.781406208410644
-0.4192596522470936	9.380345379102408	41.61291324445372
-11.758872443104941	8.168841827051894	38.62980099275592
-15.464593720055888	4.2639287238947645	38.69937968827999
16.270021198996	-4.880562775248698	49.64455609218454
9.399376750770232	2.329393750559382	7.6421356231287945
9.714656855921156	11.035834626993669	40.66513361509166
-8.508071612219055	2.6327947502381117	48.75825919366984
-15.48441886423732	12.030074232206303	46.32735946068217
-20.207596044775975	-8.148897565253804	13.275518708947018
10.208375523259756	-4.640263201049701	18.74747197604193
4.7273657025988935	9.622752603903335	19.039517820687426
-1.8873929610756672	-5.4020015757497095	17.003604776993512
-2.1107867534147657	2.242179992101975	1.9816929111356885
-0.48959021287512494	20.194848457351164	22.909027268224257
-0.15311429795667938	8.179993199352829	10.357560733283691
-20.229765907232196	8.435708924499696	50.99361914506966
-9.502403859242769	-20.814062932117395	23.32647635369291
10.890163896631506	-4.964720503211954	30.429870199451663
6.282279143106306	5.101010867746391	25.066546122658547
6.008999126521573	-14.593371954254375	42.56479852335032
-4.155919889696438	12.717986139181836	29.624372866004975
-14.8556829393063	3.759625369538913	24.24541096974407
3.906111586486169	-5.403524059865692	27.19080589640825
1.7133008476233902	5.028502164091316	32.58929294432329
-6.686770741333983	7.252279903670549	16.178487231009154
20.59146135308714	-0.4495357809171568	18.984129318003696
1.6803939352311583	-5.607793648909194	15.33326822017586
10.982955592475506	0.21939278869295936	28.090290285304405
-5.800507320216185	-19.1112444192057	24.584803421535824
-13.838689318024581	22.04091208329126	25.25505513099768
-3.9763415372965745	-3.4344168948424985	23.874225494935878
6.812786946504384	-7.958715590880451	16.423457622948945
2.315411109086743	5.064985117151977	13.782631476217011
-5.173514670790213	19.107172772016526	34.28602225303089
-5.658279685417494	-14.706960142185014	10.55072901768239
-5.6872063046718395	0.372756658039456	18.521860094101537
-4.589109418677118	-6.598867503471983	24.221136927851532
0.3981459536174597	9.189786696026054	53.71645841204503
-0.22938092660974144	6.628092058700458	41.0374087150531
0.6438620650129179	-15.240762806114457	34.35925590269293
-12.838830180424806	2.3334928279255496	37.960902666850615
22.091082796571122	-3.1681835571061634	23.219244084537014
2.3657453510297604	-2.1328387763986414	42.61506741108397
-14.493568889013693	-10.808922679938629	37.452815300447824
-9.795538330392658	-4.0559801733556915	32.52724899431464
7.466488227871767	7.574702978825342	23.066563888947506
7.790300804595409	-0.7971162613513352	25.017122548884146
4.902962653479447	-7.795285027009138	28.575153991651863
-3.414759891093139	1.4852415238574843	30.14406768015915
-6.61776249045989	4.980898055773613	23.556078599737216
27.199896357343043	8.486868360464042	25.930051746728772
9.43479696214534	-8.668268846451118	38.675876147529934
13.749723089430972	3.208546907467405	10.074585349316258
-11.910828132440754	-3.77477176654864	39.85638189175823
-0.3169186106828257	-11.784673682000118	23.699581033963156
-5.567662621938362	-13.69502992793324	38.971580090815074
10.35173407930112	3.1186213016400206	30.780026928556175
15.307567533279345	-4.681561642724182	4.811725906383881
8.027261664089506	0.028128856040909582	45.2962870342341
0.6890324216038517	-2.6755810516108207	41.88574494187283
1.0325761442579449	2.366834923237367	16.895491590434236
23.952551533078786	5.639824132148168	8.928833173090382
-10.08095438217254	-34.623094009417315	27.77631546327063
-16.752964008773862	16.21813365906607	33.34824080340689
8.261823097412945	-19.661105530286275	18.529592456910773
-5.514905612426542	-10.086213202730983	34.6374274359078
0.5359691512501561	-0.05081631891573182	29.169517275650186
-2.9613978953185742	0.9088088908077135	22.43964456242724
-1.9294289868843046	-3.494317538321306	39.00489098727072
1.0566493808936301	5.667425171485849	35.81942845538697
21.96910817138011	-10.65516784153325	26.2712935559516
-1.8164975606486922	-5.251328867188684	50.1931654354201
16.98280455177876	5.4896285725511875	55.90419183089311
19.170991813365603	-9.900908577166392	47.52281643946108
15.014592537254261	6.7307882579202225	36.47207214923337
8.210562668130116	-5.427480131915905	32.565850468771345
-4.9914941210181825	16.060681074898973	32.68431377748802
6.027197890307974	-1.6227650149507802	14.099454643881003
-2.76523963219254	0.38486170331082614	37.06782217516116
16.814272896093193	-18.936177549139273	35.087514875961624
-5.422289445190636	3.4189522865844655	12.045534186044197
9.726854045767917	13.76240635174237	37.84088686859598
-32.41465810449452	-1.3195447055787128	28.8873252115926
9.599074081003039	12.50533007349672	28.861941381951183
-6.062039247068098	11.479936730021636	39.11231592654096
-0.5056792183229017	-11.893342497895265	29.27270151822973
-8.023202372533166	-15.511055493969632	12.105925800260861
11.226086429772097	9.2350157816903	37.68803603491581
-17.335690115472904	6.004727148697092	30.648419084811863
0.5570669109855344	-8.512704937459027	18.374499345078185
-16.686774278127466	-1.7010373752935035	24.83503473621098
16.907830264574756	-11.566299833826486	36.33258694246862
-3.1399089354752245	6.5061355544879005	14.624587918298367
-13.03757552781166	19.794627870842778	16.15612837704564
12.965812736986116	-10.95383620056352	24.59932348414999
3.908313434715045	-4.196763719348872	29.69697374708258
-9.448896791544096	-12.109520865020292	31.538725254949238
8.450078656190438	-9.521336805139821	13.000776378337745
-5.771387259356848	6.955716591332315	24.495581958594848
1.7125909637547896	10.767912437871717	42.54143819574082
14.214063193359706	2.0174635436700656	24.82435903536389
-2.0160901351779104	-13.166229732610988	31.087584685671736
0.7812843555636856	-1.2852385707557323	40.42104854485914
6.2241285973861675	-3.513660520957393	32.50592424969808
3.255205320719358	3.1304121496199278	14.797236280736405
-8.915632714766804	-5.177999972599366	39.095424019922156
18.598500171336422	-5.971613479677661	30.040803878692692
4.741702428028725	1.3301972239331121	37.73751281113035
-8.647167177289854	1.6244004975734567	46.04465518334288
-2.005369441601623	-5.2059878135261775	27.243604456382215
-2.092961882331311	18.061104872736028	23.545588112578898
27.8985686526571	4.091999333982799	41.2575886695495
2.0898198511740476	-2.825721119581859	20.32396711645179
-21.352351848545894	0.3372020975203952	29.544669106910472
7.357448727530086	2.9620489643395773	34.2270220395001
7.251940981030524	12.674457774588115	23.25194998116754
-9.504425404397308	9.316807107390222	34.32165806529514
-2.647547040507163	11.578542591683608	26.56480963061089
-6.917213566581931	1.6973828350791091	37.120431823188596
-2.1177105203856796	-3.2047064722754066	9.987212717049474
8.57140055890747	-7.541173038334648	30.1788969994349
12.85926870798229	-15.852706503327775	32.25173570729931
5.938376254987334	-9.10475030636719	41.622939656830894
3.315132265250563	15.675133436213077	21.355504113681054
-8.95214523463447	3.5480913504654565	34.74292036536339
23.614373942220837	-2.6734994728086443	20.60058775348344
4.181208215159317	-22.430345014517684	17.60573821390701
-1.9873750115050348	-0.09615147831770302	33.55307048357457
-7.187547755670035	-4.1246182555664355	36.06857936894689
9.628479409707431	5.133227644378577	24.526576414796196
5.879248944334691	-6.142132541482111	36.75788625543076
-12.43757664971685	-9.73576047857392	26.108035807441468
12.088079783856575	4.610401652266341	38.92858637326119
6.947461508278253	-3.5801804309468666	36.99078546141146
-3.651465613264264	12.568914073088557	14.084134551214186
14.92171404202078	-15.476229392453122	31.851304773128142
-0.507852613964873	1.2067027717313858	27.216087140172064
7.650740668129189	-0.2838019395409113	15.290771459251204
-11.964446693115994	4.030576491874677	19.224611627289683
2.062090923141557	2.2828239904026244	13.014363540144434
-2.4730988911577754	-14.080501303857424	49.108915341732576
-0.012903010344601062	-15.613893321258272	26.05181537880195
-9.738138167248723	8.097032003806767	17.199812733713614
-2.0165361331930844	22.608230369094603	48.402685961211404
6.360840931133472	-9.22037196563655	32.878073718273896
-10.811496661173896	-8.633694974293181	30.40248538759185
6.443647720607223	11.356798297489714	35.15956464073403
7.344616034626644	-11.712465023042146	16.501264846741595
6.565909793388522	0.7272452049321387	34.895114298629444
20.502858137734457	-10.356647852577382	33.49114668258387
-10.130255173394895	2.021583578485985	18.084611303511323
-13.836837712803431	-12.667787870362089	11.011684598337943
5.261976005654133	-0.7312370194234683	33.71835402930936
8.740455462407073	0.41692091522188757	19.99474673227087
3.8405451144565705	17.672176240769993	30.173991044633382
-3.511652573045707	-1.1034841637330657	36.862657710976265
-10.369873512635756	-6.060446005259676	41.1188523024626
5.292764423865588	14.525063173211839	13.445913447551634
8.076273913733612	-12.760612807274612	13.301541370507818
-5.940116271852588	7.739833839879253	32.007104848623285
-8.073980838804568	24.097763664922955	17.519272232218192
10.02865387252437	-6.748667486799639	30.802453486133558
4.15304143057039	11.542217123678356	44.56871142132493
18.32475286588511	-7.36146706423766	37.84852895421063
12.901662291574505	12.111009679163164	34.220549842935945
-7.4768308739148726	8.541087888780364	18.60980085621663
-1.7555264727275157	2.9069618236720283	28.037882093511797
17.992826280368902	4.432058621875267	32.1860933341852
21.510814675417123	1.237047740106556	29.487412759016646
-6.866336565867822	7.183217705154403	30.303994878074104
5.854358322563586	-2.172875714041266	39.73796938002619
-25.759127317541136	-5.283840550238596	32.31359569302521
-6.719062628591939	13.514530463140213	39.195265682162464
-1.200734345765099	13.892150260340765	17.77844335910661
-7.629861594470503	7.5643566446577335	32.044907696770174
-1.0241195009164068	8.432587132425132	31.554980764525595
-26.512378112621143	5.9045240457438695	15.249658528704261
-3.659651424148618	-2.362055010095482	39.29135116677549
-1.0172284427858496	4.762851176689663	29.903089437653367
4.146246032658996	19.034824238478663	40.54117332162535
-17.355297765375738	13.306019217477086	39.45880697530432
-3.936200566503316	2.568101177397009	39.32716674580036
4.488013909588625	-3.2221898371645445	1.1671980508289046
5.079116938871256	8.847237686594621	42.735273380664616
4.454158280849866	-7.911795107505388	23.812855949775674
10.306650883152395	0.49559288889538056	33.7822797923341
-7.743923265341311	-9.369001746065024	35.642233871026264
18.707884975003285	6.441020880509823	21.10301394273191
5.237829093298148	-4.452252043223092	22.786848688085332
-11.483845824985828	23.91869627952653	39.85513529682943
-9.55070313436615	8.064142428358384	22.426190369405397
30.623754705778673	-5.252072680167946	34.346908748994466
1.209391970954604	-7.869924455135089	16.07233865758767
-4.988535611679659	-13.688367703777322	28.25431439714192
-2.8037231044920903	-1.901528289272081	39.950161990122055
3.536220024101491	4.4042718389701125	33.38554563104286
-9.627976423289988	-4.577852317864177	38.72354140868092
1.3203870237751523	-13.740592717688557	19.49109583995816
1.5167810876113206	-5.626154143603754	11.02899632671187
-0.3693680241673336	-18.518628752825276	27.446814711205345
-15.153772096194476	9.05216539443736	15.54586946445334
9.10675673530699	-5.795647224667496	26.545700971142093
-18.280337702905072	-1.2308091239767962	30.8577290383452
9.973831922374831	5.780287120386777	29.76458483743153
-3.8340304586917053	-10.639222992406607	37.807707848499504
12.286089306948432	24.084019919393654	26.875004555030348
3.288556747397775	12.432076707860398	20.174757150415218
20.505015763488824	-1.6090689817333417	21.786714329478265
9.815166205188929	-3.3147641419756075	27.287728042863144
-6.3947433163967204	5.1148052115327225	17.724135993145946
9.34464928611362	-8.269225613334333	35.381423155033154
-0.7890128951329679	2.1886493706063854	34.086699589981734
-1.13131122745443	-3.1668571588252528	44.8448897329985
2.8496665165120696	-1.1151049686538266	21.507197666551907
10.009154047793912	12.079210022114978	36.03848804227958
1.4357710497637912	-1.0122674058258398	32.37862377108823
8.49664389517801	17.021893450875186	25.84437280914506
-14.38682510612988	-3.5430105753919268	45.83551758630053
15.552704839296851	-3.4148011757192185	23.33126259838523
4.517407809986053	-13.622766344232788	15.141379217190467
0.4312166694261973	5.049774046616934	15.398443163353077
-3.8984610481369435	-5.4018043657576245	31.907147592777992
5.036233957460061	-0.4306442836508123	33.63431871130912
23.518047214957257	-15.38459577793155	27.755438783996315
0.4400107584315245	11.287520483349569	22.283680752664687
-14.0796300630309	-1.2603412020110145	22.35485897895941
13.27925396307023	6.3769849853004	22.115374825657444
5.350071370965051	9.333467355957275	24.331794532951378
-2.9386266953116853	26.625886154117964	35.27122769791687
15.809114249465395	-11.567516403125852	17.443161323092863
8.877522808021835	0.22260534529452342	45.62123562928222
2.220518936179938	14.42631698746782	35.24487839920385
-8.88790264513764	11.89230265275862	11.376946529197763
12.464539135912373	4.829559328342315	20.78955204170196
-2.2955993754867525	5.421527909203908	34.1322024066056
10.560527228183169	8.930353449430342	35.5011810911268
-15.984054453510943	-3.630013746819855	30.119043528253087
3.618486017886091	-6.423456572332152	29.889526967933108
17.51503224190476	2.4436274749073537	16.109647988979745
-9.03161312280657	5.705386348612427	42.27765090165364
-5.566381555737168	-11.463458104375215	26.4891266732804
-6.958279836677937	-14.147964639771661	27.39907843164161
-7.790596992065884	-4.490475989854759	20.721952433480844
-0.4906063840879566	-1.2509768544079933	28.14479394039873
-2.1865744661517246	-22.02820796335391	27.613027969364694
16.331203472119007	14.586225950045357	27.534635719948145
-9.995628589734075	-6.793564654858812	33.46478800217565
4.524913684123694	-16.34959325487693	17.461682509602923
13.966434377244658	0.03915955361787787	30.45340808118922
-12.130387445470044	21.905085257534743	30.11575539544684
-5.45269734904688	1.369397511745617	15.868061241687336
-0.4142896910212692	-15.012277814168701	29.169732086364704
5.069631597622205	-18.251388917471076	34.78121485140651
-4.9395679712308045	10.424421101714268	3.418647417780104
-5.286305121520787	1.5688190298418367	45.726438139201406
-12.234590279785023	-9.642899331023614	34.835473561771785
-6.712008619413944	-12.951157529852658	26.340411179730477
-16.295781504308206	-5.560970531890023	18.55801780333451
-1.38828948561072	4.424003812615429	36.29755299153588
-5.195030395203652	-14.188393740540752	24.502922002127328
5.38199124386006	2.9681377599285206	11.066803248124238
-10.681287085132356	6.730634658080304	27.752875251252103
-16.812722123819356	-11.476199536165296	31.88654060789892
7.34862833973642	15.772925236742406	37.814378619893574
-11.062245722595023	14.697618784352038	33.75092024043231
-4.696229707470469	-1.5001963003172252	15.654006612372777
-8.276946334195088	-10.89980156142617	30.24269157181719
4.27691354721083	-5.8600524407726775	36.47628054882793
-8.565093966885833	-3.277404817623743	23.572635966762178
6.82812750836023	-5.884272043411465	11.153730192400495
1.818191704376183	5.599076693159548	26.03453838960227
1.576738656464927	2.0502363427875068	32.03062348962561
-9.46421102009299	18.614921750010716	16.69943076471235
6.119168060288916	16.20102538832456	35.63453804538483
3.689409243661481	21.352744179004528	34.32212926974885
10.951480742445261	6.030322314915967	15.516136185469106
-5.992755569445704	13.721278347487331	42.97007891621667
21.609326514953896	-12.923950268278489	23.092869457368387
5.75112372661744	9.019340332403312	12.640561060297264
13.762912615107961	2.772924124885891	22.33909350534249
4.141001796705143	-8.078604327363841	28.051972293223596
-8.243766713297473	-7.2270686771863275	13.570549963691594
9.422323397263828	-23.24626965687553	46.36806766658431
1.6355863114494984	5.250537362675481	24.350193633047084
3.3295956390935744	18.99572211860316	35.82314172696686
12.527167885550234	2.502768456384144	23.98934412812811
1.7792438331795073	-7.668626881008477	15.519330872338328
3.008853979114701	-9.947470267636639	26.593827835747796
-7.9850831363167165	-0.7181013937812666	40.01848109259152
4.02945135354867	-4.594364295704049	22.016241554898652
-5.7670163522806615	-7.916441065631376	40.29717539496201
-4.161289466402022	0.20190872760501619	27.72524331492658
11.924564881699531	0.06745017898581099	15.860666438795395
-3.9564421673546017	8.079423145201902	28.906490862523114
8.403463682110408	-14.492154929222089	22.335457462194487
3.2547032505985647	-1.6124323906715068	15.56793830649485
-1.5446093713687823	3.5347953703703006	30.235486155996522
-17.066443743567362	-0.06515957738824854	17.297814242958363
0.4291210243762932	1.5539394412431498	34.18188906290952
5.770760368061544	-13.105849012011996	18.87871515111914
3.3779113396918032	9.901636010568813	20.60400960539607
17.545380527054423	8.509066934462368	45.75919977643213
-9.736005496665795	0.0750288758543524	45.93646616639076
3.2624048823799265	4.296443874083893	37.51806832065009
-9.339036198679265	4.631079284715179	20.786967888995324
3.2735932801133263	-5.357048224575193	22.92243425136205
-10.44312855224554	-0.7238338225844319	28.225731235680833
27.43240811050843	-7.026599616904044	36.151904648870385
1.7991290165746208	18.8993856332783	27.517203806570144
14.64471153664489	10.638091357209438	28.998666076265682
-5.698958643719164	-15.469835801372884	22.616243813081038
3.9473777661261384	-4.987596219684534	18.412212154648934
9.067882912313264	-1.4616356141257376	6.477234146367053
2.365911458820324	3.704299846181544	7.106585501548395
-2.509489720428752	0.8984903812201693	41.07990584982647
-0.9289677654359556	5.850320149857749	22.158517171111782
14.322484089126233	10.84953524915296	45.82216973654411
-10.608831239599198	-3.803404522982456	21.346467183630956
13.728369483411454	-8.593259883377698	37.10179649957801
-23.21083059951731	19.50901357045831	22.751955539500482
19.887110609250684	-2.529353470104527	13.173689067730098
-4.660690182330706	-14.934589542774063	21.529881070065883
13.415781454935507	7.463383095037894	33.725667029976066
-3.4713723306928204	6.2394422331605	18.46579287395035
3.155714583265933	-4.034271190989474	33.72778074407351
-0.7612449583761406	8.837839356732779	39.0894695591696
-10.318050938247374	10.29986425638464	31.180219690090222
9.049169646645675	-11.177803721564107	11.53620962802366
5.734397917230943	-3.7916540857383985	18.770909518009166
-3.933872622733875	0.08083356430656316	36.608242093624156
5.231642512675644	-11.561481629526533	14.692824257710956
10.212077916762144	6.616304015974931	17.242354240436086
1.0329902193799458	-13.908147502182866	32.77944744006486
-6.8408770120018225	5.707204700061483	40.90622720394903
-3.4678266460976452	2.944377658429975	15.457287787721935
-15.44281435502307	-4.383131288826527	30.21365285477833
5.906196703189314	7.166637634203385	20.672847122324548
-4.970620630955923	-18.692834380506948	23.826427456544614
0.061128569316451976	-4.904478965085531	30.288959171519785
-2.540624146078421	-16.557687094554737	26.429927358494993
0.39551352181611776	4.697978143733536	30.332747563183403
-9.863028609205388	-4.31981832481189	12.940498567064228
-17.640921020184507	-2.773264804470778	26.188962203856278
-3.4848508749004288	-1.1751122951022588	40.17967909988705
-10.101474430299827	-1.5884567925649782	27.215605741902078
-6.781914714282735	-2.162250786243258	21.628624245076956
-3.0958155311593494	5.888842038557563	11.095431744653187
-12.398604849561433	11.853431632505933	19.233585208025044
5.411086787280918	2.7716333972260547	32.736291932443
-9.898014452483634	7.218864004915229	12.327104691922436
-11.260883075255077	3.2026552005433944	14.540371338395389
-0.44011465809531913	1.8856885254865583	43.64614042902196
-13.081104081139742	-14.859825104952407	27.862581480990215
1.5178283995091932	-5.231709174447689	43.634975222368496
-8.31571932966093	-15.349641145819097	30.02375871450821
-13.768215477501043	9.535949127949259	33.00892251691687
-21.42008282560221	-4.24741325636883	24.936463644153218
1.8906999882931181	5.353353993664138	36.07701251678573
-13.894205334114346	-0.6085428969810028	31.06548879077673
-0.42009360806149965	-14.1124262083635	33.45068394429946
14.85627221667033	-19.851233869031628	31.102072296566675
4.479764797197691	-2.0570191916197915	30.344591963626044
-2.548072466928364	-6.614035568529144	21.179263390992485
0.8187467169873286	1.4177703650470377	32.92038257086816
-13.25975139012999	-7.473294300675068	40.374392233139304
-14.262287006002484	7.0892547020157695	15.892928555925895
-13.418818857281353	4.417296810873181	20.571538316359618
-6.069452204418946	6.294307534778783	42.31043511717451
-11.140529080202315	-8.030496979803425	35.81563425293147
5.8898577504044445	7.761769109636859	27.313641424262492
-16.909762637062865	-10.426195175216966	16.45668300579151
-5.612063369769772	-20.123330504933165	28.949893841049153
-2.759695679496103	7.893937426009786	12.132539319648084
1.5482011474863215	-5.215284542061171	20.74290315420445
-8.642506123914455	4.495928519479434	28.802554196050977
-2.1666384199157176	10.70738369547521	34.674774403238956
-7.061308445747895	-0.8734738636876824	13.279974836614228
0.4960457269047219	5.783694849499962	24.24890144757604
4.638598012829119	-8.429357938419802	29.380815879174353
5.14131084853943	15.497694047701538	36.7226694393637
13.079455718442155	0.4892661971139052	32.10693874638741
17.536478966947975	2.302756237969875	29.842545529084184
13.929788509720598	3.994251004029667	7.654247684311571
14.779074994592653	12.908775102363402	21.690990242752704
-22.296126403883495	2.726072414253846	13.233487010301017
-0.9373210486332553	8.63884278135465	24.96324496113586
2.0470640783551737	8.321739326121325	2.254726464486822
11.302414495710488	3.9095641329274895	12.785314161967044
9.023938451488577	3.5253563700515556	20.328402529555994
-5.486523293079242	0.38337482646491916	30.918570079451264
10.487952374016118	-3.234850536504179	27.818199993747765
7.370963341012503	-19.720239104681166	29.412503482673603
6.1281347203464245	-1.1883476119065992	36.92614620953949
10.344167498448215	-17.60063080544522	22.530221849592653
23.743491081023645	-13.884791257427565	26.87719813305263
-9.866079304860536	11.800035901378152	22.671057748214263
4.420529173674038	6.754004156257054	37.70158095971459
-3.034436744703047	6.717198411320586	29.173419945641033
5.144169580065689	1.9350740835277913	20.240511645090415
-11.188888748252502	10.072986953656057	45.319642206130695
-2.7827742968977676	6.532487426840305	39.482305534939385
-8.017351747809492	-1.2590269140423602	33.0292701895564
-18.004462084977952	-1.0791173545547035	33.973071113034564
1.7937512106684015	11.84990236398012	28.340295452770654
-22.115919493070564	13.443833833870455	27.509384042057587
1.8388727700238672	-14.2434517463564	27.43104996103988
-1.5625908347794695	17.915521687317103	22.443161595097962
3.8622213044698315	4.638168555124804	37.78741521745525
0.24397440234454446	-11.971247959896088	48.96024718468215
-5.928645268666712	-2.4228256402163306	43.84558142923771
1.4413141788804258	-18.877241738941443	28.95689767703027
1.2599781981302673	-7.09282526916193	26.135681978709695
12.616701009328878	-0.6176512670121709	31.559976021966452
6.118394145012619	4.8767093081517565	11.793725492274142
-0.6680316163294452	2.8863002756113514	26.921340383662525
-3.1653822575727824	-12.919526633813327	34.96512507800303
-10.320369472332938	-10.512116392577813	17.92293028427753
25.082377992982927	-12.098946397433183	35.531131705613916
6.688948798791006	-6.724569787434631	16.723815015496307
14.602337762077495	6.088890403725915	32.747761234539986
4.888749735207285	6.529178330741682	38.32697907985063
-17.73667150803343	-3.9488426642080787	20.276187114581766
7.432717633647413	7.028583408927123	17.669539786451608
-6.521340889711126	-5.660290405613345	31.368586138346057
5.626801285146765	-13.209074861188085	35.717906071237664
-8.457802866886766	5.806303940558603	41.46582141047797
-6.494712391866394	-16.365449017542343	30.45295279393364
13.9493431355252	0.5448259262395391	27.393825980630574
7.410027531502439	3.567559425974691	20.236085689305717
11.120711699164909	-17.457821600063777	35.322119497591196
4.3392711446866485	-11.056798655545354	33.581974907418974
0.6582074893457325	-8.72507202488791	46.94511009880888
9.866686344083947	-21.80926225547044	10.857559564107163
-3.9682344341239433	-2.6052137177151073	21.185117331791965
-6.727201851725654	-1.0279551488252894	30.605540488526884
15.807882502837323	-1.8546805077772723	16.079798039326874
7.362927383870791	-1.193824535652738	29.324104454127493
4.045183357061926	-6.82744156746206	32.2563278889807
1.507819361488879	-12.10363623314766	44.60391916117837
-3.3635398487762016	13.88133720280393	12.510110242743743
0.20592420864008834	-3.7420221814896824	25.72146706236693
-10.253492113274895	-8.382937720125279	50.03821691373125
4.229358919077865	15.940095296163575	15.951003566037132
-0.3398117527891667	-5.9122674817203915	33.32184516685033
-10.604361732815262	-5.304789620995746	39.894753466085966
1.247601666400544	-24.093182613139223	31.35918133682578
1.3028420474872409	-10.028002182653495	22.833300284377938
-0.08004683644006494	4.76661791455309	27.26351594847334
0.6019688689070537	-12.120429400513956	19.45507066265123
-0.5235416002300883	21.61954223227187	26.817986385897747
8.297452666367	1.665188621843553	32.47958150426445
-7.882831102903487	6.137349722427262	15.116915948108566
-1.1173675702133923	8.731062272948982	30.275038180585902
-20.156551269458866	8.367071253455695	35.715616694925586
28.705293587160373	-5.429086562473441	40.087344187293226
8.91152608172008	7.842686631847191	39.175198149464066
-1.18946613856703	-5.760379958105224	22.620479848530202
-11.815125083150717	-5.344003339686594	46.733313710906415
-15.920989580891314	-2.635530188468944	10.161649376767095
-6.961764465193191	6.141725137864038	20.95231867104863
-6.431382296491891	6.823940438628834	37.510863092217406
0.3363457183005838	-1.6956758801500604	6.059505289731636
-4.259115614240736	0.43851530382329024	26.733799839125858
-2.8689638126726646	6.701015801272056	35.99980074677957
-3.2179438662638042	-6.381908030721491	36.52252246653852
7.524568092703397	-1.9858770368463488	17.27143609169418
-4.147328528819331	-0.3471980492800913	26.623923726520978
-3.0103092548798567	5.889197023138088	14.586787859677303
-3.5941238782685114	-5.568552150990386	23.470791298105766
5.941052471478397	-15.030548854814976	34.358396836244815
-10.920560742112968	-19.246670561244336	60.48699770204405
-2.456805625707185	12.487564980813666	34.04413488087335
1.6872169028599928	0.477841534232113	43.960160610333844
-3.637637735684929	-5.108088570253226	19.642182630605753
0.27657298261165614	-5.008205140267959	31.407532633985355
17.27373693476675	-11.988074492363417	23.345782343970974
-3.8438207792516135	-3.7057571568733962	34.34585820081457
13.401839962832156	-4.864258786151737	26.684544147227143
-2.4045830944984874	-12.80229431841758	30.522860406696065
0.6805898065870498	11.648317924020393	21.17113644725648
-0.6378766372652496	-3.894780601012378	29.09026281751359
1.211132664356792	12.388801171402019	24.596115234805353
6.823851346718208	-15.209260745419327	28.8819472025438
-6.185039139769881	12.040633019502465	47.16941970313326
-1.7281979446970315	11.303706042283165	39.247504967297566
-2.509469550699224	10.520583371073313	20.41711645876738
15.104450059024156	-8.676088116626627	31.22428254580032
-11.845513513744116	-18.569901541452353	31.35646607462512
-5.736062578201858	-7.779452152398541	26.37648631861694
-3.901981426879269	5.738459044977565	27.876547598288607
-16.801705724756914	-2.988482041301185	32.76937041084927
-4.7670660635436874	4.975343306958082	13.90517128901052
-1.0902988515189536	-21.483675644939105	19.641750453312874
-10.644063059988655	8.126997370212587	16.577076504286634
-15.181251205017643	1.8367787583483426	34.00312950783687
2.1986191203148735	6.393098499767694	44.386758578597686
-8.396815270744888	3.761326626324881	20.134120454873873
1.6312921193820749	8.705322657875222	11.33143212710618
-2.423969208467694	-12.01644938437604	30.83724464490466
16.702364944243385	19.6406755385497	25.37822078858173
7.323236238842378	5.893626429692898	32.58846797575298
9.486278831656264	-7.185728206186308	40.47476405392443
0.7691885560253116	-3.6532615064008085	11.750217844510818
-3.8829643153029085	3.6401188932019912	34.841160858882304
2.451304494523505	9.133497690548216	31.943663673747185
5.628074843255001	6.129599990878325	18.930074429794804
-2.589682589192561	7.741207183496858	27.744447964237555
0.3811207948727671	1.5296732205914108	20.33454959210481
22.19222538207408	-5.661833578145278	20.163676288884787
-3.9114316625848806	-5.371469526192849	44.445131035922174
-11.097303737360596	-1.1450570284647648	27.893340307217596
-4.942868039088579	-13.28171999783142	23.198665865890092
-2.5174501711191573	-3.3725855572829246	41.382203241012
4.16313054803586	3.0669452139843374	21.15319125787516
-3.0680310123956422	-0.8538935274937074	39.10581535591646
-10.576807743289123	8.474166454866573	26.757881173962183
17.807621876376306	-6.126818185541724	29.903605472252707
8.095838970940207	25.935208157114957	41.63104190343539
-11.5387711597573	5.8990516873284315	20.10437211088881
-7.138346368421946	-14.65775935387205	14.978632281858753
-1.036721748396432	14.217056199976492	10.589306950006097
-6.812212128742616	-22.998021061405396	17.294888780574638
3.8444493065372622	2.7187889794946214	22.621836094572096
9.388398510718174	-11.437823282632866	47.62121979654997
-10.032789929039392	5.375847844249368	11.91154785552476
-1.264708105710164	13.314206991210707	34.9735384692551
-3.570214372984015	-18.654051764385432	22.44723111930586
13.625295815481564	-5.664528780338545	36.87989293284781
-4.12135049221423	-15.932021000730074	25.727800583774354
2.4868668383079946	6.975030220237971	11.208884458298257
7.553265827543102	10.79279289937855	36.609539858734365
-3.969606615541927	0.6838819358919126	28.451761377328186
-1.5662683558466506	-0.7035725511980482	19.66057745961374
-3.325898739562944	-2.2892751817072265	25.164554079055996
15.39238308614987	-6.7819670012915605	17.723546172971112
3.0619919002605367	7.036552590015224	20.67890295117184
9.660690566264728	-2.2996396927175384	37.41342088435202
3.1799423091888213	-4.373225150491062	31.609081471676333
-0.580794854027351	5.7771761873284175	20.265223188052854
-0.501112208744368	-3.671836865198157	31.557747191556352
-16.02892055059819	9.00869901673653	36.66337037091953
21.346473232565096	3.3791945759832682	43.6776153740213
-8.273131309011283	2.2739531798430854	37.3453421528924
6.884003181112166	-2.4278518931924866	36.43916621793911
-13.683900099880562	2.306871732971425	28.98921667097905
-4.367414574926899	10.014497310998271	26.62297797469351
-5.584378601294699	-17.2611162671441	23.319075660364096
-21.898534011913892	-0.5181693274525644	20.813867720782174
27.29253323190768	1.739821544165832	39.144881151637286
8.338435652466824	-2.530654956854269	38.19544127224957
0.7293226913549209	-21.172018499472674	30.344983160039813
3.0024481451345575	-5.301370939461629	13.552673341467687
9.406560131152812	0.302088518595556	25.190494803236888
2.922891076914804	-9.088448626150337	24.397127008989948
20.514834050602786	26.89392847659191	14.723716325669066
8.225144089529362	-0.10499519088760717	18.53857006063422
-0.6005983326767015	-3.4788959037803746	25.37645316731485
15.025392223348328	-6.433120243666467	16.196728756900953
-0.6710562937040356	3.660649093452907	11.163402612692817
21.114547918325165	-17.336749025790724	28.111254475988694
-27.107441808081912	-6.908543412404437	32.21742619016978
-12.578180020606045	9.116999941795028	25.29755165471056
-0.8319520096100298	-9.516169235963002	18.514058058942908
-15.224320483850908	10.134974585446006	17.788016080543148
-6.70343416523504	8.735074239604755	40.014039253286526
-9.760548120114638	10.690268103891633	10.573714079232413
4.308928282628131	6.250828931862497	19.015956244546686
17.65039894061897	-12.38708069768234	24.69773898526357
-3.237733258092876	3.224258057267661	35.58432194315624
19.160725122570174	6.297193376288668	25.38648290412089
-9.782864173816419	-1.0822329858192827	41.025466320733756
18.25898409547984	-4.042111631518578	52.150866373985195
-4.953447045783865	-5.969667083546273	35.16961382937966
3.86316799075796	2.8490685026968654	36.47000632509003
-2.0994826416747863	11.853912108767553	32.624456713698194
6.93356865371485	-15.296801018939846	17.57363369946045
8.147737134683464	-7.0705952401161865	27.598384134189086
-6.711530047850324	-3.977526029401113	26.519205272972506
6.59354198019543	1.903117899815646	31.884574421545075
10.63811603595687	-21.221857926647566	34.11686212487045
6.879971391445702	-1.3541415660471126	31.398031111265958
11.657813850392177	9.107793487521509	28.585761390559853
6.546088712149611	9.613683019969173	21.00893045855426
8.368646526903389	-3.8710901351571936	48.432603386393545
12.755142794044227	7.887793367160249	3.3660715062052162
0.0194140797483905	-5.814294290113694	15.325515106489233
7.154975135007776	-11.62267300079593	17.814708443050307
-21.20256012487712	14.612614452775059	50.96704896003668
-7.131224058038478	3.4910532202194577	27.98958522134361
-13.87381125844181	5.58451357221416	27.451700932701993
-2.205898122532374	3.3912285447612196	30.662923194414866
-3.3442709187411443	6.445608851177639	16.979111877555802
-2.5288436218605974	-13.242885825916533	39.3085003268872
-4.602627288096045	-8.554420567769622	42.51147014455535
-2.446936880040939	3.4857176315384186	39.25556280454897
-7.188547034133478	4.559816839778178	16.66666930326965
0.6305410616752737	8.040222579520384	28.6503916669171
16.023503474646173	5.472174136400252	41.96708726754048
10.96112855887194	15.797050490797462	8.02249614109973
-0.5734168706003131	10.367635783463339	28.86879846720606
10.803888504886896	1.39239563678432	34.42017502060751
11.31743407379205	-13.189068895485326	50.8019286117148
17.28650333357206	-2.839188538825324	25.550400210479175
-1.4878754193488049	3.3738310447926096	22.603653481063866
-2.854498784790855	11.341055561414429	27.364070363288512
7.472424607612664	4.845052179283492	33.271115932210314
-6.577951488285942	0.2015009577766633	35.80806313508441
-0.8091745019995744	-5.177576171372533	19.59227900191864
-0.7620788559451858	-5.354405510090466	38.12728250337692
-2.3676258262296885	2.981413041398518	24.807913260237754
-4.549191547036379	8.157853005094122	22.378965709739017
11.14741175190779	5.293326869086994	43.386741398475536
-14.170945606290248	1.561624114566065	30.05909603456373
-2.2399045645736804	-2.9942014014385343	28.638915596161457
-12.27296503322326	2.349127739673613	21.24188377532115
7.099942105957434	2.620373470544962	20.51997578430782
-5.661920057654825	-0.7267119935092808	11.03643184977797
-13.324565273398877	2.1226743869965654	32.37391759562794
-13.815224026430943	11.885671278919128	39.87350924938159
3.0473575967994733	12.494388516342363	16.093303371297647
7.174715587078671	-20.15773466400946	24.15261853940055
-14.637249966537913	17.836707993811103	34.104566885536734
-5.072476613228719	-9.266370859929257	18.579313470633817
1.2274682234284	-1.5736542259558897	34.24442465724991
13.664286230019103	6.307641760995486	36.43239543331605
-18.976056494466405	-16.84730259825664	34.414125771859815
-1.1534534385196695	-4.441421503340533	49.831145750749855
-14.710721413612545	0.6230471141790634	36.50743200273507
6.214920311291946	17.184137641414075	15.380862606466817
-12.985656269051038	-13.951837717761983	48.910607512762155
12.307895338777683	-7.257941898798394	32.40938748130579
-11.117447467864823	-0.8804170476272778	39.28073461822467
7.613065763179985	-4.328402207291754	24.976564049650577
2.67798124906069	2.111349957052432	34.21500894966583
0.2423195143315912	-11.822120255040073	29.575191326056654
-3.494744329155053	-6.925018372904816	26.876629577051467
10.005341361096388	-12.844331757181969	22.662067872290518
-13.612975604636073	5.505536689714488	34.32982264744133
-12.465586534723855	-8.041608992521855	28.68769696112242
1.8483437936182054	-7.846418024319385	45.597380336601375
5.642239876904851	-2.2352080173468094	17.036553663412604
9.475781745754388	-14.470879440360582	48.78385471513432
11.837822339638052	8.598822888291908	37.06681460937809
2.207995642208694	8.730203937221138	42.468578806959215
3.078454686424974	3.4145366900070613	10.066738881924355
-3.603248034948667	-6.072232320594154	24.0011539351721
-25.544243702033448	12.234696022929512	33.40867959621982
-3.3282484428896	-3.715505695445028	27.290505272115915
1.7886973915091882	7.947371890112549	33.685973101164784
4.329018009247249	0.8781612998125116	28.705119560210818
18.921437977925727	1.8331617732274035	27.11015791923157
-4.086726859449433	9.206323797650859	36.64091897274545
7.724182027628971	-19.825719751732173	25.67490369608309
-7.254252701351623	-18.29221682852847	28.00226219316247
-3.6125829120012174	-5.873849028492113	11.56464858748079
-11.39710664887624	8.865395988267235	26.058714184002916
-5.650502932391298	8.641790151467534	15.65109848955115
-5.2131313447223295	11.777107781707128	21.710092505010692
8.649463943453542	8.900358118194678	21.19987471585963
-2.6552489335954284	18.41952820193661	19.92505362751762
-7.651527363724329	-15.305466117012465	23.557382462536246
-17.507177443407812	6.7535843202732915	20.0910168451489
-14.657409888017764	1.2429005790143222	28.830712099553722
-15.735715142775643	14.63813923849746	25.127224306563598
3.090338671829049	3.1021725645589893	29.305772139065322
4.803692132395013	12.426935113137294	30.884392153096904
-11.982350992495423	11.012137157759486	37.473104853435835
14.134853532698632	1.2328475881343814	31.718038290636006
8.78571354086138	-4.199162163047254	29.979037114079798
0.761388641454066	3.503550658307643	24.226916331043693
5.968191233540389	7.879755211490691	21.452107673114163
6.438223967636985	-3.392623754744444	28.522091065358797
-9.835743788881203	12.507346132122505	18.29421370037978
-19.03701032250901	-3.1715702892630664	37.56342211303915
6.584817036508315	13.020262422695959	12.20435073947316
6.830020958549571	-6.624104852759579	18.61658848511187
-11.286191244036434	20.03466227154179	13.441228308513002
-5.014722650707563	3.878483644059835	32.79478242514426
11.414047910369229	0.6429616771673029	15.84641046467673
-6.727327879056163	-18.498435665183813	38.18255179850783
-1.3342988902145456	13.145168599558048	51.633854324377054
-0.6261785995412124	-5.7820669208036035	31.489133706613224
-7.013243969231616	-5.3338355018406824	15.536223391053618
-9.415092344069995	4.321353585544654	46.31318098102467
-0.32947616188102014	-4.121972450093741	13.097177317345693
-2.663136067375373	-6.383275305016155	20.67531020801198
-2.6337065006143905	-7.16210249720389	35.11708732474573
7.001976087402074	-9.391913571138888	23.18184923970283
-5.798823688154952	-10.658229562683026	18.0610984685407
-9.302039370241257	3.500194203249076	15.03383753310058
-5.966847995700789	7.2438926237024726	42.743322944637846
10.444129845751638	1.3414894510743376	60.33378080754916
-14.954539414367098	-2.4721154721792846	38.911571394467316
9.092282220405634	10.685654218025508	31.44718426017805
-4.825066207981804	-3.3306528840089245	16.849925116192594
-17.779228729349402	16.233642404891	28.943350369582475
5.578967734736175	2.8018167043935174	15.89462130416177
-5.496113688005886	-4.277561878819759	29.174942977121166
-16.79858603156291	26.08499607427031	25.5050757915436
-5.292612378654253	-0.9050381038555686	34.338678569225166
-2.202920301362827	-0.2920619848558831	19.41309466765796
-9.850536560978949	-10.6146084208664	16.059251485988668
-1.4753147323150997	7.559760379619487	17.86063490772426
1.8620994134398936	11.251749826788867	33.128486230253415
-0.48580852185195195	-14.03926577851063	19.465957489903968
0.282852717911467	1.0164630687829528	12.172440940572901
8.560721297694192	-22.03722492138261	35.37868215107688
14.921012118947711	24.619183443512046	6.038206251568528
0.7282043740353603	-9.457316731113062	21.278226883440933
14.437206026482635	3.3026136785594513	26.629531283996762
-9.952735075664153	-6.673567385677338	22.16053341298479
4.356341358138007	7.133259888759934	12.444976953785824
-8.639207199315646	-1.4619444485529034	35.88857098691915
3.098973221102119	7.607003222937855	18.76547659203782
-10.590876543011408	7.650207839935331	34.78875502968413
3.9174373048400613	-13.600376630570668	33.03430908118549
-5.726293298537277	-14.348533256109082	26.0761220800196
-20.120552608069207	-0.9538716244167077	44.51426993620472
-9.348410958490224	-12.512290444207178	15.58676119228516
-19.20779270295331	2.165718143334756	20.79608489793624
9.576171659802151	-15.232353613734164	35.602253948849466
-1.208893982855215	-2.133771496147055	46.088221325342026
-3.8680475973602353	-1.1944052820214908	25.99515019702757
-2.7089617743876215	1.2550747212329343	33.44798709266662
8.099367371594118	-8.648540205932656	30.955192184595465
-5.368710252618303	-3.8110968060555988	39.251799536833396
0.6509105341410337	-0.6840140139891955	19.161424763411905
8.010412021876737	-2.2033846551056753	11.441979270225932
4.020805556803875	-6.10944262198263	16.18933694025761
-16.6562837909948	-10.657428062931341	45.15522966136243
-16.41508671211624	-6.359222308346267	41.11005038290416
-2.6094997747693807	-19.21662815953338	29.545955602328455
1.8851459583430688	0.27291199313793646	35.83782094517269
18.622773487600483	-17.589116617892874	20.20009431497717
8.38331541237366	-5.810303161982803	34.252279557848524
26.105413365399983	6.477136182884928	22.629022228143633
-7.891706794000035	13.342456203973224	37.527239606824445
-2.5266446807011262	9.185538826751579	51.30447395799884
-7.826114753898751	-19.736471330058784	26.94655663512945
14.783924895191852	17.878532263568324	35.46335454608941
-8.185585159455428	-0.4421085342098898	20.05060558654173
12.420551571032592	2.3168160327308938	23.405051296218474
20.279156464663856	2.1545519622821545	29.832219411419338
2.2501308138800242	18.60233783521005	26.429688738534047
-8.387286753244679	5.5210803377708375	31.984723129139457
-1.7869144911316595	1.8438534204417047	49.807626748908426
12.60942392433434	24.26371646852501	13.952773356418515
20.32843764897906	-4.378339059171276	35.80718146548769
-0.3744195730703228	-4.277471007563161	42.337595097739865
-3.6284344991949724	-19.347864270817674	20.549293829708976
1.5422260588777927	2.6474402921886355	39.581571725789715
-3.162942698396953	-11.727521449734166	48.33693742025645
-10.33798737426029	-15.306826368289752	34.312671184606906
8.080927273004141	-1.9135683489763644	25.70469855173264
4.179560793089243	-2.1350389810464487	13.113498726832246
0.2643926184433946	6.591458119578768	46.6646090337305
-3.456050897368696	7.23338717147426	24.98439044475508
-0.4942225192389487	16.437109636355064	22.63029625082881
8.832487454269009	-10.42228300094608	30.757054122862208
-20.433693154352667	-2.4730506779245993	23.773540226349358
-8.47891396059882	12.54206243123781	36.142194580752154
-1.6934699787123706	-20.131891532920804	43.058641177428335
12.426565343356293	0.37259394081198094	35.13880956287522
0.9694795566003513	2.4000680988754057	43.90610202809265
-2.420427389093585	-2.4242618421685327	25.417123862917375
12.166536536088513	-14.970396016025882	11.494905605795104
8.294240760808334	-5.044743077093275	52.35949437188414
8.82362300793567	9.325875162442019	21.05269310610175
2.8303834755727215	-3.456121600071145	20.805433238354453
9.258014299452848	-6.574678112487345	33.18354013667223
7.911801724189241	15.34825690533059	31.227769366556206
18.305946338777215	4.241008712431881	37.91548231874203
-5.582784233555963	5.854179655337753	19.355764975176367
10.618840274776831	-5.036252319457409	39.8594236721373
7.927510043949688	6.9976036224489855	40.37763427820215
-5.367740950583373	5.752783205085219	15.61946295704865
-7.688027262079102	-2.382269644478553	27.670627649443603
8.135609780332274	4.689167606942445	24.288582175410163
13.351701427506246	1.5928256330734893	28.73673556995483
3.1013414624365017	-5.649665019997831	42.79962869475867
-17.897346456269332	-0.9185556394578697	35.99461025401068
3.8379633483167326	6.207811439764202	28.137450487359676
-15.407954378662618	3.1955477242086596	37.35607663924829
3.430147456234647	-12.164731788153224	29.791503342470936
18.790382074013678	10.012335621743214	32.16923528230263
-3.4076609455357327	-4.558824998675842	19.735276018558075
10.557158040469503	4.10110540780694	25.31670916216318
4.568573710283088	-15.226113012901749	13.886560631792861
-11.355312989776735	-2.26158935172241	35.226469536665995
-8.092820216533102	5.477161418064482	30.957842034735858
-17.43069972929932	2.4275656670315677	27.789097849187485
13.897322877385083	-23.901383161801625	14.694987109832887
2.981281683291826	-1.75102381337502	36.62966660253854
3.614608690630707	-13.578477932612046	33.13304712581484
-7.037511700592212	-8.388345896869986	27.829023659981026
-13.57471488316591	-4.1123662512534045	4.29046198471622
6.159489430968144	-10.62696758512837	3.2939560514193147
2.9527957376973513	8.069107357351989	38.3078424346983
-1.7161817767916947	10.195921048827195	62.20155854860399
1.2865474496718063	6.231498070517272	26.67346927228209
-13.592422667217045	2.8802953013169352	28.75026396960165
5.021396375448405	16.344993045159498	22.490563832586
0.32089075370799136	3.8108196699319814	26.655315350985042
-3.606672622161007	5.318254501046301	18.31368057650384
22.091845387261596	4.767527532749142	26.488291199196638
-8.312574462687078	-9.725729815920737	7.095078228808006
-15.472619902083808	-4.37812953007848	50.90749638457255
-21.79180105713165	-8.347264959998302	37.169894566768356
-7.594185077151105	-3.954779121039934	32.88129447114573
-9.490383024605832	-4.559678375758896	19.700915075660138
8.14887590090118	8.277565825533237	29.234864472209658
0.381006717797018	12.497081098902186	30.84997343132574
10.170016213200038	2.694613461095404	12.084846478640703
13.630257501528533	-17.093564069810324	37.8070040763796
9.149582308099966	19.06743094438826	25.850586034604685
-7.084950169529299	-8.459509164856843	23.989602737476282
4.974392640894282	11.69400294349899	22.4420766323409
-3.646720551874119	-0.551401591029266	24.87904328508894
4.002219582023682	7.61038975424561	35.829129301106306
-8.800190334016595	-4.213800575366681	37.98615543813867
1.2808922178693072	10.04607238501612	24.13386917239904
3.1288272416734437	-9.303387972090103	32.03755494982275
-4.09775152027355	-12.478672803977691	12.36127952668718
-12.85724523277598	-7.115245642711686	24.87313914606849
-10.767736964653702	0.24877940574151108	29.255909329277202
-13.254689312771458	-1.3647530492314046	17.936145151496014
0.5642364515762435	17.15987967395468	23.837158510194357
-9.649325653789877	13.377978147797867	33.96573460919957
10.109484257127178	-7.143587568917562	20.445283404880236
6.941248282980071	-13.971570017797742	29.796752904926418
1.2248182901883213	-15.62801594082855	32.19288482690865
10.68437225860307	-5.189954252373864	21.080972333758684
-3.8856731180021846	-7.081218359069838	33.667909539215565
-4.889953153767442	-3.464844986694108	36.58677358679871
13.72959387056029	-19.313081760156606	33.11324199093449
-8.561223553744568	-7.594993463942319	33.52165730673378
-0.5880549820660019	-10.192803185321244	29.46725310896278
15.633289877305769	18.27331363523115	-2.357726159387262
1.4997034659277098	0.12104375343498303	31.2218096945346
-8.71787214801055	9.266794605258655	23.125513665796333
-0.9698925603444647	18.273362216838013	13.772094186626353
19.828027132079335	0.16821507682637651	13.929796948838408
6.4010846026860255	15.852927297374686	28.031315312953414
-4.031196441026171	2.567146685291206	14.689750536210342
0.35399588237901103	-1.73766897641645	14.440987035958209
6.073535545476638	-6.275005986816229	-4.343838445149885
13.385628040954433	-1.7709709161636158	28.609493408659795
16.436548538270838	4.147393125690821	31.268671976195876
9.46086181749537	8.72157031447464	27.019157632783717
-7.018045350479005	7.49761773158381	27.753980717269904
12.142193537125149	-21.616180837491438	20.02399677089526
-2.26703355315529	2.6836713420170266	21.671989719035892
17.865677938751887	9.547741272399758	33.599410837565046
-15.180701935564914	9.385172754489963	25.38406000772362
-0.024796216653590452	14.540459214114952	19.89282862423652
4.789051203345893	15.430430821011727	28.089699975392204
6.747533604166974	8.754057827790433	38.961681475866776
-2.932002192880651	-6.4384416714357515	33.68132914655135
-5.003731062813595	-7.503316543425952	19.591578525367012
-21.810270806464807	5.302205688496127	17.69934052396266
-0.08830906094944097	3.7969302021796913	47.93809696332738
-5.170711481707828	0.3902057659328704	41.06892312507125
2.9651111960288596	2.971904311738137	32.69943501103792
14.491820319048845	-3.494581424254087	39.051217541369034
-6.494220109486168	-8.093540630813049	19.089579510051905
16.401377606084658	-1.75465167102567	22.55705354035272
7.2249162967720535	-2.5972262437048803	24.87436067449365
-2.7044001656386674	3.775393368741887	35.48842798083335
6.320695318664563	-18.694319791349393	40.162608541075855
-9.129421304308638	0.14825870235281755	45.522884781337524
8.9382718381434	-2.621185866796683	31.622816135756484
-0.7906068328941216	6.493310667819614	30.910824683706267
-10.857117984802535	-1.308691462039666	19.99164102373213
10.210140790476581	-20.90334502820535	24.15403078450351
3.8551409268561887	31.37846023507167	19.20625652801357
3.941507880483901	10.647449691904727	30.858421522299288
1.2326563223953038	-11.265007127498512	36.63670548233809
6.799171170987513	-3.4445885045356377	37.399677149453105
-2.095847454930821	2.2581042313605533	17.321771106966747
7.898512466057914	-1.8855231073885457	26.659572080815256
-3.8720594471076213	17.376346100818342	30.539540331755305
3.827918898679894	-15.836307165693258	35.11500286324432
-14.690137395306621	-1.881413258168871	38.80345344868206
5.736073552430331	16.70710855508286	45.36334417134833
-23.464105351727618	2.370705370403746	22.191436862291777
7.340727939233859	-8.434802314273746	28.898980277804615
8.790099628843361	-0.670638475321636	34.56291823729963
-3.8901367146117938	10.031034756255515	24.73824709108193
-15.906081561682123	-9.62373552514701	35.53445291336919
-8.937468784037929	12.953308597364535	30.221608523622354
7.003749028694951	-11.731897515156717	46.72001221609192
-12.284605790772359	21.2846205487944	14.773254547096048
-16.67796943864979	2.7357330811936653	24.342988477310087
0.7978125291209669	5.244080700581901	33.60079879284376
2.584590887140216	-5.674859790901083	44.32630315538569
-8.871773707183356	16.559432536241754	21.925277995571864
-17.5970448790023	6.109262501954077	46.97564126316988
-0.2668474437695987	13.282023744897584	43.560018878108565
-2.654827875874708	-9.803785795671356	28.16616219265101
-16.11648125104403	-10.51040616781936	23.01249157162066
6.23833189637233	-15.666158427140767	41.61492290673037
19.96772777709722	-8.77704460799339	32.74984303450374
-6.180025098879691	7.472750666861595	31.200472488535098
-4.788660608092179	6.529582571678336	7.7571415893290165
-0.9680803021341462	-8.480267787976526	22.950928182843363
-10.061781042705187	13.806798645405362	46.437859545700135
-17.666513705059526	15.110494552253204	32.18110147089567
-10.767748651013962	1.6905269393012965	33.033565565312045
-3.8103425953196113	0.7705818625023876	32.88878495671335
-8.249541638018622	9.344033376667506	15.909285363367573
6.771426272146861	-12.834036731862886	42.62066780246708
3.2156753060373506	-4.4307992376158705	5.6443283199371805
5.857026801678995	-12.069199730393471	7.509425089517013
10.300088634834896	10.381022789161998	31.457909486717295
4.775441960862649	-7.127955317815684	25.439430657258328
10.809768735705902	2.5948235289317108	22.49478523375909
3.3490539348662596	10.754208037022153	49.14023170276774
-12.278218296182175	3.5978614441538164	25.63800507853738
-3.997335818777392	8.61476235822176	23.979010309661838
-15.094561445393941	-9.607214646505506	23.96532155923215
5.726145841777449	-7.327651116667035	19.379419773316343
-1.5084150056711532	0.5785683358325342	38.32254255489259
-10.86213309086473	0.02190600257422312	24.75685494174735
1.4636910602723494	6.246190739253237	4.794677520596505
10.430190907234797	7.526071913377398	36.152840954732035
7.1613927351828135	-4.74779604423062	32.01665913066379
-0.11216260900597197	3.758170450766159	28.396334477158234
3.1053334629364997	-2.0910233317138336	37.40041936904854
-5.361274122751709	0.6398241685971422	41.51168247257136
-14.89077409160193	-6.748680825153343	29.32167502365844
0.5264441627483541	-3.0232151932957487	24.842760466502202
3.3772378585698197	-16.40700432731194	36.207660163327745
-5.191628487915613	-1.5843634189936537	23.803217274989063
1.1263934841058658	-10.942051320132325	20.20920839793866
-3.0351302736974732	-7.70868968278879	24.2228751759848
-3.967792317244301	0.38766342371302165	42.89733349215658
12.415934000478767	-8.543684103047509	3.999312186801504
9.068873325819206	-9.315835349150511	31.650264362504238
11.116987225369538	10.741722688401644	35.05421089387042
-7.3633522718431355	-13.40128055402034	45.49348354808379
-21.32871897264129	-6.604026985068636	37.575587982884244
-1.1607513989279796	5.4175801071730145	32.634291281504204
5.581892269711368	5.915086405753879	37.997700020910635
6.0715099889265005	10.570487699571087	26.337391183054915
-0.7626945145305074	-4.679491681101869	14.821873264914995
4.192509675760413	9.273521759090734	30.414770243369485
11.781894948341714	-4.682294852683651	42.602941668965045
-0.2668261706326591	-4.704275389766868	27.001883521177994
17.246775781252342	20.601867480465025	36.64777646207273
6.897176833456119	-23.681600095309378	56.95377656511679
-0.28873682514984295	-4.551620618413367	23.672341570650982
-23.59774961471597	10.200058906598287	22.03070468263692
-17.645191156368067	-3.600997234623181	15.389339953066829
-9.03266124301554	-0.7220424340714036	24.322980430766883
4.015674411511518	11.112307898002411	27.092239176077417
17.178177897098514	-3.906048052342877	14.139535098505156
-3.7240048795850567	4.926032206492929	23.249485048926374
-14.852284134667341	2.580337106928771	15.772350763007875
-1.0459103615817984	-7.673570426078653	23.74212769936062
13.092619919591835	3.0204513268817696	18.783812631750436
-4.873770443549129	-14.880162675346881	18.924919437959733
1.9934702223101928	6.424505704148363	16.31230031102436
9.194655473172622	0.3217758003178973	25.218727950212905
3.1424446026082924	-14.37848161618543	21.517304742216478
-5.314459986611274	9.475024502112147	18.457655131218193
-9.400513666648187	2.6137510871555487	33.1842404614854
15.946297120751565	2.0874476770334187	17.217454758447833
-7.806292047717919	-9.568557089629	28.03721579712159
7.995530736646936	15.35465064821861	27.58038417258255
-6.690923403921549	9.147601613986449	21.087564989575604
9.883908566547289	8.477724914561874	27.79407928368012
-10.279436909052952	-19.91179949299947	39.37218612078918
-13.600170192955165	10.294213553022345	42.61471047659383
-0.9830312451227334	-0.3330984352404681	46.15664639555743
-2.048928472116929	-5.70864975121003	26.079676998978425
8.728629253352592	19.993462198769222	35.78037302576538
-3.683191023632606	1.5869673630012116	41.832778206647255
-13.236952560109303	5.52522806654725	14.755079662632555
3.666004910831155	-1.3950013597868298	19.815844370143907
-3.512961685805024	-6.266659100367682	34.882019783192945
-11.006484248966332	-2.943414682912518	32.1479659993491
-3.8601756743858875	-5.297356386332538	44.803091001597906
-8.848191965955	-8.853176689654441	19.09837938933717
12.42817053739224	5.181758148436647	31.342214735601985
7.844321640474707	-10.930639183938094	19.635736768770382
1.424420406916509	-3.0698199287981836	14.080992472594232
-2.5820065823645395	-2.515301259170841	31.359343606316987
-16.744825416569128	-7.26676431752861	30.558972574584597
-17.067515468831587	5.79459183678916	26.632213112738484
17.000690462693655	-5.570100930887718	23.90195020228765
-4.826917061609002	16.804711965607193	23.62407864903672
9.195075254740019	16.167035071943342	26.205583870235746
11.328586316005978	11.917788481181661	26.761440577757092
-4.034015860067209	-2.677635912408531	20.53744423683871
0.3805380169963177	16.305679083874224	34.58437357851503
6.349386124716716	5.481197180367135	42.86657325633802
9.554716003206474	9.035949909664886	29.294147287820902
-11.725940548129216	21.030815507547224	33.590353067524084
10.785022041869905	-17.096913339752057	39.63714088334341
7.705846063498107	-1.373665322621935	29.180244834312198
16.037860510853413	-7.54646475547357	26.130555013250042
-1.697832078469873	0.8357559969445183	38.4027685008723
-4.075348163980575	4.6208810890489	14.604928049573024
11.257549317545628	1.0159111853794653	29.954463271037643
-4.118794874198717	-1.5889270103525863	18.881150053553338
4.3097889583437325	4.168295457565122	29.52092557096934
5.454603314192062	-12.382304764993957	26.639318693146368
2.2171957768046715	-8.910469323379363	16.212794165635273
-7.316719554727618	5.220114814574747	58.14661526375572
5.78729815007947	-1.5907374582248055	22.147698788942122
-4.840821383047626	0.28116879575573506	22.691598955574495
-10.202187965747939	-3.0497961965062577	32.354834728519
-1.0618774658368308	-5.824136983981418	24.359828404801892
-10.568214965869698	-4.037190272513965	17.683340086152192
6.731326820041361	-11.579777514748224	36.482016777083174
-22.447899002478643	-3.8860641766108577	26.767373119109077
0.5828540777807738	4.546542684601185	35.97619218945
8.746741823594798	4.318001241956109	25.137535341603577
-4.956994302068373	-3.155986063210996	30.266872838926226
-0.09685349031470719	-8.003194105265734	26.868170220408082
17.7823556205579	22.156484519330995	28.38213746478441
9.132172733390593	8.133920965043925	14.366792700841565
6.260133206843727	21.8146654098858	28.03254494447041
6.5716029302059304	4.352179254830687	30.888924437402334
6.972074541058449	13.717895998967789	20.952388857504193
20.978776062322805	-21.144072847623935	45.84429301661723
11.270169310110674	-12.60334290517112	36.094415439894256
5.880966250595	-9.266509990863085	25.240097826842163
1.0973365584529349	-8.143948861417329	31.05071780995156
-2.5495957521954056	9.830227638758181	-4.436578033455007
-3.9880051127929312	6.502871736573178	31.994555388511788
-6.31821581430969	-1.999808456191775	21.657020647172754
11.356200716386269	-4.3832039747975955	41.74680999996183
9.470921208262393	0.95894586144115	24.483657250048605
-2.4907061256413283	-4.230607654182594	28.584881002396298
-4.902270705948158	-9.4230167067712	17.014954506919008
-9.631414840575324	-8.59977922294492	19.125093396346482
-3.873922503196115	-7.3771037947626015	26.985541124493277
6.44521504683551	14.018941796135781	32.64453517195158
7.914091762742381	23.275416789446957	23.768458907515512
-8.162151107223712	-8.693410002876163	45.663745374378436
-8.852151507242219	10.29405507179634	16.451583375726457
13.205488638690175	-4.59285512360616	32.79729297920832
-1.953464344236335	18.462685710929573	34.994213599825855
4.4681267019810385	12.052457231587919	42.07473604988711
6.2650309740373045	-5.774706429353729	36.752121544365146
12.382335489127493	-15.383308993697064	21.08375855628679
6.1896009677298895	6.099635287430377	17.323782554348856
-1.9649128992083575	1.2763952266236651	33.003215819361756
1.3928388059416654	-7.929325920460442	18.154863558849172
1.694433656198576	-0.7658265456208913	23.36244234364775
-4.258571967453824	7.093183417701411	31.741559821505877
4.80734925117553	8.067198765935824	23.460769878797528
-11.234304770988764	-9.346403489848887	47.49020845220235
-15.161135049261745	7.137673299022288	6.302207913961652
-0.8241942700559712	15.100774399052215	19.58833010247144
4.340115246744008	-21.8446358858305	29.88305087748539
-3.9225575456820643	1.7410900972948609	12.813105421095793
6.011282756360586	10.782721033724878	45.53385912673642
-9.222739119900227	2.8791984926279177	19.69753406115327
-2.0394148396401937	12.372714328473311	26.119689485281732
-10.356688609966307	7.1349403180254924	24.82356039004166
-7.287294263155665	9.896709300965679	29.600564589870473
3.652646786394266	11.51720085853617	41.21690796952808
-1.5241952384634818	-17.829564061677065	21.69391502746112
-5.347713615868833	3.8847777603390563	20.0489735063922
-3.0609163499449794	-5.838315177718666	29.992170592383374
-5.231903609065256	13.300747411895646	21.39100547719822
-5.7150411438562685	-16.508349792323855	34.669223120852564
3.1250568663109086	3.6265457925966333	26.85851176641117
5.874144511924167	9.13260308592283	41.44770188097887
19.227253958137734	-6.911886626096494	18.518418259479777
-10.644713594130932	-13.315710259910599	33.631068546422206
0.26727792623639846	-14.366310511253628	34.000462690762355
-4.090566784741759	2.274062292714428	15.262251131322799
6.768051141654369	-6.870801888440226	18.13474190992069
8.879060374085528	-15.084797592534295	31.878105021361765
8.413279780018346	-3.9031198885545204	15.376723665993069
-3.897983520934372	8.294086354323545	21.104028786715592
-13.243952919415227	8.91126483760218	40.01925257780039
-10.751452028309572	22.801949836033224	21.136886864317177
2.5093128966527996	2.541403490554056	47.23752720892352
5.665121243264849	14.892387384035306	29.85169837844606
7.31760240732438	6.59205191163411	23.343650646487937
-4.806515906812191	11.495376354269025	21.48080997762164
7.494103891016069	2.023186596826378	29.00935841730336
13.235279841968557	11.010278329821162	19.072939361588126
28.76633691485472	8.242046097623911	49.68603811169902
-2.8524893733890817	10.646094224984541	28.74353046763002
0.6236752148348037	26.129806687126425	33.07413784557407
-4.231550610308365	12.275474022358415	24.989024033199957
-8.299571339769138	0.5691766445979565	19.449721851818673
2.7440620492406396	9.285804095282268	28.903393046567288
11.52561799891755	-6.275855387016627	19.4248746924156
-3.0923482227899557	4.439553781887577	50.25597937604684
9.726532789843187	11.799553093280943	27.79301161528219
14.859173613997154	-9.605202353905947	29.325223063122866
-5.125386195383576	7.530812430505815	24.519611211504298
8.531746575237047	-11.767283849682993	33.43671544888417
-6.326329704164442	-12.310299387578432	27.77174507715311
1.3236194544565116	11.051859298065757	28.829824624317112
14.14920809778744	3.2698877855418402	29.53821540876936
-13.134957465045897	2.5895402020144993	34.09050524544363
5.879208029136748	-11.995508406033185	6.23196154516101
-5.614818892436122	-0.3585396014866071	40.854677752320164
-2.737958749393463	2.530335397797873	21.37170506286729
2.9840978600707926	-6.355152300241893	40.119329384999276
-20.321611284096445	6.630409148862453	20.70557483949336
1.850448707025365	-4.008629764023121	18.542302118586598
-6.350833038734561	12.320422862917306	20.856626914357584
4.6439653397895375	-2.843681965798131	35.267292721694275
2.7828115600648506	-4.4866935800901055	35.59572528815293
-22.932967416275364	-9.85763299999752	21.35247925006085
-0.5202552794541839	-7.320063674825635	25.528181416902378
-3.300886571107627	19.640119750530772	14.533625401986223
13.618132630700606	-10.34508732376278	44.04454153352583
-3.91722290404749	-0.8030872172963349	21.37415997583773
12.85845230746759	-3.0052922783948635	34.27837890435402
-10.544582357787263	-15.824594019944879	16.215861327547366
1.3219391272281573	-0.5605267406356508	33.39665771049074
0.9465260637688795	11.442787404243068	25.45555326398267
-10.213952898934863	6.084354457363917	27.746783292362924
-10.220058982351274	3.5791686165733387	43.76194678861605
-4.795215404335316	11.647571961290053	47.66504769978184
-9.10282190053727	-3.4029640587354497	26.313511675848197
8.484880003380985	5.094613667420057	40.93318231919257
-0.49121088420314385	3.8329811281210113	21.382086513146966
-1.4656958470915928	7.521407952925304	32.86651210286007
3.058216940266024	15.646632223239239	13.944285244338886
-5.9808015428790515	1.6476471061103903	30.319678206022424
0.45587367090356945	17.1978550694107	39.12965593041224
0.8335186225327875	-1.6396116865503385	39.69457288081447
10.275366492152191	-4.800580534809443	29.590604100498467
-2.216518930118683	-11.686038454243837	21.539352173047824
13.979351673978265	12.143962287945012	21.61094891502525
1.0282848177251709	-1.2536276514033837	12.564740571960666
3.2658125495265993	1.8361249301426978	31.412464871179385
8.156769950886796	-3.6413314766214877	25.137530540468163
-10.481326001385769	7.001130290994979	30.63410773118897
-4.966781066286155	11.920566141716048	26.770741106628453
26.100093334872454	9.543844250059557	16.901404195357188
-6.704746084365163	2.7570727588225186	27.746152805417463
-2.425216171460946	-7.523262425277487	17.455111286975278
-4.648276997944437	1.2074242413323277	32.568873779994064
-5.842464575078753	3.658291422222693	29.491069545863343
-1.5082637337475824	-20.302149193611182	17.70987633738634
8.856965504385975	-17.166930540343806	20.10612314241412
0.5500624528515214	-0.1986763434008334	20.0108543735863
-2.7809422372087758	-16.873870916325014	56.46632639177154
8.703193392262262	-11.294564840473399	39.57023414751659
10.588037424877943	-2.5962875636113503	13.260072473011823
15.233630586028235	-9.562489733531773	27.563665176874128
10.633777964348642	-9.9597011804803	13.379297993248894
-0.4524711167716094	-2.406352752936465	23.675563780113592
-6.546454773073755	2.4695734407706147	35.543007798594154
-6.913794334572522	-6.621435151199398	28.701443430334297
7.357149545450305	-19.17614723929128	25.20585586377509
-3.064331190052208	5.638769970533719	19.41420012718033
-2.0686821711955075	-7.95663872499273	37.61425802626917
4.463027274206939	-23.958566006433415	35.58840132272002
4.034647463093873	-13.083025153216068	18.426365245257298
16.372778417539443	6.539076788501878	17.892970547993663
16.228137533451882	13.4760369393412	20.30126503185247
-11.877903556302583	-2.1890551538133867	26.115610604684985
15.5343133342074	-4.665950303687177	20.59991073504913
15.595027034836104	17.11371188470706	38.313531506328516
6.144958163147035	15.318711977794752	31.46314863537841
-5.388044577258768	8.465368913168142	28.244956543878764
-1.7084522843519205	-7.881675897222687	25.85005020463162
-2.993602501460449	6.982828135077364	-2.3067544569428193
-0.7515527847916788	-3.1279804091202608	28.97373241002612
2.797183781266755	13.810231579554323	35.19242111973093
-6.827044641535323	0.7390115259108264	35.622246629469664
-7.187700773713762	-3.024512162153708	37.212105510779494
1.7776011069184303	7.428707635868188	38.21025811700243
-11.139425769530932	0.7807321957138875	34.249765692413376
7.443813608872788	-6.621101468400359	36.967761968983694
9.375079218225217	-15.178756366004528	-0.771585209057065
-4.512315806600365	1.1576419230467188	37.93527608043449
6.732650842184286	-17.264880270353956	24.493120564073834
-0.8982231447084782	1.656869086269871	22.088654692207655
-0.271044624054587	0.33530457748330444	26.684130273451593
-12.507876128766185	0.1582773186364531	31.68995877201484
-4.038106669881241	11.177143824469155	44.54486711948674
8.739243731189962	-4.189189121367339	24.88428817821285
9.472965128446987	14.022672851335384	13.72383717623293
8.690691772823596	3.013734871932781	3.012465840790341
-6.745369087192917	6.42506379485504	33.865611548229836
8.222041310613836	5.048295303784266	38.8496266388271
-8.33600325733438	7.01157769549003	25.74601648593043
-11.990819378184685	3.462338001983474	30.304655245934963
13.163144379872854	-11.54540539452836	12.295267803723924
3.7695053570609325	-3.5389251833624558	32.394897449707074
-7.1142666902111165	-5.625296347217514	12.338955129157988
-6.954114924195184	-1.4693481933134225	15.417890464508766
6.554003650932511	-8.633634389768	9.330329948344701
-0.8006589700467682	9.314890523063692	32.91948246005714
-9.26048570907729	-0.9847894743583276	24.281273131535006
9.232571130183858	9.821732285976347	32.50276742486716
2.4523727621518376	7.351531776425428	4.164773288653066
6.190647196017737	-14.270189612717415	24.544459499779432
-6.7855197561049305	-4.792872518447301	31.48728763470888
-16.97624330766463	8.486608920673218	24.218174735666143
12.124684183926375	-5.743794820844721	40.08150699651089
2.8488608655334646	-10.242526296533613	26.778213040182035
-6.381491750433469	19.425914494846623	14.93299828528981
1.4692347420114786	-1.1587162759439749	34.97219784764583
-1.8793694530649496	-13.661563701118979	23.00957163322363
8.814473180928363	2.058932524751336	27.562501626262936
7.8392762049754685	3.613986976166041	28.02798749758454
-2.4163720110930886	10.374814261628188	27.58898929545868
9.46745253967461	12.74014429756836	25.140775801599876
15.140373845272741	-3.6606039625106983	35.266422266904144
-2.782342562923911	-4.833255185455191	54.522938578681405
-9.01818211024205	-13.281648623876048	35.50049215145057
2.263944234001716	-3.8005782288512546	36.7921230134313
-3.9381078975758603	-22.609839580587714	27.038641526178303
10.715573329521202	13.495710656056968	9.089203181473337
3.0150391226857822	1.2252913201390363	27.450529230327238
10.606911899263189	-10.080510529826315	18.09251199709112
20.77668090358393	17.712314833961756	35.35758788109533
-2.4387824134325147	6.290700557095386	22.722402735961623
-12.552197334098862	14.185748825951347	35.9440740240417
9.203633689615595	-6.710673521350455	14.180424734063568
-9.233970566373408	-11.2129343120438	29.241063034575866
9.298393148160358	-9.879276860090647	30.20055718216676
5.426214060784518	18.15203886926641	32.12276675402333
1.3113788594112863	7.003130384361257	46.123576207915285
-3.1897652911939742	7.070855645536156	25.137789811335843
2.855768063595619	-12.834157907595579	7.5921927749215
-3.563914289440551	3.6991109019160078	45.555796052630804
-8.02913486839762	-8.85677862772113	23.602079570466636
13.673414391821012	2.450215374093107	32.95925949631145
19.144252443777486	-3.5746546740838148	24.364613682884247
1.7617151691240343	14.412703893942055	32.197502979923144
10.819690431410399	13.339002756330572	36.1351806547524
2.7602714298746434	-20.005394330015154	28.212918856365366
-1.924377631755387	3.831730432683801	16.621443424187998
0.014754537965762569	3.3018557794216727	22.704712049005963
0.3404705858240928	9.960325815570442	26.221818211440155
3.2246845521787004	-5.686742333891254	28.932589107945258
2.361798147439346	-15.666659224294722	13.236279856343755
6.2243333499329285	0.16564823283220015	40.67821316265896
19.797734693269263	-7.963716354786894	35.16819815560386
-3.8645679013774243	21.239458658190344	15.922812464989068
8.395588235195676	7.653122591479128	32.093582503500734
-8.4845977410389	8.622260508442482	12.656341666529196
10.50894983421153	-8.144718190399661	25.306008455439873
13.767707434204201	7.39158255897399	18.524885966379223
-13.83055002063587	-17.45599643651798	37.694732653183884
3.35133486119566	8.64600691228442	26.505161137005807
1.60059129828121	-12.950068551227314	24.899276373809947
-9.958282042632293	2.714443982511976	12.699495236565399
-2.4548878475982168	-21.28949929711913	8.010533400608853
-11.429137546120266	-2.831653895149136	16.832751182607637
-13.896819550497558	-17.18830452256085	11.29990145851443
6.01975210311336	5.42601308160244	11.915129429762292
-0.9747728087787334	-1.9997561076308659	10.86306571001381
-1.2007611394788227	-4.9316317390892115	10.97100571579638
-16.83598564318767	8.72491087014432	29.660377871058706
5.30705931840946	-1.9903112268339878	15.711337913955292
-18.319934374000724	8.252002518002769	42.307819490213475
11.031114529868365	9.382819111452278	32.484916508277976
5.0998884411140635	3.08325284664463	6.4707972478958595
13.740873619008331	-5.2127128039301605	13.234510195461088
-3.609966580926676	4.5428938883990035	32.75007512989271
-4.765066053434394	-1.6564308927502558	33.77215734561188
4.046478733846758	14.36932671489452	27.931831884016244
-5.489958259642156	-3.199522484354909	24.504947738117338
-11.255797849454332	-3.225222480615266	44.63114638438651
-8.12318011801422	-13.841250910610656	33.15063524472819
11.334577497335525	-8.77999422908952	36.396100296447926
15.564992221150874	-12.727631001056505	16.50736661888174
6.920916222538701	-15.958764332807649	16.746719031992498
10.614695935129594	-9.99714893392774	22.728381936500465
11.521086948664816	12.22901870278295	19.55839989507256
-14.746382196454812	11.431310922609244	49.66663499646976
18.55572024950876	-3.2709587410411367	42.55033020171363
-17.06372013550289	16.996315738064148	34.37795092610967
-9.900638973473635	4.063613309348644	24.32133661050238
5.497092379806188	10.159489658703453	32.16001166185441
-2.2493167928717424	6.5713243067772105	25.611039510390256
9.257187959062156	-12.976300377587183	46.132100429652795
16.825357976987778	-0.05302735988040823	16.90597988525175
-19.509360048869393	5.461599948221676	29.601566001089154
12.201715523144367	-2.9814312572274044	21.060917062868484
5.445402845467687	14.545468352679007	22.649138767579142
-0.24800776731652197	-10.446722035803724	34.05344697682403
-2.296451249613299	-8.792645840110367	22.593845611154475
-18.353027146728785	-4.290014108349938	24.579860639627523
-5.448299051362596	-10.152712877882333	16.796820980282497
-14.861691738224884	-11.938725609434531	30.418283116627073
-14.13887893577554	-3.0248855605025273	42.32590835529983
-1.12913569903737	-5.343909597413008	31.96878086780927
4.368186438133486	10.843438858807374	20.125418048115638
5.20483266703036	-0.3199563363487907	27.860430803037982
-3.765195870662439	-4.928803598702206	16.320834133241327
-0.35054581580069805	-2.637255724841789	27.056514331743912
6.526494754759099	14.5018874783295	43.419610591582554
-1.5267908134406842	5.3364513356776655	15.16367814476629
12.16541788937053	13.25934405971143	39.352681225828064
-1.5632486380605988	1.0956616311882446	28.456569197747385
10.6002312452582	-8.916408528228398	25.78552747756484
21.160636743100465	9.217423331545788	26.505860686410607
-6.534344280205113	0.5042369845212935	34.5452452471435
3.60445344020796	-26.75471639981744	25.471579590749442
-20.80718446377476	-1.540694649761021	35.00672928101653
-15.035738616300623	4.989567821145192	44.5210117656347
-2.878051378506497	-8.508735330919329	11.541258712234317
-21.194832865252202	-0.5973775586717366	20.24002347219116
-5.754019191337147	-1.0831986737074315	29.585662539522854
9.389566581586044	-1.9286279059528786	26.64169298779673
3.5402596355060663	5.508428152735396	30.75718728863831
-2.185791770903147	-2.4590449113624597	38.41492792953065
-8.17433562133841	-7.208175220916619	29.25322792256967
5.841307815728679	9.101203313360157	41.932373342566564
24.449005055901054	-17.88978390192524	32.52937899394397
5.914962230382704	-13.065909132330471	11.621585764576007
1.1031223771122367	-8.563913429551633	30.164828572270046
0.9893900894027546	-5.871515754979079	33.6482768871551
-4.149267665260446	-9.50850501145585	49.755101284719125
-2.685755372478748	11.389968405399479	19.63799124011406
-11.14948555245627	5.859017831400818	11.568106266309776
-0.4521705553842569	22.22431679003895	19.82201780970202
-5.725089316697078	-2.538337947637733	11.430062673316321
-7.374370969092036	10.309275308870651	28.103979711839713
15.736051185559681	-3.3988256686975378	36.58044091928342
6.625802503818939	-14.729346385636308	34.75773098036695
-8.591950486084446	-7.483780005960544	31.0177863563939
-0.43513410581531486	11.743712930811725	35.29324460156272
0.4677995905370338	1.4573759658887102	35.34082239830087
1.6727268134698354	-1.9751684626332666	30.40908360615643
10.733570499865156	8.546592364565978	25.72858327073713
-8.872698157466706	-4.531404292498216	39.748733560915625
2.5459792581924594	-12.014837165099856	29.21971898809058
5.058684996365896	-3.5670704334469927	45.492323009032944
-2.630159224712938	18.581384325684237	15.695270364401592
12.73043604301192	7.620790739720052	26.876113528136383
15.421693673483292	-7.324297059225126	12.138938960778823
11.907087183468576	-0.33708789473359485	20.659867862239047
-11.195887012055739	12.138210181229356	27.66886389456825
-8.82045821215298	-5.266588973958507	33.972144326690355
18.66426348919298	1.6958709348000969	35.53518494388129
-18.467742659430158	14.062547795000684	42.161206203072915
18.367802656242	9.881618341523774	31.680790074974244
5.161290481969631	-8.932369369652962	31.342531712422883
2.7670790657439	14.364749982315846	32.260677704153515
-5.13306257730473	7.04735374501521	33.23864724657653
6.141215101954937	9.220607485540135	29.50290301714381
-5.345154030330246	-3.340833291098927	37.099293087803886
-3.2578040032910938	-1.8145345573162728	36.09837157292555
8.563097709805067	-10.515001222546083	6.705932864457992
1.872460998446647	-8.90192724027301	21.173117725058944
6.8931720846240925	-1.9242224438648976	13.156845231112237
3.45522219732333	19.8051273489416	25.45783530279492
3.2657632602249547	-2.554602391914505	27.68837594824478
-13.755047183791389	13.246625829512688	49.67033188700606
1.8868820154462713	-15.975071776749246	9.790570024005444
7.541009487681842	4.575689537746913	24.406289015899972
-11.014287611774947	-12.04896413937988	30.588360718532385
3.7092701996888717	12.54817910224374	22.95057251330524
-3.242454205785908	13.084291790640712	18.4745308299978
4.583124487036526	-3.940214351664764	18.99331287913833
5.201205959708053	-10.470923247408678	26.59585269576508
13.19143090284742	-9.625668220487299	35.01413354645667
-8.064630016683754	6.8151181286765	31.610100145921457
7.545483914008758	-19.42058274771548	40.10295137458429
-10.244346567781363	-3.2206395374466066	23.819194532071563
0.5792343321387275	11.832961565421558	35.952557944781944
-2.281865165499245	2.4668467377896524	27.989860726728903
1.4818510236421492	7.152808838835476	36.90878991748818
-13.680896120758963	-1.1889453351232064	25.805927297513882
-6.9721814276660545	9.17802776064621	29.210230496811487
-12.00353429989942	8.08113592192561	23.284994122734204
2.5400320093199236	7.436460793600216	28.81013309282833
-17.263614839603342	-4.044329225775023	8.764031809207868
-5.714347545523475	3.330894752243805	41.71013383054678
20.076092100661562	-2.8585003985301216	20.2788018417161
-15.399466414831931	4.562149762879361	25.549621970130236
-1.1071089967957364	15.335041596964984	6.233978909687703
12.728453588264141	6.627565270577581	36.03038037757762
3.466827122941445	-11.089818710247688	32.497317696759026
14.39327731016572	10.523901266861744	20.691343040085474
-7.385202978603833	-19.347088116146217	22.41662787418586
1.4047552880646346	-4.086709282927181	18.38286054354417
-17.70020364609439	11.68581513305892	35.164706788256176
9.858660059330477	12.510940643211114	28.472116292893105
4.490547016064134	24.287908695097073	17.013578851127725
-3.473584698811314	-12.971640400479004	34.27234271661481
-7.700250468258089	5.07877245293346	41.66688272830473
2.380363610820616	-4.791875792591965	37.80826164907187
8.965489343215985	-6.48401103680083	43.321215929583296
-5.797147738248062	8.174344667455642	27.834636488986636
-1.0033521893250805	1.6388044848210437	11.316837464385351
9.813093506763682	4.317684470659002	21.90917908315248
0.33269552598329255	6.085736807781389	43.381446003764474
8.219967930314882	1.9962439054543435	11.986646493987202
-2.3008985035964673	11.96798741846359	25.51430193252878
8.614054807306452	0.8710061378218901	24.267528687546395
-8.753901070942636	15.172854645812869	32.6786589332362
10.375002300904178	-6.070881956857772	28.886129738552736
16.878602798909178	-7.046973739164689	23.84264809498733
-20.344680855085034	13.716679183762025	34.805882552476945
6.725971935073863	10.137615388012373	29.92096651540059
13.877698486628386	4.403879237691524	11.342882240385833
3.9863741477822288	-5.7954054024304575	35.29206174080309
10.827506372931357	-4.739863769811528	35.549858472273385
-1.9048148254751789	-23.152636058539144	38.795575511291275
-1.2792366006485156	0.7359898674248873	30.21895263381134
1.0380748195689833	1.5151149814052762	6.523230695004752
20.37022501711157	13.081162357682096	23.561222902014336
16.536432323706542	-4.20698951794358	45.46876292267099
9.266984506289283	5.401108725565483	28.36328840986622
18.537234260202474	18.385988492511522	17.581226807350546
-3.6914580392898406	-20.06861548082584	24.788445593826186
5.07577623177942	0.6534774682261663	24.029675072830898
11.193717967876903	4.5586153855701035	45.2113761214661
14.516263754117396	2.078186342394811	6.187920898215957
-14.756934527174979	8.332996949004377	39.59116263210049
-2.23366722972749	-1.4187907940205977	31.289535153396834
-20.12877717796513	9.909297640866667	19.495695996847466
4.465883511474084	10.54100060985874	30.970261484072125
-15.943775315228931	-10.544989567598517	25.86018750845267
-8.247767906288466	-5.812590593950536	27.369339690433684
23.380179053930288	9.688859259595638	4.604517586070074
26.578943536656467	14.783237870638455	12.19520511364478
18.163830339722335	17.983868731209487	20.295509962136826
-4.696110081296962	12.793472122342289	32.46053618544176
0.36182175232778135	20.808627908787347	29.804876119539884
17.51555643487214	1.4178799366658348	29.014423463662272
1.049292846341099	-1.1019312997218862	32.195451101915225
-6.070737575211869	-0.017794987165130227	26.671843618759468
3.9881318316990395	11.602906827392452	33.25055713203749
-10.370726712951567	-6.086316288338422	37.673642909249146
13.299608338298526	9.779350347508347	30.121864657127087
11.921475851609172	-3.0582694259519574	40.64641118665626
15.623967276704644	-4.579095104174934	33.32662113978046
-8.265651205052004	3.5069156038475553	23.96823814374052
3.023223458349417	14.547968727513789	43.76326970798203
-12.581828950356034	14.27475206459517	27.769642877677907
-20.33368248575815	1.1806242627063055	25.049501601270112
-4.051651521051919	-6.608611404401956	13.98383367789416
-2.827943190809586	-12.611364612665945	16.77392848351617
7.630262022984045	-1.9541313165079024	23.795559891822776
1.9562569158819276	-0.8790187331403134	10.935476784419166
-4.408200561257502	5.933688831346242	8.861700555098793
0.9490405288685694	1.592188083827981	40.95865477183201
2.3936301362730044	-4.983542274101447	37.92853976015245
3.627629529080805	-1.6542300744825846	27.3379173399757
-6.1714604077131	-3.800035043180631	10.34254523173314
-0.2933946391544432	-2.1328776354362233	22.58567155892405
1.5279366892092574	-0.22017584759732725	16.70981201325057
-12.591343729872406	14.40546579608623	28.912135758156328
-18.95143959557541	6.8100285689990105	12.805352575668323
-6.7245679834299015	16.29864380862098	38.256483973557216
-0.3931989143181977	-9.725738695127262	20.750123770225798
3.13267431686946	0.6627652958601365	16.252957372438196
-3.843083249005306	14.67733968471544	15.441499906829183
4.878154080858456	14.37598346849491	49.54219420051426
0.10570847158698363	-9.613591276810533	22.91374182392343
-4.815752826314437	-1.482790657304016	22.460404361341332
11.797918936408927	-1.3306080977502963	3.1126983908065284
7.287890237683899	1.2762209769676716	19.205201463461048
-8.208800879090218	-7.185188878867827	21.853843930802544
-14.85939818497675	-0.9883750898758176	39.03716890873119
3.122826373381071	4.912118318235194	15.866672887009114
22.36099716591591	7.711732006704432	31.521569418237533
-3.9903217789155936	-18.386815733285935	55.408188782648516
-9.87631764646614	16.751463329969397	13.725982949368786
-8.936091839822192	-7.733853614150662	14.664129828637071
12.222354351676506	-6.656996387972177	23.662785502269625
3.0673158675008465	6.639925650877486	19.69420514771041
9.273771344814861	-1.4028219021177923	42.425850368506985
7.947295782621671	11.940840205939768	19.936658877377816
-13.667298078367534	-2.913581269538329	28.83461995731474
1.8352628542396645	11.486684280201791	16.7791413465052
0.48902070453604296	11.42896762618169	3.5754627336938825
14.32328722355634	-2.530399246771942	27.245045084580525
20.64657820556027	-15.73353711211897	36.49400862266054
1.8327691218143263	-0.1479396005000046	20.54217683051956
-8.868126606716366	-12.803556760659438	36.24633516930345
0.3985394007547067	5.266070221631698	43.100791773821875
0.23375697349298696	-18.70965226269789	41.72487353927401
-5.765333098604076	-9.91492653066399	30.544466587253236
-7.009215359436056	12.139634709030918	51.490478940062474
-5.76198316297559	19.775665548177955	20.610515664968325
4.134567024769868	5.371598896945695	43.5143151731272
-10.385882559435803	-10.034399337021574	41.68474247614547
-7.4266160886219845	1.542172640515596	27.79144609444871
7.516654473283031	5.0235644817740335	36.69449555299183
11.063807617868548	4.955280450477254	25.352660059568755
15.167180743462719	-14.156554350779754	30.896387108441875
16.767619639182115	-1.8565428752917903	19.801515172150573
10.166152195618704	-12.630255370868726	41.64967202476966
2.8641125356051385	3.407733360704075	20.684533712871975
-15.689283572835134	3.401308909396967	40.7799818808553
-28.28782295285197	-10.031905549210045	46.87807453174199
-15.284425653816927	-4.69238067755516	25.7869385938805
-1.487420202301365	-4.389712684348827	26.10185601012782
2.6126939934087328	7.147876931144551	22.118943678835052
3.113743160715581	13.528135075745812	29.43056929533133
-5.647081719058736	-13.99368953214603	33.87522871061582
-12.69764086684778	-10.859797035886931	13.380221334938206
4.476046862470248	-2.5226793888653902	33.28899129018809
12.053018780711247	-7.31078930893795	33.23048206897891
22.71299846206357	10.72114759803508	26.75430101938395
10.057496676345485	4.764132945175999	29.257301562875572
-3.8396494454158594	2.893857687620347	25.709780521644117
8.302539566604334	13.38064027933818	42.30465096049952
-2.1576382796577196	-3.642437183988156	35.8124545983811
-1.2676315203280033	-1.8212532766553848	31.681952987314755
0.5200425398698829	8.255335811573165	11.746966342253636
-7.881220968109249	-14.454019897406582	29.707659943789018
-9.580337846329037	1.2777353790184582	29.310896934722713
6.330905818465892	26.662403122728367	34.323266940614246
-4.884965401394988	1.805208140131064	18.916559606856946
-1.6286683998191163	12.951512497690809	25.14774970040182
12.389921402131465	-2.0027252959894506	30.610803558244466
-9.315186898913225	-9.345113147557022	23.239563526702373
-10.150633299755967	1.8855640399857863	19.6007881232075
6.8650141753446805	-3.381961427421653	28.75913567095292
9.657382804222559	2.4444587708798426	26.91264143349529
8.392171759586892	3.039988100267848	55.68405720802903
-10.729746064992334	7.649682470662992	12.683038913598088
4.509760898625715	11.797222462689803	39.346839675550484
-10.929031707106152	-0.3530424299041576	26.293294843878943
-0.8572672006682415	-13.542188909594497	22.655278781822314
4.48932816801677	7.265091860785903	32.581677475054605
-3.908677863158743	8.434708391009067	35.71909598269233
-2.451611008616134	0.44446864020977334	25.337330238569596
-1.2101918113117012	13.740104828591441	44.374997246643375
2.1931473603098492	-0.6908507136244529	9.867077895901645
-1.3293345796526912	-4.421931319314285	23.19737536498583
3.6683701917659315	11.666091764264513	27.807662947270448
-2.1366128225472893	-10.726544281661994	18.64032002281538
-5.5181594041528275	3.4224261476309654	35.34049308493366
-4.526938300584701	3.84084583266928	37.11559013392666
-1.569388900834916	-2.3009983016242614	27.398405298034703
18.03603973546994	-13.67557097524717	41.66272828259852
-5.954250430775135	10.873258372988976	36.35615105068531
7.825537703462214	-13.471593250499527	31.05037528322355
11.189974834309579	1.9740357356699914	36.78040182443035
-13.164524456024854	-13.09133270702275	37.16038768912584
-9.791046144578086	26.536240007781174	39.847193766724075
7.007025889052963	1.228114702954243	36.53210868472787
5.3709624721774185	-1.9383735709663183	21.48385099777364
-4.220808513680525	5.27831097563221	39.645195181314094
3.6154195816102015	12.003476180472195	11.895769320915996
2.1280025046915285	-18.007987526087078	27.060456015375838
11.39841755436355	5.924776260153783	26.442161487780933
3.3393250173414577	-6.18311748059431	17.025800895884824
6.342928081754291	-5.486714902317758	27.770221068224274
-4.111445063734366	4.393105967116999	27.9772091002542
-8.847497740113937	-9.503964408664338	10.406733071700351
26.368195771333166	10.648809593425128	26.948183445271162
-1.7009001691808896	9.440656927754938	29.50952225015132
-6.700718485215004	13.874593775559362	35.957194547595975
8.071892287132215	9.652073794981236	11.426688400104155
-6.460020353677312	-1.2419042340751658	11.13583434434453
-3.5059728657805014	-16.362152563319924	28.516190954785493
-12.346008104974107	-9.16139551659468	17.34650179095808
5.844769836338366	12.840426985417379	32.828463132849905
2.1441346824421754	11.177737906597418	12.44375432859853
-3.674580867853818	-1.7929760416244775	40.46791741181612
16.82097300276209	4.649555667182233	38.74727775300133
-15.346293790762815	-4.952564144591202	28.284060858555726
-14.229427124343044	-3.3119952078132564	31.362159955485232
1.1129587926372273	-9.222215495814273	26.674952231067437
-4.000665964729046	7.193134926819413	28.893835965573473
25.392800173132713	3.0272931770367455	34.775121419354704
7.5656936236177135	-32.496214839890605	22.53607967045553
-8.776691209278713	-10.335236027019032	33.80870760977187
-16.99408873335031	5.7660769502842255	32.045314977584646
2.635959574115251	-7.54534829388389	21.727255492526147
-3.8500153033139757	-10.655020115237859	19.386941947908028
8.536010006519223	-7.171710109404277	22.10665371202682
5.727205544962757	-6.908917302681861	22.07071745526597
21.21914867045605	-3.3004433792021177	11.390435865879372
7.955843820362601	14.220187607573537	24.25429140384633
-6.87284741956486	5.088972253921721	22.94298056904334
-9.98794805254507	-5.444463740621913	31.708272873737922
-8.18889704350156	4.2681410292599375	44.947020740829444
10.594807597597999	9.772264079361042	32.147659067291066
-0.10270051090660465	4.624970544428136	28.97837560590023
-0.7745917544001981	-12.660160545111678	18.797471702799456
-0.5609775092788359	-9.929899146122764	17.109604708415308
-3.1557224355354627	-0.08245141637092779	30.77591148553787
14.820034400125925	2.705745902956169	17.606818266973605
8.336877457834579	0.42656226265944364	36.12416052407781
16.79985850131034	-2.8928027512037575	24.59997930622682
-13.30011729782428	-1.5773159259462188	35.991662789558234
-7.648518894213806	8.392807601195514	31.451781030806043
9.502491057572826	-3.5875960308300217	20.685766710437647
11.242370477525881	-6.71829324993862	29.544986747107863
14.86376801090172	-8.262444606258931	59.79627388205711
11.722962259115093	-0.6924913251427173	19.619230374226454
-5.198002216318473	-24.3419123284021	28.81256712297962
-13.77069552439517	9.84890412523538	46.80779173584055
-3.486751206763839	8.034277585805478	34.743432345644884
-8.590317299251694	-9.593421016295409	28.027111092617137
6.125317002406032	11.361801662419479	36.847620989770526
-11.49421149239189	7.799076974471349	31.804384645593164
0.9444146188207974	9.018536710784826	51.51989481416833
1.7650791616439565	0.1687414879272112	39.263205909606036
-18.05379006824652	-21.984380932912508	24.30485320196513
-13.063276251372915	-11.407131087433086	27.2807580673377
20.273176793334663	-11.985334038705858	25.648482385376617
-1.0357580491442662	0.35811773167739236	29.32992754740208
-9.881531714155143	11.904279708580194	21.058630625830055
-7.340924369040664	2.653728911606255	14.630050284752464
-2.1079312970408712	-12.322242864230457	35.39798881449992
-9.34908779743047	-4.625072652720155	27.108364537980904
-5.6425324919838715	-28.988331336758293	41.227012547145435
-2.329988191532328	-3.964110567369981	17.488901319449113
5.604655550345785	-8.539259266944656	19.029878714646586
-2.693257572903805	-1.0558114672276462	19.341032094770146
3.0745234717078134	0.06120058590677628	41.1119927394315
9.030485157959856	1.1284201876396844	36.346617389387795
-3.881245274711007	4.004694181731708	15.417042757810393
-21.814442891203385	-0.9622984210361801	17.31130328358883
-11.63254577353651	1.3610100230177793	18.705846907378742
-5.515307420083692	-14.298574789460979	29.31772218289384
-26.336999326484577	-2.345689307463616	34.74165891827677
12.312325212497857	5.8810523039171745	32.65056586630051
-5.941626319670167	-4.653967526722296	27.051432762163525
-15.507452636159533	15.150543616582127	45.63678351875079
0.18350013055066508	5.340442595282986	14.880997130773828
10.0639317919219	-0.4002842409957064	7.697092921463103
-7.161810330985162	10.496737336360827	34.862631614760765
12.959742513637133	1.4648705045729007	34.11956535396005
-15.108067532707906	-5.694057768090128	25.924507620189168
9.09885849414829	0.07403995591017556	27.28512122164325
14.179687464159173	-8.860383351548597	16.962418238827674
-7.675469606783655	13.939768946797471	20.638033417273917
5.533834554989334	-3.5398601485759484	22.086618976374776
-4.597230728541844	18.567344116076214	21.440852596302822
8.922761983765152	-11.046028686725286	48.967083555514144
9.047786208132372	25.80176653416912	30.30908492532923
15.148077741979321	0.5513800201432455	34.22981509482572
5.061516794864032	-7.862538899238592	44.4815972876162
2.6453033078385335	4.827238486594047	21.523121869874863
4.771146557404673	4.947352890846472	26.700547646254286
6.452652429849413	-10.433179779270048	28.23672117546798
-12.159626359853542	0.8595030461983737	25.016672000872315
-0.561066065029202	-8.673272554363457	35.39764216655702
-11.229869805286704	-1.4194038300734413	16.332476208532512
-7.278348104307999	3.0880881099094775	28.232244515551802
14.98822904421689	5.582059815392278	32.865805595816234
-29.13348180423831	1.7643526046245617	1.150627215093735
-8.111073069270379	1.7101483819478704	37.715988277533754
-7.503386550830351	-19.65963548825841	20.788287477149865
1.580669205854216	3.4161774084380876	22.995383718143817
24.311583020837674	-1.0149556701898068	34.05644293610258
6.460605926329878	1.2662552003618526	19.76120652210004
-2.92871599808715	3.4278662157497077	48.47156332039419
11.43075838726701	-1.4578463400955246	58.2386449858221
-4.013606905650248	9.39342210685128	32.3665388669086
-15.674469771373193	1.2777400328865964	41.76896445623963
10.131314085776754	-3.3980159093388074	26.88488101688347
-7.931799468953251	0.888528821417392	35.00683849712918
-7.76123620878591	-3.137255259015155	18.9037094388446
1.566146892574476	-0.6324118774733946	18.40147834862673
11.242992332006164	-13.96847730146257	18.054423253462936
-6.291167321017999	1.0412721887016432	34.483510305586705
6.28273679324125	6.297626422788224	36.223783199302446
8.045287802393265	16.41760513625232	23.95749840784719
12.185628029721533	-5.690903651409758	22.554598246069425
11.650440304987686	-2.7386577052276517	28.444796630222275
-1.6817397465714077	23.21010551538183	28.08631012046779
-5.245634960833112	-13.833575533669581	32.34683562765463
-3.5479104073008365	-0.563288364591074	33.20906608534473
-10.210262196163312	-10.147072092190246	24.594630975792874
6.399080507324384	-1.6581349358234667	33.56111156777308
7.759663717250395	15.054111157432644	9.791792072255156
-29.526277989301306	12.479809352588315	23.413511168372217
4.623970603738807	-7.677937317670044	18.860706057160076
-2.2964248994419103	-6.404812354642103	39.140607320359905
-9.501766624347308	4.32488981089169	15.63912827850624
-8.486273973372224	-12.080011742607827	32.27038136752696
-2.176588527434901	0.9467014647487444	19.108988793620206
0.14868821756476275	-1.1449122118020165	21.95010689353999
-21.551655722141057	5.9491367100111034	39.29167520206767
-1.8071292708826279	8.913500578648218	20.785403539447486
-1.8685947173776816	-0.31011550626116335	17.390146183811158
-2.957846349868562	-8.567267754696891	43.731727114785585
17.005734947478718	7.549619748537491	30.152239326457572
-20.297231893989974	6.031776427735656	27.23367550859504
9.247681743329068	-2.6446943090733557	24.02451429816006
13.811091230042534	6.308067221403732	29.79336177699882
-10.068894614012883	-6.869192716532595	19.320218834434108
19.435793586784577	0.5029372502257925	44.100579262252694
-7.671992089195441	4.641828449889911	16.10819269879111
-12.938518552749018	3.602972377027819	23.17130937731197
8.745810872937268	-3.62695502132872	24.09750955476345
16.813081322246767	10.24452670028526	33.60848945909595
-4.5200871233500255	15.38818229409938	24.390980935155238
3.208780219433922	4.208445636813064	20.017535274178172
1.0383627194183846	-10.350748331118119	26.103421469380024
-0.7404639632360686	-13.988983342305072	7.871611825857336
-7.677185067296213	-11.742080340516134	16.90198099812
-2.7361437352340667	-6.59041212260918	36.284790426680956
5.5591733725855725	3.2052090021841915	33.759706594719624
-18.53066323173753	5.500979678852241	32.52372261636382
-0.8031150272287885	-8.414388665033073	24.893672734102854
-5.909287736397761	1.217389381087577	25.347643380124417
4.689954195529849	-25.608595182062626	21.767594787426948
2.4531490667319353	9.009528970422783	38.401238673623155
6.617148692378498	-3.9475049216826585	30.867904453876836
10.657214778481396	-7.34174649203056	24.90687386851177
9.798661984172384	0.8477571425546138	33.60590185052972
6.081218406342214	4.497737232686008	27.509842769030527
10.388027458795289	9.660870159769644	13.04849796336974
27.33003660545734	10.49796490427524	42.992563208614044
-11.404816966446612	4.94669673609763	19.00280620486714
-13.968397820194943	-7.907279293709047	12.884940217165179
-3.7778462441037215	-8.20014806179641	25.252996586376444
5.2161620774389	0.943322043152311	30.609979603142293
10.739567333219618	2.726608490999463	27.686029257144416
20.38462416839892	9.909646038148528	41.82499856619775
12.548992576922707	0.8928286589466649	12.660282550163553
8.835337646470853	-17.5887560588759	20.470669236810977
1.3448352573606783	-0.6254593739932691	33.63384587648313
9.115944535247431	2.2241907465633113	32.31639344825412
-4.81925027572422	10.707544012409908	20.784722848517287
-11.269953959966003	-17.488213034043703	36.98745072464836
-16.089883692969398	-4.448530842186305	18.369475031648477
-12.85578476307876	-2.8640098221297365	31.500179355492367
-14.255868459384523	1.245366221778702	18.16719540659988
1.4327445489190307	-10.36087043413967	35.05915983965261
-0.6542444693633859	-3.003698667182053	26.83508664290432
-11.80929510456405	6.538953027290572	27.672505633069676
-2.1435700405530898	-9.096197716588094	29.712616263399713
-12.496574216638072	0.6320319299185682	47.98780555003207
9.93818591918066	-6.361826286153823	17.040130144864662
2.5415456493441173	-16.101346605036415	23.323434595111152
10.654579921275072	11.160330368084752	29.409170826008165
1.9823752003068331	2.728875975869887	16.128257060608778
4.156811070591992	-23.100860355115415	38.45266863574297
-18.069312262634988	8.53711609528464	36.24582356005084
16.326632184056272	-4.141095005604162	26.587018018803743
7.60702859267031	1.2538956921960998	22.52166752136911
-11.56620759236056	14.315715075737918	37.38332463076772
-17.829635213528093	-3.6860298762620634	28.612743870626357
3.210157714161567	-0.17106510681650947	29.651720050853907
9.553466543953785	9.883866843832164	18.503221595837214
11.922597768247698	5.398022892588341	21.744488057989788
-0.8179151081924165	-2.6592935647418052	29.77654893462282
8.065442311037392	-5.163187190151266	30.964535788636326
0.758189707039299	-6.797315185572764	33.48940033151552
0.647840617556844	2.814181968374119	24.84147281856601
-6.203806325952421	9.61391792070584	37.0785407694315
4.066015877331984	6.321233161105337	17.055626128742453
-11.86966218260201	-1.0028685284462688	29.9117523990236
16.070935154824284	-1.6275950783229636	20.245680737274057
6.574020303016388	-4.6171471201498555	20.81217821535209
3.9828297161586983	7.299293014534371	29.56804373376601
4.808586260563877	8.76522632025305	16.55496379234202
-4.97615185483409	12.677617191896749	20.38686187673459
-9.36038317326965	-2.1564407042391016	36.61793106696204
0.8348441571775179	7.087822521825533	19.421332959535178
10.493680924514004	-7.992157118704817	41.42421022730896
-7.17582627625546	4.182147928503573	25.345652310023816
-14.655572088200984	5.547677465280194	22.005976789493293
-2.200854489605949	9.294566391245102	30.275975814479825
-9.213908980642508	6.939806849741962	27.953202232734807
8.373237673251454	14.73025961686401	40.92927717672373
2.4389133215415955	-20.940922178427673	39.64566095227619
2.6672129876442052	-5.797583788570705	12.95841794833391
5.7692669138250485	-10.619826259054676	15.700928004975385
6.81204604796055	-35.03772985099281	28.543103447353758
-7.080012501059673	25.709187738274544	43.73045063412353
-15.231701252156748	10.303470352059524	34.675724188602175
-5.33712887579799	-3.145112559150294	25.391484340859705
1.2008562948365893	-7.152443155120853	32.25133211819794
-2.177697289956885	2.451474597524922	22.089264629846785
-3.681221017089076	-5.212218609160063	29.328885766848522
7.183858501262356	15.032459976245665	37.531187624799045
-6.29153692956057	-12.146515839910688	22.468465804620912
9.82533460966614	-6.870680054242241	28.155072185367587
1.9416304660664032	6.149993077755243	10.401831542466212
-1.0909126207758792	1.8108125481439568	32.6473961286819
2.262971502043816	-10.66302171254156	35.88295563701574
5.059515196682033	7.056664726819998	22.359773971840895
-9.791617087759334	0.0828643682713122	41.903321701212704
-8.27235611997523	3.5323999094545755	18.936439901919186
33.93512448820897	1.2969557504212803	25.138352923862833
7.429964604986815	-16.121136610887753	43.63933021644424
-9.178207909702643	4.882882489399998	20.201736701111628
-10.022264857762497	-5.5837690880279744	37.10829460247567
25.13601996441732	10.789391926650351	39.173555146230186
-10.429250351400377	26.208623431028123	19.372874770472087
-6.082960437650843	15.334158438269416	37.685067393276114
-10.243815745470739	-4.13424526669334	34.18570845961574
4.041135271100712	4.585558463231488	42.465408334390716
2.2714898020575025	2.864258398343012	28.075395075087357
9.414859883186148	-3.8524556636567175	18.66150255396858
-1.4232504407944528	2.446314599289077	24.0451864456094
-14.474786902258604	1.2594374168723705	47.95822067569898
-1.9606171117941271	4.49532040422861	22.44099404792984
-25.057631424895888	-1.186108176264878	25.697499892672518
-10.725669123273423	-1.9943584558066059	18.656416398064664
3.717915086644044	2.1954165352509243	33.161369642521635
-4.960273376410663	-3.029037618589254	26.183139264290148
-10.452045738308781	-7.905226655325908	32.79504335723089
-6.629382426004278	5.949405933405286	22.12077245377394
3.1234243108083417	-10.23965663552197	17.592324019711903
-10.464751963206233	4.689451687967003	34.83769294655458
-8.686250795955019	-2.252668269021572	25.17370021595296
12.658069310227088	-7.14346935819544	26.99278430966242
-0.6536539860322763	-22.076561569555544	22.96524182736785
3.3418114453738843	7.847049811566493	27.6456756250318
-12.330411917825296	7.6312178461446205	14.012209735871725
0.8146214170625331	0.008544853825561166	26.56165726370567
-7.029962037443815	19.37485963292899	18.10572043634589
6.947764092824422	-6.055785089147836	17.254438217544028
-30.260830142336946	13.140098191239879	46.278480861626775
-11.830147326128223	-4.8709154776113035	33.65487127594793
-4.460111370975167	-1.6694325729167623	53.96551787669992
-5.228927934767094	-16.856282012354672	47.51695683788528
-12.848744267972341	-3.5385251478566864	31.446583986034987
3.520125227700345	16.720134585983516	30.535101393087423
3.8828603917274913	3.491912270113393	11.603445938746876
-17.250089805563928	3.688545829499305	14.087777946374322
1.4483095969641435	-1.6086799820335507	31.72239791004261
8.790905527953072	2.4453275480552765	22.96378320890617
10.644930451731657	-11.782113042640015	43.346854613414465
-4.885067766564922	-28.725789175151483	27.606666849730807
-5.487725415385785	8.465415592873129	27.99322638746597
8.370546033683302	17.89533029951135	41.52487149803522
-0.9602846053084346	5.455501486886048	25.436132951196914
6.384066916088491	3.0061403552274077	24.8084118823138
13.678521617399413	7.517902862239208	21.70107845160076
1.5599587547834304	3.062213316675188	26.55446241696805
-15.178579356362592	10.202918893995479	22.744001009320712
-2.146967446326121	-3.8303652254523906	25.942081941283668
9.264739282318573	0.5886702703712283	29.937585897339805
5.72487572266043	18.244314139810257	44.76231306382928
7.0915680624503175	-4.121628275324778	33.3368634616873
-5.604998968352788	12.223430827879787	35.70951408766784
4.3693669485159505	8.179045920015458	33.266091851410174
-9.511349790121052	2.7816781542223272	39.64292671366932
10.304816896936265	16.17727933370582	25.90937228348744
2.2741545419041764	-20.26711687158986	33.711280943674566
-0.2297216359269874	7.479783793666468	37.27538472862293
-3.4091322904926775	12.519164490159827	41.22103140838419
1.0874662231063172	-3.0072911798030963	25.90148441556337
-31.869240456954707	7.2285990464278695	25.68837598452491
-0.8591892524657995	-4.492822648798297	9.910337337679742
2.5232409495851016	29.627348080909478	44.67795462245229
-4.66618003711419	20.95445419279319	17.986564430752544
7.392406696059034	5.343827841144632	35.41329619448639
7.1904984759329125	-2.266115523879791	31.981594015143756
-2.4593871292324576	4.2012459224717595	23.77050545230103
4.746903371819796	0.8622698717878042	23.636334170477795
-11.611657172167494	4.546776450762652	11.809809535962707
-13.331804001748562	-17.314575614093258	42.38811482146285
-2.058424258082624	20.308199679500976	34.01154940489694
-1.8194641777700071	14.077299442691388	24.9029798344828
-1.9175158148479698	2.4281974703790397	31.106560441213098
-19.484713265014474	5.387499261178311	30.16934931050181
-6.234536602766988	-6.277214335108186	24.37789849212512
5.34207593358402	4.055574182177132	28.547743108224147
-5.678400093631119	6.391076235755474	12.741911364225974
14.790337919561924	-8.923808707720829	31.474123302682063
-7.448694234294695	-10.78726228906994	40.815635004744365
-5.241261914013302	1.1138342513480972	16.491384328396652
-6.969877891061618	2.3385019030753336	46.20378271909383
12.051461597274042	9.377379263604388	33.47837688112922
7.969903953967577	1.8580361706585737	40.11717003150345
-3.7896824656085357	5.619615690284484	27.96213242445326
10.773093951397549	-3.29113690432358	26.376313624172347
15.386921339172392	7.552298884296853	22.3539849531202
-1.7273671305587297	1.250088793515411	32.34331468016256
12.96928815628555	16.80656349848763	37.50817998715334
14.562278932163332	11.267077283200672	16.883109759172967
-1.4978373887400696	2.9202036169723766	44.21516992185348
7.001477916321087	5.102325908704044	18.293331150030237
6.833254251272063	0.12505333161210902	44.37548590983991
-18.186209987047988	-6.092188907893091	22.277071996608463
13.482201458892613	2.2775305957836407	22.408918451503038
-7.541021839179133	9.312885786238375	24.002361267557003
0.15719164812102812	13.726039455419109	32.561889243818165
2.9485399973232926	-5.542460296200462	32.68376350973423
-2.951009752825919	1.5114114919021433	14.793833839653118
-13.881222265680806	5.727525819016566	42.83285224015294
-1.2417848217076997	-6.296937069047571	34.75105963326852
-1.8688016358274315	-4.35280783510668	19.99284324531854
18.941173631622892	-6.89093558697949	34.56955578982611
7.586929739109261	-25.752452276946354	23.31081908990119
-18.476235439552575	-18.91469713787834	23.13557698385736
-0.746492830403212	2.828634532398198	22.813859281870172
-4.190860848440603	-5.061141101736192	10.357874392323545
-13.968721319129187	21.34983871132715	28.136018246561314
-10.062806712274917	-0.7119076660017142	34.163770635653975
-8.754635943268653	-6.457303800442936	35.31477975285927
5.490223295011717	-4.209007307171435	40.87943019293718
3.9131277236781776	-15.415342420771479	38.19044761666795
7.666589727192524	-5.524552185177438	37.329810810253676
10.76531109343168	-0.207529631602751	32.086893315449174
-3.381156619418315	11.219076729250874	32.81715215248471
-9.897613684445561	-9.50220417202594	31.08357951746549
5.713209525053832	-9.955209136198992	38.91894510928736
-13.464546476387682	-7.79555657739801	14.830599638983323
-3.6245856904303	24.599631510354914	29.400682043988226
-6.539100964874622	0.6074672582045104	25.824351767004725
17.72506811151093	1.1514063619772996	16.071791469199727
-2.9035733851239485	-3.444471634494708	21.16129471171317
-6.1429356684683984	-2.218738157021785	35.1801388029204
-7.727869442728616	7.214024022517782	17.659062438863078
-4.439957464523822	-15.860971268612262	11.117627635092159
-3.374682032126694	3.5457306480326634	-1.043597011540804
-5.341858873482126	16.32366069988062	29.98185769795057
-0.7531841983244276	6.7414423969219825	30.775388693167585
-3.2818608269360188	0.2900475923826553	30.87040936892912
2.617223468199716	-1.7882316308862192	23.211618109206114
-5.377213514595091	-5.15415355278206	35.97313390892974
5.336728230691933	-8.315875098842453	36.8825040503571
-8.518173278778571	3.71088153602644	28.07572686523945
-14.319779571535527	3.3922709713424615	21.56783321840307
-9.825865072557592	-1.134222617638467	34.460592517762954
-0.0922604104159937	0.7443443061438384	22.920998250334737
14.10530871886831	4.603261329512225	45.39818095605227
18.699525244873712	-15.73119365438535	22.088573614307087
2.9536706744324093	12.842473183315748	23.654533208649063
6.539232469772735	-5.4567201287782465	16.120453084147847
5.7732874324376615	-2.3991720974717308	44.08425048506403
-17.8291425214677	3.7968300834889144	17.42039575720422
3.411788258948485	14.68444502253741	41.379523018091604
-2.518580381169368	26.731232880997776	29.83065165451414
-5.05537982567927	0.41160697661729295	32.257254956791925
4.146930742397973	8.418706426500053	25.67548298030841
-12.188702299451064	-11.83500247063426	35.51335877980359
-13.321279955983403	-8.46416066931395	22.380691410584113
-2.2537317216605874	-5.975950361791089	24.817584296904094
-17.856688172098114	3.1931191794617506	15.808082611768887
3.356259806208006	14.891920106237093	35.77312344813322
7.198071287654734	-27.211012852643115	25.340209704325495
-13.781003201422235	0.8888791021736684	26.892438347327708
-8.498765308076726	6.744350383190233	37.45219574382996
-2.049917895116238	3.5300070349089667	28.147436005280323
5.807569811252749	2.3093559060643916	18.110102026286448
16.888500189540018	-1.0503796312282319	18.942783858020267
1.1757562317467107	-17.52785223573897	34.36714137342446
-13.724559386173604	13.457151507397544	47.36360018927256
-17.66314564571736	5.944514487162102	27.931345795629056
-5.033474236599154	-3.196949306185336	23.777967238895876
-6.874142843102199	5.0465819410635335	23.975248993592984
1.475419982323817	7.023493037886437	30.65128922519503
3.991245766836442	7.496688199232685	22.194558024750673
11.897545699438526	-9.31957089203966	9.849172702741765
9.292794117211754	10.289680370809965	20.77513796408472
9.934061838624126	18.49128427114885	17.38975281965574
-7.548505262035453	0.6720351576729232	29.702625896725596
-6.238509542726821	14.232424892230192	13.854220787739573
2.61851696445437	0.394003521434439	25.475580946820934
-1.3361754555206875	-2.9961820520061537	27.07471315860983
-15.690029341658784	2.271592276516742	28.24352947952407
2.572093542233877	0.9754253244964186	16.275177267407116
6.691901033343136	-9.870409790630333	26.938096380345204
-7.122254484858786	9.499857084328779	22.97774092010312
22.54674032080996	-2.0096694648955014	39.64246118426408
13.849280245622573	-10.163898382640287	11.597201510263666
-0.2213373743013557	-21.45063367818366	10.788215124914892
-22.414296623241196	4.286397794775692	24.092221495354547
-16.684535698917166	22.97726790161862	20.60094696695776
16.88205396328053	-8.676435654953156	27.06224787679786
-6.219059434727311	-0.14168637974397577	37.03794146082642
-15.55235786063258	12.960425872901837	42.85123431715112
-2.8289023445082866	0.002901725568769817	27.944315781243443
1.844835819796017	2.93230420432276	35.38067923957916
-14.201517763785658	13.402586604697396	22.404506169639944
0.13351375295370868	-6.085670236386999	32.377008728293674
-9.558376567804604	1.0637641035052259	22.296033863449846
1.3640966779242025	-9.819356849079327	32.82942947120329
23.076717819322432	7.631590178207404	34.13718822547121
-7.424261557210825	17.985557423782772	28.8630820115818
-11.011066284487303	-9.577576967277992	19.333437203624715
-16.77696927729865	18.72111638270638	27.609077229181153
-5.833235224893971	4.930358493480572	15.294759100137364
3.698014369960437	-0.8501096591046617	42.60825798669583
3.244519583974083	-1.851261201528542	20.093956768911323
6.756717396774766	9.476561510173523	22.073901185915464
8.09435065001227	-5.4829580240461295	28.593118633493397
11.75203980718463	1.771815873359648	22.85245414053986
2.651486401655317	10.453986470020602	33.70819676368037
-8.069552706597673	-4.980069446516649	33.82249762404618
8.412419341216355	-1.6987272530001005	17.70117275159331
18.068211821219833	11.590740270285016	45.725136923499456
9.777799429572005	-14.478985737166386	31.944077123899817
-9.267095918669018	-1.3304177592704418	16.94086805654908
22.188881030339633	-14.802081413053834	32.933439332434226
-0.3413412979961379	-12.10262166174564	12.294415518195713
-2.564487310278639	-8.607776052069603	32.88798032871854
-6.223787638370309	9.617337091099861	29.328659857067343
3.1019626019445674	-1.591580852295178	39.01527768254463
-1.4644931422529721	5.560176719360074	31.418452648984278
4.778395593846892	-12.730975233381637	34.40107426444754
-2.695568457345722	4.790342233803127	18.384478984758175
-6.431076796680008	-14.90800771409983	19.66937099684088
4.513061650847207	-3.41049505980675	29.62932693838779
4.864265442143282	3.8206413591967507	21.19616112595851
15.635162015603015	-4.073120617907466	43.88933379171016
0.6160613116922014	15.18561562642699	27.544385928069076
6.883944198018003	6.53452614024868	28.925689403973447
-2.3447491071957023	-7.259811870660611	38.338543767297125
9.629588517302137	-4.258983675798939	24.11259758757725
4.8265421166085485	-12.348516278209786	30.763109903535163
-9.340116493930955	4.919393696063698	28.91693795342176
1.338367931573769	9.487047932189208	33.72699844337829
7.099424339885381	24.890554494398636	19.59496820015316
0.36801971846566717	-0.8505574431967179	2.3747500428025816
18.157905857881044	-7.65374622857866	38.23975091435568
-0.7530689982956827	5.346547816981108	27.274520076468786
-11.181641137958461	14.653223063156215	41.07266788554756
12.511647806065465	12.779057643418632	41.64702285889554
4.971322963560669	3.032328924507413	23.76042768046791
10.403444919541109	2.975561534778116	32.26507936178241
7.676834865723587	5.536886468296953	27.209918720191485
4.803398770313809	28.12117924964815	23.37596563294976
5.706114473579744	-1.109876510952486	49.866029141580654
1.7002233599652106	5.033579371814564	30.440486290173546
21.148610281368242	21.53639713839351	41.17427373017229
4.576226157989261	-2.1222306433212785	29.744343838163946
-13.060049990260891	-2.450510358605494	29.17506814124946
0.7777833156417309	0.371144138790481	24.957734075297658
26.26739744449123	2.907248221384126	33.51469193554542
-9.14245011210445	0.25566650999523055	30.7945650381006
-2.0906336061036614	-6.639534783487627	49.056623497175806
-2.2854975658845107	11.039752183765266	25.997223953454164
5.895427646564986	-13.139940947393029	33.47455884310097
6.2722556156827896	-3.4696078097823904	36.100811985234536
-8.841311469035919	-12.549581116562312	33.195220638776945
-3.8115837300691373	1.2393824948772891	39.72977042350294
20.18169941232533	-24.922208926752848	20.183301595835623
-7.648752462347223	-15.032755919975191	22.556228200414377
1.9305640493764489	-7.875638269401794	35.579545239825705
-6.507581536995184	17.66238000510587	18.35591894690055
-14.017615236255166	-13.718248823831727	27.124854894837544
-11.78892659301485	14.393556428960853	14.568837005897096
6.271820749863003	-17.211408340132387	23.33751192360163
-2.7162647936484334	0.8738919702869269	31.139074127356277
3.197989852771774	-0.1546523934402384	30.997991247731605
14.521588549218514	10.01964358745137	7.120884432797752
11.501765075634978	-6.265188253973518	32.73613561528807
-4.366595108851961	6.479138102424963	25.851702452426093
6.445837381022663	-29.550770161104964	36.826830660403594
12.920076182892522	2.514209967390206	13.550539958307796
4.927069074349544	-5.045012164954482	32.15902083757085
5.617187658903937	8.613969827303745	38.79476663899628
-5.3613558294753485	15.160198684249659	10.12153018551697
9.438128065177033	-1.921321338809327	38.40102179272514
-7.6008003427382995	1.376261309820489	29.637469501182427
12.371570466182538	14.595616115081842	26.9237255220364
-2.2368481813791483	1.0896306983861634	11.430662163264198
15.9901812591062	3.7803485322774693	34.16675665313145
-4.307074274095707	-3.6043129811753793	30.48496851137409
2.530419594918869	-7.2248266419881	23.946169961426325
0.5262972425425714	12.156241232649656	23.393309403237375
6.397613705670481	3.3300574710737396	43.7081163625995
1.399615466715316	5.299331786742738	23.59244356549714
-1.7314919818460073	-6.326207522380372	22.514725290257218
5.612932462622384	-0.8396220558859182	37.32133088551767
1.7027845309045098	4.863417821591564	31.777302687066175
-20.495293496805083	-1.6373652591968466	19.930251221013137
-8.780725793306255	27.457785428216198	22.00860731825652
-10.19251755919248	-1.6255994020229811	27.660425688087578
15.050356617981391	13.976120844200814	39.49063533628979
8.91819077465047	12.938454425194347	37.994104248379585
-15.71469112835399	11.468693046342091	21.462797345766326
-10.440258216413767	6.947346936586348	15.21078984222955
-12.826984996483663	-15.908921209354947	21.51336727013664
7.909704479434283	5.403604997120599	23.806702053340842
13.065744016811111	-11.953393146049375	47.86180468405658
5.112082984106099	1.8015840560947094	47.00020108978258
-8.715028856447033	-11.724786135805996	45.553315705663834
-10.186438774894672	6.147581478248637	7.932168394509144
0.34626655222514785	14.412559974642305	27.697198082209216
2.7296110634351107	-12.557672042486956	24.276802753842325
-6.254735441149415	4.771372999061743	44.07719792972165
-7.127767980335077	-6.148466750315327	21.93367827232024
11.904534620126253	-1.748648712668823	36.225649835046745
7.03899179638544	-8.904853624040886	27.60058146395139
-5.265518571834637	-3.9216836863448066	25.830869455835877
0.13746164964401222	-2.4943182906926604	21.103676582059283
10.625392102566176	-3.9434077701641796	27.57854572396984
-22.29028677142653	-2.0078626825286134	26.28218930782532
-7.970202852944417	3.471356075489485	34.70010015001762
10.850048048681128	11.42495113128017	21.19758908859538
-2.2332195341235916	2.887957231697592	30.158961344551457
-5.299553221507919	-8.861540661526126	29.22554336170683
10.662012321791332	-8.858139500217261	30.73787422589295
-13.79920133085873	2.283541100262351	44.298099876494334
3.251417751782248	15.90416824406618	17.926403508577764
5.9277315646264075	-8.245043669790942	41.58267365139161
-9.529774242335469	-12.408861356584207	41.12155180021307
6.517182228145054	-7.248191072199946	37.542379575111084
-15.119198462037494	-9.68544222933865	29.36231352278857
0.4313251452455514	3.9543333287544464	34.83641198448636
1.4954310206693455	-4.861652134722752	21.964088592987274
-2.9261001123590096	11.743546353497534	51.759605423254214
14.745741254747081	6.233789549770576	10.018405383852098
4.262681104454021	-9.57067408686127	25.451510615010655
5.001504191975849	-11.662582462638476	23.812115856406784
8.22959022721647	-19.164326878308277	35.52734162728523
6.42486532182521	14.058817460459409	28.863741121551293
-4.620873303072782	19.417831234857534	36.441214527888704
3.5858457292653667	-3.594999448650136	21.00651172425802
13.38005640621694	20.738341091973403	18.188023318209574
1.3496130564219297	1.2546845762919203	30.491593037867425
10.830415039568317	-8.112984393164801	7.925189285431667
-0.2863551957755159	-8.981799029064064	38.29874967167535
-15.177936119821883	-17.360636062055022	38.84056039479893
-14.781445350109625	-10.357627827455804	42.13546679841835
4.459616986000868	5.539632161222886	22.60035778222494
-1.6962736604533915	-20.243019989155357	40.612856319992964
-2.652284087177726	4.657087426712375	37.70096915464265
-3.050527038475746	0.0027044038884264055	7.45466273445907
3.6840656355008554	-15.783815345173824	23.4485793380082
3.434575987640062	12.537214106105337	22.514906052534624
-2.296174931355482	-7.61412843598022	10.818205971187023
3.9399184608844995	3.071704846131233	30.21647789135352
12.106079948790068	10.220823506437991	42.57822919209059
-15.370458391452914	-2.0536618894283207	10.58991905625065
18.998622188848632	-13.75606787596518	15.408791285137502
12.033485182024135	7.254131509327179	36.33631014383539
4.529474398010965	15.793649597578998	28.63223354772907
-0.8418878233939373	3.063582012687163	33.88365375212883
0.24273617813521836	-2.6277162529855946	51.419350356256054
0.5238062657730964	2.1023815764118843	45.7622510970855
4.077538968439493	9.939122589573516	28.508057799371713
4.534373723438561	-3.162844310289547	28.296059880554434
-0.9707718781612238	-10.877447914318106	23.45499930747814
0.45152303134134053	-10.277033103058637	35.48379550669689
0.69689333295028	-14.438704930353389	48.36909258636345
20.598643029647935	-10.988262452191863	37.535584440201255
-17.202228321555676	6.45854675211714	48.64909266903396
4.418269761538861	1.1113786117280884	21.44346900409496
4.283102687361045	-4.582315746591343	32.58484578817662
19.924759992533602	4.695184424586383	34.74628957638966
3.871797767165943	10.111344872507695	33.602605611807995
18.649822850285464	12.846660773027732	22.39976106661389
12.889561175727993	-8.057618150975662	33.79538813342367
-19.930428343984296	19.94449377006745	30.592360975590147
6.522888124857409	13.049032486670091	21.081366782263302
-14.0702146085594	20.09224332769488	31.95877825445124
-7.375555628639114	0.9059008144873824	37.405296344235715
-18.232391770489116	16.72556772833424	17.840076848121388
-8.850812187947726	5.807613260643809	33.9780560197175
-17.049720435730535	-1.5881946193180516	39.05725640830927
0.3470782025001071	-5.197782732889541	41.247885491705404
-2.764126464201573	11.42034179015132	37.85001729768754
14.394594641384872	-12.005753964341821	27.564015325384204
30.2180829538808	8.12120377542805	45.18761346204379
-29.04674095700891	-8.745588849038295	22.225942775939338
-6.067520422522183	-6.143591674426265	33.02387897101335
9.88359867190124	8.67885689458172	13.113703349562318
-4.188475375434029	15.382873122985545	25.903549156921454
-11.817757730252625	-3.481898975219639	19.835620999561463
2.642307678757008	-20.386318114740106	32.85610230189052
-8.693789672640355	12.268402659437916	23.521335494120606
-4.738628594161918	15.043434166114	19.81544980027699
1.021586623954657	11.521403517321868	23.684144287906232
-0.772267997392245	-9.670169440731737	39.62631368456962
-18.006160820085405	-0.0361612245358032	31.144033817370058
-4.0070196629727395	-4.254524372627485	24.606590131683777
15.774075327205516	-4.70913171871669	24.82531280036632
3.1795787573251144	-3.858553084228436	30.61319897686133
19.82000950291894	15.570387462653441	26.94148566395631
-12.441634320542757	2.869884199787349	30.880610144021766
2.1188724927796097	-0.8562439980302319	35.06714947457234
1.6575394283546339	-9.075118154989152	22.05514316887647
7.726626879670374	17.086053808186506	14.683256733834746
-6.510515353010255	-10.915775689899128	33.623333736299436
-8.42809526953552	2.6764605772769565	21.54532578649291
-1.415553604040015	-1.0360483405913647	29.982453423048177
-5.816567709498852	0.19693583530104053	10.261143480718033
-11.370831841452976	-13.469013403425905	30.563418820150833
2.0587161073579323	6.2026191849205645	33.60656561220318
-5.73302895956303	3.3774422677715554	36.62507429257324
0.7931577139194599	0.026505896086675133	39.31033502731985
-8.606695110369383	18.252753393760994	33.38227819481125
-6.71663066283137	-11.121922044644702	11.3129886481596
5.951278483534015	-0.014591170060571158	34.56949402069402
10.786081622931398	10.290993155517196	48.46126111661961
-7.996799752061852	-6.072557883123436	40.84903660312112
-13.487295159871831	15.033999788543099	28.013255886180016
-2.795230002559216	2.5621542367832797	9.125734473618373
-9.719384616770574	-5.762543393530507	20.334118121499717
-2.466500100120757	2.4708067521583925	26.207306728459297
6.8223849706973185	-7.286650627489335	26.427884305954223
-15.841604969640377	-2.157245359935349	31.772270244134443
6.316595728633153	-14.288679627549168	26.957053387455222
7.810557942783173	2.7674425941527985	15.367566451167916
15.793087063746018	-15.076719552224663	27.901802378557555
17.33893360726146	6.256499044356568	14.973603908897665
8.37138645345604	1.682159133757409	36.395391041573696
-17.873556726722406	15.9135735698474	14.351523274386505
5.5047089770873825	-14.612382354405716	32.72079794242667
11.33448912078774	6.820855185595861	22.584563026301083
-1.4887518988034483	-7.362688626625741	33.26006716546077
3.6892616027093816	8.136628439407263	28.18473849910992
-0.582667328454519	-10.039749180118259	24.49960031350076
6.991963183041637	17.458526304806277	6.678906840275793
-2.1507508253529233	-21.50649515557689	23.273132819407916
15.49228714390648	2.8303265603591212	38.34769119473256
-26.414457123704814	16.06877244868275	15.437252904141591
14.953643740028703	-21.066995096446853	36.72553828129227
-8.49189693992476	-13.032366520751273	40.19412742222847
4.4139909315954595	15.054116922616965	21.559508856175697
-11.562967979367258	-1.6193823692487173	37.861589508413665
5.741233335774364	-15.775910993059473	22.343881697443763
5.8526231388053365	9.482327869877208	36.033091654758906
-27.644135342424583	1.2053668730357279	44.671893373800316
-18.19635347061313	-8.002084153216796	25.18798679600199
-3.506003813414948	-1.2786622339653548	8.233735159980629
0.00963511830550617	5.455431701713829	28.60161942313895
16.39813054496434	-21.338667352223002	29.108871294832
9.460083262127954	4.972842371343273	5.006758556472533
-0.21000827507118178	-2.3225513138016214	27.12765252847791
-24.400150161490075	2.0249390716937117	17.404621420420764
0.815813486862138	-4.939807538890549	12.687098057763386
-8.969931855099585	-3.412972295106619	18.87619700269181
11.021790350436495	4.9065950746523495	33.34007637665091
-0.4940011745620718	11.934335790621159	29.231099408493996
-3.250585400004687	3.5742677723985765	39.30457151693891
-14.487606242786564	3.3434129985292076	38.11559920966487
-10.890513014631455	23.049946896237902	21.74834612344646
1.4290850034717886	-9.133283648161582	2.987597228598176
-3.42218931344434	-25.847160921941782	16.817999255372655
-3.0170052867743284	10.643870854964003	53.181770836035234
-11.882604910626126	1.6597764525689933	22.278831126370928
-5.88339225212268	14.281390023000753	22.395660411628914
14.510343997558826	8.019215246059742	23.589861664063882
4.680093567174556	-0.4135040966060832	37.33001336571134
-9.193201853226013	9.156668795562316	30.833878394374477
10.602651983914944	-18.121754366622874	34.72985226797256
7.689412668847165	-5.03110092234526	11.542266437125242
7.889683059556746	-8.116332949618778	7.469803030402751
-5.985899455497059	-16.75968128525927	25.168148217283225
-0.4786985730270127	2.402200949130223	30.145721184484565
2.5105064891141033	-3.577199116611144	37.12500803163847
12.854857111853013	3.5981961548130563	22.75953045389668
-3.6719628221754066	-19.985614142081417	34.14265459781312
4.0332060367839535	6.681524340903529	9.459569143463963
-1.1000493426162756	-18.209916615150505	31.162026630456996
16.802833428933152	-7.133153689682235	30.173119951184887
8.133852707223262	14.295513505717272	40.432158783408
-8.668133920428172	-1.0677509616097556	24.909995387171605
10.886440218399496	-18.548748106554996	24.37967642798056
4.986155932852178	-6.4127183822281815	25.070282501864362
-6.521840659033385	-7.1970631313787194	22.039717547073124
-18.206101951310238	-0.4888253723304445	5.619103258018644
0.6856223381857478	-2.405974951400008	37.154592154298584
-14.229142109067043	8.415249157233434	30.755535514107986
15.798794669857696	8.329062054935566	19.409733409931267
-14.360976910526123	7.402985033299839	33.59013242697401
7.038001605092955	10.251600614822987	28.31044322698853
-11.736943157444646	2.896690743150834	32.65157847297346
6.881731741354434	4.250605901456076	27.86114078318129
-18.455599082946968	-7.01638757321613	31.78070984635658
-2.7952899226160124	4.749610463942525	27.654250395034328
-7.749386999589543	-1.6197466332292572	40.85459018195688
5.1619953523404485	-2.664290305944462	27.31366019693568
-2.9369473092283824	4.748326701628873	14.040729647405962
-22.57503756572984	-8.761409666167863	29.047375204329267
-11.891547909685462	13.60270873344178	22.93961627726991
-4.1147196542469535	-6.830314548830911	30.895022123831378
-7.805562635154573	-0.9596536075918037	36.57928974207107
-2.163226937460718	-11.628335472323501	13.118873739330294
4.674085807914755	-6.396635156415441	37.04303522340133
15.369727797154262	16.922218375715975	19.474431136671665
17.208049832197048	14.060625375955556	47.94005027117545
17.47979084596177	-32.55840392299273	22.49216522283661
7.832331912794306	-24.618539143266386	34.88528911415795
0.3435515904666358	22.221553007855	36.650522027972734
7.373544751248501	-8.594214023719044	25.44400163304865
1.9178345368451892	-3.149221113997018	24.703436739354956
1.2096317166695223	8.710197317366879	58.76674329926169
9.217090401045121	3.6773013141693163	31.659597857132507
9.783769807325255	6.976307202922403	35.40824710163213
12.090888116349667	17.004861541045027	23.57103113578959
11.043051544749801	-3.4974644389559972	13.130703853079899
-1.9005070106536637	-2.8779090181088574	24.951294837414988
16.519649166776784	-4.030930796628171	38.153052922287216
-14.583407242403139	0.8053291162458678	38.97849441812432
7.942722562719718	4.815148613256492	20.73038215116083
6.852741389899001	-6.8989895039320315	32.77864758397363
-0.28403140209801425	-14.743313106176899	35.28622328452504
-2.3581945869917886	11.872639654727266	16.62556823087325
-2.5467405648229438	-3.660025525501944	26.048512442768054
11.282101084152805	-1.1206520209885138	36.7272459602427
8.720581125381335	3.924770342344772	10.293962923179663
-16.511040567488713	1.581694625447231	26.639112569153614
-5.684620962869474	11.85975330424803	24.91003898711575
-8.27747060471895	0.4171558962116484	30.010904043970896
-25.98989142654591	-3.062902107208708	41.00195848525056
12.280345504728805	-7.8931059811559825	49.49989456711526
-9.871355098424106	-18.39314372808007	46.702175319055534
-13.38214564688544	2.7702289279178793	27.08326225168628
-8.872477649704692	5.882723953086098	22.71210840358168
-6.590060508629011	-0.806672548906149	34.47670813947244
11.473405515073674	-15.94897465774391	5.262954487800187
-5.739274953245178	-5.524917393171014	53.42518315048417
-8.232686694142176	1.091720692427902	19.505492355290205
0.3439921684873448	8.467234644447194	31.32682213067131
-1.4749836268005518	-2.139808720812689	27.79081052357157
12.326239031744226	-4.446883725606826	23.48414157430568
2.7141342482543713	-8.769818379213085	32.93075311640811
-1.9333267461622825	-20.338823966114205	32.86975960988291
17.88128083293518	-8.98033516461105	30.20111362075979
15.167496086127397	2.4954117476697166	18.425197360482883
-2.994183571454383	9.400503043811417	31.163466300693308
10.39922974547027	2.402211344527813	16.28705721224624
-8.319599816889944	-28.40583931248634	31.635168620989383
-21.587730195627262	-5.452026641271745	19.25149477224405
-6.0462535386348515	-9.552263305794856	20.453001082740016
5.377444686990017	19.875492234659443	36.76441622451107
-2.4299668743556766	-13.509533936856853	15.744615682726044
-12.152974889928425	20.48578009839199	29.414995289509264
8.459538888577853	2.28506853257818	33.819007248131555
-11.09142453445349	9.55832455009606	34.52778125068208
9.018907859322184	7.588931371754929	37.95197243256361
12.768834967535785	-15.780996641913967	33.77721221729351
-18.106284868386076	13.745909910030177	41.46986301651676
11.900304841106692	-5.068863551990272	9.728370137346491
-10.457528567974299	2.166257062234293	29.66449803287334
-3.5706819054824774	-1.4380435592461476	23.116938271250234
-4.7551287808271665	4.1139888784444425	39.85953589585077
-3.0489801640900067	-4.163355449980164	16.228929394490113
13.14779403730281	11.961371547875782	35.62699747486161
-6.7683114112100595	27.312096952752785	15.539547621651856
4.909474746532342	2.0509764222058156	20.87861666652944
11.036921249821518	4.246283731445279	52.9541513960875
9.804727465382486	12.221996262423605	30.599856834657622
9.019791336228645	16.514249966725178	27.395900643037976
9.279160665511954	8.02825055689723	46.96303818737475
-11.24159284511699	-8.112024118602852	44.78482515302973
0.02628999110824147	2.64099589007965	17.631215048358833
17.343338667925543	-3.902775826753281	29.152634085195373
-9.838080323196902	-4.859273292636451	26.891521191794048
-8.53799581595862	6.979594150277296	40.291769625450854
-9.146185406438379	-6.007261488009057	26.120067329950192
-8.174279497687941	10.56971528566185	38.59347431006308
15.478461243281686	-7.652455555047633	26.575675826833535
0.7515643823671683	-4.079809840868468	30.41283341530793
-4.446129107939851	-17.944492538553863	28.78250312246409
13.82420790672147	-2.7871914942140537	43.96339144452575
6.572047969855469	10.469063190240735	34.38444629826696
-16.98048983855382	10.836137158507098	36.30359526008826
-17.747056202817255	1.8866219647456697	22.820756112220682
-14.432162925049045	-6.84620533735215	26.65548444889416
-15.108947550316884	7.224614352317595	17.693972663221693
-9.405183337552762	11.305573164024922	24.603378492468266
2.6393348061236765	-1.3316168970901692	32.122819734011756
-23.540147926904773	14.52686291144257	27.085282044605503
5.115178594071739	-11.778404118097015	32.10634538663027
-0.1855116881213492	1.8459800046651764	35.22207839782301
-0.3013509832723006	-12.090039127728673	36.013706163669454
-0.9000616319143391	-10.837346219529362	25.90687609628599
-14.5786943236786	4.932934378575779	40.680609865261786
-3.1343662788195377	8.481527261766914	33.5499774295009
-5.301062752948673	-2.4975908309913883	13.7318808406967
-12.031435563922885	-20.97850302948245	32.07729516858255
0.3590908407582738	10.625456441013611	14.765680637940996
-1.283952958728071	-9.145441596822238	27.87189959697753
-7.570008793474251	10.057382324319972	22.926255481944054
14.537558115280016	3.011185031798819	19.24429604329028
16.561748615006753	-22.08117139544475	22.76120785062072
1.821888914191589	-3.930404930785785	16.96786432478719
-14.102836519744365	-5.26974352245197	40.509715258031534
-4.8018403699054195	-7.143568428295022	14.716089162225675
-0.002546441370768306	12.84921419034905	38.56847213547955
-0.1214571442387204	-3.6235615818303475	23.76329702336025
17.4769954745669	2.986235843258237	16.403933779201594
3.265806348723139	-10.247141767281358	28.22204498047564
-10.43442113972471	-2.732737382702563	29.77021002566649
3.8009423523923305	1.0925791339869748	8.468986846758433
13.153077652685628	8.045073749220904	26.90431697865514
-9.118160314309844	-1.464720474236207	26.144013305476133
15.550662247546773	-22.288474821804122	21.550389520218808
-19.17155337457309	-11.45323972771238	34.140921265420474
3.8805792101550995	3.3845094048595916	35.23155258492501
7.04664464486042	21.98910026325912	35.68584848050835
9.1377863445811	-13.229527344004142	39.164697635072244
-8.875360261775548	-2.359243099610901	33.34598473851447
4.85360407399485	20.092743865806032	18.016669053396118
-6.0107323014580825	-8.90500750661645	33.19534489751602
-24.731033530907713	0.6268533581410427	14.539647336489601
-13.171802324729393	-7.774052978438585	9.677921264049168
0.9776302622923216	23.039203304559127	47.763017678023964
4.297617893621267	1.897902186416912	38.12174594864622
12.985937546062424	1.989504792603258	36.36980409129449
-18.057397922928253	18.148668054710797	34.3010119736024
-5.1448998370556795	8.46095916192251	32.182301385445705
-11.881267782542363	-11.88090490553183	31.393564050699325
1.3849097814410443	-2.8704695451248834	45.86954281580116
19.89547644104759	22.636395305343502	23.760103569988004
3.9483176891595493	5.9151344124243685	30.007899488939728
9.629410498042292	5.00499936227417	41.97500200643981
3.5266763553099145	2.48661183074341	26.60036257855905
1.2895100497566057	4.6312413862743	44.298736850562804
-4.421014144793771	6.295253981072627	20.819210985232168
7.491470732669178	-11.944968657043853	25.88207713124227
0.3713232191700059	0.8091594485759801	41.27824151164994
-7.999806993344575	22.497436030685254	21.904212841029448
1.6204519237323192	6.695962985909599	18.89726408482432
1.2364619368691439	-13.543731009581894	21.176178509072948
13.45104726157106	5.837833507529057	29.379338680627512
17.067609211386888	14.262028001045204	36.87781106284824
12.645553732652314	1.8088491199045023	29.24720126030907
15.15177391549679	16.423576542272983	18.655884063718702
-4.442443890563165	9.229179305841345	30.896799647823485
-2.274516226753173	18.22325685382083	21.662466797676807
1.1783968181906253	-22.44476584991427	28.049502523587257
6.99504049194831	21.67339337934182	35.795043091416574
15.278087764181443	1.6327784544023243	22.748040100180805
-11.897432031520124	7.519582297884781	25.48822946922283
5.308653980889224	9.043747832535594	25.834479553713123
-10.949393054723702	0.3650376707745054	29.26972261752365
-10.270443308247515	-7.409373470599415	12.234243900522545
-11.235975412841725	-5.7557100616746615	44.50096181104461
1.2690916882401735	-8.501167550668736	17.558552184481172
7.791994423692151	6.461939762704616	23.18620446765564
5.847022150497489	5.316708098530603	22.93885812556519
1.3334937284332082	-10.57962226006735	18.41984071734162
11.9032477384774	-13.896710003104591	24.10419729447086
-10.658623539393467	0.8480715851298731	26.30301214486003
-15.281886929211804	1.3853272916189798	23.107771834132773
7.708838219994477	-29.235779367520543	20.746722884825857
-0.44725685636610957	4.102355532213562	32.59463506759708
12.205941982654862	-5.902066357118089	35.77341512376658
-3.604314616643563	2.295259639096737	27.893918573283173
-5.067840767984931	11.57843513666812	42.05349466416239
3.0023378744626914	6.4877348131288315	31.080560525654324
-7.123179155329473	-13.277207406546236	23.061281216700344
0.7817269636093753	1.4905447458361651	20.983091020211564
-7.158947545379418	-0.989338741325871	46.973150458341955
2.8977103732885663	-2.638926772823333	45.68096486649806
-7.006932704475823	-1.477283373025032	28.061824229540964
13.823114979497715	-8.965169197091647	18.305798041224698
-5.344518464434604	-8.413835798806396	16.816984110326565
-16.550571666264197	-8.435843029204356	19.71785421905926
13.270772469905934	-18.645608129518834	36.9509418948997
6.000073097390519	1.460565915201057	11.310249770271962
-13.715784089794736	1.5784410436190075	16.404196337277153
6.347211629955569	6.919098715196458	31.958493988598534
-18.994599176362268	-0.6458127237540565	34.90411231564126
12.049779300301996	-7.134564009510543	14.871705757194086
0.805983498358941	9.357859792580266	17.18349789538084
4.042212671883073	7.241585206203357	28.50994629267324
6.877748735389897	18.53645853856548	52.36797631831994
8.95271223774555	9.413874559573951	19.473160563988156
-5.681994252413646	8.167996339294772	29.325191862261395
3.2166669031213733	3.6461017855878737	16.942531622817643
-14.721135302629067	12.191834568193885	17.13049907095037
-5.492129228121328	0.6685430536912017	13.462108417555015
-18.571540844612123	-1.9096155441027987	30.695569561638777
-2.11083739670331	0.5460170351136815	39.665755055306626
8.401022563084076	7.5398116290935615	23.96775506219562
-12.610303970599555	-6.361204011296851	16.59323425825518
-3.032134653700642	-11.845772857792586	21.224775532487428
-5.908747348359818	11.752205219709639	24.302154842258123
-11.014410306164827	12.860824095381197	46.2736714182639
18.277555970248006	9.461678400725685	34.03358870820783
21.582564715780737	-5.980322097754201	25.998447536639304
11.851212445270182	1.5818391508604481	36.966887688971084
2.7657854182963035	-10.311893483800667	37.77458679864452
-0.7874333654316166	-6.227104722585591	29.728519647107206
11.936178008400113	10.059738282992228	37.54495557930421
-5.796977058091532	-6.8384463207233415	31.888639075334
0.11233521776099777	-10.030200697040513	21.336742855463328
-6.620445494205997	-1.4530419319179226	16.943056126398858
-1.2633063312106383	-18.381720653932195	6.678493511997072
14.074144121569322	16.145662707663856	27.137540086196033
-11.775991073394936	-2.5392590022959025	34.79106629525701
8.093403522157526	-4.685227134438955	31.104672598626564
-6.751225958983179	-0.12036070796159251	23.66356890300287
-16.585393803630176	6.2510046098069205	30.007836429175544
11.540751208463476	-7.398144106837831	40.677233313100416
1.1094077880134596	18.265946693261746	36.06732418477122
-20.699855508544832	18.520894463554626	35.26695210468576
-10.82105712808131	-13.635179950501248	23.878423001722446
4.187393270581108	9.82718939594645	23.49011119655436
0.3790233376051364	-2.733855572521473	25.960107429269645
0.7325187017785026	2.2939500650520044	26.381127160274463
8.1054756117478	-0.723436606209144	4.658173786025841
-6.647967343589954	1.1058680012631514	24.923967489607193
9.285322469467864	0.09165201218884798	25.805182390517984
-5.035980712899773	18.749015393704937	32.697792324296294
15.8970456616235	2.276362707584047	27.950692367621247
-13.13230234432882	6.410219048062908	30.766466897190664
19.69125898212724	-3.774073476988594	41.83655272497336
-6.077768800559522	-16.123586629105922	22.189867209619422
-6.015509524224873	-9.34277360472033	15.115672746324398
-4.180913520039096	10.551810369180368	2.3355465250821013
-4.6483601714112375	-13.841650872829348	19.78060322141886
6.81999191083121	-8.53738134334958	14.327487500125134
-20.203334216039025	-0.87404423270019	17.997651035252336
7.481437574283394	13.26013943330022	67.59719681794903
16.495473502902275	1.9934018411053183	34.58226626813544
-19.563871154761458	3.1628563253069815	13.263731320716259
-7.141773142418824	6.652001839004962	29.478604898912234
10.611020039642824	-8.847547873343878	27.586212104291434
12.668088317962752	2.2104142536911056	19.992926724681617
8.060195523503088	1.6920384492980356	29.98034948838875
-1.0142757627762866	2.4764333928049624	24.165046700045295
-12.546590232705281	-18.383309877242276	24.271082571955834
-4.8529677497859245	0.5146074371303329	23.33883904224184
9.522744460347964	9.04849020061696	19.86999853928019
-2.806120921117012	-5.917618409642792	33.148503927887084
-14.74877601548375	9.969919513244367	32.01864637477867
-13.109552293201027	4.209057409437365	29.214871489943697
-0.06580761418502577	1.8097316165149926	26.254677948298045
7.762514016106854	0.6399877580825315	10.215683818138608
-5.951887869409632	-0.018115054845859752	28.090882165651983
10.48283962289554	7.632779903887075	29.908729103791696
-12.966276926391467	-10.369441149235378	29.633491171377567
-10.04897462548146	-8.584483395913345	10.997088643550768
-1.8755315093351677	-15.105743061649049	21.629240675885555
8.387042320518505	2.361947157988026	24.617964243817223
13.275883715826227	2.48954191501572	37.35507319829263
-0.4480740095962039	-1.2336143618131872	30.23935298342849
-11.20946101997037	6.666939704298628	19.365777477335143
-8.968104979035097	-8.329793348972608	31.174979524148867
-2.638289322203933	-4.544034190848107	27.41885565839464
5.210065528997778	-8.628611302338188	35.631816481824835
5.728469169909527	0.46728277840435933	8.736017797998606
-2.1011127093023765	-12.667960422159725	27.284318034181645
-4.6112486437290485	-24.491146102434293	43.37621745911644
9.996525315461778	0.899807918879262	32.70884039028834
-9.327345842049711	5.929304388136276	34.017800111805826
-7.2714386982417	-3.801472849210616	17.10421974975325
2.3018955384253377	-2.485794135659993	24.19589643828943
-23.5190400156664	5.2945260879771485	20.252673542439787
-5.651658465520653	-1.4889354840472604	35.39575205000009
10.615589427051832	-9.073634641353546	20.50466063236051
-12.316213519274086	-10.342619925673286	6.62893309409737
-7.054089741114558	-0.365942655715516	18.711455423652552
-7.7081320202949115	3.093089912471849	31.502111663454336
-2.5316952262039187	3.020471447819866	36.0653290344946
14.600402306991565	-1.2363938188546295	38.48061663867321
10.596390191314919	7.052806708407183	24.40969883594036
12.351229340285599	-2.5675400692307804	36.112627366798684
-0.9794858081345728	8.48166170522415	26.789736096931744
8.725996820519988	4.081571019423215	11.350507190712285
7.603119685893556	-4.4346343420688425	23.537525786747814
-4.895446984536847	-6.446023438098535	34.24660035004882
22.08721874203531	13.013601862916364	19.381998587386377
16.834438493568697	-1.4574278136761143	22.72068891495457
4.912598212026033	13.767990030709647	39.94234751161681
-1.2260729404996031	-3.652433538515947	9.38169457629349
8.189007489105098	-11.52876513386271	18.503747673760998
-10.904182596665919	0.366320946668896	41.67049335160165
-3.435472123274301	44.3816608648902	28.899844053520148
-5.98516484723879	8.571513743675068	25.325855591848107
2.11387047615009	-0.6906871136503273	19.00755261871514
-20.664397982941075	-4.826974039605235	26.8483237362055
-6.2341985926290295	-10.083372863704216	29.700094484299978
-4.236530837535564	-1.2726018747707197	17.49915711390043
5.9883985654851335	12.162181130616876	30.186303507545713
4.714012774481203	1.6959233030504886	8.324126003118874
-12.049728417604811	8.327731477880004	38.8784373708924
6.403485746671364	4.201218079505701	22.817601904900204
3.087091854902422	-21.514139991590593	13.356914747433276
4.603400866586329	6.92809600315991	28.392071680680605
-14.999090627119802	9.95468716282364	38.64381298848506
-4.931027846952454	-0.6802193876704726	28.9956844043915
-9.826870183046179	-3.13008998005563	33.09426654295469
1.4540099742444985	-5.804558183505754	33.58031212187367
22.377822581442825	4.468966615953583	42.80876609902725
9.565275559124158	-1.545368626425296	15.54536064768946
8.542880988488886	-1.1895295533773151	30.952625654014877
-6.514295893774968	-9.99614198971115	26.72438231247786
-8.633496322058086	-4.751615003890764	29.81632557251522
-10.854434685254601	-9.99687544830108	27.677701307354237
5.464264012925321	1.6160488489079934	40.679721490920954
1.248410616258678	-15.106255913119481	36.545585636491914
19.769334581935937	7.682187147658316	25.63001472780168
-1.7314649387218704	16.471279168014476	21.47165346711033
3.026720720831129	-11.000739347816122	29.900256853650372
-5.41263758544389	-5.721872385890366	20.66329320889634
-1.2723850395845044	10.897577271803772	24.758483894523692
-1.3065325385373872	11.836572270265817	24.858593379648212
5.069242917745483	-10.089355125275471	19.36862702167427
-10.95309351671018	-1.2812946922035782	23.04970751852227
1.9000515202415706	3.19696258008673	32.847441218315765
3.525376158638844	-9.210528133107918	38.38202443163234
10.262688932060627	-11.042167671198609	23.374316395974926
-4.045876840283458	-1.5060950179601456	43.101139987196746
10.320651826754354	-13.88134407521961	11.56747352932219
-5.771006118770012	4.462275923689062	35.54792509693398
2.735102918635552	4.227965270035453	30.351847713660977
5.858109586292807	8.157464612503228	18.702062995935442
7.586355160592647	0.021380082881109905	37.87772845356834
4.6904228765276015	-16.149047098514405	39.22945502861512
4.9845742778892	0.06045367035617945	40.400100967164775
2.5380018530453743	-14.108806877608275	28.252924797040706
11.340988169875475	-2.5714664855014657	36.229122590864755
1.0423335995150471	-0.4846511897365897	20.19816252974354
-17.333560986008067	18.28524212052469	13.882126580871116
-1.8777014716636518	1.736418587523937	11.037016917415759
-3.259256942600076	-3.5466469019683524	27.91889529254035
-7.799174281329661	-5.143770487608263	44.88106932750169
-4.295725916491812	3.550526945886383	57.495738092300705
-6.170975686506993	5.510402688855439	37.33507105311722
28.528977268892067	11.806283017987395	13.291765953736158
-3.7755278382556208	-6.084985779678843	20.324717400924115
-0.44788012870530536	3.7407328164900355	15.201339556049744
-9.387251932565375	-6.146339419310477	22.1801279784127
-9.739497073616386	-1.7854266464054238	23.19229663319107
10.397496671816333	14.09884977120594	26.65975267257491
-1.7581213785026353	-6.781222913460252	7.771433532454502
-2.8747540579418396	14.5670931332725	30.367023687022048
9.345515680973389	15.404324916272989	20.854422267244225
11.890979982883287	-2.1984402783602595	26.919812167579625
-2.7529089640350017	-7.098800687175153	29.992559435862706
18.689918984235014	2.710049736432747	21.474309379004396
9.558745878255467	3.7295585138759426	23.42400255176462
-11.629325409187741	-3.437512051313551	19.992420351934264
9.621036923631385	10.535716068813308	17.93804047112731
-3.173035047975337	-2.757592392719348	35.26731021787581
-4.591164089727298	2.9816200273532685	27.50748951537024
-0.7322469088991844	-6.210603577150789	34.51446457967732
18.489878918401644	3.237932074478618	1.407882923929865
2.039882846790759	2.175582352720537	27.086533340593387
-12.162506289848665	-1.5652693698725866	39.08185790890866
-9.692529066243702	-12.127687457178133	17.623794298155154
-13.769677293817937	-22.602862144718834	53.97143260250295
-2.7756218675370796	-15.944336955970433	38.48037412227525
1.4875923251187073	-14.192709506413188	2.853270600580025
1.7613036666853992	-3.7538840949751515	8.999261004595795
-7.984411944119172	1.1161788734986366	45.058356787846066
3.3580842910065205	-1.8035523828342797	31.448763099662933
-16.94344159705239	2.8975375674136346	23.504373878676628
0.43599390657907106	-14.690057278678001	25.268444266908567
2.6411293823577777	-3.696738827170715	29.95434078182514
-6.117945081917369	-8.802950224025711	39.29239475358086
-15.029492735045043	6.674708963230511	38.97119406547417
0.5209110380120103	-13.632083909649879	25.770021565605532
-3.806254993495281	-1.9589513801431846	23.480271006454437
-6.275903698557874	3.0318786600622087	36.20576189081803
-0.5055982191708992	1.835155117302644	15.100806236505377
6.0914300719255445	-6.262871312600576	17.207418832497645
4.124086955151991	1.9730388083703951	39.41254364995391
-3.5485292152527736	-0.0920213458024074	26.11661787779278
5.270030908425705	14.014193329642685	22.824266383273564
8.537040985130911	5.032050411624932	48.682948347171404
8.687522527326841	-11.048321752270578	31.580664042827344
-25.696910797763728	-5.775703675238421	38.44282090148302
10.961101683137581	-10.568350834251747	29.65159004344625
1.8922687861935903	-3.0656593878130316	27.40248430221991
-2.429855599432734	-6.044261916136916	27.140324769435814
-9.208939781447059	-1.4760931000542563	22.53599323805181
-8.143502789954972	-9.771709030847937	15.169946441537018
0.7262679338084224	4.6656841068782	42.004134626386666
3.9422447401007608	-4.409417407582675	12.711686410169037
17.87641505608277	6.145001506484991	51.771866840811185
1.090307745677903	-5.24309875099649	44.93312475234615
-14.19035243098522	4.7729871911912705	30.463145779570862
-2.6424047953030376	1.875150618777227	23.200054064301447
-3.64135712350208	-7.435715754391242	28.3381242364352
-2.959536415135364	-4.774450242498183	4.741616462161456
-13.070083361957916	-7.300365480730355	25.62581966926586
-3.7307625863797256	-22.91383373187714	12.93466437821546
-1.9968225188072726	15.256326535439424	19.205159755441418
16.08381209457217	-3.128755905340865	31.24306589927552
-0.11873036178291252	-13.391196415699477	37.651630568945954
-16.786761826318106	-9.430157885356762	31.568625306943268
-17.865212276453743	0.9832228002496045	36.268426537063476
-8.106218551872944	15.99560348062183	26.1165965207134
-13.2878711902067	-16.858702341841255	26.984837839707936
-4.035225795580924	-2.2386516811592836	29.619988646590468
-30.045247427733337	1.1374542943301205	30.146793893278836
3.7107648490037626	7.401641484105363	8.559780986188535
6.043441888634661	12.699714291282874	31.94802781092037
-6.019690322103307	-8.46697254847114	32.318828790167686
1.4199171112067175	10.343344595406059	22.64665922039599
-8.835963860079346	9.964093652618972	17.18871930320137
5.212798485297706	10.97149273649823	21.263280096202745
-0.7026001237965862	5.794107285061533	21.32425686706988
1.2757039782491186	-7.315193970990262	18.0172570983147
18.729201824995766	7.576831572765306	40.26798888469247
2.769797377475211	-3.9248319509680085	30.678063078153723
12.381457280945902	-3.3216594973756814	20.566532449784404
-4.778202855840845	5.208324136159977	31.48415447450624
-7.129354133594735	-3.4483015494796883	24.09413165632391
-17.043306601712068	14.7320589427948	43.713837436630854
9.740331109242302	2.546233774514441	36.771019509295904
15.1891827569581	-9.80853041306381	24.986429330882235
8.922011384656646	21.46921563778227	22.463721621653583
-10.341701976886487	26.383104271177636	21.1802407094477
-4.144202778627119	-7.371212045411363	27.785458352498328
16.754954705946663	-7.631420830998653	20.550340235967994
4.479849951791501	6.567637268916759	21.062377812219204
11.95417281540087	-9.678183399911513	3.465990456845855
-11.835710297765393	-3.8994357232620303	40.30049712649778
13.760945353239942	-1.4215090405552018	49.37815840098767
9.07655786333863	-3.67739899144427	19.92971170329497
11.403643481061646	-2.5475084121782214	26.709089024714153
29.249325629759944	12.567846902540369	33.971733282829035
-7.54648976213145	5.544052775022298	31.815219169409016
-2.1243882307554514	-10.925439109473148	35.6217617148852
12.354036596489744	9.627140752436734	32.68132848119261
-17.758711056976573	12.26364035870124	37.0979046256877
-14.562015107274862	2.488898127711854	38.986276095385556
10.289799033294196	-6.12289256022194	32.42433196441785
30.877020264451225	-20.426705709073598	38.4469299985827
-10.588730408283002	-5.669962523025147	29.032367971658672
4.9254513492997445	-5.208072107042019	3.059130838748345
12.979759086311933	2.7267242197471657	39.261915053556166
-23.840020756886315	37.59606237399676	25.667576300142844
7.586535186355174	1.1241032774563275	42.567485147068524
-16.28198791149628	-6.206984148734712	20.643595498072308
0.5635644956141136	5.5320426986764435	39.79904208414033
0.7817802515778753	3.8737652433969556	21.20028713782527
1.1850498147980146	-12.318931754304403	37.69384679623749
-1.6945360303226444	8.723587314753633	33.759211434090005
26.650691085293303	-5.0906618674765856	24.777261123645054
13.159252859221064	0.5093106788883883	15.300972370401254
-15.893320594050033	0.4172085147915354	31.631275558250266
-6.211345280445364	4.36748916132395	31.78336642459853
-8.855325399048922	-8.291487186457244	28.953034309641648
11.772807260107355	-4.301674266801711	27.591006886291694
-13.340344270401376	-12.941907062460906	34.849124495314015
16.73200273733306	-12.541410896385939	18.415565049651438
-11.78529478211974	-14.029217031791084	29.192054612856968
-1.3797701581169641	-8.582956596919727	19.301689623338916
19.552807788343195	3.0030824753093306	19.726308312808452
-5.944007164317046	12.733580920747942	27.105494654905712
4.63873393036139	-3.118340703691946	34.34867709591671
-29.559299645502342	-5.142942749414589	31.752707936066212
-11.035523617557551	3.9274891461288526	25.654947697179043
8.365119288989147	-8.681222080447142	26.303771138125065
-15.569877551285758	1.4620159997249946	26.56302715758909
8.795317451063692	11.90286329444624	35.43743567639094
19.07172461939003	14.39707179524601	18.9384388648198
10.21882239581273	-0.5437330352511904	24.368625326343256
-2.6174136324094457	5.981672480684526	24.68631860369477
-4.3317765581388725	-11.403546000172014	35.8755387208694
-6.754060244026156	-8.617826953559467	42.44828979249178
3.1989151869327923	8.7033867233334	16.655151560632525
4.960419170433567	-27.125393948318518	46.488796447817556
-7.661976504101774	19.17434063021425	8.931877778812183
17.569635821870374	1.7073732889055557	24.545707108424153
13.246283511235205	-10.0437186825718	31.597621545159512
-4.800095145753168	2.1722814677380113	28.551106950770073
8.14182780103259	-5.238480882752945	42.12191965587256
14.899910274967782	12.758902525479705	27.552417757282953
1.1909536177303268	-4.015429889951127	24.258472349316172
5.9432570571824215	11.846655198477654	35.024967712105834
8.744094099650106	-13.82859309792136	40.61858122310979
-1.157560574378492	-17.354521160266245	31.90038609469259
-1.8582905389924067	-4.407474761224913	32.03258060405116
12.335947813909192	0.8926618017285181	21.148167195250007
4.63051017395621	1.1066413735195906	20.25085176439548
-15.7172669948119	8.5313850040958	34.181655695877666
5.754390381231947	-2.5959338551753146	34.25379289142371
-3.0495669726799917	-4.674423046170693	19.636533334697845
3.199326291512603	4.939650613286083	40.03154353230772
7.999669656146947	3.054801617091107	29.930881500742064
7.632062829243522	-10.871846074188717	35.3409976508598
-6.6362557217563225	5.64420718599899	11.275918909283654
-10.880656514426374	20.780558112362655	13.566269604527918
1.5620094246673346	-12.311302434562261	27.829949115054916
2.5250930423624673	-17.436283212072933	39.05722176752475
9.059686509626161	11.502372030771602	23.503518116383827
-11.490625504249012	8.983048023764189	31.535665485028773
-2.4819444260786176	3.4900520050875246	24.47752339964556
-3.40467310387123	-5.338543825949192	28.42592162864366
1.3637608571583413	5.816822395908953	42.56388591977659
4.739006441819548	-15.85665140914041	15.724591153327047
-8.729441231868968	-11.038421335392659	31.19936327144264
-3.056084210694197	8.24988501393457	18.757297384109734
-3.8994790343477757	7.644735321058244	17.395420037648428
-4.626238789236179	6.995948013194439	13.100628840798402
-3.132352283292841	1.7226683829644336	11.008502128629111
2.1529802262416857	4.541308974155079	32.156330860298304
39.79650213353755	-1.6712613051155178	24.008173081664978
-9.151573313879682	5.223085889032419	23.373319420655747
-2.2942877150295686	2.3816653255419222	33.806263716448925
-2.3069565212238636	-10.478761645286202	21.90348010459282
-1.161745965548276	22.8253307854159	14.831941571136808
-7.0234679331873915	12.457488259214166	49.612174583837245
2.5173038429629173	-15.558668992392166	33.60154500794081
-2.669746427726047	-11.055260810768942	24.389060171660606
0.4523430004823762	-5.480886690348427	22.572811286539157
6.8951989247020995	-10.0097359182877	36.42332681243418
-14.097978987531333	2.4961766780012087	36.133370588488695
7.788081865033676	-3.135362603190881	27.442218881365854
9.226547773483865	4.713389258648628	45.96672641997698
-0.43618728898203607	2.5776797907872835	32.560752556691185
0.8994956702742306	-1.1962166693245944	24.708362740026995
2.6081967763602254	7.818454256505472	56.445508540855684
6.867258048671986	18.84497777193222	22.607216506422088
10.716925468469427	12.544520351619557	37.24748279714473
7.266667646971113	18.580270864814985	29.075992642014768
4.184937469233306	-12.50738815809454	13.188373817454558
1.4549466347353135	17.329837713433623	19.24256088487168
1.087204565627293	17.082964029456452	23.336701737888475
1.0582810238677003	7.158557752815127	44.5966168685366
-11.976909361993842	-1.7789115284519155	13.620396859104178
4.670904044910908	1.5299747295804047	27.06512489127992
7.485778541860614	-3.66386329209973	28.26292236503865
19.373851656586027	9.587484675900765	34.20793227081668
2.0332287150274575	-14.615626140629098	30.88267623005433
-5.372370200031011	10.667965927545415	32.6306250352701
-2.0541704233705183	-13.259715573624732	34.85918419388503
-22.758490708303626	5.217375210918287	43.9197833335229
11.192780456991489	3.0777780741859035	28.555842172892802
-24.656041277420805	10.180234927975212	16.539393626656626
14.690820790380304	1.9460797739724747	15.944638260042044
-7.073027013383304	-7.260783782150165	39.71523353311322
16.117676629838073	2.64558305507911	12.990284176378763
-2.1713822967331815	3.8987829008004593	30.87742213778094
-1.2063716033348706	17.724461339321113	22.782416374245543
5.781715506653892	-1.941949335782665	27.880710844236777
2.511633269822637	-10.117336557297563	25.351045284264753
1.1427650658734887	-5.877160851528985	16.71773487683649
2.1898982410187924	4.264694668169703	22.77814578374331
-6.307419006366283	-21.12824156063629	35.069836358519844
-5.477357474661489	-2.249128693132342	30.69028488328257
3.057914757200958	5.503727406680227	12.046270300027238
3.4340601200544247	3.6010665185312796	22.3105932582894
5.626876858587247	-7.711816591997494	29.99981247604954
-0.4713644930209509	-20.70440312952364	29.355229659309526
4.3622071283076504	-0.38651354758773615	4.149883961143768
-14.192238314447014	1.46414973525675	30.10840343262459
15.780921849244113	-0.4717703088313592	35.33075873927752
-10.317886029809548	-3.5986615339205468	44.62510652001664
-2.829882491451385	-10.753967854996176	16.070294879378643
5.304370046133621	-3.062726179019699	43.98931482001871
-3.979581141740139	8.259321007719633	7.694346467215247
-11.895297300527092	-7.2439890614463565	32.96121538602131
1.5790796388618569	-0.5694406953438281	33.41047071000133
-0.7776791841117415	-13.969778456538881	37.13179916483909
29.029154991858608	-0.47183873678406363	19.48563180368148
-16.629265514280515	5.973548339208107	25.253911538460247
13.56129673233665	10.02968736934198	22.888868742358568
-11.894637884771633	-5.235262131360315	22.09765201297148
6.186060702278521	16.968474031032056	26.32963417475724
20.25744058034981	1.1582833910006731	25.60774321616261
-28.665072704999012	1.2733044167667351	23.130503013905518
-1.2312736665515471	-13.976976148905973	38.29377984236781
0.6005435071172659	-0.5630275830323442	37.210100176282594
-9.040271551866464	13.262520981777506	45.66376105850109
6.839045686537236	-12.720875113128546	17.38303118078451
0.29051043149250916	21.428562334130604	15.710210702214436
3.9397096272837118	15.474266450959131	27.856721007115222
-14.708578204877155	14.154370493715744	24.3365417078742
-0.5439206626597982	-14.28743945706078	13.756800355104657
-17.810977562768883	15.246390348282597	29.69827546202272
-1.5845074319904395	0.5753968959593335	38.1647854449331
-0.4397474402825538	18.370421935197836	30.572906363001717
12.229206637515324	-8.174506056555742	36.12749266330921
-15.723335779884717	-14.410696096382448	39.23077449987622
-5.541414523034377	-8.50751045016856	43.152210681404526
20.484195899605457	18.608479936122887	20.59581289842962
-8.328866737747765	4.4019657627023605	44.18254002634644
-0.4916133823932143	2.7829762719288604	21.46413414492034
-0.49470575912950965	-9.44521782009043	41.5739107316256
-24.705688292403313	16.702188541678776	43.203862475135324
1.4550713638895931	8.353274384762589	27.148872031685006
7.658692354807281	-22.959156886122187	40.51284146302129
17.543533688015078	8.508598434381826	23.440893441867615
18.067853639610888	8.208425685316126	27.759319877920788
-13.841988228445574	16.023793635968854	30.974181901376436
-14.595554966142732	2.6367580679589757	24.206807543224926
-11.045888207080214	-0.3632562938203126	42.54833170564759
9.083411861234588	5.485128989125622	28.3392614263619
-1.4646388013858727	-11.094798640024162	36.168449877032934
17.19829707678997	-17.92332209640589	24.8654995977048
2.9907367419963076	-5.8421079885364255	53.10433765023476
5.067673391591257	12.729286513768477	10.142739728955736
1.873268006367173	9.742062447603802	21.21734998088793
-5.294710239370474	-4.259554058496569	22.310091266344592
-1.2672494795263953	-23.75527947428887	33.109495319361834
2.450844793516969	-6.415796442951013	5.967596310485302
6.1116837844928265	1.6930525050851384	34.257155782417165
12.323904054575568	1.6146744546386786	35.72666147241407
-16.976983172557016	-14.862931859238124	16.533557349082418
8.650331915605435	-1.9877083768488775	26.598008155387486
-20.116191555283883	5.4765841687282455	33.610478722242654
12.852100103338294	1.3564496929536627	29.986666591555636
-7.13745577664722	-7.919325898790128	11.462139298190209
-17.403138772179375	2.8815516809537725	28.3300711171305
-4.10307282470724	9.325017735605268	28.0551231505598
33.020822575558654	-24.000563454921586	41.793061252627055
-10.01769179140794	-9.018834818976005	22.481508729049565
-10.291511088824208	7.904330044069717	21.17522582344107
34.76138735633331	-21.61254112334021	29.4978380597079
-5.480081709688392	-2.6317789720684255	32.28465277137147
-10.520487130831327	-0.004421121926044365	32.90146661395657
-1.4654890352818346	-11.836765229166899	37.5265910343524
2.66011390558829	-0.3038044294701211	22.90602536129924
12.701720630013975	-10.355961558272657	32.63483764775964
4.472367344841103	3.558299745006871	20.112574232467175
13.581236094281445	11.686621329306412	47.7443958606498
16.056588611210053	-8.212507191274627	31.94172944025847
2.064447701602871	30.193034309721973	24.449515210682
-16.54083864646562	-0.859429510036168	-4.498746271208233
29.76700026436677	12.520631172593284	37.96873778871658
26.60502657739192	0.7198486032088942	42.03851222393647
-11.395131309704318	3.6441378832538236	20.95337277646121
-9.860172897365917	5.474451079755205	24.04206473791558
-4.146388141400798	16.304972611434785	29.064807916842383
-7.212506129098561	3.542294785103039	42.768804813222715
-9.917721058760883	11.819238420617115	19.572267306704013
12.823065586962432	12.590127218010052	7.823598347076377
-3.8181516723784843	-7.564933923324486	30.87272619691677
16.97549770304843	0.20024476984992517	23.54329416534132
9.312639120048864	17.407161403796056	18.156991897345
2.619093543209936	9.772320039464349	55.746511749223174
-19.142094682274376	8.844582485357078	20.887454770752548
8.462847680581374	3.160054680715883	17.362086257125515
3.5745883847927633	0.1809202822801995	19.426121760188124
3.4534948566934203	6.332645262328177	25.84122237883893
1.9346083840214454	8.579277760833657	47.39023738987704
4.537082236613757	-3.9353354084606003	22.436994843247106
-20.858214851798948	3.4825378159955185	56.864023164124035
19.209685478025552	15.025671847614548	31.592760960209326
-10.13951479891423	-9.319367885852184	27.53217619939695
-12.620044731297197	1.6654653391603946	22.425500874425452
4.674610763981978	0.9562196845095927	34.62763290931098
1.8802080991728856	3.386584680141544	29.484562487205885
-0.18002623258216233	-15.454417117412833	39.062122964033556
8.498467851769613	-3.9396124143446927	27.597025134037658
-7.383251243039649	6.753232083899689	33.05280028251136
-12.019227418783114	-0.8001971846117241	52.34492805195695
-18.724557449887016	9.885720059599327	22.81965267207297
-3.4464355873409067	2.936416947288929	39.4136447299668
-5.72662642528869	-11.702234276368086	16.346688202482255
