3.567279003462547	5.633356915195848	5.159856357485426
3.6143218741320378	5.80205033012491	5.174793940419926
3.664047205556342	5.9726840529499965	5.191615700295708
3.7164399806825252	6.145369469756983	5.210398745296089
3.7714879197271847	6.3202154125901915	5.231224164443911
3.8291813644399357	6.497328160975294	5.254177124892525
3.8895131647791796	6.6768114294634255	5.279346976336977
3.952478567636516	6.858766340733902	5.306827362062264
4.018075107243596	7.043291383756984	5.33671633614009
4.086302496891959	7.230482356481149	5.369116486273595
4.157162521592269	7.420432292471548	5.404135061770977
4.230658931294682	7.613231370888462	5.441884106103709
4.306797334286463	7.808966809156153	5.4824805934728
4.385585090376813	8.007722737634639	5.526046568767291
4.467031203471924	8.209580055569381	5.572709290252492
4.551146213135696	8.414616267557403	5.622601374271138
4.637942084723374	8.622905299733205	5.67586094117846
4.727432097666622	8.83451729484477	5.732631761661666
4.819630731479166	9.049518385358992	5.7930634025152665
4.914553549042679	9.267970443708835	5.857311370855854
5.012217076722253	9.489930808770382	5.925537255662621
5.112638680850707	9.715451987639316	5.997908865423201
5.215836440110452	9.94458133176302	6.074600360547675
5.321829013331311	10.177360686477957	6.155792379086675
5.430635502212354	10.413826013003083	6.241672154152045
5.542275308466011	10.654006981950504	6.332433621290293
5.656767984873322	10.89792653743523	6.428277513899982
5.7741330797306665	11.145600430898828	6.529411444614033
5.894389974160845	11.39703672380822	6.636049970386745
6.017557711755192	11.652235258453034	6.74841463883328
6.143654820009035	11.911187096144467	6.866734013166609
6.272699123010322	12.173873922218084	6.991243672864035
6.404707544841363	12.44026741736425	7.12218618697281
6.539695903156678	12.710328594955953	7.25981105673326
6.6776786924060625	12.984007104216264	7.404374623958712
6.81866885618302	13.261240499271905	7.556139941367201
6.962677548192838	13.541953474373502	7.715376600809877
7.109713881355388	13.826057065836071	7.882360515090296
7.259784664583599	14.11344782156323	8.057373648817688
7.4128941268113335	14.404006939371511	8.240703693490278
7.569043627884784	14.69759937572896	8.432643681765153
7.728231355980038	14.994072926968618	8.633491535643289
7.89045201126742	15.293257285534764	8.843549543087379
8.055696475611288	15.594963074371716	9.063123757401632
8.223951468173338	15.898980863172985	9.292523313543304
8.395199186878866	16.2050801708755	9.532059655412628
8.56941693581028	16.513008459510463	9.782045668089289
8.746576738711164	16.822490125310626	10.042794708958708
8.926644938918585	17.13322549382281	10.314619531709862
9.109581786191841	17.4448898266836	10.597831097299423
9.295341011073857	17.75713234868333	10.892737266175773
9.483869387607275	18.069575304764868	11.199641366354046
9.675106285432062	18.38181305767373	11.518840632342275
9.868983212515667	18.693411238088572	11.85062451045359
10.065423350010507	19.003905960204854	12.19527282671311
10.264341080997596	19.312803116910008	12.553053814396918
10.465641515158644	19.61957776985921	12.924221999236604
10.669220011721855	19.923673650920627	13.309015941501626
10.874961703348044	20.224502792587277	13.707655835545621
11.082741023961955	20.521445306024596	14.1203409689834
11.292421243887189	20.81384932641255	14.547247045462756
11.503854016009383	21.1010311461166	14.988523377017065
11.716878937067808	21.382275556949246	15.444289954234037
11.931323128557109	21.656836423325647	15.914634404954878
12.1470008421031	21.923937508431322	16.399608854920075
12.36371309455456	22.18277357556424	16.899226706694584
12.581247338400251	22.432511786541475	17.413459356318846
12.799377173469196	22.672293418423862	17.94223287041807
13.017862106195977	22.901235918764854	18.48542464993118
13.23644736302038	23.11843531808185	19.042860110147178
13.454863764734457	23.322969016237234	19.614309410314117
13.672827668777833	23.513898956858657	20.199484269649822
13.890040986603893	23.690275200788644	20.798034910065194
14.106191283282902	23.851139905803983	21.4095471692273
14.320951966462022	23.995531715466598	22.033539830649907
14.533982571654	24.122490554953504	22.66946222020241
14.744929150565198	24.23106282607259	23.316692120666765
14.953424768787862	24.32030698742763	23.974534057630745
15.159090118661899	24.38929949889552	24.642218010967294
15.361534252448678	24.437141102285374	25.318898606295182
15.560355440147365	24.46296340235248	26.00365484002913
15.755142155318447	24.465935704350734	26.695490389799915
15.94547419115792	24.445272056162217	27.39333455905844
16.130923907790493	24.400238434901105	28.096043900489892
16.311057610327634	24.330160009933838	28.802404557398408
16.48543705567405	24.234428406689844	29.51113535543982
16.653621084380365	24.112508888675467	30.220891668984518
16.815167372046375	23.96394736897772	30.93027007701191
16.969634292904104	23.78837715748847	31.637813812852723
17.116582886278362	23.585525346327668	32.34201900041626
17.25557891466852	23.35521873371861	33.04134165693368
17.386195000253807	23.097389186075052	33.734205428917505
17.5080128247359	22.812078339475672	34.41901001423279
17.62062537563862	22.499441545166626	35.09414020918632
17.72363922052892	22.159750969342518	35.757975505685486
17.81667678915097	21.793397765249843	36.40890015015238
17.899378642218714	21.400893245615677	37.045313563360246
17.971405704633916	20.98286899544221	37.66564100906484
18.032441440224275	20.54007587916917	38.268344389592414
18.08219394476204	20.07338191187149	38.85193303876322
18.12039793405556	19.583768981234908	39.414974376985285
18.146816604322005	19.072328425192886	39.95610429030465
18.161243342860615	18.540255488909324	40.47403709484981
18.163503268252985	17.98884270381126	40.9675749505879
18.15345458091067	17.41947225014439	41.43561659366847
18.130989706752125	16.833607382560302	41.877165264832634
18.096036219091005	16.232783015070623	42.291335722288835
18.048557526417515	15.618595576866078	42.677360240891986
17.988553316606215	14.992692263583333	43.03459351512037
17.91605975113263	14.35675981924885	43.3625164008612
17.831149406066306	13.712512992046983	43.66073844996618
17.733930959864576	13.06168281203898	43.9289992114516
17.624548631252292	12.406004840878117	44.167168293591516
17.503181373670387	11.747207542395286	44.375244201473166
17.370041835845267	11.08700091873221	44.55335198434294
17.225375100909734	10.427065549630811	44.70173974578463
17.06945721913827	9.769042162782771	44.82077408699571
16.902593551696693	9.114521851112983	44.91093456877342
16.725116944807073	8.465037038881775	44.972807290970216
16.53738575536367	7.822053282958889	45.007077698881965
16.3397817502823	7.186961978986164	45.014522734129415
16.132707902714394	6.56107402486198	44.99600245300431
15.916586108706568	5.945614476496293	44.95245123797747
15.691854847946637	5.341718213531772	44.88486872818774
15.45896681192509	4.750426616100935	44.7943105923959
15.218386522182863	4.172685238044873	44.68187926330643
14.970587960344515	3.6093424476578604	44.548714745589756
14.716052230387755	3.061148994185985	44.3959856016734
14.455265272117341	2.528758447178706	44.22488020972929
14.188715643137483	2.012728446489185	44.03659837759723
13.916892384796226	1.5135226933004255	43.83234338497929
13.640282985654252	1.03151360702609	43.613314514437164
13.359371454048265	0.5669855692417255	43.38070011981974
13.07463650932106	0.12013867386190318	43.135671269017365
12.786549899309808	-0.30890709754490464	42.87937598661836
12.495574849756098	-0.7201073552715576	42.612934111337445
12.202164649454645	-1.1134885133589412	42.33743277315848
11.906761373216327	-1.4891428078719253	42.05392248611308
11.609794743104898	-1.8472231911569763	41.76341384458985
11.311681126930516	-2.1879381665393556	41.466874804091
11.012822671657252	-2.5115466222621077	41.165228521444355
10.713606568212095	-2.8183527174679717	40.85935172463236
10.414404443172707	-3.108700866839977	40.55007357858432
10.115571871958073	-3.3829708642926892	40.23817501044068
9.817448007447664	-3.641573179968353	39.92438845587261
9.520355317402865	-3.8849444588491022	39.60939798694509
9.224599423652407	-4.1135432436337025	39.293839781661504
8.93046903571979	-4.327845939215399	38.978302895629774
8.638235971405622	-4.528343031186243	38.66333029715153
8.348155256778435	-4.715535566318616	38.34942012836492
8.060465298062908	-4.889931898956067	38.03702715678126
7.775388118031342	-5.0520447036914025	37.72656438356027
7.493129649691824	-5.202388251616089	37.41840477709489
7.213880080312353	-5.341475944779785	37.112883102851285
6.937814239113912	-5.469818101282245	36.810297822873665
6.665092022297243	-5.587919981606501	36.5109130408615
6.395858849427493	-5.696280045363611	36.214960471212436
6.130246145580762	-5.795388426522682	35.92264141285953
5.868371844048452	-5.8857256144123244	35.63412871108483
5.6103409047928485	-5.967761327267215	35.349568692736945
5.356245844244877	-6.041953564822304	35.06908306240104
5.106167272427401	-6.108747826394996	34.792770749050156
4.860174433770607	-6.168576481011314	34.52070969453969
4.6183257483566535	-6.221858276396463	34.25295857698706
4.380669350686536	-6.2689979740364485	33.98955846360481
4.147243623399818	-6.310386098001111	33.73053438892904
3.9180777236977087	-6.3463987857776685	33.47589685561112
3.693192100519178	-6.377397729978243	33.225643256023886
3.472599000799343	-6.403730200437383	32.97975921388163
3.256302963397285	-6.425729136891479	32.73821984589417
3.044301299519029	-6.443713303118088	32.50099094417872
2.8365845586788647	-6.457987494099022	32.26803008074701
2.6331369794401374	-6.46884278844744	32.03928763587987
2.4339369243561078	-6.476556838998793	31.814707752605848
2.2389572986922213	-6.4813941951027125	31.594229219823628
2.0481659526552267	-6.483606650763064	31.37778628685909
1.8615260669820488	-6.483433613353315	31.165309412434297
1.678996521854086	-6.481102488181699	30.95672595115659
1.5005322492010422	-6.476829074693977	30.751960780717578
1.326084568543896	-6.470817970580179	30.550936873031272
1.1556015066002185	-6.463262980495569	30.353575812544097
0.9890281009375881	-6.454347526515414	30.159798264922696
0.8263066880135317	-6.444245057818991	29.969524399273126
0.6673771759840904	-6.433119457441569	29.782674266972133
0.512177302698555	-6.421125444245296	29.59916814010136
0.360642879326146	-6.40840896854257	29.418926812372387
0.21270802008220524	-6.3951076000601175	29.24187186531764
0.06830535853736082	-6.381350907160502	29.06792590240164
-0.07263374899595765	-6.367260826441802	28.89701275358195
-0.2101790324987653	-6.352952022017563	28.729057652720865
-0.34440112919928423	-6.338532233939496	28.56398739011917
-0.47537141594254473	-6.324102615366615	28.40173044231424
-0.603161852476904	-6.309758058208045	28.242217081156674
-0.7278448351648149	-6.295587507074246	28.085379464053943
-0.849493060633117	-6.2816742614644445	27.931151707147404
-0.9681793988882796	-6.268096266197843	27.779469943070062
-1.083976775433071	-6.254926390164267	27.630272364818453
-1.196958061933737	-6.242232693527292	27.483499257161963
-1.3071959749999924	-6.230078683560891	27.33909301690828
-1.4147629826540784	-6.218523559340187	27.196998163243723
-1.51973121807966	-6.207622445538992	27.057161339272547
-1.6221724002560014	-6.197426615612392	26.91953130578976
-1.7221577610979009	-6.187983704662381	26.78405892823748
-1.819757978736727	-6.1793379122993235	26.65069715771554
-1.9150431165929558	-6.171530195822398	26.51940100684237
-2.008082567905284	-6.164598454048756	26.39012752119258
-2.0989450053960663	-6.158577702124513	26.262835746972453
-2.1876983357670587	-6.153500237651248	26.13748669553378
-2.274409658733452	-6.149395798459946	26.014043305270174
-2.3591452303177993	-6.146291712360608	25.89247040138733
-2.441970430138593	-6.144213039190379	25.772734653990312
-2.522949732441154	-6.143182705476395	25.654804534885834
-2.602146680630711	-6.143221632021767	25.538650273456074
-2.679623865079567	-6.144348854714514	25.42424381192225
-2.755442903991629	-6.146581638850034	25.311558760280874
-2.8296644271186078	-6.149935587247904	25.20057035116332
-2.9023480621326696	-6.1544247424337755	25.091255394839553
-2.9735524234705144	-6.160061683146826	24.983592234559552
-3.0433351034733387	-6.166857615422847	24.877560702401215
-3.1117526656564762	-6.17482245849266	24.773142075770647
-3.1788606399511874	-6.183964925725216	24.670319034679924
-3.244713519769446	-6.194292600834554	24.56907561990877
-3.309364760750535	-6.205812009559731	24.469397192139148
-3.3728667810557953	-6.218528687017104	24.371270392136324
-3.435270963085094	-6.232447240914752	24.274683102035766
-3.496627656495327	-6.24757141080958	24.179624407782544
-3.556986182407744	-6.263904123578689	24.08608456275845
-3.616394838697196	-6.281447545267981	23.994054952621262
-3.674900906261937	-6.300203129472587	23.903528061371755
-3.7325506561783066	-6.3201716623957696	23.81449743865546
-3.789389357649801	-6.341353304725256	23.726957668298464
-3.8454612866649676	-6.363747630458655	23.64090433807015
-3.9008097352832567	-6.387353662802591	23.556334010659576
-3.955477021472316	-6.4121699072635066	23.47324419584686
-4.009504499424525	-6.438194382041752	23.39163332384633
-4.062932570284372	-6.465424645834475	23.31150071979382
-4.115800693222137	-6.493857823147125	23.23284657934684
-4.1681473967928335	-6.523490627207903	23.15567194536315
-4.22001029052267	-6.554319380574302	23.07997868562019
-4.271426076668551	-6.5863400335160245	23.00576947153544
-4.322430562098978	-6.619548180253877	22.933047757845355
-4.373058670247695	-6.653939073129913	22.861817763198808
-4.42334445309395	-6.689507634779952	22.792084451618962
-4.473321103125856	-6.7262484683757044	22.7238535147862
-4.523020965245675	-6.764155866000095	22.657131355093274
-4.572475548578124	-6.803223815215959	22.591925069422704
-4.621715538144924	-6.843446003885043	22.528242433595494
-4.670770806370815	-6.884815823291275	22.466091887439113
-4.7196704243882115	-6.927326369619469	22.40548252042211
-4.768442673109443	-6.970970443838026	22.34642405780181
-4.8171150540372665	-7.01574055003184	22.28892684723082
-4.865714299785937	-7.061628892229346	22.23300184576771
-4.914266384286701	-7.108627369765715	22.17866060723627
-4.962796532653028	-7.156727571222322	22.12591526987748
-5.01132923068228	-7.2059207669809675	22.07477854423758
-5.05988823397192	-7.256197900429943	22.025263701235225
-5.108496576629534	-7.307549577857651	21.977384560350057
-5.15717657955727	-7.359966057068466	21.931155477874594
-5.205949858292372	-7.413437234754568	21.886591335170714
-5.254837330386713	-7.467952632656797	21.84370752687145
-5.303859222309258	-7.523501382546938	21.802519948968325
-5.353035075856448	-7.5800722100635545	21.763044986723738
-5.40238375405655	-7.637653417433253	21.725299502347497
-5.451923446555017	-7.696232865109291	21.68930082237577
-5.501671674468866	-7.755797952359631	21.65506672469026
-5.551645294699072	-7.816335596836907	21.622615425114677
-5.601860503690914	-7.8778322131633605	21.591965563525076
-5.652332840633183	-7.940273690564624	21.563136189409747
-5.703077190088096	-8.003645369587142	21.536146746813987
-5.754107784044713	-8.067932017935254	21.511017058604214
-5.8054382033896275	-8.133117805465382	21.487767309985458
-5.8570813787896565	-8.199186278376308	21.466418031205542
-5.909049590982265	-8.266120332636467	21.446990079378804
-5.9613544704704475	-8.333902186691127	21.429504619361694
-6.014006996619856	-8.402513353494685	21.413983103612104
-6.067017496156975	-8.471934611915767	21.400447250963968
-6.120395641068314	-8.542145977565605	21.38891902424834
-6.174150445901664	-8.613126673103078	21.379420606692015
-6.2282902644716795	-8.684855098073086	21.371974377024628
-6.282822785973269	-8.757308798338308	21.366602883225315
-6.337755030507537	-8.830464435168077	21.36332881484013
-6.393093344026385	-8.904297754052095	21.36217497380189
-6.44884339270324	-8.978783553310791	21.363164243684604
-6.505010156738858	-9.053895652578506	21.366319557325546
-6.561597923612664	-9.129606861240402	21.371663862748893
-6.618610280791672	-9.205888946908717	21.379220087326257
-6.676050107910728	-9.28271260402909	21.38901110011095
-6.733919568439506	-9.360047422712988	21.40105967228465
-6.792220100853558	-9.437861857897662	21.415388435657416
-6.850952409328577	-9.51612319894073	21.43201983916445
-6.910116453979184	-9.594797539762462	21.450976103306072
-6.969711440665208	-9.673849749654352	21.47227917248058
-7.02973581039112	-9.753243444879363	21.495950665163647
-7.090187228326182	-9.83294096119489	21.522011821892015
-7.151062572475288	-9.912903327436059	21.55048345101416
-7.212357922032918	-9.99309024030328	21.581385872175783
-7.274068545455135	-10.073460040504436	21.614738857513977
-7.336188888287128	-10.153969690408394	21.650561570540248
-7.398712560786521	-10.23457475337297	21.68887250269967
-7.461632325385347	-10.31522937491668	21.72968940760125
-7.524940084036538	-10.395886265909741	21.77302923292272
-7.588626865493556	-10.476496687965819	21.818908050002264
-7.652682812574858	-10.557010441221589	21.867340981139243
-7.717097169467844	-10.637375854696753	21.918342124636567
-7.7818582691300575	-10.717539779432062	21.971924477628438
-7.846953520848466	-10.79744758460767	22.028099856749275
-7.912369398020854	-10.87704315684821	22.086878816712247
-7.978091426226456	-10.95626890292458	22.148270566879216
-8.044104171656148	-11.035065756065409	22.21228288591823
-8.11039122997563	-11.113373186093323	22.27892203465951
-8.176935215698222	-11.191129213602586	22.348192667276543
-8.243717752146832	-11.268270428395203	22.420097740935287
-8.310719462087798	-11.344732012392068	22.494638424071447
-8.377919959122112	-11.420447767234249	22.571814003473424
-8.445297839922448	-11.495350146786764	22.65162179036679
-8.512830677406905	-11.569370294753169	22.73405702571483
-8.580495014943121	-11.642438087604077	22.819112784968926
-8.648266361678532	-11.714482183015894	22.906779882522134
-8.716119189094751	-11.785430074007623	22.997046776139097
-8.78402692888594	-11.855208148953952	23.08989947165564
-8.8519619722625	-11.9237417576409	23.185321428261393
-8.919895670782788	-11.990955283516978	23.283293464698897
-8.98779833881659	-12.056772222277704	23.38379366673284
-9.055639257744264	-12.121115266903688	23.486797296262182
-9.12338668199613	-12.183906399253827	23.592276702467576
-9.191007847035952	-12.24506698829351	23.700201235404684
-9.25846897939188	-12.304517895014747	23.810537162471864
-9.325735308836684	-12.362179584079625	23.923247588197118
-9.392771082817466	-12.417972242191185	24.038292377804964
-9.459539583232488	-12.471815903166293	24.155628085037684
-9.526003145649794	-12.52363057965354	24.27520788471802
-9.592123181058547	-12.573336401405795	24.396981510550837
-9.657860200239755	-12.620853759981577	24.52089519866984
-9.723173840837841	-12.666103459712222	24.646891637441623
-9.788022897208924	-12.70900687473297	24.774909924043026
-9.85236535311505	-12.749486111835635	24.90488552832876
-9.916158417326315	-12.787464178858743	25.036750264504114
-9.979358562184885	-12.822865158288026	25.170432271112507
-10.041921565175997	-12.855614385696295	25.305855999838894
-10.103802553541541	-12.88563863260706	25.442942213618146
-10.164956051961322	-12.912866293321295	25.58160799452128
-10.225336033316113	-12.937227575201542	25.72176676187293
-10.284895972534676	-12.958654691862739	25.863328301029497
-10.34358890351436	-12.977082058674737	26.00619880321945
-10.401367479091645	-12.992446489938157	26.150280916815266
-10.458184034025045	-13.004687397053155	26.295473810369945
-10.513990650938332	-13.013746986960474	26.44167324771052
-10.568739229156987	-13.019570460095968	26.58877167533615
-10.62238155635521	-13.022106207064464	26.736658322319414
-10.674869382915002	-13.021306003206295	26.885219312856428
-10.726154498882513	-13.017125200201118	27.03433779155474
-10.776188813390371	-13.009522913828551	27.183894061487322
-10.824924436398144	-12.998462206984744	27.333765734977387
-10.87231376258643	-12.983910267038189	27.483827897011928
-10.918309557223425	-12.965838576597562	27.633953281112156
-10.962865043806579	-12.9442230767594	27.784012457417557
-11.005933993265755	-12.919044321904371	27.93387403266654
-11.047470814498768	-12.890287625118027	28.083404861681696
-11.087430645995076	-12.857943193325566	28.23247026989228
-11.125769448289091	-12.822006251250379	28.380934286350463
-11.162444096971004	-12.782477153333323	28.52865988662279
-11.197412475970516	-12.73936148278369	28.6755092448637
-11.230633570817327	-12.692670136973788	28.821343994305675
-11.262067561572115	-12.642419398437031	28.96602549533037
-11.291675915112725	-12.58863099078403	29.109415110218052
-11.319421476452936	-12.531332118912577	29.251374483609577
-11.345268558765266	-12.470555492955004	29.3917658276563
-11.369183031775178	-12.406339335480101	29.530452210779938
-11.391132408191497	-12.33872737154607	29.66729784891639
-11.411085927837451	-12.267768801285323	29.802168398076372
-11.429014639147878	-12.193518254790966	29.93493124702104
-11.444891477701635	-12.116035729167729	30.065455808823828
-11.4586913414634	-12.035386507706145	30.193613810070712
-11.470391162416421	-11.951641061237698	30.31927957643998
-11.479969974277076	-11.86487493182889	30.442330313400557
-11.487408975993445	-11.77516859907372	30.56264638077423
-11.492691590743402	-11.68260732934539	30.680111559922562
-11.495803520162927	-11.587281008468777	30.794613312343742
-11.496732793552425	-11.48928395837409	30.906043028497773
-11.49546981182768	-11.388714738388545	31.014296265720613
-11.492007386002541	-11.285675931915728	31.119272974138454
-11.486340770012475	-11.180273919341152	31.220877709552116
-11.47846768771157	-11.072618638085716	31.31901983232833
-11.46838835390019	-10.962823330806605	31.41361369140851
-11.45610548926634	-10.851004282816103	31.504578792626315
-11.441624329150374	-10.737280549852494	31.59183995061201
-11.424952626070166	-10.621773677393211	31.675327423653588
-11.406100645971712	-10.50460741274754	31.75497703098142
-11.38508115819848	-10.385907411205451	31.830730252043054
-11.361909419201119	-10.265800937548294	31.902534307438177
-11.336603150037561	-10.144416564247507	31.970342221288544
-11.309182507741472	-10.021883867688318	32.0341128649237
-11.279670050664668	-9.89833312375664	32.09381098186936
-11.248090697925914	-9.773895004119115	32.14940719423037
-11.214471683124541	-9.648700274508949	32.200877990663685
-11.178842502502349	-9.522879496303553	32.24820569623737
-11.141234857760855	-9.3965627326449	32.29137842456919
-11.101682593763467	-9.269879260310008	32.33039001273098
-11.060221631372878	-9.142957288487906	32.36523993949332
-11.016889895693204	-9.015923685561006	32.395933227567184
-10.971727240003812	-8.888903714924009	32.42248033057539
-10.924775365687303	-8.762020780802825	32.44489700555603
-10.876077738467746	-8.635396184960173	32.46320417186208
-10.825679501286874	-8.509148895094594	32.47742775737604
-10.773627384155501	-8.383395325655846	32.48759853300514
-10.719969611324895	-8.25824913171352	32.4937519364615
-10.664755806128321	-8.133821016427422	32.495927886362196
-10.608036893846279	-8.010218552578955	32.49417058770699
-10.549865002950321	-7.8875460185331185	32.48852832980586
-10.490293365079658	-7.765904248911537	32.4790532777356
-10.429376214102232	-7.645390500168876	32.4658012584035
-10.367168684607428	-7.526098331178723	32.448831542288524
-10.303726710171482	-7.408117498851439	32.428206621914875
-10.239106921728757	-7.291533868725608	32.40399198809147
-10.173366546372648	-7.176429340397803	32.37625590492322
-10.106563306899043	-7.0628817875822465	32.34506918456647
-10.03875532239311	-6.950965012523436	32.31050496266295
-9.970001010146865	-6.840748714421031	32.27263847534354
-9.900358989180534	-6.7322984714676295	32.23154683864653
-9.829887985625517	-6.62567573604667	32.18730883114477
-9.758646740210597	-6.520937842589818	32.14000468052334
-9.686693918076433	-6.418138027550782	32.08971585479423
-9.614088021126063	-6.317325460915692	32.03652485877749
-9.540887303101705	-6.218545288639027	31.98051503642078
-9.467149687560179	-6.121838685368205	31.921770379470384
-9.392932688901476	-6.0272429167996275	31.860375342948338
-9.318293336587011	-5.934791410993818	31.796414667832046
-9.243288102666318	-5.84451383796712	31.729973211275205
-9.167972832713312	-5.756436196871986	31.661135784652622
-9.092402680256075	-5.670580910077164	31.589986999656873
-9.01663204476708	-5.586966923462311	31.516611122621647
-8.940714513264627	-5.505609812249053	31.441091937196116
-8.864702805560167	-5.426521891701338	31.363512615446147
-8.788648723171287	-5.349712332042303	31.283955597412547
-8.712603101905295	-5.2751872769519785	31.20250247911328
-8.636615768104871	-5.20294996503021	31.119233908936845
-8.560735498533912	-5.133000853631183	31.034229492336326
-8.48500998386966	-5.065337744500279	30.947567704700003
-8.409485795755701	-4.99995591066977	30.8593258122429
-8.33420835735981	-4.936848224097111	30.76957980073589
-8.259221917370875	-4.876005283557947	30.67840431186392
-8.184569527360273	-4.817415542335023	30.585872586982877
-8.110293022424841	-4.761065435273858	30.492056418025566
-8.036433005021541	-4.706939504806032	30.39702610529102
-7.963028831897291	-4.6550205255709125	30.300850421837765
-7.890118604011938	-4.605289627296583	30.2035965841908
-7.817739159347387	-4.557726415630259	30.105330229063465
-7.745926068491849	-4.512309090637571	30.006115395789283
-7.674713632884707	-4.469014562718487	29.906014514154947
-7.604134885604877	-4.427818565715306	29.805088397323537
-7.534221594583417	-4.388695767014886	29.70339623953715
-7.465004268119648	-4.3516198744729655	29.600995618289616
-7.396512162579373	-4.316563740013214	29.497942500663378
-7.32877329215327	-4.283499459777059	29.394291253529115
-7.261814440553881	-4.252398470722756	29.290094657312657
-7.19566117453018	-4.223231643593208	29.185403923040635
-7.130337859079917	-4.195969372191988	29.080268712384555
-7.065867674241307	-4.1705816589254585	28.974737160431435
-7.002272633347635	-4.147038196586365	28.868855900919066
-6.939573602630408	-4.125308446370184	28.7626700936838
-6.87779032205919	-4.105361712130384	28.656223454079417
-6.816941427309089	-4.087167210892358	28.549558284136786
-6.75704447274965	-4.070694139658061	28.442715505244898
-6.698115955352134	-4.055911738544729	28.335734692145483
-6.640171339415582	-4.0427893503110734	28.228654108044953
-6.583225082015285	-4.031296476333367	28.12151074065863
-6.5272906590810305	-4.021402829101856	28.014340339013884
-6.47238059201608	-4.013078381314899	27.907177450850064
-6.418506474771489	-4.006293411654301	27.800055460464076
-6.365679001294211	-4.001018547330505	27.69300662686159
-6.3139079932711555	-3.997224803490632	27.58606212208428
-6.263202428095143	-3.9948836195859694	27.479252069593993
-6.213570466982492	-3.993966892798293	27.37260558260458
-6.165019483175666	-3.994447008626637	27.266150802261826
-6.117556090168172	-3.9962968687376366	27.159914935581185
-6.071186169892431	-3.9994899161835376	27.053924293061737
-6.025914900815068	-4.004000158092434	26.948204325903408
-5.981746785887447	-4.009802185935207	26.842779662762354
-5.938685680302723	-4.016871193473221	26.737674145986997
-5.896734819014112	-4.025182992489883	26.632910867284586
-5.855896843972138	-4.034714026408018	26.528512202774547
-5.8161738310419455	-4.045441381893398	26.424499847391594
-5.777567316564627	-4.057342798542979	26.320894848607196
-5.740078323529554	-4.070396676754293	26.21771763944367
-5.7037073873274435	-4.0845820838701785	26.11498807076023
-5.6684545810566105	-4.099878758690508	26.012725442795105
-5.634319540357423	-4.116267114439994	25.910948535952112
-5.601301487752472	-4.13372824027832	25.80967564082421
-5.569399256472253	-4.152243901436023	25.70892458745008
-5.538611313748484	-4.1717965380565305	25.608712773803262
-5.508935783559194	-4.192369262821764	25.509057193516217
-5.4803704688118255	-4.213945857435602	25.409974462844616
-5.452912872952398	-4.236510768036404	25.31148084687936
-5.426560220990629	-4.2600490996066345	25.213592285016176
-5.4013094799325545	-4.284546609444505	25.116324415694475
-5.3771573786137585	-4.309989699759407	25.019692600418757
-5.354100426927814	-4.3363654094497885	24.92371194707742
-5.33213493444586	-4.363661405119055	24.82839733257492
-5.311257028424587	-4.391865971381993	24.733763424794375
-5.291462671200968	-4.4209680005112375	24.639824703908445
-5.272747676973286	-4.450956981470332	24.546595483057022
-5.255107727968894	-4.48182298837701	24.45408992841084
-5.23853839000013	-4.5135566684374755	24.362322078640343
-5.223035127410615	-4.546149229389766	24.271305863809435
-5.20859331741489	-4.5795924264914065	24.18105512371389
-5.1952082638351	-4.613878549084074	24.091583625684024
-5.182875210238936	-4.649000406765333	24.002905081871212
-5.171589352483685	-4.684951315195006	23.91503316603761
-5.161345850671638	-4.721725081561344	23.827981529867937
-5.152139840522535	-4.759315989729822	23.741763818821994
-5.143966444169104	-4.79771878509505	23.65639368754593
-5.136820780382013	-4.836928659154114	23.57188481485982
-5.130697974230776	-4.876941233817601	23.488250918338398
-5.125593166187399	-4.917752545472405	23.405505768501108
-5.1215015206796615	-4.959359028808477	23.32366320262705
-5.118418234100985	-5.001757500419845	23.242737138209257
-5.116338542283969	-5.04494514218829	23.162741586062374
-5.115257727444629	-5.088919484456361	23.083690663096483
-5.115171124604361	-5.1336783889947295	23.00559860476913
-5.116074127496598	-5.179220031767253	22.92847977722666
-5.117962193965034	-5.225542885495556	22.852348689144822
-5.120830850860132	-5.272645702023497	22.777220003277698
-5.124675698440541	-5.320527494480426	22.703108547722902
-5.12949241428578	-5.36918751924081	22.63002932690993
-5.135276756726421	-5.418625257676541	22.55799753231736
-5.1420245677977165	-5.468840397696983	22.487028552923498
-5.149731775722399	-5.519832815070718	22.417137985393925
-5.158394396928092	-5.571602554521786	22.348341644008087
-5.168008537604484	-5.6241498105922645	22.28065557032589
-5.178570394805141	-5.6774749082620195	22.214096042594043
-5.190076257098481	-5.7315782833156	22.14867958489057
-5.202522504772123	-5.786460462445359	22.084422976004497
-5.215905609594498	-5.842122043079201	22.021343258046546
-5.230222134137229	-5.898563672920554	21.959457744785176
-5.245468730661457	-5.955786029187585	21.898784029700863
-5.261642139570939	-6.013789797538124	21.839339993750244
-5.278739187434344	-6.072575650666211	21.781143812830045
-5.296756784578844	-6.132144226555757	21.724213964929394
-5.315691922256709	-6.192496106376479	21.668569236957552
-5.335541669386255	-6.25363179200699	21.614228731232373
-5.3563031688681395	-6.31555168316967	21.56121187161335
-5.377973633477627	-6.378256054161863	21.50953840926147
-5.400550341333086	-6.441745030167876	21.45922842800628
-5.424030630940687	-6.506018563136343	21.410302349298934
-5.448411895814851	-6.5710764072075625	21.36278093672828
-5.473691578673746	-6.6369180936757735	21.316685300075132
-5.4998671652088	-6.703542905471533	21.272036898878152
-5.526936177426861	-6.770949851149886	21.22885754548284
-5.554896166563426	-6.839137638370511	21.18716940754321
-5.5837447055650475	-6.908104646856703	21.146995009943897
-5.613479381138794	-6.977848900820802	21.108357236108315
-5.644097785366471	-7.048368040844619	21.071279328656583
-5.67559750688106	-7.1196592952044275	21.035784889374934
-5.707976121602707	-7.191719450631221	21.00189787845613
-5.741231183031461	-7.264544822498358	20.96964261296845
-5.775360212093854	-7.338131224430067	20.939043764508646
-5.810360686540362	-7.412473937326026	20.910126355992208
-5.846230029890775	-7.48756767779897	20.88291575753205
-5.882965599924499	-7.563406566024293	20.857437681354703
-5.9205646767129	-7.639984093002765	20.833718175700927
-5.959024450190915	-7.7172930872398595	20.811783617655504
-5.998342007265308	-7.7953256808477365	20.79166070484896
-6.038514318457154	-7.874073275078702	20.773376445971813
-6.079538224076474	-7.953526505301985	20.75695815003991
-6.121410419927209	-8.033675205438877	20.742433414347552
-6.164127442541171	-8.114508371874713	20.729830111043015
-6.207685653940077	-8.196014126869946	20.719176372259355
-6.252081225925313	-8.278179681496443	20.710500573731586
-6.297310123895701	-8.360991298129447	20.703831316829692
-6.343368090194275	-8.44443425253	20.699197408935373
-6.390250626985821	-8.528492795557563	20.69662784208916
-6.43795297866785	-8.613150114557412	20.696151769833143
-6.486470113818664	-8.69838829447289	20.697798482173717
-6.535796706687203	-8.784188278738098	20.70159737858784
-6.585927118230582	-8.870529830012552	20.707577938995726
-6.636855376706477	-8.957391490825552	20.715769692622573
-6.688575157828988	-9.044750544204476	20.726202184671987
-6.741079764497973	-9.132582974367978	20.738904940733942
-6.794362106113694	-9.220863427572324	20.753907428850788
-6.848414677490084	-9.309565173206057	20.77123901916593
-6.903229537382098	-9.3986600652363	20.79092894108112
-6.958798286644472	-9.488118504117601	20.813006237850345
-7.015112046041333	-9.577909399282445	20.837499718540524
-7.07216143372845	-9.668000132340957	20.86443790729229
-7.1299365424322945	-9.75835652112593	20.893848989817528
-7.188426916352609	-9.848942784728118	20.925760757074432
-7.247621527817868	-9.939721509675616	20.96020054606569
-7.307508753725877	-10.030653617420354	20.997195177710612
-7.36807635180466	-10.121698333303874	21.036770891748443
-7.429311436731928	-10.212813157183751	21.078953278636764
-7.491200456154625	-10.303953835911411	21.12376720841681
-7.553729166653445	-10.395074337861217	21.17123675652602
-7.616882609700659	-10.486126829719874	21.221385126547585
-7.680645087663235	-10.577061655754163	21.27423456989722
-7.745000139907001	-10.66782731978385	21.32980630245867
-7.809930519061304	-10.758370470094905	21.388120418191786
-7.87541816750772	-10.848635887536448	21.449195799750385
-7.941444194160272	-10.938566477052373	21.5130500261615
-8.007988851608737	-11.02810326290567	21.579699277632926
-8.075031513700782	-11.117185387859948	21.64915823757267
-8.142550653642846	-11.205750116588277	21.72143999192128
-8.210523822703912	-11.293732843584396	21.79655592591681
-8.278927629610507	-11.381067105855028	21.87451561843177
-8.347737720725512	-11.467684600674989	21.955326734042202
-8.416928761107473	-11.553515208688134	22.038994913010786
-8.48647441655113	-11.638487022637426	22.12552365938844
-8.556347336714095	-11.722526382006293	22.214914227462778
-8.626519139438072	-11.805557913850235	22.30716550680602
-8.696960396377085	-11.887504580093273	22.40227390620035
-8.767640620048368	-11.968287731557158	22.500233236744585
-8.838528252424997	-12.047827168982822	22.601034594472694
-8.909590655192135	-12.126041211292733	22.704666242841416
-8.980794101791586	-12.202846771329984	22.811113495471734
-9.052103771381391	-12.27815943929451	22.920358599556288
-9.12348374483926	-12.351893574078979	23.03238062037229
-9.194897002939907	-12.42396240268637	23.147155327366608
-9.26630542683724	-12.494278127888105	23.26465508230658
-9.337669800982736	-12.562752044255447	23.38484873001608
-9.408949818611026	-12.629294662668242	23.507701492241882
-9.480104089922737	-12.693815843373	23.63317486521902
-9.551090153093053	-12.756224937627831	23.76122652152693
-9.621864488231976	-12.816430937933939	23.891810216848754
-9.69238253441919	-12.874342636812925	24.024875702265238
-9.762598709932206	-12.92986879404556	24.16036864273121
-9.83246643578168	-12.982918312241598	24.298230542396507
-9.901938162661773	-13.03340042056117	24.438398677444074
-9.970965401416748	-13.081224866357045	24.580806037125765
-10.039498757116919	-13.126302114453068	24.725381273679996
-10.107487966828419	-13.168543553718406	24.872048661815757
-10.174881941151211	-13.207861710539415	25.020728068442942
-10.24162880958873	-13.244170468731662	25.171334933320004
-10.307675969800657	-13.277385295374204	25.32378026127649
-10.372970140777024	-13.307423471986933	25.477970626648677
-10.437457419957767	-13.334204330410039	25.633808190542457
-10.5010833443066	-13.35764949268313	25.791190731507633
-10.563792955331845	-13.377683114160408	25.95001169017206
-10.625530868029632	-13.39423212903841	26.11016022834251
-10.686241343706875	-13.407226497414541	26.271521303031697
-10.74586836662226	-13.416599452938602	26.43397575581702
-10.80435572436397	-13.422287750066422	26.597400417877502
-10.861647091862261	-13.424231909875063	26.76166823098958
-10.917686118914018	-13.422376463353647	26.92664838469153
-10.972416521074935	-13.416670191043163	27.092206469749563
-11.025782173753074	-13.407066357863515	27.25820464797689
-11.077727209315462	-13.393522941936855	27.42450183837039
-11.128196116997179	-13.37600285619394	27.590953919438434
-11.177133845380341	-13.354474161535112	27.75741394749869
-11.224485907188468	-13.328910270310192	27.923732390626437
-11.270198486120316	-13.299290138882695	28.089757377833383
-11.314218545426366	-13.265598448053538	28.255334962954304
-11.356493937911052	-13.227825770138516	28.420309402615153
-11.396973517024737	-13.185968721522089	28.584523447552577
-11.435607248691353	-13.140030099548365	28.74781864645136
-11.472346323501109	-13.090019002657884	28.910035661365278
-11.5071432688824	-13.035950932736691	29.07101459368732
-11.539952060853697	-12.977847878711675	29.23059531954045
-11.57072823494465	-12.915738380503194	29.388617833369214
-11.599428995866054	-12.849657572532424	29.5449225984274
-11.626013325501088	-12.779647206076092	29.699350902778537
-11.650442088785157	-12.70575564986485	29.851745219355166
-11.67267813703927	-12.628037868432795	30.001949568560477
-11.692686408321773	-12.546555377844049	30.14980988184258
-11.710434024366094	-12.461376178546509	30.29517436462909
-11.725890383677463	-12.372574665232662	30.43789385697723
-11.739027250369789	-12.280231513720935	30.577822190274276
-11.749818838334855	-12.184433545007852	30.714816538314274
-11.758241890349646	-12.08527356677992	30.848737761080386
-11.76427575174417	-11.982850192813299	30.979450739578827
-11.767902438271214	-11.877267640828112	31.106824700098613
-11.76910669784126	-11.768635509500589	31.230733526313482
-11.767876065809938	-11.657068535470083	31.351056057695814
-11.764200913532056	-11.54268633130655	31.46767637277928
-11.758074489924821	-11.425613105527528	31.580484055884526
-11.749492955813771	-11.305977365869614	31.68937444601187
-11.738455410867262	-11.18391160712759	31.794248866704635
-11.724963912959527	-11.059551984973192	31.895014835796236
-11.709023489837659	-10.933037977254111	31.99158625407235
-11.6906421430042	-10.804512034351394	32.083883572005405
-11.669830843764313	-10.674119220239369	32.171833933850785
-11.646603521424089	-10.542006845945316	32.25537129853212
-11.620977043664414	-10.408324097146748	32.33443653688434
-11.59297118915269	-10.273221657671346	32.40897750496768
-11.562608612491951	-10.136851330678125	32.478949093311535
-11.529914801643809	-9.999365659298924	32.54431325209244
-11.49491802799734	-9.860917548506025	32.605038992394896
-11.457649289290663	-9.721659889945393	32.66110236384531
-11.418142245625	-9.58174519143624	32.71248640904653
-11.376433148842525	-9.44132521278623	32.75918109537334
-11.332560765568589	-9.30055060950904	32.80118322481488
-11.286566294246482	-9.159570585957626	32.83849632266865
-11.23849327651762	-9.018532559302916	32.87113050600143
-11.18838750332285	-8.877581835695775	32.89910233289313
-11.136296916120381	-8.736861299849604	32.92243463357118
-11.082271503633107	-8.596511119174508	32.94115632462388
-11.026363194552644	-8.456668463480968	32.955302207551036
-10.968625746638919	-8.317467241154464	32.96491275296873
-10.909114632663076	-8.17903785258203	32.97003387183271
-10.84788692364736	-8.041506961489638	32.970716675080276
-10.785001169858779	-7.904997284725925	32.96701722311505
-10.720517280013711	-7.769627400904993	32.95899626657225
-10.654496399148375	-7.635511578199121	32.94671897980399
-10.58700078560515	-7.502759621453137	32.93025468851597
-10.518093687577323	-7.371476738675701	32.909676592968474
-10.447839219645271	-7.241763426851159	32.88506148812659
-10.376302239725078	-7.11371537690843	32.856489482108195
-10.30354822683676	-6.987423397581997	32.824043714233156
-10.229643160083564	-6.862973357805177	32.787810073925534
-10.154653399216285	-6.740446147187242	32.74787692166168
-10.078645567137777	-6.619917654045099	32.70433481309303
-10.001686434682663	-6.501458760386507	32.65727622740343
-9.92384280798593	-6.3851353531759205	32.606795300887605
-9.845181418732098	-6.271008351156263	32.55298756666121
-9.765768817553708	-6.159133746449683	32.49594970133446
-9.685671270824571	-6.049562660118316	32.4357792794012
-9.604954661069605	-5.9423414108317365	32.3725745360144
-9.523684391189219	-5.8375115957610095	32.3064341387382
-9.44192529267245	-5.735110182799867	32.23745696878651
-9.359741537949395	-5.635169613201227	32.16574191217885
-9.27719655701016	-5.5377179137115835	32.09138766116708
-9.194352958394848	-5.442778817286718	32.01449252621193
-9.111272454636627	-5.350371891478524	31.935154258715855
-9.028015792218524	-5.260512673595026	31.85346988465008
-8.944642686083677	-5.173212811752529	31.769535549148053
-8.861211758719017	-5.088480210960633	31.68344637207622
-8.777780483813187	-5.006319183406131	31.59529631453509
-8.694405134471829	-4.926730602131194	31.505178056190434
-8.611140735956216	-4.849712057333158	31.413182883285096
-8.528041022895634	-4.775258014548142	31.31940058713715
-8.44515840090916	-4.7033599740175696	31.22391937288992
-8.362543912559016	-4.634006630575108	31.126825778242964
-8.280247207545306	-4.567184033431547	31.02820460186163
-8.198316517040778	-4.502875745275712	30.928138841135144
-8.116798632054136	-4.441063000150818	30.826709638929575
-8.035738885701544	-4.3817248596070035	30.723996238962588
-7.955181139258115	-4.324838366672133	30.620075949410996
-7.875167771854362	-4.270378697223667	30.51502411434983
-7.795739673676942	-4.218319308384683	30.40891409261281
-7.7169362425282495	-4.168632083606325	30.30181724365834
-7.638795383595502	-4.1212874741370396	30.193802920022186
-7.561353512277384	-4.076254636616026	30.084938465938123
-7.484645559913891	-4.033501566563544	29.975289221709865
-7.408704982264141	-3.992995227574849	29.864918533422408
-7.333563770576192	-3.954701676056686	29.753887767587354
-7.259252465093263	-3.9185861813759035	29.642256330325218
-7.185800170841586	-3.8846133413185706	29.53008169069769
-7.113234575546561	-3.852747192785001	29.417419407814105
-7.041581969525916	-3.8229513176713077	29.30432316134891
-6.970867267410995	-3.7951889439115107	29.190844785120298
-6.901114031550299	-3.769423041675861	29.07703430339457
-6.832344496952705	-3.7456164147408733	28.96293996959569
-6.764579597631362	-3.7237317870646462	28.848608307114695
-6.697838994213358	-3.7037318846175213	28.734084151929647
-6.6321411026843045	-3.685579512532863	28.61941069676246
-6.567503124141539	-3.6692376276560066	28.504629536515086
-6.503941075434177	-3.6546694065811005	28.38978071474351
-6.441469820573013	-3.6418383092758613	28.27490277094379
-6.380103102798061	-3.6307081384031528	28.160032788440077
-6.319853577196533	-3.621243094455938	28.045206442679756
-6.260732843768946	-3.613407826828574	27.93045804975608
-6.202751480846066	-3.607167480952669	27.81582061499293
-6.145919078764365	-3.6024877416299845	27.70132588144066
-6.090244273712655	-3.5993348726980874	27.587004378145487
-6.035734781667392	-3.5976757531667967	27.472885468067922
-5.982397432339059	-3.597477909964995	27.35899739553827
-5.930238203056781	-3.59870954743811	27.245367333149108
-5.87926225252295	-3.601339573736626	27.132021427996005
-5.829473954374232	-3.605337624235432	27.01898484718839
-5.780876930489759	-3.610674082122652	26.906281822562594
-5.7334740839916	-3.617320096294992	26.79393569453867
-5.687267631886814	-3.625247596694524	26.681968955071362
-5.642259137304395	-3.6344293072193734	26.570403289653992
-5.598449541284303	-3.644838756337921	26.459259618341772
-5.555839194079557	-3.656450285533024	26.348558135768165
-5.514427885935887	-3.669239055699365	26.238318350134563
-5.474214877316906	-3.6831810516134666	26.1285591211596
-5.4351989285460665	-3.6982530845920922	26.01929869698015
-5.397378328839712	-3.714432793450873	25.910554750000916
-5.360750924708562	-3.7316986438709545	25.802344411694317
-5.325314147707758	-3.750029926277338	25.694684306356546
-5.2910650415182285	-3.7694067523284174	25.587590583829297
-5.258000288344688	-3.789810050112011	25.481078951200164
-5.2261162346179	-3.8112215581389486	25.375164703497596
-5.1954089159910755	-3.833623818221072	25.269862753398964
-5.165874081622356	-3.8570001673162806	25.165187659972545
-5.137507217737237	-3.8813347284191355	25.061153656476154
-5.1103035704666615	-3.9066124005713503	24.957774677236998
-5.084258167958079	-3.932818848062535	24.85506438363851
-5.059365841758454	-3.9599404888874665	24.753036189241268
-5.03562124746953	-3.98796448252234	24.651703284065913
-5.013018884677019	-4.016878717078581	24.551078658066654
-4.991553116156582	-4.046671795889085	24.451175123824648
-4.971218186360577	-4.077333023578087	24.35200533849061
-4.952008239190527	-4.10885239166234	24.253581825006368
-4.933917335061155	-4.141220563727855	24.155916992634946
-4.916939467262662	-4.174428860223063	24.059023156828754
-4.9010685776286085	-4.208469242906091	23.962912558465078
-4.8862985715174085	-4.243334298980653	23.86759738247776
-4.87262333211598	-4.279017224952078	23.773089775913505
-4.860036734074569	-4.315511810232041	23.679401865440614
-4.848532656482171	-4.35281242051776	23.586545774337388
-4.838104995192286	-4.390913980968693	23.494533638986585
-4.828747674509017	-4.42981195920118	23.40337762490169
-4.820454658243707	-4.469502348118902	23.31308994230975
-4.8132199601524865	-4.509981648594671	23.223682861314792
-4.807037653765136	-4.551246852016676	23.135168726664656
-4.801901881615757	-4.593295422710105	23.04755997214338
-4.797806863885701	-4.636125280242922	22.96086913461003
-4.7947469064691415	-4.679734781622463	22.875108867703876
-4.7927164084716	-4.724122703387629	22.790291955234682
-4.79170986915157	-4.769288223599466	22.7064313242759
-4.791721894315198	-4.815230903731115	22.623540057977277
-4.792747202173805	-4.861950670456481	22.541631408112217
-4.7947806286737285	-4.909447797335151	22.46071880737418
-4.797817132307734	-4.9577228863895995	22.380815881435154
-4.801851798416911	-5.00677684956912	22.30193646077784
-4.806879842991657	-5.056610890093581	22.224094592312273
-4.812896615979963	-5.107226483668557	22.147304550786078
-4.8198976041108885	-5.158625359562168	22.071580849996383
-4.827878433240669	-5.210809481532681	21.996938253810153
-4.836834870228504	-5.263781028594652	21.92339178699829
-4.846762824348634	-5.317542375610322	21.85095674588767
-4.857658348244878	-5.372096073691866	21.77964870883373
-4.8695176384333285	-5.427444830399032	21.709483546515013
-4.882337035358434	-5.483591489715778	21.640477432049607
-4.896113023007212	-5.540539011788579	21.572646850931946
-4.910842228085854	-5.598290452408222	21.506008610787056
-4.9265214187624675	-5.656848942216104	21.440579850937787
-4.943147502979211	-5.716217665615297	21.376378051779046
-4.960717526336556	-5.776399839365995	21.31342104395158
-4.979228669551902	-5.837398690844273	21.251727017306084
-4.998678245494258	-5.899217435942599	21.191314529647016
-5.019063695796176	-5.961859256589946	21.132202515243566
-5.040382587043635	-6.025327277869042	21.07441029309376
-5.062632606544019	-6.089624544707818	21.017957574925713
-5.085811557671873	-6.15475399812184	20.962864472918362
-5.1099173547915875	-6.220718450984404	20.909151507122058
-5.1349480177556694	-6.287520563300635	20.856839612557604
-5.1609016659767795	-6.3551628169620535	20.8059501459702
-5.187776512071249	-6.423647489958002	20.756504892212867
-5.215570855071283	-6.492976630020449	20.708526070231756
-5.244283073202671	-6.56315202767897	20.66203633862369
-5.273911616224331	-6.6341751887029465	20.617058800733975
-5.304454997325624	-6.706047305908487	20.57361700926037
-5.335911784576992	-6.7787692303081615	20.531734970326713
-5.368280591929067	-6.8523414415822606	20.49143714698738
-5.401560069755055	-6.926764017851082	20.452748462121225
-5.435748894930911	-7.002036604728784	20.41569430067127
-5.470845760447466	-7.078158383640329	20.38030051118374
-5.5068493645484615	-7.155128039384379	20.346593406597503
-5.543758399388172	-7.23294372692637	20.3145997642323
-5.58157153920215	-7.311603037407635	20.28434682492138
-5.620287427984457	-7.391102963358227	20.255862291231473
-5.659904666664623	-7.471439863103049	20.229174324710215
-5.7004217997775655	-7.552609424353187	20.204311542098225
-5.741837301619665	-7.634606626976651	20.181303010440296
-5.784149561884257	-7.71742570494555	20.160178241027218
-5.827356870769887	-7.801060107459478	20.14096718209683
-5.871457403554915	-7.885502459248217	20.1237002102201
-5.916449204632231	-7.970744520060229	20.10840812029504
-5.962330170998194	-8.056777143347182	20.095122114068527
-6.0090980351903305	-8.143590234158815	20.08387378710321
-6.056750347668736	-8.23117270626681	20.074695114103967
-6.105284458636779	-8.319512438541006	20.06761843251562
-6.1546974992973205	-8.408596230606413	20.062676424301202
-6.204986362541398	-8.498409757814732	20.0599020958074
-6.25614768306726	-8.588937525570017	20.0593287556216
-6.308177816928622	-8.680162823054173	20.06098999032271
-6.361072820511962	-8.772067676404456	20.064919638026055
-6.41482842894411	-8.864632801402202	20.07115175962082
-6.469440033932593	-8.957837555739305	20.079720607597025
-6.524902661042691	-9.051659890936607	20.090660592357853
-6.581210946416866	-9.14607630399676	20.104006245912267
-6.6383591129439115	-9.241061788882474	20.11979218284227
-6.6963409458871475	-9.336589787920323	20.13805305843919
-6.755149767983062	-9.432632143239484	20.158823523903614
-6.814778414024063	-9.529159048364907	20.18213817850449
-6.875219204941408	-9.626139000094465	20.208031518594336
-6.936463921406996	-9.723538750800437	20.236537883379402
-6.9985037769754905	-9.821323261306725	20.267691397346464
-7.061329390791225	-9.919455654504608	20.301525909251072
-7.124930759887416	-10.017897169881563	20.338074927576365
-7.189297231108708	-10.116607119149892	20.37737155237645
-7.254417472691422	-10.215542843174077	20.419448403424173
-7.320279445539825	-10.31465967040855	20.46433754458996
-7.3868703742404955	-10.413910877070196	20.512070404386066
-7.45417671786108	-10.51324764928288	20.562677692619598
-7.5221841405840415	-10.612619047444348	20.61618931310749
-7.590877482230512	-10.711971973078679	20.67263427241796
-7.660240728734012	-10.811251138450459	20.732040584615252
-7.730256982628758	-10.910399039229647	20.794435171998348
-7.80090843362224	-11.009355930508473	20.859843761839265
-7.872176329326988	-11.108059806483896	20.928290779143232
-7.944040946231819	-11.20644638413083	20.999799235470867
-8.01648156099824	-11.304449091202265	21.074390613881945
-8.089476422173432	-11.401999058902936	21.152084750081368
-8.16300272241673	-11.499025119592353	21.232899709870367
-8.237036571342488	-11.59545380988178	21.31685166303018
-8.311552969087787	-11.691209379496561	21.403954753790853
-8.386525780719492	-11.786213806281454	21.49422096806522
-8.461927711600792	-11.880386817730724	21.587659997656704
-8.537730283843175	-11.973645919427423	21.68427910167969
-8.613903813975487	-12.065906430777089	21.784082965463064
-8.690417391967188	-12.157081528419543	21.887073557240257
-8.76723886174835	-12.247082297698952	21.99324998296355
-8.844334803373938	-12.335817792565843	22.10260833961564
-8.921670516984973	-12.423195104276157	22.215141567428045
-8.999210008723447	-12.509119439240246	22.330839301452954
-9.076915978762253	-12.593494206360024	22.449687722973383
-9.15474981161478	-12.676221114173972	22.57166941127452
-9.232671568892215	-12.757200278108053	22.696763196338026
-9.31063998467902	-12.836330338105066	22.824944013059454
-9.388612463699056	-12.91350858687575	22.956182757627392
-9.466545082445952	-12.98863110898159	23.09044614674028
-9.544392593451592	-13.061592930921819	23.227696580373323
-9.622108432866465	-13.132288182355937	23.36789200884374
-9.699644731523774	-13.200610268546782	23.510985804955208
-9.776952329657002	-13.266452054059366	23.6569266420341
-9.853980795437064	-13.32970605769634	23.805658378698634
-9.93067844749036	-13.390264658592091	23.957119951227295
-10.006992381553308	-13.448020313325058	24.111245274415147
-10.082868501411648	-13.502865783840859	24.267963151824375
-10.15825155426406	-13.554694375908259	24.427197196348267
-10.233085170640132	-13.603400187756092	24.588865762016837
-10.307311908990894	-13.648878368461688	24.75288188797429
-10.380873305057454	-13.691025385581117	24.91915325555512
-10.45370992610907	-13.729739301429074	25.08758215937647
-10.525761430125709	-13.76492005733121	25.25806549334626
-10.596966629983159	-13.796469765086051	25.430494752463424
-10.667263562679683	-13.824293004786547	25.604756051254075
-10.736589563622625	-13.848297128064425	25.780730159646904
-10.804881345971987	-13.868392565734457	25.95829255704371
-10.872075085014224	-13.884493138730548	26.13731350528249
-10.938106507515359	-13.89651637114345	26.31765814112592
-11.002910985976587	-13.904383804090246	26.499186588833002
-11.066423637688448	-13.908021309070715	26.681754093288067
-11.128579428452133	-13.90735939939548	26.865211174070456
-11.189313280807212	-13.902333538206735	27.04940380074664
-11.248560186576087	-13.892884441555314	27.234173589559635
-11.306255323505034	-13.878958374948759	27.419358021573522
-11.362334175751817	-13.860507441744964	27.604790682209238
-11.416732657939011	-13.837489861735778	27.790301521977437
-11.469387242462314	-13.809870238245464	27.975717138080878
-11.520235089712841	-13.777619812061074	28.160861076418577
-11.56921418084329	-13.740716700516273	28.345554153381627
-11.616263452679341	-13.699146120067612	28.529614796685284
-11.661322934350476	-13.65290059073312	28.71285940433565
-11.704333885188358	-13.601980120808165	28.895102720682537
-11.74523893341706	-13.546392370332399	29.07615822836614
-11.783982215136952	-13.486152791855384	29.25583855482229
-11.820509513084323	-13.421284747136099	29.433955891874483
-11.854768394631432	-13.351819598513575	29.61032242680929
-11.886708348476775	-13.277796773801919	29.784750783207087
-11.91628091946418	-13.199263803691485	29.95705446968682
-11.943439840960336	-13.1162763307804	30.127048334616756
-11.968141164215847	-13.028898089513056	30.294549024752843
-11.990343384133164	-12.937200856466697	30.45937544568543
-12.010007560867079	-12.841264370600198	30.62134922191087
-12.02709743668969	-12.741176223260323	30.780295154295146
-12.041579547561566	-12.637031717928526	30.936041672663904
-12.053423328864945	-12.528933699883748	31.088421281237604
-12.062601214772581	-12.41699235615223	31.237270994633175
-12.069088730747682	-12.301324986311974	31.382432762174354
-12.072864578695965	-12.182055744915209	31.523753878292485
-12.073910714320165	-12.059315356485936	31.661087376857164
-12.07221241626013	-11.933240804237572	31.794292407352994
-12.067758346637833	-11.80397499383814	31.92323459091264
-12.060540602665883	-11.671666393723653	32.047786354328
-12.0505547590202	-11.536468653623492	32.16782724028922
-12.037799900722074	-11.398540203112583	32.28324419224442
-12.022278646321698	-11.258043832142347	32.39393181243001
-12.00399716122376	-11.115146255624841	32.499792591791156
-11.982965161045739	-10.970017664249939	32.60073711069231
-11.9591959049506	-10.822831263803561	32.69668420950743
-11.93270617894725	-10.673762805325124	32.78756112837599
-11.903516269203875	-10.522990108492198	32.873303615613324
-11.871649925471031	-10.37069258065242	32.953856004468456
-11.837134314762144	-10.21705073393314	33.029171258129516
-11.799999965489043	-10.06224570285156	33.09921098308189
-11.760280702298417	-9.90645876481979	33.16394541112696
-11.71801357190173	-9.749870865892895	33.22335335056672
-11.673238760235169	-9.592662154042477	33.27742210725048
-11.625999501328074	-9.435011522156312	33.326147376361995
-11.576341978296954	-9.277096162865732	33.36953310599721
-11.524315216917877	-9.119091137189159	33.40759133374309
-11.469970972262102	-8.96116895885262	33.44034199761516
-11.413363608908659	-8.803499196009831	33.46781272284413
-11.354549975272013	-8.64624809193417	33.49003858611998
-11.293589272604235	-8.489578206097702	33.50706185900347
-11.230542919247746	-8.333648076887233	33.51893173230075
-11.165474410727724	-8.178611907037793	33.5257040232651
-11.098449176282063	-8.024619272690954	33.5274408675421
-11.029534432431657	-7.871814856810804	33.524210397808965
-10.958799034194685	-7.720338207516564	33.51608641107782
-10.886313324545855	-7.5703235217183265	33.50314802663475
-10.812148982714723	-7.421899454273604	33.48547933657361
-10.736378871907602	-7.275188952718849	33.463169050855896
-10.659076887023796	-7.130309117471867	33.43631013878628
-10.580317802920877	-6.987371087251589	33.40499946873942
-10.500177123764225	-6.8464799493193125	33.36933744790748
-10.418730933974365	-6.707734674013577	33.32942766376154
-10.336055751261469	-6.571228072928421	33.285376528834135
-10.252228382210362	-6.437046779973631	33.23729293033689
-10.167325780851133	-6.30527125445465	33.18528788602642
-10.08142491062166	-6.175975805221856	33.12947420762614
-9.994602610097255	-6.049228634860912	33.069966173001646
-9.906935462831598	-5.9250919028308395	33.006879208174475
-9.81849967162101	-5.803621806402362	32.9403295801445
-9.729370937471552	-5.6848686782061035	32.87043410137611
-9.639624343516195	-5.568877099168939	32.79730984668866
-9.549334244096688	-5.45568602559521	32.72107388317838
-9.458574159193008	-5.34532892913888	32.64184301368838
-9.367416674351496	-5.237833948410623	32.5597335342354
-9.27593334623244	-5.1332240509716005	32.47486100569835
-9.184194613867735	-5.03151720448066	32.38734003997458
-9.092269715690827	-4.932726555785022	32.29728410071549
-9.000226612373554	-4.836860616774023	32.20480531866461
-8.908131915478094	-4.743923455851045	32.110014321538245
-8.816050821907876	-4.65391489392011	32.01302007831241
-8.724047054117644	-4.5668307038287645	31.913929757709415
-8.63218280602127	-4.482662812258364	31.81284860061314
-8.540518694515756	-4.40139950310538	31.709879806085073
-8.449113716521374	-4.32302562145219	31.60512443060178
-8.358025211420909	-4.247522777282612	31.498681300089903
-8.267308828765602	-4.174869548155306	31.390646934296008
-8.177018501101953	-4.105041680106989	31.281115482996196
-8.087206421761298	-4.038012286116131	31.170178673523633
-7.997923027443399	-3.9737520415161844	31.057925769070405
-7.909216985416605	-3.9122293758054583	30.944443537204492
-7.821135185149161	-3.8534106603570826	30.829816228030907
-7.733722734180313	-3.7972603915880017	30.714125561419632
-7.647022958034836	-3.7437413691992676	30.597450722720275
-7.561077403981034	-3.6928148691515124	30.479868366384792
-7.475925848429869	-3.644440811088812	30.361452626924468
-7.391606307771414	-3.5985779199711327	30.24227513663518
-7.3081550524446595	-3.5551838817201378	30.12240504953608
-7.225606624037316	-3.5142154927251013	30.00190907097991
-7.143993855213739	-3.47562880309499	29.88085149240856
-7.063347892271387	-3.439379253579451	29.759294230744953
-6.983698220129507	-3.4054218061155717	29.63729687193127
-6.905072689557096	-3.3737110679884554	29.51491671814326
-6.82749754645169	-3.344201409622536	29.39220883823193
-6.750997462985355	-3.3168470760466917	29.269226120965726
-6.6755955704391425	-3.291602292099796	29.146019330668487
-6.601313493553389	-3.2684213614647546	29.022637164871796
-6.528171386226581	-3.247258759637819	28.89912631362259
-6.456187968402136	-3.228069220956803	28.775531520110427
-6.385380563988629	-3.21080781982635	28.651895642301227
-6.3157651396655226	-3.1954300462909537	28.52825971528678
-6.2473563444331335	-3.181891876117154	28.404663014081247
-6.180167549772403	-3.1701498355552378	28.28114311661764
-6.114210890286491	-3.160161060957992	28.157735966717542
-6.049497304703407	-3.1518833534398727	28.03447593682832
-5.9860365771250805	-3.1452752287641457	27.911395890340454
-5.923837378415359	-3.14029596264867	27.788527243317237
-5.86290730762565	-3.136905631682735	27.665900025485918
-5.803252933363605	-3.1350651500481392	27.54354294035713
-5.744879835016281	-3.1347363022374197	27.421483424354605
-5.687792643745621	-3.1358817719610355	27.299747704852955
-5.631995083179825	-3.138465167433374	27.178360857035095
-5.577490009730195	-3.14245104322485	27.057346859494444
-5.524279452468476	-3.147804918864126	26.936728648519292
-5.47236465250522	-3.154493294370734	26.81652817100847
-5.421746101814841	-3.162483662894137	26.69676643597801
-5.372423581458023	-3.171744520630684	26.577463564628424
-5.3243961991570155	-3.182245374184917	26.458638838951583
-5.277662426183726	-3.193956745536529	26.34031074886403
-5.232220133525037	-3.20685017476879	26.222497037861633
-5.188066627293833	-3.220898220708664	26.105214747197135
-5.145198683358078	-3.2360744596231417	25.988480258588375
-5.103612581164105	-3.2523534821104505	25.872309335470632
-5.06330413673367	-3.2697108883189783	25.756717162811555
-5.024268734817679	-3.28812328162084	25.641718385511446
-4.986501360192537	-3.307568260861174	25.527327145415665
-4.9499966280879795	-3.3280244112983994	25.413557116969223
-4.914748813737944	-3.3494712943449225	25.300421541546623
-4.880751881048586	-3.37188943621204	25.18793326049255
-4.847999510379796	-3.395260315557269	25.07610474691086
-4.816485125438889	-3.419566350226729	24.96494813624149
-4.786201919286949	-3.444790883179981	24.854475255665687
-4.7571428794603445	-3.470918167679334	24.744697652381706
-4.729300812211455	-3.497933351820674	24.635626620793253
-4.702668365874286	-3.5258224624778185	24.52727322865393
-4.677238053362038	-3.5545723887276544	24.419648342211037
-4.6530022738049155	-3.584170864818642	24.312762650392155
-4.629953333337644	-3.6146064527407695	24.206626688077872
-4.608083465047177	-3.6458685244507403	24.10125085850361
-4.587384848091942	-3.677947243801948	23.996645454833207
-4.567849626004793	-3.7108335482248136	23.892820680946112
-4.549469924192555	-3.74451913019913	23.78978667147966
-4.532237866645545	-3.778996418556419	23.68755351116663
-4.516145591871065	-3.8142585596466314	23.58613125350786
-4.501185268065168	-3.8502993984002107	23.48552993881831
-4.487349107537405	-3.887113459313172	23.385759611684072
-4.474629380403474	-3.924695927379709	23.286830337866867
-4.463018427560859	-3.9630426289938905	23.18875222069099
-4.452508672962688	-4.002150012839054	23.09153541694688
-4.443092635205059	-4.042015130780816	22.995190152343966
-4.4347629384430824	-4.082635618776879	22.89972673654442
-4.427512322650802	-4.124009677814435	22.805155577807795
-4.4213336532400485	-4.16613605488344	22.711487197275616
-4.416219930053094	-4.209014023991773	22.618732242923446
-4.412164295743779	-4.252643367226093	22.52690150320666
-4.409160043561482	-4.2970243558601	22.436005920424897
-4.40720062455206	-4.3421577315098645	22.346056603828714
-4.406279654189486	-4.388044687334042	22.257064842490735
-4.406390918451616	-4.434686849274856	22.169042117962178
-4.407528379353022	-4.482086257333976	22.082000116734452
-4.409686179947502	-4.530245346875842	21.995950742523927
-4.41285864881233	-4.57916692994924	21.910906128396913
-4.417040304025888	-4.628854176616435	21.826878648750434
-4.422225856649782	-4.679310596277705	21.743880931163016
-4.428410213726037	-4.730540018977664	21.661925868128474
-4.435588480799425	-4.782546576678412	21.581026628684345
-4.443755963974397	-4.835334684483238	21.501196669945156
-4.4529081715155305	-4.888909021793348	21.422449748549493
-4.4630408149998235	-4.943274513378882	21.344799932028533
-4.474149810028515	-4.998436310344306	21.268261610102122
-4.486231276505566	-5.054399770967207	21.19284950590735
-4.4992815384892335	-5.111170441388371	21.118578687163094
-4.513297123622592	-5.168754036130068	21.045464577272483
-4.528274762148196	-5.227156418418452	20.973522966363987
-4.544211385511395	-5.286383580285062	20.902770022270268
-4.561104124556218	-5.346441622421474	20.833222301442426
-4.578950307317022	-5.407336733760373	20.764896759795835
-4.597747456408472	-5.4690751707554	20.69781076348213
-4.617493286015733	-5.531663236331434	20.63198209958035
-4.638185698486111	-5.595107258476209	20.56742898669856
-4.659822780522648	-5.659413568443446	20.50417008547567
-4.682402798979609	-5.724588478537158	20.44222450897127
-4.705924196259003	-5.790638259446022	20.381611832929664
-4.73038558530673	-5.857569117096339	20.322352105902322
-4.755785744206192	-5.9253871689914845	20.264465859211118
-4.782123610366621	-5.994098420005484	20.207974116732593
-4.809398274302657	-6.063708737597793	20.152898404481622
-4.837608973001122	-6.134223826416231	20.099260759970498
-4.866755082870238	-6.205649202254706	20.04708374131747
-4.896836112265987	-6.277990165332241	19.996390436076176
-4.927851693589595	-6.351251772859765	19.947204469755324
-4.959801574949634	-6.425438810861168	19.899550013995253
-4.9926856113815345	-6.500555765215185	19.85345179436559
-5.026503755616819	-6.576606791885019	19.80893509774543
-5.061256048393757	-6.653595686302833	19.766025779244824
-5.096942608300639	-6.731525851876847	19.724750268623403
-5.133563621142369	-6.810400267589291	19.685135576159
-5.171119328820553	-6.890221454654276	19.647209297916124
-5.209610017716821	-6.97099144220549	19.610999620360968
-5.249036006568768	-7.052711731984851	19.576535324266246
-5.28939763382739	-7.135383262004354	19.5438457878459
-5.330695244484642	-7.219006369154938	19.51296098905628
-5.3729291763594	-7.303580750737774	19.483911506996616
-5.416099745829853	-7.389105424895424	19.456728522338203
-5.460207233000153	-7.475578689922322	19.431443816707752
-5.505251866288966	-7.56299808243652	19.408089770946653
-5.551233806427502	-7.6513603343973	19.38669936216395
-5.598153129854581	-7.7406613289563335	19.367306159496778
-5.646009811496262	-7.830896055133194	19.349944318488106
-5.694803706917754	-7.9220585613098145	19.33464857398739
-5.744534533835496	-8.014141907542475	19.321454231475766
-5.795201852977518	-8.107138116694165	19.31039715671314
-5.846805048280679	-8.201038124395042	19.30151376360052
-5.899343306413763	-8.295831727843929	19.29484100014669
-5.9528155956160145	-8.391507533469198	19.290416332424346
-6.0072206438414355	-8.488052903473834	19.288277726396757
-6.062556916199951	-8.585453901295725	19.28846362749206
-6.118822591687516	-8.683695236021547	19.291012937798552
-6.1760155391983105	-8.782760205800033	19.295964990750644
-6.234133292813454	-8.882630640308722	19.303359523171743
-6.293173026362043	-8.983286842336975	19.31323664453699
-6.353131527251857	-9.084707528557217	19.325636803315966
-6.414005169568913	-9.186869769566565	19.34060075025275
-6.475789886446835	-9.28974892929113	19.358169498438407
-6.538481141709244	-9.39331860385678	19.378384280029273
-6.602073900790685	-9.497550560041747	19.401286499462916
-6.666562600944057	-9.602414673438892	19.426917683022864
-6.731941120745441	-9.707878866468631	19.455319424603015
-6.79820274891001	-9.813909046397027	19.48653332752299
-6.865340152436155	-9.920469043528136	19.520600942247118
-6.93334534409826	-10.027520549754435	19.557563699861483
-7.002209649312453	-10.135023057664963	19.597462841166678
-7.071923672403619	-10.242933800426838	19.640339341247763
-7.142477262306119	-10.351207692672402	19.68623382938784
-7.213859477735518	-10.459797272641897	19.73518650419807
-7.286058551873087	-10.568652645848683	19.787237043844218
-7.359061856610334	-10.677721430552705	19.842424511258795
-7.432855866405976	-10.786948705345909	19.90078725423807
-7.507426121813566	-10.896276959172226	19.962362800335068
-7.582757192744007	-11.005646044123637	20.027187746473178
-7.658832641533408	-11.11499313137271	20.095297643220334
-7.735634985893309	-11.224252670620983	20.166726873680677
-7.813145661827078	-11.33335635346121	20.2415085269797
-7.891344986603473	-11.442233081070126	20.31967426634002
-7.970212121885527	-11.550808936666083	20.401254191768
-8.049725037120588	-11.659007163183452	20.4862766973967
-8.129860473305024	-11.766748146632029	20.574768323558516
-8.210593907245043	-11.873949405625208	20.666753603690417
-8.291899516443209	-11.980525587574883	20.76225490620722
-8.373750144748353	-12.08638847206365	20.861292271512678
-8.456117268914925	-12.191446981916	20.96388324435539
-8.538970966226097	-12.295607202498978	21.070042701775655
-8.622279883343225	-12.398772409789547	21.179782676931207
-8.70601120655264	-12.500843107750086	21.293112179133736
-8.790130633588696	-12.601717075554449	21.41003701047412
-8.874602347219925	-12.701289425205141	21.530559579462587
-8.959388990793023	-12.799452670076764	21.65467871216014
-9.044451645936624	-12.896096804911569	21.782389461329707
-9.129749812633564	-12.991109397779187	21.913682914188357
-9.21524139187715	-13.08437569449511	22.04854599939728
-9.300882671132536	-13.175778735969464	22.186961293981597
-9.386628312829558	-13.26519948892984	22.328906830928272
-9.472431346117746	-13.352516990428693	22.474355908267327
-9.558243162117906	-13.437608506507095	22.623276900497796
-9.64401351290681	-13.520349705341436	22.775633073275408
-9.729690514473369	-13.600614845149206	22.931382402334066
-9.815220653884612	-13.678276977072409	23.090477397665655
-9.90054880089868	-13.753208163193662	23.252864934033386
-9.985618224259609	-13.825279709769806	23.41848608894148
-10.07037061290437	-13.894362415691088	23.587275989227628
-10.154746102307106	-13.960326836090932	23.75916366748461
-10.238683306177569	-14.02304356094139	23.93407192955095
-10.32211935372191	-14.082383508374003	24.111917234340005
-10.4049899326621	-14.138218232363672	24.29260958729762
-10.487229338197158	-14.19042024430615	24.47605244879327
-10.568770528073738	-14.23886334790725	24.662142658755272
-10.649545183916029	-14.283422986685034	24.850770378857796
-10.729483778944994	-14.323976603265487	25.04181905355427
-10.808515652194806	-14.360404009528224	25.23516539122833
-10.886569089310086	-14.392587766532763	25.43067936669897
-10.96357140998073	-14.42041357302848	25.628224246269827
-11.039449062042559	-14.44377066122383	25.82765663645405
-11.114127722240772	-14.462552198363891	26.02882655743434
-11.187532403620382	-14.476655692541026	26.2315775422333
-11.259587569472622	-14.485983401042757	26.435746762471105
-11.330217253729671	-14.490442739425399	26.64116518147625
-11.399345187661481	-14.48994668939289	26.8476577353905
-11.466894932688541	-14.484414203459188	27.055043542771195
-11.532790019083444	-14.473770604281228	27.263136143044253
-11.596954090291618	-14.45794797646909	27.47174376399765
-11.659311052559305	-14.436885548612485	27.68066961833305
-11.719785229513048	-14.410530063209347	27.889712229107268
-11.778301521292235	-14.37883613214446	28.098665783703776
-11.834785567792792	-14.341766575345618	28.307320515771735
-11.889163915538354	-14.299292740242084	28.515463114364263
-11.9413641876536	-14.251394799667338	28.72287715929448
-11.99131525637502	-14.19806202588523	28.929343581513805
-12.038947417496562	-14.139293038476936	29.13464114710202
-12.08419256611209	-14.075096023906234	29.33854696324428
-12.126984372983953	-14.00548892468234	29.540837004360874
-12.167258460837516	-13.93049959616336	29.741286656351573
-12.204952579855533	-13.850165929189036	29.939671276721324
-12.240006781624368	-13.764535936898184	30.135766768169805
-12.272363590766485	-13.673667804273553	30.329350163056546
-12.301968173480775	-13.57762989916319	30.52020021599851
-12.328768502204376	-13.476500743752194	30.70809800171971
-12.352715515607098	-13.370368945699216	30.892827515155975
-12.373763273132283	-13.259333088407606	31.07417627072273
-12.391869103306668	-13.143501580167829	31.251935897583518
-12.406993745055898	-13.022992462185147	31.425902727710817
-12.419101481282544	-12.897933175790232	31.59587837351254
-12.428160263989398	-12.76846028941855	31.761670291805945
-12.434141830262446	-12.634719186233687	31.92309233095803
-12.437021808465262	-12.496863713557351	32.07996525807665
-12.436779814039216	-12.355055795551028	32.23211726323096
-12.433399534351816	-12.209465010869136	32.37938443780103
-12.426868802088126	-12.060268137266199	32.52161122420594
-12.417179656737432	-11.907648665390298	32.658650834433935
-12.404328393788413	-11.751796284226272	32.79036563499811
-12.388315601310818	-11.59290634086527	32.9166274961619
-12.369146183669276	-11.431179277466804	33.037318103521216
-12.346829372184976	-11.266820048445659	33.15232923028938
-12.321378722632842	-11.100037521055166	33.26156296890589
-12.292812099534846	-10.931043862650407	33.364931920876884
-12.261151647283787	-10.76005391799779	33.46235934405074
-12.226423748205288	-10.587284580050264	33.55377925683428
-12.188658967738377	-10.412954157629951	33.639136499159086
-12.147891986986465	-10.237281743453234	33.71838675031055
-12.104161522959592	-10.060486585895196	33.79149650403209
-12.057510236895462	-9.882787467824192	33.8584430016089
-12.007984631110116	-9.70440209574249	33.91921412391754
-11.95563493488869	-9.52554650234779	33.97380824369672
-11.900514979982104	-9.346434465484197	34.02223403954756
-11.842682066326194	-9.167276946282414	34.0645102734069
-11.782196818645529	-8.988281549099138	34.10066553345184
-11.719123034644541	-8.80965200565872	34.13073794458659
-11.653527525523154	-8.63158768557627	34.15477484883215
-11.585479949583364	-8.454283135206907	34.17283245808379
-11.51505263971607	-8.277927646519768	34.184975481821084
-11.442320425574724	-8.102704857443639	34.19127673244828
-11.367360451253479	-7.928792384874403	34.19181671101087
-11.290251989292978	-7.756361491277564	34.18668317607584
-11.211076251836332	-7.585576785562351	34.175970698580024
-11.129916199752147	-7.416595958652669	34.15978020544347
-11.046856350529975	-7.249569553933898	34.138218514713884
-10.96198258573732	-7.084640772517931	34.111397864955805
-10.875381958806514	-6.921945313042697	34.079435441525014
-10.787142503894156	-6.761611245508195	34.042452902277276
-10.697353046526631	-6.60375891845144	34.00057590515198
-10.6061030167124	-6.448500898578109	33.95393363994819
-10.513482265165445	-6.295941941799917	33.902658366474306
-10.419580883245912	-6.146178994475993	33.84688496110606
-10.3244890271826	-5.999301223522211	33.78675047363176
-10.22829674709937	-5.855390073936808	33.72239369610155
-10.131093821323075	-5.7145193521924424	33.65395474523072
-10.032969596405705	-5.5767553338648606	33.58157465973712
-9.934012833247172	-5.442156893804996	33.505395013822444
-9.834311559659577	-5.310775657115836	33.425557547836945
-9.733952929667891	-5.182656169165538	33.34220381699991
-9.633023089796344	-5.057836082853472	33.25547485888407
-9.531607052546022	-4.936346361346775	33.16551088021366
-9.429788577224977	-4.8182114945175725	33.0724509633731
-9.327650058251121	-4.703449727337918	32.97643279287802
-9.225272421006988	-4.59207329852575	32.877592401922726
-9.12273502528751	-4.484088687782943	32.77606393898976
-9.020115576344889	-4.379496870022032	32.67197945438733
-8.917490043500687	-4.278293575042383	32.56546870647074
-8.814932586262499	-4.180469551186308	32.45665898720334
-8.712515487852995	-4.086010831581423	32.345674966622816
-8.610309096031365	-3.9948990016553507	32.23263855569783
-8.508381771061947	-3.907111466691771	32.11766878698981
-8.406799840662083	-3.8226217182823086	32.00088171247375
-8.305627561740879	-3.7413995986153292	31.88239031782063
-8.204927088722208	-3.66341156162968	31.762304452401132
-8.104758448229783	-3.588620930148491	31.640730774237017
-8.005179519898315	-3.516988148193724	31.517772709100306
-7.906246023063711	-3.4484710277667086	31.393530422942916
-7.808011509075436	-3.3830249894615667	31.268100806827682
-7.7105273589672425	-3.320603296358251	31.141577473528095
-7.613842786216888	-3.2611572807182108	31.014050764965287
-7.51800484432148	-3.204636563078689	30.885607769658005
-7.423058438913166	-3.150989263411161	30.75633234937316
-7.329046344139492	-3.100162204075177	30.626305174181343
-7.236009223033169	-3.0521011043602697	30.49560376514127
-7.143985651598357	-3.0067507664663062	30.364302543860816
-7.053012146343983	-2.964055252826183	30.23247288820887
-6.963123194998525	-2.923958054723881	30.10018319348007
-6.874351290146443	-2.886402252206354	29.96749893834571
-6.786726965532161	-2.8513306653287738	29.83448275495543
-6.700278834784586	-2.818685996810022	29.70119450258775
-6.615033632322488	-2.788410966208744	29.567691344280902
-6.531016256209083	-2.760448435760067	29.43402782590989
-6.448249812732482	-2.7347415280393235	29.30025595720953
-6.366755662497631	-2.7112337356421143	29.16642529427785
-6.286553467824279	-2.6898690230897024	29.03258302312762
-6.207661241254733	-2.67059192118553	28.898774043887006
-6.130095394984732	-2.653347614062629	28.76504105528291
-6.053870791039986	-2.638082019173001	28.6314246390719
-5.979000792030512	-2.6247418604790225	28.497963344113934
-5.905497312324417	-2.6132747351136696	28.364693769813947
-5.833370869491974	-2.6036291737809907	28.23165064868381
-5.762630635880181	-2.5957546951711277	28.098866927804504
-5.693284490186961	-2.589601854665303	27.966373848993367
-5.625339068913188	-2.585122287605842	27.834201027505845
-5.558799817579213	-2.582268747404564	27.702376529123406
-5.4936710416012176	-2.580995138759967	27.57092694550116
-5.4299559567305655	-2.5812565462496275	27.43987746766795
-5.3676567389675975	-2.5830092585593674	27.309251957591094
-5.306774573868566	-2.5862107886050003	27.179073017734403
-5.247309705171921	-2.590819889796129	27.049362058554575
-5.189261482677097	-2.596796568684484	26.92013936389544
-5.132628409315605	-2.6041020942318998	26.79142415425307
-5.077408187360676	-2.612699003925193	26.663234647896928
-5.023597763727672	-2.622551106957148	26.535588119843442
-4.971193374323321	-2.633623484684458	26.408500958688283
-4.920190587407198	-2.6458824885650403	26.281988721312764
-4.870584345934081	-2.6592957357685463	26.156066185487834
-4.822369008850507	-2.673832102645336	26.03074740040593
-4.775538391323659	-2.6894617162305408	25.906045735177987
-4.730085803884577	-2.7061559439513854	25.781973925337287
-4.686004090472101	-2.7238873816974247	25.658544117397714
-4.643285665367255	-2.7426298404051237	25.53576791151695
-4.60192254901154	-2.762358331299945	25.413656402319468
-4.561906402705604	-2.783049049931229	25.292220217936237
-4.523228562187749	-2.804679359127285	25.171469557320673
-4.485880070094529	-2.827227770990563	25.051414225902153
-4.449851707308075	-2.850673928045402	24.932063669639543
-4.415134023197147	-2.8749985836437415	24.81342700753815
-4.381717364760925	-2.900183581727303	24.695513062693987
-4.349591904686509	-2.926211836038053	24.578330391929622
-4.318747668332724	-2.953067308862462	24.46188731408534
-4.289174559654412	-2.980734989388831	24.34619193702952
-4.2608623860826995	-3.009200871751133	24.231252183450948
-4.233800882377998	-3.0384519328271407	24.117075815495422
-4.207979733473488	-3.0684761098531785	24.00367045830773
-4.183388596327794	-3.0992622779127514	23.891043622538934
-4.160017120806358	-3.1308002273512496	23.779202725877827
-4.137854969611607	-3.1630806411643757	23.66815511366357
-4.116891837282702	-3.1960950724032777	23.557908078635666
-4.097117468285933	-3.2298359216352983	23.448468879875083
-4.078521674217302	-3.26429641449502	23.339844760989422
-4.061094350139007	-3.299470579356547	23.232042967592776
-4.04482549007173	-3.335353225154234	23.125070764129585
-4.029705201664695	-3.3719399193756137	23.018935450089852
-4.015723720065488	-3.409226966246976	22.913644375661352
-4.002871421011546	-3.4472113851288886	22.809204956862807
-3.9911388331650772	-3.4858908891360136	22.7056246902001
-3.980516649713013	-3.525263863992707	22.60291116688604
-3.970995739253312	-3.565329347133262	22.501072086662212
-3.962567155988663	-3.606087007053069	22.400115271259963
-3.955222149248248	-3.647537122914574	22.300048677535855
-3.948952172357883	-3.6896805644096657	22.200880410315055
-3.943748890878371	-3.732518771877845	22.102618734974854
-3.9396041902314685	-3.776053736677618	22.00527208979861
-3.936510182732348	-3.8202879818064495	21.908849098128943
-3.934459214046905	-3.865224542762819	21.81335858034764
-3.933443869091701	-3.910866948642133	21.71880956570795
-3.9334569773937367	-3.9572192034565683	21.625211304043695
-3.934491617926652	-4.004285767667182	21.532573277378237
-3.9365411234393033	-4.052071539915309	21.44090521145469
-3.939599084292016	-4.100581838938521	21.350217087207685
-3.9436593518151586	-4.149822385655177	21.260519152195474
-3.9487160412039755	-4.199799285400164	21.17182193200992
-3.954763533962923	-4.250519010293095	21.08413624168065
-3.961796479912058	-4.301988381719039	20.997473197088276
-3.9698097987672742	-4.3542145529004825	20.911844226400476
-3.9787986813054648	-4.407204991538204	20.827261081543355
-3.9887585901249456	-4.460967462497485	20.743735849719442
-3.999685260010708	-4.515510010514994	20.661280964982183
-4.011574697913325	-4.570840942900565	20.5799092198759
-4.024423182549547	-4.626968812207064	20.49963377714875
-4.038227263631862	-4.683902398840449	20.420468181544997
-4.052983760733534	-4.741650693581176	20.34242637168182
-4.068689761794786	-4.800222879987043	20.265522692014407
-4.08534262127509	-4.859628316646569	20.189771904892048
-4.102939957955651	-4.9198765192511305	20.115189202706503
-4.121479652395453	-4.980977142453027	20.041790220132548
-4.1409598440433495	-5.042939961475767	19.96959104645946
-4.161378928007963	-5.105774853441947	19.898608238010585
-4.1827355514862825	-5.169491778383142	19.828858830646734
-4.205028609851094	-5.23410075989541	19.76036035234781
-4.228257242396533	-5.299611865403098	19.693130835865354
-4.252420827740254	-5.3660351859927085	19.62718883143713
-4.277518978879892	-5.4333808157779195	19.56255341955329
-4.303551537900708	-5.501658830755878	19.499244223761718
-4.330518570330438	-5.570879267114109	19.43728142349859
-4.358420359136642	-5.641052098946736	19.376685766927988
-4.3872573983609335	-5.71218721533777	19.317478583772697
-4.417030386383772	-5.784294396768736	19.25968179811593
-4.447740218812599	-5.857383290807024	19.20331794115179
-4.479387980985393	-5.93146338703093	19.148410163859754
-4.511974940080794	-6.006543991146578	19.094982249576198
-4.545502536825307	-6.0826341982515855	19.04305862643334
-4.57997237678718	-6.159742865199708	18.992664379633407
-4.615386221245864	-6.237878582020451	18.943825263522854
-4.651745977625134	-6.317049642347279	18.89656771342875
-4.689053689477215	-6.397264012807759	18.85091885721623
-4.727311526004552	-6.47852930132904	18.806906526522567
-4.766521771105067	-6.560852724311912	18.764559267620374
-4.806686811926052	-6.64424107262686	18.7239063518585
-4.847809126911229	-6.728700676385844	18.684977785625748
-4.889891273324719	-6.814237368443888	18.64780431977853
-4.932935874235125	-6.900856446585174	18.6124174584696
-4.976945604942232	-6.988562634349074	18.57884946731072
-5.021923178828345	-7.077360040452641	18.547133380797753
-5.067871332615613	-7.167252116767075	18.51730300892212
-5.114792811010323	-7.258241614807361	18.48939294288773
-5.162690350714576	-7.350330540695811	18.463438559847656
-5.211566663785393	-7.443520108562278	18.439476026569686
-5.261424420320988	-7.5378106923462	18.417542301934553
-5.312266230453531	-7.6332017759681445	18.39767513816536
-5.3640946256277	-7.729691901841703	18.37991308068093
-5.416912039143911	-7.827278617699787	18.364295466460206
-5.470720785945358	-7.925958421713477	18.350862420798904
-5.525523041627715	-8.025726705885605	18.339654852333585
-5.5813208206507126	-8.12657769770614	18.330714446202165
-5.638115953730919	-8.228504400061881	18.32408365520378
-5.695910064395398	-8.33149852939847	18.31980568881449
-5.754704544676463	-8.435550452139541	18.317924499909104
-5.814500529928306	-8.540649119374715	18.318484769032878
-5.8752988727470195	-8.646781999835794	18.321531886060725
-5.937100115976529	-8.75393501118914	18.327111929075087
-5.999904464783993	-8.862092449681287	18.335271640287452
-6.063711757789464	-8.971236918184633	18.34605839882253
-6.1285214372362296	-9.081349252701193	18.359520190178042
-6.194332518189748	-9.19240844739345	18.37570557216753
-6.261143556755174	-9.30439157822435	18.39466363714821
-6.328952617305487	-9.417273725301396	18.416443970330864
-6.39775723871482	-9.531027894034569	18.44109660396423
-6.46755439959405	-9.645624935232677	18.468671967182267
-6.538340482528871	-9.761033464279308	18.499220831299294
-6.610111237323742	-9.877219779546806	18.532794250335094
-6.682861743258755	-9.994147780224974	18.56944349655033
-6.756586370370302	-10.111778883760582	18.609219990771294
-6.831278739770785	-10.230071943124255	18.65217522728309
-6.906931683027241	-10.348983164142723	18.69836069307148
-6.983537200623668	-10.468466023156845	18.747827781195635
-7.061086419537437	-10.588471185289482	18.80062769807821
-7.139569549965819	-10.708946423631561	18.856811364503887
-7.218975841244917	-10.829836539680075	18.916429310124794
-7.299293537010122	-10.951083285388256	18.979531561279853
-7.38050982965408	-11.07262528721484	19.046167521945733
-7.462610814145791	-11.194397972587279	19.11638584765001
-7.5455814412826445	-11.316333499222281	19.190234312192462
-7.629405470455186	-11.43836068777531	19.267759667037627
-7.714065422013867	-11.560404958320529	19.34900749326266
-7.799542529335852	-11.682388271191334	19.434022045967026
-7.885816690700177	-11.8042290727414	19.522846091077042
-7.972866421089244	-11.925842246614586	19.615520734507108
-8.06066880404589	-12.047139071141348	19.712085243672355
-8.14919944372555	-12.168027183506224	19.8125768613828
-8.238432417294895	-12.288410551358336	19.91703061218879
-8.328340227839886	-12.408189452562025	20.025479101290692
-8.41889375795782	-12.527260463808135	20.13795230617218
-8.510062224220588	-12.645516458828402	20.254477361167364
-8.601813132708367	-12.762846616974212	20.37507833522636
-8.694112235825626	-12.87913644293729	20.499776003202218
-8.786923490623696	-12.994267798402444	20.6285876110441
-8.880209018866864	-13.108118946431748	20.761526635347852
-8.973929069091028	-13.22056460938367	20.898602537784107
-9.068041980916123	-13.331476041170497	21.039820514997466
-9.16250415188575	-13.440721114651996	21.185181244646678
-9.25727000711801	-13.548164424950846	21.334680628334542
-9.352291972062996	-13.653667409457718	21.48830953225859
-9.447520448672229	-13.757088485268541	21.646053526497873
-9.542903795294402	-13.858283204763353	21.807892623936787
-9.638388310620027	-13.957104429995212	21.97380101991408
-9.733918222004977	-14.05340252650841	22.14374683377365
-9.829435678507911	-14.147025577145747	22.317691853580236
-9.924880748981334	-14.237819616337003	22.49559128535074
-10.020191425558389	-14.325628885282356	22.677393508236868
-10.115303632877783	-14.410296108355908	22.86303983717621
-10.210151243388117	-14.491662790955909	23.05246429460816
-10.304666099069195	-14.56956953891884	23.245593392924565
-10.398778039901345	-14.64385639949418	23.442345929391752
-10.492414939405688	-14.71436322374663	23.642632795342347
-10.585502747566093	-14.780930050111026	23.846356801485395
-10.67796554142964	-14.843397508674807	24.053412521226647
-10.769725583664577	-14.901607245602188	24.263686153920744
-10.860703389334017	-14.955402366945053	24.477055409995476
-10.95081780111957	-15.004627900908336	24.693389419892572
-11.03998607320164	-15.049131277453505	24.912548668758756
-11.128123963971923	-15.088762823933685	25.13438495879319
-11.215145837719161	-15.123376275259538	25.358741401112457
-11.30096477539134	-15.152829296897917	25.585452438931007
-11.38549269449544	-15.17698401880671	25.814343903770496
-11.468640478151563	-15.195707578212174	26.045233106309
-11.550318113269231	-15.2088726689402	26.27792896335446
-11.630434837762852	-15.216358094823894	26.51223216228148
-11.708899296668514	-15.218049324527957	26.747935364100982
-11.785619706967452	-15.213839044958892	26.984823446142908
-11.860504030862186	-15.203627710270956	27.222673785120655
-11.933460157189629	-15.18732408333429	27.46125658111318
-12.00439609059267	-15.164845766405934	27.700335222749192
-12.073220148007632	-15.13611971763936	27.939666693608086
-12.139841161959886	-15.101082749986348	28.17900201956382
-12.204168690095266	-15.05968200898877	28.41808675649713
-12.266113230310484	-15.011875425929452	28.656661517486647
-12.325586440782383	-14.957632142813148	28.89446253826535
-12.382501364134322	-14.896932905682181	29.1312222793974
-12.436772654919086	-14.829770422838317	29.36667006329634
-12.488316809541546	-14.756149684644155	29.600532743870502
-12.537052397692442	-14.676088241714243	29.832535406250912
-12.582900294316893	-14.589616438478995	30.062402093733418
-12.625783911098864	-14.496777599313237	30.28985655875486
-12.665629426406667	-14.397628164664143	30.51462303442882
-12.70236601261405	-14.292237774891746	30.736427022888567
-12.735926059688989	-14.180689299844518	30.954996096434858
-12.766245393926797	-14.063078812532758	31.170060707261907
-12.793263490696901	-13.939515505630387	31.381355001342442
-12.816923680073995	-13.810121549927615	31.588617631896277
-12.837173344234285	-13.675031894269365	31.79159256774845
-12.853964105516473	-13.534394006944119	31.990029891804614
-12.867252004075326	-13.3883675589288	32.1836865848377
-12.87699766409289	-13.237124049844317	32.372327289789766
-12.883166447558674	-13.080846377927557	32.55572505184951
-12.885728594685222	-12.919728355773396	32.73366202966908
-12.884659350089109	-12.75397417404051	32.905930173232775
-12.879939073939045	-12.58379781574129	33.072331864084795
-12.871553337352065	-12.409422424142864	33.23268051386272
-12.859493001404875	-12.231079627690857	33.38680111736325
-12.843754279219809	-12.0490088257212	33.53453075668756
-12.824338780682586	-11.863456439047855	33.67571905336836
-12.801253539451215	-11.674675129797878	33.81022856576903
-12.77451102202124	-11.482922995108705	33.937935129460364
-12.744129118720618	-11.28846273950191	34.05872813871796
-12.710131116617566	-11.091560830901273	34.17251076773887
-12.672545654434547	-10.892486645366896	34.2792001306442
-12.631406659671434	-10.691511605674291	34.37872737980786
-12.586753268248447	-10.488908318872737	34.471037742527734
-12.53862972708469	-10.284949717914966	34.55609049652564
-12.487085280129385	-10.079908212359387	34.633858885223354
-12.432174038459287	-9.874054853007884	34.70432997418725
-12.373954835147254	-9.66765851516255	34.767504450558604
-12.312491065690804	-9.460985104959635	34.82339636768721
-12.247850514867665	-9.254296792980886	34.8720328375562
-12.180105170954423	-9.04785127904614	34.91345367392442
-12.109331028306247	-8.841901091768426	34.94771098941465
-12.03560787934779	-8.636692926101944	34.97486875003991
-11.95901909706973	-8.432467021745476	34.99500229088323
-11.879651409159123	-8.229456584876583	35.00819779682822
-11.797594664917545	-8.02788725529762	35.01455175237701
-11.712941596136403	-7.827976620672057	35.01417036468907
-11.625787573105786	-7.629933779127315	35.007168964029574
-11.536230356931057	-7.433958951101451	34.99367138582996
-11.444369849320342	-7.240243140919391	34.97380933853834
-11.350307840987504	-7.048967848205977	34.94772176137472
-11.25414775978818	-6.8603048288789505	34.91555417600902
-11.155994419672895	-6.674415905120811	34.877458036050044
-11.055953771500473	-6.49145282340473	34.83359007807542
-10.954132656709334	-6.3115571593521755	34.78411167774793
-10.850638564791781	-6.134860267925347	34.72918821435728
-10.745579395461164	-5.961483277213841	34.66898844690043
-10.639063226341467	-5.791537123857657	34.60368390457323
-10.531198086945581	-5.6251226279604785	34.533448294292704
-10.422091739643859	-5.462330605190693	34.458456927609056
-10.311851468256537	-5.303242013636918	34.37888616909949
-10.200583874836042	-5.147928132885807	34.29491290806834
-10.088394685136432	-4.996450772716807	34.206714055110886
-9.975388563198678	-4.848862508762636	34.114466064834424
-9.861668935413272	-4.705206942463883	34.018344485773845
-9.747337824354846	-4.565518982648513	33.918523538289385
-9.632495692619434	-4.429825146092464	33.81517572099662
-9.517241296832191	-4.298143874461628	33.70847144605204
-9.401671551933655	-4.170485865098453	33.59857870340453
-9.28588140579589	-4.046854413195293	33.485662753925055
-9.169963724165573	-3.9272457629887247	33.36988585114338
-9.05400918588069	-3.811649465713708	33.2514069911532
-8.93810618826069	-3.7000487421710475	33.13038169009685
-8.822340762526169	-3.592420847883535	33.00696178850513
-8.706796499064566	-3.4887374389447903	32.88129528165035
-8.591554482322383	-3.388964936797614	32.75352617496762
-8.476693235072217	-3.293064890314386	32.62379436351344
-8.362288671773998	-3.2009943336885325	32.492235534358535
-8.248414060725155	-3.112706138783094	32.35898109075476
-8.135139994672834	-3.028149360717657	32.22415809687243
-8.022534369543276	-2.947269575607809	32.08788924187374
-7.91066237092861	-2.8700092095006493	31.950292822068775
-7.799586467959763	-2.796307857675216	31.81148273989303
-7.689366414185158	-2.7261025935966545	31.671568518447014
-7.580059255069337	-2.659328266927983	31.53065533035035
-7.4717193417217205	-2.5959177901116273	31.3888440396812
-7.364398350465248	-2.535802413135595	31.24623125579904
-7.258145307855137	-2.4789119861945266	31.102909397880453
-7.153006620761877	-2.4251752100452735	30.958966769036493
-7.049026111136996	-2.3745198739385387	30.814487638921765
-6.9462450550868935	-2.326873081083657	30.6695523337917
-6.84470222588814	-2.2821614616722794	30.5242373330136
-6.744433940586769	-2.2403113735487503	30.378615371087943
-6.645474109834453	-2.201249090670651	30.232755544289333
-6.547854290625848	-2.1649009795525034	30.08672342109028
-6.4516037416132574	-2.1311936639290976	29.940581155584997
-6.356749480687605	-2.1000541779128845	29.79438760318482
-6.263316344527688	-2.071410107952329	29.64819843791027
-6.171327049833425	-2.0451897239257497	29.50206627065799
-6.080802255972482	-2.021322099727924	29.35604076787237
-5.991760628783478	-1.9997372237251807	29.210168770101806
-5.904218905293306	-1.9803660994692087	29.064494409968734
-5.818191959119703	-1.9631408370704504	28.919059229128816
-5.733692866344258	-1.9479947356393184	28.773902293839804
-5.650732971654674	-1.9348623572077615	28.629060308803243
-5.569321954568589	-1.9236795925452157	28.484567728982753
-5.489467895564291	-1.9143837192819997	28.340456869140603
-5.411177341956634	-1.9069134527501057	28.196758010870628
-5.3344553733687645	-1.9012089899462246	28.05349950693879
-5.259305666662562	-1.897212047015132	27.91070788277459
-5.185730560201869	-1.894865890643292	27.768407934984857
-5.113731117334387	-1.894115363743157	27.626622826789333
-5.043307188988142	-1.894906905798106	27.485374180301203
-4.974457475289342	-1.8971885682266583	27.344682165599394
-4.907179586117549	-1.900910025112553	27.204565586559106
-4.841470100523916	-1.9060225796347436	27.06504196342662
-4.777324624946704	-1.912479166518371	26.92612761214086
-4.714737850166759	-1.9202343508145656	26.787837720419457
-4.6537036069533615	-1.9292443233035215	26.650186420640473
-4.594214920358369	-1.9394668928018128	26.51318685956308
-4.5362640626233635	-1.9508614756415021	26.376851264940683
-4.479842604671115	-1.9633890825752125	26.241191009089395
-4.424941466158612	-1.977012303348176	26.10621666948242
-4.371550964074623	-1.991695289165284	25.97193808644764
-4.319660859869883	-2.007403733268488	25.838364418051228
-4.269260405112918	-2.024104849827487	25.70550419225479
-4.220338385668977	-2.041767351334578	25.573365356437243
-4.172883164403569	-2.060361424682881	25.44195532437526
-4.126882722415929	-2.0798587060958407	25.31128102077842
-4.082324698811175	-2.1002322550649817	25.181348923476452
-4.039196429023016	-2.1214565274424544	25.05216510335684
-3.9974849817017266	-2.143507347824795	24.92373526215121
-3.957177194184673	-2.166361881354708	24.79606476816867
-3.918259706568903	-2.1899986050584794	24.66915869007351
-3.8807189944074785	-2.2143972788277626	24.543021828803774
-3.8445414000529285	-2.23953891614618	24.41765874772557
-3.8097131626728564	-2.265405754653165	24.293073801116385
-3.7762204469641416	-2.291981226629881	24.169271161068814
-3.744049370593326	-2.3192499294849225	24.046254842903796
-3.713186030391808	-2.3471975963106964	23.92402872918013
-3.683616527335387	-2.375811066574867	23.802596592384855
-3.6553269903382906	-2.40507825700531	23.681962116386078
-3.6283035988924492	-2.4349881327211627	23.562128916727513
-3.6025326045832067	-2.4655306786571933	23.443100559841223
-3.578000351512863	-2.4966968713236697	23.3248805812521
-3.5546932956637467	-2.5284786509390225	23.20747250284511
-3.5325980232325014	-2.560868893968158	23.090879849263477
-3.5117012679672905	-2.593861386095024	22.97510616350311
-3.4919899275394863	-2.6274507956540707	22.860155021765976
-3.473451078981254	-2.661632647541491	22.74603004763242
-3.4560719932201285	-2.6964032976236707	22.63273492560968
-3.4398401487414003	-2.731759907656947	22.520273414111458
-3.424743244408654	-2.767700420729797	22.408649357920574
-3.410769211472437	-2.80422353723559	22.29786670018465
-3.3979062247964595	-2.8413286913814306	22.187929493992065
-3.3861427133302193	-2.879016028236056	22.078841913573346
-3.375467369856309	-2.917286381317468	21.97060826517061
-3.365869160040105	-2.9561412507186002	21.863232997616095
-3.3573373308087855	-2.995582781767476	21.756720712658048
-3.349861418086013	-3.0356137442161946	21.651076175070845
-3.3434312539078483	-3.076237511951335	21.546304322583996
-3.3380369729447414	-3.1174580432166894	21.44241027566291
-3.3336690184536866	-3.1592798613375326	21.339399347172733
-3.33031814768384	-3.2017080359342645	21.23727705195464
-3.327975436758117	-3.2447481646117025	21.136049116342583
-3.3266322850524683	-3.2884063551090175	21.035721487647024
-3.32628041909373	-3.332689207894109	20.936300343630364
-3.3269118959961017	-3.3776037991847963	20.837792101998108
-3.3285191064554867	-3.423157664378341	20.74020342992766
-3.331094777320079	-3.469358781869443	20.64354125365616
-3.3346319737547434	-3.516215557236022	20.54781276814702
-3.3391241010158694	-3.563736807770937	20.45302544685408
-3.3445649058525575	-3.6119317473369055	20.35918705160102
-3.350948477549109	-3.6608099715209272	20.26630564259259
-3.358269248622954	-3.710381443063551	20.174389588573522
-3.36652199519129	-3.760656477537559	20.083447577149556
-3.3757018370188434	-3.811645729249554	19.993488625284638
-3.3858042372583053	-3.863360177337272	19.90452208998701
-3.3968250018941517	-3.915811112034514	19.816557679196265
-3.408760278899665	-3.9690101210746365	19.729605462882553
-3.4216065571161622	-4.02296907620289	19.643675884368335
-3.4353606648625195	-4.07770011976681	19.55877977188216
-3.450019768282296	-4.133215651353266	19.474928350353157
-3.4655813694348305	-4.189528314439628	19.39213325345424
-3.4820433041358645	-4.24665098302586	19.310406535901034
-3.4994037395523945	-4.304596748213341	19.229760686012774
-3.517661171555563	-4.363378904695346	19.15020863854067
-3.5368144218345625	-4.42301093712318	19.07176378776811
-3.5568626347736645	-4.483506506311046	18.99444000088655
-3.5778052740935915	-4.544879435241712	18.91825163164972
-3.5996421192576302	-4.6071436948341224	18.8432135343079
-3.62237326164197	-4.670313389433047	18.76934107782306
-3.645999100468893	-4.734402741979798	18.696650160364666
-3.6705203385005962	-4.799426078822134	18.625157224084507
-3.6959379774904755	-4.865397814120155	18.554879270168286
-3.722253313387902	-4.932332433804157	18.485833874159905
-3.749467931291534	-5.000244479038998	18.41803920155348
-3.777583700145418	-5.069148529148666	18.35151402364645
-3.8066027671711358	-5.139059183953341	18.286277733645804
-3.8365275520283966	-5.2099910454701295	18.222350363017807
-3.867360740695558	-5.2819586989275	18.15975259806986
-3.899105279060604	-5.354976693042084	18.0985057967515
-3.9317643662122412	-5.429059519505432	18.03863200565924
-3.9653414474197612	-5.504221591626898	17.980153977228422
-3.99984020678944	-5.580477222077719	17.923095187092486
-4.035264559584272	-5.6578405996800125	17.867479851588108
-4.071618644192881	-5.736325765183253	17.813332945381973
-4.1089068137324665	-5.815946585969434	17.76068021919232
-4.147133627269742	-5.8967167296271015	17.709548217575474
-4.186303840642774	-5.978649636333088	17.65996429674462
-4.2264223968657015	-6.061758489979778	17.611956642384776
-4.267494416097346	-6.146056187984566	17.56555428742452
-4.3095251851536736	-6.231555309717168	17.520787129721285
-4.352520146543175	-6.318268083479516	17.477685949613242
-4.396484887003213	-6.40620635197213	17.43628242728655
-4.441425125514382	-6.495381536179983	17.396609159902514
-4.487346700769017	-6.585804597610424	17.358699678424422
-4.5342555580689945	-6.677485998815109	17.322588464078954
-4.582157735626999	-6.770435662127541	17.288310964382013
-4.631059350244545	-6.864662926547783	17.25590360865318
-4.6809665823390905	-6.96017650270583	17.225403822937366
-4.73188566029173	-7.0569844258355365	17.196850044246087
-4.783822844086037	-7.155094006691439	17.17028173402452
-4.836784408207852	-7.254511780341708	17.145739390743767
-4.8907766237749835	-7.355243452771588	17.123264561510705
-4.94580573986511	-7.45729384523326	17.102899852580602
-5.001877964009394	-7.560666836279852	17.0846889386499
-5.058999441818788	-7.665365301423798	17.068676570798765
-5.11717623570934	-7.7713910503623636	17.054908582944496
-5.176414302692521	-7.8787447617167965	17.043431896658543
-5.236719471195965	-7.987425915235041	17.03429452419072
-5.298097416879912	-8.097432721412813	17.027545569535192
-5.360553637414422	-8.208762048492806	17.023235227363166
-5.424093426182293	-8.321409346807739	17.021414779637553
-5.488721844872892	-8.43536857043971	17.02213658971483
-5.5544436949321	-8.550632096175585	17.025454093729046
-5.621263487834229	-8.667190639746869	17.03142178904261
-5.68918541414214	-8.785033169351525	17.040095219537825
-5.758213311322844	-8.904146816466016	17.05153095751253
-5.828350630286544	-9.024516783966755	17.065786581932393
-5.899600400618791	-9.146126251593568	17.082920652781848
-5.9719651944764465	-9.268956278800756	17.102992681244704
-6.0454470891203815	-9.392985705057336	17.126063095435295
-6.120047628059707	-9.518191047674092	17.152193201390368
-6.195767780784877	-9.64454639725327	17.18144513902223
-6.272607901069726	-9.772023310876136	17.213881832723843
-6.350567683825911	-9.900590703164994	17.24956693630774
-6.4296461204964555	-10.030214735378465	17.288564771952082
-6.509841452979502	-10.160858702723761	17.33094026281963
-6.591151126077648	-10.292482920095557	17.37675885900886
-6.673571738473306	-10.42504460647903	17.426086456490765
-6.75709899223601	-10.558497768284445	17.478989308680696
-6.84172764087376	-10.692793081912384	17.535533930291905
-6.9274514359469475	-10.82787777588194	17.595786993116196
-7.0142630722708486	-10.963695512889796	17.65981521337801
-7.102154131740512	-11.100186272205303	17.727685230311263
-7.19111502582026	-11.237286232845364	17.799463475613347
-7.281134936749472	-11.374927658014093	17.875216033438903
-7.372201757526197	-11.51303878133454	17.95500849060679
-7.464302030740648	-11.651543695443603	18.038905776707562
-7.557420886342367	-11.790362243567126	18.126971993816632
-7.651541978436657	-11.929409914738454	18.219270235539355
-7.746647421219146	-12.068597743372084	18.3158623951399
-7.8427177241708375	-12.207832213952283	18.416808962535534
-7.939731726650598	-12.347015171646136	18.522168809972634
-8.037666532037282	-12.486043739699884	18.63199896624027
-8.136497441589643	-12.624810244526843	18.746354379322263
-8.236197888208942	-12.763202149444146	18.86528766743917
-8.336739370306612	-12.901101998063444	18.988848858488264
-8.438091385997366	-13.038387368387246	19.11708511795227
-8.540221367856649	-13.174930838706514	19.25004046541644
-8.643094618501078	-13.310599966437726	19.387755479910055
-8.746674247269361	-13.445257281074793	19.530266994369892
-8.850921108301971	-13.57876029246636	19.677607779613417
-8.955793740337475	-13.7109615156576	19.82980621830493
-9.061248308564593	-13.841708513560107	19.98688596950209
-9.167238548888504	-13.970843958729144	20.148865624478674
-9.273715714991019	-14.098205715538112	20.315758354637307
-9.380628528583905	-14.22362694404044	20.48757155244828
-9.487923133273435	-14.346936226799745	20.664306466478372
-9.595543052474182	-14.467957719951407	20.84595783170991
-9.70342915182644	-14.586511329726019	21.032513496486956
-9.811519606588794	-14.702412915622569	21.223954047569674
-9.919749874492892	-14.815474521362317	21.42025243492479
-10.028052674559575	-14.925504634681205	21.62137359802633
-10.13635797238764	-15.032308476931936	21.82727409559111
-10.244592972435692	-15.135688323363087	22.037901740822658
-10.352682117822695	-15.235443854820158	22.253195244381544
-10.460547098177098	-15.331372541475115	22.473083867444615
-10.568106866064106	-15.423270059032994	22.69748708735228
-10.675277662516574	-15.51093073768703	22.92631427847152
-10.78197305218809	-15.594148043898889	23.15946441102378
-10.888103968633754	-15.672715094864872	23.39682577073221
-10.99357877020839	-15.746425205296452	23.638275702237692
-11.09830330705025	-15.815072465891685	23.883680379309546
-11.20218099959051	-15.878452352604695	24.132894604931426
-11.305112928998131	-15.936362365536338	24.385761644381105
-11.406997939930076	-15.988602695968698	24.642113094430073
-11.507732755914407	-16.034976919754417	24.901768791774852
-11.60721210764267	-16.07529271494844	25.164536763763174
-11.705328874393768	-16.109362601239695	25.430213224404284
-11.801974238747217	-16.137004698403768	25.69858261853542
-11.89703785467858	-16.15804350066128	25.96941771687637
-11.990408029053135	-16.1723106634909	26.24247976451288
-12.08197191645692	-16.179645799117715	26.517518685133396
-12.171615727217654	-16.17989727657886	26.794273343078235
-12.259224948379218	-16.172923021965534	27.072471864961756
-12.344684577299041	-16.158591314157075	27.351832022289294
-12.427879367439301	-16.13678157110456	27.63206167611177
-12.508694085822233	-16.10738512149293	27.91285928434984
-12.587013781515525	-16.07030595641722	28.193914471969176
-12.662724064409103	-16.02546145555495	28.474908663711265
-12.735711393438764	-15.972783082207648	28.755515778576296
-12.805863373306591	-15.912217041524876	29.035402984723657
-12.87306905864458	-15.843724896217546	29.31423151290621
-12.937219264467323	-15.767284134117045	29.591657525993682
-12.998206881661597	-15.682888682047711	29.867333041566557
-13.055927196170238	-15.590549360651138	30.140906903997006
-13.11027821044112	-15.49029427503805	30.41202580186463
-13.161160965635494	-15.382169136442466	30.680335326009974
-13.208479863020653	-15.266237510418348	30.94548106299811
-13.252142982913801	-15.142580987545506	31.20710971826873
-13.292062399496585	-15.011299273100109	31.464870262787798
-13.32815448978527	-14.872510192689385	31.718415096602882
-13.360340235019656	-14.72634961144874	31.96740122234054
-13.388545512726441	-14.572971265044968	32.21149142138191
-13.412701377719978	-14.412546501415441	32.45035542521645
-13.432744330325992	-14.245263932892756	32.68367107430937
-13.448616570151499	-14.071328999111097	32.91112545672751
-13.460266233778155	-13.890963441851818	33.132416018760935
-13.467647614825378	-13.704404693754975	33.34725163985107
-13.470721364914032	-13.51190518359213	33.555353664290735
-13.469454674161002	-13.313731561547367	33.7564568824053
-13.463821429948164	-13.110163848686083	33.950310454245525
-13.453802352835961	-12.90149451548976	34.136678769224964
-13.439385108630306	-12.688027494989043	34.31534223561556
-13.420564395760847	-12.470077136631833	34.486097994363234
-13.397342007287318	-12.247967107566966	34.648760552298924
-13.369726867016922	-12.022029248498294	34.80316233049154
-13.33773503938788	-11.79260239166414	34.94915412420854
-13.301389712950654	-11.56003114881813	35.08660547170645
-13.260721157456919	-11.32466467732203	35.21540492986147
-13.215766654745078	-11.086855432609095	35.335460255455935
-13.166570403788496	-10.846957915335913	35.44669849174923
-13.113183400445926	-10.605327421508864	35.54906596077383
-13.055663292622167	-10.36231880375452	35.642528162593514
-12.994074211707632	-10.118285251698179	35.7270695835356
-12.928486581317868	-9.873577099130301	35.802693416149225
-12.858976904495625	-9.628540665278594	35.86942119434006
-12.78562753066799	-9.383517137071925	35.92729234777941
-12.708526403768222	-9.138841498788288	35.97636368027484
-12.627766793034882	-8.89484151492947	36.01670877731544
-12.543447008088675	-8.651836771568112	36.04841734846101
-12.455670099960972	-8.410137780782142	36.07159451062769
-12.364543549804257	-8.17004515212797	36.086360018631225
-12.27017894705678	-7.931848834426682	36.09284744957964
-12.172691658858053	-7.6958274304457746	36.09120334786237
-12.072200492522462	-7.462247586372639	36.08158633756132
-11.968827352871898	-7.231363457292543	36.064166209114916
-11.86269689620859	-7.003416249221198	36.039122987001335
-11.75393618267587	-6.778633837602368	36.00664598507606
-11.64267432870659	-6.5572304615692	35.96693285600667
-11.529042161200968	-6.339406492697111	35.92018864099939
-11.413171875006253	-6.125348276445013	35.866624825714666
-11.295196695190427	-5.91522804399472	35.80645840792723
-11.175250545515835	-5.709203891764237	35.73991098210893
-11.053467724423475	-5.507419825484695	35.667207845704546
-10.929982589737842	-5.310005865397733	35.58857713143993
-10.80492925319883	-5.117078208853726	35.504248969554894
-10.678441285817373	-4.928739446362353	35.41445468339499
-10.55065143494291	-4.745078826975883	35.319426021335765
-10.421691353819044	-4.5661725687605434	35.21939442755221
-10.291691344293133	-4.3920842100366215	35.11459035369366
-10.16078011323657	-4.222864997038689	35.005242613082864
-10.029084543125178	-4.058554303659958	34.891577778632204
-9.896729477124751	-3.8991800789961144	34.77381962526372
-9.763837518926678	-3.744759318491572	34.65218861723592
-9.630528847482857	-3.595298554609584	34.5269014404216
-9.496921046698038	-3.450794363093835	34.39817057924906
-9.363128950052001	-3.3112338810584725	34.26620393771523
-9.22926450004529	-3.1765953333343786	34.1312045036057
-9.095436622286941	-3.046848563703268	33.99337005481073
-8.961751113977709	-2.9219555678718154	33.852892906413665
-8.828310546478845	-2.8018710252626153	33.70995969704049
-8.695214181603657	-2.6865428269334144	33.564751212804154
-8.562557901219831	-2.575912597170913	33.41744224704757
-8.430434149708669	-2.4699162065414866	33.26820149398681
-8.298931888791701	-2.368484274415054	33.11719147427894
-8.168136564204335	-2.27154265920684	32.96456849048433
-8.038130083671819	-2.1790129348049074	32.81048261036114
-7.9089908056242955	-2.090812851866677	32.65507767591827
-7.780793538071925	-2.0068567828722754	32.498491336156995
-7.653609547053452	-1.9270561500192935	32.3408551014558
-7.527506574064507	-1.851319835226465	32.18229441758722
-7.4025488618723525	-1.779554571687337	32.02292875740605
-7.278797188125344	-1.7116653165747027	31.86287172830734
-7.1563089061715	-1.647555604644681	31.702231193621756
-7.0351379925093624	-1.5871278826247905	31.541109406192348
-6.915335100305995	-1.5302838243935568	31.37960315245975
-6.796947618430126	-1.4769246270697924	31.217803905469225
-6.68001973546485	-1.426951288229085	31.055797985304395
-6.564592508181038	-1.3802648645522984	30.893666725544346
-6.450703933972635	-1.336766712288033	30.73148664443622
-6.338389026773008	-1.296358709976355	30.569329619566684
-6.227679895995056	-1.25894346393855	30.40726306491268
-6.118605828056681	-1.2244244970837324	30.245350109240007
-6.011193370077567	-1.1927064216225642	30.08364977491145
-5.905466415353643	-1.1636950963082768	29.922217156250785
-5.801446290239724	-1.1372977688490604	29.761103596695705
-5.699151842091724	-1.1134232041520709	29.600356864051456
-5.598599527942839	-1.0919817990702136	29.44002132323539
-5.4998035036099875	-1.0728856843280312	29.280138105975983
-5.402775712947744	-1.0560488143032711	29.120745276998424
-5.307525976988364	-1.0413870453369085	28.961877996294483
-5.214062082726676	-1.0288182032366617	28.803568677135175
-5.1223898713284015	-1.0182621406281467	28.645847139541527
-5.032513325559407	-1.0096407847940545	28.488740758981137
-4.94443465625155	-1.002878176625652	28.332274610106687
-4.858154387638738	-0.9979005012928831	28.176471605397673
-4.773671441412721	-0.9946361112196048	28.021352628606113
-4.690983219364855	-0.9930155419296275	27.866936662945122
-4.610085684494443	-0.9929715213072637	27.713240913991527
-4.530973440479201	-0.9944389727935005	27.56028092730485
-4.4536398094161385	-0.9973550130158009	27.40807070079039
-4.378076907754143	-1.00165894432624	27.25662279185857
-4.3042757203516935	-1.007292242699254	27.105948419454013
-4.232226172603414	-1.0141985414170271	26.956057561044524
-4.161917200590443	-1.02232361094746	26.8069590446776
-4.09333681921835	-1.031615335397029	26.658660636223786
-4.026472188315925	-1.0420236858985934	26.511169121938774
-3.9613096766760223	-1.053500691272582	26.364490386484796
-3.8978349240271273	-1.0660004062789856	26.218629486558918
-3.8360329009317438	-1.0794788777571787	26.073590720282876
-3.775887966613601	-1.0938941089310292	25.92937769251236
-3.717383924721676	-1.1092060221378917	25.785993376227015
-3.6605040770444206	-1.1253764202219583	25.643440170164627
-3.605231275192183	-1.1423689468152032	25.50171995286317
-3.5515479702702004	-1.1601490457126502	25.360834133274487
-3.4994362605684537	-1.1786839195329992	25.22078369811235
-3.4488779372979974	-1.1979424878407727	25.081569256095676
-3.39985452840649	-1.217895344892047	24.943191079245306
-3.3523473405084023	-1.2385147171524413	24.805649141390052
-3.3063374989676277	-1.259774420723481	24.66894315403397
-3.2618059861721753	-1.28164981880163	24.53307259973283
-3.2187336780426374	-1.304117779282995	24.398036763124438
-3.1771013788171865	-1.3271566326164028	24.26383475975182
-3.1368898541573444	-1.3507461299975922	24.130465562814656
-3.0980798626196813	-1.3748674019880855	23.997928027979345
-3.0606521855391637	-1.3995029176338067	23.866220916372633
-3.024587655370686	-1.424636444150345	23.735342915879663
-2.9898671825355603	-1.45025300723434	23.605292660861902
-2.956471780819816	-1.4763388520535947	23.476068750405027
-2.9243825913715087	-1.502881404961844	23.347669765202888
-2.8935809053438324	-1.5298692359783137	23.220094283177705
-2.8640481852308843	-1.5572920220664366	23.093340893932808
-2.8357660849423887	-1.5851405112410961	22.967408212128678
-2.8087164686634147	-1.6134064875288716	22.84229488986906
-2.7828814285445596	-1.6420827368013757	22.717999628179268
-2.758243301267384	-1.6711630134977946	22.594521187654088
-2.734784683529393	-1.700642008248815	22.47185839834925
-2.7124884464919186	-1.730515316410874	22.350010168985502
-2.6913377492336354	-1.760779407516335	22.228975495531156
-2.6713160512514924	-1.7914315956423725	22.1087534692248
-2.6524071240500184	-1.8224700106986464	21.98934328409652
-2.634595061858997	-1.8538935706314423	21.870744244042303
-2.617864291518619	-1.8857019545396232	21.75295576950357
-2.6021995815701273	-1.9178955766959096	21.63597740379977
-2.5875860505891244	-1.9504755614648763	21.51980881916015
-2.5740091747975713	-1.98344371910759	21.404449822497163
-2.5614547949895323	-2.016802522461175	21.289900360961713
-2.549909122804686	-2.0505550844802025	21.176160527318054
-2.5393587463825495	-2.0847051366256064	21.06323056517343
-2.5297906354293525	-2.119257008085579	20.95111087409592
-2.521192145728424	-2.1542156058119444	20.839802014651436
-2.5135510231239078	-2.1895863953545867	20.729304713389073
-2.5068554070065905	-2.2253753824756006	20.619619867802303
-2.5010938333295853	-2.261589095524158	20.51074855129167
-2.496255237180584	-2.2982345685522945	20.40269201815332
-2.492328954936352	-2.3353193251513367	20.295451708616014
-2.489304726024153	-2.3728513629880634	20.189029253948025
-2.4871726943137746	-2.4108391390191337	20.083426481654367
-2.4859234091628277	-2.4492915553619996	19.97864542078322
-2.4855478261370276	-2.488217945799998	19.874688307359715
-2.486037307426192	-2.5276280628989922	19.771557589964182
-2.4873836219757397	-2.5675320657126033	19.66925593547099
-2.4895789453525308	-2.607940508052635	19.567786234963716
-2.4926158593629744	-2.6488643273011863	19.467151609841103
-2.4964873514404005	-2.6903148337404965	19.367355418128053
-2.5011868138178164	-2.73230370037636	19.268401261005177
-2.506708042501265	-2.774842953230732	19.17029298956982
-2.513045236058146	-2.8179449620787484	19.07303471184124
-2.520192994233989	-2.861622431605264	18.976630800021915
-2.5281463164103446	-2.905888392955691	18.88108589802678
-2.536900599915612	-2.950756195655625	18.78640492929181
-2.5464516381997964	-2.996239499873442	18.692593104873154
-2.5567956188834002	-3.0423522689998386	18.599655931847643
-2.567929121689852	-3.0891087625179097	18.50759922202527
-2.579849116270062	-3.13652352913697	18.416429100984274
-2.592552959926961	-3.184611400163073	18.326152017439025
-2.606038395247082	-3.2333874830787326	18.236774752950822
-2.6203035476454746	-3.2828671553038826	18.14830443199174
-2.635346922829524	-3.3330660581097753	18.060748532371353
-2.6511674041864604	-3.3840000906568912	17.974114896036163
-2.6677642500986263	-3.4356854041275455	17.88841174025134
-2.685137091189852	-3.488138395923255	17.80364766917438
-2.703285927505466	-3.5413757038961777	17.719831685830275
-2.722211125627858	-3.5954142005835745	17.63697320449733
-2.741913415728702	-3.6502709874132675	17.555082063513062
-2.7623938885582064	-3.7059633888474206	17.47416853850919
-2.7836539923711023	-3.7625089464312147	17.394243356084615
-2.8056955297882546	-3.8199254127119926	17.315317707925274
-2.8285206545920953	-3.878230744993576	17.237403265379356
-2.852131868453354	-3.9374430988895894	17.160512194496164
-2.876532017585731	-3.997580821638333	17.084657171536815
-2.9017242893245068	-4.05866244514089	17.009851398964372
-2.927712208624213	-4.120706678682739	16.936108621920848
-2.9544996344698076	-4.183732401298094	16.863443145198048
-2.982090756194944	-4.247758653734745	16.79186985070872
-3.010490089700165	-4.312804629975803	16.721404215463988
-3.0397024735629965	-4.378889668273282	16.652062330062332
-3.0697330650311723	-4.4460332416470045	16.583860917694853
-3.1005873358892724	-4.514254947800498	16.51681735367062
-3.132271068188222	-4.583574498403931	16.450949685465233
-3.164790349826351	-4.654011707692613	16.386276653294416
-3.1981515699695753	-4.725586480327224	16.32281771121378
-3.2323614142975146	-4.798318798460402	16.26059304874446
-3.2674268600614034	-4.872228707952236	16.19962361302295
-3.3033551709385582	-4.947336303674902	16.139931131472203
-3.3401538916673155	-5.023661713844782	16.081538134989234
-3.3778308424452463	-5.101225083318002	16.024467981642793
-3.416394113072436	-5.1800465557830515	15.968744880872627
-3.455852056820471	-5.260146254781656	15.91439391817987
-3.496213284006808	-5.341544263486828	15.861441080295492
-3.5374866552529167	-5.424260603164316	15.809913280811417
-3.579681274403501	-5.5083152102411495	15.759838386255957
-3.6228064810828617	-5.593727911902325	15.711245242592314
-3.6668718428632334	-5.680518400134024	15.664163702115466
-3.7118871470187673	-5.768706204129191	15.61862465071921
-3.7578623918373055	-5.858310660968168	15.574660035501365
-3.8048077774610243	-5.949350884484804	15.532302892670796
-3.852733696225492	-6.041845732225405	15.491587375715484
-3.9016507224653503	-6.135813770405208	15.452548783785975
-3.9515696017534236	-6.231273236764448	15.415223590243286
-4.002501239538592	-6.328242001223296	15.379649471314723
-4.054456689146306	-6.426737524232487	15.345865334794945
-4.1074471391041065	-6.526776812713802	15.313911348723208
-4.161483899753023	-6.628376373482335	15.283828969960677
-4.216578389104195	-6.731552164040206	15.25566097258429
-4.272742117898432	-6.836319540629134	15.229451476005764
-4.329986673825017	-6.942693203427759	15.205245972715774
-4.388323704854312	-7.050687138777618	15.18309135554441
-4.447764901637398	-7.160314558320827	15.163035944319324
-4.5083219789242	-7.271587834931061	15.145129511792943
-4.570006655950155	-7.3845184353191575	15.129423308699185
-4.632830635739987	-7.49911684919451	15.115970087788785
-4.696805583275532	-7.615392514863478	15.104824126680292
-4.761943102473322	-7.733353741147335	15.096041249350947
-4.828254711916156	-7.85300762550363	15.089678846078384
-4.895751819281642	-7.974359968237099	15.085795891629914
-4.964445694409331	-8.097415182689156	15.084452961481409
-5.034347440947277	-8.222176201299368	15.085712245832303
-5.105467966517567	-8.348644377436708	15.089637561167075
-5.177817951339577	-8.476819382904457	15.09629435909672
-5.251407815249239	-8.606699101030012	15.105749732196163
-5.3262476830517524	-8.738279515258741	15.118072416535444
-5.402347348145247	-8.871554593181429	15.133332790583664
-5.4797162343525585	-9.006516165935567	15.151602870145332
-5.558363355898545	-9.14315380293389	15.172956298968804
-5.638297275471276	-9.281454681888965	15.19746833464622
-5.719526060305424	-9.421403454117804	15.22521582940337
-5.802057236228345	-9.562982105130866	15.256277205357012
-5.885897739610402	-9.706169810529852	15.290732423795795
-5.971053867163142	-9.85094278726201	15.328662948019376
-6.0575312235317655	-9.997274140304969	15.37015169924915
-6.145334666631345	-10.145133704884596	15.415283005102745
-6.234468250679724	-10.294487884359524	15.464142540103593
-6.324935166884708	-10.445299483940868	15.516817257676712
-6.416737681747781	-10.597527540452742	15.573395313062308
-6.509877072952935	-10.751127148381135	15.633965976560699
-6.60435356281508	-10.906049282501886	15.698619536504609
-6.700166249270418	-11.06224061742733	15.76744719133976
-6.797313034399438	-11.21964334446282	15.840540930181229
-6.89579055048269	-11.378194986220128	15.917993401202025
-6.995594083599471	-11.537828209493405	15.999897767201809
-7.096717494791591	-11.698470636967805	16.08634754769883
-7.199153138827004	-11.860044658398088	16.177436446886805
-7.302891780611727	-12.022467241965408	16.273258166800858
-7.407922509314044	-12.185649746596557	16.37390620504454
-7.514232650281895	-12.349497736109408	16.47947363644294
-7.621807674851246	-12.513910796129675	16.590052878004634
-7.730631108164377	-12.678782354812968	16.70573543660219
-7.840684435136594	-12.843999508493653	16.82661163881203
-7.951947004732909	-13.009442853475337	16.95277034239548
-8.064395932740936	-13.17498632527368	17.08429862895263
-8.178006003250358	-13.340497046716784	17.221281477337445
-8.292749569078483	-13.50583518640953	17.363801417493175
-8.408596451408446	-13.670853829164274	17.5119381644446
-8.52551383893815	-13.835398860100687	17.665768232275823
-8.643466186869095	-13.999308864213651	17.825364528024462
-8.762415116097765	-14.162415043303538	17.99079592553943
-8.882319313006924	-14.324541152254795	18.162126819478775
-9.003134430288934	-14.48550345673413	18.339416659766123
-9.124812989271714	-14.645110714461945	18.522719466983947
-9.247304284253328	-14.803164182280133	18.712083329351
-9.370554289391583	-14.95945765130427	18.90754988212106
-9.494505568731958	-15.113777512497151	19.109153770439452
-9.619097189997236	-15.26590285503909	19.316922096911934
-9.744264642799749	-15.41560559989061	19.53087385536978
-9.869939761975942	-15.562650670947434	19.75101935256031
-9.9960506567797	-15.706796206170251	19.977359619748892
-10.122521646705838	-15.84779381103134	20.20988581648631
-10.249273204749942	-15.98538885655654	20.448578629076017
-10.376221908941169	-16.119320824147827	20.693407666562184
-10.503280403012988	-16.249323699249697	20.944330857353304
-10.630357367100931	-16.37512641576772	21.201293849892583
-10.757357499378026	-16.496453352960426	21.46422942108726
-10.884181509551833	-16.613024886298668	21.733056896500702
-11.010726125158465	-16.724557993525618	22.007681586604086
-11.136884111590872	-16.8307669168473	22.287994243661057
-11.26254430679582	-16.931363881841722	22.573870544084965
-11.387591671560992	-17.026059873290738	22.865170601350318
-11.511907356294824	-17.114565467715288	23.1617385147629
-11.635368785170273	-17.196591721928947	23.46340195957809
-11.75784975846628	-17.27185111642246	23.769971824115245
-11.87922057388821	-17.34005855184926	24.081241899621517
-11.999348167589513	-17.400932396308193	24.396988628707074
-12.118096275542362	-17.454195580512362	24.716970918179815
-12.23532561582129	-17.499576737301094	25.040930022059978
-12.350894092266246	-17.53681138129812	25.368589500439317
-12.464657019882786	-17.56564312385133	25.699655259666297
-12.576467372214431	-17.585824917713424	26.03381567907674
-12.686176050789777	-17.59712032524868	26.37074182915513
-12.793632176600628	-17.59930480328585	26.710087785590673
-12.898683403411134	-17.592166997091912	27.051491043190317
-13.001176252530415	-17.575510035326502	27.394573033022464
-13.100956468506045	-17.54915281726257	27.73893974549839
-13.197869395009722	-17.51293128303744	28.084182461340127
-13.291760369996817	-17.466699657241065	28.429878591557223
-13.382475139024123	-17.410331655766868	28.775592626645103
-13.469860285411952	-17.34372164555614	29.120877194249356
-13.553763675735647	-17.26678574667113	29.46527422350624
-13.634034918933404	-17.17946286604375	29.808316213193446
-13.710525837121235	-17.08171565227737	30.14952759970598
-13.783090946017813	-16.973531361033626	30.488426219735906
-13.851587942701318	-16.85492262082377	30.824524861384457
-13.915878198252503	-16.725928089447084	31.157332896295905
-13.975827252684265	-16.58661299188092	31.48635798428611
-14.031305309421477	-16.437069531127676	31.811107840865702
-14.08218772647775	-16.277417164362074	32.13109205704292
-14.128355501381886	-16.107802737690125	32.44582395985968
-14.169695746836222	-15.928400473926263	32.75482250127308
-14.206102154046402	-15.739411809002236	33.0576141622723
-14.237475440647211	-15.541065073931154	33.3537348585259
-14.263723780164533	-15.333615020645867	33.64273183340521
-14.28476320999945	-15.117342191496672	33.92416552393535
-14.300518014998467	-14.89255213370843	34.1976113851003
-14.310921083783432	-14.659574461639828	34.46266165797902
-14.315914235155535	-14.418761771239923	34.71892706741644
-14.315448512059596	-14.17048841262803	34.96603843534718
-14.309484440795742	-13.91514912821896	35.20364819647737
-14.297992253394169	-13.653157565241685	35.431431803799974
-14.280952071322554	-13.384944672844924	35.649089012348874
-14.258354048972205	-13.110956995215014	35.85634503068816
-14.230198475665016	-12.831654873237214	36.05295153086257
-14.19649583523553	-12.547510568190397	36.2386875088889
-14.157266822566783	-12.259006321760397	36.41335998932745
-14.112542316791618	-11.966632367278462	36.576804569013625
-14.062363311208287	-11.670884907527785	36.72888579663018
-14.00678080029626	-11.37226407470469	36.86949738643761
-13.945855624551571	-11.071271888174937	36.9985622661241
-13.879658274185719	-10.768410225522636	37.11603246036905
-13.808268653044461	-10.464178822058386	37.22188881330567
-13.731775804400147	-10.159073313445704	37.3161405545956
-13.650277600547044	-9.853583335418287	37.398824715275104
-13.563880398384915	-9.548190693728968	37.470005400869425
-13.472698663403676	-9.24336761648771	37.529772930491205
-13.376854564684075	-8.939575099949005	37.57824285171775
-13.276477543700304	-8.637261357604169	37.61555484197308
-13.171703859851544	-8.336860381151418	37.64187150791277
-13.06267611575795	-8.038790620571634	37.65737709491773
-12.949542765433314	-7.743453789156853	37.66227611924378
-12.832457608490836	-7.45123379793977	37.65679193564786
-12.711579273552342	-7.1624958225825095	37.64116525342189
-12.587070694012777	-6.877585504412019	37.61565261371778
-12.459098579266069	-6.596828285967084	37.580524840849854
-12.327832884424234	-6.320528880156372	37.53606547992461
-12.193446281462833	-6.048970870937791	37.48256923268451
-12.056113634603959	-5.782416442327033	37.42034040287633
-11.91601148260496	-5.521106231536995	37.349691361778994
-11.773317530462295	-5.265259301153517	37.270941043768836
-11.628210152863645	-5.015073224462453	37.18441348097386
-11.480867911535215	-4.770724277372581	37.09043638519292
-11.331469088434277	-4.532367729821531	36.98933978434274
-11.180191236534014	-4.300138229111455	36.88145471976223
-11.027210749740457	-4.074150267293223	36.7671120097635
-10.872702453273456	-3.854498724500315	36.646641083885115
-10.716839215635456	-3.6412594800174443	36.52036889138766
-10.55979158308693	-3.4344900828502576	36.38861888664447
-10.401727437350074	-3.2342304736361713	36.251710093234
-10.242811677066069	-3.0405037498831633	36.109956247735475
-10.083205923350633	-2.8533169667519016	35.9636650234828
-9.923068249615593	-2.672661965880016	35.81313733383838
-9.762552935660231	-2.4985162250875725	35.65866671391798
-9.601810245885224	-2.330843722189137	35.500538779132626
-9.440986231339757	-2.169595806555815	35.33903075841035
-9.280222555185441	-2.014712072518848	35.17441109952483
-9.119656341045907	-1.8661212291728075	35.00693914358627
-8.959420043608125	-1.7237419616134013	34.83686486543979
-8.7996413407519	-1.5874837791272944	34.66442867646697
-8.640443046408242	-1.457247846333165	34.48986128609553
-8.481943043280607	-1.332927793745377	34.31338361818208
-8.324254234511752	-1.2144105046952547	34.13520677834581
-8.167484513335044	-1.1015768759895197	33.9555320682871
-8.011736749718802	-0.9943025501132547	33.77455104312446
-7.857108792989858	-0.8924586171889558	33.592445607818874
-7.703693489409378	-0.7959122852834384	33.409388148822366
-7.551578713670415	-0.7045275180096676	33.225541697185676
-7.400847413288753	-0.6181656386977311	33.04106011947984
-7.251577664869337	-0.5366859007102429	32.85608833302878
-7.103842741246249	-0.4599460237502105	32.67076254210784
-6.957711188514894	-0.3878026962548239	32.48521049193303
-6.813246912002405	-0.3201120441883378	32.29955173744854
-6.670509270250262	-0.2567300667393062	32.113897924104755
-6.529553176117951	-0.1975130395964216	31.928353078012883
-6.390429204151196	-0.1423178866211311	31.743013903053583
-6.2531837033967	-0.09100252085753265	31.55797008271026
-6.11785891488492	-0.04342615592128923	31.373304584587693
-5.984493093043141	0.0005504111088848295	31.189093965763018
-5.8531206303422785	0.041064544109762784	31.00540867729641
-5.72377218452271	0.07825153840703422	30.82231336640357
-5.596474807786403	0.11224441607559792	30.639867174959527
-5.471252077383701	0.14317374475922592	30.45812403316192
-5.348124227063481	0.17116747871449234	30.27713294733193
-5.227108278896358	0.1963508207863319	30.096938280974094
-5.108218175018544	0.2188461040347515	29.917580028347356
-4.991464908881899	0.23877269175191274	29.739094079923255
-4.8768566556326425	0.25624689463523126	29.561512479222166
-4.764398901274987	0.27138190391452666	29.38486367062176
-4.654094570310533	0.2842877392679046	29.209172737829658
-4.545944151575231	0.2950712104018169	29.034461632798518
-4.439945822026486	0.30383589121423543	28.860749394941667
-4.336095568261112	0.3106821055057108	28.688052360578013
-4.2343873055719925	0.3157069232503845	28.516384362598753
-4.134812994376685	0.31900416648732005	28.3457569204051
-4.037362753874592	0.32066442394128614	28.176179420215274
-3.942024972811733	0.3207750735308622	28.007659285883005
-3.8487864172522643	0.3194203119701199	27.840202140406408
-3.757632335275564	0.316681190717791	27.673811958339186
-3.6685465585346506	0.3126356575745216	27.508491209341923
-3.5815116006283296	0.30735860327427356	27.344240993134335
-3.496508752254109	0.30092191245999955	27.18106116612701
-3.413518173122698	0.293394518476247	27.01895046002577
-3.332518980627096	0.2848424614521945	26.85790659271228
-3.2534893352706384	0.2753289491877498	26.697926371712256
-3.1764065228686347	0.2649144203926762	26.539005790567963
-3.101247033546941	0.2536566098641599	26.38114011843299
-3.0279866375697435	0.24161061522196955	26.22432398320916
-2.956600458035106	0.22882896485204943	26.068551448541488
-2.8870630404844433	0.21536168673955017	25.913816084986227
-2.819348419476622	0.2012563779003509	25.760111035659676
-2.7534301821833065	0.18655827414676246	25.60742907667135
-2.6892815290658123	0.17131031994778811	25.455762672636787
-2.6268753316975686	0.15555323816749864	25.305104027557288
-2.5661841877996383	0.1393255994867315	25.155445131346042
-2.5071804735588716	0.12266389133330886	25.00677780226953
-2.4498363933007803	0.10560258616471842	24.859093725564527
-2.3941240265905503	0.0881742089644082	24.71238448848003
-2.340015372837096	0.0704094038288953	24.566641611983826
-2.2874823934758077	0.052336999537617106	24.421856579362668
-2.236497051806209	0.03398407401105477	24.27802086193449
-2.1870313505611816	0.015376017575248011	24.13512594208127
-2.139057367284093	-0.0034634050377933545	23.99316333379987
-2.0925472875901656	-0.02251199401365442	23.852124600958668
-2.047473436387927	-0.04174905515328558	23.712001373437744
-2.0038083071357997	-0.06115534198645337	23.57278536132017
-1.96152458920825	-0.08071299933423519	23.434468367292972
-1.9205951934447159	-0.10040550834671363	23.297042297406392
-1.8809932759536145	-0.12021763303531602	23.160499170331683
-1.8426922602425113	-0.14013536831321968	23.02483112524901
-1.805665857743992	-0.1601458895519236	22.890030428488046
-1.7698880868056774	-0.18023750365704475	22.756089479036806
-1.7353332902111243	-0.2003996016620954	22.623000813025854
-1.7019761512969391	-0.2206226128349879	22.490757107288236
-1.66979170872975	-0.24089796028854332	22.359351182088027
-1.638755370005243	-0.26121801808301576	22.22877600310455
-1.6088429237295299	-0.2815760698060411	22.09902468275189
-1.5800305507418002	-0.3019662686127145	21.970090480908816
-1.5522948341351754	-0.32238359870656946	21.841966805127175
-1.525612768231279	-0.3428238382401339	21.71464721038273
-1.4999617665621265	-0.36328352361224586	21.588125398426495
-1.4753196689114223	-0.38375991513776814	21.46239521679075
-1.4516647474654902	-0.4042509640642602	21.337450657498586
-1.428975712122581	-0.4247552809090138	21.213285855522752
-1.4072317150075129	-0.4452721050890998	21.089895087034925
-1.3864123542369733	-0.46580127581640257	20.967272767483042
-1.3664976769793233	-0.4863432042289472	20.845413449531613
-1.3474681818509675	-0.5068988467295898	20.7243118208958
-1.3293048206899667	-0.5274696795026804	20.603962702098052
-1.3119889997459349	-0.5480576741792129	20.484361044172942
-1.295502580323785	-0.5686652746208616	20.365501926343377
-1.2798278789174362	-0.5892953747932805	20.24738055368922
-1.2649476668681432	-0.6099512976991192	20.129992254827194
-1.2508451695807072	-0.630636775341357	20.013332479618953
-1.2375040653294533	-0.6513559296877627	19.89739679692236
-1.2249084836845434	-0.6721132546075252	19.7821808923996
-1.213043003587885	-0.6929135987514232	19.667680566394083
-1.2018926511066153	-0.713762149347279	19.55389173188666
-1.1914428968909596	-0.7346644168827701	19.440810412540813
-1.1816796533620173	-0.7556262206481784	19.328432740844818
-1.172589271653909	-0.7766536751120625	19.21675495635831
-1.1641585383336004	-0.7977531771033025	19.105773404069705
-1.156374671920606	-0.8189313937735406	18.995484532869867
-1.1492253192277508	-0.8401952513145048	18.885884894146947
-1.1426985515431474	-0.8615519244052482	18.776971140506614
-1.1367828606725567	-0.8830088263649207	18.668740024621233
-1.1314671548603688	-0.9045735999872063	18.56118839821122
-1.1267407546065058	-0.9262541090331726	18.454313211161136
-1.1225933883956916	-0.9480584303597908	18.348111510773137
-1.1190151883546562	-0.9699948466620467	18.242580441159454
-1.115996685852047	-0.9920718398070874	18.13771724277585
-1.113528807055021	-1.014298084739387	18.033519252097722
-1.1116028684557355	-1.0366824439366027	17.92998390144005
-1.1102105723802171	-1.0592339623962757	17.827108718922464
-1.1093440024914112	-1.0819618631341141	17.72489132858077
-1.1089956192975137	-1.1048755431751895	17.623329450625913
-1.1091582556760615	-1.1279845700199205	17.522420901851426
-1.1098251124236274	-1.1512986785672117	17.422163596190757
-1.110989753840375	-1.1748277684777708	17.32255554542523
-1.1126461033581607	-1.1985819019610204	17.223594860044187
-1.1147884392203193	-1.2225713019696511	17.12527975025831
-1.1174113902207512	-1.246806350786256	17.02760852716787
-1.12050993150943	-1.2712975889871072	16.930579604087054
-1.1240793804709648	-1.2960557147685046	16.834191498026264
-1.1281153926823981	-1.3210915836216233	16.73844283133425
-1.1326139579559844	-1.346416208342285	16.643332333501878
-1.1375713964722656	-1.372040759362427	16.548858843129977
-1.1429843550083738	-1.3979765653905443	16.455021310063497
-1.1488498032660968	-1.424235114348705	16.361818797694745
-1.1551650303038838	-1.4508280545942112	16.269250485438413
-1.161927641076614	-1.4777671964142292	16.177315671381702
-1.1691355530866254	-1.5050645137822036	16.08601377511272
-1.1767869931491648	-1.5327321463650392	15.995344340730954
-1.1848804942751432	-1.560782401770514	15.905307040043581
-1.1934148926737567	-1.5892277580245175	15.815901675951956
-1.2023893248772768	-1.6180808662681012	15.727128186032648
-1.2118032249900377	-1.6473545536644985	15.638986646317976
-1.2216563220633898	-1.6770618265065407	15.551477275281039
-1.2319486375981432	-1.707215873515068	15.46460043803081
-1.2426804831757974	-1.737830069319164	15.37835665072296
-1.2538524582196149	-1.768917978109144	15.292746585192642
-1.2654654478863756	-1.8004933574533926	15.207771073815705
-1.2775206210894445	-1.8325701622702397	15.123431114605168
-1.290019428653578	-1.8651625489461683	15.039727876550199
-1.3029636016016928	-1.8982848795916736	14.956662705205215
-1.3163551495736283	-1.9319517264261474	14.874237128537066
-1.33019635937673	-1.9661778762831055	14.792452863038813
-1.3444897936679308	-2.0009783352271473	14.711311820118755
-1.3592382897667874	-2.036368333273865	14.630816112774095
-1.3744449585987633	-2.0723633292038843	14.550968062558798
-1.3901131837678762	-2.1089790154620904	14.471770206855838
-1.4062466207576345	-2.1462313231328913	14.393225306464355
-1.4228491962590302	-2.1841364269822368	14.31533635351271
-1.4399251076241448	-2.2227107505567933	14.238106579709022
-1.457478822443801	-2.2619709713305234	14.161539464941002
-1.4755150782474225	-2.3019340258884258	14.08563874623774
-1.4940388823231625	-2.342617115137007	14.010408427106242
-1.5130555116561235	-2.384037709530564	13.935852787256264
-1.5325705129823106	-2.4262135543019157	13.861976392727415
-1.552589702955748	-2.4691626746857525	13.788784106433033
-1.5731191684259902	-2.5129033811221815	13.71628109913589
-1.594165266823043	-2.5574542744275215	13.64447286087128
-1.6157346266464578	-2.6028342509186073	13.573365212833762
-1.6378341480551761	-2.649062507476347	13.502964319744034
-1.660471003554407	-2.6961585465333044	13.433276702713409
-1.6836526387755766	-2.7441421809693542	13.364309252623581
-1.7073867733451324	-2.7930335388985403	13.296069244040153
-1.7316814018376583	-2.8428530683292035	13.228564349678896
-1.7565447948085013	-2.8936215416785376	13.161802655444218
-1.7819854999007667	-2.9453600601214998	13.095792676060011
-1.8080123430211725	-2.9980900577527683	13.030543371313561
-1.8346344295789434	-3.05183330553924	12.966064162933788
-1.8618611457815164	-3.1066119150391125	12.90236495212555
-1.8897021599804253	-3.1624483418621034	12.839456137782465
-1.9181674240603164	-3.21936538884382	12.777348635401056
-1.947267174863583	-3.2773862089055905	12.716053896719675
-1.9770119356426032	-3.336534307569199	12.65558393010612
-2.0074125175311144	-3.3968335450942475	12.595951321718243
-2.0384800210256553	-3.458308138203644	12.53716925746244
-2.070225837467406	-3.52098266136059	12.479251545775265
-2.102661650514267	-3.5848820475583514	12.422212641253637
-2.135799437592178	-3.6500315885813426	12.366067669159724
-2.169651471314192	-3.7164569346938507	12.31083245082653
-2.2042303208548777	-3.784184093709653	12.256523529990698
-2.239548853267004	-3.8532394293931884	12.203158200078992
-2.275620234726587	-3.9236496591398136	12.150754532475025
-2.312457931691418	-3.9954418508793275	12.099331405792874
-2.3500757119573916	-4.068643419143798	12.048908536183955
-2.388487645595861	-4.143282120236958	11.999506508703368
-2.4277081057542897	-4.219386046438839	11.951146809761532
-2.4677517693012447	-4.296983619175101	11.903851860686537
-2.5086336172957466	-4.376103581076691	11.857645052421741
-2.550368935259628	-4.456774986850741	11.812550781382662
-2.592973313230317	-4.5390271928792325	11.768594486495873
-2.636462645570029	-4.622889845457034	11.72580268744168
-2.6808531305059478	-4.708392867575918	11.684203024120668
-2.7261612693743524	-4.795566444155733	11.643824297362752
-2.772403865540056	-4.884441005618492	11.604696510895227
-2.8195980229608497	-4.975047209695349	11.56685091458412
-2.867761144364745	-5.067415921350231	11.530320048960549
-2.9169109290059363	-5.161578190697729	11.495137791040882
-2.9670653699634615	-5.257565228786287	11.461339401446025
-3.0182427509443746	-5.355408381110915	11.42896157282151
-3.07046164255097	-5.455139098712371	11.398042479555826
-3.1237408979693995	-5.556788906712715	11.36862182878962
-3.1780996480345336	-5.660389370129445	11.340740912703115
-3.2335572956233323	-5.765972056802483	11.31444266206331
-3.2901335093264246	-5.873568497260508	11.28977170100585
-3.347848216344629	-5.983210141344403	11.266774403019426
-3.406721594554418	-6.094928311397551	11.245498948092425
-3.4667740636832756	-6.208754151823928	11.225995380972877
-3.528026275532561	-6.324718574805827	11.208315670483106
-3.590499103182403	-6.442852201964412	11.192513769819897
-3.6542136291097305	-6.56318530173729	11.178645677759404
-3.7191911321467885	-6.6857477222376644	11.166769500673494
-3.7854530732041214	-6.810568819351128	11.156945515250277
-3.8530210796780753	-6.937677379816711	11.149236231796694
-3.9219169284589595	-7.067101539029819	11.143706457984687
-3.9921625274520576	-7.198868693295947	11.14042336288478
-4.063779895519678	-7.333005406255706	11.139456541111736
-4.136791140747866	-7.469537309192785	11.140878076886263
-4.2112184369377825	-7.608488994929942	11.144762607794352
-4.287083998216493	-7.74988390500922	11.15118738800174
-4.364410051658484	-7.893744209847874	11.160232350655074
-4.4432188078040635	-8.040090681554535	11.171980169173517
-4.523532428956607	-8.18894255908586	11.186516317104669
-4.605372995136182	-8.34031740542053	11.203929126186754
-4.688762467562671	-8.494230956425273	11.224309842224987
-4.773722649536995	-8.65069696108677	11.247752678353539
-4.8602751445851125	-8.80972701278505	11.274354865216036
-4.9484413117250226	-8.97133037128686	11.30421669755637
-5.038242217713333	-9.135513775143483	11.337441576668137
-5.129698586124109	-9.302281244185673	11.374136048105207
-5.222830743109608	-9.471633871820202	11.414409834007396
-5.317658559689031	-9.643569606846448	11.458375859344448
-5.414201390409464	-9.818083024531102	11.506150271328227
-5.512478008220332	-9.995165086700384	11.55785245118712
-5.612506535402065	-10.174802890638032	11.613605017439045
-5.714304370388174	-10.35697940660843	11.67353381973883
-5.817888110320084	-10.541673203862617	11.737767922313697
-5.9232734691755216	-10.728858165030005	11.806439575936842
-6.030475191311971	-10.918503188847335	11.879684177322822
-6.139506960271289	-11.110571881237318	11.957640214762693
-6.250381302694416	-11.30502223481254	12.040449198748224
-6.363109487202159	-11.50180629695709	12.128255576267522
-6.477701418104516	-11.700869826720266	12.221206627385918
-6.594165523810522	-11.902151940850796	12.319452342659488
-6.7125086398219365	-12.10558474940415	12.423145279863302
-6.832735886207143	-12.311092981470047	12.532440398453698
-6.954850539466711	-12.518593601692844	12.647494870123769
-7.0788538987217295	-12.7279954183989	12.76846786375778
-7.204745146174988	-12.939198684293187	12.89552030303913
-7.332521201821051	-13.152094690855796	13.028814594926331
-7.462176572406747	-13.366565357744705	13.168514327176165
-7.593703194675483	-13.582482818706016	13.314783933071338
-7.7270902729627124	-13.799709005698867	13.467788321498146
-7.862324111247618	-14.018095233162734	13.627692470522096
-7.999387939809975	-14.237481784592376	13.794660982630038
-8.138261736686188	-14.457697503832188	13.968857599842977
-8.278922044171306	-14.678559393766438	14.150444676963781
-8.42134178066963	-14.899872225356326	14.33958261130575
-8.565490048256505	-15.121428160259589	14.536429227354704
-8.711331936382267	-15.343006390568153	14.741139114957493
-8.858828322217805	-15.564372799499393	14.953862919795187
-9.00793566821993	-15.785279647190466	15.174746585106421
-9.158605817575085	-16.005465286056342	15.403930543866101
-9.310785788266497	-16.224653910485294	15.641548860907022
-9.464417566601663	-16.442555345955025	15.887728324797632
-9.619437901134116	-16.658864882954724	16.14258748966225
-9.775778098011351	-16.8732631613822	16.406235667545584
-9.933363818888704	-17.08541611135918	16.67877187239907
-10.092114882653846	-17.294974956647607	16.960283717283957
-10.251945072317943	-17.501576287063724	17.250846266962338
-10.412761948542455	-17.704842206460494	17.550520848676893
-10.574466671381767	-17.904380562972833	17.85935382459785
-10.736953831936761	-18.09978526829318	18.177375330152294
-10.900111295722619	-18.290636712747038	18.504597983227274
-11.063820059665582	-18.47650228287409	18.841015570072283
-11.227954124742638	-18.65693698806366	19.186601714587187
-11.392380386378074	-18.831484202552023	19.541308538591085
-11.556958544796544	-18.99967652873785	19.905065321592417
-11.721541037610333	-19.161036787312206	20.277777169528758
-11.885972996982218	-19.31507913911687	20.659323702896092
-12.050092233754388	-19.461310342933754	21.049557775633545
-12.213729250963405	-19.59923115255914	21.448304237050156
-12.376707289171472	-19.728337855527442	21.85535874996535
-12.538842406029966	-19.848123954712925	22.270486679059882
-12.699943592451541	-19.95808199275508	22.693422064183174
-12.859812927698307	-20.05770551782363	23.12386669401256
-13.018245775592828	-20.14649118766619	23.56148929598556
-13.175031023925564	-20.223941007173288	24.00592485881031
-13.329951368962533	-20.289564692861425	24.456774104071275
-13.482783646749379	-20.342882155728972	24.913603123465816
-13.633299212661903	-20.383426091901562	25.375943198010244
-13.781264370367076	-20.41074466837486	25.8432908151185
-13.926440851031135	-20.42440428901007	26.315107898759184
-14.068586343245801	-20.423992423772745	26.790822266928757
-14.207455073736117	-20.4091204820631	27.26982832941157
-14.342798438472483	-20.37942670890491	27.751488037242673
-14.474365683329692	-20.334579080782568	28.235132093416937
-14.601904632927384	-20.274278176086277	28.72006143222018
-14.72516246575136	-20.198259993490225	29.205548972095606
-14.84388653309649	-20.1062986901961	29.690841644207136
-14.957825218800819	-19.998209210870254	30.17516269586029
-15.066728836160195	-19.873849777333938	30.657714264708403
-15.170350557831263	-19.7331242086766	31.13768021624249
-15.268447373960779	-19.575984041487377	31.614229233501625
-15.360781073224574	-19.402430420377883	32.086518144275466
-15.447119240934072	-19.212515729922625	32.55369546738016
-15.527236267880111	-19.006344940592577	33.01490515592936
-15.600914363144275	-18.784076643208124	33.46929051197024
-15.667944563724562	-18.545923748892914	33.915998243471435
-15.728127733508556	-18.292153834448722	34.35418263152968
-15.781275543887396	-18.023089116477443	34.78300977285491
-15.827211428150475	-17.739106041402696	35.20166186019395
-15.865771501737099	-17.44063448274807	35.609341461410885
-15.896805440455326	-17.12815654154684	36.00527575652595
-15.920177308912418	-16.802204950519616	36.38872069117375
-15.935766331638941	-16.46336108758073	36.75896500471566
-15.943467599729356	-16.11225260923047	37.1153340916637
-15.943192706264204	-15.749550719375017	37.457193656146316
-15.934870304319723	-15.375967093979547	37.78395312088686
-15.918446582003458	-14.992250486615665	38.09506875454626
-15.893885649671924	-14.599183044314993	38.39004648427395
-15.861169835279108	-14.19757636709794	38.668444363871764
-15.820299884661058	-13.788267348019467	38.92987467204848
-15.77129506446994	-13.372113833507555	39.17400561974312
-15.714193166416132	-12.949990146082357	39.40056265035658
-15.649050412445437	-12.522782513207945	39.609329321845834
-15.575941261454332	-12.091384446997397	39.80014776491681
-15.494958119113983	-11.656692119756219	39.97291871689182
-15.406210953318851	-11.21959977991086	40.127601136124305
-15.309826818683039	-10.780995251741084	40.264211406987556
-15.20594929436241	-10.341755560547702	40.38282215037917
-15.09473784027213	-9.902742722496084	40.48356065926746
-14.976367077484053	-9.46479973542773	40.566606982984595
-14.851025999218427	-9.028746803507953	40.632191687671714
-14.718917119381775	-8.595377824752763	40.68059332345075
-14.580255566039801	-8.165457166331873	40.712135631494576
-14.435268127549774	-7.73971674817734	40.72718452616233
-14.284192259308943	-7.318853450925026	40.72614488875045
-14.127275059199318	-6.903526859654412	40.70945721018192
-13.964772219837517	-6.494357350389257	40.677594120132305
-13.7969469656619	-6.0919245219171865	40.63105683969821
-13.624068982726213	-5.696765971291402	40.570371593790796
-13.446413348815605	-5.309376407426485	40.496086018030276
-13.264259471173748	-4.9302070935705595	40.40876559308275
-13.077890038732624	-4.55966560615824	40.308990137177595
-12.887589995280202	-4.198115894660488	40.197350385036394
-12.693645539497494	-3.845878624574931	40.07444467869805
-12.496343157253504	-3.5032317836516667	39.94087579280511
-12.295968690975373	-3.1704115298294293	39.7972479138865
-12.092806450322227	-2.8476132581601075	39.6441637900936
-11.8871383677914	-2.5349928632068885	39.48222206477366
-11.679243202290566	-2.232668173002403	39.31201480425398
-11.46939579311579	-1.940720530602544	39.134125227297545
-11.257866366203396	-1.659196499558611	38.949125640926255
-11.044919893969764	-1.388109670203356	38.757575584713884
-10.83081550952978	-1.1274425444794969	38.5600201832612
-10.615805975588257	-0.8771484780822797	38.35698870439
-10.400137207845718	-0.6371536599197367	38.148993318656785
-10.184047852336475	-0.40735911025606614	37.93652805408244
-9.967768915741955	-0.18764268038066167	37.72006793853833
-9.75152344738132	0.02213896181496727	37.50006832100523
-9.535526271288544	0.22214837438320176	37.27696436193514
-9.31998376652806	0.4125654244276032	37.05117068217548
-9.10509369368797	0.5935854226271642	36.823081159356384
-8.891045065314158	0.7654173184875827	36.59306886027476
-8.678018057909563	0.9282819641384517	36.361486097617416
-8.466183963020365	1.0824104530721295	36.12866459933419
-8.255705174859228	1.2280425388797784	35.89491577908042
-8.04673521187425	1.3654251377902764	35.66053109637764
-7.839418769658947	1.4948109176644646	35.425782495477584
-7.633891802609375	1.6164569750455742	35.19092291233644
-7.43028163176505	1.730623600919243	34.95618683959732
-7.2287070763230465	1.8375731349899673	34.72179094002833
-7.029278606381206	1.937568907537168	34.487934699451436
-6.832098514547222	2.0308742672680653	34.25480111081392
-6.637261104142843	2.1177516930322615	34.02255738168734
-6.444852891834857	2.198461986799228	33.791355658119606
-6.2549528226309254	2.2732635449205514	33.56133375840019
-6.067632495293939	2.3424117043945785	33.33261591092733
-5.8829563963443965	2.4061581606187388	33.10531349097481
-5.70098214093951	2.4647504529457875	32.87952575174421
-5.521760719036451	2.518431514248816	32.655340545650084
-5.345336745366659	2.567439280638984	32.43283503231913
-5.171748711863355	2.6120063574645687	32.2120763702839
-5.0010292413008255	2.6523597377422408	31.99312238982207
-4.833205341011983	2.688720569228444	31.776022244823004
-4.66829865566009	2.721303966422297	31.560817041965926
-4.506325718141275	2.750318863899213	31.34754044585755
-4.347298197792564	2.775967907500427	31.13621925910968
-4.191223145173125	2.7984473800444514	30.926873976637435
-4.038103232772721	2.817947158378721	30.71951931372553
-3.887936991084307	2.8346506987495084	30.51416470765002
-3.7407190395540155	2.848735047633478	30.310814792852398
-3.59644031199237	2.8603708753421277	30.109469849846022
-3.4550882760982127	2.869722529878682	29.91012622819583
-3.31664714680603	2.8769481086943918	29.712776744046035
-3.181098093224686	2.8821995461555487	29.51741105278754
-3.048419438985792	2.8856227146931195	29.324015997550923
-2.9185868558675865	2.8873575377623575	29.132575934290642
-2.791573550601491	2.8875381128895192	28.943073034286932
-2.6673504448071745	2.8862928432261286	28.755487564940537
-2.545886348036375	2.8837445761677105	28.56979814977109
-2.4271481239356323	2.880010747723281	28.385982008552677
-2.311100849566126	2.8752035314439284	28.204015178535514
-2.197707967941988	2.8694299908334777	28.023872717706514
-2.0869314338701948	2.8627922342715806	27.845528891040317
-1.9787318531928832	2.8553875715796293	27.668957340682507
-1.8730686155490057	2.8473086714528977	27.494131240992704
-1.7699000207859859	2.8386437190684566	27.321023439356566
-1.6691833991626621	2.8294765732578715	27.14960658365136
-1.5708752254950225	2.819886922706873	26.979853237224923
-1.4749312274038004	2.809950440711335	26.811735982218764
-1.3813064878286352	2.7997389380802162	26.645227512034555
-1.2899555419790012	2.789320513832186	26.48030071371246
-1.2008324688949015	2.7787597033835127	26.316928740955404
-1.1138909777931045	2.7681176239709746	26.155085078500523
-1.0290844893757847	2.757452117095294	25.994743598504513
-0.9463662122787991	2.7468178878081733	25.835878609575584
-0.8656892148366927	2.736266640699846	25.67846489905135
-0.7870064923401997	2.725847212474306	25.522477769088223
-0.7102710299603499	2.715605701026399	25.3678930670953
-0.6354358615114144	2.705585590959068	25.21468721101444
-0.562454124221824	2.695827875500294	25.06283720991649
-0.49127910967949	2.686371174798178	24.91232068035427
-0.42186431111447015	2.6772518505891285	24.763115858883772
-0.3541634671783802	2.6685041172486614	24.615201611137604
-0.28813060237596955	2.660160149246928	24.46855743780765
-0.22372006430058253	2.6522501850420777	24.32316347786946
-0.16088655782067704	2.644802627453943	24.179000509355696
-0.09958517636070972	2.6378441405686375	24.036049947963967
-0.03977143041507786	2.631399743231451	23.89429384376198
0.018598726570302457	2.6254928991911806	23.75371487623289
0.07556887481871466	2.620145603963769	23.614296347884178
0.13118210722000628	2.615378468486988	23.47602217662486
0.1854810105831005	2.6112107996410145	23.338876887099385
0.23850764902669097	2.607660677712126	23.20284560114988
0.29030354939531294	2.60474503087856	23.06791402756363
0.34090968859225956	2.602479706798816	22.93406845124864
0.39036648272476493	2.6008795413834997	22.801295721967264
0.43871377796131994	2.5999584248321317	22.66958324274505
0.48599084300447876	2.599729365016423	22.5389189580616
0.5322363630868743	2.6002045482911673	22.409291341918767
0.577488435401554	2.601395397813365	22.280689385872705
0.6217845658817206	2.6033126294493845	22.15310258710676
0.6651616672484505	2.6059663053489643	22.02652093661402
0.7076560582483661	2.609365885263702	21.900934907551274
0.7493034640068928	2.6135202756863523	21.776335443818137
0.7901390174256876	2.618437876885831	21.65271394890988
0.8301972615562174	2.624126627911286	21.530062275085943
0.8695121528845536	2.6305940496369855	21.40837271289086
0.9081170654652264	2.637847285918081	21.28763798105998
0.9460447958450998	2.6458931429255848	21.16785121683736
0.9833275687208521	2.654738126727106	21.049005966729567
1.0199970432762742	2.6643884791780823	20.93109617771587
1.0560843201483867	2.6748502121864397	20.814116188931198
1.0916199489735081	2.686129140411703	20.69806072383672
1.126633936467214	2.69823091245782	20.58292488288872
1.1611557549939842	2.7111610406169895	20.468704136715836
1.1952143515848461	2.7249249292200117	20.355394319811484
1.2288381573632847	2.739527901646787	20.24299162474718
1.2620550973417273	2.754975226048729	20.13149259691081
1.2948926005529353	2.771272139833082	20.020894129772373
1.3273776104823003	2.788423872957194	19.911193460679122
1.3595365957690373	2.806435670079105	19.802388167180503
1.3913955611458044	2.8253128116089297	19.694476163882864
1.4229800585880001	2.8450606337037754	19.587455699833086
1.4543151986454352	2.8656845472471244	19.48132535642998
1.4854256619306314	2.887190055851886	19.37608404586177
1.516335710739374	2.9095827729245864	19.271731010067636
1.5470692007804636	2.9328684378264103	19.168265820221357
1.5776495929929233	2.9570529311651494	19.065688376734656
1.6080999654300254	2.9821422892503207	18.96399890977835
1.6384430251907849	3.0081427177421642	18.863197980318823
1.6687011203805089	3.03506060452344	18.763286481668043
1.6988962520830677	3.062902531821312	18.66426564154525
1.7290500863285356	3.091675287605012	18.56613702464858
1.759183966040698	3.1213858762832247	18.468902535735488
1.7893189229497966	3.1520415287235717	18.372564423210747
1.8194756894566444	3.18364971161487	18.277125283221608
1.849674710435077	3.2162181361913	18.182588064259452
1.879936154960231	3.2497547663358413	18.088956072268346
1.910279927950926	3.2842678260788176	17.99623297626076
1.940725681714952	3.3197658065057234	17.904422814441336
1.9712928273865404	3.3562574720867513	17.81353000084025
2.002000546245921	3.3937518664389756	17.72355933245759
2.032867800911193	3.4322583175303185	17.634515996921127
2.0639133463931683	3.4717864423328146	17.546405580660025
2.09515574100423	3.5123461509310046	17.459234077597444
2.126613357112506	3.5539476500895817	17.373007898365532
2.1583043917329143	3.5966014462826066	17.287733880046638
2.1902468769469494	3.6403183481850525	17.203419296444785
2.2224586901430885	3.6851094686254013	17.120071868892186
2.2549575640700033	3.730986225996485	17.037699777595442
2.287761096694715	3.7779603451197263	16.956311673526873
2.3208867608579333	3.826043857556169	16.87591669086627
2.3543519137188844	3.8752491013558696	16.7965244599988
2.388173805981711	3.9255887202350306	16.71814512107515
2.4223695908956957	3.9770756621686365	16.64078933813981
2.45695633302125	4.02972317738408	16.5644683138338
2.491951016753469	4.083544815739208	16.489193804678116
2.5273705545949765	4.13855442346634	16.414978136944192
2.563231795169397	4.194766139261406	16.341834223117516
2.5995515309665285	4.252194389695194	16.269775578960704
2.636346505810035	4.310853883921542	16.19881634118187
2.673633422037998	4.370759607654838	16.12897128571398
2.71142894738633	4.431926816386874	16.06025584661056
2.749749721564546	4.494371027810659	15.99268613556264
2.788612362512873	4.558108013416177	15.926278962041371
2.82803347232916	4.623153789220592	15.861051854069997
2.86802964285347	4.68952460559277	15.79702307962811
2.908617460897468	4.7572369361289955	15.734211668690516
2.949813513105242	4.826307465534397	15.672637435901517
2.991634390431223	4.896753076461242	15.612321003884853
3.0340966922202526	4.968590835252633	15.553283827187778
3.0772170298739954	5.041837976537059	15.495548216856506
3.121012030086878	5.116511886615946	15.439137365638606
3.1654983376339803	5.192630085583427	15.384075373806041
3.21069261769222	5.270210208114197	15.3303872755905
3.256611557675186	5.349269982851973	15.27809906622045
3.30327186856079	5.429827210327617	15.227237729546923
3.350690285689979	5.5118997393328195	15.177831266242073
3.39888356901335	5.595505441671373	15.129908722551825
3.447868502761412	5.680662185206759	15.083500219580422
3.497661894512826	5.767387805120924	15.038636983081265
3.5482805736338205	5.85570007329584	14.995351373724281
3.5997413890603553	5.945616665725386	14.953676917806051
3.652061206393295	6.037155127861582	14.913648338364128
3.70525690427539	6.1303328377956	14.875301586651982
3.759345370017224	6.225166967170121	14.838673873925632
3.814343494437799	6.3216744397161175	14.803803703487054
3.870268165883692	6.419871887303392	14.770730902923251
3.9271362633892286	6.519775603390945	14.739496656472877
3.984964648938198	6.621401493759565	14.710143537445115
4.0437701587860415	6.724765024405898	14.682715540607548
4.10356959379957	6.829881166474086	14.657258114451336
4.164379708769581	6.936764338098208	14.633818193232898
4.2262172006498195	7.045428343026037	14.612444228681728
4.289098695673811	7.155886305891993	14.59318622125357
4.35304073529953	7.268150604005619	14.576095750797144
4.418059760929726	7.382232795519741	14.561226006490916
4.484172097354002	7.498143543841337	14.548631815893996
4.551393934856893	7.615892538147476	14.538369672941956
4.619741309934491	7.735488409868518	14.53049776470438
4.689230084560236	7.8569386450010645	14.525075996706175
4.759875923938955	7.980249492114522	14.522166016599055
4.831694272686548	8.105425865917141	14.52183123595309
4.904700329371114	8.232471246250105	14.524136849921002
4.97890901935006	8.361387572382577	14.529149854509605
5.05433496583623	8.49217513248529	14.536939061173934
5.130992459125171	8.624832448166897	14.547575108429552
5.208895423914423	8.759356153964685	14.561130470158005
5.288057384645217	8.895740871690762	14.577679460258777
5.368491428796415	9.033979079545645	14.597298233278858
5.45021016805991	9.174060975923267	14.620064780627931
5.533225697327325	9.315974337846903	14.646058921963578
5.617549551417874	9.45970437399175	14.675362291306477
5.703192659477992	9.605233572268673	14.708058317420715
5.790165296984688	9.752541541965645	14.744232197969012
5.878477035286423	9.901604850467589	14.783970866927145
5.968136688616907	10.052396854601616	14.827362954715852
6.059152258520767	10.204887526685841	14.874498740482903
6.151530875632678	10.359043275392146	14.925470095942197
6.245278738756441	10.514826761571344	14.980370420151718
6.340401051194552	10.672196709228329	15.039294564587314
6.436901954284949	10.831107711879877	15.10233874784565
6.534784458108328	10.991510034576397	15.169600459287375
6.634050369336425	11.153349411920548	15.241178350910253
6.734700216200624	11.316566842473474	15.317172116723206
6.8367331705698495	11.481098380000589	15.397682358875588
6.940146967137366	11.646874922075014	15.48281043978195
7.044937819728656	11.81382199662831	15.572658319472428
7.151100334755278	11.981859547112908	15.667328377391563
7.258627421855408	12.150901717023023	15.76692321786699
7.367510201777424	12.320856634605285	15.871545458471651
7.4777379115809355	12.491626198681123	15.98129750051192
7.589297807249791	12.663105866599146	16.09628128088965
7.702175063832205	12.835184445434422	16.216598004608
7.81635267324648	13.007743887656392	16.342347857221423
7.9318113399158685	13.180659092595388	16.473629696569937
8.048529374422511	13.353797715148943	16.610540723186425
8.166482585399432	13.52701998328437	16.753176128825906
8.285644169909489	13.700178526010056	16.90162872263643
8.405984602593282	13.873118213607425	17.055988534575633
8.527471523902047	14.045676012034136	17.216342395773882
8.6500696277676	14.21768085352756	17.382773495656007
8.773740549099557	14.388953525554793	17.555360915760417
8.89844275153989	14.55930658036962	17.734179140336803
9.02413141594571	14.728544267545592	17.91929754396217
9.150758330113842	14.896462491957369	18.11077985659095
9.278271780305385	15.06284879977831	18.3086836066499
9.406616445172103	15.227482395144921	18.5130595429986
9.535733292733294	15.390134190212457	18.723951036808273
9.665559481096855	15.550566891381413	18.941393464658475
9.796028263665118	15.708535124515297	19.165413574418796
9.927068899611292	15.863785601988335	19.396028835765623
10.058606570456961	16.016057334397747	19.633246777483762
10.190562303625496	16.165081889746187	19.877064314019755
10.322852903886615	16.310583702839498	20.12746706408081
10.455390893647875	16.4522804375557	20.384428664417175
10.588084463082948	16.589883404513	20.64791008227274
10.720837431119755	16.723098036502197	20.91785893034816
10.853549218338186	16.85162442384356	21.194208788479695
10.986114832848411	16.97515791157982	21.476878536595514
11.118424870236753	17.093389760124033	21.76577170386649
11.250365528672612	17.206007870638473	22.060775839309546
11.38181864027186	17.312697576032296	22.36176190943421
11.512661719799851	17.413142498022665	22.66858372882368
11.642768031780959	17.507025470215854	22.98107742982731
11.772006677048688	17.59402952662151	23.29906097778016
11.900242699730263	17.673838954425058	23.62233373837207
12.027337215604334	17.746140409205598	23.950676103941024
12.153147562703246	17.810624090106757	24.283849185564748
12.277527474949132	17.866984971747307	24.621594577856783
12.400327279518507	17.914924088904645	24.96363420334028
12.521394118518279	17.954149869221116	25.309670243154898
12.640572195431039	17.984379508380577	25.65938516065451
12.757703046648103	18.0053403813884	26.012441824166963
12.872625838251368	18.016771482771354	26.368483734796122
12.985177688037993	18.018424887707884	26.72713536466911
13.09519401259734	18.010067225313563	27.088002610441322
13.202508899053285	17.991481154556023	27.450673366180272
13.30695550087876	17.962466832571227	27.81471821895946
13.408366456970246	17.92284336451286	28.179691269593825
13.506574332944586	17.872450223503932	28.545131079957414
13.601412083387883	17.81114862878821	28.91056174723902
13.692713533549087	17.738822869814484	29.275494104321233
13.780313878733821	17.655381563741074	29.63942704423041
13.864050199416145	17.560758833736067	30.001848965299466
13.9437619898543	17.45491539548047	30.362239332340707
14.01929169777111	17.337839539468007	30.720070347747516
14.090485272445441	17.209547997044126	31.07480872505639
14.157192718361095	17.070086678643765	31.425917556122435
14.219268651377512	16.91953127337386	31.772858261717836
14.276572854223797	16.757987699947925	32.11509261406234
14.328970827981708	16.585592400003843	32.45208481858565
14.376334336111773	16.402512466026774	32.78330364109699
14.4185419374972	16.20894559743885	33.10822456554296
14.455479504932475	16.005119879896903	33.42633196668027
14.487040725470981	15.79129338444131	33.73712128130013
14.513127579069343	15.567753584844679	34.04010116112967
14.533650792027654	15.334816593296068	34.334795590221574
14.54853026182462	15.092826216396297	34.620745949541075
14.557695450084474	14.842152835314126	34.897513011567824
14.561085740588732	14.583192115823062	35.16467884806871
14.558650759458704	14.31636355578433	35.42184863475389
14.55035065488251	14.042108879424681	35.668652337311165
14.53615633404093	13.76089028945786	35.90474626430422
14.516049655196761	13.473188589679333	36.12981447361714
14.490023573248818	13.179501192102457	36.343570020508956
14.458082237410656	12.880340023977698	36.54575603688916
14.420241040050774	12.57622935111756	36.736146633118956
14.376526616121074	12.267703534827529	36.91454761545195
14.32697679299835	11.955304740395672	37.0807970141301
14.271640490964977	11.639580615517755	37.234765419109905
14.21057757495382	11.321081957217821	37.37635612238487
14.143858658574425	11.000360385771357	37.50550506785612
14.071564861816679	10.677966043846522	37.622180611657996
13.993787524190656	10.354445338561458	37.7263830977342
13.910627875401607	10.030338743419026	37.818144255258275
13.822196665974984	9.706178676148303	37.89752642616957
13.728613760530104	9.382487467356759	37.96462163263482
13.630007696656456	9.059775433627726	38.019550495616656
13.526515212562517	8.738539067275504	38.06246101692809
13.418280746850112	8.419259353453306	38.093527238152944
13.305455913908567	8.102400223696575	38.11294779061583
13.18819895852874	7.788407153327897	38.12094435118085
13.066674193400507	7.477705908454797	38.117760019048845
12.941051423185865	7.1707014466062144	38.10365762890868
12.811505358847148	6.86777697338117	38.0789180157879
12.678215025865825	6.5692931558709855	38.04383824674915
12.541363169906074	6.275587492063898	37.99872983420581
12.401135663366201	5.986973833981556	37.94391694509683
12.257720916123333	5.703742060946036	37.8797346194844
12.111309293609603	5.426157898135038	37.806527011336605
11.96209254517385	5.154462874481977	37.72464566335093
11.810263245475735	4.888874413004653	37.63444782668177
11.656014251440034	4.62958604582134	37.53629483537765
11.49953817706591	4.376767745427795	37.4305505442296
11.341026888146194	4.13056636326896	37.31757983760162
11.180671018705127	3.8911061662366864	37.19774721567326
11.018659510717155	3.6584894614614063	37.071415463392476
10.85517917842174	3.4327972996255514	36.938944406326094
10.690414298306395	3.214090247008461	36.80068975652084
10.524546225594975	3.002409216565715	36.6570020504622
10.357753037847482	2.797776348533423	36.50822568024784
10.190209206061954	2.6001959313301928	36.35469801819036
10.022085293460492	2.40965535388249	36.196748634231156
9.853547681949495	2.2261260809213934	36.0346986047928
9.684758326062866	2.0495646432706582	35.86885991101961
9.51587453403469	1.8799136356651753	35.69953492376236
9.347048775495619	1.7171027151837426	35.527015972145286
9.178428515155776	1.5610495939525935	35.351584992120074
9.010156071716555	1.4116610203558746	35.17351325105002
8.842368501151409	1.2688337435761277	34.99306114408331
8.675197503408008	1.1324554568701368	34.8104780578589
8.508769351509915	1.0024057155565014	34.626002296937116
8.343204841976808	0.8785568262470792	34.43986106825771
8.178619265435126	0.7607747043881463	34.25227051889166
8.015122396258715	0.6489196976874275	34.06343582236928
7.8528185000548	0.5428473734823377	33.87355130892329
7.691806357799652	0.44240926855541063	33.68280063508331
7.532179305427438	0.3474536003208106	33.49135698818932
7.37402528768039	0.2578259386881761	33.299383321547026
7.217426925044756	0.17336983826090993	33.10703261613135
7.062461592618757	0.09392743084160056	32.91444816494348
6.909201509785272	0.019339978498752585	32.72176387633964
6.757713839595763	-0.05055161230104152	32.52910459287406
6.60806079680965	-0.11590631477327189	32.33658642243026
6.460299763573097	-0.17688254319853258	32.14431707864657
6.314483411766434	-0.23363775053884064	31.95239622787858
6.17065983109421	-0.28632806108555947	31.760915840171506
6.028872662040657	-0.3351079368288834	31.56996054194566
5.889161232861445	-0.38012987615409155	31.37960796831947
5.751560699832646	-0.4215441434054634	31.189929113210404
5.61610219002596	-0.459498527814044	31.000988675558883
5.482812945930239	-0.4941381302568556	30.812845400218908
5.351716471286641	-0.5256051763027397	30.625552412244026
5.222832677552338	-0.5540388540006044	30.439157543472227
5.0961780304553	-0.5795751748779334	30.25370365047916
4.971765696146068	-0.6023468566403127	30.069228923119397
4.84960568649743	-0.6224832260935301	29.885767183018864
4.729705003143707	-0.6401101408484358	29.703348171510193
4.6120677798915075	-0.6553499284131011	29.521997826621973
4.496695423172245	-0.6683213413259779	29.341738548841597
4.383586750242158	-0.679139527036863	29.16258945546829
4.272738124870209	-0.6879160112982068	28.98456662346148
4.164143590286139	-0.6947586938871344	28.807683320767843
4.0577949991911835	-0.6997718555375577	28.63195022617991
3.953682140661727	-0.70305617502136	28.4573756378395
3.851792863803452	-0.7047087553771653	28.283965670554164
3.7521131980366254	-0.7048231583443689	28.111724442138506
3.6546274699167065	-0.7034894461182258	27.940654249033
3.5593184164150276	-0.7007942295987496	27.770755731485313
3.466167294603054	-0.6968207223615381	27.602028028605684
3.375153987701995	-0.691648799632249	27.43446892363111
3.2862571074746723	-0.6853550615980698	27.268074979748704
3.1994540929520143	-0.6780129004390997	27.10284166684335
3.114721305498675	-0.6696925705098478	26.938763479541727
3.032034120235259	-0.6604612611462027	26.7758340469328
2.951367013844173	-0.6503831716159311	26.614046234345214
2.8726936487965817	-0.6395195877713087	26.453392237563936
2.7959869540455498	-0.6279289600005964	26.293863669864436
2.7212192022386197	-0.6156669821110562	26.135451642239747
2.648362083509089	-0.6027866708098535	25.97814683718854
2.5773867759109237	-0.5893384454807081	25.821939576424782
2.5082640125674978	-0.5753702079836703	25.666819882861358
2.4409641456080577	-0.5609274222327544	25.512777537209256
2.375457206969565	-0.5460531933317078	25.35980212952375
2.311712966144062	-0.5307883460717615	25.207883106016713
2.2497009849546354	-0.5151715026172313	25.05700981144372
2.189390669444011	-0.49923915922487827	24.90717152736049
2.130751318961874	-0.4830257618617368	24.758357506532153
2.0737521725374246	-0.4665637806031614	24.61055700376535
2.018362452624435	-0.4498837827086474	24.463759303420748
1.964551406306118	-0.43301450428738064	24.31795374385077
1.9122883440471186	-0.4159829204787135	24.17312973899505
1.861542676079371	-0.39881431408477336	24.029276797353422
1.8122839465080745	-0.38153234260344093	23.886384538544498
1.7644818652231535	-0.36415910361992354	23.744442707646176
1.7181063377003347	-0.3467151985241508	23.603441187502256
1.673127492775032	-0.32921979452952166	23.463370009169115
1.62951570847068	-0.3116906849758878	23.324219360665083
1.5872416359617476	-0.29414434790636745	23.185979594175016
1.5462762217500314	-0.27659600291358144	23.048641231852535
1.506590728131112	-0.25905966625627014	22.912194970352715
1.4681567520262544	-0.2415482042521346	22.776631684219446
1.4309462422530739	-0.22407338495697643	22.641942428242537
1.3949315153063946	-0.20664592814400687	22.508118438891263
1.360085269718952	-0.189275553600613	22.375151134923673
1.3263805990696096	-0.17197102776282233	22.24303211726336
1.2937910037047002	-0.1547402087102399	22.111753168227988
1.26229040123637	-0.13759008954660354	21.981306250188062
1.2318531358795493	-0.12052684019291296	21.85168350372711
1.2024539866875004	-0.10355584762189848	21.72287724536965
1.174068174743733	-0.086681754563912	21.59487996493697
1.1466713693662296	-0.06990849671555134	21.467684322586003
1.1202396933780006	-0.05323933848330383	21.34128314558161
1.094749727496063	-0.03667690729526913	21.215669424848034
1.0701785138890918	-0.020223226514644865	21.090836311341143
1.04650355895215	-0.003879746989123961	20.966777112279114
1.0237028353451008	0.012352622729326215	20.843485287265704
1.0017547833394658	0.02847348745968012	20.72095444433639
0.9806383115168785	0.044482937727280715	20.59917833595531
0.960332796860443	0.060381523324803836	20.478150854987202
0.9408180842787534	0.07617022806412588	20.35786603066657
0.9220744856006516	0.09185044568468814	20.238318024583393
0.9040827780771936	0.10742395688424844	20.119501126702424
0.8868242024258489	0.1228929074381497	20.00140975143154
0.870280460450346	0.13825978737372852	19.884038433752053
0.8544337122681763	0.1535274111668685	19.76738182542243
0.8392665731763661	0.1686988989281796	19.651434691265568
0.8247621101847111	0.1837776585468372	19.53619190554779
0.8109038382443567	0.19876736876065898	19.42164844845681
0.7976757161983229	0.21367196312156794	19.307799402684616
0.785062142479283	0.22849561482625041	19.194639950119893
0.7730479505787887	0.24324272238234154	19.082165368654415
0.7616184043108302	0.25791789608127624	18.97037102910579
0.7507591928916286	0.27252594524944684	18.859252392259414
0.7404564258563706	0.287071866250101	18.74880500603084
0.7306966278325842	0.3015608312090518	18.639024502749624
0.7214667331888529	0.31599817743794495	18.529906596565215
0.7127540805765751	0.3303893975295448	18.421447080974822
0.7045464073815121	0.3447401301002328	18.31364182647263
0.6968318441010296	0.359056151155522	18.206486778319913
0.6895989086620011	0.3733433660551834	18.099977954434706
0.6828365006935584	0.3876078020552057	17.99411144339985
0.6765338957680422	0.4018556014045433	17.8888834025878
0.670680739622762	0.4160930149752685	17.784290056400586
0.6652670423744155	0.4303263964054425	17.680327694622935
0.6602831727373392	0.4445621967346747	17.576992670886813
0.655719852256057	0.4588069595130337	17.474281401245147
0.6515681495619815	0.4730673163645852	17.37219036285291
0.6478194746634728	0.4873499829875369	17.270716092753283
0.6444655732778978	0.5016617555735472	17.169855186767034
0.6414985212137461	0.5160095076294514	17.06960429848275
0.6389107188103446	0.5304001871851988	16.96996013834626
0.6366948854421804	0.544840814372472	16.870919472846936
0.6348440540943711	0.559338479358996	16.772479123799243
0.633351566015344	0.5739003406241603	16.67463596771756
0.632211065452356	0.5885336235621387	16.57738693528254
0.6314164944750551	0.6032456193992471	16.480729010897402
0.6309620878919001	0.6180436844128029	16.384659232332716
0.6308423682638626	0.6329352394393369	16.289174690458022
0.631052141019489	0.6479277696604561	16.19427252905926
0.6315864896750573	0.6630288246552237	16.099949944740608
0.6324407711632414	0.678246018708363	16.00620418690992
0.6336106112733956	0.6935870313641099	15.913032557846671
0.6350919002062847	0.7090596082159902	15.820432412851783
0.6368807882458142	0.7246715619232389	15.728401160478667
0.6389736815500664	0.7404307734450432	15.636936262845026
0.6413672380636996	0.7563451934841805	15.5460352360252
0.6440583635535553	0.772422844132091	15.455695650522737
0.6470442077690981	0.7886718207077684	15.36591513182333
0.6503221607291164	0.8051002937832559	15.276691361028321
0.653889849135936	0.8217165113889523	15.188022075568893
0.6577451329182121	0.838528801392213	15.099905070001753
0.6618861019032193	0.8555455740431662	15.012338196886665
0.6663110726193905	0.8727753246819193	14.925319367746933
0.6710185852297395	0.890226636601736	14.838846554113601
0.676007400596647	0.9079081840629888	14.752917788654784
0.681276497478393	0.9258287354530779	14.667531166391262
0.6868250698576844	0.9439971565877069	14.582684846000097
0.6926525244023485	0.9624224141492613	14.498377051207799
0.6987584780582482	0.9811135792582419	14.414606072275035
0.7051427557743958	1.000079831173954	14.331370267575045
0.7118053883601655	1.0193304611209466	14.248668065267909
0.718746610474432	1.0388748762378577	14.16649796507322
0.7259668587463805	1.05872260364555	14.084858540143912
0.7334667700277023	1.0788832946316669	14.00374843904399
0.7412471797758087	1.0993667289488636	13.923166387833362
0.7493091205676524	1.1201828192241787	13.843111192263086
0.7576538207437201	1.1413416154771923	13.763581740084472
0.7662827031816843	1.1628533097447178	13.684577003475908
0.7751973841992036	1.1847282408099786	13.606096041591297
0.7843996725852964	1.2069768990342895	13.52813800323438
0.7938915687597106	1.2296099312894258	13.450702129663389
0.8036752640596572	1.2526381459889206	13.373787757530776
0.8137531401532856	1.2760725182166726	13.297394321962907
0.8241277685792266	1.2999241949512759	13.221521359785037
0.8348019104115244	1.324204500384555	13.146168512897077
0.845778516049266	1.3489249413328772	13.071335531805866
0.8570607251301919	1.374097212739801	12.997022279320086
0.8686518665675459	1.3997332032686367	12.923228734414248
0.8805554587094475	1.4258450009835801	12.849954996268298
0.8927752096199949	1.4524448991179406	12.77720128849005
0.9053150174813525	1.479545401928085	12.704967963527608
0.9181789711160211	1.5071592306315986	12.63325550727959
0.9313713506284974	1.5352993294281423	12.56206454391111
0.944896628165482	1.5639788716013563	12.491395840884062
0.9587594687938258	1.59321126570016	12.421250314210297
0.9729647314953322	1.6230101617975776	12.351629033937057
0.9875174702775458	1.6533894578251493	12.282533229874165
1.002422935399617	1.6843633059808139	12.213964297573
1.0176865747123085	1.7159461192079648	12.145923804567685
1.0333140351111665	1.7481525777431586	12.078413496889475
1.049311164101874	1.7809976357298007	12.011435305865556
1.0656840114767252	1.814496527894787	11.944991355214219
1.0824388311011364	1.8486647762848536	11.879083968448736
1.0995820828090581	1.8835181970590777	11.813715676602763
1.1171204344060757	1.9190729073335835	11.74888922629071
1.1350607637789645	1.9553453320742344	11.684607588116956
1.153410161110349	1.9923522110325669	11.620873965448498
1.1721759311970592	2.030110605719863	11.557691803566113
1.191365595870696	2.0686379064137452	11.495064799209691
1.2109868965188055	2.1079518391911645	11.432996910534145
1.2310477967049742	2.148070472981079	11.371492367492843
1.2515564848860212	2.189012226629527	11.310555682666203
1.2725213772243626	2.230795875969139	11.250191662553751
1.293951120493445	2.273440560884384	11.190405419348737
1.3158545950740461	2.3169657923631735	11.131202383214976
1.3382409180390171	2.361391459524518	11.072588315086456
1.3611194463239	2.4067378366111334	11.01456932001095
1.384499779980642	2.453025589934911	10.957151861059632
1.4083917655114069	2.5002757847621435	10.900342773825571
1.4328054992792636	2.548509892124341	10.844149281534678
1.4577513309922883	2.597749795539322	10.7885790107936
1.4832398672572955	2.6480177976259105	10.733640007999886
1.5092819751991824	2.699336626594393	10.679340756440558
1.5358887861415147	2.7517294425933594	10.62569019410613
1.5630716993436296	2.8052198438920466	10.572697732248026
1.5908423857891998	2.8598318728757217	10.52037327470815
1.6192127920207455	2.915590021829824	10.468727238050402
1.6481951440142266	2.972519238486864	10.417770572524613
1.6778019510872837	3.0306449313079176	10.36751478389459
1.7080460098343218	3.089992974468686	10.317971956162483
1.7389404080809707	3.15058971251759	10.269154775222942
1.7704985288499973	3.2124619646712413	10.22107655348113
1.8027340543300188	3.2756370287098386	10.173751255469705
1.83566096983784	3.3401426844326005	10.127193524500628
1.8692935677643745	3.406007196630187	10.081418710388519
1.9036464514935214	3.4732593175282997	10.036442898283042
1.9387345392824347	3.541928288653185	9.992282938648517
1.974573068090805	3.6120438420663814	9.948956478429736
2.0111775973458808	3.683636200912484	9.906481993443457
2.0485640126289386	3.756736079219712	9.864878822035699
2.0867485292678585	3.8313746808890006	9.824167200045377
2.125747695819384	3.907583697802999	9.784368297115257
2.1655783974233755	3.985395306981666	9.745504254391413
2.2062578590102184	4.064842166706422	9.707598223652523
2.2478036483410686	4.1459574115295155	9.670674407910356
2.290233678859225	4.228774646079781	9.634758103522673
2.3335662123294525	4.313327937570418	9.599875743859291
2.377819861240377	4.399651806908111	9.566054944561651
2.423013590943301	4.48778121829639	9.533324550435411
2.469166721499155	4.577751567219645	9.50171468401445
2.5162989292030837	4.669598666686683	9.4712567958335
2.5644302477543306	4.763358731605556	9.441983716444877
2.6135810690367856	4.859068361153355	9.413929710212818
2.663772143473255	4.956764518996395	9.387130530916542
2.715024579914088	5.056484511207578	9.361623479190392
2.767359845018189	5.158265961718613	9.337447461826025
2.8207997620817404	5.262146785135297	9.314643052957887
2.8753665092669873	5.368165156734011	9.293252557148815
2.93108261718053	5.4763594794474	9.273320074387538
2.9879709657471323	5.586768347636044	9.254891567004226
3.0460547803220015	5.699430507432253	9.238014928503661
3.1053576269805174	5.814384813429673	9.222740054308455
3.1659034069210095	5.9316701814809445	9.209118914396406
3.2277163499121344	6.051325537352934	9.197205627807033
3.29082100671205	6.173389760975647	9.187056538982041
3.3552422403827245	6.297901626008543	9.178730295893086
3.421005216417685	6.424899734433276	9.172287929897612
3.4881353915972513	6.5544224458688225	9.167792937249484
3.5566585014799887	6.6865078012899435	9.165311362175716
3.6266005464342017	6.821193440815821	9.16491188141359
3.697987776107887	6.9585165152210084	9.166665890083666
3.770846672230048	7.098513590806021	9.17064758875371
3.84520392963029	7.241220547249723	9.176934071525945
3.921086435358138	7.386672468051871	9.18560541495555
3.9985212457768435	7.534903523158555	9.196744767581356
4.0775355615005635	7.685946843350009	9.210438439820534
4.158156700037029	7.839834385955934	9.226775993947202
4.240412065991303	7.996596791450635	9.24585033384046
4.324329118679377	8.156263230467896	9.267757794149926
4.409935336993726	8.318861240764715	9.292598228486563
4.497258181355592	8.484416553652402	9.320475096202932
4.586325052581972	8.65295290940555	9.351495547280084
4.67716324748847	8.824491861153305	9.385770504788058
4.769799911041703	8.999052566752031	9.42341474433262
4.864261984868601	9.176651568137874	9.464546969843278
4.9605761519225435	9.35730255765769	9.509289884995576
5.058768777100738	9.54101613088333	9.557770259495207
5.158865843599702	9.727799525420565	9.610118989381098
5.2608928847909455	9.917656345239	9.66647115043086
5.364874911393032	10.110586270066596	9.726966043673489
5.470836333711344	10.306584749416302	9.791747231931561
5.5788008787130305	10.505642680842998	9.860962566228551
5.688791501701009	10.707746072065994	9.93476420080589
5.800830292348764	10.912875686638024	10.01330859539967
5.9149383748566935	11.121006672896346	10.096756503328622
6.031135801990256	11.33210817599434	10.185272943842657
6.149441442762426	11.546142932887973	10.279027157076817
6.269872863526639	11.763066850238237	10.378192539848433
6.392446202250386	11.982828565287706	10.482946560425088
6.5171760357490305	12.205368989885688	10.59347065028213
6.644075239667592	12.43062083796132	10.709950070756618
6.773154841012814	12.658508136891536	10.832573752396454
6.9044238630520915	12.888945723369517	10.961534104694778
7.0378891624161595	13.121838724561378	11.097026793796644
7.173555258264897	13.357082025537682	11.239250485666137
7.3114241534028706	13.594559724186968	11.388406552110586
7.451495147263001	13.834144575061194	11.544698736976752
7.593764640712064	14.075697423865691	11.708332779762058
7.738225932675296	14.319066634597759	11.879515993829846
7.884869008622726	14.564087511646566	12.058456796376598
8.033680321014074	14.81058171950507	12.245364187281584
8.184642561859567	15.058356703106462	12.440447173976004
8.337734427618944	15.307205112179945	12.643914139500318
8.492930376736588	15.556904233432048	12.855972150986252
8.650200380190839	15.807215434788914	13.07682620590075
8.809509665526353	16.05788362638938	13.306678413534486
8.970818454933331	16.30863674348581	13.545727109403687
9.13408169804672	16.559185256902172	13.794165900479646
9.299248800249705	16.80922171719335	14.0521826394531
9.466263347390298	17.05842033916009	14.319958326601949
9.635062827950499	17.306436633883106	14.597665938255542
9.805578353847915	17.552907095948154	14.885469181348112
9.977734381194763	17.79744895402622	15.183521174124518
10.151448432498153	18.0396599934556	15.491963053724051
10.32663082194196	18.279118459913022	15.810922512100447
10.50318438556301	18.515383053676224	16.140512262573814
10.681004218302824	18.74799302433195	16.480828440223515
10.859977420092813	18.976468376076788	16.83194894034375
11.039982853308956	19.200310193972637	17.193931700287113
11.220890914106512	19.419001101634	17.566812931206908
11.402563320322388	19.632005860836056	17.950605307488825
11.58485291880001	19.83877212341068	18.345296123011053
11.7676035151535	20.038731345534547	18.75084542479449
11.950649729139961	20.231299874089263	19.167184136087815
12.133816878941374	20.41588021416451	19.594212182447805
12.31692089777877	20.59186248597742	20.031796635931194
12.499768286372502	20.758626078463443	20.47976989405725
12.68215610483452	20.91554150555794	20.937927911740037
12.86387200761204	21.061972469706635	21.406028505863468
13.04469432510641	21.197278135421694	21.883789753581677
13.224392195549468	21.320815613721944	22.37088850670953
13.402725750635936	21.431942656067683	22.866959045704032
13.579446358277343	21.53002055392384	23.371591897682297
13.754296925653378	21.61441723736837	23.88433284362464
13.927012265492015	21.684510563226254	24.40468214034388
14.09731952820349	21.73969178007398	24.93209398291182
14.264938702120853	21.779369154156235	25.465976232972967
14.429583183667098	21.802971736827953	26.005690437726457
14.590960418762624	21.809953250623185	26.55055216324475
14.748772616222588	21.799796067518436	27.09983166423858
14.902717533257064	21.772015249460114	27.652754910293833
15.05248933249553	21.726162617837332	28.208504986029304
15.197779509203848	21.661830815376838	28.766223879506285
15.338277886561697	21.57865732099775	29.325014669597216
15.473673676021521	21.476328375575456	29.88394411887823
15.60365659889366	21.354582774410368	30.442045674008344
15.72791806440071	21.213215480564756	30.99832287051351
15.846152398533928	21.0520810122013	31.551753133479952
15.958058117140585	20.871096556702415	32.101291959956455
16.06333923578516	20.670244764741263	32.6458774629409
16.16170660807946	20.44957617866398	33.184435250800384
16.252879283381336	20.209211251572494	33.71588360994838
16.336585874040246	19.949341916383293	34.23913895271919
16.412565921730444	19.670232667898077	34.753121486733455
16.4805712518851	19.37222112552141	35.256761056820714
16.540367304835367	19.05571804967376	35.74900310584954
16.59173443198531	18.72120679110584	36.22881469676367
16.634469145228874	18.369242159135226	36.69519053485602
16.66838530784796	18.00044870219442	37.14715892693458
16.69331525532801	17.615518401873096	37.583787612643164
16.709110834895313	17.21520778970636	38.00418940287331
16.71564435311665	16.80033450415302	38.40752756098487
16.712809421605982	16.37177331334953	38.79302086447196
16.70052169174687	15.930451637141534	39.15994828776429
16.678719470353474	15.47734460941752	39.5076532510034
16.64736420934295	15.013469728716597	39.83554738482804
16.606440863761474	14.539881151313356	40.14311376733772
16.55595811387375	14.05766368633026	40.42990959638123
16.49594844847068	13.567926556796674	40.69556826797794
16.42646810804562	13.071796993833702	40.93980083988631
16.34759688801208	12.570413733250287	41.16239686789587
16.25943780365768	12.064920484729548	41.36322461116484
16.162116620022832	11.556459443454507	41.54223061166621
16.055781251335482	11.046164912502388	41.699438661351714
15.940601035996314	10.535157101655507	41.834948178825165
15.816765894373496	10.024536164531005	41.94893202496304
15.684485377809636	9.515376531212484	42.041633793886035
15.54398761824953	9.00872158800245	42.11336462184236
15.395518188752797	8.505578749651121	42.16449956180818
15.239338885848241	8.006914962601185	42.19547357586761
15.075726445211236	7.513652670586638	42.20677720065309
14.904971202499073	7.026666266501963	42.19895194328628
14.727375711361368	6.546779046972317	42.17258546636483
14.543253330658384	6.074760678665514	42.12830662062258
14.352926792776248	5.611325178232951	42.06678038300324
14.156726764635565	5.157129400982093	41.98870275610491
13.954990412559397	4.712772027074001	41.89479568236492
13.748059981615189	4.278793028306294	41.78580202306551
13.536281399385638	3.8556735934490574	41.6624806483615
13.320002913377474	3.443836485712388	41.52560168018311
13.099573770455637	3.0436468022563945	41.375941925163666
12.875342945817453	2.6554131027346424	41.214280529806906
12.64765792811294	2.2793888716801334	41.041394885051986
12.416863566381776	1.9157742780633242	40.858056802316945
12.183300983549577	1.5647181945730304	40.66502897811202
11.94730656029491	1.2263204390009717	40.463061759480276
11.709210992201044	0.9006342005349749	40.25289021793407
11.469338422237064	0.5876686146918431	40.0352315352607
11.228005649790068	0.28739145199605004	39.810782700622305
10.985521416701085	-0.0002681127371890692	39.58021851480901
10.742185770041232	-0.2754166816050827	39.3441898943376
10.498289500719656	-0.538193794099102	39.103322465343616
10.254113656427958	-0.7887690931978081	38.85821543488217
10.009929126913477	-1.0273395208241978	38.60944072533721
9.765996299125488	-1.2541265637923047	38.35754235611681
9.522564779398456	-1.4693735687327527	38.103036055668504
9.27987317952366	-1.6733431418896878	37.846409086057896
9.038148963308272	-1.8663146471630583	37.588120261884235
8.797608350029869	-2.048581813358155	37.32860014513025
8.558456271057187	-2.2204504593264693	37.06825139762447
8.32088637582391	-2.382236343554708	36.80744927310262
8.085081083302564	-2.534263142799284	36.546542231353506
7.851211675130048	-2.6768605625771826	36.28585265759625
7.619438426574966	-2.8103625807188197	36.02567767102429
7.38991077161198	-2.9351058237604817	35.766290007345795
7.162767498465167	-3.0514280747067213	35.50793896111299
6.938136972109949	-3.1596669096132044	35.25085137465481
6.716137380361975	-3.2601584595293187	34.99523266147042
6.496877000341219	-3.353236293580248	34.741267853001816
6.2804544822692785	-3.4392304183541973	34.48912265875669
6.066959147732794	-3.518466388280623	34.2389445307837
5.856471299732635	-3.5912645213239283	33.990863724509616
5.649062542019662	-3.657939214068148	33.74499434890639
5.44479610540806	-3.7187983501129396	33.501435399877316
5.243727178938802	-3.7741427956341185	33.260271771612686
5.0459032439469516	-3.8242659759678053	33.021575241473386
4.851364409264183	-3.8694535271463386	32.78540542471227
4.66014374595648	-3.9099830164376175	32.551810696031325
4.472267620161125	-3.9461237261065802	32.32082907560382
4.287756022742364	-3.978136494820686	32.09248907776192
4.106622894633086	-4.006273611352401	31.866810521064934
3.928876446867958	-4.030778755484276	31.643805298921528
3.7545194744453805	-4.05188698128953	31.423478110347748
3.583549663274821	-4.06982473823877	31.20582715079693
3.4159598895808956	-4.084809925865678	30.990844763310424
3.251738511237846	-4.0970519780083645	30.77851805050285
3.0908696506055255	-4.10675197292437	30.568829448125026
2.933333468523253	-4.114102765853944	30.361757261135253
2.7791064291985403	-4.119289140875157	30.1572761633679
2.628161555800095	-4.122487979154498	29.955357662015402
2.4804686766285617	-4.123868440945977	29.755970528238223
2.3359946617960747	-4.1235921589295925	29.55908119529177
2.194703650398791	-4.121813440705384	29.364654125614663
2.0565572682116096	-4.118679478471868	29.172652148356352
1.9215148359740952	-4.1143305641171315	28.983036768839487
1.7895335683728502	-4.108900308137167	28.795768451457565
1.660568763855577	-4.102515860969339	28.610806877499076
1.5345739854378828	-4.095298135489399	28.42811117936983
1.4115012326868328	-4.087362029568558	28.247640152658324
1.2913011050834753	-4.078816647723316	28.069352447453287
1.1739229569818095	-4.069765521015369	27.89320674028134
1.0593150443946222	-4.060306824472751	27.71916188798774
0.9474246638454875	-4.0505335914067375	27.54717706483248
0.8381982835351554	-4.040533924092912	27.377211884024135
0.7315816670736845	-4.030391200369256	27.20922650485681
0.6275199900354387	-4.020184275780448	27.043181726563784
0.5259579495939835	-4.009987680965693	26.879039069943214
0.42683986749529135	-3.9998718140484315	26.7167608477571
0.33010978662617746	-3.9899031278404724	26.556310224848747
0.2357115614332478	-3.980144311721213	26.397651268870195
0.14358894244428563	-3.970654468094937	26.24074899245736
0.053685655140517693	-3.9614892833664888	26.085569387639104
-0.034054526576836795	-3.952701193408073	25.932079453215444
-0.11968771208634343	-3.9443395435183533	25.7802472157931
-0.2032698306798835	-3.936450742899296	25.63004174511792
-0.284856572902085	-3.929078413697318	25.481433164300825
-0.3645033363748027	-3.922263534673046	25.334392655489847
-0.4422651758918114	-3.916044579579129	25.188892461500938
-0.5181967575754551	-3.910457650338077	25.044905883881437
-0.5923523168938094	-3.9055366051224794	24.90240727784338
-0.6647856203437076	-3.901313181448333	24.761372044469116
-0.735549930611416	-3.89781711439887	24.621776620559736
-0.8046979750299337	-3.8950762501014022	24.483598466465285
-0.8722819171580316	-3.8931166545834848	24.34681605220806
-0.9383533313134843	-3.8919627181372736	24.211408842181882
-1.0029631798985439	-3.8916372553226073	24.07735727868694
-1.0661617933630678	-3.8921616007399695	23.944642764534247
-1.1279988526561286	-3.893555700704483	23.813247644933725
-1.1885233740236185	-3.895838200951354	23.683155188858272
-1.247783696015107	-3.8990265305019096	23.554349570057898
-1.3058274685689928	-3.903136981817648	23.426815847880395
-1.362701644050596	-3.908184787367582	23.300539948039045
-1.4184524701234775	-3.914184192731688	23.175508643452453
-1.47312548433932	-3.92114852636056	23.0517095352684
-1.5267655103369209	-3.929090266108408	22.929131034170723
-1.5794166555458022	-3.938021102653429	22.80776234205653
-1.6311223102945975	-3.9479519999163197	22.68759343416071
-1.681925148228978	-3.9588932525843514	22.568615041694827
-1.7318671279483862	-3.970854540845009	22.45081863505847
-1.7809894957748016	-3.983844982429683	22.334196407673623
-1.8293327895711757	-3.9978731820644766	22.218741260484464
-1.8769368435307654	-4.012947278421603	22.104446787159116
-1.9238407938623783	-4.029074988661358	21.991307260023692
-1.9700830853003841	-4.046263650651246	21.87931761675295
-2.01570147837124	-4.0645202629452095	21.768473447838208
-2.0607330573521483	-4.083851522602666	21.658770984847425
-2.1052142388600847	-4.104263860923538	21.550207089489618
-2.1491807810126775	-4.1257634771721525	21.442779243491643
-2.192667793105204	-4.148356370359612	21.33648553929246
-2.2357097457506425	-4.172048369150963	21.231324671557335
-2.278340481432359	-4.196845159960326	21.127295929511828
-2.320593225421377	-4.222752313293952	21.024399190093572
-2.362500597012523	-4.249775308398114	20.922634911917903
-2.404094621036087	-4.277919556265737	20.822004130051482
-2.445406739603484	-4.30719042105258	20.722508451587235
-2.486467824047643	-4.337593239950956	20.62415005201222
-2.5273081870205587	-4.3691333415659965	20.526931672359257
-2.5679575947122553	-4.401816062836641	20.4308566171323
-2.6084452791571344	-4.43564676454073	20.335928752994686
-2.648799950595251	-4.4706308454208665	20.242152508208637
-2.6890498098574174	-4.506773754964836	20.1495328728143
-2.7292225607446086	-4.54408100487184	20.058075399535667
-2.7693454223733474	-4.582558179233078	19.9677862054006
-2.8094451414599004	-4.622210943452517	19.87867197406191
-2.849548004517436	-4.663045051931256	19.790739958805847
-2.8896798499410994	-4.705066354536096	19.703997986234604
-2.929866079957171	-4.748280801870624	19.618454460608554
-2.9701316724131694	-4.792694449364366	19.534118368834367
-3.010501192386749	-4.83831346019327	19.45099928608444
-3.0509988035918085	-4.885144107042065	19.36910738203306
-3.091648279561096	-4.933192772716842	19.28845342769435
-3.1324730145850532	-4.982465949613503	19.209048802846752
-3.1734960343872527	-5.03297023804545	19.13090550402853
-3.2147400065172573	-5.0847123434314065	19.05403615308827
-3.2562272504420946	-5.13769907234183	18.97845400627395
-3.2979797473180064	-5.191937327400099	18.904172963843582
-3.340019149424228	-5.247434101032049	18.83120758017993
-3.382366789241003	-5.304196468055318	18.759573074391025
-3.4250436881540915	-5.362231577097488	18.689285341377325
-3.46807056476813	-5.4215466408295825	18.62036096334581
-3.511467842811358	-5.482148924999325	18.552817221749958
-3.5552556586142052	-5.544045736246199	18.486672109633627
-3.5994538681441415	-5.60724440867796	18.42194434435561
-3.644082053579209	-5.67175228918616	18.358653380670294
-3.689159529402442	-5.737576721475877	18.29681942413827
-3.734705347999215	-5.804725028782658	18.236463444839202
-3.7807383047394185	-5.873204495247617	18.177607191357342
-3.8272769425259745	-5.943022345919334	18.120273205008182
-3.8743395557909848	-6.014185725349233	18.06448483427255
-3.9219441939204382	-6.086701674745032	18.010266249402175
-3.970108664088038	-6.160577107644923	17.95764245715808
-4.018850533478245	-6.235818784073143	17.90663931564072
-4.0681871308782895	-6.312433283135949	17.857283549167413
-4.118135547618306	-6.390426974015033	17.809602763149943
-4.168712637838346	-6.469805985313964	17.7636254589215
-4.219935018060468	-6.550576172711676	17.71938104845854
-4.271819066043497	-6.632743084875492	17.6768998689395
-4.324380918897637	-6.7163119275852	17.636213197077865
-4.377636470435325	-6.801287526018192	17.597353263163026
-4.431601367734364	-6.88767428514521	17.560353264737444
-4.486291006888622	-6.975476148185198	17.52524737983388
-4.541720527921016	-7.064696553067312	17.49207077969122
-4.597904808833007	-7.155338386848068	17.460859640861813
-4.654858458764138	-7.247403938031366	17.4316511566176
-4.712595810234667	-7.340894846739616	17.404483547556048
-4.771130910443756	-7.435812052684683	17.379396071300658
-4.830477511595242	-7.5321557408885775	17.356429031183975
-4.8906490602224535	-7.629925285104889	17.335623783794087
-4.951658685483193	-7.729119188894036	17.317022745258225
-5.0135191863955715	-7.829735024307533	17.30066939612951
-5.076243017985139	-7.931769368139321	17.286608284734893
-5.1398422763133995	-8.035217735705372	17.274885028834163
-5.204328682357844	-8.140074512117009	17.26554631543141
-5.2697135647133875	-8.2463328810176	17.25863989857151
-5.336007841085245	-8.35398475075772	17.254214594945232
-5.403221998543448	-8.463020677989801	17.252320277117352
-5.471366072509533	-8.573429788670175	17.253007864182617
-5.540449624446263	-8.685199696463744	17.25632930964488
-5.610481718222203	-8.798316418555684	17.262337586304948
-5.68147089512326	-8.912764288883233	17.271086667932796
-5.75342514748486	-9.028525868811982	17.28263150748994
-5.8263518909193515	-9.145581855292368	17.29702801165786
-5.900257935114732	-9.26391098654477	17.31433301141854
-5.975149453182509	-9.383489945335716	17.334604228423416
-6.051031949534846	-9.50429325992345	17.35790023687772
-6.127910226272894	-9.62629320276693	17.384280420657824
-6.205788348071423	-9.749459687111212	17.413804925370464
-6.284669605547551	-9.873760161581243	17.446534605054552
-6.364556477104758	-9.999159502937161	17.482530963218384
-6.4454505892473835	-10.125619907167126	17.52185608789826
-6.527352675364871	-10.253100779117792	17.56457258041851
-6.610262532989603	-10.381558620888235	17.610743477527734
-6.694178979537478	-10.51094691924104	17.66043216658232
-6.779099806546197	-10.64121603231376	17.713702293446005
-6.8650217324319645	-10.772313075944314	17.770617662772967
-6.951940353792578	-10.904181809957436	17.831242130343185
-7.039850095291981	-11.03676252479336	17.895639487121418
-7.128744158169138	-11.169991928895863	17.96387333471606
-7.218614467423468	-11.303803037315678	18.036006951922133
-7.309451617737047	-11.438125062022785	18.112103152041996
-7.4012448182051	-11.57288330446389	18.192224130691294
-7.493981835955955	-11.707999050942162	18.276431303813442
-7.587648938753262	-11.843389471440037	18.364785135645807
-7.6822308366855925	-11.978967522550688	18.457344956404697
-7.777710623060643	-12.114641855227935	18.554168769483308
-7.874069714635607	-12.250316728111336	18.655313047989495
-7.971287791328623	-12.385891927227913	18.76083252048622
-8.06934273557127	-12.521262692918175	18.87077994583912
-8.168210571478498	-12.656319654880635	18.98520587712332
-8.267865404026844	-12.790948776271248	19.10415841459194
-8.368279358450495	-12.925031307840023	19.22768294776874
-8.46942252008052	-13.058443753126133	19.355821886789176
-8.571262874871506	-13.191057845773381	19.488614383185254
-8.673766250877481	-13.322740540062716	19.62609604038488
-8.776896260957935	-13.453354015791186	19.76829861427891
-8.880614247013547	-13.582755698654296	19.915249704298024
-8.98487922607021	-13.710798297311236	20.066972435536247
-9.08964783854878	-13.837329858328747	20.22348513255918
-9.19487429907741	-13.962193840209745	20.384800985643206
-9.300510350221098	-14.085229207713652	20.55092771030384
-9.4065052195221	-14.206270547669808	20.721867201091648
-9.512805580261496	-14.32514820746787	20.897615180756745
-9.619355516369792	-14.44168845738333	21.078160846012562
-9.726096491928761	-14.555713677856533	21.263486511260112
-9.83296732572234	-14.667042572794145	21.45356725177118
-9.939904171305871	-14.775490409896575	21.648370547964454
-10.046840503074609	-14.880869288937163	21.847855932548036
-10.153707108820676	-14.98298843882506	22.051974642439372
-10.260432089274207	-15.081654544174564	22.26066927751031
-10.366940865127816	-15.17667210197788	22.47387346833821
-10.473156192044316	-15.267843808835622	22.6915115552728
-10.578998184144472	-15.354970979039251	22.91349828124988
-10.68438434646605	-15.437853993622642	23.13973850089781
-10.789229616873763	-15.516292780303976	23.370126908583217
-10.893446417886594	-15.590087324027841	23.60454778813498
-10.996944718868916	-15.659038207587464	23.8428747870589
-11.099632109008574	-15.722947181561947	24.084970718114317
-11.201413881475775	-15.781617762542496	24.33068739116122
-11.302193129122951	-15.834855858347458	24.579865478203438
-11.401870852046422	-15.882470418639246	24.83233441454586
-11.500346077284913	-15.924274109058766	25.08791233894735
-11.597515990880526	-15.960084006688547	25.34640607559054
-11.693276082470401	-15.989722314344665	25.607611160593304
-11.78752030251663	-16.013017090885246	25.871311915663842
-11.88014123221382	-16.029802994410794	26.137281571339326
-11.971030266041547	-16.039922034924277	26.405282442054773
-12.060077806851021	-16.04322433271956	26.675066155057944
-12.147173473293615	-16.03956887848004	26.9463739349219
-12.232206319311038	-16.028824290799275	27.21893694510125
-12.315065065318214	-16.0108695665867	27.492476687645816
-12.395638340614235	-15.985594819598742	27.766705461807618
-12.473814936463006	-15.952902002143114	28.04132688188064
-12.549484069185123	-15.912705604846966	28.316036454171766
-12.622535652505723	-15.86493332926127	28.59052221254654
-12.692860578303131	-15.809526727999925	28.864465411504998
-12.760351004806154	-15.746441807085107	29.137541275241404
-12.82490065119244	-15.675649585194503	29.40941980062423
-12.886405097447552	-15.597136604584936	29.679766611503894
-12.944762088257194	-15.510905388600776	29.948243861228985
-12.99987183962212	-15.416974840868965	30.21451117972305
-13.051637346809581	-15.31538058153437	30.47822666095774
-13.099964692187498	-15.206175216200126	30.739047886159703
-13.1447633514284	-15.08942853360745	30.996632977612585
-13.185946496520986	-14.965227628516706	31.25064167747002
-13.22343129398966	-14.833676946731273	31.50073644559253
-13.25713919669584	-14.694898249738774	31.746583570057695
-13.286996227581747	-14.549030497021093	31.98785428368666
-13.31293325371737	-14.396229644703796	32.22422587967817
-13.33488624902503	-14.236668359868926	32.45538281925375
-13.352796544084468	-14.070535650535374	32.6810178240989
-13.366611061463853	-13.898036412011109	32.900832946337985
-13.37628253507939	-13.719390891033923	33.11454060880618
-13.381769712157775	-13.534834069829936	33.32186460848793
-13.383037536461181	-13.34461497292771	33.522541076170135
-13.38005731153352	-13.148995900255834	33.7163193856178
-13.372806842838244	-12.948251590718584	33.902963005911516
-13.361270557781403	-12.742668321076058	34.082250290991034
-13.345439602747664	-12.53254294554336	34.25397520092205
-13.325311916420466	-12.318181882061436	34.41794794993855
-13.300892278808812	-12.09990005167088	34.57399557690472
-13.272192335561119	-11.878019777833615	34.72196243448136
-13.23923059730914	-11.652869652889596	34.8617105939641
-13.202032413950873	-11.424783379103598	34.99312016347433
-13.16062992394827	-11.194098591943266	35.11608951792263
-13.115061978882503	-10.961155673337943	35.230535439913986
-13.065374043673863	-10.726296562691278	35.33639317152003
-13.0116180730338	-10.489863573362637	35.43361637759208
-12.953852364871778	-10.252198222196023	35.52217702202101
-12.892141391526861	-10.013640079458307	35.60206515905928
-12.826555609833065	-9.77452564626096	35.67328864249419
-12.757171251156244	-9.535187266182211	35.73587275609463
-12.684070092657633	-9.295952077386554	35.7898597693375
-12.607339211144234	-9.057141011063425	35.83530842294896
-12.527070720958825	-8.819067841485484	35.872293349263295
-12.443361497438532	-8.582038292418053	35.900904432806755
-12.356312887537248	-8.346349204023989	35.921246116848074
-12.266030409253329	-8.112287763781335	35.93343666192423
-12.172623441540118	-7.880130804303465	35.93760736254435
-12.076204906395214	-7.650144170308589	35.933901728399526
-11.97689094483045	-7.4225821563499705	35.92247463646165
-11.874800588414487	-7.197687016287468	35.90349146034273
-11.770055428059246	-6.975688544873203	35.877127183211016
-11.662779281684141	-6.756803731231614	35.843565500424674
-11.553097862349249	-6.541236483464393	35.80299791785392
-11.44113844838656	-6.3291774230780256	35.75562285162128
-11.327029556995129	-6.12080374745616	35.70164473470512
-11.210900622687648	-5.916279158153019	35.64127313552764
-11.09288168189487	-5.715753852392964	35.57472189329322
-10.973103064941599	-5.519364574807977	35.50220827445915
-10.851695096516805	-5.327234726152137	35.42395215432002
-10.72878780565859	-5.1394745254766	35.34017522726886
-10.604510646176328	-4.956181222052117	35.251100248874806
-10.478992228325865	-4.777439353167216	35.15695031248726
-10.352360062453169	-4.603321043827548	35.057948162653034
-10.224740315215747	-4.433886344314117	34.95431554721262
-10.096257578891947	-4.269183601540017	34.846272609536484
-9.967034654185307	-4.109249860157505	34.73403732196746
-9.837192346837341	-3.954111289423297	34.617824961164054
-9.706849278266091	-3.8037836319104863	34.497847625683626
-9.576121710361624	-3.658272670271668	34.374313795817585
-9.445123384481313	-3.517574708390824	34.24742793538191
-9.313965374613623	-3.381677063426582	34.11739013489222
-9.182755954599301	-3.2505585654198277	33.98439579529558
-9.051600479236832	-3.12419006133679	33.84863535121232
-8.92060127903003	-3.00253492061461	33.71029403243778
-8.78985756828586	-2.8855495394940287	33.56955166229037
-8.659465366213743	-2.7731838416336405	33.42658249124261
-8.529517430637156	-2.665381772722788	33.28155506415722
-8.40010320388732	-2.5620817870267634	33.13463211935476
-8.271308770415848	-2.4632173240147313	32.98597051766878
-8.143216825634564	-2.368717273432422	32.83572119959342
-8.01590665546971	-2.2785064273895244	32.68402916860178
-7.889454126096638	-2.1925059182282483	32.531033498697575
-7.763931683312455	-2.1106336411336155	32.376867364273636
-7.63940836098998	-2.0328046606233854	32.22165809036496
-7.5159497980558445	-1.9589316002296067	32.06552722142229
-7.393618263431911	-1.888925014842084	31.908590606774606
-7.272472688383322	-1.822693745334275	31.750958501006053
-7.152568705719317	-1.760145255228156	31.592735677533252
-7.033958695304771	-1.7011859492828978	31.434021553744103
-6.916691835346799	-1.6457214740045694	31.27491032612994
-6.800814158937699	-1.593657000179911	31.115491113928886
-6.686368615346219	-1.544897487627836	30.955848109876552
-6.573395135569229	-1.49934793244633	30.79606073675149
-6.461930701669848	-1.4569135971026748	30.63620380848437
-6.3520094194494385	-1.4175002237785381	30.476347694691057
-6.243662594018357	-1.3810142314338645	30.316558487573086
-6.136918807852812	-1.3473628970990854	30.156898170217943
-6.0318040009428024	-1.316454521940825	29.99742478541048
-5.928341552659799	-1.288198582676683	29.838192604152198
-5.826552364991653	-1.2625058689365123	29.679252293160253
-5.7264549468153945	-1.239288607184667	29.52065108069679
-5.628065498896271	-1.2184605718275996	29.362432920146418
-5.531397999325485	-1.1999371841378377	29.204638650833555
-5.436464289125995	-1.1836355996256867	29.04730615563117
-5.343274157777917	-1.169474784487736	28.890470514977114
-5.251835428432383	-1.157375581754423	28.73416415696855
-5.162154042602592	-1.1472607677496802	28.578417003260213
-5.074234144137515	-1.1390550994633448	28.423256610539706
-4.988078162302373	-1.1326853534228007	28.268708307401067
-4.903686893804815	-1.128080356633815	28.114795326476788
-4.821059583623366	-1.125171010142878	27.961538931730182
-4.740194004507433	-1.123890305754096	27.80895854084058
-4.661086535035612	-1.1241733364138042	27.657071842651433
-4.583732236128767	-1.1259573007551409	27.505894909672687
-4.508124925930609	-1.1291815022737004	27.35544230566087
-4.434257252977991	-1.1337873435837877	27.20572718831804
-4.362120767596076	-1.1397183161831665	27.05676140717407
-4.291705991462548	-1.1469199861326662	26.908555596730846
-4.223002485296855	-1.1553399760354985	26.761119264966354
-4.155998914637571	-1.1649279436801652	26.614460877304957
-4.0906831136810995	-1.1756355576900226	26.468587936174842
-4.027042147161635	-1.187416470502481	26.32350705627981
-3.965062370260864	-1.2002262889809563	26.17922403572305
-3.9047294865409197	-1.2140225429439162	26.035743923122627
-3.8460286039020986	-1.2287646518766167	25.893071080867003
-3.788944288570661	-1.244413890073757	25.75120924465807
-3.733460617128735	-1.2609333504439189	25.610161579494854
-3.6795612266016815	-1.2782879071906599	25.469930732249026
-3.62722936262336	-1.2964441775693463	25.3305188809857
-3.5764479257029715	-1.315370482904111	25.19192778118086
-3.5271995156208695	-1.3350368090351061	25.05415880898649
-3.4794664739830843	-1.355414766353075	24.91721300169055
-3.4332309249680697	-1.3764775495651562	24.78109109551961
-3.3884748143001007	-1.3981998973244054	24.645793560925025
-3.3451799464869723	-1.4205580518436982	24.511320635493615
-3.30332802036054	-1.443529718604401	24.3776723546177
-3.2629006629605315	-1.4670940262599723	24.244848580056647
-3.2238794618029667	-1.4912314868254082	24.112849026516923
-3.1862459955760314	-1.5159239562343276	23.981673286375095
-3.149981863306131	-1.5411545953377586	23.8513208526607
-3.115068712038536	-1.5669078314102869	23.721791140415153
-3.081488263076313	-1.5931693202227521	23.593083506534388
-3.0492223368226163	-1.61992590873315	23.46519726820238
-3.0182528762703136	-1.6471655984420284	23.338131720013724
-2.988561969184041	-1.6748775094519488	23.211886149883288
-2.9601318690187197	-1.7030518452658783	23.086459853833034
-2.9329450146188742	-1.7316798583538808	22.961852149743947
-2.9069840487422804	-1.7607538165132286	22.838062390154967
-2.88223183545159	-1.7902669700421519	22.71508997418908
-2.858671476416237	-1.820213519744312	22.59293435867914
-2.836286326167213	-1.8505885857764126	22.471595068566145
-2.8150600063458087	-1.8813881773489138	22.35107170663504
-2.794976418987352	-1.9126091632858426	22.23136396265279
-2.776019758879612	-1.9442492434476106	22.112471621966897
-2.7581745250352654	-1.9763069210172943	21.994394573622223
-2.7414255313164704	-2.0087814756491342	21.877132818048
-2.725757916249039	-2.041672937475236	21.760686474365855
-2.711157152062582	-2.074982061964749	21.645055787365546
-2.6976090529921737	-2.108710305627698	21.530241134193155
-2.6850997828759953	-2.1428598025541783	21.41624303079292
-2.673615862082633	-2.177433341777639	21.303062138142952
-2.6631441738004193	-2.212434345450254	21.19069926832031
-2.6536719697205613	-2.2478668478161623	21.07915539043174
-2.645186875144462	-2.2837354749681333	20.96843163644122
-2.6376768935449175	-2.320045425371199	20.858529306926386
-2.6311304106096234	-2.3568024511367254	20.74944987679133
-2.6255361977946237	-2.3940128400286165	20.641195000964228
-2.6208834154141725	-2.4316833981832677	20.533766520104347
-2.6171616152925803	-2.4698214335236552	20.42716646634306
-2.614360743002592	-2.508434739847468	20.32139706908146
-2.61247113971385	-2.5475315815685198	20.21646076086598
-2.6114835436740313	-2.587120679090151	20.112360183362252
-2.611389091344289	-2.627211194788658	20.009098193446505
-2.612179318209654	-2.667812719584527	19.906677869432496
-2.6138461592841145	-2.708935260078471	19.805102517451566
-2.6163819493291687	-2.7505892262293417	19.70437567800148
-2.6197794228036884	-2.792785419549821	19.604501132680827
-2.6240317135620654	-2.83553502179629	19.50548291112276
-2.629132354316664	-2.8788495841281376	19.407325298143167
-2.6350752758797573	-2.9227410167119396	19.310032841116506
-2.6418548061991984	-2.967221578745125	19.213610357592877
-2.649465669201288	-3.0123038688739863	19.118062943168393
-2.6579029834533285	-3.058000815979681	19.023395979622023
-2.6671622606576357	-3.104325670306396	18.92961514332984
-2.677239403987854	-3.1512919949048137	18.836726413968748
-2.688130706277654	-3.198913657363998	18.74473608352061
-2.6998328480709977	-3.2472048218040497	18.653650765587955
-2.712342895542477	-3.296179941101939	18.56347740503137
-2.7256582982952895	-3.3458537493219733	18.474223287939456
-2.7397768870437433	-3.396241254322242	18.385896051941046
-2.754696871186272	-3.4473577305074756	18.2985036968701
-2.7704168362743635	-3.499218711698903	18.212054595792164
-2.786935741381719	-3.5518399840900257	18.126557506403007
-2.804252916377573	-3.6052375792579454	18.042021582807383
-2.82236805910695	-3.6594277671978688	17.958456387688315
-2.841281232480171	-3.7144270493488167	17.875871904874746
-2.860992861472996	-3.7702521515771648	17.7942785523167
-2.8815037300380792	-3.8269200170841273	17.71368719547614
-2.902814977927562	-3.8844477992021584	17.63410916114189
-2.92492809742607	-3.94285285404492	17.555556251676
-2.9478449299923053	-4.002152732973735	17.47804075969958
-2.971567662806956	-4.062365174843201	17.401575483224775
-2.99609882522356	-4.123508097986824	17.326173741240094
-3.0214412851185326	-4.185599591903267	17.251849389754895
-3.047598245135293	-4.248657908601499	17.178616838309466
-3.074573238817167	-4.312701453563149	17.106491066955257
-3.1023701266224024	-4.377748776277823	17.035487643710574
-3.1309930918142514	-4.4438185603067835	16.965622742495103
-3.1604466362177934	-4.510929612827944	16.8969131615471
-3.1907355758348332	-4.5791008536147295	16.8293763423248
-3.221865036306723	-4.648351303398433	16.763030388894276
-3.253840448214687	-4.718700071563362	16.69789408780342
-3.2866675422057914	-4.79016634312117	16.633986928441697
-3.3203523439322056	-4.8627693649098935	16.571329123883242
-3.3549011687900876	-4.936528430960533	16.509941632210122
-3.390320616443655	-5.011462866972516	16.44984617831071
-3.426617565119157	-5.087592013837614	16.39106527614611
-3.463799165651998	-5.164935210148883	16.3336222514766
-3.501872835269755	-5.243511773630155	16.277541265037062
-3.5408462510922933	-5.323340981418418	16.222847336148995
-3.5807273433295745	-5.404442049130114	16.16956636675353
-3.621524288156021	-5.48683410863886	16.117725165848153
-3.6632455002399564	-5.5705361844913295	16.067351474305944
-3.7058996249046032	-5.655567168883906	16.018473990054133
-3.749495529896727	-5.741945795121875	15.971122393584547
-3.794042296737113	-5.82969060947915	15.925327373765649
-3.8395492116263368	-5.918819941375125	15.881120653921391
-3.8860257558776343	-6.009351871782007	15.838535018138426
-3.933481595847729	-6.10130419977429	15.797604337758171
-3.9819265723347157	-6.194694407128715	15.758363598006017
-4.031370689411271	-6.289539620881807	15.720848924704073
-4.081824102659463	-6.385856573748465	15.685097611008956
-4.1332971067728455	-6.483661562304525	15.651148144109428
-4.185800122489107	-6.582970402832113	15.619040231813052
-4.239343682816258	-6.683798384726812	15.588814828943468
-4.293938418512849	-6.786160221361958	15.560514163463203
-4.349595042782151	-6.890069998305255	15.534181762228762
-4.406324335137986	-6.995541118780159	15.509862476276814
-4.464137124399385	-7.102586246265085	15.487602505531129
-4.523044270768728	-7.2112172441205615	15.467449422811116
-4.583056646947897	-7.3214451121364945	15.449452197012384
-4.644185118244153	-7.43327991988894	15.433661215319932
-4.706440521617611	-7.546730736799007	15.420128304303
-4.769833643619452	-7.6618055587848	15.408906749729525
-4.834375197170098	-7.778511231401254	15.400051314925507
-4.900075797124087	-7.896853369362488	15.393618257492147
-4.966945934568607	-8.01683627234653	15.389665344179894
-5.034995949800425	-8.13846283698372	15.38825186370469
-5.1042360039260455	-8.26173446493646	15.389438637276893
-5.174676049028415	-8.386650966981954	15.393288026598148
-5.2463257968435295	-8.513210463017499	15.399863939065575
-5.319194685889233	-8.641409277914251	15.409231829906183
-5.393291846988927	-8.771241833155711	15.421458700947417
-5.468626067131719	-8.902700534205318	15.436613095712115
-5.545205751612833	-9.0357756535631	15.454765090508428
-5.623038884395747	-9.170455209479695	15.47598628116639
-5.702132986641015	-9.306724840315896	15.500349765054507
-5.782495073345953	-9.444567674549644	15.52793011799027
-5.864131608042088	-9.58396419645338	15.558803365639632
-5.947048455497735	-9.724892107483399	15.593046948980595
-6.031250832377535	-9.86732618344986	15.63073968338753
-6.116743255810999	-10.011238127557329	15.671961710872816
-6.203529489827916	-10.156596419438428	15.716794445004401
-6.291612489620588	-10.303366160330842	15.765320507998998
-6.380994343598479	-10.451508914583846	15.817623659473396
-6.471676213205113	-10.60098254771548	15.873788716319218
-6.563658270474828	-10.7517410612846	15.93390146315205
-6.6569396333105395	-10.903734424879728	15.998048552769825
-6.7515182984755135	-11.056908405580291	16.066317396045807
-6.84739107229607	-11.21120439528811	16.13879604066833
-6.94455349908513	-11.366559236386312	16.21557303813396
-7.0429997873046055	-11.522905046235946	16.296737298394344
-7.142722733497774	-11.680169041083786	16.382377931556256
-7.24371364403358	-11.838273360015918	16.472584076035176
-7.3459622547200825	-11.997134889661892	16.567444712569817
-7.449456648358106	-12.15666509042336	16.667048463514977
-7.554183170323521	-12.316769825077321	16.771483376847026
-7.6601263422822035	-12.477349190678696	16.880836694336317
-7.7672687741630275	-12.638297354771128	16.99519460337114
-7.875591074531787	-12.799502396993894	17.114641971950213
-7.985071759533578	-12.960846157262674	17.2392620664064
-8.095687160590561	-13.122204091783583	17.36913625147119
-8.207411331070752	-13.283445138254722	17.504343672353805
-8.32021595216463	-13.444431591691618	17.64496091857262
-8.434070238238501	-13.605018992409162	17.79106166936145
-8.548940841957528	-13.765056027774339	17.94271632055781
-8.664791759504979	-13.924384449435621	18.099991592985972
-8.781584236252442	-14.082839007814714	18.262950122457205
-8.899276673270695	-14.240247405729674	18.431650031638537
-9.017824535100232	-14.396430273087505	18.60614448417409
-9.137180259239905	-14.55120116465954	18.786481221601868
-9.25729316784068	-14.704366583004207	18.97270208376432
-9.378109382131907	-14.855726028658575	19.164842513596295
-9.499571740138313	-15.005072079752432	19.362931047357865
-9.621619718285823	-15.152190503229425	19.566988791590514
-9.744189357523526	-15.296860399862132	19.77702888828209
-9.867213194629185	-15.438854385247476	19.99305596996375
-9.990620199392671	-15.577938808934192	20.215065606690658
-10.114335718408636	-15.713874013791777	20.4430437471161
-10.238281426234126	-15.846414637651742	20.676966156116563
-10.362375284697897	-15.975309959158416	20.916797851695733
-10.486531511168172	-16.100304289635922	21.16249254415584
-10.610660556609322	-16.2211374126257	21.41399208080043
-10.734669094270503	-16.337545072557532	21.67122589969466
-10.858460019863887	-16.44925951379971	21.934110496280134
-10.981932464092676	-16.556010071075274	22.20254890689221
-11.104981818390534	-16.65752381194184	22.476430213476647
-11.227499774726136	-16.753526231704605	22.75562907403138
-11.349374380313492	-16.843742000768962	23.040005283512773
-11.4704901080425	-16.927895764036144	23.329403370123536
-11.590727943417729	-17.0057129915128	23.62365223206648
-11.709965488748283	-17.076920878831867	23.922564819959266
-11.828077085285553	-17.141249295882353	24.225937870197274
-11.944933953940826	-17.198431781211188	24.533551694577405
-12.060404355148453	-17.24820657930511	24.845170031494614
-12.17435376835312	-17.29031771727856	25.16053996394086
-12.286645091512638	-17.324516116900334	25.479391909422922
-12.397138860896456	-17.350560737282386	25.80143968670407
-12.505693491353176	-17.36821974294699	26.12638066403611
-12.612165537086096	-17.377271691379093	26.453895993193456
-12.716409972846085	-17.37750673357815	26.783650933234043
-12.818280495301167	-17.36872782054877	27.11529526742075
-12.917629844188383	-17.35075190812637	27.44846381618537
-13.01431014269005	-17.323411152030626	27.782777048386038
-13.108173256306632	-17.286554084586314	28.117841792407443
-13.19907116932228	-17.240046764158848	28.453252047879577
-13.286856377780321	-17.18377388803002	28.78858989795805
-13.371382297702805	-17.117639859199308	29.123426521210632
-13.452503687108536	-17.041569797444293	29.457323301220566
-13.53007708019989	-16.955510484925043	29.78983303101909
-13.603961231916827	-16.859431236669728	30.120501208463093
-13.674017570882402	-16.753324686451254	30.448867417627252
-13.740110658605959	-16.637207478849856	30.774466790257097
-13.80210865265754	-16.511120858709727	31.096831540294357
-13.859883771392843	-16.375131149728805	31.41549256349634
-13.913312757684738	-16.229330114584236	31.72998109319899
-13.96227733901903	-16.07383518976746	32.039830402391765
-14.006664681226196	-15.908789589208636	32.34457754142104
-14.04636783306581	-15.73436227176595	32.64376509992229
-14.081286158842708	-15.550747768769694	32.93694298092826
-14.111325756227677	-15.358165868996743	33.223670174600215
-14.136399856471677	-15.156861159729843	33.503516518627016
-14.156429204250987	-14.947102423875863	33.77606443210768
-14.171342414454392	-14.72918189449435	34.04091060962868
-14.18107630332761	-14.5034143694783	34.29766766231573
-14.185576191521887	-14.270136190528827	34.545965692860726
-14.184796176753075	-14.02970409194282	34.78545379191381
-14.178699373963077	-13.782493926080852	35.015801443770926
-14.167258121085924	-13.52889927365662	35.23669982999938
-14.150454148753587	-13.269329948207096	35.44786302048171
-14.128278712529859	-13.004210405197515	35.64902904235879
-14.100732686531142	-12.73397806721525	35.8399608184593
-14.067826617577648	-12.459081577559868	36.020446968032324
-14.029580739314895	-12.17997899525848	36.19030246391083
-13.986024946047804	-11.897135945084486	36.349369141631
-13.937198726337927	-11.61102373656126	36.49751605746786
-13.88315105672028	-11.322117466146054	36.63463969382841
-13.823940256200519	-11.030894116845863	36.7606640119227
-13.759633802488386	-10.737830669390792	36.875540353106906
-13.690308111209202	-10.443402238804302	36.97924719172653
-13.616048279604613	-10.148080249751988	37.071789743671786
-13.536947796488313	-9.85233066345226	37.15319943616162
-13.453108220453823	-9.556612268180581	37.223533245489854
-13.364638828542608	-9.261375044532544	37.282872910571754
-13.271656237765175	-8.967058615625255	37.33132403111592
-13.174284002027635	-8.67409079134598	37.369015060098526
-13.072652187144202	-8.382886214597393	37.39609620093113
-12.96689692672303	-8.093845116299121	37.412738220277305
-12.857159961780157	-7.807352184645245	37.41913118789364
-12.743588166985896	-7.523775552875383	37.41548315513746
-12.626333066460006	-7.243465908548931	37.402018783906435
-12.505550342022646	-6.9667557260816215	37.37897793775583
-12.381399336766892	-6.693958623094629	37.34661424678416
-12.254042556760046	-6.425368839986881	37.305193657598785
-12.123645173588299	-6.161260841039862	37.25499297927606
-11.990374530359272	-5.901889034370028	37.19629843573359
-11.854399653643757	-5.647487607103089	37.129404234340306
-11.715890773701329	-5.398270471324548	37.05461115992545
-11.575018855173067	-5.154431315616896	36.97222520261566
-11.431955140260715	-4.916143756369704	36.88255622715212
-11.286870706230197	-4.6835615825122225	36.78591669052284
-11.139936038897506	-4.4568190868996025	36.68262041391052
-10.991320623564281	-4.236031477254927	36.57298141410864
-10.841192554682513	-4.021295359347138	36.457312798715925
-10.689718165335893	-3.812689284949454	36.33592572858727
-10.537061677442239	-3.6102743570855687	36.20912845021474
-10.38338487339118	-3.4140948850993604	36.07722539993174
-10.228846789662448	-3.224179082208604	35.94051638110301
-10.073603432790469	-3.040539798370494	35.79929581476448
-9.917807517887642	-2.8631752815367584	35.65385206354289
-9.76160822977609	-2.692069960653278	35.504466828088304
-9.605151006645757	-2.5271952441039494	35.35141461473076
-9.448577346012963	-2.3685103276514288	35.19496227258737
-9.292024632644415	-2.2159630063340594	35.035368597940824
-9.135625987991606	-2.0694904851800415	34.87288400334169
-8.979510140591367	-1.9290201840352463	34.707750248593186
-8.82380131679534	-1.7944705322273484	34.54020023052334
-8.668619151123067	-1.6657517492292608	34.370457828260996
-8.51407861546106	-1.5427666079070042	34.19873780057739
-8.360289966286336	-1.425411177366559	34.02524573176506
-8.20735870904243	-1.313575542816143	33.85017802245992
-8.055385578768622	-1.2071445002582244	33.6737219218005
-7.904466536052908	-1.105998224195001	33.49605559732728
-7.75469277737098	-1.0100129068903339	33.31734823908081
-7.606150758859039	-0.919061368057453	33.13776019442407
-7.4589222325722835	-0.8330136341530765	32.95744313021773
-7.313084294283599	-0.7517374867402659	32.776540219091224
-7.168709441893036	-0.6750989796442615	32.59518634669193
-7.0258656435290865	-0.6029629248567778	32.41350833693483
-6.8846164144511555	-0.5351933473590896	32.23162519244108
-6.745020901882759	-0.47165390921866857	32.04964834751329
-6.607133976936782	-0.41220830348048276	31.867681931169546
-6.471006332822204	-0.35672061851544107	31.685823037926884
-6.336684588560032	-0.3050556736129111	31.5041620042051
-6.204211397465338	-0.2570793267044445	31.322782688386074
-6.073625559695265	-0.21265875519334804	31.14176275274227
-5.944962138194021	-0.17166271093022822	30.961173945605406
-5.818252577410161	-0.1339617504296192	30.781082382315798
-5.693524824193018	-0.09942844145901401	30.60154882363852
-5.570803450319507	-0.06793754715956603	30.422628950489422
-5.450109776133763	-0.03936618887016058	30.244373633945777
-5.331461994825762	-0.013593988832688631	30.066829199658848
-5.21487529690395	0.00949680605029477	29.89003768590004
-5.10036199445928	0.03002121824508814	29.714037094599668
-4.987931644845655	0.04809145026390583	29.53886163483627
-4.877591173440093	0.06381681087369431	29.36454195834312
-4.769344995172384	0.07730365575173616	29.191105386683148
-4.6631951345489915	0.08865534153604086	29.018576129835452
-4.559141343920158	0.0979721922562374	28.846975496006475
-4.457181219770303	0.10535147716961903	28.67632209255455
-4.357310316833692	0.11088739906876921	28.506632017972787
-4.259522259865718	0.11467109216941375	28.337919044937834
-4.163808852919055	0.11679062873088934	28.17019479447504
-4.0701601859983345	0.11733103360513	28.003468901339275
-3.978564738984105	0.1163743059538958	27.8377491707438
-3.8890094827386146	0.11399944741721418	27.673041726608055
-3.801479977319653	0.11028249605872865	27.50935115151716
-3.7159604672476334	0.1052965654554133	27.346680618614865
-3.6324339737830114	0.09911188833975365	27.185032015666376
-3.550882384187327	0.09179586424203452	27.02440606154832
-3.471286537950223	0.08341311061825737	26.864802415429473
-3.393626309979887	0.07402551698607575	26.706219778922737
-3.317880690760437	0.06369230162586448	26.548655991487454
-3.244027863492182	0.05247007043775493	26.392108119371635
-3.172045278237155	0.040412877577148835	26.236572538381992
-3.101909723100746	0.02757228752155163	26.0820450107718
-3.0335973924859143	0.013997438250005597	25.928520756532816
-2.9670839524634975	-0.00026489475641769834	25.775994519376933
-2.902344603305918	-0.015170233959455244	25.624460627685693
-2.8393541392377073	-0.030676334896027432	25.473913050703892
-2.7780870054585405	-0.04674312121832824	25.32434545024332
-2.7185173524990796	-0.0633326198406205	25.175751228158344
-2.6606190879720013	-0.08040889637236949	25.028123569845338
-2.60436592578356	-0.09793799099899685	24.88145548401125
-2.549731432872105	-0.1158878549548556	24.735739838945513
-2.4966890735426106	-0.13422828771701042	24.59096939552348
-2.445212251466205	-0.15293087503423292	24.44713683715699
-2.395274349415756	-0.17196892789177468	24.304234796901703
-2.3468487668079874	-0.19131742250042713	24.16225588191843
-2.2999089551236307	-0.21095294138667464	24.021192695478394
-2.2544284512768358	-0.2308536156503051	23.881037856692377
-2.210380909004699	-0.25099906844624403	23.74178401813395
-2.1677401283476425	-0.27137035973839546	23.60342388151888
-2.1264800832908097	-0.2919499323651386	23.465950211594116
-2.0865749476353006	-0.3127215594489956	23.329355848379162
-2.0479991191683147	-0.3336702931756959	23.19363371789804
-2.0107272421988776	-0.35478241496238344	23.05877684152737
-1.9747342285261302	-0.37604538702841667	22.924778344083013
-1.9399952769045636	-0.3974478053778787	22.79163146075558
-1.9064858910707019	-0.41897935419757587	22.659329543002606
-1.8741818963930041	-0.4406307616709566	22.52786606349358
-1.8430594552066326	-0.4623937572039163	22.39723462020197
-1.8130950808922026	-0.48426103005578397	22.267428939728166
-1.7842656507569068	-0.5062261893653317	22.138442879934118
-1.7565484177744417	-0.528283725559282	22.010270431963153
-1.729921021238933	-0.5504289731282267	21.88290572171428
-1.7043614963860942	-0.572658074753097	21.756343010833447
-1.6798482830338684	-0.5949679467630572	21.630576697282063
-1.6563602332926022	-0.6173562459046018	21.5056013155356
-1.6338766183938385	-0.6398213373997553	21.381411536463837
-1.6123771346846174	-0.6623622642706586	21.25800216693696
-1.591841908833387	-0.684978717906104	21.13536814920213
-1.5722515022912658	-0.7076710098455302	21.013504560067087
-1.553586915051651	-0.730440044754515	20.89240660992851
-1.535829588748989	-0.7532872945659626	20.7720696416757
-1.5189614091366603	-0.7762147737600416	20.652489129501255
-1.50296470798193	-0.7992250157562589	20.533660677644157
-1.4878222644149635	-0.8223210503902133	20.415580019091497
-1.4735173057670663	-0.845506382448031	20.298243014259725
-1.4600335079323834	-0.868784971230795	20.1816456496775
-1.4473549952855278	-0.8921612111218992	20.065784036687166
-1.4354663401866021	-0.9156399131298996	19.950654410182423
-1.4243525621036384	-0.9392262873798221	19.836253127396926
-1.4139991263813143	-0.9629259265259169	19.72257666675781
-1.4043919426835048	-0.9867447900592861	19.60962162681598
-1.395517363136138	-1.0106891894838597	19.49738472526481
-1.3873621801955733	-1.0347657743347896	19.38586279805656
-1.3799136242667145	-1.0589815190133494	19.275052798626398
-1.3731593610938373	-1.0833437104132535	19.164951797230902
-1.3670874889462457	-1.1078599363131314	19.055556980409943
-1.3616865356196328	-1.1325380745109945	18.946865650576854
-1.3569454552732287	-1.1573862826763557	18.83887522574418
-1.3528536251217183	-1.1824129888965782	18.731583239389547
-1.3494008420000618	-1.207626882894233	18.624987340467005
-1.3465773188184298	-1.233036907892839	18.51908529356815
-1.3443736809235909	-1.2586522531087803	18.413874979237406
-1.342780962382263	-1.2844823468477853	18.309354394444973
-1.3417906022011308	-1.3105368501847112	18.205521653221357
-1.3413944404974425	-1.3368256512059977	18.102374987456624
-1.3415847146333648	-1.3633588597945046	17.99991274786796
-1.3423540553265303	-1.3901468029371022	17.89813340513829
-1.343695482748525	-1.4172000205356383	17.797035551229573
-1.3456024026223907	-1.444529261702683	17.696617900873182
-1.3480686023295618	-1.4721454815235417	17.596879293241145
-1.3510882470360417	-1.500059838266857	17.497818693800742
-1.354655875847014	-1.5282836910262754	17.39943519635603
-1.3587663979985214	-1.5568285977762673	17.301728025279314
-1.36341508909426	-1.5857063138254335	17.204696537936314
-1.3685975873950516	-1.614928790651309	17.108340227307973
-1.3743098901679778	-1.6445081751006827	17.012658724813324
-1.3805483501017348	-1.6744568089402312	16.917651803336607
-1.387309671794228	-1.7047872287422488	16.823319380463307
-1.3945909083180292	-1.735512166090928	16.729661521928904
-1.402389457868795	-1.7666445480945407	16.636678445285636
-1.410703060501444	-1.7981974981897522	16.54437052379105
-1.4195297949583352	-1.8301843372238906	16.452738290524547
-1.4288680755934235	-1.8626185848018233	16.361782442736533
-1.4387166493959038	-1.8955139608839686	16.271503846436115
-1.4490745931165416	-1.928884387622342	16.181903541223363
-1.4599413104994674	-1.9627439914215405	16.092982745372588
-1.471316529621979	-1.997107105212036	16.004742861172854
-1.4832003003443939	-2.031988270922761	15.917185480533497
-1.495592991871883	-2.067402242140703	15.830312390861135
-1.508495290429685	-2.103363986944644	15.744125581216727
-1.5219081970529673	-2.1398886909007113	15.658627248760286
-1.5358330254921617	-2.17699176020703	15.57381980549219
-1.550271400234468	-2.21468882497514	15.489705885299488
-1.5652252546417162	-2.2529957426352327	15.406288351317242
-1.5806968292047239	-2.291928601452718	15.323570303614055
-1.5966886699138156	-2.3315037241430434	15.241555087212362
-1.6132036267450174	-2.371737671571773	15.16024630045394
-1.6302448522610862	-2.412647246526558	15.07964780372183
-1.6478158003263053	-2.4542494975474383	14.999763728530137
-1.6659202249336595	-2.4965617228015415	14.92059848699372
-1.684562179142788	-2.5396014739879904	14.842156781690178
-1.7037460141267111	-2.583386560258168	14.764443615927306
-1.7234763783252507	-2.6279350521364964	14.68746430442891
-1.7437582167024974	-2.673265285425716	14.61122448445354
-1.764596770105661	-2.7193958650807506	14.535730127359903
-1.785997574722143	-2.7663456690341284	14.460987550634172
-1.807966461631454	-2.8141338519554817	14.387003430394387
-1.8305095564482368	-2.862779848926773	14.313784814387878
-1.8536332790524173	-2.9123033790142863	14.24133913549778
-1.8773443434019759	-2.9627244487171267	14.169674225775823
-1.9016497574237694	-3.0140633552716136	14.098798331018164
-1.926556822977101	-3.066340689789164	14.028720125902575
-1.952073135884771	-3.1195773402050038	13.959448729704567
-1.9782065860255191	-3.173794494012997	13.89099372261168
-2.004965357481737	-3.2290136407613486	13.823365162654525
-2.03235792873556	-3.2852565742819366	13.756573603274493
-2.060393072906303	-3.3425453946251684	13.690630111547625
-2.089079858021356	-3.4009025096699443	13.62554628708544
-2.118427647312611	-3.460350636377609	13.561334281632691
-2.1484460995294574	-3.520912801655948	13.49800681938365
-2.1791451692592845	-3.5826123427983725	13.435577218037558
-2.210535107245418	-3.6454729074605314	13.374059410615196
-2.2426264606922084	-3.709518453135368	13.313467968057768
-2.275430073545913	-3.7747732460844925	13.253818122630298
-2.3089570867397278	-3.841261859682206	13.195125792150973
-2.3432189383902067	-3.9090091721252005	13.137407605068683
-2.3782273639318916	-3.9780403634590407	13.080680926410182
-2.413994396175804	-4.048380911868979	13.024963884618842
-2.4505323652769873	-4.12005658918052	12.97027539930599
-2.4878538985949303	-4.193093455511103	12.916635209936242
-2.5259719204301887	-4.267517853011893	12.864063905467004
-2.564899651619099	-4.34335639863439	12.812582954962386
-2.604650608967827	-4.420635975853756	12.762214739200376
-2.6452386045053973	-4.499383725276002	12.71298258329193
-2.686677744534662	-4.579627034053215	12.66491079032878
-2.7289824284584814	-4.661393524025881	12.618024676076152
-2.772167347357346	-4.744711038507586	12.572350604724726
-2.8162474822932375	-4.82960762762266	12.527916025714491
-2.861238102312896	-4.916111532102244	12.484749511641436
-2.907154762122414	-5.004251165439785	12.442880797255407
-2.954013299403214	-5.094055094301354	12.402340819555256
-3.0018298317378984	-5.185552017080942	12.363161758984408
-3.050620753112715	-5.278770740485412	12.3253770817267
-3.10040272996132	-5.373740154027512	12.289021583099005
-3.151192696713034	-5.470489202300327	12.254131432032722
-3.203007850805902	-5.569046854898627	12.22074421663242
-3.2558656471239993	-5.669442073848628	12.188898990794113
-3.3097837918145863	-5.771703778398049	12.15863632186122
-3.3647802354401546	-5.875860807014864	12.129998339289173
-3.42087316541638	-5.981941876433307	12.103028784283934
-3.4780809976856255	-6.08997553758067	12.077773060371793
-3.5364223675722712	-6.19999012820998	12.054278284850184
-3.5959161197640883	-6.312013722057501	12.032593341060226
-3.656581297360212	-6.426074074335131	12.012768931412557
-3.7184371299242773	-6.542198563362084	11.994857631087202
-3.7815030204773468	-6.6604141281311895	11.978913942317266
-3.8457985313630596	-6.780747201599381	11.964994349153674
-3.9113433689132298	-6.90322363948293	11.953157372595072
-3.978157366839845	-7.027868644332676	11.943463625952393
-4.046260468274944	-7.154706684655544	11.93597587030212
-4.115672706377766	-7.283761408844541	11.930759069865259
-4.186414183423227	-7.415055553669749	11.927880447131146
-4.258505048284175	-7.5486108470805995	11.92740953752534
-4.331965472214784	-7.684447905061736	11.929418243400168
-4.406815622839359	-7.822586122281106	11.933980887103786
-4.4830756362471975	-7.963043556265177	11.941174262859663
-4.560765587090534	-8.105836804833212	11.951077687162554
-4.6399054565784015	-8.250980876519739	11.963773047369624
-4.720515098256521	-8.398489053715169	11.979344848136147
-4.802614201459225	-8.548372748254211	11.997880255314087
-4.886222252316359	-8.700641349184776	12.019469136899069
-4.971358492194179	-8.85530206245293	12.044204100576088
-5.058041873447468	-9.012359742248147	12.072180527377876
-5.146291012356074	-9.171816713759476	12.103496600930782
-5.23612413911704	-9.333672587105426	12.138253331722385
-5.327559044761113	-9.497924062214171	12.176554575782314
-5.420613024861217	-9.664564724449116	12.21850704712339
-5.515302819897495	-9.833584830792836	12.264220323243112
-5.611644552145517	-10.004971086432281	12.313806842938451
-5.7096536589499065	-10.178706411609856	12.367381895635218
-5.80934482225115	-10.35476969864778	12.425063601384215
-5.910731894229312	-10.533135559082716	12.486972880621119
-6.013827818935624	-10.713774060901102	12.5532334127359
-6.118644549780962	-10.896650455907348	12.623971582440163
-6.225192962759691	-11.081724897323204	12.69931641286892
-6.333482765287678	-11.268952147771675	12.77939948429495
-6.443522400544685	-11.458281277878537	12.864354837282205
-6.555318947216144	-11.649655355797744	12.95431885904864
-6.668878014541544	-11.84301112805915	13.049430151758143
-6.784203632587145	-12.038278692231696	13.149829381410397
-6.901298137675941	-12.235381162004288	13.255659105951791
-7.020162052921203	-12.434234325398762	13.367063581185434
-7.140793963831539	-12.634746296961932	13.484188543023256
-7.263190388972662	-12.836817164915313	13.607180964588101
-7.387345645697705	-13.040338634395063	13.736188786652061
-7.513251710980422	-13.245193668068154	13.871360619877414
-7.640898077419555	-13.451256125589417	14.012845417325101
-7.770271604509979	-13.658390403537956	14.160792115695784
-7.901356365317326	-13.866451077673403	14.315349243792726
-8.034133488726846	-14.075282549548152	14.476664496723533
-8.168580997486643	-14.284718699736585	14.644884274415768
-8.304673642305568	-14.494582550155858	14.820153183083004
-8.442382732324248	-14.704685938197775	15.002613498377583
-8.581675962325674	-14.9148292056212	15.192404589071671
-8.722517237118257	-15.124800905413078	15.389662300257239
-8.864866493580719	-15.334377530067332	15.59451829521419
-9.008679520931752	-15.543323264994104	15.807099355301613
-9.15390777985408	-15.751389771018163	16.02752663745029
-9.300498221183153	-15.958316000183444	16.25591488910647
-9.448393104943897	-16.163828049315523	16.492371620768616
-9.597529820609086	-16.36763905603814	16.736996236609198
-9.747840709530832	-16.569449142147292	16.98987912404034
-9.899252890593942	-16.768945409457814	17.251100703515768
-10.051688090222424	-16.965801993400593	17.52073044031039
-10.205062477969506	-17.159680179802073	17.798825820534226
-10.359286509009552	-17.3502285903785	18.08543129417522
-10.514264774947783	-17.537083442547857	18.380577188561155
-10.669895864449844	-17.719868889169668	18.68427859624747
-10.82607223528979	-17.898197443788515	18.996534242014537
-10.982680099492452	-18.071670496839232	19.31732533433903
-11.139599323335908	-18.239878928102073	19.64661440744656
-11.296703344045683	-18.402403820426514	19.98434416078481
-11.45385910508483	-18.55881727940247	20.330436303533357
-11.610927011995086	-18.708683363210973	20.684790412527786
-11.767760910791937	-18.851559126347947	21.047282812752236
-11.924208090942516	-18.98699578026232	21.417765490301566
-12.080109314974472	-19.114539973194937	21.796065048455397
-12.235298876751102	-19.233735190622557	22.181981718175688
-12.389604690435032	-19.344123276730446	22.575288435000957
-12.542848412103071	-19.44524607621845	22.975729994842577
-12.694845595914337	-19.53664719453178	23.38302230168931
-12.845405886626697	-19.617873873267442	23.796851720570295
-12.994333250138851	-19.68847897607577	24.21687454939046
-13.14142624357221	-19.748023078840163	24.642716623330607
-13.286478326224879	-19.796076656308127	25.073973065453814
-13.429278212508173	-19.832222355666122	25.510208196906238
-13.569610267729425	-19.856057345826102	25.950955619673486
-13.707254947293094	-19.867195729438876	26.395718484177475
-13.841989279586802	-19.865271002902162	26.843969953154545
-13.973587392462122	-19.849938547908096	27.295153872116014
-14.10182108285178	-19.820878136415608	27.74868565536943
-14.22646042865489	-19.777796429365353	28.203953394966653
-14.34727444160038	-19.720429448016432	28.66031919813563
-14.464031759346469	-19.648544995510953	29.1171207566766
-14.57650137461318	-19.561945005200787	29.57367314953348
-14.684453398669149	-19.460467791438415	30.029270877267198
-14.78765985601727	-19.34399017797203	30.483190124514426
-14.88589550664179	-19.21242947883541	30.934691243699806
-14.978938691715744	-19.065745306700936	31.383021450386707
-15.066572198210768	-18.90394118411035	31.82741771766629
-15.148584137424209	-18.727065933818814	32.267109854005625
-15.224768832039826	-18.535214825705683	32.70132374601619
-15.29492770598167	-18.32853045931861	33.12928474474373
-15.358870171009004	-18.107203363132346	33.55022117135095
-15.416414503746806	-17.871472293995254	33.96336791555818
-15.467388706650215	-17.62162422300805	34.36797009792921
-15.511631346280017	-17.35799399716478	34.76328676517074
-15.548992362211141	-17.08096366949659	35.14859458600961
-15.579333839926633	-16.790961494090027	35.52319151407492
-15.602530741155144	-16.488460586205612	35.88640038348173
-15.618471585302965	-16.17397725168882	36.23757240260274
-15.62705907590584	-15.848068993910344	36.57609051179258
-15.628210666383154	-15.511332210504463	36.90137257163807
-15.621859059813698	-15.164399596132196	37.21287434963143
-15.607952637964466	-14.807937271290841	37.51009227500757
-15.586455815385138	-14.442641660763508	37.79256593381455
-15.557349315024396	-14.069236148573049	38.05988027907268
-15.520630362521455	-13.688467539213086	38.311667534077806
-15.476312797066575	-13.30110235740955	38.5476087704652
-15.424427097498548	-12.90792302068502	38.76743514650259
-15.365020323101593	-12.50972392049227	38.97092879516804
-15.298155969370143	-12.107307448657153	39.157923355796896
-15.223913739810529	-11.701480006265454	39.32830414739707
-15.142389235637973	-11.293048031990805	39.48200798602725
-15.053693565986302	-10.882814086145844	39.61902265285604
-14.957952881972185	-10.471573025514417	39.73938602357289
-14.855307838630107	-10.06010830228833	39.843184873647765
-14.74591298935118	-9.649188418242447	39.93055337746466
-14.629936118010713	-9.239563562690705	40.00167132252761
-14.507557514448278	-8.831962459823263	40.05676206271112
-14.378969199364068	-8.427089447797623	40.0960902368623
-14.244374105015913	-8.025621808520404	40.11995928093084
-14.103985218335131	-7.628207363464099	40.12870876319306
-13.958024693231454	-7.235462347203661	40.122711573039965
-13.80672293892356	-6.847969566683072	40.10237099422443
-13.650317691119392	-6.466276850610621	40.06811769342403
-13.489053072776372	-6.090895789876674	40.02040665449839
-13.323178651011961	-5.722300766571145	39.95971408793666
-13.152948496498839	-5.360928266055647	39.886534343738006
-12.978620251392517	-5.007176463706265	39.80137685439348
-12.80045421149316	-4.6614050753763685	39.7047631327856
-12.618712427955543	-4.323935458384914	39.59722384774424
-12.43365783343261	-3.9950509479135525	39.479295997742355
-12.245553397090026	-3.6749974121288496	39.35152020084012
-12.05466131244172	-3.363984008082278	39.21443811652345
-11.861242221482728	-3.062184119557783	39.068590012607004
-11.66555447808572	-2.7697364574185013	38.91451248788871
-11.467853453146935	-2.4867463027372825	38.752736358830454
-11.268390883470946	-2.213286872970496	38.583784716196234
-11.067414265921759	-1.9494007916984704	38.40817115536752
-10.865166297901041	-1.6951016429143229	38.226398181965244
-10.661884364795855	-1.4503755915377163	38.03895579249791
-10.457800074619902	-1.2151830526593728	37.84632022799703
-10.253138839706295	-0.9894603930232347	37.64895289704694
-10.048119504954796	-0.7731216493402744	37.447299463232305
-9.842954021833126	-0.5660602492219622	37.24178909085189
-9.637847167040588	-0.3681507217485982	37.032833841739354
-9.432996304508068	-0.17925038597411877	36.820828215231025
-9.228591189185298	0.0007989930573924508	36.606148822672466
-9.024813810893727	0.17216958992458872	36.38915418739122
-8.821838276368213	0.3350459539679611	36.170184660738244
-8.619830727499359	0.4896235006359414	35.949562444630715
-8.418949293691366	0.6361070645675599	35.72759171097234
-8.219344076191678	0.7747095188422662	35.504558808396354
-8.021157162206983	0.9056504638050291	35.280732546937294
-7.824522666608085	1.029154987922555	35.05636455149171
-7.629566799021888	1.1454525022617392	34.83168967524057
-7.436407954140708	1.2547756493852371	34.60692646459813
-7.245156823109797	1.357359286755934	34.38227766767214
-7.0559165239075705	1.4534395441126655	34.15793077868616
-6.868782748697571	1.5432529537293047	33.93405861130571
-6.683843926203895	1.6270356519953686	33.7108198943153
-6.5011813972415124	1.7050226503541686	33.488359883605014
-6.320869601622211	1.777447173298108	33.266810984942325
-6.142976274749022	1.8445400608481888	33.046293382513326
-5.967562652306179	1.906529232730421	32.82691566871409
-5.7946836815501	1.9636392112993393	32.60877547115629
-5.62438823780658	2.0160907001441295	32.391960073316504
-5.4567193448739175	2.064100215242588	32.17654702569559
-5.291714398135745	2.1078797654923047	31.962604744780823
-5.129405389273544	2.1476365794508796	31.750193097483706
-4.969819131572327	2.1835728751421635	31.539363969105583
-4.8129774848947005	2.215885669840812	31.330161813210896
-4.65889757949101	2.244766626819356	31.122624182107106
-4.507592037892993	2.2704019361333736	30.916782236910752
-4.3590691942204245	2.292972226624005	30.712661236441793
-4.213333310302438	2.312652506432634	30.51028100441799
-4.070384788090034	2.329612129445069	30.309656374635768
-3.930220377897624	2.3440147852122046	30.11079761400281
-3.792833382079462	2.356018510025834	29.913710823459713
-3.6582138537993614	2.3657757169632445	29.718398316964112
-3.526348790611333	2.373433242848202	29.524858978842673
-3.397222322612503	2.3791324102098503	29.333088599914472
-3.2708158949812196	2.3830091024517444	29.143080192887883
-3.1471084447507223	2.3851938505715498	28.954824287601834
-3.0260765717092126	2.385811929895828	28.768309206747155
-2.9076947033505744	2.384983465413879	28.5835213227506
-2.7919352538336097	2.3828235444091193	28.400445296545733
-2.678768776931726	2.379442335195664	28.21906429897606
-2.568164112985685	2.374945210871448	28.039360215603146
-2.460088529889124	2.369432877097071	27.861313835695086
-2.3545078581615115	2.3630015030019087	27.684905026182673
-2.2513866201762065	2.3557428544053263	27.510112891361544
-2.1506881536304805	2.3477444286218425	27.33691591911772
-2.0523747293548507	2.3390895901942184	27.1652921144378
-1.9564076635728194	2.3298577069685398	26.99521912095393
-1.8627474247291687	2.32012428598986	26.82667433125046
-1.7713537350160993	2.3099611087569807	26.659634986643777
-1.682185666730555	2.2994363654296937	26.494078267119004
-1.5952017336033757	2.2886147876324774	26.329981372086063
-1.5103599772437102	2.277557779544678	26.167321592589193
-1.427618048846593	2.2663235470095375	26.006076375579728
-1.3469332863125147	2.2549672244326824	25.846223380832267
-1.2682627869307355	2.2435409992757536	25.687740531059887
-1.1915634757765303	2.232094233982144	25.530606055752216
-1.1167921699750962	2.2206735852006854	25.374798529237925
-1.043905638981743	2.2093231201984795	25.220296903441266
-0.9728606610287637	2.1980844303774068	25.067080535779592
-0.9036140758862029	2.1869967418292666	24.915129212619632
-0.8361228340833526	2.1760970228832064	24.76442316868841
-0.7703440427332201	2.16542008861514	24.614943102805395
-0.7062350081024827	2.154998702303867	24.46667019028517
-0.6437532750635974	2.144863673830986	24.319586092330535
-0.5828566635647272	2.13504395503333	24.173672962718758
-0.5235033022491778	2.1255667320264373	24.028913452061165
-0.46565165935232605	2.1164575145261515	23.88529070989556
-0.40926057100120145	2.10774022220304	23.742788384853444
-0.3542892670379757	2.099437268110687	23.601390623125287
-0.30069739448469085	2.0915696392343976	23.46108206542914
-0.2484450387638887	2.0841569742116652	23.321847842674288
-0.19749274278463666	2.077217638279425	23.183673570492477
-0.14780152400174668	2.0707687955066696	23.04654534280012
-0.09933288955014347	2.0648264783733095	22.910449724535557
-0.05204884955474473	2.0594056547585566	22.775373743708318
-0.005911928711090903	2.0545202924035273	22.6413048828812
0.039114823770454846	2.0501834209140997	22.50823107019819
0.08306782576833745	2.046407191370819	22.376140670058767
0.1259829553156831	2.0432029336131774	22.245022473530767
0.16789554504644566	2.0405812112657995	22.114865688584267
0.20884037794258178	2.038551874574051	21.9856599302224
0.24885168430717078	2.0371241111162766	21.85739521057451
0.28796313989041294	2.03630649445948	21.7300619290133
0.32620786509940036	2.036107030824588	21.603650862348466
0.3636184252248546	2.036533203826716	21.47815315514524
0.40022683162142964	2.037592017354933	21.353560310209243
0.4360645437803886	2.0392900366550535	21.229864179275904
0.4711624722369132	2.041633427677886	21.107056953935622
0.5055509822561115	2.0446279947542165	20.98513115682452
0.539259898245114	2.048279216656591	20.864079633104062
0.5723185088402921	2.0525922811066564	20.743895542252332
0.6047555726219634	2.0575721177855644	20.624572350183186
0.6365993244102492	2.0632234299035166	20.50610382171031
0.6678774820988205	2.06955072438324	20.388484013367606
0.698617253984715	2.0765583407106987	20.27170726659757
0.728845346555095	2.084250478505041	20.15576820131509
0.7585879726931883	2.0926312238582545	20.040661709854504
0.7878708602681125	2.101704574493696	19.926382951304156
0.8167192610746385	2.111474463791114	19.81292734623327
0.8451579600912589	2.1219447837245378	19.700290571812474
0.8732112850258731	2.1331194067577424	19.588468557331375
0.9009031161209334	2.145002206740892	19.47745748011209
0.9282568961905964	2.1575970788502703	19.36725376182034
0.9552956408646214	2.170907958611881	19.257854065172303
0.9820419490146132	2.184938840048083	19.149255291037264
1.008518013340106	2.19969379298529	19.04145457593364
1.0347456310927732	2.215176979559184	18.934449289917715
1.0607462149188498	2.231392669952796	18.828237034862127
1.0865408038005409	2.2483452574012497	18.722815643122974
1.1121500740787007	2.2660392724958323	18.618183176593046
1.1375943505399193	2.2844793968186243	18.514337926139497
1.1628936175524316	2.303670475937798	18.41127841142357
1.1880675302359436	2.3236175317922187	18.30900338110119
1.2131354256517024	2.3443257744929222	18.20751181340244
1.2381163339998253	2.3658006135676595	18.106802917088814
1.2630289898118578	2.388047668673549	18.006876132787045
1.287891843127245	2.411072779801595	17.90773113469898
1.3127230706433053	2.4348820169957315	17.809367832686664
1.337540586828722	2.4594816896076184	17.71178637473327
1.362362054991608	2.4848783551075413	17.614987149779555
1.3872048982934502	2.51107882747024	17.518970790937313
1.4120863107012396	2.5380901851536883	17.423738179080125
1.4370232678701431	2.565919778687212	17.329290446814216
1.4620325379501011	2.594575237884619	17.235628982830583
1.4871306923098013	2.624064478696488	17.142755436641608
1.512334116172202	2.6543957097148443	17.050671723704923
1.5376590191559918	2.685577438342088	16.959380030938302
1.5631214457178622	2.7176184766350056	16.86888282262959
1.588737285490686	2.7505279468333526	16.779182846746515
1.6145222835132005	2.784315286581582	16.690283141651033
1.6404920503467826	2.818990253850723	16.60218704322444
1.6666620720754375	2.8545629315665995	16.514898192408836
1.6930477201850322	2.891043731948982	16.42842054317219
1.7196642613183069	2.928443400565436	16.342758370903567
1.7465268669019702	2.966773020101907	16.257916281246878
1.7736506226426856	3.00604401385134	16.173899219380747
1.8010505378884685	3.0462681489198085	16.090712479753734
1.8287415548524049	3.087457539148818	16.008361716283655
1.8567385576952922	3.1296246477505836	15.926852953031192
1.885056381464149	3.1727822896522806	15.846192595357394
1.9137098208831196	3.2169436335432504	15.766387441576356
1.9427136389936495	3.262122203618351	15.687444695113436
1.972082575640209	3.308331881008389	15.609371977181429
2.0018313557983007	3.3555869048879705	15.532177339985695
2.0319746977407407	3.40390187324861	15.455869280471433
2.062527321038482	3.4532917433240704	15.380456754625238
2.093503954391696	3.5037718316527213	15.305949192344462
2.1249193432867792	3.555357813760286	15.232356512887533
2.1567882574745143	3.608065723444379	15.159689140919184
2.1891254982644983	3.661911951640631	15.087958023164266
2.2219459056302617	3.71691324484786	15.017174645684813
2.2552643651195248	3.773086703088326	14.9473510517943
2.289095814563181	3.830449777376431	14.878499860624103
2.323455250576561	3.889020266667742	14.810634286356368
2.3583577348455966	3.9488163142572956	14.743768158138403
2.3938184001904146	4.0098564035945925	14.677915940692792
2.429852456397838	4.07215935347947	14.613092755638274
2.466475195814137	4.135744312601414	14.549314403535314
2.5037019986882414	4.200630753381444	14.486597386670876
2.5415483382553403	4.266838465073736	14.424958932595935
2.5800297855496646	4.33438754608071	14.364417018429318
2.619162013934851	4.403298395433079	14.304990395940397
2.658960803338984	4.473591703382495	14.246698617423133
2.699442044181037	4.545288441052267	14.189562062372417
2.7406217409738822	4.618409849087209	14.133601964973622
2.782516015588764	4.692977425241587	14.078840442414151
2.8251411101643398	4.769012910839333	14.02530052402552
2.8685133896429647	4.846538276038185	13.973006181262233
2.912649343915023	4.925575703824414	13.921982358522966
2.957565589551726	5.0061475726623526	13.872255004816616
3.0032788711046825	5.0882764377174245	13.823851106274837
3.0498060619498815	5.171985010568375	13.776798719509502
3.0971641646517325	5.2572961373190585	13.731127005811553
3.1453703108219395	5.344232775016756	13.686866266184273
3.194441760445852	5.432817966278375	13.644047977201364
3.244395900647898	5.5230748120221556	13.6027048276761
3.295250243865426	5.615026442196679	13.5628707561246
3.347022425399257	5.708695984395261	13.524580989001198
3.3997302003064984	5.804106530237118	13.487872079680082
3.4533914396004284	5.9012810993936755	13.452781948151221
3.50802412571913	6.00024260113099	13.419349921393891
3.5636463472235747	6.101013793235933	13.387616774384218
3.6202762926827563	6.203617238186639	13.357624771687053
3.677932243702312	6.308075256424204	13.329417709574647
3.7366325670498477	6.41440987657549	13.303040958607182
3.7963957058288433	6.522642782473335	13.27854150660118
3.8572401696494905	6.632795256813072	13.255968001903007
3.919184523743747	6.744888121281636	13.235370796874117
3.9822473769680644	6.8589416729879815	13.216801991484322
4.046447368635774	6.974975617020712	13.2003154768974
4.11180315411756	7.093008994952336	13.185966978921028
4.178333389146836	7.213060109107182	13.173814101179333
4.246056712763046	7.335146442403847	13.163916367852114
4.314991728824363	7.459284573581626	13.156335265809131
4.3851569860173445	7.585490087615052	13.151134285951521
4.456570956289703	7.71377748112055	13.1483789635545
4.529252011628283	7.844160062554918	13.148136917387001
4.603218399102881	7.97664984700646	13.150477887363623
4.678488214092795	8.111257445377438	13.15547377046322
4.755079371611617	8.247991947759559	13.163198654625873
4.833009575642173	8.386860800804046	13.173728850316198
4.912296286391922	8.527869678892753	13.18714291941584
4.992956685376373	8.671022348920431	13.203521701081495
5.075007638236672	8.816320528505925	13.222948334177078
5.158465655194651	8.963763737456457	13.245508275859272
5.2433468490485176	9.11334914232209	13.271289315865609
5.3296668906091025	9.265071393886481	13.300381586021865
5.417440961477625	9.418922457458569	13.332877564453037
5.50668370406332	9.574891435843961	13.368872073947275
5.597409168741551	9.732964384899661	13.408462273887567
5.689630758049845	9.893124121593555	13.451747645128208
5.783361167824413	10.055350024524664	13.498829967157349
5.87861232517694	10.219617826884086	13.549813286847042
5.975395323217421	10.385899401878167	13.604803878055206
6.0737203524280705	10.554162540668816	13.66391019130303
6.173596628601107	10.724370722937042	13.72724279271427
6.275032317253617	10.896482880217755	13.794914291361486
6.3780344544429415	11.07045315221638	13.867039254128471
6.482608863908682	11.24623063637106	13.943734107157965
6.588760070479131	11.423759130996972	14.025117022919899
6.696491209687006	11.602976872418042	14.111307791899565
6.805803933551125	11.783816266572527	14.202427677873729
6.916698312494845	11.966203615668094	14.298599255715368
7.029172733381593	12.15005884054821	14.399946230638806
7.1432237936712415	12.335295199545014	14.506593237782713
7.25884619171049	12.521819004688542	14.618665621005924
7.376032613198737	12.709529336272436	14.73628918976948
7.494773613886533	12.898317756889654	14.859589952970687
7.615057498592895	13.08806802619141	14.988693828606044
7.736870196652136	13.278655817758043	15.123726328153563
7.860195133931614	13.469948439619635	15.264812214593142
7.985013101593836	13.661804560118155	15.412075133022366
8.111302121811045	13.854073940963378	15.565637212877137
8.239037310678487	14.046597179502086	15.725618640833687
8.368190738613595	14.2392054623926	15.8921372035525
8.498731288570223	14.431720333050274	16.065307799523097
8.63062451244718	14.623953475414034	16.245241919393635
8.763832486114042	14.81570651675609	16.432047094302344
8.898313663536632	15.006770852447898	16.62582631190033
9.034022730532927	15.196927495763696	16.826677399932635
9.170910458752699	15.385946955984036	17.03469237746249
9.308923560531095	15.57358914822393	17.24995677405647
9.44800454533252	15.75960333857283	17.47254891751862
9.588091578559796	15.943728128270385	17.70253919104536
9.729118343577435	16.12569148078109	17.939989261006914
9.871013907855765	16.305210795727078	18.184951276896356
10.013702594219737	16.481993033735357	18.437467045382068
10.157103858244996	16.655734896300356	18.69756718079151
10.301132172920221	16.82612306479826	18.965270234805224
10.44569692175092	16.99283450276364	19.240581808583926
10.590702301552737	17.155536825494476	19.52349365105274
10.736047236234592	17.313888740938328	19.813982747557482
10.8816253029359	17.467540565665857	20.11201040364541
11.027324671925907	17.61613481951678	20.417521329245794
11.173028061725013	17.759306902236677	20.73044272908462
11.318612710936977	17.896685855073404	21.05068340569916
11.463950368318148	18.02789520989986	21.378132881980314
11.608907302616768	18.152553927933436	21.71266055067884
11.753344333731459	18.270277429569795	22.054114858844045
11.897116886720886	18.380678716198105	22.40232253562198
12.040075070182606	18.483369584150502	22.75708787229874
12.182063780472335	18.577961930130147	23.118192063842788
12.322922833186517	18.664069146588716	23.485392621543745
12.462487123249417	18.741307604563932	23.858422866578724
12.600586814856209	18.809298220466072	24.236991514513143
12.737047562402203	18.86766810220974	24.62078236079236
12.871690763397098	18.916052268945972	25.009454077250464
13.004333844194608	18.9540954374558	25.402640129468654
13.134790579192055	18.98145386704782	25.79994882453111
13.262871443942496	18.997797253559636	26.200963498260357
13.388384002397128	19.002810661823133	26.60524285042402
13.5111333282406	18.996196484728664	27.01232143563063
13.630922460015878	18.977676415837493	27.421710316726422
13.747552889437008	18.946993421364347	27.832897886392328
13.860825081987045	18.903913696307352	28.245350861410945
13.970539028568119	18.848228588564908	28.658515452636976
14.076494826641323	18.779756474070112	29.071818712159683
14.178493288944736	18.6983445653219	29.48467005742039
14.276336577532431	18.603870635216392	29.89646297022698
14.369828860526324	18.49624463780853	30.30657686666148
14.458776988628506	18.375410207580074	30.714379131856454
14.542991188102993	18.241346018978504	31.119227311522607
14.622285766617015	18.09406698842728	31.520471450012106
14.696479828025648	17.933625301716827	31.917456562576877
14.765397991909424	17.760111250656095	32.3095252274266
14.828871113424404	17.573653864117105	32.69602028118257
14.886736998815397	17.374421320115935	33.07628759945625
14.93884111176841	17.162621127359742	33.44967894252957
14.985037265657484	16.93850006669647	33.815554844600925
15.025188296660046	16.70234388516276	34.173287523713945
15.059166712695117	16.454476737754707	34.52226378844964
15.08685531316911	16.195260374657533	34.86188791667901
15.108147774604731	15.925093074400358	35.191584481220055
15.122949197376968	15.644408326221994	35.51080109711696
15.13117660898824	15.353673267786128	35.819011065491054
15.132759419579315	15.053386887251694	36.11571588947568
15.127639825695445	14.744078001478707	36.40044763870887
15.115773158700486	14.426303024865149	36.672771140117376
15.097128174655987	14.100643545827676	36.93228597436915
15.071687282949739	13.767703730295938	37.17862825928865
15.03944671146359	13.428107573664766	37.41147220376813
15.000416606609054	13.082496024484861	37.63053141816141
14.954621067119264	12.73152400464151	37.835559969850095
14.902098111067055	12.37585735195427	38.02635317550016
14.842899576163338	12.016169711891994	38.20274812451157
14.777090953980242	11.653139405535054	38.364623931180326
14.704751159320681	11.287446300930565	38.511901716148735
14.625972236521626	10.919768714654145	38.64454432071887
14.54085900501556	10.550780369663746	38.76255576052803
14.449528646986325	10.18114743448361	38.86598042785803
14.352110240420537	9.811525667341211	38.954902054456134
14.248744241289145	9.442557687226113	39.02944244911041
14.139581918963668	9.074870391864513	39.08976002634971
14.024784749301949	8.709072540465998	39.13604814446462
13.90452377010212	8.34575251674555	39.16853327257594
13.778978903835196	7.985476285264788	39.18747300768012
13.64833825271552	7.628785551580331	39.19315396347771
13.512797371259593	7.276196134099799	39.1858895533365
13.372558521513804	6.92819655295663	39.16601768996253
13.227829916110556	6.5852468386883825	39.13389842426191
13.078824954228352	6.247777561040381	39.08991154549041
12.925761455407084	5.916189075900934	39.03445416412993
12.768860895989816	5.59085098618845	38.96793829802515
12.608347652748012	5.272101810519627	38.89078848119136
12.44444825798933	4.960248851680773	38.803439413394585
12.277390670165499	4.655568255346527	38.706333667144
12.107403563682139	4.358305248119863	38.59991946715276
11.934715641281056	4.0686745428364475	38.48464855565392
11.759554972019911	3.786860898176011	38.360974155234885
11.582148357514875	3.513019818941746	38.22934903910375
11.402720728750515	3.2472783829113596	38.09022371695658
11.22149457540291	2.9897361799174376	37.944044742902875
11.038689409257257	2.7404663487468945	37.791253150239896
10.854521262964132	2.499516697588421	37.63228301628757
10.669202225030162	2.2669108940226326	37.467560158989926
10.4829400116279	2.042649710989999	37.297500965604
10.29593757549716	1.8267123157086331	37.12251135251225
10.108392751936092	1.6190575891791443	36.942985854047265
9.920497941606268	1.4196254646367723	36.75930683717893
9.732439829648673	1.2283382741288038	36.5718438380262
9.544399140378907	1.0451020932326711	36.38095301537389
9.356550426649333	0.8698080748260186	36.186976715743086
9.169061892783924	0.7023337637055242	35.99024314402899
8.982095249859317	0.5425443847659336	35.79106613332908
8.795805601970239	0.3902940983300471	35.58974500727617
8.610341362026737	0.24542721710058094	35.38656452800804
8.425844195542558	0.10777938003867363	35.18179492279673
8.242448990822258	-0.022821320715739536	34.975691982353744
8.060283853901527	-0.14655326301496266	34.76849722387392
7.879470126584545	-0.2636002703764784	34.56043811202195
7.700122425898318	-0.37415064191843245	34.351728331230284
7.522348703301069	-0.4783962377024646	34.14256810292133
7.34625032199112	-0.5765316200821238	33.93314454152661
7.171922150694846	-0.668753251155228	33.72363204348097
6.999452672349849	-0.7552587459760488	33.51419270369442
6.828924106145519	-0.8362461807933965	33.30497675434648
6.660412541435876	-0.9119134552419512	33.096123021201485
6.493988082102257	-0.9824577071223021	32.887759393007784
6.3297150000004185	-1.0480747781639574	32.68000329989688
6.167651896201749	-1.1089587289606129	32.472962197066764
6.007851868800855	-1.1653014011086873	32.26673405037627
5.850362686138827	-1.217292024452827	32.06140782082646
5.695226964358102	-1.2651168672525692	31.857063945227402
5.542482348282236	-1.3089589270208288	31.65377481067097
5.392161694681682	-1.3489976597514788	31.451605220724453
5.244293257059241	-1.385408745241456	31.250612851545096
5.0989008711565225	-1.4183638862228418	31.05084869637853
4.956004140452681	-1.4480306390472026	30.85235749715446
4.81561862098678	-1.4745722737084628	30.655178162114797
4.677756004902724	-1.498147661044943	30.459344168626426
4.542424302171565	-1.5189111850283477	30.26488395051769
4.409628020005442	-1.5370126781216884	30.071821269455707
4.27936833952922	-1.5525973777699429	29.880175570036364
4.151643289328254	-1.565805902173383	29.68996231840214
4.026447915537923	-1.576774243583557	29.501193324327954
3.9037744481855037	-1.5856337774539693	29.31387704682665
3.783612463536776	-1.5925112858706636	29.128018883423263
3.6659490422386263	-1.5975289937811057	28.943621443331878
3.5507689230844814	-1.600804616632166	28.760684804841123
3.4380546522636872	-1.602451418118827	28.57920675727779
3.3277867279849294	-1.6025782768340768	28.39918302796731
3.219943740392814	-1.6012897606965446	28.22060749465411
3.114502506721386	-1.5986862081156057	28.043472383877525
3.0114382016533465	-1.5948638149336167	27.867768455828596
2.9107244828704237	-1.5899147262612006	27.693485176225668
2.812333611805092	-1.5839271323943351	27.520610875770238
2.716236569614808	-1.5769853680707795	27.34913289774272
2.62240316841937	-1.5691700143886442	27.179037734308768
2.530802157852606	-1.5605580027711203	27.01031115210129
2.4414013269925223	-1.5512227204189928	26.84293830764106
2.3541676017439137	-1.5412341167463839	26.676903853150556
2.269067137756831	-1.5306588103454797	26.512192033306555
2.1860654089704608	-1.5195601960725627	26.348786773461722
2.1051272918805966	-1.507998551891283	26.18667175985526
2.026217145632053	-1.4960311451489834	26.02583051231258
1.9492988880439628	-1.4837123379992199	25.866246449921135
1.8743360676772454	-1.4710936917174455	25.70790295014708
1.801291932058451	-1.4582240696884854	25.550783401843276
1.7301294921745543	-1.445149738872933	25.394871252576422
1.6608115833558814	-1.4319144695860673	25.240150050684356
1.5933009226640038	-1.4185596334466761	25.086603482452478
1.5275601629033635	-1.4051242993753095	24.93421540478239
1.4635519433730375	-1.3916453275408933	24.782969873701656
1.4012389374770833	-1.3781574611731202	24.632851169050486
1.340583897308407	-1.3646934161737634	24.483843815656513
1.2815496953219734	-1.3512839684751397	24.335932601295713
1.2240993632101305	-1.3379580391068067	24.189102591716043
1.1681961280921336	-1.324742776943633	24.04333914298596
1.1138034461270276	-1.3116636391187317	23.898627911410927
1.060885033658124	-1.2987444690944647	23.754954861248283
1.009404895993455	-1.2860075723927409	23.61230627043144
0.9593273539257997	-1.2734737899936401	23.47066873450405
0.9106170680918807	-1.2611625694175925	23.330029168946787
0.8632390612690972	-1.2490920335124378	23.190374810069887
0.8171587387043	-1.2372790469714259	23.051693214628504
0.7723419065673057	-1.2257392806128204	22.913972258308533
0.728754788618538	-1.2144872734554193	22.777200133217487
0.6863640411778983	-1.2035364926276622	22.641365344505726
0.6451367664787517	-1.192899391150654	22.506456706231813
0.605040524488552	-1.182587463637858	22.37246333657748
0.5660433432746744	-1.1726112999560867	22.239374652508083
0.5281137279913509	-1.1629806368940259	22.10718036396622
0.49122066856103813	-1.1537044078858083	21.975870467678714
0.4553336461207564	-1.1447907908381147	21.845435240649564
0.4204226383011662	-1.1362472541099602	21.71586523340386
0.38645812340418434	-1.1280806006949855	21.587151263043705
0.35341108354167633	-1.1202970106561874	21.459284406168504
0.3212530067957409	-1.1129020818632587	21.332255991708223
0.2899558884586084	-1.105900869082659	21.206057593712895
0.2594922314078005	-1.0992979214703569	21.080681024136947
0.2298350456696579	-1.0930973185168391	20.95611832565171
0.20095784722267124	-1.08730270449371	20.832361764517792
0.17283465608912102	-1.08191732145054	20.709403823542434
0.1454399937620764	-1.0769440408101858	20.587237195146326
0.11874888001222006	-1.0723853936100565	20.46585477455923
0.09273682911734517	-1.068243599436155	20.345249653162607
0.06737984555507917	-1.0645205940958993	20.22541511199345
0.04265441919785996	-1.061218056074987	20.106344615422756
0.018537520046963334	-1.0583374318226495	19.988031805018306
-0.004993407458960634	-1.0558799599088307	19.870470493601427
-0.027960450527551462	-1.0538466940958648	19.75365465950363
-0.05038523445650162	-1.0522385253663582	19.637578441029707
-0.0722889294073838	-1.051056202947992	19.52223613113026
-0.09369225748058338	-1.0503003543750582	19.40762217228772
-0.1146155000643018	-1.0499715046255467	19.293731151616655
-0.13507850543170116	-1.050070094371664	19.180557796179894
-0.15510069656182748	-1.0505964973806854	19.068096968520244
-0.1747010791611671	-1.051551037102084	18.956343662407406
-0.19389824986412357	-1.0529340024759235	18.845292998798325
-0.2127104045917163	-1.0547456629965322	18.73494022200979
-0.23115534704923257	-1.0569862830645453	18.62528069610037
-0.2492504973444804	-1.0596561356594467	18.51630990145954
-0.2670129007095484	-1.0627555153638188	18.408023431600718
-0.2844592363098899	-1.0662847507695847	18.300416990155384
-0.3016058261256832	-1.0702442162956198	18.193486388064553
-0.31846864389129764	-1.0746343434452195	18.087227540964268
-0.33506332407965594	-1.0794556315310273	17.98163646676137
-0.3514051709191005	-1.0847086578941427	17.876709283396288
-0.36750916743136475	-1.0903940876433134	17.772442206788593
-0.38338998447985034	-1.0965126829392315	17.66883154896237
-0.3990619898184198	-1.1030653118481932	17.565873716347088
-0.4145392571313992	-1.110052956788495	17.46356520825134
-0.42983557505645714	-1.1174767225922564	17.361902615505134
-0.4449644561824278	-1.1253378442044666	17.260882619268408
-0.4599391460150354	-1.1336376940404174	17.16050199000187
-0.4747726319038846	-1.142377789021842	17.06075758659784
-0.48947765192481973	-1.1515597973114453	16.96164635566787
-0.5040667037121676	-1.1611855447647215	16.863165330985023
-0.5185520532360656	-1.1712570211173683	16.765311633077886
-0.5329457435203709	-1.1817763859258055	16.668082468974934
-0.5472596032973445	-1.19274597427779	16.57147513209658
-0.561505255595572	-1.204168302289371	16.47548700229371
-0.5756941262581159	-1.21604607240387	16.380115546031025
-0.5898374523882081	-1.2283821785078974	16.285358316714312
-0.6039462907203178	-1.2411797108789455	16.191212955160122
-0.6180315259145636	-1.2544419609783275	16.097677190208014
-0.6321038787730643	-1.26817242610292	16.004748839473905
-0.6461739143768295	-1.2823748139083353	15.912425810245457
-0.6602520501423742	-1.2970530468158747	15.820706100518775
-0.6743485637973163	-1.3122112663148942	15.729587800177322
-0.688473601274633	-1.327853837171854	15.639069092313353
-0.7026371845253447	-1.3439853515566724	15.549148254693273
-0.7168492192498346	-1.3606106330967265	15.459823661367459
-0.7311195025479609	-1.3777347408680893	15.37109378442695
-0.7454577304885973	-1.3953629733334296	15.282957195908025
-0.7598735055992168	-1.4135008722353128	15.195412569847239
-0.7743763442764218	-1.4321542264533316	15.108458684489076
-0.7889756841184011	-1.45132907583296	15.022094424649218
-0.80368089118056	-1.4710317149937355	14.936318784235972
-0.8185012671555364	-1.491268697123759	14.851130868933714
-0.8334460564791237	-1.5120468377673053	14.766529899051468
-0.8485244533635514	-1.5333732186117053	14.682515212541055
-0.863745608759847	-1.5552551912794863	14.599086268188579
-0.879118637250928	-1.5777003811311308	14.516242648984313
-0.8946526238772904	-1.600716691083609	14.433984065675592
-0.9103566308970935	-1.624312305449267	14.352310360508287
-0.9262397044826739	-1.6484956937994943	14.271221511162047
-0.9423108813553308	-1.6732756148568722	14.190717634885873
-0.9585791953605243	-1.6986611204194757	14.110798992839785
-0.9750536839854103	-1.7246615593202541	14.03146599464981
-0.9917433948208956	-1.7512865814243717	13.952719203182847
-1.0086573919701358	-1.7785461416665667	13.874559339549533
-1.0258047624056916	-1.8064505041306398	13.796987288342299
-1.043194622277279	-1.8350102461723365	13.720004103117466
-1.060836123172257	-1.8642362625868052	13.643611012129709
-1.078738458330778	-1.8941397698211002	13.567809424328244
-1.0969108688176632	-1.9247323102320035	13.492600935624104
-1.1153626496528637	-1.9560257563887384	13.417987335438708
-1.1341031559024441	-1.9880323154198807	13.343970613544034
-1.1531418087318606	-2.0207645334031237	13.270552967205461
-1.172488101423329	-2.0542352997962006	13.197736808638535
-1.1921516053588745	-2.0884578519065253	13.12552477279183
-1.2121419759707015	-2.1234457793968358	13.053919725468067
-1.2324689586602768	-2.1592130288232516	12.982924771796704
-1.2531423946875575	-2.195773908201873	12.912543265071205
-1.274172227031506	-2.2331430915990964	12.8427788159653
-1.2955685062230364	-2.271335623740435	12.773635302142669
-1.317341396151313	-2.310366924631763	12.70511687827528
-1.3395011798442091	-2.3502527941863205	12.637227986486073
-1.362058265223466	-2.391009416849811	12.569973367232567
-1.385023190835086	-2.4326533662154954	12.503358070648037
-1.408406631555028	-2.4752016096198157	12.437387468358327
-1.4322194042703937	-2.5186715127088046	12.372067265792035
-1.456472473535705	-2.5630808439639416	12.307403515003449
-1.4811769572039446	-2.608447779175665	12.24340262802745
-1.5063441320314905	-2.6547909058512054	12.180071390786951
-1.5319854392560552	-2.702129227542738	12.117416977573486
-1.5581124901461836	-2.7504821680801976	12.055446966122872
-1.58473707152078	-2.7998695756922567	11.994169353308035
-1.6118711512365569	-2.8503117269972242	11.93359257147226
-1.6395268836411874	-2.9018293308446275	11.873725505426359
-1.6677166149892344	-2.954443531986179	11.814577510134573
-1.69645288881791	-3.0081759145539455	11.756158429113944
-1.725748451278858	-3.063048505321064	11.698478613573482
-1.7556162564220241	-3.1190837767191972	11.641548942319368
-1.7860694714269318	-3.1763046495845497	11.585380842453768
-1.8171214817763492	-3.234734495602626	11.529986310894959
-1.8487858963665424	-3.2943971394193476	11.475377936747716
-1.8810765525479605	-3.3553168603843484	11.421568924552904
-1.9140075210893135	-3.4175183938894147	11.3685731184465
-1.9475931110574993	-3.481026932262814	11.316405027258313
-1.981847874604998	-3.5458681251773383	11.265079850581584
-2.0167866116557187	-3.612068079527305	11.214613505844873
-2.0524243744792092	-3.6796533587262177	11.165022656418463
-2.0887764721426514	-3.7486509813743467	11.116324740787343
-2.125858474828725	-3.819088419241276	11.068538002823834
-2.163686218006848	-3.8909935945056713	11.021681523192468
-2.202275806443881	-3.9643948761900076	10.975775251920505
-2.2416436180396833	-4.039321075724769	10.930840042166949
-2.2818063074713053	-4.11580144157158	10.886897685223383
-2.3227808096288944	-4.193865652831293	10.843970946779136
-2.3645843428244455	-4.273543811757162	10.802083604483647
-2.407234411753858	-4.354866435089656	10.761260486837603
-2.4507488101905834	-4.437864444122906	10.721527513444423
-2.4951456233883667	-4.522569153408806	10.682911736651999
-2.5404432301680284	-4.609012257997287	10.645441384614374
-2.586660304662579	-4.69722581910727	10.609145905800535
-2.6338158176920423	-4.787242248114484	10.574056014976893
-2.6819290377383656	-4.879094288737401	10.540203740687158
-2.7310195314881267	-4.972814997294456	10.507622474251507
-2.7811071639090055	-5.068437720899169	10.476347020303924
-2.8322120978232896	-5.165996073451445	10.446413648883775
-2.8843547929400413	-5.265523909276749	10.417860149093565
-2.937556004304011	-5.367055294254675	10.39072588433147
-2.991836780117847	-5.470624474271953	10.365051849101858
-3.047218458890504	-5.576265840824288	10.340880727402409
-3.1037226658624517	-5.684013893583422	10.318256952680176
-3.161371308654744	-5.793903199735215	10.297226769342677
-3.220186572086363	-5.905968349885782	10.277838295802503
-3.2801909121002706	-6.020243910321238	10.260141589026082
-3.3414070487358094	-6.136764371397512	10.244188710547922
-3.4038579580808017	-6.255564091824731	10.230033793901919
-3.467566863133387	-6.376677238600597	10.217733113410086
-3.5325572234990656	-6.500137722334849	10.207345154257057
-3.5988527238453782	-6.6259791276976205	10.198930683765159
-3.6664772610306913	-6.754234638709752	10.192552823770441
-3.7354549298212	-6.884936958585579	10.188277123983694
-3.805810007103357	-7.018118223822706	10.186171636203243
-3.877566934496359	-7.153809912225852	10.186306989226889
-3.9507502992628054	-7.292042744537457	10.188756464289709
-4.025384813411448	-7.43284657933807	10.193596070831655
-4.101495290880522	-7.576250300868337	10.200904622374374
-4.179106622684863	-7.722281699413982	10.210763812259993
-4.258243749904415	-7.8709673438850425	10.223258288975805
-4.338931634387131	-8.022332446213321	10.238475730757784
-4.4211952270320705	-8.17640071718083	10.25650691913226
-4.505059433514863	-8.333194213288728	10.2774458110192
-4.590549077310338	-8.492733174267444	10.301389608981744
-4.677688859863149	-8.655035850827673	10.32843882916549
-4.766503317749684	-8.820118322246087	10.358697366426297
-4.857016776671872	-8.98799430338483	10.392272556098861
-4.949253302114987	-9.158674940740342	10.429275231807177
-5.043236646499487	-9.332168597128128	10.46981977866545
-5.1389901926496355	-9.508480624614089	10.514024181160691
-5.236536893399589	-9.687613125319805	10.562010064949298
-5.3358992071503435	-9.86956469973969	10.613902731735578
-5.437099029191308	-10.05433018223616	10.669831186335623
-5.540157618593673	-10.241900363398631	10.729928154958936
-5.64509552048335	-10.432261698989267	10.794330093669133
-5.751932483496546	-10.625396005230895	10.863177185907821
-5.860687372225273	-10.821280140246387	10.936613327890418
-5.971378074454722	-11.019885671501058	11.014786100598474
-6.08402140300216	-11.221178529171905	11.097846727013966
-6.198632991965388	-11.425118645429293	11.185950013153391
-6.315227187196923	-11.631659579703602	11.279254271375933
-6.433816930824437	-11.840748130096642	11.377921224352027
-6.554413639648938	-12.052323931205397	11.482115887994096
-6.677027077259317	-12.266319038734688	11.592006431562796
-6.8016652197197764	-12.482657501412962	11.70776401308229
-6.928334114698064	-12.701254920860801	11.829562588113665
-7.057037733924848	-12.922018000226494	11.95757868986203
-7.187777818893833	-13.144844082572485	12.091991178519491
-7.320553719740855	-13.36962068019279	12.232980957685468
-7.455362227265398	-13.596224996242562	12.38073065564698
-7.5921973980973	-13.824523440297106	12.535424269263977
-7.731050373042621	-14.05437113969066	12.697246768167501
-7.871909188692124	-14.285611448759866	12.86638365697113
-8.014758582416775	-14.51807545838728	13.043020493192541
-8.159579790934457	-14.751581508551723	13.227342358614544
-8.306350342683903	-14.985934706899412	13.419533281856278
-8.455043844313366	-15.220926456696738	13.61977561001041
-8.605629761655154	-15.456333997866171	13.828249327301231
-8.758073195639485	-15.691919965181894	14.045131318867671
-8.912334653682116	-15.927431968076851	14.270594577953029
-9.068369817170025	-16.16260219690207	14.504807355005918
-9.226129305766554	-16.397147060875863	14.747932247466773
-9.385558439361292	-16.630766863360815	15.000125229334559
-9.546596998596971	-16.8631455205005	15.26153461997739
-9.709178985026563	-17.0939503296465	15.532299992089289
-9.873232382067782	-17.32283179437394	15.812551019174581
-10.038678918058737	-17.549423513256453	16.102406263511945
-10.205433832840995	-17.773342139890442	16.401971906156763
-10.373405649441178	-17.99418742196748	16.711340421245747
-10.542495952552777	-18.21154232743355	17.030589197612876
-10.712599175667828	-18.424973265979755	17.359779111567736
-10.883602398843445	-18.63403041423096	17.69895305557405
-11.05538515923472	-18.838248153058696	18.048134428542127
-11.227819276655111	-19.037145625396267	18.407325594460183
-11.400768696565853	-19.230227422802212	18.776506317188247
-11.57408935301256	-19.416984408750455	19.155632180353198
-11.74762905415263	-19.596894686249865	19.544633002476424
-11.921227393106921	-19.769424716852694	19.943411258637507
-12.094715686970028	-19.93403059744321	20.35184052121971
-12.267916946869535	-20.090159500335915	20.769763933465583
-12.440645882022094	-20.237251281200216	21.196992730783457
-12.612708940745913	-20.374740258111686	21.6333048258677
-12.783904391388209	-20.502057163640174	22.078443474787747
-12.954022446082027	-20.618631270292216	22.53211604217338
-13.12284543017314	-20.723892687846238	22.993992884489437
-13.290148000038323	-20.81727482914675	23.46370637108945
-13.455697411864469	-20.898217038778657	23.940850063276784
-13.619253843744787	-20.966167376720776	24.42497807188095
-13.780570773210425	-21.020585546620463	24.915604613952095
-13.939395411997864	-21.06094595573379	25.41220378890546
-14.095469199517973	-21.08674089089953	25.914209593967563
-14.24852835607332	-21.097483792165356	26.421016197860595
-14.398304496425627	-21.092712602926706	26.931978490463745
-14.54452530380363	-21.071993172703912	27.446412924561656
-14.686915263892189	-21.03492268603131	27.963598663800745
-14.825196457741955	-20.981133088417035	28.48277904856094
-14.959089411906454	-20.910294478013245	29.00316338867087
-15.088314003436082	-20.822118429579508	29.523929088690938
-15.212590416665059	-20.71636121558613	30.04422410795795
-15.331640148008114	-20.592826887956527	30.56316975369423
-15.445187054260256	-20.45137018304509	31.07986380131984
-15.552958439164566	-20.291899212055466	31.59338393167459
-15.654686172309445	-20.114377899255835	32.10279147029921
-15.75010783372391	-19.918828131113788	32.60713540920057
-15.838967876898803	-19.705331580855464	33.105456686840796
-15.921018802363466	-19.474031174998863	33.596792697432846
-15.996022333418782	-19.225132171109514	34.08018199615587
-16.063750585174674	-18.958902819380555	34.55466916268703
-16.12398721767831	-18.675674584618687	35.01930978160052
-16.176528563657612	-18.37584190979144	35.4731754947906
-16.221184721257515	-18.05986150738242	35.915359078260956
-16.257780602113733	-17.72825117037696	36.34497949340969
-16.286156925209614	-17.381588100611676	36.76118686150004
-16.30617114718561	-17.020506758440263	37.16316730928936
-16.31769832013345	-16.645696244004654	37.550147633953834
-16.320631868396593	-16.257897226808055	37.921399736418856
-16.314884276519198	-15.857898446563254	38.27624477408837
-16.3003876812261	-15.44653281437553	38.614056986665396
-16.27709436117044	-15.02467314903085	38.93426715230243
-16.24497711914096	-14.5932275884111	39.23636563561936
-16.204029552462437	-14.153134720698153	39.519904994136716
-16.154266208438354	-13.705358484015711	39.784502115256416
-16.095722622850545	-13.250882886312684	40.0298398620404
-16.028455240734846	-12.790706599652218	40.255668212493205
-15.952541219868138	-12.325837484496672	40.46180488378102
-15.868078118615735	-11.857287100109945	40.64813543963819
-15.775183470973221	-11.386065256777623	40.81461288601379
-15.673994252781906	-10.913174664249564	40.96125676663141
-15.564666244173054	-10.43960572860941	41.088151776474675
-15.447373294297837	-9.966331546801559	41.19544591711947
-15.322306495301163	-9.494303144315154	41.283348223225566
-15.189673273294707	-9.024444997176687	41.35212609426668
-15.04969640476142	-8.557650874516	41.40210226965288
-14.902612967373772	-8.09478003266465	41.433651488722624
-14.748673234627818	-7.636653786149557	41.44719687961629
-14.58813952398289	-7.184052475176382	41.44320612277413
-14.421285008345999	-6.7377128433584375	41.422187435732035
-14.248392500767478	-6.298325833693914	41.38468542603803
-14.069753222106403	-5.866534805177647	41.3312768585208
-13.885665561212477	-5.44293416711948	41.26256638186241
-13.696433836833855	-5.028068423231556	41.17918225752184
-13.502367070046045	-4.622431613009483	41.081772131607146
-13.30377777547667	-4.226467133823148	40.97099888737284
-13.100980779028683	-3.8405679235920966	40.84753661272615
-12.894292069150543	-3.465076980878559	40.71206671353124
-12.684027688027317	-3.1002881968035	40.56527419971515
-12.470502668335484	-2.7464474712755584	40.40784416726194
-12.254030020471198	-2.4037540846918946	40.24045849523515
-12.034919774410605	-2.0723622954449517	40.06379277305047
-11.813478079621234	-1.7523831332518063	39.87851346940867
-11.59000636570706	-1.443886358443671	39.68527535063588
-11.364800565775914	-1.1469025579131944	39.48471915273872
-11.138150403826991	-0.8614253492977061	39.27746950826406
-10.910338746837544	-0.5874136662169883	39.064133126142174
-10.681641021616164	-0.32479409883360105	38.84529722004683
-10.452324695961952	-0.07346326570875696	38.621528178504526
-10.222648823155858	0.16670980525455986	38.39337046796798
-9.992863648384724	0.3958813070175885	38.1613457584008
-9.763210275292266	0.6142303129966261	37.92595225952744
-9.533920390527333	0.8219564822130208	37.6876642548354
-9.305216043866015	1.0192778241468679	37.44693181960671
-9.077309481255682	1.206428535432318	37.2041807087218
-8.850403027936562	1.3836569186022554	36.95981239966967
-8.624689018663288	1.5512233912346083	36.71420427611916
-8.400349771941956	1.7093985921149002	36.467709937499514
-8.17755760514592	1.858461589396499	36.22065962031457
-7.9564748873451645	1.998698194243337	35.97336071731979
-7.737254126694416	2.130399382070539	35.7260983812215
-7.520038089259439	2.2538598222679362	35.47913620017883
-7.304959946224051	2.3693765161940923	35.2327169330891
-7.09214344649947	2.477247542267951	34.98706329338695
-6.881703111863535	2.5777709061493486	34.742378770885466
-6.6737444518609585	2.671243493296639	34.49884848198773
-6.46836419583594	2.757960120590866	34.256640039434444
-6.265650539591695	2.8382126832397994	34.01590443355675
-6.065683404320507	2.9122893927901687	33.77677691781507
-5.868534705590214	2.98047410178907	33.53937789218185
-5.674268630325199	3.043045710428331	33.303813778681615
-5.482941919861105	3.100277650377071	33.07017788411006
-5.294604157311559	3.1524374409384586	32.83855124564461
-5.109298057616929	3.1997863126633086	32.60900345567871
-4.927059758799344	3.2425788935909985	32.38159346281863
-4.74791911307501	3.281062953375205	32.15637034651573
-4.571899976614478	3.3154792006689204	31.933374063318094
-4.399020496861635	3.346061129292674	31.712636163174583
-4.229293396447337	3.373034908879585	31.494180474644267
-4.062726252841783	3.396619315880612	31.27802375822814
-3.899321773001037	3.4170257010141936	31.064176327376586
-3.7390780623579936	3.4344579894559297	30.85264263701147
-3.5819888876057813	3.449112710279212	30.643421839663535
-3.428043932804066	3.4611790518764063	30.43650830954288
-3.2772290484192377	3.4708389403076896	30.231892135051886
-3.1295264929831106	3.47826713773953	30.029559580412162
-2.9849151671209553	3.4836313583452374	29.82949351721117
-2.843370839759083	3.487092399244292	29.631673826782887
-2.7048663663802386	3.4888042842539004	29.43607777442979
-2.5693718992412498	3.4889144184150975	29.24268035655775
-2.4368550895144008	3.4875637514352973	29.05145462185056
-2.307281281351741	3.484886948359602	28.86237196764402
-2.180613697908418	3.481012565943781	28.67540241268405
-2.056813619390804	3.4760632333526815	28.490514847461846
-1.9358405532227587	3.470155835948805	28.307677263319324
-1.8176523964467435	3.463401701067092	28.126856961508835
-1.7022055904982074	3.455906784793848	27.94802074337656
-1.589455268505429	3.447771858880134	27.771135082810552
-1.479355395285805	3.4390926970238818	27.59616628207248
-1.3718589002182953	3.429960259849996	27.42308061209438
-1.2669178031833679	3.4204608780049153	27.251844438288355
-1.164483333768396	3.4106764328614445	27.082424332876595
-1.06450604394348	3.4006845344019565	26.91478717471008
-0.9669359144149158	3.3905586959132834	26.74890023749874
-0.871722454869992	3.3803685051860533	26.58473126733892
-0.7788147983234276	3.370179791963912	26.422248550372423
-0.6881617897809853	3.36005479143629	26.26142097137602
-0.5997120694309797	3.350052303610577	26.102218064030133
-0.5134141505771278	3.3402278484380377	25.944610053580213
-0.4292164925191424	3.330633816601012	25.788567892554234
-0.34706756858941357	3.3213196158992924	25.634063290167674
-0.2669159295471641	3.3123318131994495	25.481068736001763
-0.188710262529113	3.303714271934044	25.32955751850538
-0.11239944575115815	3.2955082851577235	25.179503738833937
-0.03793259915131473	3.287752704184612	25.03088232050413
0.034740868841894576	3.280484062846287	24.883669015307387
0.10567121823461716	3.2737366974226574	24.73784040589645
0.1749083379126055	3.267542862308741	24.593373905425075
0.24250170943542032	3.261932841489689	24.45024775459595
0.3085003740168957	3.256935055903808	24.308441016440163
0.3729529025321585	3.2525761667797513	24.16793356913015
0.43590736839856475	3.248881175038886	24.028706097100194
0.4974113231823026	3.245873516857868	23.890740080727802
0.5575117747884495	3.24357515548936	23.754017784806294
0.6162551680966558	3.242006669440996	23.6185222460209
0.6736873679110935	3.241187337114061	23.48423725961898
0.7298536440969989	3.241135218004128	23.351147365450796
0.7847986587826179	3.2418672305660783	23.219237833537523
0.838566455508743	3.243399226845681	23.08849464931166
0.8912004502143365	3.2457460639791798	22.958904498657315
0.9427434239500729	3.2489216726613144	22.830454752868075
0.9932375172172287	3.2529391226808637	22.703133453625522
1.0427242258328564	3.257810685621169	22.57692929809264
1.0912443982273208	3.263547894821339	22.451831624203948
1.1388382340834784	3.2701616026917795	22.327830396227224
1.1855452842317664	3.277662035475656	22.204916190660587
1.2314044517184601	3.2860588455455524	22.08308018252303
1.2764539939686124	3.29536116132232	21.9623141320881
1.3207315259686196	3.305577634900669	21.842610372104193
1.364274024396929	3.316716487463619	21.72396179553886
1.4071178326343774	3.3287855525653476	21.606361843879956
1.4492986665895435	3.3417923173595923	21.489804496019975
1.4908516212766736	3.3557439618480003	21.374284257747775
1.5318111780877162	3.370647396220553	21.259796151865345
1.5722112127016925	3.3865092963572896	21.146335708946886
1.612085003578638	3.403336137558438	21.03389895875074
1.6514652409866648	3.4211342265670965	20.92248242229553
1.690384036514292	3.4399097319465017	20.812083104606387
1.7288729330216837	3.4596687128710664	20.702698488137383
1.7669629149874697	3.4804171463882514	20.59432652687242
1.804684419209323	3.502160953205567	20.48696564110691
1.8420673458191346	3.524906022054881	20.380614712909697
1.8791410695750697	3.548658232683537	20.275273082264796
1.915934451395212	3.5734234775197287	20.17094054389011
1.9524758500986263	3.599207682056838	20.067617344731257
1.9887931343221796	3.626016823999637	19.965304182125625
2.024913694582243	3.6538569512124277	19.864002202633657
2.0608644554525917	3.6827341985073607	19.76371300153194
2.0966718878307553	3.7126548033085878	19.664438622963786
2.132362021266933	3.7436251202260333	19.566181560741477
2.167960456330212	3.7756516345698348	19.468944759795832
2.203492376988857	3.808740974834995	19.372731618266627
2.2389825629817497	3.8428999241828934	19.27754599022942
2.2744554021597914	3.878135430944731	19.183392189052732
2.309934902776534	3.9144546181693354	19.090274991380916
2.345444705708634	3.9518647922359746	18.99819964173715
2.3810080965873492	3.990373450550454	18.90717185774166
2.416648017823196	4.0299882883407605	18.81719783594024
2.4523870805064294	4.070717204566158	18.728284258238627
2.4882475761670064	4.11256830695187	18.640438298937738
2.524251488377835	4.155549916158812	18.55366763236593
2.560420504186194	4.199670569096346	18.467980441103386
2.596776025358028	4.2449390213830345	18.383385424795367
2.6333391794210126	4.2913642489591375	18.299891809549347
2.670130830491924	4.338955448851575	18.217509357912874
2.7071715898746347	4.387722039090405	18.1362483794279
2.744481826415097	4.437673657773402	18.05611974175779
2.78208167660007	4.488820161273381	17.977134882382686
2.8199910543860294	4.541171621579996	17.899305820859954
2.858229660745582	4.59473832276655	17.822645171644393
2.8968169929178376	4.649530756568836	17.747166157464626
2.9357723533499946	4.705559617061813	17.672882623250214
2.975114858316632	4.762835794416582	17.59980905060483
3.014863446203782	4.8213703677187745	17.52796057281913
3.0550368854440166	4.881174596826065	17.457352990417714
3.095653782089178	4.942259913240988	17.38800278723266
3.13673258700661	5.004637909972019	17.319927146996243
3.178291602684839	5.068320330354028	17.253143970443976
3.220348989634027	5.133319055796227	17.18767189291837
3.2629227723663985	5.1996460924237295	17.12353030246235
3.3060308449408917	5.267313556575415	17.06073935839054
3.349690976056544	5.33633365911942	16.999320010324244
3.393920813677836	5.406718688543849	16.93929401767523
3.438737889175046	5.478480992778233	16.88068396956117
3.4841596209620196	5.551632959698697	16.823513305133496
3.530203317612891	5.6261869962668	16.767806334296697
3.5768861804387253	5.702155506249574	16.713588258795276
3.6242253055043907	5.7795508664658515	16.660885193642056
3.6722376850647587	5.858385401500625	16.609724188859108
3.7209402083990955	5.938671356827541	16.560133251498765
3.770349662020885	6.020420870275816	16.51214136790974
3.8204827292403505	6.103645941776833	16.465778526208727
3.8713559890548277	6.188358401321234	16.421075738915114
3.922985914342406	6.274569875056917	16.378065065701215
3.9753888693320203	6.362291749453933	16.336779636206725
4.028581106323283	6.4515351334618884	16.29725367286065
4.082578761627095	6.54231081858129	16.259522513649394
4.137397850698205	6.6346292367702295	16.223622634763466
4.193054262428602	6.728500416103936	16.189591673050018
4.249563752570392	6.823933934104492	16.157468448191665
4.30694193625512	6.920938868655444	16.127292984525496
4.365204279575635	7.019523746415345	16.099106532409
4.4243660901951865	7.119696488642589	16.072951589032165
4.4844425069477944	7.221464354344099	16.048871918566725
4.54544848839175	7.324833880658152	16.026912571535433
4.607398800278602	7.429810820384294	16.007119903274774
4.670308001897141	7.536400076570672	15.98954159135552
4.734190431252238	7.644605634072336	15.974226651815272
4.799060189036357	7.75443048799355	15.96122545404685
4.864931121351686	7.865876568931035	15.950589734175233
4.931816801138449	7.978944664934887	15.942372606744524
4.999730508266067	8.093634340110523	15.936628574524104
5.068685208241176	8.209943849785615	15.933413536230917
5.138693529487763	8.327870052173962	15.932784791951628
5.209767739152232	8.447408316470625	15.934801046035
5.28191971738833	8.568552427323601	15.93952240721088
5.355160930073867	8.691294485630198	15.947010385677695
5.429502399914217	8.815624805620507	15.957327886885695
5.504954675884928	8.94153180819568	15.970539201727806
5.581527800968947	9.069001910504923	15.986709992834715
5.659231278142252	9.19801941175411	16.00590727665469
5.738074034564785	9.328566375257038	16.028199400982952
5.818064383933412	9.460622506754286	16.053656017589127
5.899209986956484	9.594165029044609	16.082348049575312
5.9815178099105415	9.729168552992132	16.11434765308095
6.064994081243446	9.865604944996692	16.149728172935216
6.149644246189635	10.003443191036462	16.18856409184141
6.235472919368701	10.142649257421825	16.23093097266364
6.322483835339881	10.28318594842404	16.27690539337037
6.4106797970924045	10.42501276097832	16.326564874177112
6.500062622453824	10.568085736689758	16.37998779641627
6.590633088407502	10.712357311412518	16.437253312652494
6.682390873313649	10.857776162706578	16.498441247550126
6.775334497038543	11.004287055523216	16.563631988992736
6.869461259001943	11.151830686511158	16.632906368947094
6.9647671741643675	11.300343527387582	16.70634553356172
7.0612469069824675	11.4497576678639	16.784030801987033
7.158893703375217	11.600000658675963	16.866043513408634
7.25769932075124	11.75099535531862	16.952464861787675
7.357653956164374	11.902659763150332	17.04337571781467
7.458746172674161	12.054906884589423	17.13885643759325
7.560962824007162	12.207644569195004	17.23898665759238
7.664288977626899	12.360775367486637	17.3438450754255
7.768707836340346	12.514196389430753	17.453509216046925
7.874200658585079	12.66779916858999	17.568055182989408
7.980746677562747	12.821469533007424	17.68755739431088
8.088323019402427	12.975087483967565	17.812088302965012
8.196904620561982	13.128527083854415	17.94171810137023
8.306464144696442	13.281656354398486	18.07651441001496
8.416971899248137	13.434337186680683	18.21654195001287
8.528395752036436	13.586425264330794	18.361862199602818
8.640701048153495	13.737770001431816	18.512533034683972
8.753850527496871	13.888214496704995	18.66860835357635
8.867804243301313	14.037595505618295	18.830137686314853
8.982519482055608	14.185743432112	18.997165788902176
9.097950685225333	14.33248234169436	19.16973222308841
9.214049373226974	14.477629997697228	19.347870922383866
9.330764072132283	14.620997922520857	19.531609745173288
9.448040243608903	14.76239148571774	19.720970015962617
9.565820218634983	14.901610020779842	19.91596605597029
9.68404313555255	15.038446972489353	20.1166047044591
9.802644883054262	15.172690076677886	20.322884832403854
9.921558048723984	15.30412157420325	20.53479685029274
10.040711873777683	15.432518460900477	20.752322212073263
10.160032214674011	15.557652775189554	20.97543291747031
10.279441512286102	15.679291924927403	21.204091015127574
10.398858769342503	15.797199054970191	21.438248109244572
10.518199536863484	15.911133456770427	21.67784487261242
10.637375910325344	16.020851021157004	21.922810569164835
10.756296536297592	16.126104735252063	22.173062589389037
10.874866630295546	16.226645224246298	22.42850600214286
10.992988006590368	16.32222133849891	22.689033126628843
11.110559120707952	16.412580786139753	22.954523128458373
11.227475125333497	16.49747081103413	23.224841643907787
11.343627940314223	16.576638915622386	23.499840436609123
11.458906337426653	16.649833627773102	23.779357091046304
11.573196040530888	16.716805310381	24.063214747302
11.686379841695475	16.77730701201668	24.351221881572123
11.79833773381488	16.831095356478656	24.643172136964722
11.908947060184094	16.877931468629836	24.938844209088522
12.018082681415972	16.917581933408552	25.23800179084798
12.125617160011474	16.949819784407083	25.5403935807552
12.231420962795701	16.97442551789997	25.845753358876504
12.335362681337049	16.9911881276975	26.153800134310906
12.437309270353678	16.99990615569389	26.464238367794735
12.537126303997733	17.00038875248788	26.776758272685424
12.634678249777707	16.992456741978526	27.091036197150785
12.729828759750726	16.975943683391744	27.40673508992745
12.82244097847211	16.950696923779834	27.72350505146095
12.912377867049548	16.916578633665452	28.040983971659898
12.999502542495462	16.87346681818203	28.358798254832266
13.083678631421094	16.821256295802108	28.676563631675883
13.164770636960561	16.759859636551667	28.993886057441884
13.242644317660098	16.689208051489324	29.31036269460446
13.317167076912417	16.609252225194258	29.625582977536776
13.388208361371715	16.51996308305406	29.93912975586511
13.455640066635311	16.42133248529299	30.250580512289616
13.519336948347654	16.31337383991679	30.55950864982146
13.57917703675011	16.196122627097747	30.86548484250852
13.635042052588457	16.069636827962167	31.16807844290521
13.68681782218531	15.933997251289862	31.466858938730525
13.73439468939865	15.78930775227847	31.761397450407244
13.777667922117676	15.635695338264345	32.051268260481045
13.816538110895465	15.473310157123352	32.33605036529102
13.850911557287466	15.302325364985572	32.61532903872787
13.880700649454575	15.12293687088672	32.88869739746743
13.905824222602929	14.935362957026825	33.15575795673205
13.926207901868294	14.739843774408632	33.416124165405606
13.941784425312875	14.536640714764143	33.66942190922754
13.952493944785866	14.326035660838878	33.91529097081476
13.958284302506442	14.108330118265297	34.153386435420906
13.959111281357703	13.883844233420856	34.3833800316218
13.954938827033088	13.652915702782229	34.60496139655145
13.945739240349436	13.415898580386928	34.817839255846174
13.931493338233828	13.173161991026804	35.02174250914053
13.912190582101235	12.925088757757441	35.216421212737814
13.887829172564873	12.672073953158103	35.40164745198085
13.858416109659673	12.414523384544557	35.57721609682869
13.823967218006516	12.15285202396606	35.74294543522473
13.784507136601032	11.887482394346966	35.898677679968706
13.740069273169143	11.618842923505401	36.044279345999875
13.690695723293826	11.34736627804143	36.17964149620872
13.636437154774425	11.073487689177878	36.30467985513833
13.577352657936189	10.797643282617365	36.41933479115953
13.513509562851672	10.520268424290224	36.52357116892325
13.444983224672729	10.2417960935676	36.61737807506424
13.37185677849269	9.962655295068833	36.700768421254764
13.29422086536626	9.68326951963972	36.773778429758956
13.2121733313002	9.404055264398265	36.836467007614345
13.12581890120096	9.12542062099477	36.88891501644156
13.03526882990685	8.847763940361023	36.931224445664895
12.940640532562593	8.571472581322134	36.96351749758631
12.842057196690728	8.296921749452956	36.98593559330711
12.739647378394782	8.024473431555911	36.99863830891734
12.63354458517876	7.754475430087485	37.00180225167967
12.523886847900112	7.487260500822177	36.99561988611853
12.410816284374958	7.223145595989691	36.98029831999126
12.294478657140598	6.962431214107452	36.95605806006967
12.175022927838093	6.70540085673208	36.92313174750357
12.052600810621376	6.452320591415041	36.88176288228077
11.927366326918529	6.203438719250437	36.83220454594831
11.799475363778448	5.958985544581844	36.77471813132883
11.669085237923236	5.719173243673728	36.7095720874618
11.536354267505233	5.48419582847819	36.63704068743619
11.401441353429924	5.254229201023986	36.55740282616551
11.26450557196569	5.029431293447198	36.47094085450611
11.125705780205035	4.809942288243332	36.377939455436575
10.985200235791087	4.595884912984567	36.278684567322635
10.843146232157475	4.387364803472435	36.17346235858484
10.699699750373602	4.184470929121346	36.06255825738842
10.555015128522784	3.987276074255416	35.94625603928261
10.40924474938495	3.7958373689705507	35.824836975048655
10.262538747037281	3.6101968632410393	35.69857904036864
10.115044732837553	3.430382138045086	35.56775618831643
9.966907541108936	3.256406947429185	35.43263768509461
9.818268994709282	3.0882718856289575	35.29348750890834
9.66926769053353	2.9259650735961755	35.150563811370716
9.520038804881802	2.7694628595607806	35.00411844039393
9.370713918508088	2.6187305285524256	34.85439652311652
9.221420861064233	2.4737230161338557	34.70163610706834
9.072283574558066	2.334385621937622	34.54606785746857
8.923421995361922	2.2006547189517645	34.38791480829529
8.774951954230884	2.072458454856871	34.22739216454922
8.626985093728857	1.949717442081144	34.064707152968126
8.479628802398826	1.8323454335927825	33.900058918311906
8.332986164973892	1.720249981807141	33.733638462254625
8.187155927881182	1.6133330783230566	33.565628621856334
8.042232479264502	1.5114917725362265	33.396204084567955
7.898305842727995	1.4146187674920687	33.22553143672627
7.755461683987937	1.3226029916399467	33.05376924252772
7.613781329611464	1.2353301454323047	32.88106815052454
7.4733417970194305	1.1526832219755314	32.707571024762544
7.334215834932008	1.0745430011815684	32.53341309776968
7.196471973447609	1.0007885170949653	32.35872214271578
7.060174582953006	0.9312974982704226	32.18361866217512
6.925383941086165	0.8659467812636185	32.008216091060156
6.792156306986462	0.8046126974586943	31.832621011420272
6.660544002096776	0.7471714336049122	31.656933376947823
6.530595496801753	0.6934993665596584	31.481246745168747
6.4023555022190015	0.643473372847593	31.305648515445345
6.275865066485972	0.5969711137382303	31.13022017105809
6.151161674917641	0.5538712966237848	30.955037523778138
6.028279353441197	0.5140539135433794	30.78017095948087
5.907248774746106	0.47740045775103646	30.605685683487266
5.788097366618871	0.44379411926362916	30.431641964448737
5.670849421967363	0.41311996035418164	30.258095375722185
5.555526210067832	0.38526507197284426	30.085097033296503
5.442146088603364	0.36011871208833446	29.91269382945193
5.33072461608987	0.3375724269428926	29.74092866143587
5.221274664319795	0.3175201562090958	29.569840654545505
5.113806530480525	0.2998583230244118	29.399465379098057
5.008328048635543	0.28448590986283595	29.229835060861287
4.904844700280838	0.27130452118088794	29.06097878459324
4.803359723719683	0.26021843375064035	28.892922690421617
4.703874222019693	0.2511346355633775	28.725690162854463
4.606387269344582	0.243962854157222	28.559302012283176
4.510896015472031	0.23861557518877569	28.393776648889002
4.417395788333849	0.23500805203490888	28.229130248919866
4.325880194432499	0.23305830717536777	28.0653769133456
4.2363412170096995	0.23268712607116213	27.902528818944
4.1487693118583895	0.23381804421746097	27.7405963619013
4.0631535006883714	0.23637732801371894	27.579588294045646
3.979481461969258	0.24029395005797166	27.41951185185451
3.8977396191917264	0.24549955943695503	27.260372878405242
3.8179132264985944	0.2519284475492229	27.102175938451655
3.7399864516521006	0.25951750996469647	26.944924426830223
3.6639424563129466	0.2682062047915446	26.78862067040808
3.589763473619746	0.27793650798951364	26.633266023800445
3.517430883064206	0.28865286603869367	26.478860959087065
3.4469252826686145	0.3003021463432976	26.325405149768006
3.378226558478084	0.3128335857223886	26.172897549198357
3.3113139513887586	0.3261987373126831	26.021336463746724
3.246166121338014	0.34035141618354686	25.87071962091897
3.1827612088900485	0.35524764394004543	25.721044232691103
3.1210768942537634	0.37084559256754823	25.572307054289194
3.0610904537755412	0.3871055277497619	25.42450443865326
3.0027788139524745	0.4039897518721551	25.27763238681546
2.946118603016233	0.4214625469035134	25.1316865944205
2.8910862001390916	0.4394901173310569	24.986662494606293
2.837657782317879	0.45804053330746536	24.842555297460894
2.7858093689920858	0.4770836741531404	24.69936002626068
2.735516864455587	0.49659117234209443	24.557071550691457
2.6867560981213945	0.516536358086883	24.415684617242977
2.639502862701406	0.5368942046249505	24.275193876963787
2.5937329503621984	0.5576412742978202	24.135593910750842
2.549422186920289	0.578755665503058	23.996879252345856
2.5065464641388417	0.6002169605897363	23.859044409197683
2.465081770189198	0.6220061747583653	23.722083881346027
2.425004218339626	0.6441057060181965	23.585992178471965
2.3862900739338517	0.6664992862468	23.45076383525434
2.3489157797211666	0.6891719333898335	23.31639342516303
2.312857979599648	0.7121099048321732	23.182875572813987
2.2780935408328835	0.7353006519658287	23.050204965002486
2.244599574800256	0.7587327759742705	22.918376360526146
2.212353456339329	0.7823959848481675	22.787384598900623
2.1813328417385605	0.8062810516425231	22.65722460806711
2.1515156854366033	0.830379773981662	22.527891411181518
2.122880255484392	0.8546849348139812	22.39938013257362
2.0954051478238394	0.879190264415876	22.271686002954198
2.06906929943681	0.9038904036403188	22.144804363947554
2.043852000415818	0.9287808684035984	22.018730672017572
2.0197329050073973	0.9538580154005438	21.893460501854545
1.9966920416769742	0.9791190090370697	21.76898954928163
1.9747098222435322	1.0045617895661296	21.645313633739608
1.9537670501302582	1.0301850424121517	21.52242870040078
1.9338449277765417	1.0559881686669166	21.400330821961962
1.9149250632548902	1.0819712567389843	21.279016200160445
1.8969894761354278	1.1081350551370142	21.15848116705631
1.880020602638807	1.1344809463668928	21.03872218611833
1.8640013001173432	1.1610109219213014	20.91973585314993
1.848914850902678	1.1877275583397893	20.801518897087753
1.8347449655570613	1.2146339943166526	20.684068180703722
1.821475785563881	1.2417339088336399	20.56738070123791
1.8090918854919464	1.269031500293801	20.451453590988574
1.7975782746666205	1.296531466632727	20.336284117882677
1.7869203983797706	1.3242389863829236	20.221869686049267
1.7771041386691258	1.3521597006672443	20.108207836415012
1.7681158146966107	1.380299696096772	19.995296247341322
1.75994218275386	1.408665488548965	19.88313273531908
1.7525704359221428	1.4372640078013967	19.77171525573775
1.745988203412633	1.4661025829969982	19.661041903742248
1.7401835496120028	1.4951889289163207	19.551110915191863
1.7351449728571273	1.5245311330329152	19.44192066773271
1.7308614039617407	1.5541376433277014	19.333469681995958
1.7273222045167755	1.58401725683876	19.2257566229317
1.7245171649851916	1.6141791089229107	19.118780301288897
1.7224365026111015	1.6446326632058266	19.012539675250505
1.7210708591620598	1.6753877021977364	18.907033852232285
1.7204112985224818	1.7064543185519194	18.802262090853656
1.720449304155267	1.7378429069434917	18.69822380308856
1.7211767764478325	1.7695641565464844	18.594918556603147
1.722586029957936	1.8016290440870824	18.492346077288243
1.7246697905738526	1.834048827451733	18.39050625199257
1.7274211926026752	1.8668350398285538	18.28939913146427
1.7308337757997605	1.8999994843612826	18.189024933506488
1.7349014823515776	1.9335542292948495	18.089384046354162
1.739618653823531	1.9675116035923315	17.990477032277678
1.7449800280835916	2.0018841930029105	17.89230463142047
1.750980736211937	2.0366848365610783	17.79486776587638
1.757616299406098	2.0719266234972578	17.698167544013682
1.7648826258905324	2.107622890540532	17.602205265051794
1.7727760078388577	2.143787219594048	17.50698242389787
1.7812931183164493	2.1804334357641846	17.4125007162495
1.7904310082504433	2.217575605724389	17.31876204397103
1.800187103433721	2.255228036395111	17.225768520750055
1.8105592015687706	2.2934052739209307	17.13352247804199
1.8215454693569288	2.332122102926552	17.04202647130981
1.8331444396378354	2.3713935460329	16.951283286567215
1.8453550085835486	2.4112348636150323	16.861295947232882
1.8581764329511627	2.4516615537831687	16.77206772130475
1.8716083273973871	2.492689352568531	16.683602128862212
1.8856506618579285	2.5343342342950996	16.595902949906122
1.900303758994202	2.5766124121188128	16.50897423254514
1.9155682917092967	2.6195403387151637	16.422820301538415
1.9314452807347484	2.663134707096192	16.337445767204507
1.9479360922891775	2.707412451537537	16.25285553470687
1.9650424358094178	2.752390748595943	16.169054813726504
1.9827663617543014	2.798087018197313	16.086049128532757
2.001110259480868	2.8445189247750378	16.00384432846369
2.0200768551921984	2.8917043784376895	15.922446598827875
2.0396692099558713	2.9396615361452105	15.841862472239198
2.0598907177912493	2.9884088028713647	15.762098840397837
2.0807451038237272	3.037964832730519	15.68316296632949
2.102236422503287	3.088348530045356	15.605062497096567
2.124369055884578	3.139579050332161	15.527805476994173
2.147147711964891	3.1916758011786537	15.451400361245435
2.170577423076341	3.244658442989415	15.375856030209544
2.1946635443276965	3.2985468895721404	15.30118180411754
2.219411752091197	3.3533613085378025	15.227387458349899
2.244828042528754	3.4091221214857814	15.154483239271547
2.2709187301518843	3.465850003944816	15.08247988063886
2.2976904464087258	3.52356588503844	15.01138862059459
2.325150138291418	3.5822909468431954	14.941221219265707
2.353305066956045	3.642046623405415	14.871989976980533
2.382162806347242	3.702854599381867	14.803707753120372
2.411731241818538	3.7647368082670325	14.736387985622041
2.442018568739286	3.827715430168957	14.670044711146609
2.4730332910778956	3.8918128890927273	14.604692585930827
2.5047842199509027	3.957051849689774	14.540346907336371
2.537280472126219	4.023455213428148	14.477023636112968
2.570531468468638	4.091046114137702	14.414739419390166
2.604546932314386	4.159847912880796	14.353511614413211
2.6393368877611914	4.22988419209772	14.293358313037105
2.6749116578591003	4.301178748972707	14.234298366993116
2.7112818626866595	4.373755587964237	14.176351413940864
2.74845841729588	4.447638912440032	14.1195379043188
2.7864525295088325	4.522853115354954	14.06387912900432
2.8252756975472035	4.599422768905952	14.009397247794562
2.864939707475567	4.677372613095915	13.956115318716895
2.9054566304375613	4.756727543134059	13.904057328177405
2.9468388196634767	4.837512595597831	13.853248221953512
2.9890989072260905	4.919752933276819	13.803713937035551
3.0322498005206113	5.003473828615875	13.7554814343199
3.0763046784431514	5.088700645670486	13.708578732153992
3.12127698724083	5.175458820483454	13.663034940731068
3.167180436004962	5.2637738397872855	13.618880297329882
3.214028991777668	5.353671217933064	13.576146202391074
3.261836874240093	5.4451764719409335	13.53486525641906
3.310618549949586	5.538315094564181	13.495071297693737
3.3603887260903873	5.633112525252013	13.456799440773153
3.4111623437017675	5.729594118893459	13.420086115762578
3.462954570344828	5.827785112218099	13.38496910832124
3.5157807921676576	5.927710587724949	13.351487600372112
3.569656605326521	6.029395435005588	13.319682211474127
3.62459780671854	6.132864309322045	13.289595040809807
3.680620383979392	6.238141587294984	13.261269709733957
3.737740504697167	6.345251319552081	13.234751404821523
3.795974504791386	6.454217180181361	13.210086921344157
3.8553388760037954	6.565062412828861	13.187324707095987
3.9158502524450416	6.677809773274598	13.16651490647928
3.9775253961391845	6.792481468316189	13.147709404749916
4.040381181504885	6.90909909078345	13.130961872311365
4.104434578710631	7.027683550504529	13.116327808933136
4.16970263583698	7.148255001036309	13.103864587756942
4.236202459778276	7.270832761971606	13.093631498938981
4.30395119581177	7.39543523662845	13.08568979276197
4.372966005760507	7.5220798249254095	13.080102722033962
4.443264044673088	7.650782831243264	13.076935583573642
4.514862435940964	7.781559367071445	13.076255758563214
4.587778244770954	7.914423248235929	13.078132751530125
4.662028449928571	8.049386886505513	13.082638227697927
4.737629913664287	8.186461175372333	13.089846048424182
4.814599349733403	8.325655369805908	13.09983230441976
4.892953289416453	8.466976959780338	13.11267534641882
4.9727080454464945	8.61043153738158	13.128455812942565
5.053879673745735	8.75602265730422	13.147256654772002
5.136483932873178	8.903751690556911	13.169163155716
5.22053624108295	9.053617671204428	13.194262949230374
5.3060516308915116	9.205617135986028	13.222646030412077
5.39304470105035	9.359743956662925	13.254404762859117
5.481529565821419	9.515989164966983	13.289633879853028
5.571519801449754	9.674340770037892	13.32843047928419
5.663028389731405	9.834783568265172	13.37089401170499
5.756067658570716	9.997298945469165	13.41712626085619
5.850649219428002	10.161864671395236	13.467231315975777
5.946783901554397	10.328454686518489	13.521315535157624
6.044481682918861	10.497038881204322	13.579487498990117
6.14375161773192	10.667582867306367	13.641857953663177
6.244601760477585	10.84004774233562	13.708539742693493
6.347039086368059	11.014389846384056	13.779647726376957
6.451069408145357	11.190560512050254	13.85529868804051
6.556697289158455	11.368505807674087	13.93561122612596
6.6639259526565455	11.548166274263892	14.020705631104489
6.772757187247032	11.729476656573699	14.110703746185164
6.883191248481236	11.912365628876849	14.205728810751822
6.995226756542476	12.096755516071582	14.30590528543371
7.108860590028931	12.282562010857493	14.411358657694333
7.2240877758384405	12.469693887825104	14.522215226802599
7.340901375185169	12.658052715421327	14.638601867041412
7.459292365796528	12.847532566871969	14.76064576800111
7.5792495203660275	13.038019731278768	14.88847415081129
7.700759281360682	13.229392426242184	15.022213959173554
7.823805632314948	13.421520513514922	15.161991524084874
7.948369965769709	13.614265219337284	15.307932201170349
8.074430948054374	13.807478861274712	15.460159979597035
8.20196438114334	14.001004583539215	15.618797061598045
8.330943061861838	14.194676102954876	15.783963411718133
8.461336638754918	14.388317467898972	15.955776274981842
8.593111466985318	14.581742832740431	16.13434966330695
8.726230461668761	14.774756250471414	16.319793809612648
8.860652950113298	14.967151486420729	16.51221458923652
8.99633452347811	15.158711856111694	16.7117129084464
9.133226888432297	15.349210090516864	16.91838406004869
9.27127771944596	15.53840823212315	17.132317046314032
9.410430512417017	15.726057565397468	17.353593869712252
9.550624440394168	15.911898585384987	17.58228879222391
9.691794212230855	16.09566100832046	17.818467564324006
9.833869935064289	16.277063828240358	18.0621866250653
9.976776981591287	16.455815423691575	18.313492275078104
10.1204358631741	16.631613718691163	18.572419824695274
10.26476210988332	16.804146402136045	18.838992719852616
10.409666158649648	16.973091209858623	19.11322164886966
10.555053250763702	17.138116273486308	19.39510363370408
10.700823340024947	17.298880540174977	19.684621109778774
10.846871012900415	17.45503426714904	19.981740999009112
10.993085422107265	17.606219594785284	20.286413781198462
11.139350235083507	17.75207120172411	20.598572569528038
11.285543598847292	17.89221704516439	20.9181321964151
11.43153812278341	18.02627918911211	21.24498831658243
11.577200880911334	18.153874722879188	21.579016534715475
11.722393435203504	18.274616771588004	21.92007156562014
11.866971881517735	18.388115599810398	22.267986435290887
12.010786919692654	18.49397980876511	22.622571731767444
12.153683949316719	18.59181762670568	22.983614915061175
12.295503192639615	18.681238291268762	23.35087969580855
12.436079846014357	18.761853521597754	23.724105492564842
12.57524426118007	18.833279077043827	24.10300697787701
12.712822157575541	18.89513639815151	24.487273723351798
12.848634866748144	18.947054324492296	24.876569953944884
12.982499609763051	18.988670882708654	25.270534421554995
13.114229808341301	19.01963513689622	25.668780407748933
13.24363543025229	19.03960909219191	26.070895865033272
13.370523369261736	19.04826964116912	26.476443705529746
13.494697859688136	19.045310541385494	26.884962245190238
13.615960925351422	19.03044441120429	27.295965810801988
13.734112862407079	19.00340472983901	27.708945515977177
13.84895275525138	18.96394782647599	28.12337021110027
13.960279024359151	18.911854842334833	28.538687610819416
14.0678900045769	18.84693364865722	28.954325601118754
14.171584552047289	18.769020702895276	29.369693726316065
14.271162677586679	18.67798282482559	29.7841848545008
14.366426203982149	18.57371887396741	30.19717701798413
14.457179444319513	18.456161309556744	30.608035423287593
14.543229898110294	18.325277614436953	31.01611462309768
14.6243889616509	18.181071564592987	31.42076084045991
14.700472648732754	18.02358432668892	31.82131443333228
14.771302317532122	17.852895366874048	32.21711248549745
14.836705399244416	17.669123155313134	32.60749150776039
14.896516123803718	17.472425652352282	32.99179023141741
14.950576237837078	17.26300056397287	33.36935247414467
14.998735709865308	17.041085356159474	33.7395300568478
15.040853417663971	16.80695702004351	34.10168574856926
15.07679781266222	16.56093158209965	34.45519621541783
15.106447556268746	16.30336335629848	34.799454948578294
15.12969212309179	16.034643937850696	35.13387514592651
15.146432366150487	15.755200941047873	35.457892521518936
15.156581039370728	15.465496486597157	35.77096801737092
15.160063272910529	15.166025446771132	36.07259039241049
15.156816997171275	14.857313459560666	36.362278664351635
15.146793311716845	14.539914725802047	36.63958438143676
15.129956795739774	14.214409605882093	36.90409370255925
15.106285757177197	13.881402035075876	37.15542926615769
15.07577241808333	13.541516778772179	37.39325183046596
15.038423034404595	13.195396550786626	37.617261670145815
14.994257948867737	12.843699019561496	37.82719971702231
14.943311576278006	12.487093728346794	38.02284843548963
14.885632321118266	12.126258956344007	38.20403242616492
14.821282427940579	11.761878548338478	38.37061875443372
14.750337765632985	11.39463874047087	38.52251700364454
14.672887547223516	11.025225009553456	38.659679055787265
14.589033987439658	10.654318972705298	38.78209860549425
14.498891900767596	10.282595363085758	38.889810416078404
14.402588243244756	9.910719106171571	38.98288932902333
14.300261601666087	9.53934251938321	39.06144904082262
14.192061634280694	9.169102655943414	39.12564066329721
14.078148467400366	8.800618811702838	39.175651085463116
13.95869205262904	8.434490211325242	39.211701156659416
13.833871489650257	8.07129388773676	39.234043711957895
13.703874319677636	7.711582766159654	39.242961461852744
13.568895794781254	7.355883961417788	39.23876476886761
13.429138128347862	7.004697294555403	39.22178933402412
13.28480973192578	6.658494032220252	39.19239381609938
13.136124443631937	6.317715849723584	39.15095740627762
12.983300753186494	5.982774016302333	39.0978773801948
12.82656102846511	5.654048798832408	39.033566648508305
12.666130748253957	5.331889078176172	38.958451326029795
12.502237745636998	5.016612170450997	38.87296833816511
12.335111466163871	4.708503843843354	38.77756308194764
12.164982244634636	4.407818520149259	38.6726871573634
11.992080604004444	4.114779649014197	38.558796182981425
11.816636579557004	3.8295802418653215	38.43634770815254
11.638879071141398	3.5523835517997453	38.305799232263944
11.459035225891805	3.283323885163284	38.16760633975026
11.277329853487442	3.0225075302632147	38.02222095780909
11.093984875639984	2.770013788550855	37.870089742058
10.909218811146232	2.5258960937074035	37.71165259373908
10.723246297488986	2.290183204308019	37.547341310522526
10.536277649649504	2.0628804561593954	37.377578371525765
10.348518456472434	1.8439710609279785	37.202775855828484
10.160169214637312	1.6334174383298157	37.02333449256444
9.971425000015932	1.4311625698843864	36.8396428395928
9.782475175948095	1.2371313630439067	36.652076586809606
9.593503137740319	1.0512320153660177	36.46099797934542
9.40468609249553	0.8733573692974766	36.266755355217306
9.21619487319874	0.7033862490445647	36.06968279144153
9.028193785838669	0.5411847719333616	35.87009985218491
8.840840488205814	0.38660762756543143	35.66831143220089
8.65428589891272	0.23949931897817636	35.46460768859232
8.46867413508327	0.09969536087127309	35.259264053808856
8.284142477106508	-0.03297656920077292	35.05254132277029
8.10082135879075	-0.15869552999708442	34.844685807038466
7.918834381239292	-0.2776462687008873	34.6359295490918
7.738298348743416	-0.39001822787943297	34.42649058991688
7.559323325002354	-0.4960046085636575	34.216573283370714
7.382012707986602	-0.595801490150781	34.00636865102524
7.206463321793821	-0.6896070073122826	33.796054771514164
7.032765523880454	-0.7776205836305543	33.5857971987262
6.861003326100066	-0.8600422212794456	33.37574940353812
6.691254528030246	-0.9370718457108411	33.16605323413805
6.523590861132696	-1.0089087040035092	32.956839390360045
6.3580781423509185	-1.0757508152759017	32.74822790781494
6.194776435821964	-1.1377944713504022	32.54032864797318
6.033740221444793	-1.1952337856874762	32.33324179071016
5.87501856912572	-1.248260288472903	32.127058326181675
5.71865531758665	-1.2970625656457713	31.921860543225325
5.564689256705388	-1.3418259395839562	31.717722511820355
5.413154312420318	-1.382732189127906	31.51471055743373
5.2640797333109886	-1.419959306606325	31.31288372538021
5.11749027803257	-1.4536812895355709	31.11229423359186
4.9734064028534375	-1.4840679646894464	30.912987912450163
4.831844448608419	-1.5112848422784342	30.715004630565275
4.692816826448606	-1.5354929980315004	30.5183787056101
4.556332201823428	-1.55684898104113	30.32313929950645
4.422395676196793	-1.5755047453059252	30.129310797452046
4.291008966046311	-1.5916076029888706	29.936913170428856
4.162170578753858	-1.6053001974957468	29.74596232098963
4.035875985038796	-1.6167204945704623	29.55647041224128
3.9121177876371225	-1.6260017896970758	29.368446180067878
3.790885885966109	-1.6332727301939907	29.181895228727466
3.6721676365611224	-1.6386573504802455	28.996820310055654
3.5559480091010744	-1.6422751190888516	28.81322158657391
3.4422097378796774	-1.6442409960946154	28.63109687887482
3.3309334686055627	-1.644665499715064	28.45044189770222
3.2220979004466557	-1.643654780931139	28.27125046119398
3.115679923258401	-1.641310705059644	28.09351469778799
3.0116547499611053	-1.637730939291318	27.917225235322718
2.909996044049707	-1.6330090452866792	27.742371376878864
2.810676042243699	-1.6272345759964704	27.56894126393158
2.713665672296804	-1.6204931759441303	27.396922027382402
2.618934666006437	-1.6128666842747656	27.226299927052487
2.526451667472493	-1.6044332399378392	27.057060480211174
2.4361843366703093	-1.5952673884300814	26.889188579715356
2.3480994484110833	-1.585440189580294	26.722668602324116
2.262162986773445	-1.5750193259094056	26.55748450774516
2.1783402350967322	-1.5640692111470527	26.393619928955236
2.0965958616343943	-1.5526510985306328	26.231058254324648
2.0168940009700647	-1.5408231885538357	26.06978270205702
1.9391983313052035	-1.52864073586994	25.909776387441784
1.8634721477289509	-1.516156155089954	25.75102238339465
1.7896784315856633	-1.503419125248157	25.593503774746253
1.7177799160559954	-1.4904766927368573	25.43720370671627
1.6477391480706394	-1.4773733725394533	25.28210542799406
1.5795185466747197	-1.464151247615185	25.128192328822934
1.5130804579633088	-1.4508500663117354	24.975447974469763
1.4483872067064774	-1.437507337701865	24.823856134437836
1.3854011447833607	-1.4241584247589933	24.67340080776499
1.3240846965424602	-1.410836635303059	24.524066244726942
1.2644004012053596	-1.397573310663257	24.375836965250066
1.206310952428317	-1.384397912017511	24.228697774316714
1.1497792351356726	-1.3713381043809336	24.082633774631937
1.094768359735801	-1.3584198382260977	23.937630376800335
1.04124169382915	-1.34566742872781	23.793673307248014
0.9891628915149058	-1.3331036326335315	23.650748614107183
0.9384959204009926	-1.3207497227683158	23.508842671267622
0.8892050864187921	-1.3086255601896788	23.367942180782823
0.8412550565422019	-1.2967496640139025	23.22803417380738
0.7946108795072387	-1.2851392789402603	23.08910601022726
0.7492380046261913	-1.2738104405042605	22.951145377133862
0.7051022987868755	-1.2627780380947096	22.814140286279155
0.6621700617258675	-1.2520558757729896	22.678079070641544
0.6204080396603769	-1.2416567309354232	22.5429503802175
0.5797834373620039	-1.2315924108623104	22.408743177148555
0.5402639287516727	-1.2218738071989068	22.27544673028034
0.5018176660932958	-1.2125109484154801	22.143050609245208
0.46441328786005803	-1.2035130502946325	22.011544678148777
0.42801992534535904	-1.1948885644952891	21.880919088936224
0.39260720808710414	-1.1866452252433193	21.75116427450471
0.3581452681720087	-1.1787900941994043	21.622270941623942
0.32460474348341983	-1.1713296035549365	21.494230063718746
0.29195677995430486	-1.1642695974069974	21.367032873564256
0.2601730328839437	-1.1576153714632849	21.240670855936802
0.2292256673750759	-1.1513717111278061	21.11513574026108
0.19908735794541554	-1.1455429280177476	20.990419493287956
0.1697312873654248	-1.140132894961563	20.866514311834106
0.14113114477192584	-1.135145079527806	20.743412615610776
0.1132611231051917	-1.130582576133666	20.621107040166315
0.08609591591449231	-1.1264481367814043	20.4995904299618
0.05961071357578856	-1.122744200470293	20.3788558315993
0.03378119896257977	-1.1194729213307562	20.25889648721679
0.008583542609640338	-1.116636195526689	20.139705828064212
-0.016005602593166135	-1.114235686970961	20.021277468269844
-0.04000910714090548	-1.1122728518983211	19.903605198807618
-0.0634493710536594	-1.1107489623389113	19.78668298167133
-0.08634833038414803	-1.1096651285347219	19.670504944262447
-0.10872746406236132	-1.109022320340313	19.555065373994875
-0.13060780104783726	-1.108821387648201	19.44035871312081
-0.15200992776219377	-1.109063079878297	19.326379553778438
-0.17295399577548928	-1.109748064569835	19.213122633263723
-0.19345972972183695	-1.1108769451132183	19.100582829525376
-0.21354643542066196	-1.1124502776582512	18.98875515688343
-0.23323300818165743	-1.1144685872342348	18.877634761969198
-0.25253794127237356	-1.1169323831164324	18.767216919885925
-0.27147933452892586	-1.1198421734724546	18.657497030586967
-0.29007490309115397	-1.1231984793211356	18.548470615469792
-0.3083419862449482	-1.1270018478355568	18.44013331418211
-0.3262975563552509	-1.1312528650208948	18.33248088163785
-0.34395822787454045	-1.1359521677968993	18.22550918523879
-0.36134026641228456	-1.141100455513831	18.119214202299354
-0.3784595978520949	-1.1466985009298654	18.013592017670135
-0.39533181750394675	-1.1527471606770205	17.908638821557165
-0.41197219927984136	-1.1592473852418417	17.80435090753318
-0.42839570488203615	-1.166200228486196	17.700724670737397
-0.4446169929937909	-1.173606856732716	17.5977566062603
-0.46065042846332566	-1.181468557438603	17.495443307709962
-0.47651009147235035	-1.18978674748069	17.39378146595678
-0.49220978668124393	-1.1985629810738718	17.292767868053605
-0.507763052343664	-1.2077989573442895	17.19239939632783
-0.5231831693838331	-1.217496527577806	17.092673027643347
-0.5384831704305283	-1.2276577021636894	16.99358583282911
-0.5536758488021791	-1.2382846572525847	16.895134976272494
-0.5687737674381751	-1.249379741147264	16.797317715674783
-0.5837892677718167	-1.2609454804438327	16.70013140196737
-0.5987344785410225	-1.2729845859405438	16.60357347938641
-0.6136213245331329	-1.2854999583305537	16.507641485705122
-0.6284615352608114	-1.298494693694478	16.412333052621918
-0.6432666535662275	-1.3119720888078135	16.317645906304076
-0.6580480441513061	-1.3259356462778598	16.22357786808569
-0.6728169020319902	-1.3403890795239979	16.130126855320096
-0.68758426091497	-1.3553363176147641	16.037290882386223
-0.7023610014955267	-1.370781509974453	15.945068061849446
-0.7171578596755434	-1.3867290309715428	15.8534566057771
-0.7319854347009287	-1.4031834844005948	15.762454827209746
-0.7468541972180492	-1.4201497078688363	15.672061141788996
-0.7617744972489298	-1.43763277709803	15.58227406954355
-0.7767565720853062	-1.455638010151825	15.493092236834839
-0.7918105541017385	-1.4741709715981837	15.404514378464535
-0.8069464784882635	-1.493237476616074	15.316539339946074
-0.8221742909031922	-1.5128435950550605	15.22916607994298
-0.8375038550468916	-1.5329956554560418	15.142393672876782
-0.8529449601574972	-1.5537002490408494	15.056221311707892
-0.8685073284296704	-1.574964233678006	14.970648310892987
-0.884200622357604	-1.5967947378314191	14.885674109523071
-0.9000344520036929	-1.6191991644984816	14.80129827464612
-0.9160183821942732	-1.6421851951434465	14.717520504779257
-0.9321619396440175	-1.6657607936316177	14.634340633615286
-0.9484746200105697	-1.6899342101693466	14.551758633929138
-0.9649658948812042	-1.7147139852545796	14.46977462168955
-0.9816452186931962	-1.7401089536420227	14.38838886038248
-0.998522035589769	-1.7661282483267617	14.307601765552388
-1.0156057862134007	-1.7927813045495367	14.227413909568563
-1.0329059144384733	-1.820077863826697	14.147826026623266
-1.0504318740450296	-1.84802797800706	14.068839017969891
-1.0681931353356442	-1.8766420133577915	13.990453957408716
-1.086199191697222	-1.9059306546806702	13.912672097029084
-1.1044595661096896	-1.9359049094599015	13.835494873216541
-1.122983817603333	-1.9665761120418461	13.758923912934774
-1.1417815476667157	-1.9979559278468877	13.682961040291609
-1.1608624066068456	-2.0300563576127972	13.607608283399808
-1.1802360998634405	-2.062889741668813	13.532867881542908
-1.1999123942788	-2.0964687642386535	13.458742292657899
-1.219901124325021	-2.130806457770635	13.385234201145831
-1.2402121982898906	-2.165916207291941	13.312346526023216
-1.2608556044230548	-2.2018117547841114	13.240082429426176
-1.281841417043518	-2.2385072035754447	13.168445325481501
-1.3031798026098553	-2.276017022746101	13.097438889557637
-1.324881025754017	-2.3143560515403934	13.027067067910501
-1.3469554552797185	-2.3535395037804663	12.95733408773872
-1.3694135701260612	-2.393582972274464	12.888244467664128
-1.3922659652970315	-2.4345024332118306	12.81980302865325
-1.4155233577571504	-2.476314250537187	12.752014905396887
-1.439196592293558	-2.5190351802937285	12.68488555816474
-1.4632966473443698	-2.562682374925771	12.618420785153392
-1.4878346407931458	-2.6072733875294754	12.5526267353459
-1.512821835728825	-2.6528261760393637	12.48750992190255
-1.5382696461704528	-2.6993591073375427	12.423077236102392
-1.5641896427555066	-2.746890961270994	12.359335961856335
-1.5905935583905488	-2.7954409345614795	12.29629379081283
-1.6174932938623785	-2.8450286445908866	12.233958838078253
-1.644900923407737	-2.895674133043914	12.172339658574344
-1.6728287002390234	-2.9473978693881198	12.111445264056211
-1.701289062023305	-3.000220754170236	12.051285140814574
-1.7302946363112572	-3.0541641221056235	11.99186926808717
-1.75985824591247	-3.109249744936469	11.933208137204257
-1.7899929142127655	-3.1654998340319387	11.875312771494624
-1.820711870429069	-3.2229370427023256	11.818194746978195
-1.8520285547963489	-3.2815844681962827	11.76186621387303
-1.883956623681105	-3.341465653349083	11.706339918944034
-1.916509954614698	-3.4026045878464806	11.651629228722374
-1.9497026512397406	-3.4650257090674064	11.597748153624165
-1.9835490481615885	-3.528753902465262	11.544711372998265
-2.018063715696564	-3.593814501445445	11.492534261133118
-2.053261464507576	-3.6602332866935687	11.441232914253128
-2.0891573501172114	-3.728036484906189	11.390824178535281
-2.125766677287052	-3.797250766871854	11.341325679177515
-2.163105004251682	-3.8679032448481188	11.292755850549778
-2.201188146794231	-3.94002146917534	11.245133967459697
-2.240032182149699	-4.013633424065217	11.198480177564266
-2.2796534527209777	-4.088767522497562	11.152815534959156
-2.3200685695914895	-4.165452600154971	11.10816203497692
-2.361294415816842	-4.243717908320097	11.06454265022531
-2.40334814947702	-4.32359310565639	11.021981367896007
-2.446247206468676	-4.405108248787199	10.980503228374026
-2.490009303016328	-4.488293781584311	10.94013436517643
-2.5346524378789494	-4.573180523070172	10.900902046248813
-2.5801948942275588	-4.659799653833734	10.862834716645864
-2.626655241166943	-4.748182700852538	10.825962042621555
-2.674052334873591	-4.838361520608851	10.790314957151915
-2.722405319319245	-4.9303682803797235	10.755925706911862
-2.771733626548076	-5.024235437575152	10.7228279007245
-2.822056976472896	-5.119995716990584	10.691056559498819
-2.8733953761539723	-5.217682085833235	10.660648167668043
-2.9257691185211847	-5.317327726373127	10.63164072613748
-2.97919878049827	-5.4189660060625355	10.604073806746099
-3.0337052204847956	-5.522630444958283	10.577988608241538
-3.0893095751493336	-5.6283546802736115	10.553428013762515
-3.1460332554836996	-5.736172427876029	10.5304366498169
-3.2038979420659137	-5.846117440539709	10.509060946736595
-3.2629255794757226	-5.958223462750144	10.489349200583039
-3.3231383698036114	-6.072524181849626	10.471351636468773
-3.3845587651904188	-6.189053175301262	10.4551204732512
-3.447209459331951	-6.307843853840531	10.440709989544342
-3.5111133778776273	-6.4289294002697055	10.428176590983481
-3.5762936676502726	-6.552342703643477	10.417578878664752
-3.642773684608248	-6.678116288579643	10.408977718668542
-3.710576980468721	-6.806282239421181	10.402436312560386
-3.779727287904349	-6.936872118960863	10.398020268747077
-3.850248504223921	-7.0699168814338265	10.395797674547637
-3.9221646734398017	-7.205446779466855	10.395839168819856
-3.99549996662301	-7.343491264667589	10.398218014961762
-4.070278660439851	-7.484078881522802	10.403010174084821
-4.146525113760321	-7.627237154267202	10.410294378130901
-4.224263742222489	-7.772992466373232	10.42015220267838
-4.303518990632438	-7.921369932304489	10.432668139153884
-4.38431530307384	-8.072393261167132	10.447929666135193
-4.4666770905961455	-8.226084611886975	10.466027319397462
-4.550628696344089	-8.382464439532562	10.487054760318822
-4.6361943579879155	-8.541551332404032	10.5111088422235
-4.723398167305681	-8.703361839499642	10.538289674198866
-4.812264026766447	-8.867910287976372	10.568700681879598
-4.902815602955935	-9.035208590218264	10.602448664644891
-4.995076276683079	-9.205266040133843	10.63964384862558
-5.089069089599538	-9.37808909830765	10.680399934864807
-5.184816687161217	-9.553681165643972	10.724834141920763
-5.282341257756009	-9.732042345153367	10.773067242140977
-5.381664467819037	-9.91316919155204	10.825223590776275
-5.482807392752147	-10.097054448364386	10.881431147036981
-5.585790443464529	-10.283686772251869	10.941821486127532
-5.690633288346549	-10.47305044431966	11.006529801223632
-5.797354770491207	-10.665125068198511	11.075694894284592
-5.905972819974105	-10.859885254740087	11.14945915451574
-6.016504361008675	-11.057300293227264	11.227968523220888
-6.12896521379042	-11.257333809054467	11.31137244370171
-6.243369990853486	-11.459943407915596	11.39982379478361
-6.3597319877634595	-11.665080306610824	11.493478806462392
-6.478063067981257	-11.872688950682894	11.592496956086546
-6.598373541740507	-12.082706619195154	11.697040843406972
-6.720672038792685	-12.295063017080741	11.807276042745924
-6.8449653748883135	-12.509679855622649	11.92337093045888
-6.971258411879719	-12.726470421768955	12.045496485788918
-7.099553911349501	-12.945339137144467	12.173826063142418
-7.229852381693102	-13.166181107796335	12.308535133752308
-7.362151918607801	-13.388881665897163	12.449800994636766
-7.496448038974836	-13.613315904843002	12.59780244271899
-7.632733508149182	-13.839348209396722	12.752719411932091
-7.770998160717282	-14.06683178278072	12.914732571119508
-7.911228714819408	-14.295608172870383	13.084022880528746
-8.053408580186623	-14.525506799924921	13.260771104715479
-8.197517660091725	-14.756344488579487	13.445157279705413
-8.343532147474859	-14.987925007137365	13.637360132323806
-8.491424315566679	-15.220038617523695	13.837556449686478
-8.641162303404744	-15.452461639607339	14.045920396967402
-8.79270989671115	-15.684956033945017	14.2626227817046
-8.946026304687026	-15.917269007374703	14.487830263103165
-9.101065933363081	-16.149132646250113	14.721704505018794
-9.257778156245285	-16.3802635824934	14.96440127158911
-9.41610708309017	-16.610362698013475	15.216069464797446
-9.575991327759002	-16.83911487342421	15.476850103643471
-9.73736377620471	-17.066188787351106	15.746875245016458
-9.900151355771444	-17.29123677297865	16.026266846871717
-10.064274807104285	-17.513894738813022	16.31513557485641
-10.229648460098188	-17.733782160942525	16.6135795541556
-10.396180015442521	-17.95050215433758	16.921683069006534
-10.563770333454562	-18.163641630954842	17.239515213084154
-10.732313232026828	-18.372771552567443	17.567128494769964
-10.901695295649814	-18.57744728634057	17.90455740219848
-11.071795697602045	-18.777209071184327	18.251816933910334
-11.242486037531851	-18.971582602845956	18.608901101943843
-11.41363019677403	-19.160079745520978	18.975781415234184
-11.585084213866413	-19.342199377479066	19.352405352291772
-11.756696182830428	-19.51742837777567	19.738694833241865
-11.928306176878214	-19.685242760570706	20.134544702464666
-12.099746200279215	-19.845108962863527	20.539821234213523
-12.270840171185245	-19.996485290596127	20.95436067475027
-12.441403938238448	-20.138823527032514	21.377967835627572
-12.611245333808837	-20.271570706123722	21.81041475384148
-12.780164266676577	-20.394171052166666	22.25143943553773
-12.947952856938782	-20.506068085506122	22.700744700886577
-13.11439561582122	-20.606706892265493	23.157997148475207
-13.279269672961627	-20.695536554172637	23.622826258207176
-13.442345053560503	-20.772012732448857	24.094823652114698
-13.603385007590102	-20.83560039748553	24.573542532716708
-13.76214639299204	-20.88577669365053	25.05849731851266
-13.918380114499891	-20.922033926081955	25.549163495926607
-14.071831619361372	-20.943882653753228	26.044977706383644
-14.222241450844198	-20.950854870484264	26.54533808630351
-14.369345859952434	-20.94250725295304	27.049604876496815
-14.512877475292273	-20.918424452186883	27.557101315839294
-14.65256603047716	-20.87822240252706	28.06711483206191
-14.788139147891828	-20.821551619719575	28.57889854014757
-14.9193231770043	-20.748100457649553	29.091673056022323
-15.045844084779342	-20.657598291358664	29.60462863015598
-15.167428395066745	-20.549818592432665	30.116927602201166
-15.28380417315685	-20.424581861670237	30.627707174060205
-15.394702050998912	-20.28175838321034	31.136082494727834
-15.49985628789515	-20.12127076404274	31.641150046044768
-15.59900586080527	-19.94309622311935	32.14199131408821
-15.691895577756668	-19.747268595137328	32.63767672648851
-15.778277207244367	-19.5338800155349	33.12726983147203
-15.857910615955916	-19.303082255313072	33.60983169007869
-15.93056490666329	-19.05508767700653	34.084425448781786
-15.996019547714374	-18.79016978643358	34.550121055826885
-16.05406548522922	-18.508663358761815	35.006000081025824
-16.10450622888147	-18.210964121867352	35.45116059564174
-16.147158902025385	-17.897527984904773	35.884722066425006
-16.18185524692676	-17.56886980534724	36.305830215928346
-16.20844257597064	-17.225561693454846	36.713661799952
-16.226784659962842	-16.868230859028053	37.107429252487734
-16.236762545006783	-16.49755701136778	37.48638514878217
-16.238275289930343	-16.11426932939377	37.84982643825875
-16.231240616847572	-15.719143024847787	38.197098400910825
-16.215595468167216	-15.312995527184517	38.527598283524604
-16.191296464190234	-14.896682324150609	38.84077857553102
-16.15832025636406	-14.471092496918411	39.136149888504455
-16.11666377226703	-14.037143992981193	39.41328340814472
-16.066344349466597	-13.595778683658862	39.671812892978075
-16.007399756516122	-13.147957255995154	39.9114361998405
-15.939888100501893	-12.694653990901747	40.13191632240296
-15.863887621716902	-12.236851480695181	40.33308193536809
-15.779496377188314	-11.775535339524572	40.51482744346378
-15.686831815915468	-11.311688959721275	40.677112540778595
-15.58603024975724	-10.84628836575129	40.81996129225099
-15.47724622492818	-10.380297215296357	40.943460755091266
-15.360651800005583	-9.91466199407887	41.04775916347747
-15.236435737204207	-9.450307447468584	41.1330637049199
-15.10480261441635	-8.988132287700116	41.19963792116014
-14.965971866158576	-8.52900521089504	41.24779877026587
-14.820176762072814	-8.073761252994752	41.27791338968117
-14.667663332023011	-7.623198508401619	41.29039560233494
-14.508689247091748	-7.17807522964348	41.28570220949831
-14.343522665914755	-6.739107320841383	41.26432911491528
-14.172441055808532	-6.3069662323093185	41.22680732482891
-13.9957299980374	-5.882277258303975	41.17369886792758
-13.813681986356922	-5.465618234913867	41.10559267799185
-13.626595227645543	-5.057518630346369	41.02310048019208
-13.434772453034256	-4.658459015578716	40.92685271964464
-13.238519747449663	-4.268870899468709	40.81749456805407
-13.038145404931763	-3.8891369090638777	40.69568204113427
-12.833958816470608	-3.5195912929916533	40.56207825609274
-12.626269396451557	-3.160520723499677	40.417349854864845
-12.415385553110884	-2.8121653709239496	40.262163615075146
-12.201613707699039	-2.474720223093073	40.0971832669594
-11.985257366332721	-2.148336621395145	39.923066530765354
-11.766616247812333	-1.8331239849321534	39.740462385536716
-11.545985469983028	-1.5291516943018477	39.55000857671391
-11.323654796545773	-1.2364511070575066	39.35232936671292
-11.09990794557746	-0.9550176777411732	39.148033529598266
-10.875021960418467	-0.6848131565397587	38.937712588190564
-10.649266643009504	-0.42576784199058004	38.72193928944011
-10.422904049247403	-0.1777828647629564	38.50126631169815
-10.19618804544565	0.059267518730817585	38.27622519560013
-9.969363924571407	0.2855336422842796	38.047325488673366
-9.742668080545593	0.5011881728958213	37.81505409245146
-9.516327738577804	0.7064238963590374	37.57987479984606
-9.290560739227525	0.901451559057902	37.34222800974597
-9.065575373660165	1.0864977776773304	37.102530605288244
-8.841570267383048	1.2618030267024183	36.86117598194059
-8.618734309611034	1.427619711818525	36.618534211438025
-8.397246625313278	1.5842103356629584	36.37495232769802
-8.1772765869352	1.7318457608247682	36.130754721081935
-7.958983862758854	1.8708035735590347	35.88624362774131
-7.742518498878968	2.00136655036672	35.64169970128723
-7.528021031790998	2.123821228418554	35.39738265458871
-7.315622628659561	2.2384565797378775	35.15353196017837
-7.105445252393129	2.3455627881420176	34.910367598431115
-6.897601848763516	2.445430127126283	34.66809084344924
-6.692196552899024	2.538347936197903	34.42688507733587
-6.4893249126142605	2.6246036925838445	34.18691662433378
-6.289074126153615	2.70448217477206	33.94833559706618
-6.091523292074154	2.7782647139640604	33.71127674789622
-5.896743669119386	2.846228529235673	33.47586031915076
-5.704798944086325	2.9086461419915395	33.242192886682076
-5.515745505823036	2.965784865166217	33.010368191917586
-5.329632723640861	3.0179063625504057	32.78046795820334
-5.146503228558762	3.065266273606129	32.55256268784938
-4.966393195938332	3.1081138991643926	32.326712436859815
-4.789332628192636	3.1466919434730576	32.102967564847475
-4.615345636388901	3.1812363081667416	31.881369458129004
-4.444450719673689	3.211975933868564	31.661951224421067
-4.2766610415775235	3.239132685288158	31.44473835797415
-4.111984702353634	3.262921275858154	31.229749374325
-3.9504250066188966	3.283549228137808	31.016996414182913
-3.7919807256514897	3.3012168664118464	30.806485816236275
-3.6366463537995584	3.316117338114549	30.598218658928037
-3.4844123585288016	3.328436660916512	30.39219127145289
-3.3352654237240262	3.3383537925165947	30.188395714428985
-3.1891886859209753	3.3460407203866827	29.986820230843144
-3.0461619632182866	3.351662568916304	29.787449668013465
-2.906161976672705	3.3553777215994396	29.590265871415266
-2.7691625640374853	3.357337956093791	29.39524805130943
-2.635134885750701	3.3576885901634332	29.202373123179722
-2.5040476231270534	3.356568636688128	29.01161602304312
-2.3758671687400015	3.3541109660862363	28.822949998726727
-2.2505578090229488	3.35044247465269	28.636346878239525
-2.128081899141958	3.3456842574588674	28.45177731636994
-2.008400030225168	3.3399517845973627	28.269211020651007
-1.8914711890526867	3.333355079681531	28.088616957821415
-1.7772529103348922	3.3259988996277503	27.909963541902666
-1.6657014217214392	3.317982914857448	27.7332188049878
-1.556771781700165	3.3094018891568244	27.558350551815053
-1.450418010555262	3.3003458585247034	27.385326499166748
-1.3465932145660289	3.290900308423998	27.214114401103366
-1.2452497036335581	3.281146348929678	27.044682161003458
-1.146339102531047	3.27116088733695	26.876997931345354
-1.0498124559757451	3.2610167978572555	26.711030202123208
-0.9556203277256441	3.250783088087892	26.546747878752466
-0.8637128939044453	3.2405250619932637	26.3841203502763
-0.7740400307606307	3.2303044791829523	26.223117548645998
-0.6865513970640172	3.2201797103137455	26.06370999980331
-0.6011965113447845	3.210205888480703	25.905868867257137
-0.5179248241751704	3.200435056495514	25.749565988801784
-0.4366857856946783	3.1909163099804716	25.594773906990945
-0.3574289085733784	3.181695936232242	25.44146589393791
-0.28010382660689653	3.1728175488329824	25.28961597098062
-0.2046603491309923	3.1643222180063075	25.139198923711596
-0.13104851144105154	3.1562485967334117	24.99019031284223
-0.059218621394967266	3.148633042659563	24.84256648133378
0.010878697624002278	3.141509735834627	24.696304558202193
0.07929246721557623	3.134910792342104	24.55138245936856
0.14607131777570082	3.1288663738809133	24.407778885904044
0.21126345545568423	3.123404793371852	24.265473319987116
0.27491663211123885	3.118552616667413	24.124446018870273
0.33707811809263316	3.114334760448805	23.984678007125375
0.3977946777306643	3.1107745863984326	23.846151067418177
0.45711254737958434	3.1078939917392883	23.70884773003872
0.5150774158819742	3.1057134962352824	23.57275126139751
0.5717344073268104	3.104252325748173	23.437845651676206
0.6271280659758043	3.1035284924479263	23.304115601807
0.6813023432388945	3.103558871773817	23.171546509936654
0.7343005865833471	3.1043592762436387	23.04012445751923
0.7861655302673186	3.105944526207998	22.909836195163376
0.836939287791057	3.108328517645934	22.780669128352827
0.8866633459654529	3.1115242870970405	22.652611303141583
0.9353785605001043	3.115544073823936	22.525651391919073
0.9831251530188467	3.1203993792974205	22.39977867932632
1.0299427094133482	3.126101024094874	22.27498304839857
1.0758701794502958	3.132659202300641	22.15125496699862
1.120945877550616	3.140083533495024	22.028585474599737
1.165207484663775	3.1483831124165396	21.90696616946734
1.208692051162766	3.1575665563797504	21.786389196284784
1.2514360006895284	3.167642050528847	21.66684723426074
1.2934751348832687	3.178617391004736	21.5483334857518
1.3348446389277946	3.190500026101172	21.430841665427817
1.375579087856551	3.2032970954829847	21.314365990004358
1.4157124535573404	3.2170154675371916	21.198901168561754
1.45527811242106	3.2316617749252483	21.084442393467928
1.494308853582112	3.2472424484025475	20.97098533191731
1.532836887699924	3.263763748968597	20.858526118097547
1.5708938562342978	3.2812317984092765	20.74706134599108
1.608510841168854	3.2996526082898883	20.636588062818646
1.645718375139864	3.3190321074557176	20.52710376312782
1.682546451929224	3.339376168094195	20.418606383530012
1.7190245372830169	3.3606906304107746	20.31109429808608
1.755181580018419	3.3829813259680286	20.20456631434145
1.7910460233842787	3.4062540997356154	20.099021670008558
1.8266458166417627	3.4305148308961195	19.994460030295677
1.8620084268338497	3.4557694524500078	19.890881485878477
1.8971608507133442	3.482023969660282	19.788286551512183
1.9321296268013557	3.5092844773757714	19.68667616527969
1.9669408475490127	3.537557176269421	19.58605168847231
2.0016201715768585	3.5668483880260453	19.486414906098908
2.036192835967572	3.597164569511817	19.387768028019135
2.070683668589097	3.6285123259558754	19.29011369069594
2.1051171004258076	3.660898423171845	19.193454959564157
2.139517177897304	3.6943297988457524	19.0977953320095
2.173907575144516	3.728813572913959	19.00313874095508
2.2083116062644876	3.764357057053371	18.909489559050538
2.2427522374755244	3.80096776330359	18.816852603460646
2.2772520991956116	3.8386534118390556	18.725233141249245
2.311833498017451	3.8774219379068517	18.63463689535555
2.3465184285643694	3.9172814979440678	18.54507005115939
2.3813285852117856	3.9582404748863023	18.456539263632763
2.4162853736597683	4.000307482677201	18.36905166507446
2.4514099223422137	4.04349136998624	18.282614873426237
2.48672309365943	4.0878012231408345	18.19723700116711
2.5222454950203232	4.133246368275614	18.112926664784847
2.5579974896817363	4.179836372700802	18.02969299482164
2.5939992073718137	4.227581045488346	17.947545646493232
2.630270554685427	4.276490437273464	17.866494810878763
2.6668312252390423	4.326574839266038	17.786551226680537
2.703700709573165	4.37784478146494	17.707726192551437
2.7408983047902695	4.430311030065708	17.630031579988515
2.778443123916205	4.48398458404989	17.553479846790903
2.8163541049731253	4.538876670942163	17.478084051079858
2.8546500197518103	4.59499874171892	17.403857865878795
2.8933494822712342	4.652362464849818	17.330815594250545
2.932470956913014	4.710979719451349	17.258972184988878
2.972032766218154	4.7708625875291215	17.18834324886057
3.0120530983333027	4.832023345283158	17.118945075393952
3.052550014093293	4.894474453447891	17.050794650208978
3.0935414537265897	4.958228546636332	16.983909672883005
3.135045243169617	5.023298421654989	16.918308575345716
3.177079099975808	5.0896970247540185	16.854010540795063
3.2196606388041826	5.157437437773654	16.791035523125835
3.2628073764725434	5.2265328631466135	16.72940426685957
3.306536736558779	5.296996607711923	16.669138327564806
3.3508660535341726	5.368842065294503	16.61026009275315
3.395812576410882	5.442082698000537	16.552792803236468
3.441393471886135	5.5167320161775395	16.496760574926707
3.4876258269637326	5.592803556983484	16.442188421059363
3.53452665103382	5.6703108615083355	16.38910227481735
3.582112877389905	5.7492674503868155	16.33752901233089
3.630401364162263	5.829686797840088	16.287496476024632
3.6794088946449146	5.911582304079598	16.239033498281312
3.72915217699333	5.994967266005077	16.192169925386526
3.779647843267986	6.079854846124289	16.14693664171662
3.830912447799029	6.1662580396213675	16.10336559412627
3.8829624648448404	6.254189639495558	16.061489816489335
3.9358142855175315	6.343662199691942	16.021343454340478
3.9894842139460307	6.434687996141064	15.98296178956104
4.043988462647288	6.527278985623817	15.946381265046302
4.099343147073741	6.621446762373544	15.911639509286292
4.155564279305391	6.717202512327683	15.878775360784944
4.212667760851951	6.814556964936462	15.84782889223692
4.270669374530945	6.91352034243722	15.818841434373123
4.3295847753845225	7.014102306498246	15.791855599379412
4.389429480598419	7.116311902137999	15.766915303783913
4.45021885838339	7.220157498821512	15.744065790700693
4.5119681157796965	7.3256467286376425	15.723353651307754
4.574692285342521	7.432786421458102	15.7048268454283
4.63840621066654	7.5415825369820295	15.68853472107353
4.7031245307051055	7.65204009356781	15.674528032795074
4.768861662839616	7.764163093757126	15.662858958683504
4.835631784652614	7.877954446396483	15.653581115837863
4.903448814357964	7.99341588526515	15.646749574118548
4.972326389839587	8.110547884120189	15.64242086798314
5.042277846250359	8.229349568074701	15.640653006191044
5.113316192121194	8.349818621228948	15.641505479148936
5.1854540839305905	8.471951190481233	15.6450392636542
5.258703799083341	8.59574178545032	15.651316824778512
5.3330772072482535	8.72118317445172	15.660402114617968
5.408585740003358	8.848266276477219	15.672360567620053
5.485240358737942	8.976980049138842	15.687259092181112
5.56305152076098	9.107311372550434	15.705166058191017
5.642029143566376	9.239244929133877	15.726151280184503
5.722182567205716	9.372763079351323	15.750285995740823
5.803520514721591	9.507845733383814	15.777642838755884
5.886051050595092	9.644470218793831	15.808295807192927
5.969781537164427	9.78261114423279	15.842320224900236
6.054718588972612	9.922240259275318	15.87979269706629
6.140868025006759	10.063326310490526	15.92079105886579
6.228234818793514	10.205834893886275	15.965394316832507
6.316823046321003	10.349728303895956	16.013682582479216
6.406635831760167	10.494965379107297	16.06573699766847
6.4976752909663755	10.6415013449733	16.12163965122469
6.5899424727452995	10.789287653779814	16.181473486263304
6.68343729787716	10.93827182219189	16.245322197702798
6.778158495897758	11.088397266741028	16.313270119413716
6.87410353964623	11.239603137668885	16.385402100452822
6.971268577596241	11.391824151590672	16.461803369823762
7.069648364000409	11.54499042350076	16.542559389205106
7.169236186886157	11.699027298696773	16.627755693085447
7.270023793956789	11.85385518526495	16.71747771575231
7.372001316461978	12.009389387829462	16.811810604587933
7.4751571911200125	12.165539943341608	16.910839019141374
7.57947808018652	12.322211459750195	17.014646915461917
7.684948789784393	12.479302958472397	17.123317315205615
7.79155218662677	12.636707721658567	17.236932059056198
7.899269113284553	12.794313145322567	17.355571544038874
8.008078302171215	12.952000599489825	17.47931444435036
8.117956288440654	13.109645296597538	17.608237415381925
8.228877322015414	13.267116169460968	17.742414780671258
8.340813278990858	13.424275760206774	17.881918201592786
8.453733572682406	13.580980121649793	18.026816329670844
8.567605064616004	13.73707873267813	18.17717444149676
8.682391975784702	13.892414429281692	18.333054056324936
8.79805579852813	14.046823352940235	18.494512536539997
8.914555209419852	14.20013491815458	18.661602671307907
9.031845983580125	14.352171800971044	18.83437224386063
9.149880910861762	14.502749950405	19.01286358300879
9.26860971439256	14.651678624723106	19.19711309964091
9.387978971985582	14.798760454577245	19.387150809132226
9.507932040967228	14.943791535018507	19.582999840778413
9.628408986999819	15.086561548427067	19.784675935555917
9.749346517511315	15.226853920398138	19.99218693372284
9.870677920373927	15.364446010604226	20.205532253987922
9.992333008504044	15.499109340618409	20.424702366202293
10.114238071083326	15.630609860625075	20.649678259761696
10.23631583212655	15.758708256864118	20.880430910146895
10.35848541714667	15.883160301551191	21.116920746278076
10.480662328686043	16.00371724688319	21.359097121604353
10.602758431499996	16.12012626457903	21.606897792098824
10.724681948192453	16.23213093221746	21.86024840457844
10.846337466108574	16.33947176741043	22.119061999003936
10.967625956294869	16.441886810600977	22.383238528653994
11.08844480533084	16.539112256985746	22.65266440228238
11.208687860827768	16.630883137744778	22.927212052574284
11.328245491371533	16.716934050407044	23.206739535398693
11.44700466166457	16.796999937796713	23.491090164519967
11.564849023583195	16.870816914582985	23.78009218654874
11.681659023831287	16.93812314001265	24.073558501023477
11.797312028813916	16.998659734923198	24.371286430556747
11.911682467299386	17.052171740635462	24.673057546007563
12.024641991361824	17.098409116796695	24.978637551592865
12.136059656021278	17.137127774705643	25.287776234778427
12.245802117901988	17.16809064209326	25.60020748563279
12.35373385313276	17.191068754772235	25.915649390135574
12.459717394598686	17.205842370003868	26.233804401655487
12.563613588534237	17.212202095874808	26.554359594485117
12.665281870315916	17.20995003043299	26.876987002914333
12.764580559174165	17.198900903811982	27.20134404885611
12.861367171396822	17.178883216083808	27.527074060499345
12.955498751441738	17.149740363130977	27.8538068838551
13.046832220215121	17.111331742429734	28.181159588387718
13.13522473961034	17.06353383029497	28.508737267198544
13.22053409222879	17.006241221866592	28.836133931421045
13.302619075041086	16.939367624919747	29.16293349766593
13.381339905572421	16.86284679847393	29.488710866451004
13.456558639033402	16.776633427157222	29.813033088647707
13.528139594651588	16.680703922368423	30.13546061601876
13.595949789307552	16.575057141465003	30.455548630985167
13.65985937642701	16.459715016509545	30.772848449783613
13.719742087950229	16.334723084512387	31.08690899225929
13.775475677071405	16.20015091164177	31.39727831059892
13.826942359338378	16.056092404503545	31.703505168460673
13.874029249609562	15.902666002347129	32.00514066112448
13.91662879229643	15.740014744905244	32.301739866550626
13.95463918227018	15.568306211528851	32.592863516571036
13.987964773785539	15.387732328317911	32.87807967688139
14.016516474771615	15.19850904107383	33.15696542404337
14.0402121238646	15.000875853077488	33.42910850739154
14.058976847604608	14.79509522794284	33.694108983528125
14.072743395296376	14.5814518590565	33.95158081104868
14.08145244913382	14.360251808415985	34.20115339321123
14.085052907317875	14.131821518954375	34.44247305651485
14.083502138049148	13.896506705721004	34.67520445352204
14.07676620245465	13.654671132509243	34.89903187880069
14.064820044707204	13.40669528170533	35.11366048752422
14.047647647816277	13.15297492622236	35.318817407083586
14.025242153807323	12.893919613399637	35.51425273298723
13.99760594726059	12.629951071638681	35.69974040137603
13.96475070144718	12.361501551328328	35.8750789316184
13.926697386576134	12.089012112248877	36.04009203367878
13.883476239950138	11.81293087015045	36.19462907623816
13.83512669811133	11.533711215532165	36.33856541288947
13.781697291346797	11.251810017857686	36.471802565082086
13.723245501202147	10.967685828454092	36.5942682618697
13.659837581928295	10.681797095230436	36.705916337862895
13.591548347048818	10.39460040206161	36.80672649211525
13.518460922487012	10.106548745263073	36.896703911939255
13.440666467924355	9.818089859008106	36.975878766851935
13.358263868279561	9.529664600854966	37.04430557896261
13.27135939738825	9.241705407728746	37.10206247713566
13.180066356137877	8.954634831807045	37.149250343161604
13.084504687454782	8.668864164749133	37.18599185895686
12.984800570666211	8.384792157663322	37.21243046446349
12.881085997847793	8.102803843073575	37.22872923644465
12.773498334841856	7.823269464023196	37.23506969875253
12.662179869665321	7.546543514270527	37.231650574896285
12.547277351047342	7.272963892391017	37.21868649384985
12.428941519819835	7.002851171441823	37.19640666002473
12.307326635853444	6.736507984747472	37.16505349819298
12.182590003169327	6.474218527292469	37.12488128389136
12.054891495781375	6.216248171210561	37.07615476947729
11.924393086719125	5.962843192912687	37.01914781555058
11.791258382570689	5.714230608549641	36.95414203691714
11.655652165747846	5.470618113720138	36.88142547165861
11.517739946534826	5.232194122659745	36.801291281204136
11.377687526822132	4.999127901546257	36.71403648858342
11.235660577266792	4.7715697900685266	36.61996076129309
11.091824229445653	4.549651504996131	36.51936524443645
10.946342684398179	4.333486519185808	36.41255144901893
10.799378838773169	4.123170509233285	36.299820199499464
10.651093929623586	3.9187818648566872	36.18147064393437
10.501647198712686	3.720382253037414	36.057799329297936
10.351195577029646	3.5280172299779924	35.92909934384897
10.199893390040257	3.3417168940212996	35.795659527722165
10.047892084045587	3.161496572841216	35.65776375228447
9.895339973861605	2.9873575384159348	35.5156902681906
9.742382011897954	2.8192877435651624	35.36971112152891
9.589159578569168	2.657262574119056	35.2200916369395
9.435810293857472	2.5012456111313752	35.06708996614886
9.282467849722888	2.351189397897298	34.91095669996256
9.129261862960078	2.207036206922299	34.7519345414236
8.976317748001305	2.068718802372216	34.5902580375478
8.823756609088578	1.9361611939390684	34.42615336681468
8.671695151161877	1.8092793784531938	34.25983817939756
8.52024560875054	1.6879820659716487	34.091521486973214
8.369515692103	1.572171387463114	33.92140359884902
8.219608549747875	1.4617435815894657	33.74967610108311
8.070622746645517	1.3565896584497918	33.576521875245696
7.922652257067169	1.2565960385044777	33.402115153478945
7.775786471318666	1.1616451652257591	33.22662160654499
7.630110215420783	1.0716160903358405	33.05019846161791
7.485703782850908	0.98638503078061	32.8729946466542
7.34264297746107	0.9058258968597888	32.69515095828702
7.200999166690187	0.8298107911763692	32.51680025030158
7.06083934420728	0.7582104782950138	32.33806763988642
6.922226201139121	0.6908948251995811	32.159070728996234
6.785218205058785	0.6277332128203571	31.97991983831239
6.649869685936847	0.5685949190604362	31.800718251442795
6.516230928286679	0.5133494738901456	31.621562467163063
6.384348268762993	0.46186698719679126	31.442542457657275
6.2542641985086265	0.4140184501800798	31.26374193088068
6.126017469575842	0.36967601116701	31.085238595321236
5.99964320478417	0.32871322678919557	30.907104425592717
5.875173010409893	0.29100528951904964	30.729405927439256
5.752635091142687	0.25642923260366657	30.552204400882996
5.632054366773187	0.22486411346153995	30.375556200375314
5.513452590117354	0.1961911766272519	30.19951299095436
5.396848465713152	0.17029399733564327	30.024121999529854
5.282257768862842	0.1470586068373535	29.84942626054002
5.169693464623273	0.12637360052830687	29.675464855330176
5.059165826383563	0.10813022996194692	29.502273144713193
4.950682553695504	0.09222247979135202	29.329882994260043
4.844248889057236	0.07854713066403746	29.15832299196528
4.739867733373721	0.06700380906192552	28.987618658004614
4.637539759851047	0.0574950250473032	28.81779264638548
4.537263526101194	0.049926198839516434	28.648864938348616
4.439035584264566	0.04420567711073405	28.48085302744895
4.342850588975834	0.040244739849945185	28.313772096290336
4.248701403024561	0.0379575986051694	28.14763518494377
4.156579200579376	0.03726138687353013	27.9824533511161
4.066473567866376	0.03807614336875894	27.818235822178348
3.9783726012083283	0.04032478885554619	27.654990139191973
3.8922630023494547	0.04393309720057745	27.492722293102183
3.8081301710046116	0.048829661251181815	27.33143685328871
3.725958294587474	0.05494585411445422	27.171137088687274
3.645730435084016	0.06221578637277817	27.011825081708643
3.5674286130509483	0.07057625973581057	26.853501835197875
3.4910338887283867	0.07996671759458779	26.696167372683767
3.4165264402676825	0.09032919291012191	26.539820832179238
3.343885639082696	0.10160825383731782	26.38446055379499
3.2730901223429636	0.1137509474545404	26.230084161435695
3.2041178626324895	0.12670674194065867	26.07668863884462
3.13694623480667	0.1404274675137724	25.92427040026646
3.0715520800839045	0.1548672564202771	25.77282535599221
3.00791176741503	0.16998248223831822	25.62234897304922
2.946001252177357	0.18573169873690484	25.472836331293255
2.8857961322450563	0.20207557851016902	25.32428217515599
2.8272717014897917	0.2189768515863592	25.176680961292075
2.7704030007701146	0.23640024419181926	25.030026902367073
2.715164866468916	0.2543124178329878	24.884314007215924
2.661531976641806	0.2726819088425827	24.73953611759751
2.609478894839661	0.29147906852119726	24.595686941759443
2.5589801116711524	0.3106760039909242	24.4527600850221
2.5100100841707396	0.3302465198648779	24.310749077578805
2.4625432730396386	0.3501660608238133	24.16964739970421
2.4165541778264856	0.3704116551802106	24.029448504550842
2.372017370115497	0.3909618594994558	23.89014583870779
2.3289075247892352	0.41179670433842697	23.751732860685166
2.2871994494333125	0.43289764115280294	23.6142030574809
2.246868111949531	0.45424749041651064	23.477549959377097
2.2078886664438673	0.47583039098909186	23.34176715310662
2.170236477454155	0.4976317507604243	23.206848293520068
2.133887142582577	0.5196381985954802	23.072787113879443
2.098816513595968	0.5418375375967829	22.939577434893604
2.0650007160568213	0.5642186996965894	22.807213172606787
2.0324161675459593	0.5867717015866378	22.675688345241863
2.00103959453734	0.6094876019886537	22.544997079096166
1.9708480479833639	0.6323584602655472	22.415133613578337
1.9418189176686955	0.6553772963691717	22.286092305472415
1.9139299453882541	0.6785380521181061	22.157867632505887
1.8871592370043742	0.7018355537956659	22.03045419629593
1.8614852734362293	0.7252654760562384	21.90384672474108
1.8368869206335054	0.7488243071255852	21.77804007392209
1.8133434385844678	0.7725093152791583	21.653029229569515
1.7908344894075765	0.796318516580333	21.528809308153498
1.7693401445737307	0.8202506438595601	21.405375557644103
1.7488408913053906	0.8443051169135022	21.282723357990143
1.7293176381968107	0.8684820139026752	21.16084822135785
1.7107517200985296	0.8927820439247688	21.039745792169406
1.6931249023075652	0.9172065207403061	20.9194118469768
1.6764193841035653	0.9417573376263628	20.799842294204854
1.6606178016695088	0.9664369433338239	20.68103317379311
1.6457032304344135	0.9912483191228976	20.562980656765255
1.6316591868738648	1.0161949568516588	20.445681044750657
1.618469629803129	1.0412808380917304	20.3291307694824
1.6061189611959938	1.0665104142455188	20.213326392292043
1.5945920265614757	1.091888587638879	20.098264603621622
1.5838741149089968	1.1174206935635353	19.983942222569663
1.5739509583316391	1.1431124832431987	19.870356196488327
1.5648087312356533	1.16897010769787	19.757503600645443
1.5564340492434308	1.1950001024805113	19.645381637965976
1.5488139677957904	1.2212093732609666	19.533987638864012
1.541935980478508	1.2476051822317429	19.423319061177587
1.5357880170967484	1.2741951353110335	19.313373490215493
1.530358441520156	1.3009871701181888	19.204148638926423
1.525636049320195	1.327989544697626	19.09564234819802
1.5216100652204432	1.3552108269670853	18.98785258729461
1.5182701403794854	1.3826598848668912	18.880777454440103
1.5156063495251761	1.4103458771869268	18.77441517755341
1.5136091879580746	1.4382782450487375	18.66876411514197
1.51226956844103	1.4664667040202013	18.56382275736009
1.511578817990978	1.4949212368411104	18.45958972723652
1.511528674588238	1.5236520867377916	18.35606378207777
1.512111283817757	1.5526697513059957	18.253243815050876
1.5133191954560032	1.5819849769410452	18.15112885695158
1.515145360016438	1.6116087537951471	18.049718078161817
1.5175831252657968	1.6415523112418298	17.94901079080165
1.520626232722695	1.6718271138281287	17.849006451079777
1.5242688141494003	1.7024448576952487	17.74970466184763
1.5285053880469794	1.7334174674491114	17.65110517536125
1.5333308561633558	1.7647570934622092	17.55320789625608
1.538740500023287	1.7964761095890454	17.45601288473858
1.5447299774885621	1.8285871112770493	17.3595203600007
1.5512953193563077	1.8611029140560515	17.263730703860865
1.5584329260025653	1.894036552388768	17.168644464638056
1.5661395640779676	1.9274012788659858	17.074262361262907
1.5744123632616358	1.961210563729476	16.98058528763271
1.5832488130790896	1.995478094706666	16.887614317215178
1.592646759789375	2.0302177771408356	16.795350707907506
1.6026044033461944	2.0654437344009944	16.703795907156955
1.6131202944373744	2.1011703085557407	16.612951557349486
1.6241933316065584	2.137412061295528	16.522819501473467
1.6358227584605698	2.174183775087795	16.433401789065723
1.6480081609655608	2.211500454549796	16.344700682447137
1.66074946483449	2.2493773280234284	16.25671866325641
1.6740469330083163	2.287829849337193	16.16945843928933
1.6879011632326546	2.3268736997395227	16.082922951653035
1.7023130857315014	2.3665247899884583	15.99711538224354
1.7172839609790507	2.4067992625818837	15.912039161556526
1.7328153775704518	2.4477134941129735	15.827697976840645
1.7489092501918517	2.4892840977349193	15.74409578060383
1.7655678176897875	2.531527925719008	15.66123679948307
1.7827936412396157	2.574462072089794	15.579125543488669
1.8005896026123376	2.6181038753208794	15.497766815634305
1.8189589025387447	2.6624709210742425	15.417165721965024
1.8379050591696109	2.7075810449660525	15.337327681994998
1.8574319066301481	2.753452335341053	15.258258439568054
1.8775435936666796	2.8001031360373423	15.179964074153975
1.8982445823830802	2.847552049122682	15.102451012594186
1.9195396470642057	2.895817937582945	15.025726041310744
1.9414338730831149	2.944919927942533	14.949796318993135
1.963932655888583	2.9948774127959807	14.87466938977753
1.987041700068866	3.0457100532288446	14.800353196934129
2.0107670184875586	3.0974377811056817	14.726856097077675
2.0351149314865644	3.1500808012010735	14.654186874917915
2.060092066151275	3.2036595931496925	14.582354758565707
2.08570535563209	3.258194913189162	14.51136943541232
2.1119620385164457	3.3137077956692926	14.441241068598535
2.138869658244678	3.370219554299217	14.371980314091386
2.166436062562803	3.427751783103089	14.303598338386196
2.194669403004578	3.486326357053075	14.236106836852231
2.2235781343949457	3.5459654323474106	14.169518052739976
2.2531710143660537	3.6066914462988238	14.103844796869067
2.283457102876906	3.6685271167978453	14.03910046801506
2.314445761726585	3.7314954413125077	13.97529907401452
2.346146654050818	3.7956196953849974	13.912455253606831
2.378569743790632	3.860923430582865	13.850584299032132
2.411725295121481	3.927430471860934	13.789702179403811
2.44562387183005	3.995164914286732	13.729825564874886
2.4802763366256837	4.064151119080824	13.670971851616363
2.5156938503720925	4.1344137089198245	13.613159187626213
2.5518878712245376	4.205977562447864	13.5564064993866
2.588870153656489	4.2788678079387825	13.500733519386928
2.626652747359007	4.353109816048605	13.446160814529334
2.6652479959949216	4.4287291915942655	13.39270981543285
2.704668535789209	4.505751764291911	13.340402846650909
2.7449272939351976	4.584203578383183	13.289263157816844
2.7860374867959896	4.664110881076003	13.239314955729473
2.8280126178782834	4.745500109720495	13.190583437390819
2.8708664755554536	4.828397877638482	13.143094824005106
2.914613130514599	4.912830958519199	13.096876395947325
2.9592669329015537	4.9988262692907	13.051956528706762
3.0048425091357807	5.0864108513707755	13.008364729809148
3.0513547583661107	5.175611850197432	12.966131676717778
3.0988188485360904	5.266456492933022	12.925289255711602
3.1472502120266794	5.358972064232152	12.885870601734274
3.196664540841426	5.453185879956665	12.847910139205164
3.24707778129854	5.549125258717649	12.811443623778354
3.298506128191067	5.646817491116339	12.77650818503204
3.3509660183754453	5.7462898065521095	12.74314237006497
3.404474123746089	5.84756933745872	12.711386187971405
3.4590473435515894	5.950683080824278	12.681281155159963
3.514702796005696	6.055657856843774	12.652870341475158
3.5714578091444915	6.162520264548022	12.626198417072832
3.629329910877713	6.271296634244531	12.601311699993348
3.6883368181809866	6.382012976601955	12.578258204367055
3.748496425371619	6.494694928200557	12.5570876891779
3.8098267914093027	6.6093676933673	12.537851707500197
3.872346126159483	6.726055982106336	12.520603656112895
3.936072775554485	6.844783943929749	12.505398825383612
4.001025205584769	6.965575097387672	12.492294449301694
4.0672219850494	7.088452255090447	12.481349755525695
4.134681766992065	7.213437444010443	12.472626015295532
4.203423268745775	7.340551820845635	12.46618659304343
4.27346525050586	7.469815582221461	12.462096995520428
4.3448264923487905	7.60124786950516	12.460424920236415
4.417525769609448	7.7348666679998015	12.461240302991952
4.491581826528315	7.8706887002859665	12.464615364258542
4.567013348074849	8.008729313473037	12.470624654141501
4.643838929851809	8.149002360123852	12.479345095635125
4.722077045981094	8.291520072614276	12.490856025854265
4.801746014869405	8.43629293069166	12.505239234899012
4.8828639627481945	8.583329521997122	12.522579001980164
4.965448784881094	8.732636395323254	12.542962128402857
5.049518104327137	8.884217906380902	12.566477966972986
5.13508922814862	9.038076055861753	12.59321844735782
5.222179100947055	9.194210319588045	12.623278096895826
5.310804255612081	9.352617470559178	12.656754056314377
5.400980761163458	9.51329139271496	12.693746089774148
5.492724167568415	9.67622288625948	12.734356588619661
5.586049447412838	9.841399464406166	12.778690568172431
5.680970934307805	10.00880514143578	12.826855656861024
5.777502257910316	10.178420211983326	12.878962076936496
5.875656275441512	10.350221021509794	12.935122615977372
5.975444999584706	10.524179727948528	12.99545258834062
6.076879522650949	10.700264054564583	13.060069785668901
6.179969936901133	10.87843703411097	13.129094415515704
6.284725250921466	11.058656744426436	13.202649027103917
6.391153301952229	11.24087603567659	13.280858423184586
6.499260664079534	11.425042249513261	13.363849556917666
6.6090525522068635	11.611096930500436	13.451751412650399
6.720532721735043	11.798975530241602	13.544694869427133
6.833703363889638	11.988607104732285	13.642812546022336
6.948564996650999	12.179914005566152	13.746238626253612
7.065116351254784	12.37281156572656	13.855108663295573
7.18335425425324	12.56720778082124	13.96955936169155
7.303273505142773	12.763002986736867	14.089728335733811
7.424866749590977	12.960089534835545	14.215753842872832
7.54812434831767	13.158351465955331	14.347774490806287
7.673034241716141	13.357664184639079	14.485928916905584
7.799581810327897	13.557894135175447	14.63035543864824
7.927749731323357	13.758898481219171	14.781191673757293
8.057517831172268	13.960524790932595	14.938574128783959
8.188862934734837	14.162610729793416	15.10263775493466
8.321758711042165	14.364983763403853	15.273515470011477
8.456175516086589	14.56746087285062	15.451337645434723
8.592080232992146	14.769848285375387	15.636231557430984
8.72943610998932	14.97194122333094	15.828320801608053
8.868202596677103	15.17352367461864	16.027724670303513
9.008335179118488	15.37436818802376	16.23455749228711
9.1497852143765	15.5742356970768	16.4489279346112
9.292499765172645	15.772875376290488	16.670938266663683
9.43642143541421	15.970024533816868	16.900683586750432
9.581488207417307	16.165408544770933	17.13825101185981
9.727633281724591	16.35874082963876	17.383718831605936
9.874784920498747	16.549722882351325	17.637155627738892
10.022866295549564	16.73804435273498	17.89861936102695
10.171795342138898	16.923383188161782	18.168156427783007
10.321484619781161	17.105405839283204	18.445800688787315
10.471841181346301	17.283767534772696	18.731572473901412
10.622766451843914	17.45811262997692	19.025477566215095
10.774156118347776	17.62807503431317	19.327506170165236
10.925900032591255	17.793278722121595	19.637631868678728
11.077882127831323	17.95333833148856	19.955810575028323
11.229980351639016	18.107859855293718	20.281979485741978
11.382066616330533	18.256441428396037	20.616056041576226
11.534006768791675	18.398674214445453	20.957936904219032
11.685660581485692	18.534143395300514	21.307496957056976
11.836881766449649	18.66242926542398	21.66458833897429
11.987518014093833	18.78310843293286	22.02903952077658
12.137411058600627	18.895755128175477	22.400654434392496
12.286396771697618	18.99994261981779	22.77921166554883
12.434305286519963	19.095244737417037	23.16446372104698
12.580961153215638	19.181237498375967	23.5561363821688
12.726183527840584	19.257500835978234	23.953928155988486
12.869786395983043	19.32362042394317	24.35750983656404
13.011578832398017	19.379189591584034	24.7665241879865
13.151365297771848	19.42381132224854	25.18058576119186
13.2889459735251	19.457100326252156	25.59928085614646
13.424117135343565	19.478685178022094	26.022167640611283
13.556671565861373	19.488210505654724	26.448776436046387
13.68639900664482	19.48533921958712	26.878610180432485
13.813086649308023	19.4697547656086	27.311145076755036
13.936519665262082	19.44116338602425	27.745831434700047
14.056481773237538	19.39929637145372	28.18209471167864
14.172755843346227	19.34391228453557	28.619336757690636
14.28512453604867	19.274799135743844	29.056937266702043
14.39337097399396	19.191776490632428	29.494255435242298
14.49727944427524	19.094697487146092	29.930631826731982
14.596636128232355	18.98345074119059	30.365390437769623
14.691229855512052	18.857962118477957	30.797840960161082
14.780852878692416	18.718196350768395	31.227281229979646
14.865301664380718	18.564158475052032	31.652999852363052
14.944377696326486	18.3958950749497	32.074278988200284
15.017888285743831	18.21349530469293	32.49039728630159
15.08564738373063	18.017091677454143	32.90063294219476
15.147476390402273	17.806860601553275	33.304266862342
15.203204955140636	17.583022650136844	33.7005859104257
15.252671762188681	17.345842552323077	34.08888621038763
15.29572529571731	17.095628896467872	34.46847647925441
15.332224578444846	16.832733539137855	34.83868136140653
15.362039877914635	16.55755071650606	35.1988447349495
15.385053374627601	16.270515858202305	35.54833296020156
15.401159786394123	15.972104107050889	35.88653804012329
15.410266943503407	15.662828551631199	36.2128806626977
15.412296309618636	15.343238182051286	36.526813095956264
15.407183443680847	15.013915582761635	36.827821907421104
15.394878398546783	14.675474379508263	37.11543048128939
15.37534605258742	14.328556460646798	37.38920130862162
15.348566371029777	13.973828995879378	37.64873802815837
15.314534594427926	13.611981278047798	37.893687198078915
15.273261352290497	13.243721415810503	38.12373978204042
15.224772700565026	12.86977290685831	38.33863233610216
15.169110082369516	12.490871122688251	38.538147886634086
15.106330212066931	12.107759736914229	38.722116492914495
15.03650488347726	11.721187129528838	38.890415491839235
14.959720703716787	11.331902799543439	39.042969425862374
14.87607875482284	10.940653817934802	39.17974965895404
14.785694185965786	10.54818135190372	39.300773688891624
14.68869573964954	10.155217290071244	39.40610416756196
14.58522521585945	9.76248099648597	39.49584764406756
14.47543687861209	9.37067621917305	39.57015304827085
14.359496809805211	8.9804881765392	39.629209934911735
14.237582215634282	8.592580842232374	39.67324651058401
14.109880691151144	8.207594446174369	39.70252746761058
13.976589448767195	7.826143206420379	39.71735165021518
13.837914516667562	7.448813303381403	39.71804957932973
13.694069913187235	7.076161104773082	39.7049808629129
13.545276803216687	6.708711646517512	39.67853151878998
13.391762642653337	6.34695737176601	39.639111236777744
13.233760316799954	5.99135712727695	39.58715060625435
13.071507278430252	5.642335413603138	39.523098334401936
12.905244691019632	5.3002818829977745	39.4474184791275
12.735216582348688	4.965551076590802	39.36058771918598
12.561669013378793	4.638462390340635	39.26309268234267
12.384849266929038	4.319300257435626	39.15542735054352
12.20500506031105	4.00831453332594	39.03809055907567
12.022383785659967	3.705721068311497	38.91158360461545
11.837231781289507	3.4117024516848313	38.77640797494069
11.649793636956998	3.1264089107357207	38.633063210940016
11.460311535502017	2.8499593475368075	38.482044909446046
11.269024632886131	2.5824424962610606	38.32384287335786
11.076168478242348	2.3239181838594125	38.15893941354455
10.88197447513747	2.074418677212231	37.98780780515479
10.686669384855492	1.833950100329863	37.81091089920897
10.490474872143366	1.6024939058112684	37.62869988874808
10.293607093514598	1.3800083855356344	37.44161322735891
10.096276327879082	1.1664302064321892	37.25007569659191
9.89868664898173	0.9616759581484097	37.0544976176581
9.701035638860777	0.7656437004594869	36.85527420180926
9.503514141301086	0.5782144993376036	36.652785032989314
9.306306054050916	0.399253941697865	36.447393675681575
9.109588158392164	0.228613619941357	36.23944740036002
8.91352998449629	0.0661325785028182	36.02927701856706
8.718293710884385	-0.08836128431128779	35.817196819400316
8.52403409620042	-0.2350498648856794	35.60350459904649
8.330898441439587	-0.3741235579583094	35.388481774981024
8.139026580715964	-0.5057800191516519	35.17239357651314
7.9485508986307725	-0.630222989264311	34.955489303514774
7.759596372278417	-0.7476611824140313	34.73800264537972
7.572280635946569	-0.8583072393716576	34.52015205255559
7.3867140665759266	-0.9623767467601648	34.30214115330911
7.202999888085808	-1.0600873221837859	34.084159208762216
7.02123429271496	-1.1516577648171769	33.866381599632525
6.841506577584987	-1.2373072705125006	33.648970338535385
6.663899294753826	-1.3172547100771927	33.432074602134016
6.488488413105129	-1.391717969024688	33.21583127787409
6.315343490486789	-1.460913346814988	33.00036552046996
6.144527854601399	-1.5250550133609555	32.78579131375778
5.976098791228096	-1.5843545203916702	32.572212033950485
5.810107738444303	-1.639020365119657	32.3597210107497
5.646600485600868	-1.6892576035571545	32.148402083167504
5.485617375891126	-1.7352675107607132	31.938330147293545
5.327193511435861	-1.7772472852513128	31.729571693599166
5.17135895989713	-1.8153897948503894	31.522185331718845
5.018138961707639	-1.8498833611947054	31.3162223009563
4.867554137088323	-1.880911580232509	31.111726965065646
4.719620692097939	-1.9086531760642187	30.908737290122488
4.574350623037698	-1.9332818855639033	30.70728530455683
4.431751918596595	-1.9549663713058907	30.507397540636187
4.291828759197711	-1.9738701604154159	30.309095456903595
4.154581713061288	-1.9901516070671144	30.112395841249512
4.020007928565295	-2.0039638764630654	29.91731119446902
3.888101322535065	-2.01545494823518	29.723850094294992
3.758852764148607	-2.0247676373306267	29.532017540030544
3.632250254190241	-2.032039630554208	29.341815278012316
3.5082790994320545	-2.037403537055785	29.153242108235737
3.386922081959444	-2.040986951163936	28.966294172548487
3.2681596233004306	-2.042912526077067	28.780965224895535
3.1519699432482504	-2.043298057030833	28.597246884148692
3.038329213300565	-2.042256572664262	28.415128870102897
2.92721170466604	-2.039896433406687	28.234599223255554
2.818589930817122	-2.036321435802911	28.055644509015963
2.71243478458618	-2.0316309217846777	27.87825000700327
2.6087156698295213	-2.0259198919826042	27.702399886114016
2.5074006276960374	-2.0192791222538133	27.528077366036303
2.4084564575582603	-2.0117952826769905	27.35526486589583
2.3118488326742135	-2.0035510583380254	27.183944140708437
2.217542410664932	-1.994625271296551	27.014096406312525
2.125500938898957	-1.9850930031856948	26.845702453435216
2.0356873548888714	-1.9750257179555855	26.678742751539513
1.9480638818087757	-1.9644913843244338	26.51319754307546
1.8625921192517034	-1.9535545975508348	26.349046928745768
1.7792331293478132	-1.9422767001861623	26.186270944369266
1.697947518372664	-1.930715901508321	26.02484962991164
1.6186955139739145	-1.9189273953759733	25.864763091222144
1.541437038150408	-1.9069634762778458	25.70599155499771
1.4661317761180748	-1.8948736533835757	25.54851541747004
1.392739241197846	-1.8827047624316076	25.392315287287083
1.3212188358613643	-1.870501075316086	25.237372023036993
1.251529909070889	-1.8583044072587185	25.08366676584102
1.1836318100471512	-1.8461542214728162	24.931180967414377
1.1174839386000346	-1.8340877312465103	24.779896413976346
1.0530457921535388	-1.8221399993892347	24.62979524636444
0.9902770095960357	-1.8103440350014046	24.480859976689075
0.9291374120837852	-1.7987308875409758	24.333073501842115
0.869587040923672	-1.7873297381730093	24.186419114153484
0.8115861926588218	-1.7761679883994015	24.04088050947112
0.7550954514771385	-1.7652713459754528	23.89644179291895
0.7000757190612406	-1.7546639081287456	23.75308748257299
0.646488241993788	-1.7443682421029645	23.610802511274922
0.5942946368306294	-1.7344054630561057	23.469572226790323
0.5434569129494824	-1.7247953093478503	23.32938239049923
0.4939374932802727	-1.7155562152560375	23.190219174796514
0.4456992330185742	-1.706705381166042	23.052069159361825
0.3987054364215792	-1.6982588412805943	22.914919326449372
0.35291987178171613	-1.690231528900323	22.7787570553325
0.30830678467089967	-1.6826373393279161	22.64357011602977
0.26483090954407457	-1.6754891904505653	22.50934666242524
0.22245747978861957	-1.6687990810571034	22.376075224888726
0.18115223630213223	-1.6625781469472733	22.243744702489753
0.14088143467874537	-1.656836714891567	22.11234435489231
0.10161185108057712	-1.6515843545005566	21.981863794007744
0.06331078686838545	-1.6468299280630492	21.852292975477006
0.025946072062049633	-1.6425816384124166	21.723622190044725
-0.010513932300680309	-1.638847074880451	21.595842054883235
-0.04610033284221198	-1.6356332573977486	21.468943504916414
-0.08084370349699717	-1.6329466787992815	21.342917784189886
-0.1147740860777329	-1.6307933453931973	21.217756437326628
-0.14792099169806078	-1.62917881585031	21.09345130110519
-0.18031340299735873	-1.6281082384709018	20.969994496190367
-0.21197977711475935	-1.6275863868846874	20.84737841904533
-0.24294804936279038	-1.6276176942388214	20.725595734047417
-0.2732456375523744	-1.628206285927899	20.604639365829993
-0.30289944692402826	-1.629356010918845	20.484502491866554
-0.33193587564149407	-1.631070471722535	20.365178535313362
-0.36038082080675016	-1.6333530530628888	20.246661158122052
-0.3882596849567779	-1.6362069492930387	20.12894425443372
-0.41559738300490795	-1.6396351906070505	20.012021944262017
-0.4424183495909418	-1.6436406680944677	19.89588856747305
-0.4687465468065429	-1.6482261576838253	19.78053867806627
-0.49460547226365237	-1.6533943430200382	19.665967038761202
-0.5200181674757914	-1.6591478373194477	19.552168615891766
-0.5450072265232764	-1.6654892042450355	19.439138574610862
-0.5695948049754022	-1.6724209778432386	19.326872274404856
-0.5938026290436481	-1.6799456815824962	19.21536526491901
-0.6176520049418242	-1.6880658465326004	19.10461328209231
-0.6411638284300892	-1.6967840287226574	18.994612244601147
-0.6643585945214058	-1.7061028257144033	18.885358250609613
-0.6872564073299325	-1.716024892426369	18.776847574825048
-0.7098769900424124	-1.7265529562433795	18.669076665855865
-0.7322396949944115	-1.7376898314446096	18.562042143869995
-0.7543635138347783	-1.7494384329824926	18.45574079855036
-0.7762670877622876	-1.761801789643466	18.350169587345885
-0.7979687178199215	-1.7747830566206964	18.245325634014343
-0.8194863752328058	-1.7883855275276574	18.141206227455232
-0.8408377117770527	-1.8026126458805547	18.03780882082959
-0.8620400701673802	-1.8174680160764076	17.935131030964964
-0.8831104944524971	-1.8329554138927593	17.833170638042645
-0.9040657404077225	-1.8490787965337705	17.73192558556599
-0.9249222859154087	-1.8658423122467014	17.631393980607267
-0.9456963413241231	-1.8832503095315773	17.531574094332363
-0.9664038597785474	-1.9013073459661063	17.432464362801408
-0.987060547512409	-1.9200181966667527	17.334063388045152
-1.007681874097647	-1.9393878624061505	17.236369939415923
-1.0282830826433278	-1.9594215774059123	17.13938295521361
-1.048879199938619	-1.9801248168231687	17.04310154458636
-1.0694850465344519	-2.0015033039481316	16.94752498970701
-1.0901152467591668	-2.0235630171292334	16.852652748225687
-1.1107842386636808	-2.0463101964413295	16.758484456000627
-1.1315062838923795	-2.0697513501118037	16.665019930108382
-1.1522954774760665	-2.0938932607182914	16.57225917213638
-1.173165757544019	-2.118742991171237	16.48020237175959
-1.1941309149521357	-2.14430789049323	16.388849910605384
-1.215204602824864	-2.17059559940661	16.298202366409424
-1.236400346008586	-2.1976140557396944	16.208260517467114
-1.2577315504346225	-2.2253714996613345	16.119025347384824
-1.2792115123901076	-2.2538764787525394	16.030498050136128
-1.3008534276953723	-2.2831378529232333	15.942680035428074
-1.3226704007864063	-2.313164799181046	15.855572934384162
-1.344675453701518	-2.343966816258671	15.76917860554958
-1.3668815349710224	-2.375553729104903	15.683499141226546
-1.389301528409368	-2.4079356932441804	15.598536874146324
-1.4119482618088168	-2.4411231990080715	15.514294384486563
-1.4348345155342157	-2.475127075641707	15.430774507241782
-1.4579730310181618	-2.5099584952868486	15.34798033995651
-1.4813765191561632	-2.545628976842739	15.265915250830128
-1.5050576686012462	-2.5821503897046854	15.184582887203614
-1.5290291539575818	-2.6195349573795914	15.10398718443849
-1.5533036438725631	-2.657795260976455	15.024132375199194
-1.5778938090268462	-2.6969442425690735	14.945022999150266
-1.6028123300216757	-2.7369952084269626	14.866663913080567
-1.628071905162922	-2.7779618321097264	14.789060301466803
-1.6536852581408874	-2.8198581574186394	14.712217687489948
-1.679665145605116	-2.862698601198541	14.636141944517652
-1.706024364633001	-2.906497955981522	14.560839308067246
-1.7327757600910398	-2.9512713924630543	14.48631638826376
-1.7599322318872526	-2.9970344617997338	14.412580182808254
-1.7875067421131627	-3.0438030977166814	14.33963809047205
-1.8155123220733678	-3.091593618411087	14.267497925133233
-1.8439620792006006	-3.140422728237196	14.196167930372011
-1.872869203853814	-3.1903075191564865	14.125656794642072
-1.9022469759965308	-3.2412654719352623	14.055973667035639
-1.9321087717522645	-3.2933144570701574	13.987128173660427
-1.9624680698336245	-3.3464727354207127	13.919130434646844
-1.993338457841128	-3.4007589585260813	13.851991081804577
-2.0247336384274686	-3.4561921685814094	13.785721276947699
-2.0566674353223457	-3.512791798047188	13.720332730908279
-2.0891537992126885	-3.5705776688632915	13.655837723258236
-2.122206813472324	-3.629569991236864	13.592249122760059
-2.1558406997348176	-3.6897893619714517	13.529580408566728
-2.1900698233024025	-3.751256762302125	13.467845692191817
-2.2249086983834734	-3.813993555199261	13.407059740270528
-2.260371993150208	-3.8780214821007233	13.347237998132858
-2.2964745346073787	-3.943362659029918	13.288396614209855
-2.333231313262483	-4.010039572054158	13.230552465294018
-2.3706574875866746	-4.078075072035092	13.173723182674571
-2.4087683882548916	-4.147492368619559	13.11792717916845
-2.4475795221529117	-4.218315023416436	13.063183677067142
-2.487106576137886	-4.2905669423013295	13.00951273701936
-2.5273654205381915	-4.364272366787973	12.956935287868598
-2.568372112376815	-4.439455864400584	12.905473157464607
-2.6101428983021675	-4.516142317978995	12.855149104465928
-2.6526942172081753	-4.594356913842916	12.805986851150626
-2.6960427025249003	-4.674125128738593	12.758011117250465
-2.7402051841592057	-4.755472715486095	12.711247654822682
-2.785198690063965	-4.838425687241554	12.665723284171598
-2.8310404474123594	-4.923010300283061	12.621465930830883
-2.877747883352878	-5.009253035225078	12.578504663614527
-2.9253386253183695	-5.097180576559942	12.536869733742881
-2.973830500861551	-5.186819790421035	12.496592615046515
-3.0232415369867036	-5.278197700455118	12.457706045248571
-3.073589958946494	-5.371341461687437	12.42024406832178
-3.124894188469841	-5.466278332255469	12.38424207791345
-3.177172841385702	-5.5630356428828165	12.349736861826619
-3.2304447246046113	-5.6616407639568145	12.316766647541602
-3.2847288324184563	-5.762121070068597	12.285371148756164
-3.3400443420759127	-5.864503901866303	12.255591612917435
-3.396410608589365	-5.968816525066908	12.227470869711683
-3.453847158725575	-6.07508608646323	12.201053380471771
-3.5123736841309907	-6.183339566757975	12.176385288453734
-3.5720100335387643	-6.29360373004741	12.153514469926098
-3.6327762040027425	-6.405905069771977	12.132490586005979
-3.6946923310998097	-6.520269750941982	12.11336513516638
-3.7577786780400984	-6.6367235484414415	12.096191506327818
-3.82205562362031	-6.755291781203665	12.08102503243602
-3.887543648953394	-6.875999242047224	12.067923044414252
-3.954263322903471	-6.998870122951936	12.056944925365244
-4.022235286152657	-7.123927935549663	12.048152164882433
-4.091480233821859	-7.251195426596089	12.041608413314277
-4.162018896565514	-7.380694488185862	12.037379535807696
-4.2338720200550854	-7.512446062464787	12.03553366593816
-4.307060342764566	-7.646470040591089	12.036141258713538
-4.38160457196521	-7.78278515568873	12.03927514271738
-4.457525357835735	-7.921408869536642	12.045010571133986
-4.534843265588272	-8.062357252730344	12.05342527137298
-4.613578745508534	-8.205644858053775	12.064599492984597
-4.693752100803706	-8.35128458679558	12.078616053528805
-4.775383453149756	-8.49928754774766	12.095560382031591
-4.858492705824294	-8.649662908621792	12.115520559629795
-4.943099504310321	-8.802417739628341	12.138587356972623
-5.029223194251005	-8.957556848962879	12.164854267912231
-5.116882776634462	-9.1150826099575	12.19441753897871
-5.206096860083818	-9.274994779661998	12.227376194095353
-5.296883610126149	-9.437290308634267	12.263832053949033
-5.389260695311429	-9.601963141734451	12.303889749387352
-5.483245230052564	-9.76900400973948	12.347656728169914
-5.578853714054368	-9.938400211613915	12.395243254353666
-5.6761019682015394	-10.110135387305004	12.446762399545122
-5.775005066773176	-10.284189280956777	12.502330025201324
-5.875577265855539	-10.46053749448043	12.562064755111988
-5.977831927823657	-10.639151231454942	12.626087937141659
-6.081781441767548	-10.819997031384103	12.694523593259115
-6.187437139740274	-11.003036494385736	12.767498356826314
-6.2948092087135175	-11.188225996455914	12.845141396067874
-6.40390659812833	-11.375516395511017	12.927584322585867
-6.514736922940781	-11.564852728493852	13.014961083735198
-6.627306362067804	-11.75617389990703	13.107407837620954
-6.741619552153535	-11.949412362236002	13.205062809433125
-6.85767947658445	-12.144493788817156	13.30806612778377
-6.975487349701978	-12.341336739826449	13.416559639673437
-7.095042496173716	-12.539852322176873	13.530686702671447
-7.216342225507881	-12.7399438442508	13.650591952865613
-7.339381701713649	-12.941506466528159	13.776421047107206
-7.464153808139712	-13.144426849331786	13.908320378063745
-7.590649007546159	-13.348582799066683	14.046436760578821
-7.718855197499991	-13.55384291451132	14.190917087844717
-7.84875756121484	-13.760066234898423	14.34190795590448
-7.980338413996927	-13.967101891724864	14.499555255033084
-8.113577045496415	-14.17478876643028	14.664003726587906
-8.248449558012085	-14.382955156306215	14.835396483986054
-8.384928701141472	-14.591418451215361	15.013874496543373
-8.522983703127203	-14.799984823942426	15.19957603502232
-8.662580099298852	-15.008448937224667	15.392636077854448
-8.803679558079967	-15.216593670768862	15.593185677171196
-8.946239705084874	-15.42418987179309	15.80135128394768
-9.090213945906523	-15.63099613289101	16.01725403178939
-9.235551288263641	-15.836758601252637	16.24100897913157
-9.382196164255687	-16.041210823520878	16.47272430990879
-9.530088253550847	-16.244073630789064	16.712500493066745
-9.679162308417169	-16.44505506846508	16.960429401648202
-9.829347981590987	-16.643850375925275	17.21659339257912
-9.980569658067497	-16.84014202106262	17.48106434872239
-10.132746291983452	-17.03359979497734	17.753902685237296
-10.285791249857049	-17.223880972180538	18.03515632280896
-10.43961216153744	-17.410630541752944	18.324859630865642
-10.594110780308279	-17.59348151493379	18.623032344502846
-10.749182853674894	-17.772055314587426	18.929678459462384
-10.904718006454498	-17.945962251917518	19.24478511019184
-11.060599637861081	-18.114802095636705	19.568321436690383
-11.216704834361773	-18.278164738585293	19.90023744658902
-11.372904300136984	-18.435630966469997	20.24046287962865
-11.529062307044667	-18.5867733330067	20.58890608246818
-11.685036666027306	-18.731157145248133	20.94545290248644
-11.840678721941423	-18.868341562289324	21.30996560999709
-11.995833373800746	-18.99788080983475	21.682281858997392
-12.150339122435225	-19.11932551230743	22.06221369727712
-12.304028147538688	-19.232224143245332	22.449546637321077
-12.456726416054652	-19.336124593705225	22.84403880004679
-12.60825382377374	-19.430575857232256	23.245420143875428
-12.758424371941311	-19.51512982870376	23.65339179205734
-12.90704638055323	-19.589343212988155	24.067625471434326
-13.053922739881584	-19.6527795379063	24.487763075981807
-13.198851201596398	-19.70501126443912	24.91341636845769
-13.341624710651415	-19.745621985517	25.34416683332311
-13.48203177886571	-19.774208703062094	25.779565693734696
-13.619856900870845	-19.79038417126042	26.219134104859645
-13.754881012793698	-19.793779292336183	26.66236353498587
-13.88688199372186	-19.78404554941514	27.108716344917934
-14.015635209638441	-19.760857459424106	27.557626574914874
-14.140914099134708	-19.723915027412453	28.008500946985503
-14.262490799794865	-19.67294618223227	28.46072008864658
-14.38013681372533	-19.60770917220955	28.913639982356298
-14.493623710247103	-19.527994898319484	29.366593642674804
-14.602723863319763	-19.433629161471323	29.818893020899345
-14.70721122079018	-19.324474799861388	30.269831134369692
-14.806862102102784	-19.20043369197868	30.718684415012945
-14.90145602063821	-19.061448600800787	31.16471526887556
-14.990776526405966	-18.907504834998516	31.607174835554847
-15.074612064382844	-18.73863170362222	32.045305933516175
-15.152756843392947	-18.55490374176164	32.478346174413566
-15.225011710056247	-18.35644168608665	32.90553122668763
-15.291185022012868	-18.143413180969077	33.3260982060166
-15.35109351435764	-17.91603319806201	33.73928916765616
-15.404563153005544	-17.674564154751046	34.14435467339712
-15.451429968557814	-17.419315719771514	34.54055740384138
-15.491540864159742	-17.150644297458527	34.9271757850221
-15.524754390831594	-16.8689521855555	35.30350759706267
-15.55094148382878	-16.5746864051492	35.668873531711604
-15.569986153736473	-16.268337205125206	36.02262066514497
-15.581786126238029	-15.950436247434274	36.36412581250106
-15.586253424808957	-15.621554483400352	36.692798731159925
-15.583314890980748	-15.28229973517717	37.00808514085723
-15.572912637285592	-14.933314000235137	37.309469530280836
-15.555004428530289	-14.57527050033237	37.59647772185742
-15.529563987648599	-14.208870499742543	37.868679168946706
-15.496581223037746	-13.834839920503565	38.12568896259394
-15.456062374988718	-13.453925785061754	38.36716952829453
-15.40803007956016	-13.066892518852898	38.59283199684998
-15.352523349012507	-12.674518147059993	38.80243723726289
-15.289597468699542	-12.277590420962476	38.99579654367759
-15.219323811100576	-11.876902909955946	39.17277197252642
-15.141789568448846	-11.473251095408243	39.33327633024527
-15.057097406169358	-11.067428502108664	39.47727281605597
-14.965365040061085	-10.660222902100093	39.60477432834413
-14.866724740840336	-10.252412624235818	39.71584244699022
-14.761322770289143	-9.844763000875998	39.810586107588406
-14.64931875382618	-9.438022980824114	39.889159986738285
-14.530884994812991	-9.03292193487751	39.95176262049182
-14.406205736342189	-8.630166677384945	39.998634280512384
-14.275476376600356	-8.230438723940045	40.03005463454932
-14.138902644170985	-7.834391801927754	40.04634021941201
-13.996699739828676	-7.442649627104683	40.047841755742844
-13.849091451483224	-7.055803955827941	40.03494133453365
-13.69630924895647	-6.674412918995286	40.00804950551833
-13.538591365225212	-6.298999640301934	39.967602297324554
-13.376181870637907	-5.930051138092756	39.91405819860642
-13.20932974642024	-5.568017506953864	39.847895128343566
-13.038287963531387	-5.213311372286785	39.769607422119186
-12.863312572622096	-4.866307608467743	39.679702859524504
-12.684661810490523	-4.527343308854469	39.57869975592887
-12.502595228033588	-4.196717993867895	39.46712413974905
-12.317372844260767	-3.874694041664903	39.34550703409834
-12.129254330488255	-3.561497324546191	39.21438185934761
-11.938498228354558	-3.2573180331753937	39.07428197072339
-11.745361204825308	-2.962311669957807	38.92573834265833
-11.550097346866382	-2.6766001924785456	38.76927740922211
-11.35295749799387	-2.4002732877582194	38.60541906764881
-11.154188638432759	-2.133389758178323	38.43467484974967
-10.95403331017208	-1.875979000285206	38.25754626390941
-10.752729087761708	-1.6280425582207436	38.07452330840337
-10.55050809529619	-1.3895557342747342	37.88608315498876
-10.347596569639183	-1.160469239927581	37.6926890000966
-10.144214469593972	-0.9407108717688988	37.49478907951714
-9.94057513039855	-0.7301871977781694	37.29281584121323
-9.736884962637827	-0.5287852406346399	37.087185269830144
-9.533343194399079	-0.3363741459357612	36.87829635557221
-9.3301416552804	-0.15280682445702987	36.6665306994101
-9.12746460065923	0.022078441177191325	36.452252246023505
-8.925488574473913	0.18845643380391167	36.23580713549807
-8.724382308630409	0.3465134902134033	36.01752366453632
-8.524306657051659	0.49644604686048494	35.797712347832544
-8.325414562302255	0.6384592477401412	35.57666607025211
-8.127851052676673	0.7727656183303644	35.354660320566886
-7.931753267602553	0.8995838085453295	35.1319534976839
-7.737250509213954	1.019137406742803	34.9087872805885
-7.544464317946672	1.1316538260254343	34.68538705354459
-7.353508570050205	1.2373632633305556	34.46196237850005
-7.1644895949410525	1.3364977311542565	34.23870750706229
-6.977506310385531	1.4292901611704147	34.01580192487957
-6.792650373561444	1.515973578502997	33.79341092174103
-6.610006346124185	1.5967803449753575	33.57168618120516
-6.429651871484865	1.6719414692943342	33.35076638406686
-6.251657862594064	1.7416859818252666	33.130777820470044
-6.076088698616671	1.8062403713703363	32.91183500596383
-5.903002428977749	1.8658280811733716	32.69404129727975
-5.732450983354281	1.9206690612346482	32.47748950406855
-5.564480386283586	1.9709793739238346	32.26226249327784
-5.3991309751548915	2.016970849823395	32.04843378327248
-5.2364376204461935	2.058850790713671	31.836068125198487
-5.076429947157208	2.0968217166217307	31.625222069457894
-4.91913255648502	2.1310811538905834	31.41594451551595
-4.764565246868699	2.161821461285844	31.208277243572287
-4.612743233619662	2.189229691232442	31.00225542693063
-4.463677366428313	2.2134874833680547	30.797908124161616
-4.317374344118245	2.234770987703848	30.59525875040264
-4.1738369260868575	2.253250814798409	30.394325527351555
-4.033064139943632	2.269092010471481	30.19512191171299
-3.8950514849145494	2.282454052711396	29.99765700202079
-3.75979113064774	2.2934908685583393	29.801935923922912
-3.6272721111037898	2.302350868876962	29.607960194138663
-3.4974805132705407	2.309176999061502	29.415728063420698
-3.370399660484777	2.314106803845789	29.225234838945696
-3.246010290191594	2.3172725045165343	29.036473186647854
-3.1242907260062274	2.3188010869516256	28.84943341406954
-3.0052170439844974	2.3188143990239465	28.66410373436693
-2.8887632330363506	2.317429256025859	28.480470512145853
-2.7749013494508485	2.3147575528789943	28.298518491843183
-2.6636016655230086	2.310906381998338	28.11823100938623
-2.5548328123014676	2.3059781557785337	27.939590187886086
-2.44856191649248	2.3000707327636563	27.762577118121985
-2.3447547315788855	2.293277546649654	27.587172024583065
-2.243375763225009	2.2856877373508384	27.41335441782369
-2.144388389057219	2.2773862834389056	27.24110323388769
-2.047754972917567	2.2684541353342857	27.07039696153651
-1.9534369737028	2.258968348696306	26.901213758007795
-1.8613950489070488	2.2490022175199105	26.733531554007012
-1.7715891529964147	2.238625406503623	26.56732814861808
-1.683978630747121	2.227904082305315	26.40258129479122
-1.5985223056871984	2.2169010433506036	26.239268776047975
-1.515178563781866	2.205675847902093	26.077368475011458
-1.4339054325090057	2.194284940138074	25.916858434349923
-1.354660655470304	2.182781774025333	25.75771691069017
-1.2774017626867824	2.171216934804037	25.59992242203423
-1.202086136726573	2.1596382579324174	25.443453789183614
-1.1286710748131379	2.1480909453660346	25.288290171649948
-1.057113847061453	2.136617679070793	25.134411098504696
-0.9873717509880954	2.125258731690636	24.981796494594516
-0.9194021624394787	2.1140520743104254	24.830426702523425
-0.8531625830810937	2.103033481272079	24.68028250078019
-0.7886106845870862	2.092236632017376	24.531345118363074
-0.7257043496682326	2.0816932099448393	24.38359624623436
-0.6644017100720059	2.0714329982800255	24.23701804591178
-0.6046611816871723	2.061483972969552	24.09159315548695
-0.5464414968801662	2.051872392618231	23.947304693336438
-0.489701734188907	2.0426228854971527	23.804136259775692
-0.43440134549503506	2.0337585336574104	23.662071936885102
-0.3805001807933121	2.0253009541904885	23.521096286723093
-0.3279585106715741	2.017270377681232	23.381194348120225
-0.27673704661353765	2.0096857239041412	23.24235163223918
-0.2267969592303846	2.002564674816991	23.1045541170636
-0.17809989452617345	1.9959237449092615	22.967788240972144
-0.13060798829643958	1.989778348965023	22.832040895535577
-0.08428387875717983	1.9841428673021277	22.697299417666272
-0.03909071749725662	1.979030708550969	22.563551581236357
0.005007821155936808	1.9744543700372628	22.430785588270926
0.04804753227121382	1.970425495834048	22.29899005981249
0.09006367386540765	1.9669549325486197	22.16815402654467
0.1310909617927575	1.964052782910228	22.038266919252973
0.1711635658948942	1.9617284572243945	21.909318559194578
0.21031510733823486	1.959990722759384	21.781299148439775
0.24857865706787208	1.9588477511299702	21.654199260243313
0.28598673531092267	1.9583071637429832	21.528009829494888
0.3225713120641142	1.9583760753684287	21.40272214329566
0.35836380850435445	1.9590611358990768	21.278327831698764
0.39339509926257366	1.9603685703604752	21.154818858650792
0.4276955155048449	1.962304217232291	21.032187513163294
0.46129484876641624	1.9648735651407567	20.910426400742537
0.49422235548752697	1.9680817879808399	20.78952843509948
0.5265067622016654	1.9719337785254956	20.669486830160817
0.55817627132976	1.9764341805781314	20.550295092397082
0.5892585675355217	1.9815874197230674	20.43194701348306
0.6197808245997841	1.9873977327274892	20.3144366633016
0.6497697127734479	1.993869195647024	20.197758383300968
0.6792514065708674	2.0010057506857346	20.081906780213146
0.7082515929670631	2.008811231859887	19.966876720140334
0.7367954799647459	2.017289389513638	19.85266332301246
0.7649078054979006	2.0264439137331753	19.73926195742135
0.7926128466415381	2.0362784567047623	19.62666823583146
0.8199344290977241	2.046796654060463	19.514878010170854
0.8468959369306993	2.058002145254287	19.403887367800635
0.8735203225244277	2.069898593009825	19.293692627864566
0.8998301167381947	2.0824897018794144	19.18429033801653
0.9258474392365984	2.0957792359532528	19.07567727152599
0.9515940089722068	2.1097710357558372	18.967850424758634
0.9770911547999249	2.12446903436556	18.860807015031405
1.0023598262037565	2.139877272792207	18.75454447883917
1.0274206041174814	2.155999914645659	18.649060470451488
1.0522937118221916	2.172841260128	18.544352860876824
1.0769990259043658	2.190405759379795	18.440419737192805
1.101556087259516	2.2086980252102824	18.337259402239866
1.1259841121272003	2.2277228452398754	18.234870374676635
1.150302003144057	2.247485193482116	18.133251389395845
1.1745283604025987	2.2679902413911743	18.03240139829887
1.1986814925041613	2.2892433683996907	17.932319571428057
1.222779427595357	2.3112501719707343	17.833005298455493
1.2468399243778163	2.3340164771862173	17.734458190528606
1.2708804830820133	2.3575483458932265	17.636678082471914
1.2949183563965636	2.3818520854285543	17.53966503534503
1.3189705603448738	2.4069342569404584	17.4434193393579
1.3430538851016265	2.432801683325558	17.34794151714456
1.3671849057422591	2.4594614567977895	17.253232327396706
1.3913799929190782	2.4869209461052324	17.159292768858798
1.4156553234579896	2.5151878034093387	17.06612408468761
1.4400268908702936	2.544269970840038	16.973727767179277
1.4645105157745761	2.5741756867392596	16.882105562866837
1.4891218562238522	2.604913491604051	16.79125947799264
1.5138764179337305	2.636492233739669	16.70119178435957
1.5387895644073346	2.668921074631495	16.611905025566667
1.5638765269532395	2.7022094940437995	16.52340202363433
1.5891524145929605	2.736367294852311	16.43568588602485
1.614632223854562	2.771404607616148	16.348760013065085
1.640330848449176	2.807331894893589	16.262628105778443
1.6662630888275172	2.8441599553051535	16.177294174133333
1.692443661613467	2.8818999273461023	16.09276254571647
1.7188872089120157	2.9205632929494407	16.009037874839276
1.745608307488755	2.9601618807990286	15.926125152086797
1.7726214778182698	3.000707869391339	15.844029714318664
1.7999411929987759	3.042213789843079	15.762757255132174
1.8275818875304397	3.0846925284407956	15.682313835797713
1.8555579659544346	3.128157328926693	15.602705896678295
1.8838838113500826	3.1726217945141064	15.523940269144303
1.9125737936872098	3.2180998896244697	15.446024187995382
1.941642278030623	3.264605941336068	15.368965304402066
1.9711036325934048	3.3121546405332163	15.292771699380417
2.000972236635947	3.360761042743694	15.217451897812069
2.031262488206759	3.4104405686495802	15.143014883024378
2.0619888117215353	3.461209004256092	15.069470111943883
2.093165665376024	3.5130825007003015	14.996827530838251
2.1248075483884934	3.566077573680723	14.925097591660863
2.156929008066845	3.6202111024862735	14.85429126901342
2.1895446466953126	3.6755003286016916	14.784420077741542
2.2226691282350894	3.73196285386415	14.715496091179048
2.25631718483276	3.789616638143785	14.647531960056668
2.290503623130102	3.848479996518948	14.580540932090784
2.3252433303683104	3.9085715959148373	14.5145368722678
2.3605512802787754	3.969910451171181	14.449534283840539
2.3964425387523463	4.0325159205029815	14.385548330052053
2.4329322692782434	4.096407700315507	14.322594856602539
2.4700357381430487	4.161605819332106	14.260690414874784
2.5077683193795455	4.22813063199076	14.199852285933218
2.546145499454192	4.296002811062074	14.140098505311569
2.5851828816815656	4.365243339439126	14.081447888602982
2.6248961903531076	4.435873501046246	14.02392005786614
2.665301274566237	4.507914870810014	13.967535468860627
2.706414111739455	4.581389303633306	13.91231543912312
2.7482508107978174	4.656318922309426	13.858282176895301
2.790827615011984	4.732726104309536	13.80545881091327
2.834160904472965	4.810633467372977	13.753869421066796
2.87826719818359	4.890063853826347	13.703539069935022
2.9231631557465163	4.971040313553269	13.654493835203384
2.968865578627116	5.053586085532327	13.606760842964707
3.015391410968084	5.1377245778561145	13.560368301905227
3.0627577399316985	5.223479346140843	13.51534553837317
3.1109817955433763	5.310874070229997	13.471723032325508
3.1600809500096223	5.399932529092586	13.429532454144248
3.2100727164805862	5.490678573809527	13.388806702311388
3.260974747226683	5.583136098538351	13.349579941926768
3.312804831196532	5.677329009340616	13.311887644049214
3.365580890921856	5.773281190751599	13.275766625836436
3.419320978732465	5.871016469965452	13.241255091454462
3.4740432722430654	5.9705585785047095	13.208392673721129
3.5297660690713655	6.071931111237184	13.17722047644224
3.5865077807447547	6.1751574825976565	13.147781117392283
3.644286925749849	6.280260879864789	13.120118771884492
3.703122121678638	6.387264213341203	13.094279216866278
3.7630320764205942	6.496190063275475	13.07030987546832
3.824035578349155	6.607060623361868	13.048259861925473
3.886151485447442	6.719897640646309	13.02818002677801
3.9493987133158406	6.83472235166226	13.010123002250435
4.013796222001893	6.951555414615818	12.994143247693223
4.0793630015895275	7.070416837432993	12.980297094960262
4.146118056481832	7.191325901477184	12.968642793581049
4.21408038830973	7.3143010807422355	12.959240555571723
4.283268977394721	7.439359956319803	12.952152599713498
4.353702762692719	7.5665191259394255	12.947443195109908
4.4254006201411045	7.695794108372899	12.94517870381647
4.498381339329827	7.8271992424951105	12.945427622316858
4.572663598413919	7.960747580790748	12.94826062159929
4.648265937182509	8.096450777096614	12.953750585564977
4.725206728195231	8.234318968366924	12.9619726474773
4.803504145896234	8.374360650254166	12.973004224135904
4.883176133612134	8.51658254629834	12.986925047433935
4.9642403683383565	8.66098947052283	13.003817192929349
5.046714223215109	8.80758418323927	13.023765105032279
5.130614727594203	8.956367239875176	13.046855618380581
5.215958524593227	9.107336832642861	13.07317797494342
5.302761826035572	9.260488624886372	13.102823836360576
5.391040364669747	9.415815577951113	13.13588729098968
5.48080934356366	9.573307770443483	13.17246485509863
5.572083382567148	9.73295220976481	13.212655467602822
5.6648764617382135	9.894732635831112	13.256560477709492
5.759201861625829	10.058629316911901	13.30428362479085
5.855072100306878	10.224618837558364	13.355931009769076
5.952498867074449	10.39267387862269	13.411611057254394
6.051492952678872	10.562762989412672	13.471434467636893
6.152064176024712	10.734850352067545	13.535514158290246
6.2542213072339	10.908895538295287	13.603965193005353
6.357971986987877	11.084853258662239	13.676904698729128
6.463322642072695	11.26267310469501	13.754451768646218
6.570278397052927	11.442299284112043	13.836727350598366
6.678842982015803	11.623670349587528	13.923854119803005
6.789018636334708	11.806718921526295	14.01595633479584
6.900806008413602	11.991371405417297	14.113159675490024
7.0142040513893145	12.177547704431571	14.21559106221723
7.1292099147855685	12.365160928036222	14.323378454593138
7.245818832127101	12.554117097502248	14.436650629028149
7.364024004549194	12.744314849315664	14.555536933698324
7.483816480453176	12.935645137618087	14.680167019780272
7.605185031288343	13.12799093694823	14.8106705477619
7.728116023567843	13.32122694670033	14.94717686765441
7.852593287255178	13.515219298867068	15.089814671954402
7.978597980690781	13.709825270795427	15.238711620241398
8.106108452264976	13.90489300485376	15.393993934347744
8.23510009908307	14.100261237084126	15.555785963104551
8.365545222909999	14.295759037094228	15.7242097157498
8.497412883724245	14.491205561624684	15.89938436318238
8.630668751264437	14.686409824424869	16.081425706373775
8.765274954996391	14.881170485251355	16.27044561138299
8.901189932991116	15.075275661006971	16.46655141059736
9.0383682802522	15.268502762214545	16.66984526999971
9.176760597099818	15.460618358217905	16.880423522491064
9.316313338273558	15.651378074670859	17.0983759675312
9.456968663490878	15.840526527057728	17.323785137646063
9.598664290254371	16.027797294130806	17.556725532637248
9.741333349779993	16.212912935304516	17.79726282267658
9.884904246983753	16.395585056159288	18.045453021824905
10.029300525536716	16.575514426305748	18.30134163391039
10.174440739071008	16.75239115392862	18.564962773129057
10.320238329688069	16.925894921359802	18.83633826218032
10.466601514994204	17.095695286029667	19.115476711240508
10.61343318495304	17.261452051092174	19.402372581580263
10.760630809909667	17.42281570992154	19.697005238164742
10.908086361204312	17.57942796852764	19.99933799613216
11.055686245842109	17.7309223497171	20.309317166600227
11.20331125674646	17.87692488256173	20.62687110785196
11.350836540147222	18.017054880369322	20.951909288498303
11.498131581702918	18.150925809946475	21.284321369826365
11.6450602129636	18.278146254427988	21.623976315080327
11.791480639799522	18.398320971374293	21.970721533989163
11.937245494406994	18.511052047163453	22.32438207135217
12.08220191248596	18.615940147955914	22.68475984897519
12.22619163714704	18.712585866672963	23.051632970674014
12.369051151045012	18.800591164504816	23.42475510040535
12.510611838163824	18.879560904465233	23.803854923873146
12.65070017657749	18.94910447342862	24.18863570413452
12.789137963394534	19.00883748793992	24.5787749418179
12.925742572951444	19.058383577879063	24.97392415053122
13.0603272491464	19.09737624080133	25.373708757849325
13.192701432628725	19.125460758487502	25.777728142003507
13.322671123326819	19.142296165916207	26.185555813884594
13.450039278573572	19.147557261558685	26.59673975339273
13.574606246814287	19.140936646591907	27.010802908341255
13.696170236604956	19.122146779364574	27.42724386317953
13.814527820296636	19.0909220302489	27.845537683636252
13.929474471485564	19.047020720895045	28.265136942094795
14.040805134957461	18.99022713090299	28.685472926985625
14.148314827512467	18.92035345405873	29.105957037868436
14.251799267684765	18.837241685582065	29.525982366038544
14.351055532010815	18.740765421316798	29.94492545858265
14.44588273512293	18.630831549499526	30.362148261722563
14.536082730589133	18.507381815671458	30.77700023717565
14.621460829055199	18.370394241496246	31.188820643012235
14.701826529913546	18.219884378696833	31.596940968289207
14.776994262394906	18.055906380077293	32.00068750846291
14.846784131691654	17.878553870618877	32.39938406641626
14.911022665455866	17.687960602969234	32.79235476179701
14.969543555795495	17.48430088324499	33.17892692938837
15.02218839170679	17.26778975496624	33.55843408537204
15.068807376752515	17.038682931080903	33.93021893873053
15.109260026714223	16.797276466424467	34.29363642363697
15.143415841922964	16.543906165556194	34.648056727562484
15.171154949007997	16.278946723684978	34.992868289019725
15.19236870690087	16.002810601295455	35.327480738397504
15.206960272090138	15.71594663608811	35.65132775521287
15.214845118344925	15.418838398867624	35.96386981538169
15.215951506407032	15.11200230305895	36.26459680272109
15.210220899495036	14.795985480471456	36.553030459939805
15.197608320861473	14.471363438802056	36.82872665573694
15.178082650094362	14.138737519019005	37.091277446404405
15.151626855351445	13.798732173267766	37.34031291237366
15.118238159251069	13.451992086099049	37.5755027525655
15.077928136715482	13.099179163755787	37.79655762201359
15.030722743653705	12.740969417761422	38.00323020113606
14.976662275987554	12.37804977028972	38.19531598803142
14.915801259140673	12.011114809548015	38.372653808363935
14.848208268732865	11.64086352382507	38.53512604060907
14.77396568382906	11.267996042818378	38.68265855767181
14.693169374689083	10.893210414464532	38.81522038906081
14.60592832752464	10.517199444655121	38.93282311089691
14.512364209306224	10.140647626066183	39.03551997394926
14.412610876148305	9.764228180782771	39.123404782627006
14.30681382924972	9.388600239591208	39.196610540328244
14.195129622751464	9.014406178687322	39.25530787875823
14.077725228208287	8.642269132225282	39.29970329071967
13.954777360646254	8.272790696632482	39.3300371874402
13.826471771384377	7.906548839960078	39.34658180272303
13.693002512950482	7.544096026834343	39.34963896707016
13.554571181502741	7.1859575668107825	39.33953777544335
13.411386142190933	6.83263019119737	39.31663217249685
13.263661742854875	6.4845808607374025	39.281298478955435
13.111617521366	6.1422458039704155	39.233932882340255
12.955477411765331	5.8060297836349575	39.17494891448734
12.795468954159077	5.47630558621443	39.104774937287885
12.631822513099754	5.1534137276608885	39.02385165684276
12.464770508893215	4.837662366447145	38.93262968478794
12.294546665975629	4.529327413494597	38.831567163966
12.1213852821584	4.228652827112986	38.721127473906606
11.94552052219587	3.935851079969106	38.60177702979459
11.767185738750202	3.651103784183362	38.47398318675681
11.586612823457676	3.374562460011131	38.33821225944501
11.404031590411305	3.1063494331270833	38.19492766503998
11.219669194001893	2.8465588453358115	38.044588196000355
11.033749582679482	2.595257763518145	37.88764642713115
10.846492989832905	2.3524873718048283	37.724547259886535
10.65811546263794	2.118264232321804	37.555726605265285
10.468828429386603	1.892581600339454	37.38161020520969
10.278838305500257	1.675410780283287	37.202612591103936
10.08834613813275	1.4667025097822928	37.01913617677897
9.897547288998169	1.2663883597375163	36.83157048237933
9.706631154821743	1.0743821392754618	36.640291484545166
9.515780924580552	0.8905812953554756	36.445661087578564
9.325173372515168	0.7148682977563323	36.24802670963191
9.134978685712966	0.5471120011145395	36.04772097743538
8.945360324930881	0.387168976654523	35.845061522704036
8.75647491719302	0.23488480718086344	35.64035087307974
8.568472178604733	0.09009533982247848	35.433876430298966
8.381494865746815	-0.04737210810246137	35.22591052820394
8.195678753961204	-0.17769759389181766	35.01671056323276
8.011152640792124	-0.3010674479445336	34.80651919010366
7.8280383728401555	-0.41767322818907465	34.59556457558019
7.646450894269456	-0.5277107320486571	34.38406070340374
7.466498315230708	-0.631379066906495	34.17220772375458
7.2882819984764895	-0.7288797794773019	33.96019234089364
7.111896662484329	-0.8204160439837471	33.748188232972915
6.937430499446964	-0.9061919085896574	33.53635649835727
6.764965306538214	-0.9864115991523116	33.32484612316658
6.59457662892711	-1.0612788790159926	33.11379446513334
6.426333913072485	-1.1309964632848977	32.903327749248795
6.260300668899254	-1.1957654857742115	32.69356157105378
6.096534639535745	-1.2557850166413504	32.48460140381586
5.935087977359109	-1.3112516285490958	32.27654310619555
5.776007425174147	-1.3623590090952684	32.06947342736508
5.619334501424422	-1.4092976171625942	31.86347050688329
5.465105688419392	-1.4522543807882824	31.658604366969016
5.313352622621887	-1.49141243413325	31.454937395106626
5.164102286128368	-1.5269508911258551	31.25252481522697
5.017377198535536	-1.559044653378488	31.051415145965226
4.873195608463363	-1.5878642500112976	30.851650644758504
4.731571684069043	-1.613575707071163	30.65326773677541
4.592515701950462	-1.6363404442994063	30.456297427882827
4.456034233898823	-1.6563151970773173	30.260765701049024
4.322130331023148	-1.6736519614614744	30.066693895764985
4.19080370481689	-1.6884979603119443	29.874099070213436
4.062050904795802	-1.7009956286095407	29.68299434606619
3.935865492378663	-1.7112826161563706	29.49338923590673
3.8122382107362807	-1.719491805951836	29.30528995339733
3.691157150367694	-1.7257513466366092	29.118699706393194
3.572607910207175	-1.7301846974952941	28.93361897329668
3.456573754099886	-1.7329106846062554	28.75004576301256
3.3430357625203464	-1.7340435668225354	28.567975858929323
3.2319729794317915	-1.7336931103609023	28.387403047390247
3.123362554222273	-1.7319646708657295	28.208319331173556
3.01717987866729	-1.7289592819010493	28.030715128513954
2.9133987189028963	-1.7247737489068509	27.854579458239915
2.811991342404679	-1.7195007477345856	27.67990011160281
2.712928639993545	-1.7132289269518546	27.506663811396578
2.616180242899752	-1.7060430131768944	27.334856358961943
2.52171463493742	-1.6980239187704946	27.164462769680405
2.4294992598490253	-1.6892488512753676	26.99546739755028
2.3395006238954315	-1.6797914240519771	26.827854049438496
2.251684393772444	-1.6697217676142253	26.661606089584048
2.1660154899480757	-1.6591066412198219	26.496706534925316
2.0824581755180294	-1.648009544317095	26.33313814180182
2.000976140684701	-1.6364908274939431	26.170883484567835
1.9215325829695913	-1.6246078026150064	26.009925026636825
1.8440902832741464	-1.612414851870545	25.850245184459155
1.7686116779051035	-1.5999635354944095	25.69182638491162
1.6950589266854696	-1.587302697940239	25.534651116562703
1.623393977269993	-1.5744785723330565	25.378701975248607
1.5535786257912787	-1.561534883040621	25.223961704387747
1.4855745739558217	-1.5485129462314604	25.070413230424958
1.419343482715208	-1.5354517683091395	24.918039693789105
1.354847022633693	-1.5223881421312704	24.7668244757197
1.2920469210744117	-1.5093567409398032	24.61675122130252
1.2309050063236002	-1.4963902099447544	24.467803859030838
1.1713832487732716	-1.48351925551838	24.319966617196275
1.113443799276774	-1.4707727319687682	24.173224037384443
1.0570490247948905	-1.4581777258744049	24.02756098534574
1.0021615414434994	-1.4457596379705662	23.882962659483645
0.9487442450538872	-1.4335422625879943	23.739414597192468
0.8967603393530214	-1.421547864652076	23.596902679257457
0.8461733618699113	-1.4097972542581652	23.455413132519045
0.7969472076697925	-1.3983098588445313	23.314932530984105
0.7490461510164547	-1.3871037929901646	23.17544779555723
0.7024348650589983	-1.376195925869113	23.036946192548687
0.6570784396379773	-1.365601946397472	22.899415331107903
0.6129423973014426	-1.3553364261122747	22.7628431597153
0.5699927076194685	-1.3454128798247247	22.6272179618572
0.5281957998824081	-1.3358438240926125	22.49252835099689
0.48751857426575207	-1.3266408335589444	22.358763264946965
0.44792841154093854	-1.3178145952053402	22.225911959736873
0.40939318140930014	-1.3093749605702696	22.093964003063327
0.3718812495327065	-1.3013309959830441	21.962909267400548
0.33536148333312005	-1.2936910308655643	21.8327379228447
0.29980325662879853	-1.2864627041539634	21.70344042975408
0.26517645317378385	-1.279653008892935	21.575007531245497
0.2314514691635538	-1.273268335055418	21.447430245597353
0.1985992147682945	-1.2673145106404817	21.320699858608602
0.16659111475152444	-1.2617968411018272	21.19480791595309
0.13539910823060552	-1.2567201471592215	21.06974621556874
0.10499564763219252	-1.2520888010445437	20.945506800112557
0.07535369689435734	-1.2479067612337527	20.822081949512224
0.04644672896417249	-1.2441776057153402	20.699464173638756
0.018248722637812062	-1.2409045638452043	20.577646205123152
-0.009265841212398013	-1.2380905468370451	20.456620992334784
-0.03612198398071426	-1.235738176936681	20.336381692540304
-0.06234423420022261	-1.2338498153276842	20.216921665255065
-0.08795663290553223	-1.2324275888149263	20.09823446579988
-0.11298273944908534	-1.2314734153316444	19.980313839072185
-0.13744563773579452	-1.2309890283147014	19.863153713540115
-0.16136794284260655	-1.230975999991715	19.746748195465578
-0.18477180799124382	-1.2314357636227364	19.631091563361156
-0.20767893184411856	-1.2323696347381574	19.51617826268361
-0.23011056609454325	-1.233778831413503	19.40200290076786
-0.2520875233244204	-1.235664493620744	19.28856024200151
-0.2736301851036063	-1.2380277016947379	19.175845203241234
-0.2947585103069857	-1.2408694939524154	19.063852849469388
-0.3154920436259801	-1.244190883501255	18.952578389691798
-0.3358499242530999	-1.2479928742726147	18.84201717307418
-0.3558508947192462	-1.2522764763144998	18.732164685314775
-0.37551330986453463	-1.2570427203773291	18.623016545251073
-0.3948551459243971	-1.2622926718252232	18.514568501699134
-0.41389400971433965	-1.2680274439044774	18.40681643052083
-0.43264714789732844	-1.2742482103998392	18.299756331916655
-0.45113145631896556	-1.2809562177082885	18.193384327940638
-0.46936348939640726	-1.2881527963590336	18.087696660234787
-0.4873594695482306	-1.295839372007617	17.982689687978592
-0.505135296653067	-1.3040174759310477	17.878359886050657
-0.5227065575257588	-1.3126887550500135	17.774703843399013
-0.5400885354004583	-1.3218549815032814	17.67171826161769
-0.5572962194111932	-1.331518061798695	17.56939995372511
-0.5743443140608128	-1.3416800455641857	17.467745843142193
-0.5912472486700765	-1.3523431339214456	17.366752962867235
-0.6080191867994037	-1.3635096875041681	17.26641845484437
-0.624674035636177	-1.3751822341418123	17.166739569524065
-0.6412254553413891	-1.3873634762292468	17.06771366561273
-0.657686868349788	-1.4000562978017441	16.96933821000984
-0.6740714686183898	-1.413263771334171	16.871610777930357
-0.6903922308185121	-1.4269891642823171	16.77452905321178
-0.7066619194672344	-1.4412359453837953	16.67809082880392
-0.7228930979944667	-1.4560077907350988	16.58229400744092
-0.7390981377423832	-1.4713085896608422	16.487136602494424
-0.7552892268942023	-1.487142450390371	16.392616739008357
-0.7714783793299255	-1.5035137055564827	16.298732654914595
-0.7876774434068127	-1.5204269175301877	16.205482702430277
-0.8038981106628893	-1.5378868836049653	16.112865349636927
-0.8201519244418818	-1.555898641043139	16.020879182243096
-0.8364502884385605	-1.5744674719966614	15.929522905531028
-0.8528044751634568	-1.5935989083137085	15.838795346489828
-0.869225634326553	-1.6132987362422921	15.748695456135922
-0.8857248011393493	-1.6335730010410334	15.659222312024443
-0.9023129045353133	-1.654428011507097	15.570375120953404
-0.91900077530872	-1.6758703444304823	15.482153221864058
-0.9357991541722346	-1.6979068489835076	15.394556088940432
-0.9527186997335715	-1.7205446510535245	15.307583334912396
-0.9697699963919376	-1.7437911575266272	15.221234714565917
-0.9869635621549457	-1.7676540605293731	15.135510128465398
-1.004309856377007	-1.7921413416352465	15.05040962689243
-1.0218192874200436	-1.8172612760416889	14.965933414007093
-1.039502220237809	-1.843022436723441	14.882081852236677
-1.0573689838848601	-1.8694336985669693	14.798855466898672
-1.0754298789516707	-1.89650424249073	14.716254951063558
-1.0936951849270122	-1.9242435595548781	14.6342811706654
-1.1121751674891418	-1.9526614550640244	14.55293516986686
-1.1308800857271815	-1.9817680526658001	14.472218176686676
-1.149820199294201	-2.0115737984476305	14.39213160889757
-1.1690057754933834	-2.0420894650332895	14.312677080203686
-1.188447096298858	-2.073326155680608	14.233856406706153
-1.2081544653125103	-2.105295308380674	14.15567161366696
-1.2281382146584354	-2.138008699958903	14.078124942580299
-1.2484087118161828	-2.1714784501769904	14.001218858562858
-1.2689763663942932	-2.205717025834731	13.924956058073493
-1.2898516368453405	-2.2407372448697505	13.849339476974054
-1.3110450371237667	-2.276552280452716	13.774372298943108
-1.3325671432875084	-2.3131756650746222	13.700057964255524
-1.3544286000445265	-2.3506212946223517	13.626400178940685
-1.376640127245054	-2.388903432437695	13.553402924333163
-1.3992125263204747	-2.4280367133546066	13.481070467029644
-1.4221566866692648	-2.4680361477081196	13.409407369267367
-1.4454835919905469	-2.5089171253079408	13.338418499739145
-1.46920432656557	-2.550695419368785	13.268109044860715
-1.4933300814872463	-2.5933871903885977	13.198484520506838
-1.5178721608374606	-2.6370089899644773	13.129550784233652
-1.5428419878119852	-2.681577764535684	13.061314048004512
-1.56825111079232	-2.7271108590415873	12.993780891437789
-1.5941112093637368	-2.7736260204816716	12.926958275595242
-1.6204341002782205	-2.8211414013629788	12.860853557330952
-1.6472317433610406	-2.869675563019738	12.795474504220511
-1.6745162473591237	-2.9192474787881877	12.73082931009139
-1.7022998757291794	-2.9698765370184312	12.666926611175827
-1.7305950523630707	-3.021582543903536	12.60377550290826
-1.7594143672475997	-3.074385726104676	12.541385557389896
-1.788770582055411	-3.1283067331494014	12.479766841543658
-1.8186766356633675	-3.183366639578565	12.418929935983154
-1.849145649594087	-3.239586946815273	12.358885954620366
-1.8801909333759093	-3.296989584727473	12.299646565036992
-1.9118259898161933	-3.355596912854059	12.241224009644736
-1.9440645201820685	-3.4154317212618523	12.183631127660709
-1.9769204292821208	-3.4765172309985086	12.126881377924645
-2.010407830441953	-3.5388770941041647	12.07098886258492
-2.044541050365968	-3.6025353931423174	12.015968351680613
-2.079334633876811	-3.6675166402073938	11.961835308647546
-2.1148033485231483	-3.733845775363693	11.908605916776523
-2.150962189045838	-3.80154816446776	11.856297106651953
-2.187826381691253	-3.8706495963223246	11.80492658459981
-2.2254113883603788	-3.9411762791080776	11.75451286217293
-2.2637329105803166	-4.013154836034187	11.70507528670306
-2.302806893284649	-4.086612300146357	11.65663407294778
-2.342649528387417	-4.16157610822623	11.609210335861052
-2.383277258135072	-4.238074093713282	11.562826124514833
-2.4247067782185217	-4.3161344785741775	11.517504457200006
-2.4669550406268304	-4.39578586404139	11.473269357733265
-2.5100392562227087	-4.4770572201380645	11.430145892995945
-2.5539768970183485	-4.559977873900879	11.388160211729872
-2.598785698128371	-4.64457749620689	11.34733958461442
-2.6444836593757075	-4.730886087106217	11.307712445646699
-2.6910890465237625	-4.818933959555124	11.269308434845902
-2.7386203921073378	-4.908751721439874	11.232158442299967
-2.787096495832018	-5.000370255773753	11.19629465357112
-2.836536424510326	-5.0938206989442225	11.161750596473679
-2.886959511500402	-5.189134416879486	11.128561189234745
-2.938385355611775	-5.286342978998535	11.096762790044233
-2.9908338194390587	-5.385478129798686	11.06639324799773
-3.044325027083204	-5.486571757929223	11.037491955430347
-3.098879361216402	-5.589655862589957	11.01009990163536
-3.1545174594457475	-5.694762517088447	10.984259727954957
-3.2112602099255723	-5.801923829376578	10.960015784225446
-3.2691287461677754	-5.911171899382861	10.93741418655117
-3.328144440994663	-6.022538772944445	10.91650287637453
-3.3883288995775427	-6.136056392137271	10.89733168080029
-3.4497039514986447	-6.251756541788866	10.87995237412391
-3.512291641772906	-6.369670791953233	10.864418740502455
-3.576114220760476	-6.489830436113588	10.85078663769606
-3.6411941328993267	-6.61226642487301	10.839114061794934
-3.7075540041811568	-6.737009294878785	10.82946121283393
-3.7752166282916213	-6.864089092719623	10.821890561181524
-3.8442049513305774	-6.993535293522726	10.816466914574152
-3.914542055025563	-7.125376713971192	10.813257485649135
-3.986251138344646	-7.259641419447483	10.812331959810704
-4.05935549741311	-7.396356625004528	10.813762563242724
-4.133878503631919	-7.535548589853374	10.817624130859553
-4.2098435798924365	-7.677242505050095	10.823994173962298
-4.287274174776863	-7.821462374056073	10.83295294734181
-4.366193734627623	-7.968230885836061	10.844583515541544
-4.446625673367475	-8.11756928015841	10.858971817963672
-4.5285933399433675	-8.269497204749385	10.876206732469198
-4.612119983264934	-8.424032563954631	10.896380137088483
-4.697228714502252	-8.581191358555778	10.919586969421479
-4.783942466603968	-8.74098751639167	10.945925283267814
-4.872283950891341	-8.903432713433258	10.975496301984746
-4.962275610578967	-9.068536184964211	11.00840446802631
-5.053939571070221	-9.23630452652831	11.044757488070251
-5.1472975868690085	-9.406741484309158	11.084666373088611
-5.242370984950038	-9.579847734628158	11.128245472666878
-5.339180604419539	-9.755620652249755	11.175612502818504
-5.437746732303914	-9.93405406721868	11.22688856648697
-5.538089035293592	-10.115138009963935	11.282198165863552
-5.640226487274835	-10.298858444447282	11.34166920558909
-5.744177292474954	-10.485196989157556	11.405432985839287
-5.849958804051255	-10.674130625802752	11.473624184227782
-5.957587437952208	-10.865631395595013	11.546380825390047
-6.067078581883469	-11.05966608308313	11.62384423704096
-6.178446499211993	-11.256195887545942	11.70615899122443
-6.291704227648974	-11.455176082037468	11.793472829401608
-6.406863472556782	-11.656555660252847	11.885936569948948
-6.523934494735987	-11.86027697148119	11.983703996566033
-6.6429259925524855	-12.066275344003246	12.086931726015457
-6.763844978286083	-12.274478697422099	12.19577905355355
-6.886696648586593	-12.484807144524162	12.310407774334722
-7.01148424894998	-12.697172583423416	12.430981979015833
-7.13820893213924	-12.911478280880983	12.557667821721271
-7.2668696105021136	-13.127618447866823	12.690633258480494
-7.397462802163579	-13.345477808611076	12.830047754205
-7.529982471100495	-13.564931164588536	12.976081956236369
-7.664419861139018	-13.785842955091182	13.128907332473263
-7.800763323953464	-14.008066816272041	13.288695772075725
-7.938998141187713	-14.231445140787745	13.455619146751605
-8.079106340868433	-14.455808640428515	13.629848830656234
-8.221066508327757	-14.680975914393395	13.811555176977969
-8.364853591911341	-14.906753026160084	14.000906949352906
-8.51043870381004	-15.132933092201629	14.19807070634792
-8.657788916420566	-15.359295886116506	14.403210137375984
-8.806867054711562	-15.58560746206065	14.616485348562671
-8.95763148515124	-15.81161980170548	14.838052097277505
-9.110035901836753	-16.037070489284535	15.068060974276028
-9.264029110554203	-16.261682419631537	15.306656532671436
-9.41955481159431	-16.48516354445408	15.553976363275902
-9.576551382247535	-16.707206662419434	15.810150116217333
-9.734951660007804	-16.927489258952868	16.07529846915613
-9.894682727628918	-17.145673401963677	16.34953204290802
-10.055665701282386	-17.361405699985802	16.632950265792136
-10.217815523190339	-17.57431732948651	16.92564018862186
-10.381040760226341	-17.784024138313008	17.227675252898923
-10.545243410094908	-17.990126832414525	17.53911401546793
-10.710318716827262	-18.192211253101128	17.859998833656736
-10.876154997447115	-18.389848752146953	18.19035451573497
-11.042633481784362	-18.582596672030707	18.530186942401453
-11.209628167530653	-18.7699989385005	18.87948166593166
-11.377005692728186	-18.95158677243412	19.238202494552088
-11.544625228004175	-19.12687952768008	19.6062900706438
-11.712338390932034	-19.29538566111331	19.983660452351554
-11.87998918500168	-19.45660384061113	20.370203709258323
-12.047413965721328	-19.6100241959403	20.765782543770655
-12.214441436436376	-19.75512971672948	21.17023095092107
-12.380892676465342	-19.89139780070279	21.583352930261626
-12.5465812041548	-20.018301954206247	22.004921264464443
-12.711313077430704	-20.135313645752976	22.43467638011532
-12.874887034362606	-20.241904311840162	22.87232530694527
-13.037094676171376	-20.33754751266476	23.31754075240187
-13.19772069498911	-20.421721233583128	23.769960308973804
-13.356543148507518	-20.49391032622602	24.22918581198611
-13.513333783461817	-20.553609081130325	24.69478286575214
-13.667858409639242	-20.60032392157002	25.166280555837766
-13.819877325828388	-20.63357620601389	25.64317136489237
-13.969145798778964	-20.652905124306567	26.124911308839597
-14.11541459587996	-20.657870670318818	26.610920309350355
-14.258430571834369	-20.648056671460107	27.100582817262246
-14.39793730915845	-20.623073853145478	27.593248700092925
-14.533675811824082	-20.582562914097196	28.088234404880772
-14.665385250836826	-20.526197586290923	28.58482440540196
-14.79280375996567	-20.45368765147819	29.082272940232627
-14.915669279257836	-20.36478188457789	29.57980604529994
-15.033720443349386	-20.25927089289251	30.076623881370406
-15.1466975109649	-20.136989819109385	30.571903353526157
-15.254343331366918	-19.997820875453183	31.06480101601244
-15.356404342895644	-19.84169567619935	31.554456252018493
-15.45263159813005	-19.668597336087036	32.039994713989735
-15.542781809621033	-19.478562303010502	32.52053200605519
-15.626618409601983	-19.27168189474893	32.995177586141004
-15.703912616589818	-19.04810351141496	33.46303886144039
-15.774444501344792	-18.80803149780194	33.92322544711244
-15.838004044298522	-18.55172763281686	34.37485355461876
-15.894392176266685	-18.27951122674181	34.81705047289904
-15.94342179406608	-17.991758811092016	35.24895910282567
-15.984918742555726	-17.688903410289754	35.669742503106214
-16.018722754622228	-17.371433389208256	36.078588404062806
-16.04468834074255	-17.039890875750324	36.47471364462114
-16.062685619979842	-16.694869762949757	36.85736848739652
-16.072601084603257	-16.337013300525317	37.225840767013416
-16.074338290971127	-15.967011291247097	37.57945982778876
-16.067818469871774	-15.585596912839506	37.91760020859454
-16.05298105017495	-15.193543191256715	38.239685035163035
-16.02978409039927	-14.791659156033433	38.54518908316539
-15.998204613639476	-14.380785712810669	38.83364147915947
-15.958238842206857	-13.961791272053373	39.10462801081351
-15.909902329306467	-13.53556717631231	39.35779302261999
-15.853229986089444	-13.103022971055214	39.5928408785351
-15.788276003459952	-12.665081566034127	39.80953697851784
-15.71511366907341	-12.222674335384385	40.00770832165831
-15.633835081006954	-11.776736205045266	40.1872436144209
-15.544550760616609	-11.328200775791421	40.348092928296204
-15.447389168079225	-10.877995529019845	40.49026691682607
-15.342496125055296	-10.427037160622389	40.613835607361494
-15.230034149773726	-9.976227085746881	40.71892678797583
-15.110181710627067	-9.526447154126371	40.805724014575105
-14.983132405061566	-9.078555611988316	40.87446426735463
-14.849094071137905	-8.633383342421967	40.92543528928367
-14.708287839624667	-8.191730411599217	40.958972642202276
-14.560947134869954	-7.754362943527418	40.97545651835843
-14.407316632946873	-7.322010341070701	40.97530834679195
-14.247651185726864	-6.895362866046815	40.95898723486771
-14.082214719564195	-6.475069586254606	40.92698628550538
-13.911279117208695	-6.061736692496872	40.87982883026602
-13.735123091393534	-5.655926184068137	40.81806461748517
-13.554031058272372	-5.258154916841515	40.74226599313287
-13.368292018534524	-4.868894004124198	40.65302411009967
-13.178198453605772	-4.48856855687161	40.55094519922143
-12.984045243838798	-4.117557746661497	40.436646932622324
-12.786128615071162	-3.756195172160947	40.31075490697308
-12.584745119324552	-3.4047695075440645	40.173899271067995
-12.380190654819787	-3.06352540958659	40.026711518829565
-12.172759529834558	-2.732664658840279	39.86982146548567
-11.962743574284257	-2.4123475094377262	39.70385442131277
-11.750431302266222	-2.1026942216599362	39.52942857405849
-11.536107128167899	-1.803786751358802	39.347152587986564
-11.320050638316353	-1.5156705706466154	39.15762342447313
-11.102535919553615	-1.2383565949139184	38.96142438626873
-10.883830945555278	-0.9718231921576373	38.75912338494373
-10.664197021182794	-0.7160182517648628	38.551271428685645
-10.443888284660959	-0.47086129124052706	38.338401325513985
-10.223151266931382	-0.23624558088271858	38.12102659515376
-10.002224507116676	-0.012040268013600364	37.89964058123226
-9.78133822268294	0.20190751591996922	37.674715754171366
-9.560714032560258	0.40577058034472907	37.44670319408413
-9.34056473121791	0.5997396458780035	37.21603224218214
-9.121094111459723	0.7840213714654696	36.98311030861298
-8.902496833529085	0.958836448154272	36.74832282428368
-8.6849583379578	1.1244177677082825	36.51203332403396
-8.468654799493288	1.2810086727266154	36.27458364852022
-8.253753119366028	1.4288612934803846	36.0362942523131
-8.04041095311888	1.568234975337306	35.79746460598296
-7.828776771209285	1.699394799406074	35.55837368033244
-7.618989949614318	1.8226101979046447	35.31928050141535
-7.411180887698646	1.9381536647498843	35.08042476552275
-7.205471150676576	2.046299560959398	34.84202750393901
-7.0019736340673076	2.1473230136738075	34.60429178791243
-6.800792747633466	2.2414989069261795	34.36740346496378
-6.602024616394732	2.329100961706671	34.13153191834904
-6.4057572964277565	2.41040090238472	33.89683084220026
-6.212071003270361	2.485667706164573	33.663439025547376
-6.021038350880491	2.555166931936227	33.431481139113785
-5.832724599222598	2.6191601246523386	33.20106851943251
-5.647187908686616	2.6779042911947815	32.972299945468784
-5.46447959967044	2.7316514435916357	32.745262403535726
-5.284644415786115	2.7806482053946917	32.52003183686323
-5.107720789272597	2.825135477025508	32.29667387671282
-4.933741107324434	2.865348155934802	32.07524455243552
-4.762731978161428	2.901514907493523	31.855790978327992
-4.5947144957787165	2.933857982635449	31.638352015566653
-4.42970450242357	2.962593078397034	31.42295890788299
-4.267712847953866	2.9879292376437188	31.209635889999763
-4.108745645326448	3.010068784432347	30.99840076815626
-3.9528045215573036	3.0292072916291475	30.78926547233319
-3.7998868635820866	3.045533577580547	30.58223658003656
-3.6499860585273094	3.0592297288163235	30.37731581171955
-3.5030917279732283	3.070471145949382	30.174500498105704
-3.3591899558653133	3.079426610119866	29.97378401984899
-3.21826350978672	3.0862583675140693	29.775156220094303
-3.080292055369152	3.091122229666345	29.57860379062751
-2.945252363670973	3.094167687425904	29.384110632398027
-2.8131185113954165	3.0955380366379894	29.191658191268388
-2.6838620738717607	3.0953705137493346	29.001225769915145
-2.5574523107577423	3.093796439701451	28.812790816845936
-2.433856344457141	3.090941370620902	28.626329193530974
-2.3130393312786186	3.086925253953373	28.441815420669403
-2.194964625387845	3.0818625888178763	28.25922290461896
-2.0795939356310633	3.075862589478819	28.078524145021664
-1.9668874753296368	3.0690293509470346	27.89969092465257
-1.8568041051600295	3.061462015826085	27.72269448250028
-1.7493014692533784	3.053254941617923	27.54750567107577
-1.6443361246611041	3.04449786779224	27.37409509892138
-1.5418636643420787	3.035276082006674	27.202433259261632
-1.4418388338387076	3.025670584941448	27.03249064571164
-1.3442156418142208	3.015758253281526	26.864237855922582
-1.2489474646317216	3.0056120004431737	26.697645684013523
-1.1559871451578274	2.9953009346994612	26.532685202599858
-1.0652870859771824	2.9848905144116813	26.369327835193044
-0.976799337205829	2.9744427001209988	26.207545419708868
-0.8904756790940456	2.964016103297559	26.04731026378789
-0.8062676996053177	2.9536661315821684	25.888595192587832
-0.7241268671618986	2.943445130390523	25.731373589679702
-0.6440045987405353	2.93340252077996	25.57561943163383
-0.5658523235056291	2.9235849335066484	25.421307316857945
-0.48962154215916337	2.914036339224616	25.268412489205577
-0.4152638821870855	2.904798174799729	25.11691085684657
-0.342731149175509	2.8959094657300866	24.96677900685423
-0.2719753743696545	2.887406944681067	24.817994215939688
-0.20294885864129683	2.8793251661571126	24.67053445772853
-0.13560421302756984	2.8716966173448064	24.52437840694944
-0.06989439599938567	2.864551825172361	24.37950544087744
-0.005772747613687617	2.857919459639713	24.235895638350062
0.05680697930206752	2.851826433480901	24.09352977664817
0.11789059078820471	2.8462979982269356	23.952389326513085
0.17752342607480262	2.841357836742501	23.812456445547518
0.2357503344517751	2.8370281523142324	23.673713970230303
0.29261565455714184	2.833329754371606	23.536145406753608
0.3481631959574144	2.8302821409241776	23.39973492087546
0.4024362228999716	2.8279035778007424	23.264467326960364
0.4554774401196367	2.826211174777478	23.130328076370592
0.5073289805884901	2.8252209586827814	22.9973032453504
0.5580323951004175	2.824947943566964	22.8653795225366
0.6076286435881099	2.8254061980248664	22.734544196211438
0.6561580880716036	2.826608909759087	22.604785141409298
0.7036604871451924	2.8285684474707926	22.476090806968493
0.7501749919097084	2.831296420164133	22.348450202619386
0.7957401432646792	2.834803733949154	22.2218528861812
0.8403938704752072	2.839100646426656	22.096288950940604
0.8841734909345049	2.8441968187370055	21.97174901327083
0.9271157110458215	2.8501013653532623	21.848224200544824
0.9692566281504	2.8568229016972038	21.725706139390855
1.0106317334319668	2.864369589655001	21.60418694433161
1.0512759157309863	2.872749181067356	21.483659206843537
1.0912234662059448	2.8819690592671035	21.364115984865727
1.1305080837804717	2.892036278735047	21.245550792787043
1.1691628813190391	2.9029576029429323	21.1279575919334
1.2072203924763243	2.9147395404503422	21.011330781574358
1.244712579167989	2.927388379320237	20.89566519046515
1.2816708396133316	2.940910219915837	20.78095606893667
1.3181260169022122	2.9553110061393055	20.667199081545146
1.3541084080416557	2.9705965551708347	20.554390300288667
1.3896477734393045	2.986772585764506	20.442526198397427
1.4247733467833106	3.003844745155373	20.331603644701854
1.459513845280008	3.0218186346300038	20.221619898582258
1.4938974802129579	3.040699833810849	20.112572605501516
1.5279519677886533	3.0604939237026723	20.00445979312172
1.5617045402362848	3.0812065085474956	19.89727986800381
1.59518195713002	3.1028432365321397	19.79103161289058
1.628410516904634	3.1254098193909226	19.68571418457034
1.6614160685362473	3.148912050943742	19.581327112320192
1.6942240233622599	3.173355824608428	19.477870296924674
1.726859367014429	3.1987471499232836	19.37534401027023
1.7593466714423636	3.2250921681151903	19.27374889550943
1.7917101070041812	3.2523971667455642	19.17308596779454
1.8239734546035398	3.2806685934654713	19.073356615575882
1.856160117852496	3.309913068908704	18.974562602463394
1.8882931352412284	3.34013739875017	18.876706069648193
1.920395192296478	3.371348584954979	18.77978953888176
1.9524886337115903	3.4035538362418745	18.68381591601019
1.9845954754316268	3.436760577782542	18.5887884950622
2.0167374166781635	3.470976460156838	18.494710962888746
2.0489358518990053	3.5062093675820036	18.401587404352966
2.0812118826288413	3.542467425432238	18.309422308069074
2.1135863292471977	3.5797590070628167	18.218220572690225
2.146079742621058	3.6180927399515705	18.127987513744376
2.1787124156197333	3.657477511168369	18.038728871018545
2.2115043944903063	3.6979224721816517	17.95045081649142
2.2444754900822352	3.7394370430090493	17.863159962815125
2.2776452889098553	3.782030915716931	17.776863372347936
2.3110331640426494	3.8257140572728185	17.691568566737853
2.3446582858123963	3.8704967117514175	17.60728353706003
2.378539632327424	3.916389401894177	17.524016754509052
2.4126959997837862	3.9634029300195657	17.4417771816488
2.4471460125635525	4.011548378279583	17.360574284222274
2.48190813311078	4.060837108256386	17.280418043523213
2.5170006715751927	4.111280759890084	17.20131896933298
2.5524417952139635	4.1628912497271635	17.123288113425293
2.58824953754196	4.215680768476926	17.04633708364139
2.6244418072207334	4.269661777861179	16.970478058538323
2.6610363966760695	4.324847006739756	16.895723802613553
2.698050990434229	4.381249446492938	16.82208768210787
2.735503173166349	4.438882345638916	16.749583681389325
2.7734104374306665	4.497759203662832	16.678226419919618
2.8117901911012764	4.55789376403055	16.60803116980538
2.8506597644723874	4.619300006358894	16.53901387393481
2.8900364170262858	4.681992137711014	16.471191164700496
2.9299373438530063	4.745984582983441	16.40458038330801
2.970379681708774	4.811291974348076	16.339199599669808
3.011380514700254	4.877929139710588	16.275067632882163
3.052956879580718	4.945911090143411	16.212204072282358
3.0951257706438686	5.015253006249255	16.15062929908178
3.137904144199828	5.085970223407323	16.090364508569913
3.181308922617982	5.158078215853063	16.031431732881522
3.2253569979194636	5.231592579537505	15.973853864319109
3.2700652349024786	5.306529013711325	15.91765467921914
3.315450473781408	5.382903301173461	15.862858862350388
3.361529532321022	5.460731287123177	15.809492031828627
3.4083192074453907	5.54002885655012	15.757580764530463
3.4558362763003374	5.6208119100942	15.70715262198598
3.504097496746676	5.703096338303017	15.658236176727401
3.5531196072615394	5.786897994213362	15.610861039066414
3.602919326222611	5.872232664177776	15.56505788427067
3.6535133505500674	5.959116036856027	15.520858480104835
3.7049183536785244	6.0475636702859035	15.47829571469859
3.7571509828311798	6.137590956946564	15.437403624698236
3.8102278555662568	6.229213086723203	15.39821742365434
3.864165555565188	6.322445007679879	15.360773530592018
3.918980627629287	6.417301384542049	15.32510959870561
3.9746895718517563	6.5137965547900425	15.291264544112227
4.031308836929265	6.611944482259878	15.259278574592804
4.088854812576704	6.711758708146575	15.229193218241734
4.147343821006072	6.813252299300651	15.20105135193913
4.206792107430072	6.9164377937080825	15.174897229551013
4.2672158295486255	7.021327143040517	15.150776509754524
4.328631045975464	7.127931652161557	15.128736283375751
4.391053703559785	7.236261915472312	15.108825100118256
4.454499623557047	7.3463277499794115	15.091092994549626
4.518984486600701	7.458138124966567	15.07559151120264
4.584523816426141	7.571701088152323	15.062373728635608
4.651132962295225	7.68702368821425	15.05149428228449
4.718827080069551	7.80411189356299	15.043009385925973
4.787621111878322	7.9229705072492855	15.036976851557155
4.857529764326603	8.043603077891657	15.033456107482905
4.928567485186221	8.166011806511394	15.03250821438703
5.000748438513	8.2901974491699	15.034195879147203
5.074086478131323	8.4161592153056	15.038583466137275
5.148595119426731	8.543894661674457	15.045737005743186
5.224287509386124	8.673399581804977	15.055724199800752
5.301176394825276	8.804667890888034	15.068614423644911
5.37927408874259	8.93769150603128	15.084478724440885
5.458592434738278	9.072460221819979	15.103389815447745
5.539142769436879	9.208961581136927	15.125422065844251
5.62093588285507	9.34718074121532	15.150651485726634
5.703981976652258	9.487100334906563	15.179155705865497
5.788290620209243	9.628700327175434	15.211013951789136
5.87387070447502	9.771957866845048	15.246307011736771
5.960730393529062	9.916847133646813	15.285117198004809
6.048877073806617	10.063339180653218	15.327528301186623
6.138317300939215	10.21140177220322	15.373625536785426
6.229056744163802	10.360999217458202	15.4234954836573
6.321100128261534	10.512092199767286	15.477226013722321
6.414451172990087	10.664637602055715	15.534906212360854
6.509112529981213	10.81858832849558	15.596626288894516
6.6050857170791275	10.973893122759074	15.662477476532295
6.702371050106647	11.130496383210184	15.732551921148978
6.800967572051825	11.288337975439473	15.806942558247965
6.900872979678874	11.44735304260621	15.885742977450391
7.002083547577153	11.607471814112348	15.96904727384394
7.104594049674675	11.768619413199437	16.056949885520492
7.208397678254302	11.930715664127074	16.149545416629866
7.313485960527992	12.093674899669349	16.246928445282602
7.419848672836278	12.257405769737453	16.349193315640072
7.52747375256035	12.421811052022946	16.456433913546437
7.636347207851893	12.586787465640354	16.568743425076796
7.746453025305339	12.75222548883569	16.68621407740209
7.85777307571856	12.918009181919508	16.80893686140555
7.970287018114161	13.08401601668235	16.93700123553136
8.083972202211417	13.25011671363776	17.070494810390304
8.198803569576542	13.416175088554041	17.209503013721154
8.31475355369365	13.582047909816708	17.35410873536329
8.431791979239195	13.747584768280726	17.504391951991387
8.549885960868224	13.912627961363789	17.66042933145151
8.66899980185606	14.077012393234986	17.822293816648724
8.789094892969961	14.240565493045228	17.990054189052927
8.91012961198504	14.403107153244733	18.16377461202998
9.032059224290741	14.564449690113907	18.343514154347893
9.154835785077266	14.724397828722116	18.52932629437924
9.278408043623273	14.88274871459219	18.721258405690264
9.402721350250507	15.039291954417372	18.919351224908585
9.527717566548944	15.193809688224894	19.12363830296828
9.653334979516014	15.346076695415897	19.33414544105625
9.779508220289276	15.495860537125797	19.550890112816404
9.906168188196327	15.642921737356039	19.77388087463031
10.033241980878293	15.787014005300305	20.003116766050272
10.160652831285024	15.927884501249533	20.2385867027481
10.288320052363456	16.06527414837633	20.4802688646114
10.416158990305592	16.198917992614593	20.72813008193907
10.544080987238615	16.328545612705167	20.982125222967653
10.671993354273992	16.453881582324154	21.24219658628379
10.79979935584026	16.57464598599799	21.508273301959928
10.927398206252533	16.69055499028525	21.780270745579358
11.054685079467504	16.80132147141519	22.058089969585335
11.181551132984413	16.906655700264647	22.341617156692188
11.30788354683888	17.006266085188233	22.630723100345847
11.43356557862931	17.099859972821317	22.92526271748082
11.558476635486912	17.187144506527005	23.225074599025856
11.682492363874621	17.267827541679083	23.52998060381176
11.805484758049824	17.341618616442904	23.83978550166497
11.927322287977878	17.408229976158754	24.154276671586786
12.047870047415785	17.467377648834205	24.47322386096572
12.166989922809567	17.51878256862542	24.796379011769968
12.284540783556785	17.56217174353354	25.12347615959429
12.400378694087657	17.597279462871082	25.454231411312357
12.514357148098247	17.623848539365014	25.78834300686428
12.626327325150145	17.64163158007409	26.125491470447713
12.736138369700003	17.650392279605573	26.465339855982407
12.843637692483496	17.649906728443774	26.807534091304934
12.948671294004475	17.63996472854643	27.151703424981577
13.051084109716744	17.620371107746454	27.497460979034837
13.150720376295126	17.590947023920734	27.84440441014478
13.247424018207926	17.551531249370363	28.192116681112676
13.341039053604014	17.501981425407035	28.540166943497
13.431410018327588	17.442175276771668	28.888111531390784
13.51838240666653	17.37201177523719	29.235495065286127
13.601803127241135	17.29141224157238	29.581851663922013
13.681520972232342	17.20032137498798	29.926706260876323
13.757387097954556	17.098708199247863	30.269576021528433
13.829255514584302	16.98656691482589	30.609971854836235
13.896983582677619	16.863917646817676	30.947400013208004
13.960432513938901	16.730807078791642	31.281363772578473
14.019467873553321	16.587308963375335	31.611365183675414
14.073960081258711	16.433524501133455	31.93690688437044
14.123784908221626	16.269582580185762	32.257493962001746
14.168823966690368	16.095639870047997	32.572635853613654
14.208965189336544	15.91188076432613	32.88184827124734
14.244103295158784	15.718517168166668	33.18465513870165
14.274140238816173	15.515788127735535	33.48059052561552
14.298985640284942	15.303959300443301	33.769200564319384
14.318557191787297	15.083322266155118	34.05004533464602
14.33278103903044	14.854193681187475	34.32270070181324
14.341592133915686	14.616914278476292	34.58676009260088
14.34493455603115	14.37184771888385	34.841836195336114
14.342761800425702	14.119379300169749	35.08756256967981
14.335037029375842	13.85991453166998	35.32359515285888
14.321733286099319	13.593877584157411	35.54961364983793
14.302833668635515	13.321709625699045	35.765322795928164
14.27833146240187	13.04386705555379	35.97045348148929
14.24823023024338	12.760819649235508	36.164763729685575
14.21254385911546	12.473048628796647	36.34803951967884
14.171296562875234	12.181044673147392	36.5200954491628
14.124522840997304	11.885305883793581	36.68077523174782
14.072267393376116	11.586335721769577	36.82995202635099
14.014584991720087	11.2846409317222	36.967528597431944
13.951540308379448	10.980729469083816	37.093437306598624
13.88320770377917	10.675108446071174	37.2076399377613
13.809670973943163	10.368282111846177	37.31012735962426
13.731023059888892	10.06074988157545	37.40091903084825
13.647365720952523	9.753004428396654	37.48006235465112
13.558809174349213	9.445529851362004	37.547631890954115
13.465471703505488	9.138799931414232	37.60372843537064
13.367479237886718	8.833276486250446	37.648477975396965
13.264964907215672	8.529407833697734	37.68203053505318
13.158068573103993	8.227627371862773	37.70455891995951
13.046936341222242	7.928352282940177	37.71625737539178
12.931720057198003	7.63198236613286	37.71734017025111
12.812576789467297	7.3388990037120445	37.70804012010177
12.689668302304439	7.049464262820353	37.688607062484294
12.563160522230685	6.764020134245121	37.65930629760569
12.433223000937831	6.482887908038457	37.62041700725204
12.300028377786585	6.206367684613483	37.57223066437638
12.16375184481835	5.934738018734791	37.515049445293066
12.0245706170994	5.668255692757622	37.449184655783554
11.882663411050922	5.4071556144535515	37.37495518168937
11.738209933261178	5.151650833908448	37.292685973768705
11.591390382081332	4.901932673195137	37.20270657572122
11.442384964120075	4.658170961897041	37.105349703376426
11.291373427544594	4.4205143710277195	37.00094988209479
11.13853461388477	4.189090837483576	36.889842148469434
10.984046029829313	3.9640080708830654	36.77236082145753
10.828083440287898	3.7453541344609054	36.64883834711916
10.670820483779256	3.5331980916039836	36.51960422021225
10.512428311005173	3.3275907096445696	36.3849839850046
10.353075247260948	3.1285652126214494	36.24529831680676
10.192926479147191	2.936138074916682	36.10086218493616
10.032143765856864	2.750309847923023	35.95198409707323
9.870885175142801	2.5710660122211584	35.7989654242921
9.709304843902508	2.3983778481069624	35.64209980542468
9.547552763172693	2.232203317726527	35.48167262886972
9.385774587181988	2.072487952512597	35.317960589467816
9.224111465989681	1.9191657400880942	35.15123131764779
9.062699901121318	1.7721600052805881	34.98174307769152
8.90167162352022	1.6313842803904792	34.8097445316809
8.741153493040159	1.4967431603420227	34.63547456545264
8.581267418637852	1.3681331388425066	34.45916217272086
8.422130298355492	1.2454434221490638	34.281026393400516
8.263853978144798	1.1285567175177995	34.101276302106236
8.106545228533104	1.0173499938480979	33.92011104276262
7.950305738116077	0.9116952124717935	33.73771990529122
7.795232122830862	0.8114600264311955	33.55428244037665
7.641415949969318	0.7165084469787486	33.36996860841543
7.488943775875912	0.6267014763722087	33.18493895884571
7.3378971962883535	0.541897706367641	32.999344836198034
7.1883529082924476	0.46195388210751515	32.81332860936065
7.040382782876853	0.3867254313652864	32.6270239207159
6.89405394710282	0.31606695935005014	32.440555951990156
6.749428874929228	0.2498327094848526	32.254041703845196
6.606565485762434	0.18787699075690528	32.06759028642857
6.465517249844356	0.13005457240284363	31.88130321830922
6.32633329962115	0.07622104682495338	31.695274731410976
6.189058546277695	0.026233161750896388	31.50959207975689
6.053733800664369	-0.020050877256365587	31.324335850030796
5.920395897886984	-0.06277113275614071	31.139580272154024
5.789077824865269	-0.10206568861819865	30.955393528246653
5.659808850219534	-0.13807042915938905	30.771838058533607
5.532614655875132	-0.17091884292377277	30.588970862906233
5.40751746982706	-0.20074184978395362	30.406843797023317
5.284536199541021	-0.22766765004107076	30.225503861975575
5.163686565512854	-0.2518215942070882	30.044993486685485
5.044981234539609	-0.2733260721710965	29.865350802334174
4.9284299523048745	-0.2923004204726677	29.6866099082456
4.814039674905949	-0.3088608464380226	29.508801128753703
4.701814698993061	-0.32312036796863775	29.331951260692524
4.591756790219492	-0.33518876781260415	29.156083811236414
4.483865309736455	-0.3451725611917696	28.9812192259077
4.378137338494899	-0.3531749757039008	28.80737510664358
4.274567799144715	-0.35929594246686775	28.634566419882958
4.173149575348212	-0.36363209752091	28.462805694694744
4.073873628351651	-0.36627679255473655	28.29210321102659
3.9767291106789098	-0.3673201140714115	28.122467178195553
3.8817034768365275	-0.36684891015962245	27.953903903789104
3.7887825909355235	-0.3649468240852652	27.786417953173498
3.6979508311579017	-0.36169433396651895	27.620012299843093
3.609191191011579	-0.35716879784290595	27.454688466867143
3.5224853773316442	-0.3514445034945842	27.290446659708
3.437813905002285	-0.3445927224124458	27.1272858907046
3.3551561883874994	-0.33668176736238553	26.965204095529
3.2744906294675706	-0.32777705302777155	26.804198241927057
3.1957947026937106	-0.31794115925359984	26.644264431069328
3.1190450365779188	-0.3072338964525653	26.485397991831906
3.044217492048657	-0.2957123727690711	26.327593568337388
2.971287237607971	-0.2834310626303807	26.17084520107981
2.9002288213332035	-0.2704418763457032	26.015146401955633
2.8310162397727265	-0.2567942304437163	25.86049022351877
2.7636230037912664	-0.2425351184671044	25.70686932277373
2.6980222014234214	-0.2277091819685273	25.554276019810402
2.6341865578000294	-0.2123587814772774	25.40270235158078
2.5720884922128886	-0.19652406722813556	25.252140121103416
2.5117001723890606	-0.18024304946578854	25.102580942378705
2.452993566046139	-0.16355166815740949	24.95401628128324
2.3959404898032104	-0.14648386196465135	24.8064374927049
2.3405126555215374	-0.1290716363426061	24.659835854164328
2.286681714153631	-0.11134513064995157	24.514202596167035
2.234419297176209	-0.09333268416779807	24.369528929509734
2.183697055686082	-0.07506090093896439	24.225806069761987
2.1344866972350833	-0.05655471335060245	24.083025259125396
2.0867600204838714	-0.03783744439560423	23.94117778587279
2.040488947749765	-0.01893086855695792	23.800255001547466
1.9956455555267838	0.0001447287301510866	23.660248336102647
1.952202103052807	0.01937049307608004	23.52114931114418
1.9101310589994247	0.03872894462353509	23.382949551434596
1.869405126358124	0.05820392304594273	23.245640794804846
1.8299972655957009	0.07778053407331006	23.109214900612262
1.791880716149721	0.09744509755609	22.973663856872232
1.7550290163348599	0.1171850970716755	22.838979786187302
1.7194160217281378	0.13698913107408545	22.70515495058511
1.6850159221001912	0.15684686558288657	22.572181755371044
1.6518032569575722	0.1767489884039394	22.44005275209219
1.619752929760661	0.19668716487049565	22.30876064070688
1.5888402208786052	0.2166539950910306	22.178298271041978
1.5590407993419668	0.23664297268702209	22.04865864361729
1.5303307334515597	0.25664844500185485	21.91983490990881
1.5026865003007457	0.276665574759668	21.791820372118973
1.4760849942662178	0.29669030315152406	21.664608482514723
1.4505035345209463	0.3167193143244972	21.53819284239089
1.4259198716207686	0.33675000124833737	21.41256720070948
1.4023121932151998	0.3567804329326472	21.287725452464883
1.3796591289305067	0.37680932296722247	21.163661636817128
1.35793975447199	0.39683599935701247	21.04036993503403
1.3371335949903063	0.4168603756229448	20.917844668277326
1.317220627755669	0.436882923138831	20.79608029526797
1.2981812841814542	0.4569046446748604	20.675071409858727
1.2799964512377162	0.4769270491174736	20.554812738542534
1.2626474722932277	0.49695212733560185	20.435299137920335
1.2461161474233975	0.5169823291629855	20.316525592151223
1.230384733219777	0.5370205414665026	20.19848721040439
1.215435942135532	0.5570700672704432	20.081179224331077
1.201252941399709	0.5771346059070352	19.964596985571667
1.1878193515320035	0.5972182341634523	19.8487359633134
1.1751192444881295	0.6173253883961957	19.733591741910235
1.16313714146479	0.6374608475838153	19.619160018576814
1.151858010391813	0.657629717289605	19.505436601165318
1.141267263138015	0.6778374145059672	19.392417406035072
1.1313507524559925	0.6980896533528732	19.28009845602204
1.1220947686899054	0.7183924316033224	19.168475878514414
1.1134860362692591	0.7387520180091258	19.057545903640214
1.1055117100106235	0.7591749404008037	18.947304862572285
1.0981593712480966	0.7796679745361508	18.837749185954262
1.0914170238123984	0.8002381336723553	18.728875402451695
1.0852730898774197	0.8208926588373915	18.62068013743056
1.0797164056922404	0.8416390097765918	18.51316011176703
1.0747362172155692	0.8624848565513239	18.406312140789677
1.0703221756687697	0.8834380717671139	18.300133133355914
1.066464333022819	0.9045067234089464	18.19462009106513
1.0631531374336443	0.925699068262494	18.089770107608693
1.0603794286395938	0.9470235459002027	17.985580368258827
1.0581344333339813	0.9684887732120336	17.882048149496793
1.0564097605249547	0.9901035394611977	17.779170818781047
1.055197396894252	1.0118768018456212	17.67694583445676
1.0544897021657156	1.03381768154675	17.57537074580667
1.0542794044938237	1.0559354602475624	17.47444319324464
1.0545595958818734	1.078239577102611	17.374160908651568
1.0553237276388685	1.1007396261429279	17.27452171585573
1.0565656058836066	1.1234453540997693	17.17552353125701
1.0582793871039116	1.1463666586311516	17.077164364597028
1.0604595737784646	1.1695135869361675	16.979442319875012
1.0631010100681717	1.1928963347420916	16.882355596411497
1.066198877583557	1.216525245650153	16.785902490060426
1.0697486912341907	1.2404108108260337	16.690081394571703
1.073746295165805	1.2645636690220725	16.594890803104473
1.0781878587902294	1.2889946069179183	16.500329309894468
1.083069872912992	1.313714559767454	16.406395612076295
1.0883891459629895	1.3387346123398303	16.313088511663363
1.0941428003283447	1.3640660001432	16.220406917687068
1.1003282688021225	1.3897201109196191	16.12834984849897
1.1069432911413757	1.4157084864005087	16.03691643423788
1.1139859107425822	1.4420428243120151	15.94610591946549
1.1214544714363375	1.4687349806202574	15.855917665973369
1.1293476144037582	1.495796972006363	15.766351155765792
1.1376642752169217	1.5232409785619219	15.677405994221596
1.1464036810053049	1.551079346695447	15.589081913439752
1.155565347750033	1.5793245922409416	15.501378775772672
1.1651490777074183	1.6079894037596159	15.414296577552596
1.1751549569630857	1.6370866460261537	15.327835453016226
1.1855833531178277	1.666629363691288	15.24199567843259
1.1964349131060554	1.696630785112388	15.156777676440145
1.2077105611474888	1.7271043263438537	15.07218202059966
1.219411496832623	1.7580635952794714	14.98820944016899
1.231539193342267	1.7895223959388262	14.904860825106763
1.2440953958013259	1.8214947328900688	14.822137231311963
1.257082119766703	1.8539948158010628	14.740039886107656
1.270501649849205	1.8870370641114296	14.658570193976203
1.2843565384689875	1.9206361118175195	14.577729742555
1.2986496047441283	1.9548068123628375	14.497520308900803
1.3133839335115025	1.9895642436257472	14.417943866032752
1.328562874479185	2.024923712996711	14.33900258976324
1.3441900415093417	2.0609007625369133	14.260698865826972
1.36026931203052	2.0975111742102164	14.183035297318428
1.3768048265778787	2.134770975179672	14.106014712449422
1.3938009884599982	2.17269644316023	14.029640172637723
1.4112624635505742	2.21130411181855	13.953914980938972
1.4291941802032497	2.250610776210812	13.878842690834146
1.4476013292875325	2.2906334982487224	13.804427115385934
1.4664893643437173	2.331389612183867	13.730672336777248
1.4858640018544627	2.3728967300998995	13.657582716246067
1.5057312216306031	2.4151727474018156	13.585162904430828
1.5260972673083728	2.4582358482905655	13.51341785214202
1.5469686469552684	2.5021045112112144	13.442352821575176
1.5683521337813715	2.54679751426179	13.371973397981812
1.5902547669529385	2.59233394054967	13.302285501814664
1.6126838525045553	2.6387331834810595	13.23329540136518
1.6356469643461962	2.686014951968824	13.165009725910755
1.6591519453610835	2.7341992755427125	13.097435479390521
1.6832069085901402	2.7833065093453637	13.030580054628476
1.7078202384983023	2.833357338995976	12.964451248124218
1.733000592317912	2.884372785302943	12.899057275431142
1.758756901463923	2.9363742088052276	12.834406787143315
1.7850983730154244	2.989383314121207	12.77050888551234
1.8120344912574893	3.0434221540821054	12.707373141716559
1.8395750192771376	3.0985131336259877	12.64500961380511
1.8677300006066087	3.1546790134264047	12.583428865340279
1.8965097609069705	3.2119429132286395	12.522641984761721
1.9259249096842743	3.270328314864043	12.462660605497295
1.9559863420302643	3.3298590649116715	12.403496926845245
1.9867052403790435	3.390559376974281	12.345163735653074
2.018093076270435	3.4524538335333914	12.28767442881924
2.0501616121104713	3.515567387346489	12.231043036643591
2.0829229029183396	3.5799253623460934	12.17528424705381
2.116389298048985	3.6455534539989864	12.120413430734487
2.1505734428793315	3.7124777290801614	12.06644666718663
2.1854882804460063	3.780724624814593	12.013400771744548
2.2211470530207538	3.850320947335148	11.961293323578706
2.257563303609687	3.9212938694034207	11.910142694711848
2.294750877361147	3.993670927335991	11.85996808007646
2.3327239228662946	4.067480017075705	11.810789528641129
2.371496893335067	4.142749389342933	11.762627975633706
2.4110845476296388	4.219507643798987	11.715505275888054
2.4515019511359273	4.297783722148863	11.66944423834136
2.4927644764528307	4.377606900106836	11.624468661707759
2.534887803877148	4.4590067781429745	11.580603371353872
2.5778879216613104	4.542013270924893	11.537874257400151
2.6217811260190356	4.626656595362911	11.496308314071335
2.6665840208533207	4.712967257163056	11.45593368031704
2.712313517178489	4.800976035784741	11.416779681722902
2.7589868322073228	4.890713967696066	11.378876873729656
2.8066214880718645	4.982212327812384	11.342257086175852
2.855235310145239	5.075502608998692	11.306953469176738
2.9048464249289343	5.170616499508024	11.273000540349546
2.955473257468827	5.2675858582229775	11.240434233391206
3.0071345282603725	5.366442687559016	11.209291948011169
3.0598492496019785	5.467219103882627	11.179612601217098
3.113636721351645	5.569947305286684	11.151436679947158
3.1685165260410466	5.674659536560679	11.12480629503626
3.2245085232973993	5.781388051182954	11.099765236498131
3.2816328435217663	5.890165070155718	11.076359030097887
3.339909880768063	6.001022737492155	11.054634995182886
3.399360284765592	6.113993072159032	11.034642303730735
3.460004952023378	6.229107916266504	11.016432040564755
3.521865015952986	6.346398879290776	11.000057264676613
3.584961835940755	6.465897278101448	10.985573071585621
3.64931698529871	6.587634072559431	10.973036656651495
3.7149522380191584	6.711639796440712	10.962507379244414
3.7818895542543287	6.837944483431857	10.954046827661925
3.8501510644375685	6.966577587931978	10.947718884666635
3.9197590519593675	7.097567900387921	10.943589793501499
3.9907359343078728	7.230943456881236	10.94172822422099
4.063104242578013	7.3667314426740855	10.94220534015667
4.136886599248721	7.504958089412188	10.94509486431381
4.212105694125667	7.645648565679081	10.95047314547238
4.288784258339218	7.788826860582612	10.958419223740549
4.366945036285195	7.934515660052164	10.969014895281706
4.446610755389816	8.082736215516308	10.982344775906785
4.527804093576295	8.233508204626942	10.998496363192507
4.610547644305215	8.386849583691038	11.01756009675248
4.694863879058015	8.54277643147209	11.039629416252797
4.780775107125059	8.701302784016676	11.064800816724935
4.868303432558733	8.862440460169147	11.09317390068883
4.957470708145365	9.026198877436526	11.124851426555518
5.048298486246982	9.19258485787409	11.159939352733277
5.140807966359053	9.361602423669096	11.19854687681276
5.235019939227676	9.533252582113528	11.240786469155926
5.330954727366138	9.707533099671565	11.286773900160078
5.428632121807863	9.884438264866683	11.336628260412057
5.528071314930925	10.06395863973764	11.3904719728893
5.62929082918705	10.246080799640207	11.448430796302917
5.732308441568303	10.430787061207656	11.510633818615316
5.837141103644311	10.618055198322418	11.577213439699188
5.943804857002664	10.8078581459959	11.648305342036668
6.052314743928259	11.000163692109028	11.724048448289027
6.162684713160473	11.19493415702734	11.804584864496869
6.2749275205722554	11.392126061175162	11.8900598076003
6.389054624619161	11.591689780728316	11.980621515895363
6.505076076416372	11.79356919167711	12.076421140973375
6.623000404309898	11.997701302607478	12.177612619618287
6.742834492823127	12.204015876663599	12.284352524071373
6.8645834558674474	12.412435043265573	12.396799889001155
6.988250504129358	12.622872900302276	12.515116013460108
7.113836806560673	12.835235107657745	12.639464236048088
7.241341345924357	13.049418473096402	12.770009681454473
7.370760768369122	13.265310531699221	12.906918976502865
7.502089227040599	13.482789120241947	13.05035993379341
7.63531821976336	13.701721948100712	13.200501201008485
7.770436420870147	13.921966166499008	13.357511873942936
7.907429507290342	14.143367938136178	13.521561071319534
8.046279979056592	14.36576200949026	13.692817469474253
8.18696697444061	14.588971288355744	13.871448795040957
8.3294660799783	14.812806429446363	14.05762127382317
8.473749135707887	15.037065431190381	14.251499034134678
8.619784036008758	15.26153324714794	14.453243463007915
8.76753452649649	15.48598141578927	14.66301251381461
8.916959997508052	15.710167712699183	14.880959964030204
9.068015274788886	15.933835829595207	15.107234622089255
9.220650408083248	16.156715084882034	15.341979482544366
9.374810458415281	16.378520170785734	15.585330829036728
9.530435284953933	16.598950942448802	15.837417284950027
9.687459332445131	16.81769225466511	16.09835881200124
9.845811420310277	17.034413852248	16.368265657487147
10.005414534615056	17.24877032029584	16.647237251401428
10.166185624228067	17.46040110087389	16.935361055199746
10.328035402602827	17.66893058284499	17.23271136460186
10.490868156737811	17.873968271759324	17.539348069497205
10.654581564983726	18.075109046830484	17.855315374740645
10.819066525489594	18.271933512091938	18.180640486415008
10.98420699719021	18.46400844881274	18.51533226896068
11.14987985535404	18.65088737616702	18.85937987946084
11.31595476381235	18.832111226965633	19.212751386282783
11.482294066101943	19.00720914499052	19.57539238025816
11.648752697822225	19.175699410055632	19.94722458752294
11.815178122608982	19.33709049643094	20.328144494185903
11.981410294174058	19.49088226960322	20.71802199396092
12.147281646917724	19.63656732557557	21.11669907091264
12.312617117636162	19.773632475968046	21.523988530401986
12.47723420086408	19.90156038111399	21.939672792266013
12.640943040359234	20.019831332100075	22.363502761088178
12.803546559197203	20.12792518131636	22.795196789205324
12.964840630851784	20.225323419527125	23.23443974871721
13.124614293536293	20.31151139578846	23.68088222931654
13.282650009920102	20.385980674694014	24.134139879085314
13.438723974151614	20.448231523468387	24.59379290558629
13.592606467888189	20.497775519347968	25.059385754529956
13.744062266763425	20.53413826551897	25.53042698301814
13.892851098412493	20.556862201646123	26.00638934383518
14.03872815281718	20.56550949275042	26.486710096427316
14.181444645338974	20.55966497791917	26.970791559105972
14.320748432368962	20.538939158091114	27.458001915578485
14.456384679044925	20.502971199998836	27.947676287155325
14.588096577984823	20.45143193131179	28.439118079950923
14.71562611742377	20.38402680016199	28.931600613940926
14.838714896594292	20.300498770587744	29.42436903812091
14.957104985577784	20.20063112406898	29.91664253294504
15.070539826273158	20.084250136271347	30.407616798054583
15.178765170498172	19.951227597453304	30.896466819743715
15.281530050648895	19.801483144721338	31.38234990900716
15.37858777774121	19.634986374518267	31.864408997183684
15.46969696109166	19.451758704406885	32.34177617235476
15.554622543350302	19.251874954417772	32.81357643574215
15.63313684411267	19.03546461994018	33.27893165356977
15.705020604890102	18.802712810407353	33.73696467613278
15.770064027850745	18.553860830791734	34.18680359239876
15.828067800433082	18.28920638624435	34.62758608523951
15.87884409772673	18.00910339395382	35.058463849654935
15.922217554384416	17.713961390515017	35.47860703397131
15.958026197806063	17.404244527654527	35.88720866219225
15.986122334410755	17.08047015404892	36.28348899440981
16.006373380999978	16.743206986055842	36.666699781583226
16.01866263350838	16.39307287541295	37.036128371032824
16.02288996584069	16.030732187226754	37.39110161973501
16.018972452001336	15.656892806785823	37.730989573935254
16.006844905333033	15.27230279876521	38.055208875734785
15.986460329383341	14.877746747167816	38.3632258600989
15.95779027570619	14.474041808746398	38.65455930917081
15.92082510476816	14.062033516611494	38.92878283476607
15.875574147052191	13.64259137411759	39.18552686444507
15.822065762424655	13.216604281936217	39.42448021147305
15.760347296832453	12.784975843311713	39.64539121425746
15.690484936421006	12.348619593939274	39.848068436313575
15.612563460182109	11.908454203542961	40.03238092343341
15.526685893248	11.465398696167396	40.19825802033976
15.43297306391567	11.020367735344177	40.34568875463868
15.331563068421156	10.574267018810321	40.474720801178904
15.222610648336486	10.127988825182333	40.58545904496689
15.106286486262995	9.682407752218538	40.67806376538841
14.982776426191387	9.238376682888125	40.75274846865372
14.852280625519855	8.796723011667256	40.809777398988736
14.715012646220835	8.358245159223754	40.849462762132354
14.571198493059478	7.92370939918473	40.87216169709678
14.421075607054703	7.4938470159667245	40.87827303391152
14.264891822560697	7.069351807874092	40.86823387617938
14.102904296419988	6.650877944879759	40.84251604774266
13.935378417611496	6.239038185812318	40.80162244260978
13.762586705682395	5.834402455135635	40.7460833165631
13.58480770603119	5.437496775230822	40.67645255760376
13.402324889803346	5.048802546119528	40.593303970646794
13.21542556576572	4.668756160926879	40.49722760971393
13.024399811082876	4.29774894218402	40.38882618835968
12.829539427406333	3.936127381269098	40.2687115962685
12.631136928135826	3.5841936609433733	40.137501546951846
12.429484562120768	3.242206439042391	39.99581637831808
12.224873378467004	2.9103818699564536	39.84427602466222
12.017592336478678	2.588894839514327	39.683497175368096
11.807927464151467	2.2778803883265075	39.514090632419965
11.596161067993945	1.97743529842712	39.336658875694184
11.38257099635958	1.6876198182487456	39.15179384203447
11.167429957874537	1.4084595014454293	38.9600749213027
10.951004895987516	1.1399471358642652	38.76206716999693
10.73355642014082	0.882044739994705	38.558319740654966
10.51533829355956	0.6346856054432197	38.349364523118936
10.296596977213175	0.3977763653886882	38.13571499186405
10.077571229084743	0.17119907048312483	37.917865251961814
9.858491757516823	-0.045186744729500995	37.696289274877195
9.639580927070895	-0.2515420201509681	37.47144031416791
9.42105251507012	-0.44804616680253445	37.243750490282125
9.203111516740991	-0.6348951137554713	37.013630532974794
8.985953996682642	-0.8122994155844541	36.781469669422094
8.769766984227205	-0.9804824290242599	36.54763564584769
8.554728410145232	-1.139678565977459	36.31247487040099
8.341007082052293	-1.2901316285904827	36.076312665084984
8.128762695834103	-1.432093230756936	35.83945361475218
7.918145880369024	-1.565821309172428	35.60218200149252
7.709298272846701	-1.691578725913426	35.36476231317511
7.502352621995474	-1.809631963491264	35.127439815390396
7.297432916589672	-1.9202499124039831	34.89044117661384
7.094654536662685	-2.023702750401922	34.653975137009475
6.89412442494564	-2.1202609119670273	34.41823321194979
6.695941276133327	-2.210194145905056	34.183390421978764
6.500195741692874	-2.2937706584325572	33.9496060416298
6.306970648033919	-2.3712563387226626	33.71702436017293
6.1163412259843986	-2.442914063531049	33.485775448038716
5.928375349633223	-2.5090030772631735	33.25597592330857
5.743133782725748	-2.569778443650302	33.02772971328768
5.560670430925162	-2.6254905650704052	32.801128806778785
5.381032598373739	-2.6763847654761523	32.57625399323949
5.204261247115719	-2.722700932864414	32.35317558554782
5.030391258058825	-2.7646732172396224	32.131954123595555
4.859451692270535	-2.8025297800752567	31.912641056397046
4.691466051518435	-2.836492591361194	31.695279400829904
4.526452537073452	-2.8667772704336687	31.479904375518846
4.364424305893171	-2.8935929669154556	31.266544008724065
4.205389723405666	-2.9171422782390075	31.055219719424784
4.049352612204418	-2.9376212003846653	30.845946871074286
3.896312496052573	-2.955219108633747	30.638735297760768
3.7462648386747994	-2.9701187653102767	30.433589802733415
3.5992012768915	-2.982496351661938	30.23051062945241
3.455109847721324	-2.992521521208767	30.029493905495116
3.313975209141007	-3.000357472065227	29.830532059795473
3.175778854251568	-3.006161035915488	29.633614213819303
3.0404993186531413	-3.010082781491925	29.438726547380185
2.9081123808844875	-3.0122671305717392	29.24585263989176
2.7785912558220325	-3.012852484665849	29.054973787911575
2.6519067809785946	-3.011971360726209	28.86606929989093
2.528027595674668	-3.0097505343428246	28.67911676907867
2.4069203130927517	-3.0063111890391756	28.494092325561194
2.288549685247081	-3.0017690704044777	28.310970868426416
2.1728787609342097	-2.99623464392315	28.129726279057348
2.0598690367440278	-2.9898132554757346	27.950331616546876
1.9494806012386467	-2.98260529359212	27.772759296229463
1.8416722724170251	-2.9747063526365247	27.596981252301177
1.7364017286005327	-2.9662073961952657	27.422969085484333
1.6336256328851573	-2.9571949200226495	27.25069419666659
1.5332997513183009	-2.947751113978161	27.080127907420668
1.435379064963942	-2.937954022459134	26.911241568276886
1.3398178760282957	-2.9278777028983565	26.74400665559168
1.2465699082202244	-2.917592381955086	26.57839485781638
1.1555884015300635	-2.9071646090824825	26.41437815194578
1.0668262016059327	-2.896657407202586	26.251928870878217
0.9802358439133779	-2.886130420264664	26.091019762392342
0.8957696328611687	-2.875640057502105	25.931624040403886
0.8133797160789327	-2.865239634239111	25.773715429135898
0.7330181540286583	-2.854979509130069	25.617268200796413
0.6546369851306473	-2.844907217742992	25.462257207323457
0.5781882865830121	-2.8350676024238335	25.30865790672526
0.5036242310514801	-2.8255029384009434	25.15644638451192
0.4308971394015362	-2.8162530561085335	25.005599370680176
0.35995952964214134	-2.807355459725433	24.856094252683818
0.29076416224684276	-2.7988454419406694	24.70790908479386
0.223264082014478	-2.790756194970641	24.561022594225616
0.1574126566253651	-2.7831189178637916	24.41541418437852
0.09316361204740403	-2.775962920138856	24.271063935515357
0.03047106493890318	-2.769315721810712	24.12795260317639
-0.030710447805557647	-2.7632031498653893	23.986061614609966
-0.09042594222871976	-2.7576494312511977	23.845373063470173
-0.148719963067798	-2.7526772824581083	23.705869703018184
-0.20563656196542676	-2.7483079957613215	23.567534938041316
-0.26121927800787964	-2.744561522208163	23.43035281568884
-0.3155111204702469	-2.741456551429723	23.294308015402592
-0.36855455365055667	-2.739010588360565	23.15938583810993
-0.4203914836817903	-2.737240026950852	23.025572194825408
-0.47106324721264414	-2.7361602209561218	22.892853594799803
-0.5206106018533678	-2.7357855518901015	22.761217133339287
-0.5690737182871719	-2.736129494225903	22.630650479405496
-0.6164921739515379	-2.7372046779305146	22.501141863096827
-0.6629049481973391	-2.7390229484168263	22.372680063102
-0.7083504188381285	-2.741595423996472	22.24525439420604
-0.7528663600050216	-2.744932550915618	22.118854694921858
-0.7964899412275327	-2.7490441560545897	21.993471315309097
-0.8392577276620931	-2.7539394973706552	21.86909510504051
-0.8812056813955877	-2.759627312161832	21.745717401763383
-0.9223691637529556	-2.766115863227784	21.623330019801767
-0.9627829385422195	-2.7734129830022436	21.50192523923656
-1.0024811761723655	-2.781526115729438	21.3814957953983
-1.0414974585831744	-2.7904623577551955	21.262034868800963
-1.0798647849288034	-2.8002284960014907	21.143536075541263
-1.1176155779596926	-2.8108310446912546	21.025993458184292
-1.154781691049579	-2.8222762803881807	20.909401477154223
-1.1913944158177523	-2.83457027541448	20.793755002643444
-1.2274844902984163	-2.8477189297073595	20.679049307053013
-1.26308210761201	-2.8617280011732156	20.565280057972945
-1.2982169250948055	-2.8766031345962646	20.452443311711342
-1.3329180738461026	-2.8923498891566397	20.34053550737682
-1.3672141686538977	-2.90897376461085	20.229553461518854
-1.4011333182621777	-2.926480226185644	20.119494363328204
-1.4347031359444777	-2.9448747282341814	20.010355770399972
-1.4679507503507103	-2.964162736701756	19.90213560505885
-1.5009028165955838	-2.984349750446182	19.794832151246837
-1.5335855275589698	-3.005441321456281	19.68844405197169
-1.5660246253695274	-3.027443074009655	19.58297030731592
-1.5982454130451849	-3.050360722809531	19.478410273003167
-1.6302727662649101	-3.0742000901382385	19.374763659520443
-1.6621311452479888	-3.0989671220633723	19.272030531793117
-1.6938446067177821	-3.1246679037304426	19.1702113094112
-1.725436815928767	-3.1513086737744778	19.06930676740343
-1.7569310587363791	-3.1788958378809196	18.969318037557144
-1.7883502536906373	-3.2074359815246765	18.870246610280898
-1.819716964135008	-3.2369358819139458	18.772094337008607
-1.851053410293507	-3.2674025191641483	18.674863433142516
-1.8823814813297017	-3.2988430867253453	18.578556481533163
-1.913722747362118	-3.3312650010847804	18.483176436495004
-1.9450984714212443	-3.3646759107642787	18.38872662835684
-1.9765296213343397	-3.399083704630807	18.295210768545765
-2.0080368815246477	-3.4344965195364194	18.202632955204628
-2.0396406647125733	-3.470922747302441	18.110997679342205
-2.0713611235065663	-3.5083710410605393	18.02030983151709
-2.1032181618722126	-3.5468503209618154	17.930574709055886
-2.135231446468498	-3.5863697792632663	17.84179802380654
-2.1674204178407925	-3.626938884799381	17.753985910427932
-2.1998043014598982	-3.6685673868441144	17.66714493521857
-2.232402118597647	-3.7112653183676727	17.581282105485467
-2.265232697029069	-3.755042998689758	17.49640487945662
-2.2983146815520814	-3.7999110355299615	17.412521176738984
-2.3316665443151456	-3.84588032645322	17.329639389326
-2.365306594943971	-3.8929620597069716	17.247768393157664
-2.3992529904583058	-3.9411677144445028	17.166917560236747
-2.4335237449699787	-3.990509060327181	17.087096771304843
-2.468136739152972	-4.040998156495638	17.00831642908297
-2.503109729477029	-4.092647349899038	16.93058747207985
-2.5384603571953193	-4.145469272968217	16.85392138897299
-2.5742061570774517	-4.199476840617589	16.778330233565903
-2.610364565878169	-4.25468324655749	16.703826640326323
-2.646952930532393	-4.311101958897129	16.630423840509003
-2.683988516066784	-4.3687467150157495	16.558135678867128
-2.721488513217829	-4.427631515677537	16.48697663095569
-2.7594700457459123	-4.487770618363043	16.416961821030352
-2.7979501774345734	-4.549178529787771	16.34810704054446
-2.8369459187637243	-4.6118699975760435	16.280428767246548
-2.8764742332453292	-4.675860001056113	16.213944184879534
-2.9165520434088292	-4.741163741138733	16.14867120348329
-2.957196236423914	-4.807796629240228	16.084628480299862
-2.9984236693469173	-4.875774275207173	16.021835441280903
-3.040251173977179	-4.945112474198273	15.960312303194433
-3.082695561307893	-5.015827192474311	15.900080096328596
-3.1257736255564117	-5.087934552046136	15.84116068778677
-3.1695021477573957	-5.161450814126401	15.783576805367824
-3.213897898901774	-5.2363923613284475	15.727352062023071
-3.2589776426030843	-5.312775678551813	15.672510980880016
-3.304758137272408	-5.390617332491694	15.619079020820037
-3.351256137781485	-5.4699339497054025	15.567082602595484
-3.3984883965935233	-5.550742193167305	15.51654913546787
-3.446471664338537	-5.633058737237699	15.467507044347704
-3.4952226898106726	-5.71690024097078	15.419985797411316
-3.5447582193624134	-5.802283319681131	15.374015934168012
-3.595094995670365	-5.889224514686613	15.329629093946052
-3.6462497558449103	-5.9777402611401245	15.28685804476288
-3.698239228855786	-6.06784685386129	15.245736712539522
-3.751080132243605	-6.15956041107453	15.206300210614778
-3.804789168086184	-6.252896835957153	15.1685848695095
-3.859383018186638	-6.347871775896959	15.132628266885726
-3.9148783384495083	-6.444500579357058	15.098469257638945
-3.97129175240873	-6.542798250240845	15.066148004055714
-4.028639843870678	-6.642779399648778	15.03570600596127
-4.086939148632611	-6.744458194913399	15.007186130775013
-4.146206145236686	-6.847848305798964	14.980632643382735
-4.206457244716769	-6.952962847747186	14.95609123572666
-4.267708779294493	-7.059814322049915	14.933609056004617
-4.3299769899788005	-7.168414552826718	14.913234737360105
-4.393278013021839	-7.278774620684084	14.89501842593449
-4.457627865182073	-7.390904792931267	14.879011808141499
-4.523042427744341	-7.504814450227772	14.86526813701232
-4.589537429244356	-7.620512009536173	14.853842257447276
-4.657128426843752	-7.738004843254493	14.8447906301968
-4.72583078630024	-7.85729919440336	14.838171354380458
-4.795659660476586	-7.978400087745713	14.834044188338126
-4.866629966328965	-8.101311236716313	14.832470568592127
-4.938756360315981	-8.226034946045038	14.833513626682787
-5.012053212166595	-8.352572009959053	14.837238203622961
-5.0865345769462875	-8.480921605858	14.84371086169944
-5.162214165356738	-8.611081183357465	14.852999893330583
-5.23910531220697	-8.743046348609662	14.865175326670384
-5.317220942990377	-8.876810743814463	14.880308927629168
-5.396573538504581	-9.012365921849513	14.89847419796075
-5.477175097447621	-9.149701215954915	14.919746369044224
-5.559037096927738	-9.28880360442832	14.944202390967277
-5.642170450821444	-9.429657570297282	14.971920916494977
-5.7265854659187125	-9.572244955959631	15.002982279486089
-5.812291795791861	-9.716544812797382	15.037468467294826
-5.899298392329256	-9.862533245797612	15.075463086673418
-5.987613454876016	-10.010183253237646	15.117051322667159
-6.077244376928432	-10.159464561523505	15.162319889971057
-6.168197690327738	-10.310343455294753	15.211356976192054
-6.260479006909659	-10.462782602955206	15.264252176441277
-6.354092957564728	-10.616740877816753	15.321096418655971
-6.4490431286743926	-10.772173175092954	15.381981879031962
-6.545331995891139	-10.929030225019334	15.447001886926092
-6.642960855241077	-11.08725840243156	15.516250818571526
-6.741929751532174	-11.246799533180388	15.589823978930385
-6.842237404065972	-11.407590697828581	15.667817470997713
-6.9438811296538185	-11.56956403312513	15.75032805185459
-7.046856762957458	-11.732646531830028	15.837452974765123
-7.1511585741815376	-11.896759841525228	15.92928981660409
-7.256779184162183	-12.061820063126246	16.025936289903548
-7.3637094769117075	-12.22773754988897	16.127490038811892
-7.47193850969255	-12.3944167077837	16.234048418265257
-7.581453420718982	-12.561755798207281	16.34570825569368
-7.692239334598082	-12.729646744085034	16.462565594600996
-7.804279265647234	-12.89797494051625	16.584715419391273
-7.9175540192483815	-13.066619071215584	16.7122513608534
-8.032042091422083	-13.235450932101404	16.845265381760676
-8.147719566833889	-13.40433526349087	16.983847442102494
-8.264560015472595	-13.573129592465873	17.128085143532214
-8.38253438826917	-13.74168408708011	17.278063352693373
-8.50161091195863	-13.909841424187839	17.433863803180095
-8.62175498352174	-14.077436672783376	17.59556467599396
-8.742929064572824	-14.244297194837694	17.763240158470516
-8.865092576105823	-14.41024256573353	17.936959981793684
-8.988201794037264	-14.575084516482177	18.116788937348765
-9.112209746036864	-14.73862690001433	18.30278637234585
-9.23706611016471	-14.900665683904455	18.495005665308078
-9.362717115883452	-15.060988971973702	18.693493682226517
-9.489105448050678	-15.219377057271885	18.8982902143881
-9.616170154543754	-15.375602508994085	19.10942739911944
-9.743846558204387	-15.52943029591061	19.326929124922234
-9.872066173838734	-15.680617948911493	19.55081042274702
-10.000756631043568	-15.828915765251663	19.781076845416322
-10.129841603675231	-15.974067057059518	20.017723837507656
-10.259240746807787	-16.11580844660456	20.260736098293325
-10.388869642067727	-16.253870210739624	20.510086940653665
-10.518639752262056	-16.387976676811295	20.765737649193994
-10.648458386248494	-16.51784667218271	21.027636841125606
-10.778228675012954	-16.643194029314987	21.295719833782123
-10.907849559947287	-16.76372814813395	21.569908022984023
-11.037215794328716	-16.879154617133732	21.850108276774964
-11.166217959008742	-16.989175894356094	22.136212349363063
-11.294742493319632	-17.093492049028708	22.428096320398573
-11.422671742195922	-17.191801564242766	22.725620064992444
-11.549884020492305	-17.283802200605237	23.028626760136067
-11.67625369544896	-17.369191920307383	23.33694243339774
-11.80165128821498	-17.447669870515096	23.650375559949122
-11.92594359529679	-17.518937424413494	23.968716714128696
-12.048993830725951	-17.582699277615134	24.2917382818116
-12.170661789679727	-17.638664596997717	24.619194239919647
-12.290804034184182	-17.68654821834519	24.9508200093318
-12.40927410144349	-17.726071888467068	25.286332387390633
-12.52592273521414	-17.756965546738872	25.625429565994356
-12.640598140522062	-17.778968640273455	25.967791241024386
-12.753146261873976	-17.791831466192185	26.313078818498777
-12.863411084963085	-17.795316533735996	26.660935722416685
-12.97123496170128	-17.789199938244224	27.01098780872978
-13.076458958236316	-17.773272738347174	27.362843889273517
-13.178923225412822	-17.74734232707917	27.716096368745582
-13.278467390952633	-17.711233787033954	28.070321997063928
-13.374930972409992	-17.664791219168634	28.42508273850094
-13.46815380975826	-17.607879034423938	28.779926758060736
-13.55797651623726	-17.5403831969896	29.1343895244772
-13.644240945883995	-17.462212407802987	29.48799502813376
-13.726790675943915	-17.37329921675464	29.8402571110015
-13.805471502156765	-17.273601052075776	30.190680904516295
-13.880131944693359	-17.163101155538126	30.538764370028158
-13.950623762333077	-17.041809412376516	30.883999935245132
-14.016802472279803	-16.90976306529122	31.22587621881496
-14.078527872849028	-16.767027302473146	31.56387983398347
-14.135664566103417	-16.613695710347564	31.897497261066842
-14.188082477388491	-16.449890582620984	32.22621677737914
-14.23565736861072	-16.275763078265527	32.549530432205756
-14.278271342023626	-16.091493222250254	32.86693605349892
-14.315813331235342	-15.897289744142633	33.17793927215504
-14.348179576132912	-15.69338975112231	33.48205554907719
-14.375274078431556	-15.480058233469396	33.77881218971832
-14.397009034604357	-15.25758740218492	34.0677503304698
-14.413305243028793	-15.026295860060102	34.34842688110264
-14.42409248230396	-14.786527609190635	34.62041640752329
-14.42930985784235	-14.538650899633076	34.88331293933853
-14.428906114024835	-14.28305692557068	35.13673168717531
-14.422839909423695	-14.0201583770052	35.38031065532552
-14.411080052845946	-13.750387856534772	35.61371213614246
-14.393605698223384	-13.474196172264788	35.83662407361557
-14.37040649667534	-13.192050519236977	36.04876128475183
-14.341482704391115	-12.904432562975462	36.24986652873299
-14.306845245317211	-12.61183643978791	36.439711415305645
-14.266515727986942	-12.314766689332044	36.61809714545407
-14.220526416190266	-12.013736135621006	36.78485507910041
-14.168920153548232	-11.709263733117767	36.939847126323365
-14.11175024242159	-11.40187239482046	37.08296596038117
-14.049080277943728	-11.092086819282454	37.214135052624435
-13.980983938319367	-10.780431333341149	37.33330853116586
-13.9075447328698	-10.467427766958666	37.44047086690771
-13.82885570962403	-10.153593375992891	37.535636392196764
-13.74501912455401	-9.839438827957663	37.61884865894445
-13.656146074824782	-9.52546626489413	37.690179644501974
-13.562356098677942	-9.212167456397381	37.74972881489317
-13.463776744778409	-8.900022054610876	37.79762205617257
-13.360543114039052	-8.589495961681495	37.834010485669275
-13.252797377081972	-8.281039818740066	37.8590691556978
-13.140688270615959	-7.975087624017162	37.872995662951645
-13.024370576077725	-7.672055486157761	37.87600867725152
-12.904004583935663	-7.372340517293893	37.86834640358567
-12.779755547058166	-7.076319868898441	37.85026499146975
-12.651793126527656	-6.784349911964063	37.822036905569405
-12.520290833222816	-6.496765561606908	37.78394927128126
-12.385425468408586	-6.21387974483297	37.73630220857046
-12.247376566457795	-5.9359830089157395	37.67940716682661
-12.106325842693202	-5.663343266656144	37.61358527284321
-11.96245664918324	-5.396205673728501	37.53916570326599
-11.81595344113884	-5.134792632345639	37.456484092002235
-11.66700125637396	-4.8793039146631	37.36588098216752
-11.515785210083534	-4.629916898633118	37.267700331173224
-11.362490006977076	-4.386786908444544	37.16228807655145
-11.207299472585303	-4.150047651239466	37.04999076908842
-11.050396105331924	-3.9198117414741964	36.93115427880879
-10.89196065073778	-3.6961713040895	36.80612257833636
-10.732171698899176	-3.4791986475611107	36.675236607162105
-10.57120530616268	-3.2689469979150116	36.53883321939297
-10.409234641701696	-3.0654512848961497	36.39724421663864
-10.246429659503105	-2.868728971685162	36.250795466842504
-10.082956796061886	-2.678780919809407	36.09980610905146
-9.91897869391003	-2.49559228124882	35.9445878433973
-9.754653950921126	-2.3191334101141643	35.78544430488744
-9.59013689517981	-2.149360786722709	35.62267051901636
-9.425577385054149	-1.9862179473639954	35.45655243668376
-9.26112063397522	-1.8296364135472016	35.28736654545482
-9.096907059309189	-1.6795366150389006	35.11537955381826
-8.933072154604925	-1.5358288015290518	34.94084814478968
-8.769746384403932	-1.398413938286665	34.76401879495663
-8.60705510072621	-1.2671845816952567	34.58512765488178
-8.445118480274484	-1.1420257310664246	34.40440048664741
-8.284051481355482	-1.0228156536358997	34.222052654259066
-8.123963819468086	-0.9094266801186357	34.03828916259244
-7.9649599604842365	-0.8017259686603934	33.85330474059102
-7.8071391303248845	-0.6995762354507093	33.66728396447416
-7.650595340030877	-0.6028364506701139	33.4804014168137
-7.4954174251174495	-0.5113624988113509	33.292821877445455
-7.341689098119049	-0.42500780276562855	33.10470054233883
-7.189489013235315	-0.34362391137204357	32.916183266700905
-7.038890842018564	-0.2670610504170999	32.72740682878321
-6.889963359060483	-0.19516863731959355	32.53849921104272
-6.742770536672886	-0.1277957599640865	32.34957989551902
-6.597371647584981	-0.06479162033884775	32.160760170489404
-6.453821374725918	-0.006005943807566802	31.972143445685656
-6.312169927191258	0.04871064501675663	31.78382557355477
-6.172463161544515	0.09950627870266501	31.595895174268687
-6.034742707637272	0.1465275345495078	31.40843396237958
-5.899046098188599	0.1899191519863017	31.22151707323444
-5.765406901398453	0.22982377849702623	31.035213387442106
-5.633854855921754	0.2663817427048015	30.849585851881315
-5.504416007570533	0.2997308532224631	30.664691795910148
-5.3771128471618015	0.33000622186262735	30.480583241613964
-5.251964448964229	0.357340109802042	30.297307207076273
-5.128986609247114	0.3818617953028134	30.114906001816728
-5.008191984470061	0.4036974616139077	29.933417513670022
-4.889590228697066	0.4229701037020905	29.752875486515627
-4.773188129853044	0.4397994524960487	29.573309788380854
-4.658989744479084	0.4543019153661915	29.394746669550308
-4.546996530677716	0.46659053160623737	29.21720901041354
-4.437207478972527	0.4767749417298343	29.040716558871924
-4.3296192408384835	0.484961369445165	28.86528615720718
-4.224226254688339	0.4912526152222478	28.69093195838507
-4.121020869126788	0.49574806042054953	28.517665631828965
-4.019993463314635	0.4985436809977182	28.34549655876184
-3.921132564304445	0.49973206987423396	28.174432017256105
-3.824424961235995	0.49940246708179387	28.00447735718014
-3.729855816295911	0.4976407968758986	27.8356361652586
-3.6374087723724835	0.4945297110445431	27.667910420506725
-3.547066057346831	0.4901486376951854	27.501300640311197
-3.458808584983156	0.48457383485079086	27.33580601745992
-3.3726160523928486	0.47787844823267367	27.171424548434292
-3.2884670340643467	0.4701325726532115	27.008153153296618
-3.206339072457972	0.46140331648441346	26.84598778750491
-3.1262087651813513	0.4517548687098942	26.68492354600297
-3.0480518487665353	0.44124856810663826	26.524954759928026
-2.9718432790833744	0.4299429741405353	26.366075086287495
-2.897557308427518	0.41789393919432644	26.208277590946558
-2.8251675593316463	0.40515468178005326	26.051554825270983
-2.754647095152613	0.39177586041891765	25.895898896760173
-2.685968487494564	0.37780564790093335	25.7413015340029
-2.6191038805309472	0.3632898056637346	25.587754146276655
-2.5540250522939187	0.3482717580556545	25.43524787810612
-2.490703473001333	0.33279266627155296	25.283773659083028
-2.4291103604966136	0.3168915017724249	25.133322249244674
-2.369216732877042	0.30060511901983317	24.98388428029317
-2.3109934583884915	0.2839683273752613	24.83545029292781
-2.2544113026664934	0.2670139620321077	24.688010770552992
-2.1994409734041067	0.2497729538640989	24.54155616961181
-2.1460531625274153	0.23227439808865427	24.396076946783214
-2.09421858596045	0.21454562165758945	24.25156358327104
-2.0439080210602945	0.19661224929972806	24.108006606398945
-1.9950923418044055	0.17849826815195116	23.965396608718454
-1.9477425518101035	0.16022609092516352	23.823724264821834
-1.901829815266446	0.14181661756151423	23.682980346043486
-1.8573254858573325	0.12328929534772302	23.54315573322165
-1.814201133754283	0.10466217745751256	23.40424142768399
-1.7724285707553333	0.08595197990298266	23.26622856060842
-1.7319798736457426	0.06717413688145	23.129108400902656
-1.6928274058542845	0.048342854509888435	22.992872361735277
-1.6549438374781624	0.029471162944706284	22.857512005844793
-1.618302163747354	0.010570966889029268	22.723019049742923
-1.5828757219975826	-0.008346905506125537	22.589385366920098
-1.5486382072195524	-0.027272655336589856	22.45660299015418
-1.5155636862508608	-0.04619746722185884	22.32466411301809
-1.4836266106739004	-0.06511346514791277	22.193561090670126
-1.4528018284828434	-0.08401366985651638	22.063286440010224
-1.4230645945797689	-0.10289195775986061	21.93383283927455
-1.394390580158872	-0.12174302135703535	21.805193127137716
-1.3667558810355966	-0.1405623311272666	21.677360301385264
-1.3401370249758928	-0.15934609887326165	21.550327517214825
-1.3145109780784454	-0.17809124248715483	21.424088085216734
-1.2898551502622155	-0.1967953521096017	21.29863546908654
-1.2661473999082624	-0.2154566576528178	21.173963283110044
-1.243366037704191	-0.2340739976569029	21.05006528946279
-1.2214898297373586	-0.25264678944859276	20.926935395359923
-1.2004979998817185	-0.27117500057082333	20.804567650091286
-1.1803702315208342	-0.2896591214517678	20.68295624196973
-1.1610866686485364	-0.3081001392813896	20.562095495220788
-1.142627916386849	-0.3264995130636904	20.441979866837674
-1.1249750409594739	-0.34485914981263405	20.32260394342468
-1.1081095691571266	-0.3631813818602953	20.203962438046602
-1.092013487330097	-0.38146894524540603	20.08605018710341
-1.0766692399414257	-0.39972495915125866	19.96886214724395
-1.0620597277131902	-0.41795290636166754	19.852393392334243
-1.048168305396469	-0.43615661470466494	19.73663911049039
-1.0349787791947447	-0.45434023945339047	19.621594601188608
-1.0224754038686936	-0.47250824665470664	19.50725527245948
-1.0106428795495264	-0.4906653973559415	19.393616638176255
-0.9994663482864612	-0.5088167327011288	19.280674315442873
-0.9889313903529111	-0.526967559868415	19.168424022088097
-0.979024020334671	-0.5451234388210879	19.056861574269586
-0.9697306830225276	-0.5632901698448639	18.945982884193633
-0.9610382491303635	-0.5814737818451003	18.83578395795271
-0.9529340108589709	-0.599680521377926	18.72626089348418
-0.945405677324639	-0.6179168423902001	18.6174098786511
-0.9384413698708655	-0.6361893966432964	18.50922718944885
-0.9320296172803159	-0.6545050247969679	18.401709188337147
-0.9261593509034572	-0.6728707481297601	18.294852322699057
-0.9208198997193019	-0.6912937608734264	18.188653123426494
-0.9160009853430376	-0.709781423138928	18.083108203634175
-0.9116927169943371	-0.7283412544127689	17.978214257500856
-0.9078855864394715	-0.7469809276027995	17.873968059237896
-0.9045704629196029	-0.7657082636132971	17.770366462184846
-0.9017385880769367	-0.784531226429673	17.667406398032117
-0.8993815708897066	-0.8034579186939064	17.565084876169994
-0.8974913826263293	-0.8224965777524361	17.463398983163138
-0.896060351828464	-0.841655572158702	17.362345882350493
-0.8950811593321022	-0.8609433986131666	17.261922813570276
-0.8945468333352357	-0.8803686793243627	17.162127093009143
-0.8944507445201257	-0.8999401597749432	17.06295611317533
-0.8947866012376707	-0.9196667068773943	16.964407342995198
-0.8955484447608728	-0.9395573075044156	16.866478328033644
-0.8967306446139359	-0.9596210673798734	16.76916669083713
-0.8983278939830697	-0.9798672103163131	16.672470131400626
-0.9003352052146628	-1.0003050777860392	16.57638642775711
-0.9027479054060554	-1.0209441288127425	16.480913436691367
-0.9055616320937732	-1.041793940171587	16.386049094577498
-0.9087723290437044	-1.0628642068858825	16.29179141834126
-0.9123762421473671	-1.0841647430091201	16.19813850654746
-0.9163699154280485	-1.1057054826813404	16.105088540614155
-0.9207501871603159	-1.1274964814495088	16.01263978615417
-0.9255141861060684	-1.1495479178417727	15.92079059444581
-0.930659327870074	-1.1718700951861964	15.829539404033353
-0.9361833113775496	-1.194473443664373	15.738884742460714
-0.94208411547622	-1.2173685225913555	15.64882522813896
-0.9483599956649545	-1.2405660229132391	15.559359572350587
-0.9550094809509235	-1.2640767699143574	15.47048658139254
-0.9620313708369062	-1.2879117261260522	15.38220515886149
-0.969424732440276	-1.3120819944296287	15.294514308083713
-0.9771888977449336	-1.3365988213461868	15.207413134693102
-0.9853234609872896	-1.3614736005063388	15.120900849360813
-0.9938282761772398	-1.3867178762931305	15.034976770680242
-1.002703454754875	-1.4123433476516025	14.949640328211638
-1.0119493633835448	-1.4383618720587672	14.86489106569058
-1.0215666218797657	-1.4647854696480034	14.780728644404698
-1.0315561012802206	-1.4916263274817865	14.69715284674433
-1.0419189220461036	-1.5188968039672222	14.61416357993166
-1.052656452404825	-1.5466094334086857	14.531760879934364
-1.063770306829064	-1.57477693069224	14.449944915569283
-1.0752623446529064	-1.6034121960962753	14.36871599280295
-1.0871346688248382	-1.6325283202232679	14.28807455925509
-1.0993896247971706	-1.6621385890473765	14.208021208912216
-1.1120297995514126	-1.692256489072776	14.128556687058449
-1.1250580207589194	-1.7228957125974076	14.049681895431698
-1.1384773560762058	-1.7540701630772182	13.971397897612576
-1.152291112574002	-1.78579396058542	13.893705924655274
-1.1665028362992746	-1.81808144736181	13.816607380968433
-1.181116311969116	-1.8509471934465767	13.740103850455927
-1.1961355627954215	-1.8844060023931986	13.664197102927064
-1.2115648504392165	-1.918472917054947	13.588889100786107
-1.2274086750933064	-1.9531632254391835	13.514182006011826
-1.243671775691874	-1.9884924666235	13.44007818743813
-1.2603591302454769	-2.0244764367274177	13.366580228347438
-1.2774759562999198	-2.061131194933355	13.29369093438848
-1.2950277115172888	-2.0984730695500895	13.221413341831079
-1.3130200943772916	-2.136518664111578	13.14975072617102
-1.3314590449969619	-2.175284863503662	13.078706611098514
-1.3503507460666593	-2.2147888401107902	13.008284777844377
-1.3697016239002957	-2.2550480599747034	12.938489274917979
-1.389518349597222	-2.2960802889557743	12.869324428253062
-1.409807840313471	-2.337903598888011	12.800794851776443
-1.4305772606396125	-2.3805363737175567	12.732905458416315
-1.4518340240825813	-2.423997315614403	12.665661471566558
-1.4735857946482251	-2.4683054510454805	12.599068437025439
-1.4958404885215943	-2.513480136797454	12.53313223542625
-1.5186062758415082	-2.5595410659361684	12.467859095178937
-1.5418915825659476	-2.6065082736892777	12.403255605941805
-1.5657050924241545	-2.6544021432367564	12.339328732644196
-1.5900557489516085	-2.7032434113940678	12.276085830080245
-1.6149527576034608	-2.753053174171022	12.213534658095357
-1.640405587941798	-2.803852892188331	12.15168339738757
-1.6664239758917172	-2.8556643959324557	12.09054066594679
-1.6930179260610492	-2.9085098908283746	12.030115536155185
-1.7201977141180622	-2.962411962108133	11.970417552573036
-1.747973889221195	-3.0173935794517304	11.911456750434843
-1.7763572764943871	-3.0734781013750796	11.853243674881359
-1.8053589795411604	-3.130689279338085	11.795789400953831
-1.83499038299018	-3.189051261544103	11.739105554377314
-1.8652631550646208	-3.248588596400254	11.683204333160399
-1.8961892501668616	-3.309326235605394	11.628098530039944
-1.9277809114697901	-3.371289536830997	11.573801555799253
-1.9600506735051573	-3.434504265957317	11.520327463489295
-1.9930113647389842	-3.498996598825103	11.467690973582693
-2.0266761101231796	-3.5647931224601583	11.415907500090984
-2.0610583336117942	-3.6319208357252015	11.364993177676139
-2.096171760629697	-3.7004071493507333	11.314964889787447
-2.1320304204807625	-3.770279885293741	11.265840297855124
-2.1686486486810748	-3.841567275368288	11.217637871573189
-2.2060410892028246	-3.9142979590906886	11.170376920302811
-2.244222696612475	-3.9885009806760237	11.124077625628898
-2.283208738086606	-4.064205785120573	11.078761075101475
-2.323014795287148	-4.141442213299373	11.03444929719406
-2.363656766076706	-4.220240496004114	10.991165297510582
-2.405150866053411	-4.3006312468419	10.94893309627206
-2.4475136298837765	-4.382645453911257	10.90777776711317
-2.490761912409568	-4.466314470164595	10.867725477219121
-2.5349128895043767	-4.551670002363184	10.828803528831022
-2.579984058653426	-4.638744098523957	10.79104040214723
-2.6259932392282885	-4.72756913375111	10.754465799646763
-2.672958572426836	-4.818177794340069	10.71911069185873
-2.72089852084642	-4.910603060033957	10.685007364599878
-2.7698318676567073	-5.004878184306634	10.652189467699607
-2.8197777153364973	-5.101036672539196	10.620692065228953
-2.870755483935637	-5.199112257947434	10.590551687247409
-2.922784908822655	-5.299138875113441	10.5618063830765
-2.9758860378742136	-5.40115063096245	10.534495776106082
-3.030079228062003	-5.505181773021604	10.508661120133318
-3.085385141387602	-5.611266654783992	10.484345357230183
-3.1418247401155037	-5.719439697996985	10.461593177128009
-3.199419281249121	-5.82973535168004	10.440451078101987
-3.258190310193723	-5.94218804767163	10.420967429330009
-3.318159653544879	-6.056832152491085	10.403192534692835
-3.379349410938719	-6.173701915293061	10.387178697972715
-3.441781945896903	-6.29283141168214	10.372980289397505
-3.5054798755950136	-6.414254483143539	10.360653813466149
-3.57046605947839	-6.538004671833445	10.350257977979231
-3.6367635866473083	-6.664115150465153	10.341853764184224
-3.704395761927322	-6.792618647012403	10.335504497930616
-3.7733860905376977	-6.923547363942921	10.331275921713575
-3.843758261264841	-7.056932891681155	10.329236267467243
-3.9155361280445433	-7.192806115990997	10.32945632994923
-3.988743689850547	-7.3311971189555925	10.332009540536891
-4.063405068783972	-7.472135073224347	10.336972041233208
-4.139544486250573	-7.6156481291822535	10.344422758655195
-4.217186237109765	-7.761763294690958	10.354443477751076
-4.296354661673144	-7.9105063070400945	10.367118914963482
-4.3770741154255175	-8.061901496740282	10.382536790524863
-4.459368936334666	-8.215971642779325	10.400787899537507
-4.543263409612651	-8.372737818960793	10.421966181454822
-4.62878172978456	-8.532219230936686	10.446168787541668
-4.7159479599157645	-8.694433043543963	10.47349614585027
-4.804785987844169	-8.859394198054922	10.50405202320437
-4.895319479256701	-9.027115218948813	10.537943583636563
-4.987571827447371	-9.19760600982158	10.575281442674848
-5.081566099585037	-9.370873638049042	10.61617971681972
-5.177324979321223	-9.546922107841324	10.660756067499696
-5.274870705555953	-9.725752121324692	10.709131738730665
-5.374225007182877	-9.907360827317934	10.761431587644957
-5.475409033627216	-10.091741557484495	10.81778410698866
-5.578443280991333	-10.278883549576532	10.878321438619292
-5.683347513617109	-10.468771657513551	10.943179376962686
-5.7901406808744795	-10.661386048080685	11.012497361314297
-5.8988408289885825	-10.856701884084138	11.086418455795643
-6.00946500771485	-11.054688993848574	11.165089315695337
-6.122029171674697	-11.25531152700619	11.24866013884383
-6.236548076170822	-11.45852759660426	11.337284600590566
-6.353035167303318	-11.66428890763457	11.431119770867086
-6.471502466218001	-11.872540372186668	11.530326011738188
-6.591960447323467	-12.083219711524366	11.635066853757044
-6.714417910330085	-12.296257045511428	11.745508849362487
-6.838881845973168	-12.511574469934256	11.861821401473033
-6.965357295303739	-12.729085622421813	11.984176565359917
-7.093847202444452	-12.948695237813016	12.112748821804725
-7.224352260737254	-13.17029869400754	12.247714819487419
-7.356870752228736	-13.393781549515186	12.38925308448575
-7.491398380478245	-13.619019074142555	12.537543694727736
-7.6279280966979055	-13.845875774463881	12.692767917191576
-7.7664499192779	-14.074204915975816	12.855107805629354
-7.9069507467959435	-14.303848044100855	13.024745756586817
-8.049414164652429	-14.534634506473468	13.201864021496506
-8.19382024552812	-14.766380979243184	13.386644172656462
-8.340145343921776	-14.998891000445099	13.57926652096601
-8.488361885089494	-15.231954513817671	13.779909483375222
-8.638438148776952	-15.46534742679083	13.988748898119484
-8.790338048212028	-15.698831186724924	14.205957285960567
-8.944020904910328	-15.932152379854061	14.43170305584752
-9.099441219935072	-16.16504235776473	14.666149653641458
-9.256548442348244	-16.397216896623632	14.909454652824827
-9.415286735691536	-16.628375894753287	15.161768786441451
-9.575594743444146	-16.85820311453651	15.42323491989361
-9.737405354520547	-17.086365975007464	15.693986964661372
-9.900645469988993	-17.312515401843438	15.974148733502304
-10.065235772315615	-17.536285741809188	16.263832738246407
-10.231090498572057	-17.757294749020573	16.563138931930787
-10.398117219170246	-17.975143650657124	16.872153397695453
-10.566216623834558	-18.18941729999388	17.19094698763773
-10.735282316641813	-18.39968442477019	17.519573915615894
-10.905200622114041	-18.6054979790382	17.858070308912847
-11.075850404467975	-18.806395606635633	18.206452724591504
-11.247102902270658	-19.001900224376687	18.564716637408836
-11.418821580862556	-19.191520732866305	18.93283490718862
-11.590862005041348	-19.37475286257218	19.31075623468579
-11.763071734594112	-19.55108016235809	19.698403616087425
-11.935290245376303	-19.71997513714419	20.09567280749197
-12.107348878696898	-19.880900540633142	20.502430811840114
-12.279070821843407	-20.033310828187485	20.918514401964366
-12.450271122611744	-20.17665377389622	21.34372869454564
-12.620756740722952	-20.31037225465421	21.777845790863115
-12.790326638981316	-20.43390620266742	22.220603501210785
-12.958771916996023	-20.546694726224047	22.67170417081059
-13.125875990187337	-20.64817839678716	23.13081362580023
-13.291414816691102	-20.737801698526397	23.597560258550082
-13.455157174591003	-20.815015634273735	24.07153427196113
-13.616864991719385	-20.87928047962592	24.552287102684847
-13.776293729990849	-20.93006867449181	25.039331043134958
-13.933192825948753	-20.96686783886767	25.53213908192842
-14.087306188827784	-20.989183897005624	26.030144981729165
-14.238372757051337	-20.996544291493525	26.532743612599088
-14.386127113618393	-20.988501266098126	27.03929155765043
-14.530300160335537	-20.96463519360324	27.549108006152697
-14.670619850305695	-20.92455792234312	28.061475947229304
-14.806811977489145	-20.86791611274778	28.575643674842777
-14.938601021539432	-20.7943945330337	29.090826612022177
-15.065711045446822	-20.703719281259044	29.606209459083352
-15.187866642850194	-20.595660899369523	30.12094866712339
-15.304793931177164	-20.470037343656887	30.634175234240264
-15.416221586073629	-20.326716775286197	31.14499781786239
-15.52188191187944	-20.165620134287412	31.652506152247895
-15.62151194223107	-19.986723460677005	32.15577475579135
-15.7148545642096	-19.79005992724304	32.65386690821032
-15.801659658839753	-19.575721549997482	33.145838873159995
-15.881685250184852	-19.343860544393703	33.63074433738836
-15.954698654777054	-19.09469029815879	34.10763903323058
-16.020477622709578	-18.828485934932814	34.57558550728319
-16.078811461381846	-18.545584446871366	35.03365799444476
-16.129502132657986	-18.246384378878663	35.480947353345634
-16.17236531407672	-17.931345052149993	35.916566016571196
-16.207231414746047	-17.600985320136637	36.33965290710129
-16.233946536673027	-17.255881855822327	36.74937827110457
-16.252373372523024	-16.896666975211787	37.14494837670693
-16.262392031173448	-16.52402600808925	37.525610028616946
-16.26390078292656	-16.138694233235153	37.890654849625456
-16.256816716864783	-15.741453401363833	38.2394232818975
-16.24107630356919	-15.333127874812835	38.57130826376929
-16.216635857265157	-14.914580418515706	38.88575854124828
-16.183471892398288	-14.486707681712499	39.18228157772707
-16.141581370664916	-14.050435414281138	39.46044603030455
-16.090981835607305	-13.606713465256421	39.71988376661308
-16.031711433023677	-13.156510614096979	39.960291401964284
-15.963828816604531	-12.70080928733347	40.18143134294666
-15.887412939393137	-12.240600214567364	40.38313233006565
-15.802562732829939	-11.776877078094806	40.565289478642725
-15.709396676294023	-11.310631209989808	40.72786382369232
-15.608052261145756	-10.84284638905184	40.87088138088272
-15.498685354313563	-10.374493787843429	40.994431741735546
-15.381469467421994	-9.906527117061609	41.09866622686814
-15.256594938322186	-9.439878010830354	41.183795626210404
-15.124268032639527	-8.975451692225679	41.250087559654766
-14.98470997360013	-8.514122953604229	41.2978634954439
-14.83815590890752	-8.056732481124508	41.3274954667301
-14.684853823846126	-7.604083547475047	41.33940252909778
-14.52506341003762	-7.1569390912	41.33404700343796
-14.35905489942228	-6.716019195431472	41.31193054938258
-14.187107873037872	-6.281998973258896	41.27359011458431
-14.009510054069645	-5.855506861616771	41.219593804495965
-13.826556094410263	-5.437123320420152	41.15053671601456
-13.638546363655617	-5.027379928935179	41.06703677647577
-13.445785749029291	-4.626758866970787	40.96973062707884
-13.248582474245294	-4.235692764614258	40.85926958698444
-13.047246944738037	-3.854564900804758	40.73631573112296
-12.842090626064406	-3.4837097281713025	40.60153811127427
-12.633424961620674	-3.123413699240816	40.455609146317634
-12.42156033511539	-2.773916367321606	40.299201203774814
-12.20680508251999	-2.4354117340959607	40.13298339095944
-11.989464557497778	-2.108049815197047	39.95761857027558
-11.769840253594381	-1.7919383947573078	39.77376060953863
-11.548228985764483	-1.4871449400550614	39.58205187467194
-11.32492213312948	-1.193698647927073	39.38312096881742
-11.10020494421078	-0.9115925954996952	39.17758071882137
-10.87435590526263	-0.6407859689632869	38.96602640723933
-10.647646171764386	-0.38120634555354	38.74903424548657
-10.420339062596101	-0.13275200551706512	38.527160081526425
-10.192689615953793	0.10470574737238372	38.30093833357736
-9.96494420561699	0.3313202763163203	38.0708811396857
-9.737340215825496	0.547267330612413	37.837477711708424
-9.51010577267859	0.7527428090411247	37.60119388119449
-9.283459529707374	0.947960581187015	37.3624718238961
-9.057610505032308	1.1331503784470962	37.12172994910821
-8.832757967353878	1.3085557645988055	36.87936293976073
-8.609091367871132	1.474432194033054	36.63574192908445
-8.386790315142107	1.6310451640630672	36.39121479978505
-8.166024589827922	1.778668466161584	36.14610659190107
-7.9469541962561125	1.9175825395183197	35.9007200059335
-7.729729447728083	2.048072929002421	35.65533598832151
-7.514491082544518	2.170428848414256	35.41021438695337
-7.301370407771844	2.2849418488576374	35.16559466506248
-7.090489467857539	2.3919045911285877	34.92169666258906
-6.881961235294785	2.491609720212337	34.67872139484535
-6.675889820650886	2.584348839290923	34.43685187910898
-6.472370699388387	2.6704115800924693	34.19625398055206
-6.271490953051156	2.7500847659377037	33.95707726971601
-6.073329522511989	2.8236516634732025	33.7194558845031
-5.877957471126127	2.8913913187942883	33.48350939041657
-5.685438255776753	2.9535779734585783	33.24934363350596
-5.495828003943955	3.0104805557599903	33.01705158116796
-5.309175795069776	3.062362242566697	32.786714146607046
-5.125523944633175	3.10948008701506	32.558400993375564
-4.9449082894833465	3.1520847073889877	32.33217131698284
-4.767358473122625	3.190420032589589	32.10807460110485
-4.592898229742377	3.224723099716123	31.886151346393117
-4.421545665954469	3.2552238994152756	31.666433770345463
-4.25331353926239	3.2821452648219753	31.448946477084437
-4.088209532440438	3.3057028000921957	31.23370709626749
-3.926236523079781	3.326104844723888	31.020726890658022
-3.767392847668787	3.343552470062203	30.810011332185624
-3.6116725596553514	3.3582395045942106	30.601560646560316
-3.4590656810323037	3.370352584846932	30.395370326734685
-3.309558447057251	3.3800712289131187	30.19143161568483
-3.163133543794848	3.387567929835949	29.989731959146386
-3.019770338226898	3.393008266287405	29.790255429064004
-2.879445100748327	3.39655102817167	29.592983118639772
-2.7421312199056773	3.3983483549762763	29.39789350993308
-2.6077994092961307	3.398545884875748	29.20496281505076
-2.4764179065776224	3.397282912767019	29.014165292002385
-2.347952664592275	3.3946925555809377	28.825473536350138
-2.2223675346266827	3.3909019233702837	28.6388587497867
-2.099624441873715	3.3860322948212223	28.454290986801112
-1.979683553179644	3.38019929597221	28.271739380582588
-1.8625034371900886	3.373513081052345	28.09117234931399
-1.7480412170236037	3.366078514469722	27.912557783984564
-1.6362527156211242	3.3579953530902173	27.73586321883332
-1.5270925939325568	3.3493584280482933	27.56105598550562
-1.4205144821164444	3.3402578254246134	27.38810335197866
-1.3164711039352577	3.3307790652102347	27.21697264727207
-1.2149143945389376	3.3210032780550796	27.04763137292637
-1.1157956118335224	3.3110073793689914	26.88004730218994
-1.019065441638226	3.300864240408059	26.714188567818024
-0.9246740968357606	3.2906428560368206	26.550023739343594
-0.8325714107232068	3.2804085089093236	26.387521890639132
-0.7427069247694671	3.270222929858815	26.22665265854339
-0.6550299709886583	3.260144454328328	26.06738629329197
-0.5694897491335066	3.2502281747115154	25.90969370144245
-0.48603539891363495	3.240526088506788	25.75354648194947
-0.4046160674388323	3.231087242217113	25.598916956001947
-0.3251809720870389	3.221957870954235	25.44577819120165
-0.2476794589887709	3.2131815337284686	25.294104020617286
-0.17206105732152782	3.2047992444259052	25.143869057223736
-0.09827552959613804	3.196849598491424	24.995048704188065
-0.02627291811979101	3.1893688953518047	24.847619161445596
0.04399641218993472	3.1823912566254826	24.701557428967142
0.11258173446803248	3.175948740176799	24.55684130709411
0.1795319238763936	3.1700714500817546	24.413449394287344
0.24489542472736497	3.164787642580174	24.271361082612337
0.3087202206012744	3.1601238280954287	24.130556551254923
0.37105380730796095	3.1561048694080407	23.99101675833739
0.4319431685460099	3.152754076073749	23.852723431286105
0.49143475411985604	3.150093295179632	23.71565905597786
0.549574460580119	3.1481429985342504	23.57980686487246
0.6064076141562479	3.1469223663894117	23.445150824323605
0.6619789558579816	3.1464493677920147	23.311675621237434
0.7163326286242764	3.146740837664948	23.179366649238396
0.7695121664050049	3.1478125507158623	23.048209994482992
0.8215604850644439	3.149679292272134	22.918192421250385
0.8725198750013504	3.1523549261395414	22.789301357423096
0.9224319953830256	3.1558524595809443	22.66152487996375
0.9713378698966652	3.160184105509892	22.53485170047903
1.0192778839246617	3.1653613419924147	22.409271150953998
1.0662917830551932	3.171394969148487	22.284773169729114
1.1124186728424483	3.178295163542605	22.161348287786286
1.1576970197355614	3.186071530150906	22.03898761540001
1.2021646530982983	3.194733151989996	21.917682829204583
1.245858768246021	3.2042886374905395	21.797426159719194
1.2888159304282676	3.214746165696068	21.6782103793714
1.3310720796903543	3.226113529365385	21.560028791049152
1.3726625365492602	3.2383981760543388	21.442875217210453
1.4136220084230124	3.2516072472504858	21.326743989572737
1.453984596754729	3.2657476156315015	21.21162993940307
1.4937838047762841	3.280825920516031	21.097528388423846
1.533052545858465	3.296848601572996	20.984435140347824
1.5718231523977693	3.3138219308532317	20.872346473051614
1.610127385191682	3.3317520432046033	20.761259131396468
1.6479964432570908	3.350644965129524	20.6511703207018
1.6854609740489535	3.370506642141544	20.54207770087445
1.7225510840380636	3.391342964675144	20.433979381196213
1.7592963496088365	3.413159792600523	20.326873915770857
1.7957258282403423	3.4359629783930394	20.220760299629536
1.8318680699353127	3.4597583890045014	20.115637965493598
1.8677511288640836	3.484551926481502	20.011506781191724
1.90340257519139	3.5103495473733144	19.908367047729648
1.938849507056325	3.537157280970134	19.806219498007966
1.974118562676784	3.5649812464099337	19.705065296184568
2.0092359325514977	3.5938276686902855	19.604906037676937
2.0442273717335997	3.6237028936189275	19.505743749800825
2.0791182121516862	3.6546134017352903	19.407580893039608
2.113933374954703	3.6865658212323935	19.31042036294094
2.148697382859167	3.7195669399073075	19.214265492634365
2.183434372477144	3.7536237161652624	19.11912005596699
2.218168106605154	3.7887432891010393	19.024988271252045
2.2529219864549823	3.8249329876791145	18.931874805625924
2.2877190638081952	3.8622003390319106	18.839784780009463
2.3225820530767254	3.9005530758931974	18.74872377466999
2.357533343252884	3.939999143181824	18.658697835380284
2.39259500973295	3.9805467037490767	18.569713480170424
2.4277888259987903	4.022204143300514	18.481777706669543
2.4631362751426917	4.064980074501236	18.394898000034352
2.4986585612208847	4.108883340271197	18.309082341461757
2.5343766204221194	4.153923016275629	18.224339217282267
2.5703111320375718	4.2001084126129	18.140677628631956
2.6064825292189333	4.2474490747003975	18.05810710170034
2.6429110095117325	4.295954783356654	17.97663769855189
2.6796165451511476	4.345635554075852	17.896280028518817
2.7166188931079485	4.396501635488861	17.817045260162377
2.753937604871889	4.4485635070022305	17.738945133800854
2.791592035960386	4.501831875604856	17.661991974601246
2.829601355139984	4.55631767182936	17.586198706232246
2.8679845533485313	4.612032044853525	17.511578865074906
2.9067604523052277	4.6689863567238765	17.43814661498853
2.945947712796225	4.727192175682074	17.36591676262737
2.9855648426228267	4.786661268571709	17.294904773304367
3.025630204199581	4.847405592301457	17.225126787396402
3.066162021788571	4.90943728433696	17.156599637286433
3.1071783883566475	4.97276865219252	17.08934086483535
3.1486972720412756	5.037412161890097	17.023368739376835
3.190736522211123	5.103380425351904	16.958702276226045
3.2333138751058947	5.170686186688511	16.89536125569343
3.27644695904045	5.239342307343403	16.833366242592113
3.320153299157056	5.309361750051294	16.772738606226557
3.3644503217094113	5.380757561565467	16.713500540848205
3.4093553578609836	5.453542854105983	16.655675086562344
3.4548856469798777	5.527730785478499	16.599286150667936
3.501058339411567	5.603334537810442	16.544358529410168
3.547890498710283	5.6803672948489785	16.490917930122595
3.5953991033082096	5.758842217761065	16.43899099373417
3.643601047602019	5.8387724193752355	16.388605317611873
3.6925131424341813	5.920170936800012	16.339789478708035
3.7421521149465273	6.003050702352796	16.29257305697669
3.792534607781504	6.087424512728582	16.24698665902091
3.8436771776065957	6.173304996337014	16.203061941927675
3.89559629293545	6.26070457873216	16.160831637243557
3.9483083312190392	6.34963544605837	16.120329575038948
4.001829575177817	6.440109506430995	16.08159070800461
4.056176208346012	6.532138349170638	16.044651135517796
4.111364309797121	6.625733201805886	16.00954812761018
4.167409848018917	6.720904884758046	15.976320148763406
4.22432867390473	6.817663763619066	15.945006881451548
4.282136512826682	6.916019698932156	15.915649249342858
4.340848955755487	7.015981993383638	15.88828944006545
4.40048144939009	7.1175593363129535	15.862970927433876
4.46104928525869	7.220759745446129	15.839738493025278
4.5225675877523415	7.325590505758824	15.81863824698452
4.585051301050357	7.432058105373599	15.799717647928663
4.648515174896022	7.5401681683970425	15.78302552181103
4.712973749179609	7.649925384602459	15.76861207959473
4.778441337285024	7.761333435865795	15.756528933574465
4.844932008154697	7.874394919263147	15.74682911217401
4.912459567027441	7.989111266742528	15.73956707303446
4.981037534801631	8.105482661283213	15.73479871419593
5.050679125976646	8.223507949462363	15.732581383162062
5.121397225123658	8.343184550351475	15.732973883622904
5.193204361837808	8.464508360673557	15.736036479597606
5.266112684121844	8.587473656156128	15.741830896743519
5.34013393015103	8.712072989023136	15.750420320562956
5.415279398371616	8.838297081582185	15.761869391223327
5.4915599158817034	8.96613471586811	15.776244194689989
5.56898580504646	9.095572619320219	15.793612249854853
5.64756684829925	9.22659534648244	15.814042491326786
5.7273122510812176	9.35918515673057	15.837605247532913
5.808230602874008	9.493321888049314	15.864372213762705
5.890329836280346	9.628982826897847	15.894416419769154
5.973617184111216	9.766142574226716	15.927812191524504
6.058099134439048	9.90477290772888	15.964635106710288
6.1437813835817945	10.044842640437102	16.00496194350562
6.230668786982721	10.186317475801589	16.0488706222198
6.318765307958264	10.329159859417857	16.09644013930097
6.408073964288628	10.473328827603595	16.147750493236583
6.4985967726332055	10.618779853062405	16.20288260184867
6.590334690755668	10.765464687905366	16.26191821047236
6.6832875575544035	10.913331204349388	16.32493979049734
6.777454030897658	11.06232323344946	16.392030427740462
6.872831523274398	11.212380402274588	16.463273700112374
6.969416135278554	11.363437969983675	16.5387535440348
7.067202586955807	11.515426663313386	16.618554109063997
7.166184147053193	11.66827251204694	16.702759600177128
7.266352560224316	11.821896685093083	16.79145410718361
7.3676979722544305	11.976215327865058	16.8847214207309
7.470208853387071	12.131139401719848	16.982644834390182
7.573871919846439	12.286574526282463	17.085306932323462
7.678672053669611	12.442420825556079	17.19278936206038
7.784592220977359	12.59857277878795	17.305172591940153
7.891613388833547	12.754919077139968	17.422535652812467
7.999714440864192	12.911342487291304	17.544955863635895
8.108872091827937	13.067719723177902	17.67250854066284
8.219060801352137	13.223921327152514	17.805266689959268
8.33025268707377	13.379811561929895	17.943300683076764
8.442417437451393	13.535248314763182	18.0866779157746
8.555522224538217	13.69008301537147	18.23546244977407
8.669531617036004	13.84416056921687	18.389714637627826
8.784407493976968	13.997319307800119	18.54949073089448
8.900108959412018	14.149390957714004	18.714842471930762
9.016592258514068	14.30020063025621	18.885816669745328
9.133810695533109	14.449566833455082	19.06245476049714
9.251714554076857	14.597301508416745	19.244792353384213
9.370251020215509	14.743210091930738	19.432858762824974
9.489364108949749	14.887091607309268	19.626676528025953
9.608994594602933	15.02873878543642	19.826260921204007
9.729079945736773	15.167938218012173	20.03161944594271
9.849554265217083	15.304470544954574	20.242751327368207
9.970348236085211	15.438110677888014	20.459646996049244
10.091389073916993	15.56862806158813	20.68228756775083
10.212600486379255	15.695786975179155	20.910644321409897
10.333902640711363	15.819346874771735	21.144678177929517
10.455212139887	15.939062779110078	21.384339182643902
10.576442008217494	16.054685699631843	21.62956599452875
10.697501687177967	16.165963116168637	21.880285385484683
10.818297042241083	16.272639499297266	22.136411753248034
10.938730381508476	16.37445688010951	22.397846651714396
11.058700486921534	16.471155467887144	22.66447834266393
11.178102658827317	16.5624743158634	22.936181373082857
11.296828774659165	16.648152034910723	23.212816182455718
11.414767362464834	16.727927554619043	23.494228744551826
11.531803689982109	16.801540930824242	23.78025024835367
11.64781986992627	16.868734198215883	24.07069682288048
11.762694982096761	16.929252266186683	24.36536931069871
11.876305212860359	16.982843855605743	24.66405309494713
11.988524012491197	17.029262473684238	24.966517984651286
12.09922227077492	17.068267423580803	25.27251816303239
12.20826851119522	17.09962484485529	25.58179220337661
12.315529103923403	17.123108780334686	25.894063156837174
12.420868497719757	17.13850226440833	26.209038716273703
12.524149470744685	17.1455984272316	26.526411459931175
12.62523340014646	17.144201608788993	26.845859178362325
12.723980550159292	17.134128476262585	27.16704528755022
12.820250378301056	17.115209137676093	27.48961933066361
12.913901859112439	17.087288244347462	27.813217570299976
13.004793824723835	17.05022607429209	28.137463672423745
13.092785321373793	17.003899588385835	28.461969482491202
13.177735980842511	16.948203450827826	28.78633589349949
13.259506405599025	16.883051005248113	29.11015380488458
13.337958566294049	16.808375197693913	29.433005170330002
13.412956210073103	16.72412943770188	29.754464131679004
13.484365278019876	16.630288388741626	30.07409823520555
13.552054329894636	16.52684867948474	30.391469725602512
13.615894974183544	16.413829527638995	30.70613691209781
13.675762301345591	16.29127326847172	31.01765560021357
13.73153531802015	16.15924578064954	31.32558058178
13.783097379854073	16.01783680262781	31.62946717497412
13.830336620518523	15.867160133536698	31.92887280535868
13.873146374414844	15.70735371332821	32.22335861816548
13.911425590518085	15.538579577864732	32.5124911114125
13.94507923478092	15.36102368562339	32.79584377890264
13.974018678514318	15.174895613774414	33.0729987516899
13.998162070182998	14.980428122524874	33.343548426282
14.017434688096635	14.777876587822476	33.607097067625425
14.03176927155005	14.567518303732939	33.86326237486224
14.041106328060518	14.34965165705977	34.11167699790372
14.045394414472353	14.124595178014735	34.351989993087976
14.044590389843664	13.89268647199449	34.58386820652384
14.038659638200343	13.654281038704799	34.80699757423407
14.027576259432768	13.40975098602595	35.021084328834476
14.011323226822197	13.159483647088768	35.22585610324962
13.98989250991276	12.90388011001683	35.42106292285299
13.963285161690122	12.643353670684236	35.60647807840965
13.931511369284758	12.378328219598986	35.781898873300484
13.894590467685568	12.109236574673254	35.94714723967503
13.852550916222981	11.836518772139698	36.10207021942538
13.80543023785915	11.560620328240178	36.246540307156195
13.753274921599289	11.28199048451246	36.3804556536489
13.696140288612638	11.001080449559463	36.50374012964097
13.63409032292118	10.718341650097544	36.6163432510544
13.567197467770301	10.434224003821457	36.71823996810147
13.495542389042926	10.149174226244096	36.8094303219313
13.419213707307641	9.863634183137105	36.88993897366058
13.338307700306345	9.578039299558792	36.95981461172453
13.252927977875725	9.292817035676718	37.01912924449276
13.1631851314713	9.00838543874458	37.067977385986694
13.0691963606046	8.725151779627033	37.10647514332242
12.97108507863184	8.443511281268098	37.1347592151565
12.868980500425067	8.163845945415815	37.15298581094672
12.763017214527732	7.8865234828134065	37.161329501237454
12.65333474244331	7.611896350949773	37.15998200944662
12.540077087724052	7.34030090233469	37.149150955768995
12.423392277519977	7.072056645149834	37.12905856382183
12.303431899222094	6.807465617052458	37.09994034054928
12.18035063477543	6.546811871852839	37.06204373967865
12.0543057951729	6.290361077819804	37.01562681869571
11.925456857542178	6.038360225430429	36.96095689888429
11.793965007129533	5.791037441534975	36.89830923747066
11.659992686359319	5.548601906138762	36.827965720336664
11.523703153013651	5.311243867326199	36.75021358313207
11.385260049418932	5.07913474924164	36.66534416792947
11.244826984379452	4.852427347559258	36.57365172185248
11.102567129419953	4.6312561064379025	36.475432243358725
10.95864283074525	4.415737470661487	36.37098238111411
10.813215238141186	4.205970306410286	36.26059838963227
10.666443951876875	4.002036383972272	36.144575145110494
10.518486688493647	3.8040009156275123	36.02320522416104
10.369498966202956	3.61191314195009	35.89677804743504
10.219633810447498	3.4258069598383907	35.76557908945971
10.069041480028831	3.2457015857281806	35.62988915537912
9.91786921404832	3.071602247625021	35.48998372469099
9.766260999772413	2.9035008998388987	35.34613236153066
9.61435736139515	2.7413769545772757	35.19859819055117
9.462295169552565	2.5851980248722324	35.04763743700628
9.310207471319561	2.434920673646852	34.89349902923713
9.158223340329837	2.2904911641016783	34.736424261431516
9.006467746555609	2.151846206965852	34.57664651422027
8.855061445203773	2.0189137005450686	34.41439103043237
8.704120884111578	1.8916134598852845	34.249874743131464
8.5537581289666	1.7698579317609915	34.08330615290793
8.404080805615058	1.6535528925705651	33.9148852512811
8.255192058686543	1.5425981265992204	33.74480348700266
8.10719052571945	1.4368880824618546	33.57324377200612
7.960170325958682	1.3363125058923835	33.400380523759296
7.814221062962231	1.2407570473604792	33.22637974078408
7.669427840157089	1.1501038433157018	33.05139910817712
7.525871288469735	1.0642320701390506	32.875588130026756
7.3836276051662795	0.9830184701544394	32.69908828572597
7.242768603039207	0.9063378492944367	32.52203320728467
7.103361769094026	0.834063546241105	32.34454887487424
6.965470331901283	0.7660678730627002	32.16675382796594
6.829153336807382	0.7022225275524132	31.98875938957782
6.694465728213202	0.6423989776317606	31.81066990128282
6.561458438163401	0.5864688183261516	31.632582966793027
6.430178480511986	0.5343041019394206	31.45458970208119
6.300669049967864	0.48577764216176367	31.276774990165087
6.172969625348317	0.4407632929296956	31.09921773882283
6.047116076409168	0.3991362029317002	30.92199113966785
5.923140773647999	0.3607730467082382	30.745162927150457
5.801072700517053	0.32555223334107386	30.56879563620298
5.680937567512475	0.2933540937573267	30.3929468573761
5.562757927641963	0.2640610476952308	30.217669488445754
5.446553292808731	0.23755775139034088	30.04301198159713
5.332340250681131	0.2137312270427711	29.869018585406394
5.220132581649885	0.19247097512091493	29.695729580951067
5.109941375507128	0.1736690705452629	29.523181511483568
5.001775147511918	0.15722024377809204	29.35140740519774
4.8956399535366195	0.1430219478220893	29.180436990706866
4.791539504016863	0.13097441210404767	29.01029690493307
4.6894752764541074	0.12098068418935896	28.841010893181046
4.589446626245909	0.11294666024007632	28.672600001237054
4.491450895645449	0.10678110509425706	28.505082759398785
4.395483520672062	0.10239566280715451	28.338475358391772
4.301538135817745	0.09970485845713128	28.17279181717948
4.20960667641539	0.09862609198056795	28.008044142718333
4.119679478554085	0.09907962476111434	27.84424248174805
4.031745376442833	0.10098855965975359	27.681395264737805
3.9457917971434004	0.10427881513367895	27.519509342142324
3.861804852605872	0.10887909405401697	27.358590113142213
3.779769428957937	0.11472084779517976	27.19864164706919
3.699669273008555	0.1217382361325111	27.0396667977277
3.6214870759423903	0.12986808344958353	26.88166731084497
3.5452045541891732	0.13904983172276633	26.724643924886305
3.4708025274657763	0.14922549071773059	26.5685964654874
3.398260993995097	0.1603395858014809	26.413523933755766
3.327559202915809	0.17233910374343975	26.259424588700078
3.2586757239040316	0.18517343685064794	26.106296024047044
3.1915885140354816	0.19879432575491865	25.954135239707018
3.126274981921349	0.21315580114435237	25.80293870814522
3.0627120491582684	0.22821412470703442	25.652702435916478
3.0008762091357717	0.2439277295321972	25.50342202061369
2.9407435832503177	0.26025716019227807	25.35509270347895
2.8822899745771586	0.2771650127094336	25.207709417917076
2.8254909190560933	0.2946158745907152	25.06126683414913
2.770321734247517	0.3125762650990313	24.91575940023084
2.716757565720093	0.33101457590975075	24.77118137966025
2.66477343113087	0.3499010122880642	24.62752688578542
2.6143442620614272	0.3692075349075498	24.48478991321824
2.56544494367393	0.38890780241737205	24.342964366450058
2.518050352252817	0.40897711485287375	24.202044085859487
2.4721353906972294	0.4293923579733499	24.06202287129107
2.4276750220304733	0.45013194859994027	23.922894503377844
2.3846443009918428	0.47117578101732743	23.78465276276941
2.343018403777478	0.4925051744933409	23.647291447423576
2.302772655995192	0.5141028219629747	23.510804388107292
2.2638825588981004	0.535952739915683	23.37518546224588
2.226323813961799	0.5580402195176141	23.240428606253705
2.1900723458684457	0.5803517789944657	23.106527826470042
2.155104323960195	0.6028751172949174	22.97347720881651
2.121396182224059	0.6255990690490201	22.841270927287667
2.088924637868234	0.6485135608317263	22.709903251376133
2.0576667085498017	0.671609568736813	22.579368552531026
2.027599728311789	0.6948790772629663	22.44966130973963
1.9987013622865166	0.71831503951015	22.320776114317123
1.9709496202205723	0.7419113386814443	22.19270767398237
1.9443228688762488	0.7656627508820001	22.065450816296018
1.9187998433617646	0.7895649092050939	21.939000491527406
1.894359657442037	0.8136142690923162	21.813351775015455
1.8709818128796607	0.8378080749535296	21.68849986908103
1.848646207855169	0.8621443280296354	21.564440104548158
1.8273331445132797	0.8866217554805165	21.441167941922686
1.8070233356811538	0.9112397806783964	21.318678972277215
1.7876979108025903	0.9359984946863914	21.196968917883687
1.769338421131375	0.9608986289001807	21.076033632635976
1.751926844224915	0.9859415288306138	20.95586910229774
1.7354455877783075	1.0111291290038544	20.836471444610343
1.7198774928373157	1.036463928955435	20.71783690929104
1.70520583642771	1.0619489702935838	20.59996187795161
1.6914143336366936	1.0875878148073672	20.482842863962475
1.67848713918108	1.1133845235944868	20.3664765122872
1.6664088484953659	1.139343637183744	20.250859599308434
1.655164498371833	1.1654701566265528	20.135989032666835
1.644739567183303	1.1917695255323033	20.02186185113056
1.635119974718082	1.2182476130221036	19.908475224512674
1.6262920816553288	1.2449106975757676	19.795826453651127
1.618242688708087	1.2717654517465506	19.68391297046674
1.6109590354598788	1.2988189277187951	19.57273233811119
1.604428798919762	1.3260785436835556	19.462282251217307
1.598640091819599	1.353552071007731	19.35256053626184
1.5935814606763339	1.3812476221720955	19.243565152051886
1.5892418836409234	1.4091736394543541	19.135294190343274
1.5856107681546472	1.4373388843334025	19.02774587659975
1.5826779484325126	1.4657524275914837	18.920918570900383
1.580433682792589	1.4944236400909117	18.814810769003472
1.578868650849113	1.523362184202903	18.709421103572826
1.577973950586391	1.5525780058659062	18.604748345573782
1.5777410953296165	1.5820813272517609	18.500791405843934
1.5781620106279362	1.6118826400177193	18.397549336845685
1.5792290310642594	1.6419926991233234	18.295021334605362
1.580934897005538	1.6724225171911573	18.193206740844754
1.5832727513065061	1.7031833593911299	18.09210504530985
1.586236135979119	1.7342867388280052	17.991715888302537
1.5898189888392367	1.7657444124124464	17.89203906342026
1.5940156401414107	1.7975683771961828	17.793074520508732
1.598820809212002	1.829770867152333	17.69482236883249
1.6042296010901635	1.8623643503818912	17.597282880469347
1.6102375031856633	1.8953615267281314	17.500456493933367
1.616840381961888	1.9287753257806897	17.404343818032192
1.6240344796518351	1.962618905251591	17.30894563596384
1.6318164110142763	1.9969056497054356	17.214262909659354
1.640183160136787	2.0316491696264585	17.12029678437691
1.6491320772918046	2.0668633008053483	17.027048593553566
1.6586608758513852	2.1025621040289337	16.93451986392081
1.668767629265761	2.13875986505575	16.84271232089117
1.6794507681104212	2.1754710948610163	16.751627894222302
1.6907090772058937	2.2127105301343795	16.661268723966145
1.7025416928140749	2.25049313401427	16.571637166709902
1.714948099914279	2.288834097041989	16.482735802117894
1.7279281295620352	2.327748838319645	16.39456743978135
1.7414819563329988	2.367253006855226	16.30713512638543
1.755610095854135	2.407362483078721	16.22044215320151
1.7703134024237204	2.448093380512469	16.13449206391483
1.7855930667214457	2.4894620475792135	16.04928866279672
1.8014506136095074	2.5314850695311657	15.964836023231253
1.8178879000251706	2.5741792704831092	15.881138496606683
1.83490711296482	2.617561715532116	15.798200721582772
1.8525107675592398	2.6616497129464594	15.716027633744943
1.8707017052394388	2.7064608164058095	15.634624475656873
1.8894830919920338	2.752012827274645	15.553996807323133
1.9088584167026112	2.7983237968897767	15.474150517075
1.9288314895853447	2.845412028843053	15.39509183289165
1.9494064406966185	2.8932960812393618	15.316827334170164
1.970587718530126	2.941994768909699	15.239363963957677
1.9923800886903278	2.991527165557956	15.162709041660166
2.014788632640965	3.041912605819851	15.08687027624185
2.0378187465247444	3.0931706872112166	15.011855779930304
2.0614761400500754	3.1453212719423873	14.937674082442067
2.085766835440037	3.1983844885738955	14.864334145744818
2.1106971664385896	3.2523807334882537	14.791845379371594
2.1362737773683964	3.3073306721511013	14.720217656303525
2.162503622234267	3.363255240134021	14.649461329437484
2.1893939638656392	3.4201756438698556	14.57958724865564
2.2169523730910954	3.4781133611101738	14.510606778513969
2.245186727937302	3.5370901410528854	14.442531816567161
2.2741052128443915	3.5971280041068456	14.375374812347195
2.303716317888898	3.6582492412579053	14.30914878701377
2.3340288380050955	3.720476412999821	14.243867353694117
2.365051872194804	3.78383234779123	14.179544738530192
2.3967948227151097	3.8483401399979416	14.116195802451118
2.429267394232738	3.9140231472777187	14.053836063688864
2.462479592933092	3.9809049873623836	13.992481721054913
2.4964417255712736	4.049009534189916	13.932149677995445
2.5311643984517036	4.1183609133368755	13.872857567442162
2.5666585163217785	4.188983496698139	13.814623777476061
2.6029352811645565	4.260901896359057	13.757467477820299
2.6400061908743035	4.334140957601726	13.7014086471781
2.6778830377980176	4.408725750984483	13.646468101430608
2.7165779071245297	4.484681563429569	13.592667522709458
2.756103175102445	4.562033888251888	13.540029489356813
2.796471507066513	4.640808414057239	13.488577506785274
2.8376958552511615	4.721031012435281	13.438336039248247
2.8797894563685507	4.802727724368362	13.38933054253006
2.92276582892734	4.885924745273524	13.341587497563241
2.966638770266969	4.970648408590812	13.295134444978357
3.011422353281024	5.056925167826895	13.250000020589491
3.0571309228013717	5.1447815769577945	13.206213991816261
3.103779091613671	5.234244269090685	13.163807295040064
3.1513817360730307	5.325339933279447	13.122812073889236
3.1999539912872557	5.418095289384364	13.083261718444097
3.2495112458323856	5.512537060859281	13.045190905349802
3.300069135964891	5.608691945347106	13.00863563881934
3.3516435392917545	5.706586582956714	12.973633292505388
3.404250567858288	5.806247522089927	12.940222652214052
3.4579065606112613	5.907701182681092	12.908443959427945
3.512628075192822	6.010973816706102	12.878338955599835
3.5684318790185103	6.116091465811852	12.849950927171193
3.6253349395906125	6.223079915911648	12.823324751262485
3.683354413994905	6.331964648584537	12.798506941974315
3.742507637527258	6.442770789112115	12.775545697229273
3.8028121113935818	6.5555230509795575	12.754490946074963
3.8642854894244314	6.670245676662409	12.735394396358224
3.9269455637418393	6.78696237451288	12.718309582669665
3.9908102493144355	6.9056962515558356	12.703291914445026
4.055897567333288	7.026469741997724	12.690398724097124
4.122225627338717	7.149304531247522	12.679689315037852
4.1898126080241775	7.2742214752415215	12.671225009434826
4.258676736641884	7.401240514861971	12.665069195530634
4.328836266930324	7.530380585232615	12.661287374335492
4.400309455482773	7.6616595196740755	12.659947205485212
4.473114536469791	7.795093948093474	12.661118552036656
4.547269694629328	7.930699189587043	12.66487352395135
4.622793036431737	8.068489139027072	12.671286519995318
4.699702559327619	8.208476147410721	12.680434267759296
4.778016118978593	8.35067089573992	12.692395861477488
4.857751394373705	8.49508226221366	12.707252797296418
4.938925850727639	8.641717182510412	12.725089005616429
5.021556700056761	8.790580502947952	12.745990880098606
5.105660859324398	8.941674826311031	12.77004730289763
5.191254906047263	9.095000350150942	12.79734966564833
5.278355031250687	9.250554697368464	12.827991885698278
5.366976989661369	9.408332738910229	12.862070417043038
5.45713604702228	9.568326408420205	12.899684255381917
5.548846924416374	9.730524508713014	12.940934936673655
5.642123739483451	9.894912509955445	12.985926528529948
5.736979944417218	10.061472339473978	13.034765613744096
5.833428260627729	10.230182163132353	13.087561265207679
5.931480609958314	10.401016158262898	13.144425011425442
6.031148042347302	10.573944278173506	13.205470791793442
6.132440659830235	10.748932008301361	13.270814900761808
6.235367536779057	10.92594011412936	13.340575919956441
6.339936636283859	11.104924381044675	13.414874637291202
6.4461547225872255	11.285835346378501	13.493833952056933
6.554027269490859	11.468618023938944	13.57757876493171
6.663558364660887	11.65321162142168	13.666235851813509
6.774750609772672	11.839549251173509	13.759933720339927
6.887605016445339	12.027557634870973	13.858802447920942
7.0021208979343745	12.217156802782721	13.96297350008124
7.118295756562929	12.408259788386593	14.07257952787718
7.236125166893792	12.600772319234618	14.187754143133079
7.355602654664919	12.79459250508592	14.30863167022561
7.476719571534577	12.989610524462925	14.435346873136618
7.59946496570486	13.185708310926083	14.568034656491477
7.723825448527036	13.382759240525901	14.706829739316522
7.849785057215877	13.580627822041555	14.851866300262632
7.9773251138440235	13.779169391801561	15.00327759308668
8.106424080814033	13.978229815044331	15.161195531219487
8.237057413055375	14.17764519597719	15.325750240323426
8.369197407231267	14.377241598876441	15.497069577818191
8.502813048294572	14.576834782780796	15.675278618463649
8.637869853772624	14.776229952519078	15.860499105199352
8.77432971622376	14.975221529033032	16.05284886459704
8.912150744361973	15.173592942158065	16.252441186448923
9.05128710340602	15.371116449230135	16.459384167210224
9.191688855274963	15.567552983093089	16.67378001724238
9.33330179931662	15.762652033274282	16.895724332054606
9.47606731432688	15.956151564287012	17.125305328030013
9.619922202691319	16.147777975195083	17.3626030434432
9.764798537546449	16.33724610472226	17.60768850591373
9.910623513945799	16.52425928634359	17.86062286784388
10.057319305081759	16.70850945789302	18.121456511789667
10.204802924698617	16.88967733031358	18.390228128177515
10.35298609690436	17.06743262021697	18.666963768255282
10.501775134666673	17.241434350927918	18.951675875685133
10.651070828352632	17.41133122664844	19.24436230073074
10.800768345743126	17.57676208428476	19.545005301564018
10.950757145013185	17.737356427321323	19.853570537797182
11.100920902240768	17.89273504592253	20.170006061976878
11.251137455050422	18.042510727145896	20.49424131538027
11.40127876405315	18.18628905879919	20.826186135099913
11.551210893770357	18.32366933002312	21.16572978001095
11.700794014764764	18.45424553116506	21.512739983852192
11.849882428702998	18.577607454885236	21.867062044226564
11.998324618081615	18.69334189973968	22.228517956913617
12.145963322317012	18.801033976674862	22.59690560538023
12.292635641876743	18.90026851798862	22.971998015875798
12.438173172055839	18.99063158731428	23.353542688854304
12.58240216794056	19.071712088124873	23.741261017821284
12.725143741987162	19.14310346708665	24.1348478068858
12.866214095524978	19.204405507362505	24.533970898417756
13.005424785340121	19.25522620566268	24.93827092218011
13.142583026327438	19.29518372548614	25.347361177162995
13.277492030981286	19.3239084175914	25.76082765698684
13.409951386285606	19.341044897320252	26.17822922931216
13.539757468291478	19.3462541669635	26.59909797898342
13.666703894406988	19.339215769949615	27.02293972384341
13.790582013102787	19.319629962261683	27.44923471106957
13.911181430422786	19.287219885183134	27.877438500700055
14.028290572335207	19.241733722256303	28.30698304158069
14.141697281596235	19.182946822243398	28.737277943366834
14.251189447416438	19.110663768934756	29.167711946422745
14.356555665832596	19.024720377881106	29.5976545895202
14.457585928290678	18.924985599564458	30.026458073137892
14.5540723355486	18.811363308192448	30.453459313938435
14.645809833613326	18.683793955229046	30.87798218366983
14.732596968045685	18.54225606697841	31.299339923349866
14.814236652598446	18.38676756603999	31.716837721158477
14.89053694781043	18.217386897259043	32.12977544004527
14.961311844860576	18.034213939927174	32.53745047866358
15.026382049707598	17.83739068942776	32.93916074696129
15.085575762301936	17.62710169327498	33.334207735604764
15.138729445461356	17.40357422856065	33.721899656416504
15.185688577863628	17.16707821016083	34.101554629262395
15.226308385525657	16.917925821657658	34.47250388932638
15.260454546116238	16.656470863763158	34.83409498751801
15.288003860494236	16.383107818032993	35.18569495593001
15.308844885969153	16.09827062684126	35.52669340974691
15.322878525962045	15.802431193814465	35.85650555695529
15.330018570986589	15.496097612233209	36.174575087500564
15.330192186182513	15.179812132167003	36.48037691429329
15.323340341007542	14.854148880334286	36.77341973959049
15.309418177130548	14.519711349716784	37.0532484218678
15.288395311058757	14.177129678857591	37.31944612021683
15.260256068572689	13.827057743392261	37.5716361956206
15.224999648624728	13.470170084696601	37.809483851089
15.182640214975796	13.107158702545709	38.03269749553873
15.13320691448785	12.738729740286443	38.24102981945641
15.076743821649764	12.36560009223636	38.43427857370627
15.013309809582864	11.988493963810638	38.612287046282475
14.942978348437727	11.608139415215872	38.77494423531026
14.86583723274727	11.225264919442221	38.92218472009981
14.781988239933954	10.840595964744354	39.05398823548891
14.691546722766994	10.454851730816285	39.17037895802616
14.594641139136195	10.068741866533847	39.271424515662495
14.491412523017472	9.682963395361895	39.357234735533204
14.382013900972986	9.298197772480965	39.427960147025544
14.266609658935282	8.915108115341765	39.48379025963597
14.14537486436434	8.53433662676137	39.524951637087725
14.0184945491464	8.156502226922372	39.55170579077351
13.886162958809226	7.782198407733003	39.564346916806336
13.74858277377074	7.411991320047203	39.56319950179101
13.605964308407739	7.046418101251001	39.54861582287636
13.458524693740452	6.685985447776084	39.520973367722746
13.306487049466286	6.331168434214625	39.480672199738876
13.150079650956265	5.982409577955671	39.428132293327174
12.9895350966608	5.640118145690214	39.363790862963114
12.82508948113528	5.304669695710067	39.28809970874468
12.656981578635145	4.976405847773797	39.20152259963006
12.485452041911817	4.655634270361874	39.10453271396204
12.310742620507172	4.342628873487104	38.99761015510785
12.13309540246826	4.0376301938029915	38.881239558150064
11.952752083024508	3.740845957629919	38.755907801600415
11.76995326335361	3.4524518066216814	38.62210183608979
11.584937782173322	3.1725921702166895	38.480306639984576
11.397942082466118	2.9013812686194145	38.33100330987587
11.2091996152483	2.6389042299459646	38.17466729195913
11.01894028189136	2.3852183052415086	38.01176675846087
10.827389916117795	2.140354165355619	37.842761131511374
10.63476980642583	1.9043172641138664	37.668099755225036
10.441296259344305	1.6770892528194767	37.488220715238434
10.247180203587467	1.4586294318424227	37.303549803585724
10.052626834889177	1.2488762258999624	37.11449962558389
9.857835300996703	1.0477486705203478	36.92146884431163
9.662998426076378	0.8551478981813853	36.72484155737036
9.46830247353336	0.6709586136008752	36.5249867998212
9.273926946077475	0.4950505487195628	36.32225816659325
9.08004442167381	0.32727988893371396	36.116993547147786
8.886820423889697	0.16749066318208358	35.909514964841264
8.694413325019969	0.015516091489348021	35.70012851318116
8.502974280287468	-0.12882011544911978	35.48912438105054
8.312647191338563	-0.2657025091300586	35.276776958943245
8.123568697207508	-0.39532271215710413	35.063345018317385
7.93586819088927	-0.5178782859896371	34.849071956308684
7.749667859654926	-0.6335716595378399	34.63418609825922
7.565082747243709	-0.7426091199170559	34.41890105077491
7.382220836084939	-0.8451998660356594	34.20341609833491
7.201183147735747	-0.9415551251160013	33.987916636823826
7.022063859766612	-1.0318873317359238	33.772574637736824
6.844950437374018	-1.1164093685330618	33.55754913719738
6.66992377806364	-1.1953338673233225	33.342986744340564
6.4970583678128335	-1.2688725690541884	33.12902216402868
6.326422447196373	-1.3372357407341486	32.91577872928623
6.1580781860331335	-1.4006316472529519	32.70336893925128
5.992081865190989	-1.4592660758254865	32.49189499884556
5.828484064266483	-1.5133419106534642	32.28144935675664
5.667329853945132	-1.5630587552959183	32.07211523871363
5.508658991918412	-1.6086126001778387	31.863967173384818
5.352506121324818	-1.6501955326275513	31.65707150858135
5.198900970754356	-1.6879954868281437	31.451486915763965
5.047868554942753	-1.7221960310815498	31.24726488116352
4.89942937534602	-1.7529761898231888	31.044450182091595
4.753599619870976	-1.7805102978754728	30.84308134729287
4.610391361095672	-1.8049678844992292	30.643191100412686
4.469812752392884	-1.8265135848791563	30.444806785886904
4.33186822142289	-1.8453070767708226	30.247950776743387
4.196558660528464	-1.8615030401317747	30.052640863990128
4.063881613617942	-1.8752511376616545	29.858890627417903
3.9338314591804546	-1.886696014280928	29.666709787792858
3.8063995891210163	-1.8959773136860143	29.476104540529114
3.681574583153711	-1.9032297102262346	29.287077871045387
3.559342378532831	-1.9085829544560573	29.099629852100758
3.4396864349418617	-1.912161930822679	28.913757923485
3.322587894396861	-1.9140867260534975	28.729457154506164
3.2080257360526083	-1.914472706909818	28.546720489771236
3.0959769258323933	-1.9134306060714945	28.36553897880394
2.986416560829227	-1.9110666150120545	28.185901990078303
2.8793180084514267	-1.9074824828145873	28.00779741007389
2.774653040309057	-1.9027756199652512	27.83121182797997
2.6723919608536364	-1.897039206243184	27.656130706681363
2.5725037308104084	-1.8903623019035811	27.482538540680434
2.474956085447573	-1.8828299614234227	27.310419001592958
2.379715647751534	-1.8745233491484938	27.139755071870564
2.286748036579667	-1.8655198562440016	26.970529167378455
2.1960179698821043	-1.8558932184116665	26.802723249463007
2.10748936308666	-1.8457136338914601	26.636318927119206
2.021125422751557	-1.835047881318028	26.471297549857017
1.9368887355966105	-1.82395943704962	26.307640291847274
1.8547413530302626	-1.8125085916316312	26.145328227911122
1.7746448712917955	-1.8007525650971505	25.98434240189211
1.696560507334042	-1.788745620844479	25.824663887933742
1.6204491705724078	-1.7765391778654214	25.666273845159367
1.546271530630005	-1.7641819211296108	25.509153566233408
1.47398808120751	-1.7517199099581684	25.35328452025583
1.4035592002088482	-1.7391966842460933	25.198648390423294
1.3349452062521268	-1.7266533684158918	25.045227106864758
1.268106411696956	-1.7141287730065065	24.893002875042068
1.203003172315209	-1.7016594938201104	24.74195820007759
1.139595933734361	-1.6892800085671231	24.592075907357337
1.0778452747777418	-1.6770227709646106	24.44333915973036
1.0177119478268746	-1.664918302257542	24.295731471611518
0.9591569163270159	-1.6529952801443006	24.14923672027119
0.9021413895552914	-1.6412806250988983	24.00383915457837
0.8466268547681274	-1.6297995840919977	23.859523401445408
0.7925751068425673	-1.618575811721509	23.71627447020711
0.7399482755223812	-1.6076314487708707	23.57407775514842
0.68870885037746	-1.5969871982197863	23.432919036380593
0.6388197035816229	-1.5866623987378383	23.29278447925
0.5902441106120062	-1.5766750956965767	23.153660632452592
0.5429457689685293	-1.5670421097395943	23.015534425009477
0.49688881501025733	-1.5577791029540282	22.878393162250415
0.45203783900138605	-1.548900642689779	22.742224520937427
0.4083578984572817	-1.5404202630754655	22.607016543651902
0.3658145298775953	-1.532350524282154	22.472757632557276
0.3243737589500802	-1.5247030695875394	22.33943654263846
0.28400210930633635	-1.5174886802946999	22.20704237451194
0.2446666099075793	-1.5107173285605313	22.075564566891497
0.20633480113545033	-1.5043982281896477	21.94499288878619
0.168974739659977	-1.4985398834500019	21.815317431499547
0.13255500215401006	-1.4931501359667363	21.68652860049232
0.09704468792123311	-1.4882362097508843	21.558617107166494
0.06241342050122304	-1.4838047544192707	21.431573960619367
0.028631348313230234	-1.4798618866617912	21.30539045941386
-0.004330855602920346	-1.4764132300117374	21.18005818340371
-0.036501994692103905	-1.4734639529743914	21.055568985650627
-0.06791035078181615	-1.4710188055683744	20.931914984463493
-0.09858368672120996	-1.4690821543335613	20.809088555587177
-0.128549249712039	-1.467658015858554	20.68708232456493
-0.1578337752844641	-1.466750088879838	20.56588915929541
-0.18646349187324268	-1.4663617850038086	20.445502162800747
-0.2144641259510751	-1.4664962581019132	20.325914666222907
-0.24186090767900462	-1.467156432428113	20.207120222058638
-0.26867857703470294	-1.4683450295068612	20.08911259764537
-0.2949413903819995	-1.4700645938387098	19.97188576890588
-0.3206731274465881	-1.4723175174695857	19.85543391435882
-0.3458970986647515	-1.475106063468691	19.7397514094
-0.37063615287337637	-1.4784323883588495	19.624832820859265
-0.3949126853114848	-1.4822985635420418	19.51067290183497
-0.41874864590485816	-1.4867065957617285	19.397266586808264
-0.44216554780706274	-1.4916584466424907	19.284608987037284
-0.46518447617129605	-1.497156051346335	19.17269538623234
-0.4878260971293164	-1.5032013363839862	19.06152123651033
-0.510110666954657	-1.5097962366183146	18.951082154628104
-0.5320580413890834	-1.5169427114960587	18.841373918491694
-0.553687685111855	-1.5246427605427628	18.732392463941153
-0.5750186813332446	-1.5328984381549606	18.624133881806955
-0.5960697414943816	-1.5417118677224375	18.516594415236344
-0.6168592150569517	-1.5510852551124739	18.40977045728599
-0.6374050993669973	-1.5610209015468284	18.303658548778884
-0.657725049578342	-1.5715212159012961	18.198255376422043
-0.6778363886219644	-1.582588726456622	18.0935577711823
-0.697756117208763	-1.5942260921286708	17.989562706916587
-0.7175009238536232	-1.6064361132045586	17.886267299255202
-0.7370871949100284	-1.619221741610773	17.783668804734255
-0.7565310246048829	-1.6325860907381615	17.681764620175393
-0.7758482250642454	-1.646532444847912	17.580552282309885
-0.7950543363210729	-1.6610642680815413	17.480029467645853
-0.814164636297099	-1.676185213097225	17.380193992576075
-0.8331941507514068	-1.6918991293537944	17.281043813725073
-0.8521576631890103	-1.7082100710629622	17.18257702853384
-0.8710697247231575	-1.7251223048293414	17.08479187608182
-0.8899446638858368	-1.742640316997158	16.98768673814499
-0.9087965963813525	-1.7607688207216254	16.891260140489937
-0.9276394347784693	-1.77951276278227	16.79551075440344
-0.9464868981368566	-1.7988773301544818	16.70043739845875
-0.9653525215642651	-1.818867956355021	16.606039040518617
-0.9842496657011107	-1.8394903275762844	16.512314799976544
-1.0031915261296833	-1.860750388623532	16.41926395023722
-1.022191142705299	-1.8826543486682483	16.32688592143889
-1.0412614088073844	-1.905208686830413	16.235180303419106
-1.0604150805084687	-1.9284201576013769	16.14414684892735
-1.0796647856597383	-1.952295796118737	16.05378547708659
-1.0990230328916089	-1.9768429233033529	15.964096277108474
-1.118502220528418	-2.0020691508683712	15.875079512265394
-1.1381146454163584	-2.0279823862091892	15.786735624124082
-1.1578725116641122	-2.0545908371827277	15.699065237045264
-1.177787939295625	-2.081903016783403	15.61206916295522
-1.1978729728148583	-2.1099277477227845	15.525748406394575
-1.218139589682359	-2.138674166919005	15.440104169850677
-1.238599708703713	-2.1681517299014264	15.355137859380037
-1.2592651983299794	-2.198370215135224	15.270851090528064
-1.2801478848702497	-2.2293397282697396	15.187245694554008
-1.3012595606167234	-2.261070706313999	15.10432372496876
-1.3226119918826693	-2.293573921741909	15.02208746439402
-1.3442169269535158	-2.326860486528654	14.940539431752434
-1.3660861039516037	-2.360941856119451	14.859682389797783
-1.3882312586149268	-2.3958298333306858	14.779519352995562
-1.4106641319904298	-2.4315365721830955	14.700053595763952
-1.4333964780419488	-2.468074581665094	14.62128866108722
-1.45644007117333	-2.5054567294242793	14.543228369512397
-1.4798067136668696	-2.5436962453837952	14.465876828541704
-1.5035082430373665	-2.5828067252796845	14.38923844243297
-1.527556539301651	-2.6228021341139107	14.313317922421902
-1.551963532163702	-2.6636968095173787	14.238120297379357
-1.576741208115041	-2.705505465015827	14.163650924918235
-1.6019016174501577	-2.7482431931907865	14.089915502964484
-1.627456881196348	-2.7919254687264377	14.01692008180783
-1.6534191979572002	-2.8365681513321244	13.944671076648202
-1.6798008506688422	-2.88218748852931	13.87317528065414
-1.7066142132678057	-2.928800118290524	13.802439878550024
-1.7338717572688938	-2.976423071516185	13.732472460750177
-1.7615860582514336	-3.02507377433438	13.6632810380575
-1.7897698022517639	-3.0747700502068698	13.594874056945608
-1.8184357920598206	-3.125530121823746	13.527260415442983
-1.8475969534166847	-3.1773726127665327	13.460449479639784
-1.8772663411102761	-3.230316548919109	13.394451100836775
-1.9074571449655024	-3.2843813596033824	13.329275633357339
-1.938182695725044	-3.339586878415387	13.264933953043458
-1.9694564708160889	-3.395953343734939	13.201437476457691
-2.0012920999982313	-3.453501398880731	13.138798180812875
-2.0337033708869714	-3.5122520918802587	13.077028624652066
-2.066704234346846	-3.5722268748221215	13.01614196930137
-2.100308809747425	-3.633447602755602	12.956152001118943
-2.1345313900748586	-3.695936532100216	12.897073154563573
-2.1693864468910222	-3.7597163185255003	12.838920536106304
-2.2048886351316273	-3.8248100142587282	12.781709949008826
-2.2410527977336017	-3.891241064774952	12.725457918992774
-2.27789397008159	-3.959033304821472	12.67018172082361
-2.3154273842623447	-4.0282109537254	12.615899405833037
-2.353668473115102	-4.098798609930148	12.562629830403347
-2.3926328740645744	-4.170821244702441	12.510392685437658
-2.4323364327227783	-4.244304194948918	12.459208526838665
-2.4727952062444083	-4.31927315507696	12.409098807018653
-2.5140254664196595	-4.395754167830989	12.360085907462507
-2.556043702486862	-4.473773614030857	12.31219317236499
-2.598866623646198	-4.553358201134844	12.265444943362471
-2.6425111612544723	-4.634534950545502	12.21986659537792
-2.6869944706796365	-4.717331183572012	12.175484573596696
-2.732333932791724	-4.8017745059568355	12.13232643158943
-2.77854715506614	-4.887892790870881	12.090420870595716
-2.8256519722727105	-4.975714160274375	12.049797779981036
-2.8736664467231163	-5.065266964536813	12.010488278875975
-2.92260886804662	-5.156579760201924	11.97252475900496
-2.9724977524626404	-5.249681285778533	11.935940928707977
-3.02335184151684	-5.344600435432185	11.900771858155304
-3.0751901002449684	-5.441366230445309	11.867054025751553
-3.128031714726279	-5.540007788306528	11.834825365721054
-3.18189608898716	-5.640554289284915	11.804125316860974
-3.236802841211668	-5.743034940334971	11.774994872444188
-3.2927717992148846	-5.847478936173952	11.747476631246805
-3.349822995130638	-5.953915417362403	11.721614849669653
-3.4079766592638996	-6.062373425213827	11.697455494914848
-3.4672532130544376	-6.172881853349845	11.675046299171038
-3.52767326109624	-6.285469395710881	11.654436814751685
-3.5892575821526833	-6.4001644908215125	11.635678470121666
-3.6520271191061697	-6.5169952621050315	11.618824626736133
-3.7160029677760806	-6.635989454030529	11.603930636604684
-3.7812063645369154	-6.757174363870225	11.591053900480814
-3.8476586726633535	-6.880576768833522	11.580253926563497
-3.9153813673272473	-7.006222848339668	11.571592389582342
-3.984396019165856	-7.1341381011792215	11.565133190122172
-4.054724276339892	-7.264347257312545	11.560942514025037
-4.126387844991865	-7.396874184038313	11.559088891689402
-4.199408468015255	-7.5317417862654334	11.559643257065554
-4.273807902038738	-7.668971900611176	11.562679006124641
-4.34960789252711	-7.808585183045021	11.568272054555447
-4.42683014689439	-7.9506009897889935	11.576500894417606
-4.505496305523561	-8.095037251186655	11.587446649453316
-4.58562791058	-8.241910338243674	11.601193128730543
-4.667246372505559	-8.391234921548351	11.61782687826047
-4.750372934071236	-8.543023822270692	11.637437230198527
-4.835028631867943	-8.69728785494978	11.660116349204376
-4.921234255106439	-8.854035661773722	11.685959275498574
-5.00901030159867	-9.013273538070173	11.715063964115721
-5.0983769307834494	-9.1750052487221	11.74753131981105
-5.189353913662594	-9.339231835245133	11.783465227035833
-5.281960579506508	-9.505951413268036	11.822972574350135
-5.376215759188213	-9.675158960178601	11.866163272594443
-5.472137725000824	-9.846846092713863	11.913150266091066
-5.569744126814614	-10.021000834302203	11.964049536095239
-5.669051924426506	-10.197607371989308	12.018980095660986
-5.770077315957552	-10.376645802818555	12.078063975032459
-5.872835662151414	-10.558091869569756	12.141426196612525
-5.977341406431374	-10.741916685810311	12.209194738503239
-6.083607990574137	-10.928086450260862	12.281500485551993
-6.191647765864213	-11.116562150538924	12.358477166777739
-6.301471899595629	-11.30729925640608	12.440261277989407
-6.41309027679611	-11.500247402721481	12.526991988349087
-6.526511397055736	-11.695350062384833	12.61881102957175
-6.641742266352548	-11.8925442096447	12.715862566394897
-6.7587882837795945	-12.091759974249955	12.818293046895175
-6.877653123089106	-12.292920287029293	12.92625103117298
-6.9983386089891	-12.495940517612361	13.039886996878867
-7.120844588145472	-12.700728105138248	13.15935312001016
-7.245168794859944	-12.907182182936221	13.284803029363344
-7.371306711423206	-13.115193198329285	13.41639153300051
-7.499251423166088	-13.324642528875183	13.554274315061768
-7.628993468265623	-13.535402096547905	13.698607601246598
-7.760520682391037	-13.747333981548744	13.849547791280616
-7.893818038317318	-13.960290037652166	14.0072510567026
-8.02886748067181	-14.174111511206018	14.171872902331849
-8.165647756029104	-14.388628666144909	14.343567689828161
-8.304134238610924	-14.603660417605907	14.52248812181393
-8.444298751911365	-14.819013977004976	14.708784685129164
-8.58610938661778	-15.034484511682189	14.90260505189427
-8.729530315267164	-15.249854822504693	15.104093437205751
-8.874521604139245	-15.464895043083471	15.313389912453621
-9.021039022965475	-15.679362364548838	15.53062967346142
-9.169033853104786	-15.89300079010304	15.755942262882314
-9.318452694921522	-16.10554092385231	15.989450746566293
-9.46923727518579	-16.316699798692625	16.231270843929643
-9.621324255402554	-16.526180748281867	16.48151001271137
-9.774645042073217	-16.73367332838594	16.740266488910546
-9.929125599989522	-16.93885329311462	17.007628283146776
-10.084686269752806	-17.141382631758468	17.28367213517128
-10.241241590820074	-17.340909672120258	17.568462428810303
-10.398700131471898	-17.537069256356002	17.86205007019697
-10.556964327210892	-17.72948299544318	18.164471332803764
-10.715930329185024	-17.91775960840711	18.475746673438927
-10.875487864345786	-18.101495352429858	18.795879524122995
-11.035520109130387	-18.28027454984805	19.124855065490863
-11.195903578562815	-18.453670217888135	19.46263898818799
-11.356508032740953	-18.621244806711026	19.809176249528775
-11.517196402756317	-18.782551050984928	20.16438983353413
-11.677824738156211	-18.937132939742295	20.52817952331427
-11.83824217811446	-19.08452680870885	20.90042069562528
-11.998290948503081	-19.22426255859198	21.280963148243583
-12.157806387089346	-19.35586500201531	21.669629971644458
-12.316616999070774	-19.478855340834563	22.066216477216045
-12.474544545149227	-19.592752774509187	22.47048919497959
-12.63140416428873	-19.697076238994427	22.88218495440067
-12.787004533237335	-19.79134627429617	23.301010062440177
-12.941148064781386	-19.875087017369186	23.726639593395088
-13.093631146582526	-19.94782831547712	24.158716805408417
-13.24424442226282	-20.009107953441553	24.59685269860868
-13.392773116222145	-20.058473986446064	25.040625729842716
-13.538997403422538	-20.095487168205068	25.489581698681448
-13.682692825116794	-20.119723462409148	25.943233818954845
-13.82363075117662	-20.13077662341938	26.401062989331834
-13.961578889347685	-20.128260830251627	26.862518275559044
-14.096301841371595	-20.111813355982076	27.32701761573713
-14.227561705511542	-20.081097252864026	27.793948758561452
-14.355118724572742	-20.035804031705418	28.262670442694077
-14.478731978046456	-19.975656312457737	28.732513823439735
-14.598160116514354	-19.900410421550397	29.20278415062221
-14.71316213594501	-19.809858910310723	29.67276269905464
-14.823498188988175	-19.70383296788664	30.141708950234584
-14.928930429858262	-19.5822047014595	30.6088630210058
-15.029223888860953	-19.44488925626488	31.073448331778273
-15.124147372118667	-19.29184674801922	31.53467450375199
-15.213474381538282	-19.123083980864415	31.991740471236138
-15.296984049606976	-18.93865592485202	32.44383779190568
-15.374462083159877	-18.738666928360992	32.8901541345387
-15.445701709876527	-18.523271642645735	33.32987692063254
-15.510504620923466	-18.29267563796718	33.76219709328652
-15.568681902884954	-18.047135693439042	34.186312983975945
-15.620054951916863	-17.7869597458087	34.60143424536951
-15.664456362928032	-17.512506485848743	35.00678581622965
-15.701730786543031	-17.224184594830614	35.401611882722634
-15.73173574664039	-16.92245161760381	35.78517979924767
-15.754342411387542	-16.60781247308177	36.156783931163346
-15.769436310914868	-16.280817607342588	36.515749381621696
-15.776917995083702	-15.942060799030696	36.86143556511183
-15.77670362520715	-15.592176631202138	37.19323959129464
-15.768725494074218	-15.231837648107101	37.510599424275405
-15.752932469200879	-14.861751219558156	37.81299678460117
-15.729290354881496	-14.482656139456816	38.09995976391806
-15.69778216933003	-14.0953189885579	38.37106512543669
-15.658408333975482	-13.700530294718853	38.625940266945896
-15.61118677279365	-13.299100526478382	38.864264827164796
-15.556152920414208	-12.891855957957446	39.085771920520806
-15.493359638615221	-12.479634444568186	39.29024899003067
-15.422877041699348	-12.063281149938911	39.47753827266956
-15.344792232123822	-11.643644264763992	39.64753687638464
-15.259208948612692	-11.221570757950992	39.80019647265886
-15.166247129802484	-10.797902199487035	39.93552261316097
-15.066042397254256	-10.373470692934287	40.05357368343643
-14.958745462384156	-9.94909495337373	40.154459510744715
-14.844521462524225	-9.525576564066647	40.23833964693379
-14.723549231904292	-9.1036964420922	40.30542135062516
-14.59602051384246	-8.684211539846698	40.3559572958979
-14.462139120846967	-8.267851805646467	40.390243037070995
-14.322120049645559	-7.855317422780287	40.40861426107291
-14.176188558392225	-7.447276342371444	40.41144386023019
-14.024579213423666	-7.044362121309166	40.39913885911346
-13.867534912989619	-6.647172072492242	40.37213722934994
-13.705305895325175	-6.256265730641785	40.3309046260774
-13.538148738306802	-5.872163633150261	40.275931078999854
-13.366325357723461	-5.495346411839231	40.20772766985452
-13.19010201091014	-5.126254188163773	40.12682322655458
-13.0097483121528	-4.765286261392624	40.03376106239011
-12.825536265872215	-4.412801076601673	39.92909578650091
-12.637739323149562	-4.0691164569945615	39.813390209437834
-12.446631466670869	-3.734510083107147	39.68721236505924
-12.252486328669129	-3.4092201999021423	39.551132667334
-12.05557634589983	-3.0934465315372335	39.405721217871985
-11.856171955157848	-2.7873513827808516	39.25154527725735
-11.654540832289953	-2.491060905547839	39.08916691053609
-11.450947177135166	-2.2046665088957096	38.91914081458235
-11.245651046283829	-1.9282263909414372	38.7420123325318
-11.038907735050545	-1.6617671715925364	38.558315658099865
-10.830967209559363	-1.4052856056233398	38.36857223038168
-10.622073589399555	-1.1587503565101114	38.1732893177231
-10.412464680857257	-0.9221038124364266	37.972958787406874
-10.202371560363444	-0.6952639270867148	37.76805605631191
-9.992018207411377	-0.4781260690874725	37.55903921627698
-9.78162118590257	-0.2705648653405828	37.34634832673907
-9.571389372570396	-0.07243602486534029	37.13040486621287
-9.361523730903405	0.11642186878978493	36.9116113334178
-9.152217128762217	0.29618560710153613	36.69035098825253
-8.943654197724285	0.4670456572142609	36.466987722420036
-8.736011232033482	0.6292045214480274	36.24186604924113
-8.529456124937324	0.7828751621325953	36.01531120210907
-8.324148340099372	0.9282794970031631	35.78762933105242
-8.12023891573746	1.065646969220476	35.5591077870367
-7.917870499105703	1.1952131950053286	35.330015483876615
-7.71717740893613	1.3172186908860148	35.100603327965764
-7.518285723469668	1.4319076816587268	34.87110470642978
-7.321313391759135	1.5395269893414305	34.6417360247891
-7.126370365957674	1.6403250026960396	34.412697285697796
-6.933558752386986	1.7345507262533593	34.1841727008781
-6.7429729792522135	1.8224529072329059	33.956331328921536
-6.55469997895863	1.9042792382846154	33.7293277321979
-6.368819383078979	1.980275633592152	33.50330264668317
-6.1854037281184215	2.0506855755619218	33.278383659081506
-6.0045186703312625	2.1157495290701824	33.05468588617526
-5.8262232079495755	2.1757044200511766	32.832312651875256
-5.650569909287815	2.2307831750751466	32.61135615795705
-5.477605145302954	2.281214318476026	32.391898144972494
-5.307369325286207	2.3272216235490397	32.17401054028107
-5.139897134476775	2.3690238143301836	31.957756090596252
-4.975217772486548	2.4068343144989655	31.743188976847147
-4.813355191524831	2.44086104000153	31.530355409536565
-4.654328333502644	2.471306232071952	31.31929420311908
-4.498151365200224	2.4983663274259396	31.110037328258425
-4.3448339107551455	2.522231862519221	30.902610441096005
-4.194381280819664	2.5430874088882773	30.697033388934944
-4.046794697810167	2.5611115367284456	30.493320691973256
-3.902071516746384	2.5764768040073154	30.291482000929946
-3.760205441246973	2.589349768558676	30.091522530591963
-3.621186734310487	2.5998910207519	29.893443469468483
-3.485002423568359	2.608255234481376	29.697242365875645
-3.3516365007571007	2.6145912343686177	29.502913490902184
-3.221070115200457	2.6190420772162577	29.310448178797614
-3.0932817611401227	2.621745145895175	29.1198351454108
-2.968247458797062	2.6228322539838698	28.931060785377344
-2.845940929083052	2.6224297596120945	28.744109448808093
-2.726333761913597	2.6206586870879054	28.5589636982688
-2.60939557810876	2.6176348550083826	28.37560454687857
-2.4950941848888046	2.6134690096690574	28.19401167836429
-2.383395725006744	2.608266962695697	28.01416364993698
-2.274264819569878	2.602129731923859	27.836038078841927
-2.1676647046307798	2.595153684647378	27.659611813447
-2.063557361637505	2.5874306824458255	27.48486108971355
-1.9619036418534181	2.5790482268842587	27.3117616738917
-1.8626633848652157	2.570089605455284	27.140288992257783
-1.7657955313090006	2.5606340372045806	26.970418248692805
-1.6712582299528609	2.550756817546521	26.802124530876856
-1.579008939283875	2.5405294618369894	26.635382905853238
-1.4890045237484313	2.5300198473252	26.470168505680242
-1.40120134480416	2.5192923531572022	26.306456603868693
-1.3155553469408405	2.5084079981492433	26.144222683266218
-1.2320221388327544	2.4974245760911837	25.983442496024235
-1.1505570697856775	2.4863967883779154	25.824092116252277
-1.0711153016406691	2.475376373800678	25.666147985930795
-0.9936518762976778	2.464412235361051	25.50958695462543
-0.9181217790225009	2.4535505639982356	25.35438631351859
-0.844479997696061	2.4428349591445566	25.20052382423872
-0.772681578166108	2.432306546046598	25.04797774294507
-0.7026816758573289	2.4220040898088153	24.89672684009433
-0.6344356037931933	2.4119641061338615	24.746750416288585
-0.5678988771818934	2.402220968749554	24.59802831458225
-0.5030272547122847	2.392807013525481	24.450540929593977
-0.43977677670495735	2.3837526392944617	24.304269213751006
-0.3781038002591182	2.3750864054043057	24.159194680969026
-0.31796503153174793	2.366835126034172	24.015299408047536
-0.25931755528260697	2.3590239613176727	23.872566034042244
-0.2021188618130699	2.3516765053212283	23.730977757852266
-0.1463268714258208	2.3448148709321575	23.5905183342486
-0.09189995652492602	2.3384597717151863	23.451172068544224
-0.03879696147470732	2.332630600800328	23.312923810096667
0.013022779670435029	2.3273455068679514	23.175758944812596
0.06359942745469803	2.3226214672996357	23.039663386815416
0.11297262322369235	2.3184743585651333	22.90462356941725
0.1611814771390945	2.3149190239173723	22.77062643552871
0.2082645579081762	2.31196933846832	22.637659427623753
0.25425988413345657	2.3096382717192765	22.505710477370034
0.2992049171924753	2.3079379476193322	22.374767995021866
0.3431365555609508	2.306879702225766	22.244820858664283
0.38609113049641364	2.306474139039841	22.115858403386753
0.42810440300165004	2.3067311820910184	21.9878704104605
0.469211561992346	2.307660126841817	21.860847096580724
0.5094472235952281	2.3092696889847537	21.73477910323202
0.5488454315069299	2.311568051201756	21.609657486226528
0.5874396583461332	2.3145629079553016	21.485473705460805
0.6252628079354119	2.3182615083793294	21.362219614929288
0.6623472184511711	2.322670697336598	21.239887453030015
0.698724666383819	2.3277969547078534	21.118469833190947
0.7344263712519281	2.333646432976628	20.997959734844493
0.7694830010175178	2.340224993172034	20.878350494771794
0.8039246781519188	2.3475382392303974	20.759635798835532
0.8377809863040865	2.355591550835019	20.641809674117145
0.8710809775252933	2.364390114791686	20.52486648147253
0.9038531800067398	2.3739389549960372	20.40880090851687
0.9361256062886368	2.3842429610472355	20.29360796304743
0.9679257619017507	2.3953069155609366	20.179282966910208
0.9992806544032542	2.407135520232532	20.065821550318628
1.0302168027722631	2.419733420700542	19.953219646625477
1.0607602471309923	2.433105230258038	19.841473487552445
1.090936558760068	2.4472555524586563	19.73057959887775
1.1207708503774836	2.4621890026618862	19.62053479658404
1.1502877866529373	2.4779102285609773	19.511336183465776
1.1795115949305444	2.494423929735152	19.402981146195813
1.2084660761346162	2.5117348762663503	19.295467352849524
1.237174615834102	2.5298479264589204	19.188792750886478
1.2656601954433542	2.5487680436995293	19.08295556558672
1.2939454035375657	2.5685003124927124	18.977954298940755
1.3220524472630193	2.589049953706351	18.87378772899022
1.3500031638227181	2.61042233905937	18.77045490961893
1.3778190320198938	2.632623004883045	18.66795517079106
1.4055211838423378	2.655657665185413	18.566288119235566
1.433130416071817	2.6795322240470867	18.46545363957496
1.4606672019037357	2.704252787375272	18.365451895897028
1.4881517025629085	2.7298256740412397	18.26628333376894
1.515603778902314	2.756257426425159	18.167948682693034
1.5430430029728701	2.783554820391206	18.070448959002498
1.5704886695519282	2.811724874713397	17.97378546919948
1.597959807620234	2.8407748599724716	17.87795981373371
1.6254751917767565	2.870712306941827	17.78297389122374
1.6530533535819425	2.901545014479614	17.6888299031214
1.6807125928201456	2.933281056942348	17.5955303588218
1.708470988672819	2.9659287911343157	17.50307808122067
1.7363464107943396	2.9994968628054357	17.411476212721865
1.7643565302829736	3.0339942127090858	17.3207282216978
1.7925188305395277	3.06943008222954	17.230837909407203
1.8208506180070152	3.1058140185877448	17.14180941737374
1.8493690327846743	3.1431558796323786	17.053647235230407
1.878091059110259	3.181465838222044	16.96635620903433
1.9070335357042876	3.2207543862023833	16.879941550058486
1.9362131659707125	3.261032337981152	16.794408844065515
1.9656465280481785	3.302310833702187	16.709764061070807
1.9953500847066017	3.34460134201826	16.62601356560112
2.025340193083306	3.3879156624604483	16.543164127457164
2.0556331142536974	3.432265927401007	16.461222932987138
2.0862450226308473	3.4776646036042513	16.380197596880233
2.117192015189037	3.524124493359289	16.300096174487717
2.1484901205054148	3.5716587351855384	16.220927174681883
2.1801553076146227	3.620280804101392	16.14269957326132
2.2122034946706357	3.6700045114438886	16.065422826912553
2.244650557410201	3.720844004225924	15.989106887737673
2.277512337411712	3.772813764015087	15.913762218358668
2.3108046501435724	3.825928605317019	15.839399807608217
2.3445432927953416	3.8802036734434338	15.76603118681814
2.378744051885287	3.935654441843927	15.693668446715213
2.4134227106368136	3.9922967088773174	15.622324254936048
2.448595056116577	4.050146593997272	15.552011874171065
2.48427688612627	4.109220533324062	15.482745180948385
2.5204840158397452	4.1695352745722785	15.41453868506807
2.557232284176522	4.231107871301727	15.347407549697134
2.5945375599023905	4.293955676456635	15.281367612135037
2.6324157474469074	4.3580963351552215	15.216435405259626
2.6708827924274647	4.423547776689905	15.152628179662077
2.7099546868682056	4.490328205694518	15.08996392648009
2.7496474741019328	4.558456092433026	15.028461400936822
2.789977253342276	4.627950162161248	14.968140146592471
2.830960183912498	4.6988293835099	14.909020520314606
2.8726124891161975	4.7711129558337575	14.851123717972566
2.9149504597346394	4.844820295469234	14.794471800859435
2.95799045713436	4.91997102083913	14.739087722843825
3.0017489159678115	4.996584936340163	14.68499535825199
3.0462423464481265	5.0746820149443455	14.632219530479736
3.0914873361787727	5.1542823794430435	14.580786041330464
3.1375005515171246	5.23540628225789	14.530721701074272
3.184298738450246	5.318074083739807	14.48205435921981
3.2318987229590026	5.402306228871921	14.434812935988948
3.2803174108463073	5.488123222289993	14.389027454479981
3.329571787003269	5.575545601528816	14.344729073502522
3.3796789140857673	5.6645939083992305	14.301950121063294
3.4306559305721187	5.755288658395603	14.260724128478294
3.4825200481713634	5.847650308030123	14.221085865081928
3.5352885485497323	5.94169921998531	14.183071373499258
3.588978779341626	6.037455625972593	14.146718005441848
3.6436081494084487	6.134939587178226	14.112064457982926
3.699194123308571	6.23417095217649	14.079150810260073
3.7557542149381735	6.335169312182765	14.048018560548103
3.8133059803022102	6.437953953517206	14.01871066363671
3.8718670093712273	6.542543807142759	13.991271568440409
3.931454916979121	6.64895739513941	13.965747255759114
3.992087332713579	6.757212773970277	13.942185276099252
4.053781889750796	6.867327474394639	13.920634787454649
4.116556212580568	6.979318437873384	13.901146592937309
4.180427903569366	7.09320194931535	13.883773178135435
4.24541452830389	7.20899356600478	13.868568748065133
4.311533599657542	7.3267080425509885	13.855589263568588
4.378802560517732	7.446359251695007	13.844892476998474
4.447238765111818	7.567960100809675	13.836537967013076
4.516859458865765	7.691522443925699	13.830587172291406
4.587681756728582	7.817056989117474	13.82710342396091
4.659722619891759	7.9445732010796055	13.82615197651295
4.7329988308325825	8.074079198728887	13.827800036962547
4.807526966607015	8.205581647666323	13.832116791989325
4.883323370316769	8.339085647338129	13.839173432776045
4.960404120671609	8.474594612735507	13.849043177239169
5.038784999568753	8.61211015048284	13.861801289323271
5.118481457607589	8.75163192916691	13.877525095007108
5.199508577457706	8.893157543770135	13.896293994644251
5.281881034996773	9.036682374080359	13.91818947123512
5.365613058133699	9.182199436961398	13.943295094200158
5.450718383232844	9.329699232384371	13.971696518196076
5.537210209054209	9.479169583135365	14.003481476488046
5.625101148124472	9.630595468133642	14.03873976836081
5.71440317545554	9.783958849318699	14.077563240021579
5.805127574526437	9.93923849208595	14.120045758415666
5.897284880449698	10.09640977928537	14.166283177345727
5.990884820241119	10.255444518821177	14.216373295251616
6.0859362501182925	10.416310744932332	14.270415803977214
6.182447089755538	10.578972513270351	14.328512227818063
6.280424253428864	10.743389689937226	14.390765852112839
6.379873577987733	10.909517734690503	14.457281640609406
6.480799747598977	11.077307478579264	14.528166140807471
6.583206215215322	11.246704896332103	14.603527376451163
6.687095120729776	11.417650873881712	14.683474726318236
6.792467205785742	11.5900809714774	14.768118788427177
6.899321725227172	11.763925182916624	14.85757122876418
7.007656355181658	11.939107691500297	14.951944613610628
7.11746709778879	12.115546623411545	15.051352224541601
7.228748182596942	12.293153799301978	15.15590785515231
7.341491964673214	12.47183448497476	15.26572558856862
7.455688819489197	12.651487142156379	15.380919554798881
7.571327034667618	12.832003180461594	15.501603666994585
7.688392698696571	13.013266711770843	15.627891335703223
7.806869586747337	13.195154308367927	15.759895160227016
7.926739043754101	13.377534766306228	15.897726596232232
8.047979864952742	13.560268875618716	16.04149559881138
8.170568174097447	13.74320919910884	16.191310240249024
8.29447729961786	13.92619986161532	16.347276301825776
8.4196776490115	14.109076351781201	16.50949683907787
8.546136581809058	14.29166533850935	16.678071720037952
8.673818281489421	14.473784504430318	16.853097136100786
8.802683626765631	14.655242398855771	17.03466508529683
8.932690062711975	14.835838312839252	17.222862827918778
9.06379147225138	15.015362179107003	17.41777231462607
9.19593804856493	15.19359449974536	17.619469587340905
9.329076169050383	15.370306304675351	17.828024153489693
9.463148271498708	15.545259144044277	18.043498334371726
9.598092733221169	15.718205117777625	18.26594658871708
9.733843753907667	15.888886945609553	18.49541481277464
9.8703312430618	16.05703808098699	18.731939618598563
10.007480712905961	16.22238287227377	18.975547592524403
10.145213177711451	16.384636774704713	19.22625453619424
10.283445060560352	16.543506616521437	19.484064692864713
10.422088108598722	16.698690922673027	19.748969962130037
10.561049317890138	16.84988029937704	20.020949106605478
10.700230869026827	16.996757882709232	20.29996695454852
10.839530074696208	17.138999854213242	20.58597360283089
10.97883934043592	17.27627602629536	20.878903625116696
11.11804613984483	17.40825049989549	21.17867529055661
11.257033005538723	17.534582396588863	21.485189798748443
11.395677537150899	17.654926666876552	21.798330537141325
11.533852427689025	17.768934975973654	22.11796236749153
11.671425509548033	17.8762566678804	22.44393094835975
11.80825982146714	17.976539807944302	22.776062101015427
11.944213697679958	18.069432303468865	23.11416122641704
12.079140880473242	18.154583101224254	23.45801278123753
12.212890657297406	18.231643459936638	23.80737982108998
12.345308023507114	18.30026829501433	24.162003619283308
12.476233871708006	18.360117591883853	24.521603369485387
12.605505208581038	18.41085788338815	24.885875980669173
12.7329553999228	18.452163785733795	25.254495972593382
12.858414444496347	18.48371958648405	25.62711547986106
12.981709277117009	18.50522087708327	26.00336437225715
13.1026641012139	18.51637622138464	26.38285049861702
13.221100750907185	18.516908850647656	26.765160060907316
13.336839082420333	18.50655837448957	27.14985812449269
13.449697394405877	18.485082496334662	27.536489269709154
13.559492876519117	18.452258721024027	27.92457838891693
13.666042085303403	18.407886041444037	28.313631632083997
13.769161446183114	18.351786590321986	28.703137502752075
13.868667780068886	18.283807242746306	29.092568104865464
13.964378852798975	18.20382115450699	29.481380539522128
14.056113945343599	18.111729221047664	29.869018449139972
14.143694442417875	18.00746144167629	30.254913704943085
14.226944436856272	17.890978173733078	30.6384882319598
14.3056913468346	17.76227126164977	31.0191559640412
14.379766542759107	17.621365026288938	31.396324919658976
14.449005980406321	17.46831710060364	31.769399387563666
14.513250836666739	17.303219098553424	32.137782209668096
14.57234814406088	17.126197105293627	32.50087714697097
14.626151420025714	16.937411977977003	32.858091312804845
14.674521286844062	16.73705944801196	33.208837656348116
14.717326077995624	16.525370017333888	33.5525374781184
14.75444242666078	16.30260864311408	33.88862295816311
14.785755832099644	16.069074207367365	34.216539676841016
14.811161199670288	15.825098770063217	34.53574910753222
14.830563350335684	15.571046606596726	34.84573106028922
14.84387749564424	15.307313032778646	35.14598605540174
14.851029674350746	15.034323022845626	35.436037606070684
14.851957147075101	14.752529628292692	35.71543438992748
14.846608745669167	14.462412207629962	35.98375228990353
14.834945174281026	14.164474479321813	36.240596286064296
14.816939259461673	13.859242412235206	36.485602181353165
14.79257614705168	13.547261969814024	36.71843814578839
14.761853444008018	13.229096725891521	36.93880606547903
14.724781303779785	12.905325371525482	37.14644268484365
14.68138245430863	12.57653913345147	37.3411205326081
14.631692168211405	12.243339125698645	37.522648624473256
14.5757581751907	11.906333656564867	37.690872937758996
14.513640517207055	11.566135513497938	37.84567665580016
14.445411347428596	11.22335924847906	37.98698018235067
14.371154674443403	10.878618486251815	38.11474092870489
14.29096605367072	10.532523277193675	38.22895287863089
14.204952228331635	10.185677515791774	38.32964593849301
14.113230722735304	9.8386764445949	38.4168850820795
14.015929390995558	9.492104262177067	38.490769301619366
13.913185924616538	9.146531852116183	38.551430378236276
13.805147322658726	8.802514648247206	38.59903148663624
13.691969328433647	8.46059064959373	38.63376565012321
13.573815836857602	8.121278596385874	38.65585406308796
13.450858276732509	7.785076316513932	38.66554429890141
13.323274972311507	7.452459249668096	38.66310842166726
13.191250488544197	7.1238791542967626	38.64884102055273
13.054974964390391	6.7997630004375935	38.62305718542578
12.914643438544221	6.480512049462768	38.586090442298584
12.770455171810637	6.166501119828106	38.538290666622586
12.622612970249273	5.858078036105948	38.480021991822255
12.471322513025518	5.555563256876396	38.411660729610475
12.3167916887205	5.259249675538207	38.3335933176312
12.159229943610633	4.969402586698057	38.24621430883493
11.998847645189437	4.686259809624903	38.14992441575386
11.835855463924764	4.410031959218495	38.045128621513335
11.670463775970077	4.140902854124722	37.93223436803866
11.502882089249574	3.8790300509685323	37.81164983049953
11.333318495039556	3.624545493205426	37.683782285612594
11.16197914686232	3.377556262782613	37.54903658000817
10.98906776822275	3.1381454226800165	37.40781370349926
10.814785190403517	2.9063729383801005	37.260509470746214
10.639328921268321	2.682276666491212	37.10751331356028
10.46289274573011	2.465873398994186	36.949207184886
10.285666358292683	2.257159951978945	36.785964574410336
10.107835027816105	2.0561142881950545	36.61814963472748
9.929579294434367	1.8626966633008126	36.44611641608464
9.751074698330985	1.6768507862968363	36.27020820691581
9.572491539894765	1.498504985304821	36.09075697667402
9.393994670592008	1.3275733705374173	35.90808291685866
9.21574331374542	1.1639569870357624	35.72249407563942
9.037890914263594	1.0075449504721123	35.534286081061786
8.86058501625517	0.8582155600542216	35.34374194751126
8.683967167359137	0.7158373832864875	35.15113195988091
8.508172848540212	0.5802703080470681	34.95671362973698
8.333331428034647	0.4513665581218052	34.76073171770281
8.159566138086413	0.3289716689885725	34.56341831627582
7.986994073074542	0.21292542125722266	34.36499298733683
7.8157262076170735	0.10306272975149242	34.16566294871858
7.645867433225403	-0.0007855132472222753	33.9656233043428
7.477516612092971	-0.09879164157612018	33.76505731262772
7.310766646612254	-0.19113046612170723	33.56413668808056
7.145704563237476	-0.2779785732321403	33.363021931232176
6.982411609343565	-0.3595136703734271	33.16186268233561
6.820963361771559	-0.4359139784695156	32.96079809452924
6.661429845790158	-0.5073576700877337	32.759957222446346
6.503875663255237	-0.5740223523871324	32.55945942254894
6.348360128803055	-0.6360845935418423	32.35941476175869
6.194937412961817	-0.6937194911837846	32.15992443124105
6.043656691133193	-0.7471002812667227	31.961081162496672
5.894562297447326	-0.7963979856480067	31.762969643184718
5.747693882557496	-0.8417810966014179	31.565666930375823
5.603086574499912	-0.8834152964175767	31.369242859190415
5.460771141806931	-0.9214632102123028	31.173760445028996
5.320774158115647	-0.9560841900493747	30.979276277827076
5.183118167577641	-0.9874341284839053	30.78584090699506
5.047821850425843	-1.0156652996508626	30.593499215899957
4.914900188116908	-1.0409262260508088	30.40229078494714
4.784364627511945	-1.0633615692273675	30.212250242484814
4.656223243617253	-1.0831120425787109	30.02340760292718
4.5304809004455775	-1.1003143446042263	29.83578859162612
4.4071394096164065	-1.11510111094845	29.649414956172667
4.286197686345136	-1.1276008836740663	29.464304763912267
4.167651902520985	-1.137938096265304	29.280472685579216
4.051495636606906	-1.146233072937159	29.097930265043853
3.9377200201347202	-1.1526020409000732	28.91668617525693
3.826313880598304	-1.1571571543052286	28.736746460543355
3.7172638805837925	-1.1600065286701842	28.55811476546939
3.6105546529987036	-1.1612542846590035	28.380792550552993
3.5061689322967506	-1.1610006001634343	28.204779295146587
3.4040876816102275	-1.159341769702943	28.030072687845173
3.304290215733552	-1.156370270230013	27.856668804819492
3.206754319914823	-1.152174832493599	27.684562276487174
3.1114563644357425	-1.1468405171773683	27.5137464429625
3.0183714149753396	-1.1404487950903734	27.344213498736508
2.9274733387679266	-1.133077630745836	27.175954627048476
2.838734906579125	-1.124801568718763	27.008960124414514
2.7521278905389037	-1.1156918222255043	26.843219515786235
2.6676231578769953	-1.1058163634171543	26.67872166080295
2.585190760619432	-1.095240014925192	26.515454851603636
2.5048000213100483	-1.0840245422407107	26.35340690265202
2.4264196148320223	-1.072228746549508	26.19256523302723
2.35001764640678	-1.05990855768255	26.03291694161414
2.2755617258553276	-1.0471171268766755	25.874448875620345
2.2030190382107326	-1.0339049190728444	25.717147692832174
2.1323564107746535	-1.0203198045094355	25.560999918009053
2.063540376713361	-1.0064071493958442	25.405991993800082
1.9965372352910844	-0.9922099054772657	25.252110326551552
1.931313108839699	-0.9777686983249848	25.099341327357198
1.8678339965670399	-0.9631219142085519	24.94767144869197
1.806065825304129	-0.9483057854254682	24.79708721694808
1.7459744972936908	-0.9333544739824491	24.64757526118027
1.6875259351214458	-0.9183001535386554	24.49912233834973
1.6306861238920516	-0.9031730895364868	24.351715355342584
1.5754211507496	-0.8880017174588517	24.205341388020678
1.521697241843034	-0.8728127191645333	24.05998769755125
1.469480796833904	-0.857631097263975	23.915641744243175
1.4187384210442433	-0.8424802475083453	23.772291199108224
1.3694369553395198	-0.8273820291734689	23.629923953349174
1.3215435038401562	-0.8123568334283938	23.48852812596425
1.275025459553059	-0.797423649685574	23.348092069644558
1.2298505280132341	-0.7826001299363173	23.20860437513089
1.1859867490227372	-0.7679026510806796	23.07005387418297
1.1434025165722221	-0.7533463752661259	22.932429641303596
1.1020665970281536	-0.7389453082537827	22.795720994349903
1.0619481456669613	-0.724712355835214	22.659917494155724
1.0230167216340695	-0.7106593783257481	22.525008943276298
0.9852423014046007	-0.6967972431637809	22.390985383961695
0.9485952908188984	-0.6831358756475913	22.257837095452484
0.9130465357652637	-0.6696843078439849	22.125554590688857
0.8785673315782674	-0.6564507257043279	21.99412861251103
0.8451294312204873	-0.6434425144257627	21.8635501294284
0.8127050523110225	-0.6306663020958548	21.733810331020226
0.7812668830643602	-0.6181280016609039	21.604900623033945
0.7507880871989097	-0.6058328512581995	21.47681262223401
0.7212423078733139	-0.5937854529534944	21.349538151052602
0.6926036707061161	-0.58198980992526	21.223069232087255
0.664846785932627	-0.570449362137724	21.09739808248761
0.6379467497502017	-0.5591670205445917	20.972517108267
0.611879144901465	-0.548145199865501	20.848418898572117
0.5866200405428391	-0.5373858499770711	20.725096219939783
0.562145991444071	-0.526890485960303	20.60254201056768
0.5384340365621029	-0.5166602168456009	20.480749374620952
0.5154616970311804	-0.5066957730964535	20.359711576595465
0.49320697360888327	-0.4969975328721948	20.239422035754142
0.4716483436166153	-0.4875655471099938	20.11987432065327
0.4507647574107288	-0.4783995634653748	20.00106214377045
0.4305356344192052	-0.46949904915011786	19.882979356245663
0.4109408587769774	-0.4608632127056282	19.765619942744053
0.3919607745917949	-0.45249102474933606	19.648978016449426
0.3735761808705527	-0.4443812377307537	19.533047814193317
0.355768326134922	-0.43653240473323623	19.4178236917253
0.3385189027534054	-0.42894289735659014	19.303300119127123
0.3218100410159778	-0.42161092271506917	19.18947167637471
0.3056243029757537	-0.414534539584322	19.07633304904852
0.2899446760811205	-0.40771167373017064	18.963879024193638
0.2747545666203862	-0.40114013245121555	18.852104486328976
0.26003779300000784	-0.39481761836653445	18.741004413605786
0.2457785788761529	-0.3887417424788493	18.63057387411374
0.23196154615836573	-0.3829100365427689	18.520808022333128
0.21857170790293676	-0.37731996476685165	18.411702095730373
0.20559446111280194	-0.3719689348775256	18.303251411495435
0.19301557945956124	-0.3668543085719869	18.195451363417376
0.18082120594245793	-0.3619734113864811	18.08829741889543
0.16899784549813093	-0.3573235420055289	17.98178511608156
0.157532357574301	-0.3529019810369637	17.875910061152155
0.14641194867949686	-0.34870599927678525	17.77066792570419
0.13562416492031001	-0.3447328654871481	17.666054444272735
0.1251568845367686	-0.3409798537099996	17.56206541196505
0.11499831044594597	-0.33744425013824597	17.45869668220895
0.10513696280289142	-0.3341233595654764	17.35594416460968
0.09556167158770008	-0.3310145114347127	17.253803822913547
0.08626156922645595	-0.3281150655057997	17.152271673071635
0.0772260832536982	-0.3254224171605509	17.051343781402622
0.06844492902306412	-0.32293400236395825	16.951016262849038
0.05990810247243251	-0.32064730229919697	16.85128527932379
0.05160587294932531	-0.3185598476935107	16.75214703814327
0.043528776101823985	-0.3166692228514403	16.653597790543348
0.03566760683981209	-0.3149730694112629	16.555633830274935
0.028013412370886035	-0.31346908983991617	16.458251492275632
0.020557485314827983	-0.31215505068110555	16.361447151413696
0.01329135690022681	-0.3110287855707563	16.265217221301896
0.006206790246352413	-0.31008819803340903	16.16955815317766
-0.0007042262669259465	-0.30933126407264094	16.074466434846606
-0.007449485538750618	-0.3087560345680847	15.979938589686315
-0.014036568194251526	-0.3083606374911242	15.885971175708246
-0.020472848937116286	-0.3081432799508578	15.792560784674494
-0.02676550280621124	-0.3081022500814607	15.699704041267104
-0.03292151133501306	-0.30823591878162515	15.607397602307296
-0.038947668612825684	-0.30854274131632137	15.515638156022677
-0.04485058724704938	-0.3090212587906975	15.424422421359882
-0.05063670422596222	-0.3096700995055317	15.333747147340707
-0.056312286681722806	-0.3104879802032567	15.2436091124593
-0.06188343755342923	-0.3114737072131887	15.154005124119285
-0.06735610115034571	-0.31262617750423605	15.064932018108415
-0.07273606861552784	-0.3139443796530012	14.976386658109256
-0.07802898329027247	-0.3154273947348557	14.888365935244071
-0.08324034597993499	-0.31707439714523267	14.80086676765276
-0.08837552012182603	-0.3188846553580669	14.71388610010231
-0.09343973685602773	-0.32085753262801114	14.627420903626431
-0.09843810000012829	-0.3229924876427794	14.541468175193557
-0.10337559092887709	-0.3252890751316468	14.456024937403285
-0.10825707336002158	-0.32774694643592295	14.371088238208884
-0.113087298047542	-0.33036585004690205	14.286655150665968
-0.11787090738372526	-0.33314563211660747	14.202722772705224
-0.12261243991145969	-0.3360862369463418	14.119288226929608
-0.12731633474832776	-0.3391877074578882	14.036348660434447
-0.13198693592409103	-0.3424501856519658	13.953901244649783
-0.13662849663322296	-0.34587391305833726	13.871943175204551
-0.14124518340421527	-0.3494592311817724	13.790471671811895
-0.1458410801874189	-0.35320658194787524	13.709483978175335
-0.15042019236327012	-0.357116508152634	13.628977361914858
-0.1549864506727382	-0.3611896539193428	13.548949114512983
-0.1595437150719084	-0.36542676516641204	13.469396551280246
-0.1640957785126226	-0.3698286900894078	13.390317011340093
-0.1686463706511611	-0.37439637966054945	13.31170785763255
-0.17319916148694087	-0.3791308881487214	13.233566476936815
-0.177757764933248	-0.38403337366294465	13.155890279912576
-0.18232574232202126	-0.38910509872211213	13.07867670116018
-0.18690660584476126	-0.3943474308537174	13.001923199299217
-0.19150382193160045	-0.39976184322414254	12.925627257065992
-0.19612081457061695	-0.4053499153030084	12.849786381429764
-0.20076096856946096	-0.4111133335639673	12.774398103728046
-0.20542763276138154	-0.4170538922242429	12.699459979821148
-0.21012412315776635	-0.4231734940251662	12.624969590265785
-0.2148537260492343	-0.4294741510557814	12.55092454050886
-0.21961970105741835	-0.4359579856216437	12.477322461101055
-0.22442528413949203	-0.4426272311607589	12.404161007931132
-0.229273690547572	-0.4494842332086576	12.331437862480719
-0.23416811774501664	-0.45653145041439186	12.25915073210104
-0.23911174828175547	-0.46377145560935157	12.18729735031122
-0.24410775263067408	-0.47120693693060445	12.115875477119484
-0.24915929198716938	-0.4788406990005559	12.044882899367165
-0.25426952103387374	-0.4866756641645268	11.97431743109701
-0.2594415906726318	-0.494714873787946	11.904176913946065
-0.2646786507257675	-0.5029614896147674	11.834459217563941
-0.26998385260865426	-0.5114187951886682	11.765162240057553
-0.2753603519756176	-0.5200901973385975	11.696283908463084
-0.2808113113411647	-0.5289792277301836	11.627822179246376
-0.28633990267856035	-0.5380895444845426	11.559775038832488
-0.2919493099977199	-0.5474249338659568	11.492140504165715
-0.2976427319043855	-0.5569893120398809	11.424916623301394
-0.30342338414258024	-0.5667867269027912	11.358101476030333
-0.3092945021222563	-0.57682135998527	11.29169317453763
-0.3152593434341106	-0.5870975284298222	11.225689864096905
-0.32132119035348417	-0.5976196870448409	11.160089723801587
-0.3274833523352548	-0.6083924304361394	11.094890967334871
-0.33374916850166125	-0.619420495217535	11.030091843779692
-0.3401220101249362	-0.6307087623018784	10.965690638470644
-0.346605283106645	-0.6422622592739862	10.901685673889538
-0.353202430455599	-0.6540861628468893	10.838075310606595
-0.3599169347662352	-0.6661858014028854	10.774857948269027
-0.3667523206993079	-0.678566657620819	10.712032026639223
-0.3737121574667332	-0.6912343711910226	10.649596026684794
-0.3808000613224638	-0.7041947416194467	10.587548471722464
-0.3880196980611844	-0.7174537311223658	10.52588792861859
-0.3953747855266964	-0.7310174676132167	10.464613009048422
-0.4028690961317886	-0.7448922477830153	10.40372237081699
-0.4105064593913981	-0.7590845402758291	10.34321471924434
-0.4182907644708945	-0.7736009889608613	10.28308880861787
-0.4262259627512698	-0.7884484163026286	10.223343443714864
-0.43431607041301074	-0.8036338268307184	10.163977481398513
-0.4425651710404819	-0.8191644107107302	10.104989832290462
-0.45097741824854815	-0.8350475474178318	10.04637946252369
-0.4595570383332721	-0.851290809514578	9.988145395578966
-0.4683083329484038	-0.86790196653443	9.930286714209052
-0.47723568180944376	-0.884888988972542	9.872802562454515
-0.48634354542706304	-0.9022600523853972	9.815692147755186
-0.4956364678716075	-0.9200235416007746	9.758954743161798
-0.5051190795704474	-0.9381880550395928	9.702589689652335
-0.5147961001399233	-0.9567624091511605	9.646596398557822
-0.5246723412536025	-0.9757556429632939	9.590974354102737
-0.5347527095486394	-0.9951770227488947	9.53572311606495
-0.5450422095718931	-1.0150360468103228	9.480842322561093
-0.555545946767578	-1.0353424503831004	9.426331692962854
-0.566269130508158	-1.056106210660356	9.372191030950187
-0.5772170771701823	-1.0773375519393633	9.318420227707843
-0.5883952132567668	-1.0990469508915148	9.265019265271771
-0.5998090785684269	-1.1212451419570488	9.211988220032225
-0.6114643294239135	-1.1439431228656964	9.159327266400904
-0.6233667419327998	-1.1671521602845665	9.10703668064938
-0.6355222153213771	-1.1908837955941685	9.055116844927113
-0.6479367753135998	-1.2151498507937688	9.003568251466927
-0.6606165775686675	-1.2399624345369218	8.952391506986755
-0.6735679111768756	-1.2653339482980248	8.901587337296625
-0.6867972022153275	-1.291277092670611	8.851156592120345
-0.7003110173651017	-1.3178048737979824	8.80110025014169
-0.7141160675913855	-1.3449306099365588	8.751419424285551
-0.7282192118881938	-1.3726679381524025	8.702115367244541
-0.7426274610890785	-1.401030821150864	8.653189477262625
-0.7573479817453329	-1.4300335542393436	8.604643304187467
-0.7723881000731444	-1.4596907724229518	8.556478555803718
-0.7877553059710847	-1.4900174576325496	8.508697104460119
-0.803457257109242	-1.52102894608435	8.461300994004041
-0.819501783091346	-1.5527409357701487	8.414292447037338
-0.8358968896910968	-1.5851694940768153	8.367673872508263
-0.8526507631639365	-1.6183310655335013	8.321447873654689
-0.869771774635309	-1.6522424796844324	8.275617256314828
-0.8872684845665143	-1.6869209590850223	8.23018503762202
-0.9051496472990994	-1.7223841274184726	8.185154455101106
-0.9234242156786997	-1.758650017729673	8.14052897618457
-0.9421013457590844	-1.7957370807726103	8.096312308167509
-0.9611904015870856	-1.8336641934670141	8.052508408621334
-0.9807009600689967	-1.8724506674594414	8.009121496286832
-1.0006428159189094	-1.9121162577833821	7.966156062468148
-1.021025986689217	-1.9526811716121022	7.923616882950389
-1.0418607178835364	-1.9941660770975391	7.881509030464133
-1.0631574881519446	-2.03659211228741	7.839837887721522
-1.0849270145684549	-2.0799808941122264	7.798609161049265
-1.1071802579902668	-2.1243545274326325	7.75782889464526
-1.1299284284982378	-2.169735614136701	7.717503485486513
-1.153182990917782	-2.216147262275756	7.677639698917089
-1.1769556704191906	-2.2636130952261895	7.638244684946058
-1.2012584581958794	-2.3121572608630845	7.59932599528689
-1.226103617219181	-2.3618044407308965	7.560891601170395
-1.251503688067533	-2.412579859194152	7.522949911965306
-1.2774714948280486	-2.4645092925504843	7.485509794641163
-1.3040201510675966	-2.5176190780857337	7.448580594110308
-1.3311630658705493	-2.5719361230498854	7.412172154486504
-1.3589139499395941	-2.627487913530064	7.3762948412996145
-1.3872868217559189	-2.6843025231954964	7.340959564706749
-1.4162960137941467	-2.7424086218863097	7.306177803742283
-1.4459561787871509	-2.801835484016219	7.271961631650364
-1.4762822960352806	-2.862612996756662	7.23832374234497
-1.5072896777538802	-2.9247716679671134	7.20527747804432
-1.538993975452139	-2.988342633833131	7.172836858128068
-1.5714111863358964	-3.0533576661711717	7.141016609267014
-1.6045576597259954	-3.1198491793553984	7.109832196876918
-1.6384501034832146	-3.18785023681871	7.079299857949298
-1.673105590429515	-3.2573945570756315	7.049436635314086
-1.7085415647547797	-3.3285165192114547	7.020260413390151
-1.744775848396959	-3.401251167777251	6.991789955481481
-1.781826647382611	-3.475634217026115	6.964044942678156
-1.8197125581133138	-3.551702054420422	6.937046014422938
-1.8584525735826078	-3.6294917433355436	6.910814810805369
-1.8980660895061692	-3.7090410248786827	6.8853740166469795
-1.938572910347456	-3.7903883187375054	6.860747407441773
-1.9799932552181105	-3.8735727229641204	6.836959897218205
-2.02234776363195	-3.95863401259561	6.814037588389014
-2.065657501088978	-4.045612637003944	6.792007823656495
-2.109943964464259	-4.134549715861023	6.770899240041302
-2.1552290871739315	-4.225487033595511	6.750741825103541
-2.201535244089149	-4.318467032210773	6.731566975424745
-2.248885256165803	-4.413532802322973	6.7134075574195835
-2.2973023947561626	-4.510728072270104	6.696297970545405
-2.346810385564562	-4.610097195129748	6.680274212977566
-2.397433412208274	-4.711685133476189	6.665373949816558
-2.4491961193399407	-4.815537441692352	6.651636583892109
-2.5021236152862207	-4.9217002456429295	6.63910332922676
-2.556241474152519	-5.030220219499341	6.627817287219203
-2.611575737341517	-5.1411445594966185	6.617823525603976
-2.6681529144277807	-5.254520954384785	6.609169160240469
-2.7259999833285846	-5.3703975523261445	6.601903439779061
-2.7851443897042625	-5.488822923969112	6.596077833246943
-2.845614045519721	-5.609846021418446	6.591746120589142
-2.9074373266909914	-5.733516132798574	6.588964486192971
-2.97064306973822	-5.859882832093814	6.587791615414967
-3.035260567358704	-5.9889959239256205	6.588288794119446
-3.1013195628298282	-6.1209053829111015	6.590520011226105
-3.168850243143966	-6.255661287223029	6.594552064251034
-3.2378832307730483	-6.3933137459541385	6.600454667810667
-3.3084495739512754	-6.533912819861376	6.608300565041461
-3.3805807353595223	-6.677508435047111	6.618165641869342
-3.4543085790864123	-6.824150289108401	6.6301290440420315
-3.5296653557344544	-6.973887749263594	6.644273296814049
-3.606683685529253	-7.126769741936288	6.660684427147925
-3.6853965392835937	-7.282844633255996	6.67945208826654
-3.7658372170581975	-7.442160099907028	6.700669686359463
-3.848039324352374	-7.604762989732639	6.724434509211035
-3.9320367456464798	-7.770699171472174	6.750847856478635
-4.017863615110597	-7.94001337298809	6.780015171307452
-4.105554284281485	-8.112749007310216	6.812046172920716
-4.195143286500612	-8.28894798580251	6.847054989773406
-4.286665297894335	-8.468650517731975	6.885160292801226
-4.380155094665653	-8.65189489549579	6.926485428235248
-4.475647506456415	-8.838717264743337	6.971158549386514
-4.573177365528703	-9.029151378613479	7.019312746733493
-4.672779451497272	-9.223228335280837	7.0710861755647905
-4.774488431339349	-9.420976298003648	7.126622180347876
-4.878338794390946	-9.622420196845379	7.186069414900956
-4.984364782032418	-9.827581411247154	7.249581957349874
-5.092600311747265	-10.036477432613793	7.317319418742786
-5.203078895235222	-10.249121506097948	7.389447044087296
-5.315833550242896	-10.46552225076581	7.4661358044506265
-5.430896705769272	-10.685683257356747	7.547562478637688
-5.548300100291937	-10.909602662874994	7.633909722824926
-5.668074672652667	-11.137272701293822	7.725366126384791
-5.790250445230618	-11.368679229698627	7.822126251981702
-5.914856399033039	-11.603801229274529	7.924390657866897
-6.041920340318717	-11.842610280603745	8.032365900124928
-6.171468758375748	-12.085070012850352	8.146264512457476
-6.303526674071987	-12.331135526517931	8.26630496090782
-6.438117478799559	-12.580752789600512	8.392711570744167
-6.575262763442045	-12.833858007106157	8.525714422531363
-6.714982137000885	-13.090376964110717	8.665549214226289
-6.857293034532169	-13.35022434270869	8.812457085938597
-7.0022105140644575	-13.613303013467018	8.96668440380594
-7.149747042190076	-13.87950330225215	9.128482499239844
-7.2999122680493445	-14.148702233598183	9.298107359609993
-7.452712785469047	-14.420762752131871	9.475819266263667
-7.608151883051847	-14.695532923932067	9.66188237560364
-7.766229282067343	-14.972845120122214	9.856564238801788
-7.926940862052981	-15.252515185448717	10.06013525559486
-8.090278374100384	-15.534341595096384	10.272868057504214
-8.256229141883049	-15.818104603540814	10.495036815752266
-8.42477575056229	-16.10356538981371	10.726916469103541
-8.595895723819885	-16.390465204212237	10.968781866883242
-8.769561189363735	-16.678524522139146	11.220906822469406
-8.945738533390895	-16.967442211506658	11.483563072694587
-9.124388044622458	-17.256894720888486	11.757019138773707
-9.30546354867968	-17.54653529641257	12.041539084647917
-9.488912033736133	-17.835993236222244	12.337381168990039
-9.674673268570544	-18.12487319221197	12.644796387586913
-9.862679414329413	-18.412754529609437	12.964026903359864
-10.052854631533577	-18.699190755893284	13.295304361990093
-10.245114684079336	-18.98370903141563	13.638848091912912
-10.439366542239574	-19.26580977500129	13.994863188421473
-10.635507986912941	-19.54496637862954	14.363538482702005
-10.83342721764492	-19.820625046121712	14.74504439789526
-11.033002467222907	-20.092204771494274	15.139530695701358
-11.234101625935024	-20.35909747328222	15.54712411863591
-11.436581878878759	-20.620668301669212	15.967925934810888
-11.640289359998349	-20.87625613563814	16.402009394034685
-11.845058826836315	-21.12517428757651	16.84941710614039
-12.050713360276312	-21.366711432769876	17.31015835470363
-12.257064093832565	-21.600132780970217	17.784206361696864
-12.463909977323105	-21.824681506727476	18.271495521179258
-12.671037580005889	-22.039580454339298	18.771918622734713
-12.878220938483938	-22.24403413211267	19.28532408808317
-13.085221454873455	-22.437231009086645	19.81151324702861
-13.291787850872806	-22.618346125413126	20.35023768163219
-13.497656183467045	-22.78654402521132	20.901196670171604
-13.702549928045201	-22.940982017878998	21.46403476501557
-13.90618013466076	-23.080813770526085	22.038339540868492
-14.108245663075959	-23.205193230433288	22.62363955199757
-14.308433502020991	-23.31327887217846	23.21940253878639
-14.506419177822023	-23.404238259381522	23.82503392534209
-14.701867257158703	-23.477252905892325	24.439875650723646
-14.894431948215365	-23.53152341574486	25.063205376621276
-15.08375780388291	-23.56627487538225	25.694236113913263
-15.26948052994223	-23.580762465594336	26.332116309361858
-15.451227900313514	-23.574277254399348	26.97593043171077
-15.628620780495483	-23.54615212585432	27.62470009356881
-15.801274259243034	-23.495767793620487	28.277385741646246
-15.968798887342821	-23.422558842182582	28.932888943103098
-16.130802021065712	-23.326019733077846	29.59005529000733
-16.286889266499337	-23.205710708496618	30.24767793714204
-16.436666019522914	-23.06126352033817	30.904501780736243
-16.579739094690634	-22.892386909414693	31.55922827716194
-16.715718434761055	-22.698871757163083	32.21052089133755
-16.844218891087078	-22.4805958310894	32.857011154697254
-16.96486206356271	-22.237528045408933	33.49730530215716
-17.077278187386696	-21.969732160011915	34.12999144694723
-17.181108052516993	-21.677369844163298	34.75364724139329
-17.27600494045815	-21.360703036178304	35.366847961318264
-17.36163656191843	-21.020095536813134	35.96817494164498
-17.437686977960773	-20.65601378219427	36.556224281456295
-17.503858486573716	-20.269026751706054	37.12961572843767
-17.55987345612698	-19.85980497726072	37.68700164551692
-17.605476086982343	-19.429118632589887	38.227075956916195
-17.640434082617226	-18.977834694416522	38.74858296692911
-17.664540211999302	-18.506913181349965	39.250325942697835
-17.677613745638418	-18.017402490724667	39.731175352314004
-17.679501748724793	-17.510433868177923	40.19007665163836
-17.670080216045466	-16.98721505903008	40.626057517544844
-17.649255034927922	-16.449023204319086	41.038234431620964
-17.61696276427703	-15.897197057149532	41.42581852677307
-17.573171219814068	-15.333128606615148	41.78812061943292
-17.51787985786126	-14.758254206603272	42.12455536197308
-17.451119952402998	-14.174045315051893	42.434644463235436
-17.372954562646225	-13.58199895544738	42.718018939480835
-17.283478290856262	-12.983628016440026	42.97442037319563
-17.182816832797155	-12.38045150720183	43.20370117274507
-17.07112632563152	-11.773984885716198	43.40582384137778
-16.948592500555815	-11.165730574376934	43.58085927930691
-16.815429649735737	-10.557168772354867	43.728984157074954
-16.67187941921966	-9.949748667280696	43.850477411857185
-16.518209441399712	-9.34488014006465	43.945715930491424
-16.354711822228616	-8.74392604639867	44.01516949358173
-16.181701499778562	-8.148195147022482	44.05939506380806
-15.999514491796102	-7.558935746362262	44.07903050847083
-15.808506050692401	-6.977330086151056	44.07478785120357
-15.609048744868845	-6.4044895272913	44.04744615069807
-15.401530485456593	-5.841450539976578	43.99784410522845
-15.18635251741949	-5.2891715091279625	43.92687248082609
-14.963927393580395	-4.748530349890117	43.835466458277494
-14.73467694948105	-4.2203229164411935	43.72459798986092
-14.499030296116505	-3.7052621769395415	43.59526825110895
-14.25742184651011	-3.203978118173975	43.448500266098
-14.010289390874755	-2.7170183355799953	43.28533177707104
-13.758072233723052	-2.2448492576884282	43.10680842080889
-13.501209404849218	-1.7878579489683013	42.91397726535435
-13.240137954552383	-1.3463544312156046	42.70788075163532
-12.975291341932628	-0.9205744612716692	42.48955107549751
-12.70709792350574	-0.5106827016769908	42.26000503677499
-12.43597954785008	-0.11677622091819839	42.02023937351289
-12.162350260489768	0.2611117390066327	41.77122659141111
-11.886615121797316	0.6230077879516372	41.51391129113046
-11.609169139338482	0.9689942633835551	41.24920698933986
-11.330396314847054	1.2992050105412076	40.977993423390096
-11.050668804851224	1.613821117074847	40.7011143242503
-10.770346192975927	1.913066647882996	40.41937563793676
-10.48977487101545	2.197204421321138	40.13354417199407
-10.20928752509331	2.4665318632403292	39.84434664070983
-9.929202722561225	2.721376970581516	39.55246908058298
-9.649824594745233	2.962094411578662	39.25855660608349
-9.371442610199283	3.189061785106196	38.96321347486029
-9.094331432814663	3.4026760573655035	38.667003431259154
-8.818750858884744	3.6033501900513594	38.370450297169285
-8.544945827108284	3.7915099703427675	38.074038779840905
-8.27314649543121	3.967591049625056	37.77821546724379
-8.003568378671387	4.132036194706061	37.4833899828149
-7.736412540923359	4.285292752528979	37.18993627289266
-7.471865836901394	4.427810326928466	36.89819400181815
-7.210101196543255	4.5600386638847334	36.60847003144207
-6.951277947431562	4.682425739939468	36.32103996364796
-6.695542169826124	4.795416046967146	36.03614972637906
-6.443027079398513	4.899449065289947	35.754017185577055
-6.193853433029333	4.994957916203807	35.474833767283705
-5.9481299533512475	5.08236818427985	35.19876607599297
-5.705953768018048	5.162096899330575	34.92595749707182
-5.467410860007684	5.234551667633072	34.65652977274242
-5.232576525557261	5.300129941883036	34.390584542655425
-5.0015158366526045	5.359218419363389	34.128204841559175
-4.77428410527295	5.412192557955325	33.869456547890195
-4.550927346892516	5.4594161998539565	33.61438977835615
-4.331482741003071	5.501241293175367	33.363040224684035
-4.115979086683159	5.538007702027641	33.11543042971181
-3.9044372514874643	5.570043096054748	32.87157100089945
-3.6968706121572734	5.597662910936215	32.63146176012446
-3.493285485864794	5.62117037182401	32.395092829317186
-3.293681550905606	5.640856572210224	32.1624456520962
-3.098052255929782	5.657000601238159	31.933493952071814
-2.90638521698116	5.66986971298475	31.70820462893575
-2.7186626017493305	5.679719531752532	31.486538593798837
-2.534861500594822	5.686794287903177	31.268451545557838
-2.3549542840146844	5.691327079244511	31.053894690291102
-2.178908946343264	5.69354015344029	30.842815405888366
-2.0066894355703537	5.693645207348771	30.635157854245524
-1.8382559692505938	5.691843699607829	30.430863543458265
-1.6735653365544612	5.688327173171468	30.22987184250981
-1.5125711865795044	5.683277584864176	30.03212045098034
-1.3552243030974325	5.676867639355667	29.837545826308524
-1.2014728659610492	5.669261125269293	29.64608357111529
-1.0512626994364493	5.660613251423329	29.457668783061298
-0.9045375077679738	5.651070981466914	29.272236369664757
-0.7612390983013382	5.6407733654111265	29.08972133042628
-0.6213075925214008	5.629851866773267	28.910059008540394
-0.48468162537570075	5.618430684248902	28.733185314384496
-0.35129853327262284	5.606627067003642	28.559036922890687
-0.22109453114493607	5.594551622834893	28.387551446801314
-0.09400487898565005	5.5823086185965645	28.218667587724653
0.030035961744109267	5.5699962724050796	28.052325266795183
0.15109418142527678	5.557707037257608	27.888465736656865
0.26923648490815166	5.5455278757912705	27.727031676380378
0.38452996305631115	5.533540525998616	27.56796727083319
0.4970419728145928	5.521821757789668	27.411218275923414
0.606840025410998	5.51044362035642	27.256732071052728
0.713991682316427	5.4994736803511355	27.104457700016532
0.8185644585897827	5.488975250938275	26.954345901511395
0.9206257332512521	5.47900761181982	26.806349130320058
1.0202426663307764	5.469626220368441	26.660421570174677
1.1174821222550548	5.460882914030538	26.51651913921657
1.2124105992447225	5.452826104184444	26.374599488903993
1.305094164405746	5.445500961657388	26.23462199715097
1.3955983942107666	5.438949594119204	26.096547756416708
1.483988320075762	5.43321121558172	25.960339557408336
1.5703283787519846	5.4283223082403556	25.825961868999286
1.6546823672632525	5.424316776899619	25.693380814914864
1.7371134021275505	5.421226096227228	25.562564147691354
1.8176838826171349	5.419079451082071	25.433481220362722
1.8964554578186705	5.417903870160708	25.306102956291557
1.9734889972674046	5.417724353204662	25.180401817518522
2.0488445649389493	5.418563992007462	25.05635177196849
2.122581396391196	5.420444085455935	24.93392825981934
2.1947578788609445	5.423384248835043	24.8131081593037
2.2654315341266833	5.427402517619784	24.693869752188828
2.334659003958309	5.432515445971239	24.576192689152354
2.402496037984989	5.4387382001472275	24.460057955243855
2.468997483817811	5.446084647030929	24.34544783560421
2.534217279274631	5.454567437973768	24.232345881589243
2.5982084465593998	5.464198088141375	24.12073687742946
2.6610230882577137	5.474987051544239	24.010606807536817
2.7227123850156345	5.486943791927165	23.901942824556055
2.7833265947772348	5.50007684968457	23.794733218240765
2.8429150534606067	5.514393904961146	23.688967385224633
2.901526176959202	5.529901837090449	23.584635799744422
2.9592074643615187	5.546606780517121	23.481729985359582
3.0160055022868004	5.564514177341532	23.380242487705207
3.071965970239633	5.583628826618916	23.28016684830586
3.127133646891907	5.603954930538899	23.181497579468882
3.181552417204688	5.62549613760482	23.084230140269444
3.2352652803073982	5.6482555829264145	22.988360913632697
3.2883143580555845	5.67223592573343	22.89388718451289
3.3407409041929745	5.697439384212277	22.800807119163615
3.3925853140466513	5.723867767762094	22.709119745489726
3.4438871346891164	5.7515225067620355	22.618824934465078
3.4946850755023835	5.780404679935568	22.529923382600014
3.5450170190844745	5.810515039393692	22.442416595435823
3.5949200324405983	5.841854033433814	22.356306872042314
3.644430378404549	5.874421827166758	22.271597290491638
3.693583527238369	5.90821832103995	22.188291694279297
3.742414168361285	5.94324316732097	22.106394679660724
3.790956222160731	5.979495784601339	22.025911583871007
3.8392428518417576	6.016975370377447	21.94684847419166
3.8873064752714037	6.055680911760611	21.869212137829983
3.935178776778726	6.095611194366256	21.793010072571942
3.9828907188715523	6.136764809427873	21.718250478170624
4.030472553833766	6.179140159178839	21.64494224842982
4.077953835167857	6.222735460541682	21.573094963942523
4.125363428849952	6.2675487471621505	21.5027188854416
4.1727295243653595	6.313577869822187	21.43382494772023
4.220079645494285	6.360820495263513	21.366424754078356
4.26744066081892	6.409274103451216	21.300530571250242
4.314838793923897	6.458935983304056	21.236155324767946
4.36229963326368	6.509803226916335	21.173312594714066
4.40984814167177	6.561872722294453	21.112016611815942
4.4575086654865395	6.615141144628084	21.05228225383406
4.50530494327082	6.669604946115665	20.99412504219439
4.553260114102658	6.7252603443614625	20.937561138814527
4.601396725415372	6.782103309359979	20.882607343072277
4.649736740365859	6.840129549081915	20.82928108886429
4.698301544711598	6.899334493675694	20.777600441700194
4.747111953176233	6.959713278295935	20.727584095777903
4.796188215285642	7.021260724570882	20.679251370982826
4.845550020656069	7.083971320719035	20.6326222097534
4.8952165037168465	7.147839200324814	20.587717173753425
4.945206247850875	7.21285811978296	20.544557440289946
4.995537288937022	7.279021434421526	20.503164798413493
5.046227118277892	7.346322073311728	20.463561644636755
5.0972926848983775	7.414752512774851	20.425770978204582
5.148750397200337	7.484304748596023	20.389816395846964
5.200616123959134	7.554970266955013	20.35572208594456
5.25290519464844	7.626740014085186	20.323512822034207
5.305632399080483	7.699604364673118	20.2932139555795
5.35881198634916	7.773553089012146	20.264851407929502
5.412457663064618	7.848575318925596	20.23845166138605
5.466582590867152	7.9246595124753165	20.214041749298456
5.521199383210838	8.001793417475906	20.191649245101008
5.5763201014062	8.079964033834928	20.171302250207283
5.6319562499133555	8.15915757474422	20.153029380671995
5.688118770876518	8.23935942674839	20.13685975252941
5.744818037892909	8.320554108722034	20.12282296571434
5.802063849008659	8.402725229788965	20.110949086469827
5.85986541893663	8.48585544622278	20.10126862814286
5.91823137049051	8.569926417370352	20.093812530267694
5.977169725232248	8.654918760646957	20.088612135833642
6.036687893329791	8.740812005655172	20.085699166632626
6.096792662624191	8.827584547486492	20.085105696579568
6.157490186905932	8.915213599269912	20.08686412289713
6.218785973402369	9.003675144038962	20.0910071350547
6.2806848694790345	9.09294388599468	20.097567681350302
6.343191048560471	9.182993201251021	20.10657893302308
6.4063079952766415	9.27379508815502	20.11807424578331
6.470038489843827	9.365320117283623	20.132087118646535
6.534384591691163	9.457537381227974	20.14865114995851
6.599347622346106	9.550414444285037	20.167799990498313
6.664928147593532	9.643917292184627	20.18956729354752
6.731125958927756	9.738010281992889	20.21398666181551
6.7979400543176185	9.83265609234115	20.241091591112617
6.865368618309437	9.927815674142403	20.270915410666092
6.9334090014935885	10.0234482019661	20.303491219976763
7.00205769936623	10.11951102625704	20.338851822119267
7.071310330619388	10.215959626593817	20.37702965339338
7.141161614897317	10.312747566196014	20.4180567092403
7.211605350060198	10.409826447901034	20.46196446634447
7.28263438900057	10.5071458718447	20.508783800849486
7.354240616062754	10.604653395093635	20.558544902626345
7.426414923119497	10.70229449348982	20.61127718554211
7.499147185363716	10.800012525979687	20.66700919368789
7.572426236880701	10.897748701716575	20.72576850353968
7.646239846067631	10.995442050233894	20.787581622037116
7.720574690976319	11.093029395003951	20.852473880583645
7.795416334657127	11.19044533070553	20.920469324985998
7.870749200588812	11.287622204536971	20.991590601370298
7.946556548285581	11.3844901019239	21.06585883813287
8.022820449177168	11.48097683697979	21.14329352400443
8.099521762863693	11.577007948087347	21.223912382329473
8.17664011385336	11.672506698977982	21.307731241687815
8.254153868897093	11.767394085694	21.394763903011658
8.33204011504018	11.861588849824408	21.485022003379708
8.410274638516082	11.955007498408502	21.578514876698282
8.488831904615147	12.047564330906324	21.67524941151241
8.56768503866468	12.139171473633322	21.775229906220126
8.646805808265531	12.229738922058699	21.87845792200073
8.726164606931686	12.319174591358403	21.98493213379802
8.805730439288903	12.407384375612368	22.09464817974139
8.885470907990486	12.494272216023074	22.207598509421505
8.965352202514904	12.579740178522648	22.323772231478472
9.04533909001207	12.663688541118074	22.44315496099663
9.12539490837111	12.746015891307655	22.565728667242777
9.205481561684149	12.82661923387804	22.691471522322722
9.285559518284817	12.905394109366368	22.820357751372885
9.36558781153993	12.982234723439761	22.952357484940155
9.445524043576167	13.05703408741242	23.087436614245323
9.525324392122801	13.129684170080806	23.225556650061446
9.604943620652385	13.200076061015933	23.366674585977453
9.684335091996978	13.268100145401847	23.510742766846956
9.763450785618979	13.333646290461454	23.65770876326164
9.842241318708213	13.39660404345127	23.807515252911724
9.920655971275234	13.456862841148928	23.960099909728143
9.998642715401934	13.514312230690182	24.115395301718895
10.07614824880575	13.568842101545197	24.27332879843547
10.153118032862425	13.620342928349174	24.433822489014446
10.229496335224852	13.66870602422768	24.59679311175354
10.305226277160305	13.713823804174673	24.76215199617741
10.380249885718856	13.755590057960765	24.929805018552635
10.454508150827625	13.793900231961446	25.09965257179446
10.527941087391765	13.828651719209162	25.271589550696085
10.600487802463462	13.859744156882913	25.445505353382803
10.672086567520896	13.887079730359458	25.621283899860515
10.742674895878668	13.91056348286054	25.79880366848795
10.812189625228909	13.930103629641204	25.977937751153032
10.880567005286464	13.945611875575835	26.158553927869917
10.947742790488366	13.957003734914005	26.340514761450624
11.013652337669342	13.964198851895485	26.52367771282362
11.078230708609413	13.96712132083644	26.70789527749084
11.141412777317845	13.965700004225749	26.893015143511835
11.203133341890835	13.959868847304644	27.078880371307346
11.263327240747659	13.949567187543726	27.26532959545663
11.32192947302122	13.934740057380742	27.45219724854901
11.378875322844808	13.915338478541507	27.639313807014602
11.434100487248376	13.891319746235093	27.82650605873418
11.487541207343755	13.862647701495105	28.01359739208051
11.539134402449944	13.829292989930398	28.200408105907872
11.588817806776413	13.79123330515493	28.38675573984855
11.636530108255624	13.748453615183939	28.572455424133825
11.682211089086302	13.700946370117103	28.75732024799989
11.72580176752332	13.648711689475814	28.94116164559151
11.76724454042356	13.591757527625266	29.123789798120146
11.806483326036695	13.53009981578681	29.30501405089576
11.843463706507329	13.463762579239651	29.484643343702057
11.878133069538372	13.392778028416123	29.66248665285421
11.910440748649467	13.31718662271722	29.838353443145788
11.940338161453566	13.237037106007842	30.012054127778377
11.967778945365389	13.152386512900193	30.18340053425622
11.992719090151315	13.063300145091652	30.352206374137275
12.015117066727944	12.969851517196567	30.51828771444557
12.034933951620442	12.872122271688397	30.68146344849042
12.052133546497265	12.770202062760157	30.841555763782253
12.06668249220962	12.66418840910143	30.99839060471025
12.078550376777466	12.554186515795728	31.15179812762277
12.087709836783722	12.440309065739644	31.301613145964588
12.094136651660714	12.322675981191098	31.447675563144546
12.097809830379775	12.201414156255248	31.589830790851806
12.098711690085377	12.076657161318288	31.72793015059874
12.096827926249526	11.948544920631788	31.861831256352186
12.092147673959854	11.817223364440423	31.99139837621163
12.084663559995528	11.682844057217835	32.116502771217114
12.074371745388927	11.545563803752716	32.2370230094934
12.061271958217327	11.405544234973235	32.35284525409665
12.045367516417345	11.262951375542082	32.46386352308955
12.026665340465014	11.117955195376686	32.56997992055006
12.00517595581655	10.970729147359213	32.67110483740464
11.980913485057185	10.821449693585707	32.76715712117735
11.95389562975923	10.67029582257692	32.85806421394807
11.924143642103317	10.517448559917602	32.943762258026226
11.891682286370877	10.363090474827034	33.02419616905465
11.856539790467693	10.20740518516667	33.09931967647568
11.81874778768937	10.050576863379396	33.169095331503115
11.77834124898985	9.892789745825459	33.23349448295118
11.7353584060615	9.734227647927158	33.2924972214763
11.689840665580167	9.575073487462527	33.34609229298391
11.64183251501173	9.415508818262362	33.39427698213849
11.59138142041519	9.255713376456505	33.43705696709227
11.538537716715194	9.095864641301002	33.474446146709504
11.48335449094703	8.936137412475656	33.50646644171569
11.425887459008727	8.776703405604163	33.53314757133293
11.366194836476888	8.617730867584203	33.55452680708409
11.30433720406629	8.459384213157069	33.57064870554833
11.240377368328351	8.301823683970165	33.58156482193739
11.174380218195907	8.145205031208999	33.587333406428606
11.106412577991495	7.989679222699422	33.58801908524076
11.036543057519227	7.835392175196692	33.5836925284719
10.964841899860918	7.682484512399063	33.57443010673345
10.891380827493649	7.531091349046469	33.56031353861415
10.816232887337335	7.381342101288941	33.54142953099014
10.739472295331975	7.233360323345396	33.517869414165936
10.661174281127206	7.087263570306761	33.48972877378459
10.581414933451095	6.943163286787504	33.4571070813865
10.500271046703174	6.801164720982457	33.42010732542486
10.417819969295426	6.6613668635544485	33.378835644464964
10.334139454237992	6.523862410651469	33.333400964203214
10.249307512439293	6.388737750240256	33.28391463984258
10.163402269161205	6.2560729708424985	33.23049010525613
10.076501824040122	6.125941891672109	33.17324253025986
9.988684115051475	5.9984121130927734	33.112288487200395
9.900026786764103	5.873545086252421	33.04774562794645
9.81060706319582	5.75139620069582	32.97973237225307
9.720501625551215	5.632014888719754	32.90836760835024
9.62978649508535	5.515444745200064	32.83377040648653
9.538536921307243	5.401723661605766	32.75605974604427
9.446827275700631	5.290883972902047	32.675354256726074
9.354730951111586	5.182952616050634	32.59177197420568
9.262320266915745	5.077951298819226	32.50543011052511
9.169666380053851	4.975896677637808	32.416444839424805
9.076839201987262	4.876800543256403	32.324931096689916
8.983907321605814	4.780670013001556	32.2310023955145
8.890937934086399	4.687507728459087	32.13477065679413
8.797996775679794	4.597312057459459	32.036346054184214
8.705148064377276	4.510077299287949	31.93583687368804
8.61245444638945	4.425793892096837	31.8333493874773
8.519976948346331	4.344448621548947	31.7289877415872
8.427774935110877	4.266024829781209	31.622853857079217
8.335906073080823	4.190502623835797	31.515047344219894
8.244426298838487	4.117859082766762	31.405665429186197
8.153389792994933	4.048068462691135	31.2948028927765
8.06284895906194	3.98110239911362	31.182552020579344
7.972854407175671	3.9169301059150308	31.06900256403265
7.8834549424870115	3.8555185704540484	30.95424171179105
7.794697558026353	3.796832744290174	30.83835407080921
7.706627431843865	3.740835729091795	30.721421656542564
7.619287928222247	3.6874889573484686	30.60352389166632
7.532720602755873	3.636752367559202	30.484737612716664
7.446965211088091	3.5885845736187725	30.365137084064354
7.362059721097013	3.5429430281715737	30.244794018639574
7.278040328319333	3.4997841797473166	30.12377760483802
7.194941474405634	3.459063623536956	30.002154539056836
7.112795868399359	3.4207362457051746	29.87998906332144
7.031634510636067	3.3847563611736695	29.757343007485343
6.9514867190613705	3.3510778448429726	29.63427583550266
6.872380157773202	3.3196542562533504	29.51084469529926
6.794340867594622	3.2904389577122366	29.387104471784575
6.717393298491095	3.2633852259429585	29.263107842573113
6.641560343651527	3.2384463573328377	29.138905336007724
6.56686337505645	3.2155757668791702	29.014545391097723
6.493322280365777	3.19472708095124	28.89007441901319
6.420955500962246	3.1758542240019416	28.765536865796005
6.349780070995267	3.158911499377472	28.640975275974878
6.279811657275145	3.143853664385312	28.51643035679206
6.211064599876499	3.1306359997914868	28.39194104277548
6.143551953314241	3.1192143739260128	28.267544560407785
6.0772855281646345	3.1095453015827657	28.143276492669052
6.012275933009132	3.1015859979049414	28.019170843247252
5.948532616586936	3.095294427451383	27.895260100232882
5.886063910048174	3.0906293486414733	27.77157529913137
5.824877069206988	3.087550353777724	27.64814608504651
5.764978316698977	3.086017904845403	27.525000773902086
5.706372883956061	3.085993365288022	27.40216641258977
5.649065052916268	3.087439027955797	27.279668837942754
5.593058197392769	3.090318139421955	27.15753273445054
5.538354824031899	3.094594920858748	27.035781690642562
5.484956612796701	3.1002345856614073	26.914438254083297
5.432864456916764	3.1072033540041484	26.793523984930445
5.382078502250814	3.1154684645077872	26.673059508019296
5.332598186013757	3.1249981831935827	26.5530645634468
5.2844222748246885	3.1357618098926148	26.43355805563788
5.237548902036658	3.1477296822745506	26.314558100884145
5.191975604313826	3.1608731776538628	26.19608207335366
5.14769935742485	3.175164712725908	26.078146649575125
5.104716611226861	3.190577741378938	25.960767851409592
5.063023323816715	3.2070867507223486	25.8439610875253
5.022614994830169	3.2246672554653424	25.727741193396866
4.983486697872635	3.2432957907742423	25.612122469853684
4.945633112069526	3.2629499037300618	25.49711872020988
4.909048552725092	3.2836081435027893	25.382743286005592
4.87372700108296	3.3052500503522126	25.26900908139705
4.839662133183039	3.3278561435598517	25.155928626231667
4.806847347812863	3.351407908390132	25.043514077850425
4.775275793552479	3.375887782174052	24.931777261657246
4.744940394914692	3.401279139602647	24.82072970049906
4.715833877583803	3.4275662773125855	24.710382642899376
4.68794879275835	3.454734397840539	24.600747090191195
4.661277540604058	3.4827695930184843	24.49183382259303
4.635812392825207	3.5116588268768094	24.38365342427374
4.611545514363342	3.541389918117838	24.276216307450156
4.588468984233965	3.5719515222172173	24.169532735563592
4.566574815512371	3.603333113206724	24.063612845578973
4.545854974480717	3.6355249651877592	23.958466669450154
4.526301398949381	3.668518133620599	23.854104154794836
4.507906015766256	3.702304436430483	23.75053518482187
4.490660757528059	3.736876434968177	23.647769597551882
4.474557578508348	3.7722274148588015	23.545817204372018
4.459588469817173	3.808351366769589	23.44468780796362
4.445745473807935	3.8452429671231614	23.344391219642752
4.4330206977466595	3.8828975587810763	23.24493727614848
4.421406326759713	3.9213111317178537	23.14633585591703
4.410894636075465	3.9604803037042755	23.048596894874528
4.401478002575981	4.000402301014499	22.951730401783752
4.393148915674236	4.041074939170471	22.855746473174868
4.385899987532732	4.082496603733175	22.76065530789255
4.379723962638927	4.124666231148803	22.666467221288027
4.374613726752851	4.167583289655179	22.573192659084413
4.3705623152419815	4.211247760251719	22.480842210941937
4.367562920818196	4.255660117733989	22.389426623748673
4.365608900691265	4.300821311792301	22.298956814660105
4.364693783153043	4.346732748171147	22.209443883911067
4.364811273606085	4.393396269885154	22.120899127420792
4.365955260050002	4.4408141384850275	22.033334049211298
4.368119818038427	4.488989015365722	21.946760373657156
4.371299215118997	4.537923943106696	21.861190057584906
4.37548791476823	4.587622326833468	21.776635302237217
4.380680579832675	4.638087915587492	21.693108565116926
4.386872075487191	4.689324783690668	21.610622571723543
4.394057471720574	4.7413373120883415	21.52919032719536
4.402232045358263	4.7941301696546486	21.448825127866577
4.411391281631224	4.847708294441831	21.369540572749496
4.421530875299519	4.902076874854544	21.2913505749491
4.4326467313383775	4.9572413307283325	21.21426937301741
4.444734965194076	5.013207294291154	21.138311542252147
4.45779190261618	5.069980590985113	21.06349200594393
4.4718140790721765	5.127567220125059	20.98982604657397
4.4867982387496985	5.185973335369101	20.917329316963887
4.5027413331509925	5.245205224975512	20.84601785137704
4.5196405192836515	5.305269291819839	20.775908076569085
4.537493157450869	5.366172033144731	20.70701682278457
4.556296808643764	5.427920020014084	20.63936133469489
4.576049231537728	5.490519876442649	20.572959282270798
4.596748379094071	5.553978258171554	20.50782877158118
4.618392394767568	5.618301831059352	20.443988355508193
4.640979608319538	5.683497249056839	20.381457044367803
4.66450853123593	5.749571131734764	20.32025431642156
4.688977851748701	5.816530041331529	20.260400128264912
4.714386429458555	5.88438045928873	20.20191492507433
4.740733289555777	5.953128762240176	20.144819650695123
4.76801761663612	6.022781197421934	20.089135757547687
4.796238748107194	6.0933438574685	20.034885216329545
4.8253961671807355	6.164822654561297	19.982090525487365
4.855489495445158	6.2372232938947745	19.930774720431216
4.886518485012205	6.310551246425364	19.880961382460995
4.918483010231168	6.384811720869166	19.83267464737191
4.9513830589631205	6.460009634913305	19.78593921370415
4.9852187234072565	6.536149585606701	19.740780350598644
5.019990190470919	6.6132358188963325	19.69722390521803
5.055697731673961	6.691272198274699	19.65529630968965
5.092341692578285	6.770262172506291	19.615024587523294
5.129922481731931	6.850208742399452	19.576436359454735
5.168440559117496	6.931114426592772	19.53955984866164
5.207896424093465	7.012981226324593	19.504423885296067
5.248290602817505	7.095810589157164	19.471057910273434
5.289623635139372	7.179603371626273	19.43949197825533
5.331896060951375	7.264359800790121	19.40975675975922
5.3751084059840455	7.350079434652882	19.381883542324502
5.419261167034332	7.436761121440382	19.355904230660563
5.46435479661311	7.5244029577068945	19.331851345698844
5.510389686999064	7.613002245255452	19.309758022466532
5.557366153686032	7.702555446857181	19.289658006695507
5.605284418210395	7.793058140757277	19.27158565007622
5.654144590345534	7.884504973959652	19.255575904061782
5.7039466496504785	7.976889614285875	19.24166431212331
5.754690426359985	8.070204701208228	19.22988700035336
5.806375581603938	8.164441795461864	19.220280666309886
5.859001586943512	8.259591327444552	19.212882565989027
5.912567703213518	8.355642544420663	19.207730498810477
5.967072958659509	8.452583456549325	19.20486279049527
6.0225161263600535	8.550400781765081	19.20431827371143
6.078895700924865	8.64907988954528	19.206136266359046
6.136209874461008	8.748604743606734	19.210356547362323
6.194456511799664	8.848957843580836	19.217019329832457
6.253633124979029	8.950120165727801	19.226165231461685
6.313736846978216	9.052071102756297	19.23783524200551
6.374764404700674	9.154788402827853	19.25207068770725
6.436712091205802	9.258248107833097	19.268913192516187
6.49957573719166	9.362424491041612	19.288404635948808
6.56335068173121	9.46728999423442	19.310587107440266
6.628031742269577	9.572815164444851	19.335502857032576
6.693613183890546	9.678968590443409	19.363194242244738
6.760088687865441	9.785716839119315	19.393703670970822
6.827451319498419	9.893024391922069	19.427073540251847
6.895693495287705	10.000853581544906	19.46334617076955
6.9648069494244735	10.109164529045332	19.502563736912084
7.034782699656909	10.217915081617193	19.544768192265863
7.105611012548618	10.327060751241739	19.590001190391007
7.177281368167722	10.436554654466693	19.63830400074486
7.2497824242458835	10.54634745357758	19.6897174196238
7.323101979853472	10.656387299446786	19.744281676003148
7.3972269386400535	10.76661977636119	19.802036332162956
7.472143271697583	10.876987849152203	19.863020179000433
7.547835980108174	10.987431812969165	19.92727112594169
7.6242890572458055	11.097889246058667	19.994826085381114
7.7014854509060555	11.208294965929083	20.06572085159178
7.779407025347242	11.31858098930285	20.13998997407061
7.8580345233313835	11.428676496275264	20.217666625301113
7.937347528263088	11.53850779912078	20.29878246294112
8.0173244265296	11.647998316202527	20.383367486465577
8.09794237015477	11.757068551460895	20.471449888323352
8.179177239888068	11.865636079973886	20.563055899696817
8.261003608857427	11.973615540096764	20.658209630984683
8.34339470692217	12.080918632701255	20.756932907161804
8.426322385873297	12.187454128050478	20.859245098209627
8.509757085634192	12.293127880852484	20.965162944847094
8.59366780162663	12.397842854047772	21.074700379837722
8.678022053471775	12.501499151887144	21.18786834518843
8.76278585520754	12.60399406286325	21.304674605605978
8.847923687210324	12.705222113056921	21.42512355862419
8.933398470019016	12.80507513045773	21.549216041868267
9.019171540263462	12.90344232080672	21.67694913797081
9.105202628911481	13.000210355502754	21.80831597771501
9.191449842051739	13.095263472093523	21.943305542031485
9.277869644439392	13.188483587854938	22.081902463537265
9.364416846034096	13.279750426932953	22.224086828359223
9.45104459176738	13.368941661493068	22.369833979046508
9.5377043547787	13.455933067283476	22.51911431943265
9.624345933365435	13.540598693977131	22.671893122370925
9.710917451889928	13.622811050604167	22.82813034131713
9.797365365891954	13.702441306334267	22.987780426797134
9.88363447165037	13.779359506801764	23.15079214884338
9.969667920441465	13.85343480610183	23.317108426545683
10.055407237730572	13.924535714502804	23.486666165895688
10.140792347535351	13.992530361842894	23.65939610716041
10.225761602187688	14.057286776485281	23.835222683050365
10.31025181771575	14.118673179612017	24.014063888986918
10.394198315053174	14.17655829453115	24.19583116679208
10.47753496727364	14.230811670565783	24.38042930315082
10.560194253029547	14.281304020976107	24.567756344197115
10.642107316362463	14.32790757425006	24.75770352758946
10.723204033026015	14.37049643796946	24.95015523341689
10.803413083445394	14.40894697433461	25.144988955268623
10.882662032412627	14.443138186299263	25.34207529276868
10.960877415588422	14.472952113134808	25.541277966829565
11.037984832853322	14.498274234110362	25.742453858825648
11.113909048521554	14.518993878843741	25.945453074822755
11.188574098393985	14.535004642746403	26.150119035909317
11.261903403595884	14.546204805859634	26.3562885955906
11.333819891102976	14.552497753254972	26.56379218508505
11.404246120823993	14.553792395056346	26.77245398724842
11.473104419064653	14.55000358403186	26.98209213970684
11.540317018157326	14.541052528603839	27.192518967633333
11.605806201996575	14.526867199037012	27.403541246436188
11.669494457176887	14.507382724488721	27.614960494452397
11.731304629383457	14.482541778543466	27.826573295549448
11.79116008464432	14.452294950807358	28.03817165134921
11.848984875003795	14.416601102110201	28.249543362569614
11.904703908136106	14.375427700851883	28.460472438776534
11.958243120373078	14.328751138039907	28.67073953561346
12.00952965257983	14.276557018593893	28.880122418361246
12.05849202826882	14.218840426547908	29.088396450442442
12.105060333309327	14.15560616185239	29.295335105278983
12.149166396550545	14.086868946578212	29.5007104996761
12.190743970647603	14.012653598442242	29.704293946704095
12.229728912348559	13.93299516972098	29.905856525829144
12.266059361478868	13.847939049780168	30.105169667861396
12.299675917837515	13.75754102963981	30.302005752093667
12.330521815206174	13.661867327196711	30.496138712849355
12.358543091660007	13.560994571960329	30.687344652493696
12.383688755366352	13.455009748396936	30.875402457846516
12.405910945057244	13.34401009724056	31.06009441682109
12.42516508436861	13.228102974403235	31.241206832031718
12.441410029252026	13.10740566740106	31.418530628058434
12.4546082076833	12.982045169507709	31.591861949025542
12.464725750917447	12.852157912143358	31.761002743153753
12.471732615570064	12.717889456310154	31.925761330971707
12.475602695842001	12.579394144185775	32.08595295393115
12.476313925246858	12.436834712279971	32.241400300261866
12.473848367248594	12.29038186785214	32.3919340050149
12.468192294269684	12.14021383055901	32.53739312139649
12.459336254588198	11.986515841575956	32.677625560658235
12.447275126704215	11.829479642670632	32.812488498021494
12.432008160822209	11.669302927945168	32.94184874232748
12.413539007165015	11.506188771160694	33.06558306735757
12.39187573090753	11.340345031745095	33.18357850302774
12.367030813591539	11.171983742729422	33.295732584949704
12.339021140959856	11.001320483994702	33.40195356113801
12.307867977222218	10.828573744290088	33.50216055495906
12.273596925844052	10.65396427556424	33.59628368371885
12.23623787702297	10.477714443170177	33.68426413261203
12.19582494209333	10.300047575511872	33.7660541840662
12.152396375170857	10.121187316666015	33.84161720283083
12.10599448242004	9.94135698545455	33.910927577464705
12.056665519393006	9.760778944349585	33.97397061917388
12.004459576951506	9.57967398147295	34.03074241923537
11.949430456342126	9.398260708806736	34.08124966650946
11.891635534049582	9.216754979563476	34.125509426792505
11.831135617100156	9.035369327467242	34.16354888599205
11.767994789531812	8.854312430489099	34.195405059311334
11.702280250784314	8.6737886013497	34.22112446881275
11.634062146794287	8.493997306859605	34.24076279188609
11.563413394605888	8.315132717915489	34.25438448327783
11.490409501326173	8.137383291707023	34.262062373440536
11.415128378267294	7.9609313874235035	34.26387724603806
11.337650151126047	7.785952916484899	34.25991739749068
11.258056967049972	7.6126170280493195	34.25027818146782
11.176432799435467	7.441085830288725	34.23506154123257
11.092863251292117	7.271514147665925	34.21437553271503
11.007435357993327	7.104049314200865	34.18833384114103
10.920237390209213	6.938831002469646	34.15705529397014
10.831358657796992	6.7759910878639555	34.120663372806035
10.740889315388035	6.615653547415325	34.079285726830406
10.648920170384697	6.457934392307747	34.03305369018812
10.555542494037251	6.3029416330123516	33.98210180561002
10.460847836234848	6.150775275823538	33.92656735640943
10.364927844599945	6.001527349429695	33.86658990882671
10.267874088434736	5.855281960033265	33.80231086653007
10.169777888019503	5.712115373425058	33.73387303890591
10.070730149716667	5.572096122332607	33.661420224595794
9.97082120728771	5.435285137295696	33.58509681155996
9.870140669783257	5.301735899272672	33.50504739477081
9.768777276315618	5.171494612143256	33.42141641246236
9.666818757980217	5.044600393262422	33.33434780169319
9.564351707142704	4.921085480213487	33.24398467381226
9.461461454266255	4.800975451924689	33.150469010258774
9.358231952407944	4.684289462336522	33.05394137897394
9.254745669470555	4.571040484844118	32.95454067155724
9.151083488258916	4.461235565790403	32.85240386116783
9.047324614348195	4.354876085338999	32.74766578104253
8.943546491737962	4.2519580241242885	32.64045892338862
8.839824726231404	4.152472234147581	32.530913258303556
8.736233016446466	4.056404712465317	32.41915607227733
8.632843092339938	3.963736876301149	32.305311825751765
8.529724661096129	3.8744458382969755	32.189502029133685
8.426945360208785	3.7885046807076477	32.07184513659561
8.324570717563983	3.70588272743479	31.952456456943647
8.22266411831326	3.6265458128861323	31.831448080788004
8.121286778307342	3.5504565467353655	31.708928823213043
8.020497723850097	3.4775745737498895	31.58500418112033
7.920353777515613	3.4078568279380037	31.459776304393348
7.820909549767575	3.341257780357302	31.333343980028
7.722217436106633	3.2777296800046782	31.205802628361212
7.62432761946886	3.217222787290548	31.07724431053525
7.5272880775933295	3.159685599675364	30.94775774634121
7.431144595075392	3.1050650691194988	30.817428341598497
7.335940779820647	3.0533068110654646	30.686338224242803
7.2417180836151696	3.0043553047357334	30.554566288315673
7.148515826530978	2.9581540845902348	30.422188245074732
7.05637122488876	2.9146459228430746	30.289276680470692
6.965319422502335	2.873773002988555	30.15590111826411
6.875393524938136	2.8354770843354054	30.022128088091243
6.786624636525972	2.799699657589475	29.888021197817018
6.699041899867186	2.766382091565289	29.753641209551475
6.612672537592083	2.7354657711408112	29.619046118738392
6.527541896127691	2.706892226601176	29.484291235761802
6.4436734912447236	2.6806032545441676	29.34942926955027
6.361089055163787	2.656541030544749	29.214510412697877
6.279808585007223	2.6346482137953866	29.079582427650987
6.199850392395799	2.614868043957394	28.94469073354986
6.121231153995551	2.5971444304718743	28.80987849334185
6.04396596283401	2.5814220345917542	28.67518670082263
5.968068380211136	2.5676463444046096	28.540654267287454
5.8935504880427585	2.555763743123575	28.406318107509488
5.820422941481199	2.5457215709278564	28.272213224786643
5.7486950216717725	2.5374681806379824	28.13837279483417
5.678374688507293	2.5309529875110504	28.004828248316027
5.609468633257912	2.5261265134416666	27.87160935184408
5.541982330957508	2.5229404258517247	27.73874428728834
5.47592009244012	2.521347571549477	27.606259729270352
5.4112851159270505	2.5213020058339146	27.474180920730028
5.348079538072787	2.522759017115327	27.34253174647438
5.286304484386494	2.5256751473169636	27.21133480463569
5.22596011895392	2.5300082083159854	27.080611475984554
5.16704569339037	2.535717294674602	26.950381991055323
5.109559594963551	2.542762792904528	26.82066549505814
5.053499393830658	2.5511063874997886	26.691480110562004
4.998861889341667	2.560711063964298	26.562842997948
4.945643155365082	2.5715411090521503	26.43477041363839
4.893838584599476	2.583562108429543	26.307277766119885
4.843442931838119	2.5967409419585525	26.180379669784738
4.794450356160424	2.611045776793754	26.054089996623915
4.7468544620272315	2.6264460584740292	25.928421925809904
4.700648339262496	2.6429125001827622	25.80338799121508
4.655824601906554	2.6604170703413015	25.679000126912683
4.6123754259320515	2.6789329786912983	25.555269710716917
4.570292585815272	2.698434661013598	25.43220760581743
4.529567489959793	2.7188977626228548	25.30982420056845
4.490191214971788	2.740299120769248	25.18812944649343
4.452154538790485	2.7626167460701274	25.067132894571845
4.415447972677937	2.785829803087741	24.946843729870565
4.380061792076262	2.8099185901609767	24.82727080458806
4.345986066341159	2.83486451859282	24.7084226695754
4.3132106873640605	2.8606500912873285	24.590307604403577
4.281725397095509	2.887258880924315	24.472933646041557
4.251519813984977	2.914675507752887	24.356308616212367
4.222583458352941	2.9428856170795012	24.240440147491398
4.19490577671307	2.971875856519717	24.125335708212905
4.168476165062671	3.001633853077962	24.011002626246725
4.143283991161121	3.032148190113672	23.897448111708687
4.119318615816207	3.063408384247808	23.784679278663944
4.096569413199638	3.095404862258125	23.672703165884144
4.075025790212988	3.128128938007643	23.561526756715175
4.054677204926142	3.16157278944593	23.451156998112246
4.0355131841103	3.195729435719215	23.34160081889552
4.0175233398883705	3.2305927144205704	23.232865147280457
4.000697385525215	3.2661572590084504	23.124956927732597
3.9850251503806127	3.3024184764178464	23.017883137196296
3.970496594047575	3.3393725248853627	22.911650800743782
3.9571018196989303	3.377016292005576	22.806267006691314
3.9448310866645135	3.41534737303393	22.701738921224692
3.933674822261431	3.454364049447858	22.598073802576554
3.923623632899391	3.494065267775631	22.49527901479466
3.9146683144830323	3.5344506186991587	22.393362041140463
3.90679986213253	3.575520316435321	22.292330497153433
3.900009479243604	3.6172751783974313	22.19219214341657
3.8942885859074043	3.659716605136937	22.09295489805511
3.8896288267105086	3.7028465605622976	21.994626849001587
3.8860220779344887	3.7466675524314215	21.89721626605515
3.8834604541741924	3.7911826131105433	21.80073161276544
3.8819363143931143	3.836395280592388	21.705181558165748
3.8814422674337967	3.8823095797631746	21.610574988382265
3.881971177000481	3.928930003907319	21.516921018142646
3.8835161661305975	3.9762614964366905	21.424229002206747
3.8860706211710587	4.024309432830487	21.332508546739525
3.8896281952746015	4.073079602769184	21.241769520647203
3.894182811430732	4.122578192445662	21.152022066894308
3.8997286650451595	4.172811767035102	21.063276613818495
3.9062602260808066	4.223787253303405	20.975543886459686
3.9137722407728286	4.275511922333419	20.88883491791755
3.92225973292926	4.327993372346525	20.803161060750927
3.9317180048282	4.38123951159622	20.71853399843142
3.942142637721701	4.435258541309393	20.634965756861572
3.9535294919556474	4.490058938649221	20.552468715968313
3.965874706714286	4.545649439673386	20.471055621379385
3.9791746993971544	4.602039022259682	20.390739596190606
3.993426164635499	4.6592368889705185	20.311534152829626
4.008626072954311	4.717252449826166	20.233453205021828
4.024771669085455	4.776095304956256	20.156511079861477
4.041860469936484	4.8357752270976855	20.080722529991007
4.059890262219052	4.896302143906571	20.006102745889066
4.07885909973976	4.957686120050007	19.93266736826802
4.098765300355785	5.01993733904363	19.86043250057872
4.11960744259655	5.083066084799056	19.789414721620275
4.141384361952202	5.1470827228454015	19.719631098249774
4.1640951468283145	5.211997681186587	19.651099198187413
4.1877391341660495	5.277821430757169	19.583837102908646
4.212315904725726	5.3445644654371165	19.517863420614997
4.237825278031119	5.412237281585751	19.453197299272905
4.264267306970893	5.480850357053886	19.389858439708412
4.2916422720529495	5.550414129632981	19.327867108743185
4.3199506753061785	5.62093897489805	19.267244152356664
4.349193233824084	5.692435183402379	19.208011008855134
4.37937087294298	5.764912937178945	19.150189722028685
4.410484719047356	5.838382285504513	19.09380295427306
4.442536091993846	5.91285311988091	19.038873999651997
4.475526497144751	5.988335148188073	18.98542679687248
4.509457617000502	6.064837867961155	18.93348594214414
4.544331302420845	6.142370538746267	18.883076701889234
4.580149563422317	6.220942153485707	18.8342250252692
4.6169145595404375	6.300561408886942	18.786957556488186
4.654628589742384	6.38123667472504	18.741301646833648
4.693294081876902	6.462975962032002	18.697285366408313
4.732913581646282	6.545786890123881	18.65493751550593
4.773489741085181	6.629676652417944	18.61428763557883
4.815025306529756	6.714651980991222	18.575366019742155
4.85752310606046	6.800719109833288	18.538203722755
4.900986036400792	6.887883736745792	18.502832570415073
4.945417049254082	6.976150983842903	18.46928516829868
4.990819137058938	7.06552535660604	18.4375949097741
5.03719531814454	7.156010701449548	18.407795983210754
5.084548621265458	7.247610161753599	18.37992337830252
5.132882069495949	7.340326132323615	18.354012891417856
5.182198663462466	7.434160212235965	18.330101129884714
5.232501363893504	7.529113156033466	18.30822551511231
5.283793073464969	7.625184823235605	18.288424284446464
5.336076617919669	7.722374126132682	18.270736491649313
5.389354726438484	7.820678975834725	18.25520200588845
5.443630011241291	7.920096226551105	18.24186150911423
5.498904946395661	8.020621618080868	18.23075649169787
5.555181845811649	8.122249716499013	18.221929246196456
5.612462840400096	8.224973853027127	18.21542285910484
5.670749854373768	8.328786061085662	18.211281200447466
5.73004458066963	8.433677011528896	18.20954891105676
5.790348455472801	8.539635946073693	18.210271387378047
5.851662631821464	8.646650608937422	18.21349476363423
5.913987952274556	8.754707176711825	18.219265891177013
5.977324920624246	8.863790186507376	18.227632314844648
6.04167367263727	8.973882462414048	18.238642246140042
6.107033945809355	9.084965040333158	18.252344533036585
6.173405048120022	9.197017091249032	18.26878862621314
6.2407858257761	9.31001584302057	18.288024541513874
6.309174629935123	9.42393650078739	18.31010281842326
6.378569282401213	9.538752166098403	18.3350744743415
6.448967040289792	9.654433754887892	18.3629909544413
6.520364559659594	9.770949914439532	18.39390407688291
6.592757858115061	9.88826693949853	18.427865973161634
6.666142276383662	10.006348687707508	18.464929023358785
6.740512438878931	10.12515649456515	18.505145786066553
6.815862213262901	10.24464908812552	18.548568922756107
6.892184669027032	10.364782503679002	18.59525111635936
6.969472035115419	10.485509998678427	18.645244983836587
7.0477156566197054	10.60678196819843	18.698602982505452
7.126905950581043	10.72854586124125	18.75537730991196
7.207032360941645	10.850746098229864	18.81561979703113
7.288083312693158	10.973323990053164	18.879381794592195
7.37004616527875	11.096217659059722	18.94671405233541
7.4529071653118955	11.219361962422997	19.017666591019
7.536651398684677	11.342688418332742	19.09228856701143
7.621262742144366	11.466125135493405	19.17062812931947
7.706723814429559	11.589596746445764	19.252732268925822
7.793015927063578	11.713024345253888	19.33864666033059
7.880119034916176	11.836325430135082	19.42841549522032
7.9680116866518205	11.959413851636091	19.522081308214897
8.056670975195749	12.082199766991703	19.619684794677294
8.146072488360414	12.204589601331453	19.72126462060815
8.236190259785896	12.32648601642707	19.82685722468641
8.326996720359983	12.447787887700546	19.936496612561488
8.418462650296759	12.568390290238893	20.05021414355118
8.510557132063951	12.688184494583098	20.168038309950084
8.603247504364532	12.807057973082685	20.28999450921233
8.696499317387335	12.924894417619958	20.416104809327805
8.7902762895585	13.04157376952753	20.54638770778021
8.884540266034977	13.156972262528344	20.680857884538767
8.979251179198467	13.27096247953854	20.81952594961302
9.074367011415536	13.383413424167621	20.962398185768482
9.169843760347442	13.494190607752328	21.10947628708764
9.26563540710119	13.603156152744827	21.26075709413761
9.361693887526762	13.710168913260683	21.416232326593885
9.457969066976062	13.815084613566958	21.57588831425756
9.554408718847338	13.917756005256152	21.739705727490225
9.650958507249563	14.018033043812746	21.90765930818547
9.747561974128702	14.115763085228336	22.079717602487175
9.844160531201767	14.210791103259439	22.255842696553355
9.940693457051601	14.302959927854785	22.435989956758903
10.037097899737432	14.392110505197955	22.620107775819026
10.133308885278915	14.4780821797219	22.808137326404907
10.229259332364363	14.560712998344767	23.000012323894882
10.324880073639637	14.639840037072098	23.195658799999944
10.42009988391954	14.715299749978486	23.394994889057728
10.51484551566062	14.786928340451723	23.597930628864646
10.609041742019611	14.854562154433708	23.80436777796536
10.702611407808723	14.918038095236938	24.014199651367214
10.795475488639541	14.977194059347664	24.227310976678172
10.887553158529697	15.031869392452869	24.443577772695104
10.978761866215304	15.081905364739317	24.662867252461528
11.069017420391924	15.127145664325981	24.8850377528225
11.158234084067253	15.167436907487827	25.109938692460283
11.24632467817957	15.202629164129565	25.337410560364482
11.333200694591186	15.232576496758472	25.567284936612676
11.418772418528254	15.257137511000101	25.79938454726476
11.502949060486126	15.276175915491311	26.03352335505343
11.585638897575544	15.289561088783095	26.269506687440007
11.666749424226362	15.297168650684789	26.507131403439814
11.74618751211158	15.298881035291219	26.74618610045323
11.82385957909408	15.294588062753252	26.986451362137856
11.89967176693979	15.28418750668458	27.227700048147486
11.973530127470104	15.26758565394585	27.46969762630001
12.045340816769084	15.244697853414312	27.71220254749982
12.11501029698726	15.21544905023593	27.954966663436608
12.182445545220824	15.179774301969209	28.197735686797458
12.247554268874323	15.137619272970094	28.4402496934038
12.310245126848535	15.088940703336506	28.68224366535828
12.370427955830248	15.033706848730779	28.923448073951622
12.428014000894862	14.971897887432794	29.16358950072768
12.482916149571299	14.903506291045984	29.402391294755187
12.53504916846061	14.828537155383449	29.63957426380548
12.584329941444595	14.747008488204944	29.874857396786574
12.630677708471941	14.658951450654577	30.107958614448993
12.674014303863407	14.564410549469555	30.338595545044893
12.714264393041413	14.463443777282144	30.56648632132132
12.751355706555483	14.35612269863271	30.791350394926795
12.78521927025442	14.242532479629242	31.012909364064516
12.815789630436257	14.12277185955421	31.230887809970664
12.843005072802638	13.996953063098093	31.445014137612077
12.866807834043762	13.865201652314951	31.65502141582354
12.887144304891846	13.727656317824028	31.860648211989506
12.903965223499872	13.584468609236643	32.06163941628637
12.917225858032923	13.435802605246248	32.25774705047416
12.926886177397842	13.281834524294382	32.44873105623294
12.932911009086244	13.122752277191527	32.63436005810895
12.935270183162853	12.958754963549858	32.8144120962344
12.933938661498614	12.790052314338498	32.988675324153036
12.928896651422843	12.616864083320609	33.1569486672864
12.920129703051856	12.439419390557926	33.31904243782849
12.907628789641775	12.257956021566406	33.47477890215589
12.891390370409985	12.072719686079555	33.62399279717511
12.871416435372117	11.883963240707226	33.766531792407946
12.847714531848	11.691945880071925	33.9022568950238
12.820297772401352	11.496932301261419	34.031042795461595
12.78918482409029	11.299191846633306	34.1527781517509
12.754399879021257	11.098997630170595	34.26736581111542
12.715972606312924	10.896625652684929	34.37472296793781
12.67393808569178	10.692353911224252	34.47478125765852
12.628336723052852	10.48646150803842	34.5674867866818
12.579214148428719	10.27922776440823	34.65280009885336
12.526621096914292	10.070931344537849	34.73069607955761
12.470613273196081	9.86184939456611	34.80116379894384
12.41125120042893	9.652256701555306	34.86420629623476
12.348600054289625	9.442424877073424	34.919840307486986
12.28272948311627	9.232621569707366	34.968095939557315
12.213713415117057	9.02310971054149	35.009016293375204
12.14162985369058	8.81414679527673	35.04265703993724
12.066560661956917	8.605984206307543	35.06908595270646
11.98859133763998	8.398866577674255	35.088382400328605
11.907810779479682	8.193031205412769	35.10063680375924
11.824311046374438	7.9887075053985805	35.10595006203589
11.73818711046986	7.786116520361946	35.10443295102301
11.649536605415454	7.585470477330605	35.096205499507064
11.558459571008783	7.386972396342301	35.08139634702689
11.465058195430817	7.190815750854194	35.06014208779043
11.369436556257922	6.997184179888552	35.03258660495654
11.271700361403006	6.8062512515685	34.99888039945084
11.171956691107166	6.6181802773518745	34.95917991734383
11.070313742053283	6.4331241759242825	34.91364687964574
10.966880574630508	6.251225385418339	34.86244761817618
10.861766864315678	6.072615822330724	34.80575242094234
10.755082658087156	5.897416885274628	34.74373489022253
10.646938136716042	5.72573950147113	34.67657131629323
10.53744338371769	5.557684213701652	34.60444006947211
10.426708161674828	5.393341305279934	34.527521012872604
10.314841696576263	5.23279096047912	34.44599493798728
10.201952470741427	5.076103457747481	34.360043024934846
10.088148024830781	4.923339392979501	34.26984632892657
9.973534769369063	4.7745499300652705	34.17558529423192
9.858217806142035	4.62977707593135	34.077439296658575
9.742300759753066	4.489053977288017	33.97558621529905
9.625885619565778	4.352405236338545	33.87020203405552
9.509072592186048	4.2198472427475915	33.76146047321244
9.391959964584387	4.091388519248282	33.64953265111651
9.27464397789448	3.967030078345933	33.53458677581314
9.15721871186956	3.8467657876793115	33.41678786630252
9.039775979928658	3.7305827417151862	33.29629750290983
8.922405234675807	3.6184616375736054	33.17327360610965
8.805193483729786	3.5103771529103875	33.047870243007736
8.688225215663296	3.406298323921431	32.920237460565524
8.571582335812478	3.3061889216723763	32.79052114454901
8.455344111688207	3.21000782510268	32.65886290310119
8.339587127687176	3.117709389192577	32.52539997376169
8.22438524878165	3.029243806929515	32.39026515270832
8.10980959283832	2.944557463845879	32.25358674494605
7.995928511207801	2.8635932840453013	32.11548853415093
7.882807577203728	2.786291066762554	31.976089770851274
7.7705095820843075	2.7125878126356957	31.835505177629802
7.659094538138663	2.6424180389914174	31.693844970032924
7.548619688477235	2.575714083564186	31.551214891891437
7.439139523119743	2.5124063961793475	31.40771626377564
7.330705800977105	2.4524238180372615	31.263446043342103
7.2233675773231125	2.3956938483317294	31.118496896362522
7.117171236357008	2.3421428980275554	30.97295727726827
7.012160528465114	2.291696530706061	30.826911518092015
6.908376611793246	2.244279690461752	30.680439924732262
6.805858097754138	2.1998169169046085	30.533618879523775
6.704641100104243	2.1582325473846518	30.38652094915156
6.6047592872313565	2.11945090660942	30.239214996996115
6.506243937312171	2.083396483876789	30.091766299062268
6.409123996006917	2.0499940981866502	29.94423666269394
6.3134261363754245	2.0191690515338645	29.79668454733943
6.219174820709398	1.9908472707154399	29.649165186682772
6.126392363993685	1.9649554380129013	29.501730711517425
6.0350989987189845	1.9414211111311759	29.354430272784985
5.945312940789081	1.9201728327946017	29.207310164263102
5.857050456273788	1.9011402304121143	29.06041394442695
5.770325928778978	1.8842541062348344	28.913782557065804
5.685151927214845	1.8694465184342821	28.767454450274954
5.6015392737614365	1.8566508535334203	28.621465693493178
5.519497111841832	1.8458018906224571	28.475850092293143
5.439032973928033	1.8368358577894792	28.330639300673134
5.360152849017049	1.8296904811915535	28.185862930633714
5.282861249629007	1.824305027185899	28.041548658859938
5.207161278189707	1.8206203379326105	27.897722330358423
5.133054692672874	1.81857886087127	27.754408058929734
5.0605419713880755	1.8181246724632507	27.611628324382302
4.989622376812861	1.8192034965800812	27.469404066422214
4.920294018375589	1.8217627179058642	27.327754775171165
4.852553914108057	1.8257513907088523	27.186698578290745
4.786398051093534	1.831120243323898	27.04625232470425
4.721821444647849	1.8378216786736379	26.906431664930075
4.658818196176927	1.845809771142367	26.767251128050617
4.597381549664235	1.8550402601023104	26.628724195358114
4.53750394674625	1.8654705403781877	26.490863370724735
4.4791770803451705	1.8770596499213894	26.353680247763442
4.42239194683022	1.8897682549517252	26.217185573845352
4.367138896688543	1.9035586328104694	26.081389311054984
4.3134076836889275	1.918394652755642	25.946300694163135
4.261187512530799	1.9342417549164403	25.811928285711982
4.210467084971904	1.951066927611823	25.678280028302026
4.161234644435432	1.9688386832251226	25.54536329418081
4.1134780190990705	1.9875270328152093	25.41318493223007
4.067184663474679	2.007103459632362	25.28175131245607
4.022341698488394	2.0275408916965585	25.15106836808296
3.978935950075544	2.048813673584706	25.021141635353455
3.9369539863067655	2.0708975375633196	24.89197629113885
3.8963821530647302	2.09376957419315	24.76357718846129
3.8572066082930867	2.1174082025228165	24.635948890030225
3.8194133548404765	2.1417931399800216	24.50909569989119
3.7829882719252588	2.166905372059878	24.38302169328655
3.74791714524772	2.1927271219019704	24.25773074482472
3.714185695777603	2.219241819840316	24.13322655505122
3.6817796072463684	2.246434073002864	24.00951267551398
3.6506845523741696	2.274289635030582	23.886592532411445
3.620886217862804	2.3027953759793465	23.76446944891099
3.592370328186009	2.33193925246214	23.6431466662206
3.565122668209462	2.361710278082906	23.522627363495623
3.5391291046726545	2.3920984942085064	23.402914676657417
3.514375606565733	2.4230949411194502	23.284011716200524
3.4908482644339767	2.4546916295758137	23.165921584059866
3.468533308642861	2.4868815128300126	23.04864738960765
3.4474171266362896	2.519658459114296	22.932192264845128
3.4274862792211827	2.5530172246257705	22.816559378855693
3.4087275159102655	2.5869534270296097	22.701751951577066
3.3911277893555596	2.6214635194962637	22.58777326695287
3.37467426890396	2.6565447652863954	22.474626685516892
3.359354353306601	2.692195212892906	22.362315656465412
3.3451556826124524	2.7284136717479273	22.25084372926571
3.332066149276567	2.7651996884991044	22.140214564849632
3.320073908512531	2.8025535238575268	22.030431946436888
3.30916738791829	2.840476130016825	21.921499790032225
3.2993352964035956	2.8789691286413435	21.813422154636584
3.2905666324468363	2.918034789418802	21.706203252211775
3.2828506917081137	2.9576760091714727	21.599847457434628
3.276177074024844	2.9978962915176415	21.494359317276118
3.2705356898153592	3.038699727073369	21.38974356043923
3.26591676591503	3.0800909741839857	21.286005106685003
3.262310850868894	3.1220752401719207	21.183149076078227
3.259708819703762	3.1646582630871385	21.08118079817975
3.2581018782020315	3.207846293944555	20.980105821212593
3.257481566698566	3.251646079432059	20.87992992122622
3.257839763421196	3.2960648450711996	20.7806591112832
3.259168687394502	3.3411102788115	20.682299650690844
3.2614609009257145	3.38679051503878	20.584858054298426
3.2647093116906873	3.4331141189762344	20.488341101880575
3.2689071744370595	3.480090071456622	20.392755847625203
3.2740480923208315	3.527727754042423	20.29810962974448
3.280126017891756	3.5760369344706273	20.204410080224825
3.287135253742013	3.6250277523970107	20.11166513473289
3.2950704528318697	3.6747107054150354	20.01988304269124
3.3039266185050478	3.725096635322499	19.929072377538986
3.313699104205755	3.77619671460919	19.839242047189718
3.3243836129083952	3.828022433137333	19.75040130469973
3.335976196270219	3.8805855849863997	19.66255975915739
3.3484732535161523	3.9338982554322777	19.57572738680527
3.361871530064332	3.9879728080306376	19.489914542404666
3.3761681158999335	4.042821871773232	19.405131970851723
3.3913604437040834	4.098458328285141	19.32139081905363
3.4074462867436677	4.154895299029772	19.238702648073083
3.4244237565271436	4.212146132488155	19.157079445547428
3.4422913002304845	4.27022439127763	19.07653363838914
3.461047697896647	4.329143839174685	18.997078105772555
3.480692059410888	4.388918428005004	18.91872619241212
3.5012238212536566	4.449562284363727	18.84149172213533
3.5226427430316587	4.511089696127147	18.765389011753683
3.544948903787142	4.573515098716988	18.69043288523302
3.5681426980841775	4.636853061076189	18.616638688164965
3.59222483187021	4.701118271315223	18.544022302538966
3.6171963181100244	4.766325521986088	18.472600161814093
3.6430584721886157	4.8324896949406915	18.402389266288004
3.6698129070782564	4.899625745728338	18.333407198760213
3.697461528264468	4.9677486874867105	18.265672140484483
3.726006528424484	5.036873574278945	18.19920288740455
3.7554503818511455	5.107015483828852	18.13401886666515
3.7857958386138333	5.178189499604024	18.07014015338991
3.8170459184475645	5.250410692196389	18.007587487714726
3.849203904360118	5.323694099947727	17.94638229206441
3.8822733359465054	5.398054708767186	17.886546688657603
3.916258002398526	5.473507431085129	17.828103517224076
3.951161935196935	5.550067083887981	17.771076352914957
3.986989400472155	5.627748365775974	17.715489524385323
4.023744891019083	5.7065658329857225	17.66136813202489
4.0614331179498615	5.786533874316577	17.60873806631118
4.10005900196819	5.86766668490007	17.557626026255463
4.139627664247301	5.949978238749345	17.508059537909393
4.180144416893043	6.0334822600249876	17.460066972896673
4.221614752972129	6.118192192951606	17.41367756693098
4.2640443360849964	6.204121170319264	17.368921438277187
4.307438989461405	6.2912819805020606	17.325829606109487
4.351804684556323	6.379687032926122	17.2844340087151
4.397147529121922	6.4693483219168595	17.24476752148888
4.443473754731227	6.560277388856092	17.206863974658432
4.490789703727532	6.652485282578076	17.17075817067486
4.539101815573048	6.745982517933679	17.136485901198743
4.588416612568743	6.840779032450626	17.104083963605788
4.638740684916958	6.936884141018729	17.073590176930153
4.690080675096944	7.034306488528196	17.045043397157734
4.742443261523252	7.133054000390817	17.01848353177468
4.7958351414550355	7.233133830872602	16.993951553470165
4.850263013124351	7.334552309169077	16.971489512884705
4.905733557050113	7.437314883154611	16.951140550288184
4.962253416504587	7.541426060740719	16.932948906063334
5.01982917709693	7.64688934877724	16.916959929863047
5.078467345439724	7.753707189436831	16.903220088300376
5.138174326861962	7.861880894022776	16.891776971021976
5.198956402133014	7.971410574146599	16.882679295005932
5.260819703160907	8.082295070224877	16.875976906915692
5.323770187628059	8.194531877249705	16.871720783331774
5.3878136125277765	8.308117067793589	16.869963028672853
5.452955506565032	8.423045212216504	16.870756870607213
5.519201141384104	8.539309296048149	16.874156652745086
5.586555501587555	8.656900634529704	16.880217824391234
5.655023253510128	8.7758087843061	16.888996927126186
5.724608712713149	8.896021452272462	16.9005515779732
5.795315810164742	9.017524401587735	16.91494044889677
5.867148057073079	9.140301354882464	16.932223242366945
5.940108508341315	9.264333894701632	16.952460662712603
6.014199724614617	9.389601361238768	16.97571438297545
6.0894237328912855	9.51608074743348	17.00204700696547
6.165781985672704	9.643746591523433	17.03152202620767
6.243275318629957	9.77257086716213	17.06420377145992
6.321903906767802	9.902522871234817	17.100157358471474
6.401667219069347	10.033569109526484	17.13944862764241
6.482563971610802	10.165673180424195	17.182144077236234
6.5645920791380625	10.298795656859284	17.228310789789678
6.647748605104076	10.432893966727143	17.278016351358193
6.732029710168623	10.567922272048289	17.331328763229006
6.817430599171213	10.703831347171771	17.38831634573135
6.903945466592537	10.840568456353214	17.44904763377054
6.991567440528447	10.978077231078345	17.513591263713003
7.080288525207123	11.116297547539101	17.58201585125059
7.1700995420904	11.255165404712617	17.654389859878112
7.260990069608017	11.394612803532999	17.73078145962391
7.352948381584731	11.534567627691779	17.81125837568408
7.44596138443175	11.674953526649674	17.895887726625148
7.540014553183094	11.815689801485904	17.984735851834518
7.635091866472841	11.956691294264784	18.07786812792138
7.731175740560685	12.09786828164657	18.175348773794223
7.82824696252944	12.23912637352407	18.27724064417286
7.926284622789251	12.380366417512707	18.383605011323514
8.025266047043585	12.521484410180975	18.49450133484989
8.125166727884327	12.66237141595429	18.60998701941401
8.225960256205912	12.802913494685034	18.73011716031761
8.327618252639748	12.942991638922951	18.854944276924837
8.43011029923526	13.082481721979097	18.98451803397775
8.533403871629277	13.22125445791852	19.11888495092241
8.6374642719686	13.359175374666405	19.258088099444425
8.74225456286678	13.496104801448544	19.40216678949221
8.847735502702934	13.631897871832585	19.551156244165593
8.953865482586382	13.766404543662437	19.7050872639399
9.060600465336258	13.89946963721043	19.86398588080757
9.167893926844478	14.030932892889208	20.027873003030155
9.275696800212282	14.160629049878771	20.196764051315323
9.383957423072363	14.288387947028685	20.3706685873621
9.492621488530606	14.414034647391274	20.549589935854616
9.60163200017687	14.537389587719284	20.733524801117643
9.710929231638662	14.658268754239286	20.922462879801472
9.820450691165046	14.776483885964856	21.116386471106996
9.930131091749555	14.891842706763118	21.315270086224455
10.039902327307733	15.00414918730808	21.5190800588023
10.14969345544708	15.113203837976712	21.727774158437228
10.259430687367882	15.218804033628324	21.941301209317263
10.3690373854504	15.320744371094248	22.159600716323325
10.478434069077366	15.418817060051365	22.382602501026586
10.587538429253662	15.512812347802834	22.61022635018887
10.696265352570565	15.602518978296189	22.842381679490206
10.804526955065654	15.687724685516471	23.07896721535846
10.912232626508672	15.768216721161187	23.319870697874645
11.019289085634806	15.843782416267626	23.564968607845472
11.12560044681909	15.914209776195918	23.81412592120681
11.231068298665324	15.979288108095213	24.06719589400141
11.335591794943312	16.038808679677064	24.324019881201377
11.439067758275039	16.09256540780966	24.584427192674973
11.541390796922139	16.14035557511581	24.848234989578305
11.642453434978012	16.181980572418933	25.115248224415243
11.74214625620897	16.21724666453115	25.385259627930257
11.840358061724945	16.245965776522926	25.65804974588795
11.936976041589997	16.267956297256397	25.933387028644837
12.031885960407752	16.28304389660895	26.211027976235396
12.124972356830133	16.29106235246245	26.490717341454825
12.216118756853726	16.291854383195275	26.77218839316344
12.305207900671153	16.285272481089176	27.0551632417169
12.392121982749313	16.271179741759163	27.33935322808322
12.476742904698975	16.249450684436503	27.624459377799344
12.558952540398334	16.219972057687993	27.9101729205012
12.63863301272166	16.182643624943854	28.196175875283622
12.715666981114639	16.137378924037844	28.482141701647095
12.789937939145025	16.084105994841643	28.767736015249056
12.861330521047758	16.022768069005057	29.052617367123972
12.92973081617203	15.953324215800967	29.336438084448154
12.995026690133884	15.875749938118004	29.61884517034209
13.057108111371113	15.790037712757108	29.89948125958355
13.115867481702889	15.696197469361802	30.177985626512267
13.171199969405	15.594257002555734	30.453995240806247
13.223003843227753	15.484262312175481	30.72714586621993
13.271180805711916	15.366277866864976	30.997073196820963
13.315636324093859	15.240386786749006	31.263414024723946
13.35627995704192	15.106690941413046	31.525807432836938
13.393025675427083	14.965310959993108	31.78389600568769
13.425792175307805	14.816386150809409	32.03732705101158
13.454503181299588	14.66007432866144	32.28575382445593
13.479087738507413	14.49655154862474	32.528836749507406
13.499480491221531	14.326011745953066	32.76624462456782
13.51562194661589	14.148666282483543	32.997655809001635
13.527458721745628	13.96474340074396	33.22275937997582
13.534943772211724	13.774487587782641	33.44125625198094
13.538036600950054	13.578158851547608	33.6528602510959
13.536703445706015	13.37603191345222	33.85729913630041
13.530917443875959	13.16839532153145	34.054315560492654
13.52065877352953	12.955550489332504	34.24366796429657
13.50591476957335	12.737810666386844	34.42513139624308
13.48668001417379	12.515499846739218	34.598498253504424
13.462956400724439	12.288951622595158	34.763578938002325
13.434753170818645	12.058507990638759	34.920202423433835
13.402086923869932	11.824518119003873	35.0682167295142
13.364981599208388	11.587337083210844	35.207489300546975
13.323468430670443	11.347324579633467	35.3379072862626
13.277585873887356	11.104843625207142	35.459377723725744
13.227379506664011	10.860259252145653	35.57182761997478
13.17290190302377	10.613937206401948	35.67520393591274
13.114212481671169	10.366242658471238	35.769473472817104
13.051377329794098	10.117538934914277	35.85462266365325
12.984469003284701	9.868186278661593	35.93065727216122
12.91356630461167	9.61854064578869	35.99760200341505
12.838754039705963	9.368952545960973	36.055500030244964
12.76012275535088	9.119765933243407	36.104412440522836
12.677768458668096	8.871317153356976	36.14441761086846
12.59179232038897	8.623933952849365	36.17561051280444
12.502300363669777	8.37793455495252	36.19810195778937
12.409403140273302	8.133626806212332	36.2120177878728
12.313215395975353	7.891307397237079	36.2174980189528
12.213855727084141	7.651261160193268	36.2146959437683
12.111446229965514	7.413760444938478	36.20377720183194
12.006112145460747	7.179064574964605	36.184918823503516
11.89798150005839	6.94741938361964	36.15830825532387
11.787184745647172	6.719056830408791	36.124142373579986
11.673854399622131	6.494194696527427	36.08262649285741
11.558124687054153	6.273036358182149	36.033973376063344
11.440131186557341	6.055770635699592	35.978402252079185
11.3200104814041	5.842571715918281	35.91613784683161
11.197899817344318	5.633599144906045	35.84740943316406
11.07393676848326	5.428997887646721	35.77244990445209
10.948258912465944	5.228898450998754	35.69149487644437
10.821003516105796	5.033417065946528	35.60478182133445
10.69230723248094	4.84265592493712	35.51254923758151
10.562305810402371	4.656703469918634	35.41503585850639
10.431133817044447	4.475634726582225	35.31247990220427
10.29892437441047	4.299511680239715	35.20511836483601
10.165808910192263	4.128383688749653	35.09318635889632
10.03191692346744	3.96228792792495	34.97691649760701
9.897375765571626	3.801249864923465	34.85653832616009
9.762310436380496	3.645283755226993	34.73227780013689
9.626843396128956	3.4943931589384865	34.60435681104856
9.491094392810433	3.3485714723021496	34.47299275860827
9.355180305101008	3.2078024705259534	34.338398169022554
9.219215000679473	3.072060858202463	34.2007803583148
9.083309209731773	2.9413128238389192	34.060341139437135
8.947570413363724	2.8155165952470402	33.917276571712
8.812102746580122	2.694622992782946	33.77177675095408
8.67700691543632	2.578575977679561	33.624025638469305
8.54238012791568	2.4673131929608663	33.474200926995756
8.408316038047403	2.360766494680496	33.32247394155489
8.274904702738619	2.258862471469974	33.16900957310226
8.142232550771205	2.1615229506284743	33.01396624282471
8.010382363382982	2.068665489214355	32.857495894896424
7.879433265839095	1.9802038488274907	32.699744015505274
7.749460729382584	1.8960484529835142	32.540849675969014
7.620536582949382	1.816106826187596	32.38094559779562
7.492729034022624	1.7402840140022593	32.220158237577984
7.366102698008335	1.6684829835867185	32.05860788967804
7.24071863551134	1.6006050043460234	31.89640880471423
7.116634396904299	1.5365500084844288	31.733669321950543
6.993904073588226	1.476216931393107	31.570492013763836
6.872578355358844	1.4195040319296008	31.406973840459177
6.752704593304431	1.3663091927570528	31.2432063137921
6.634326867684351	1.316530201014474	31.079275667662177
6.5174860602515805	1.2700650096748716	30.91526303453495
6.40221993050324	1.2268119800250683	30.751244626249537
6.28856319536651	1.1866701057675992	30.58729191797143
6.176547611849638	1.1495392193004212	30.42347183414867
6.0662020622084825	1.1153201807752948	30.259846935423326
5.957552641205173	1.0839150505737531	30.096475605548402
5.850622745055144	1.055227245867227	29.933412237446014
5.745433161689052	1.0291616819512615	29.77070741764049
5.642002161971703	1.0056248990559766	29.608408108372597
5.540345591548553	0.9845251753449913	29.446557826788773
5.440476963012072	0.9657726268175649	29.28519682067383
5.342407548101702	0.9492792948265625	29.124362240265423
5.246146469673628	0.9349592219188172	28.964088305756903
5.1517007931979855	0.9227285166944902	28.804406470158106
5.059075617559827	0.9125054083685911	28.645345577239052
4.968274164962943	0.9042102917023048	28.48693201434028
4.8792978697510785	0.8977657629530218	28.32918985987744
4.7921464659811965	0.8930966474721262	28.17214102541635
4.706818073600284	0.8901300195578251	28.015805392235436
4.623309283092371	0.8887952151473812	27.86020094232777
4.541615238479957	0.8890238379094745	27.70534388383219
4.461729718576525	0.8907497592729287	27.55124877090927
4.383645216400648	0.8939091129034544	27.397928618104682
4.307353016677791	0.8984402841151017	27.245395009271192
4.232843271363706	0.9042838946783649	27.093658201133138
4.160105073138472	0.9113827834621716	26.942727221602453
4.089126526827767	0.9196819833228198	26.792609962964992
4.019894818719533	0.9291286946290211	26.643313270072483
3.9523962837523166	0.9396722557889934	26.494843023684467
3.8866164705601634	0.9512641111228981	26.347204219114122
3.822540204365715	0.9638577764021732	26.200401040336736
3.7601516477218966	0.9774088023558809	26.054436929729025
3.6994343591070296	0.9918747364241464	25.90931465360685
3.640371349385392	1.0072150830190278	25.765036363734584
3.582945136149055	1.0233912625348054	25.62160365497722
3.52713779596352	1.0403665693314208	25.479017619271122
3.472931014542173	1.0581061288982418	25.337278896084403
3.4203061348792154	1.0765768543890473	25.196387719538418
3.3692442033734316	1.0957474027041036	25.05634396235759
3.3197260139795546	1.1155881302802786	24.917147176815863
3.27173215042473	1.1360710487371581	24.77879663283952
3.2252430265312686	1.1571697805138175	24.6412913534261
3.1802389246877443	1.178859514619247	24.50463014753185
3.1367000325131444	1.201116962607695	24.368811640578375
3.094606477759498	1.223920314879814	24.23383430272274
3.0539383614995175	1.247249197400596	24.099696475029905
3.014675789646577	1.2710846289158653	23.966396393681144
2.9767989028559123	1.2954089787399121	23.833932212349723
2.940287904854816	1.3202059251796605	23.702302022864714
2.905123089251547	1.3454604146522808	23.571503874284137
2.8712848648711766	1.3711586215471754	23.44153579048776
2.8387537796679054	1.397287908875941	23.312395786399385
2.8075105432625342	1.4238367897483057	23.18408188294103
2.7775360481535407	1.4507948897064764	23.056592120816482
2.7488113896496795	1.4781529099453197	22.92992457321623
2.721317884572061	1.5059025914406028	22.804077357533146
2.695037088772402	1.5340366800036993	22.679048646171044
2.669950813513981	1.5625488922767086	22.554836676525667
2.646041140760515	1.5914338826788161	22.431439760210868
2.6232904374182406	1.6206872113104158	22.30885629160248
2.601681368574633	1.650305312819459	22.187084755763802
2.5811969097771073	1.6802854662307636	22.066123735816515
2.561820358393466	1.7106257657371704	21.945971919814106
2.543535344095449	1.7413250924483386	21.82662810717426
2.5263258385052585	1.7723830870914459	21.708091214720753
2.5101761640442453	1.803800123655611	21.59036028238424
2.4950710020215645	1.8355772839706166	21.473434478606084
2.480995399999981	1.8677163332081437	21.35731310548957
2.467934778474489	1.9002196962930467	21.241995603737035
2.4558749368986414	1.9330904352103044	21.12748155741124
2.444802059092168	1.9663322271926518	21.013770698554843
2.434702718062653	1.9999493437720925	20.900862911702262
2.425563880272706	2.0339466306782064	20.78875823831374
2.417372909383069	2.0683294885651327	20.67745688116016
2.410117569501119	2.1031038545480123	20.566959208686473
2.403786027962989	2.1382761845296114	20.457265759377787
2.398366857676683	2.173853436296374	20.34837724615351
2.393849039052282	2.2098430533637043	20.24029456080995
2.390221961544492	2.246252949548929	20.13301877853326
2.387475424831706	2.2830914942501406	20.02655116250272
2.3855996396547	2.3203674984090763	19.920893168602365
2.3845852283371385	2.3580902011355795	19.816046450258565
2.384423225009078	2.396269256970994	19.712012863420142
2.3851050755536973	2.4349147237673936	19.60879447169711
2.386622637296516	2.4740370511595673	19.5063935516726
2.3889681784554475	2.5136470696062205	19.4048125984026
2.392134377369127	2.553755979977017	19.30405433111644
2.3961143215200207	2.594375343661227	19.204121699132127
2.4009015063679775	2.6355170731743534	19.10501788799816
2.406489834008971	2.6771934232382	19.006746325874733
2.412873611672995	2.7194169823104697	18.909310690164997
2.420047550074126	2.762200664538676	18.812714914409305
2.428006761625076	2.805557702114327	18.71696319545186
2.4367467585276006	2.8495016380017546	18.62206000089216
2.4462634507494996	2.894046319017042	18.5280100768305
2.456553143897973	2.939205889231156	18.434818455919014
2.467612536998437	2.9849947836717186	18.34249046572836
2.479438720187186	3.0314277222978125	18.251031737439586
2.492029172325405	3.0785197042212933	18.160448214871863
2.505381758541346	3.126286002147982	18.07074616385618
2.5194947277067854	3.1747421570120173	17.981932181964613
2.5343667098531166	3.2239039727759375	17.894013208605188
2.54999671353178	3.273787511368986	17.806996535491894
2.5663841231228193	3.324409087734928	17.720889817500467
2.5835286960949357	3.375785264961172	17.63570108391889
2.6014305602194336	3.4279328494595176	17.551438750102967
2.6200902107400186	3.480868886169077	17.468111629546165
2.6395085074993716	3.5346106537502826	17.385728946374105
2.6596866720230703	3.589175659739179	17.304300348272825
2.6806262845604794	3.64458163562977	17.223835919860672
2.7023292810817043	3.700846531851786	17.14434619651302
2.7247979502288002	3.757988512609887	17.065842178649703
2.748034930218915	3.8160259505499035	16.988335346494043
2.772043205696165	3.8749774212162404	16.911837675312842
2.796826104528563	3.9348616972641697	16.836361651145694
2.8223872945451887	3.9956977423885505	16.761920287033128
2.8487307802084376	4.057504704930311	16.68852713975129
2.875860899215205	4.1203019111201495	16.61619632706149
2.9037823190203107	4.184108857918088	16.54494254548183
2.9325000332742848	4.248945205405078	16.47478108858883
2.9620193581673635	4.314830768682625	16.405727865854946
2.9923459286702783	4.381785509233662	16.33779942202843
3.0234856946620057	4.449829525697263	16.271012957060464
3.0554449169333493	4.518983044006895	16.205386346584543
3.0882301630547047	4.589266406840969	16.140938162951485
3.1218483030953217	4.660700062332087	16.07768769682269
3.15630650518062	4.733304551979741	16.015654979323017
3.1916122308727393	4.807100497708207	15.954860804754055
3.2277732303591975	4.882108588010517	15.895326753866001
3.264797537432771	4.958349563115595	15.837075217686154
3.3026934642456385	5.035844199115166	15.780129421898797
3.3414695958186855	5.114613290982412	15.724513451771118
3.3811347842866724	5.194677634413613	15.670252277616244
3.421698142858284	5.276058006420287	15.61737178078319
3.4631690394694825	5.358775144597742	15.565898780160182
3.5055570901066058	5.442849724991633	15.515861059176238
3.5488721517752384	5.52830233848292	15.467287393281751
3.5931243150891334	5.6151534656077615	15.42020757788638
3.638323896452495	5.703423449726581	15.374652456728544
3.684481429807104	5.793132468452644	15.330653950647664
3.731607657915018	5.884300503248638	15.288245086725391
3.779713523145662	5.976947307095807	15.24746002775825
3.8288101577353486	6.071092370138352	15.2083341020186
3.8789088734846615	6.16675488320073	15.170903833256702
3.9300211508589946	6.263953699075039	15.13520697088979
3.9821586274548775	6.362707291470633	15.10128252031905
4.035333085794098	6.463033711517056	15.069170773308137
4.089556440405079	6.564950541706788	15.038913338350651
4.144840724150075	6.668474847163035	15.010553170945936
4.2011980737548535	6.773623124114794	14.984134603694873
4.258640714496101	6.880411245459624	14.959703376118625
4.317180943999492	6.9888544032911994	14.937306664094585
4.376831115100515	7.098967048268513	14.91699310879357
4.43760361771773	7.210762825700739	14.898812844992422
4.49951085968754	7.324254508222537	14.882817528624777
4.5625652465061615	7.439453924930718	14.869060363421747
4.626779159924862	7.556371886856577	14.85759612648129
4.6921649353412835	7.675018108645503	14.84848119259252
4.75873483792955	7.795401126318877	14.841773557127137
4.826501037448934	7.9175282109924074	14.837532857295946
4.895475581670565	8.041405278429178	14.835820391552996
4.965670368360159	8.167036794308794	14.836699136913962
5.037097115753237	8.294425675097436	14.840233763938684
5.109767331458078	8.423573184408651	14.846490649110232
5.183692279721477	8.55447882475243	14.855537884324589
5.258882946990729	8.687140224576119	14.867445283186079
5.335350005705989	8.821553020512036	14.882284383784068
5.413103776254948	8.957710734753888	14.900128447605853
5.492154187023613	9.095604647499664	14.92105245421991
5.572510732475655	9.235223664410091	14.94513309134176
5.654182429195142	9.376554179050682	14.972448739873082
5.737177769826115	9.5195799302998	15.003079453481519
5.821504674845051	9.664281854727514	15.037106932265967
5.907170442105131	9.810637933974935	15.07461449002951
5.994181694091287	9.958623037185268	15.115687014658228
6.082544322827926	10.108208758566315	15.160410921080636
6.172263432387779	10.259363250200758	15.20887409626124
6.263343278948895	10.412051050245564	15.261165835656419
6.355787208358224	10.566232906710887	15.317376770542403
6.4495975911584535	10.721865597037674	15.377598785600288
6.544775755047073	10.87890174374809	15.441924926126362
6.641321914740275	11.037289626485514	15.510449294215796
6.739235099224445	11.196972990816741	15.583266933252457
6.8385130763853885	11.357890854222749	15.660473700022136
6.9391522750163315	11.519977309766332	15.742166123755187
7.041147704218292	11.683161327991987	15.82844125139691
7.144492870217926	11.847366557680933	15.91939647839833
7.249179690640699	12.012511126156346	16.01512936431798
7.355198406294155	12.178507439914682	16.11573743253042
7.462537490533481	12.345261986442619	16.221317953347015
7.571183556297598	12.512675138162477	16.331967709867723
7.681121260923635	12.680640959539573	16.44778274590382
7.792333208872042	12.849047018484308	16.56885809534347
7.904799852513098	13.017774203272745	16.69528749236464
8.018499391155345	13.18669654631846	16.82716306195098
8.133407668516432	13.355681056222146	16.964574990214754
8.249498068871723	13.524587559641539	17.107611174104328
8.366741412139383	13.693268554621161	17.256356850143344
8.485105848198275	13.86156907713796	17.410894201945247
8.604556750761608	14.02932658271594	17.571301946340416
8.725056611169888	14.196370845076611	17.737654898076105
8.846564932497582	14.362523873886587	17.9100235131717
8.969038124411693	14.527599853770417	18.088473411164724
9.092429399251742	14.691405106838259	18.273064876632123
9.216688669846151	14.853738081070727	18.463852340554475
9.341762449620445	15.014389366977824	18.660883842281965
9.467593755590265	15.173141745008069	18.86420047306304
9.594122014878796	15.329770266241011	19.073835802327686
9.721282975435633	15.484042368925683	19.289815288150514
9.849008621677811	15.635718033447663	19.512155673577293
9.977227095817614	15.78454997830744	19.740864370774524
10.10586262567279	15.930283899655917	19.975938835230675
10.23483545979987	16.07265875688943	20.21736593254594
10.364061810825518	16.21140710672413	20.465121300651866
10.49345380788131	16.346255488054933	20.719168710613594
10.622919459076899	16.476924859759635	20.979459429488493
10.752362624971648	16.6031310934274	21.245931589039078
10.881683004027046	16.724585522772845	21.518509564426086
11.010776131031852	16.84099555123206	21.797103367317202
11.139533389503555	16.952065318937862	22.08160805816492
11.267842039067348	17.05749642992278	22.371903182697796
11.395585258809021	17.156988740009993	22.667852237954
11.522642207579215	17.250241205414635	22.969302173434958
11.648888102201742	17.33695279159887	23.27608293318443
11.774194314501504	17.416823441399767	23.58800704478571
11.898428488018991	17.489555100882715	23.904869261413058
12.021454675223746	17.55485280077063	24.226446263183444
12.143133495957771	17.612425790652146	24.552496424071872
12.263322317766404	17.661988722505928	24.88275965066171
12.381875458667695	17.703262879374247	25.21695729889125
12.498644412806499	17.735977444303597	25.5547921748117
12.613478099308574	17.759870803936995	25.895948625113487
12.726223134519755	17.774691880411083	26.24009272287325
12.836724127656659	17.78020148448045	26.58687255353897
12.94482399974031	17.77617368208143	26.935918605691224
13.050364325499196	17.762397165861987	27.286844270492722
13.153185697753075	17.738676622560625	27.639246453082706
13.253128113585786	17.704834086523725	27.99270629836924
13.350031381417343	17.660710269122287	28.346790032822334
13.443735547871448	17.606165853379654	28.7010499229044
13.534081343125397	17.541082742760487	29.055025349763245
13.620910643211028	17.465365252814305	29.408243998709104
13.704066947520985	17.378941234223067	29.76022316084852
13.783395869559993	17.281763115786262	30.110471143040535
13.858745638778275	17.17380885598893	30.458488781128743
13.929967611120738	17.055082792061505	30.803771050134475
13.996916785745052	16.925616375838597	31.145808763879835
14.059452325182706	16.785468786290878	31.484090355252373
14.117438076070565	16.634727409301046	31.818103727176386
14.17074308743883	16.47350817612952	32.14733816319095
14.219242123439116	16.3019557530037	32.47128628553419
14.262816167303004	16.120243575432337	32.789446047636936
14.301352913273105	15.928573722101058	33.10132274714682
14.334747243217997	15.727176624608814	33.406431044884926
14.362901684650799	15.516310610789322	33.704296974613705
14.385726846909742	15.296261280939348	33.994459928117166
14.403141832334276	15.067340717899976	34.2764745999196
14.415074619376858	14.82988653362205	34.54991287595103
14.421462414735299	14.584260756513237	34.81436565069021
14.422251971764977	14.33084856555819	35.0694445576858
14.417399872640331	14.070056878818697	35.314783598975154
14.40687277197343	13.802312805510708	35.55004065968781
14.390647599865009	13.528061972318415	35.77489889511392
14.368711722656041	13.247766735992883	35.98906797864681
14.341063059962579	12.961904295499878	36.19228520032913
14.307710156909902	12.670964718067266	36.38431640716886
14.268672210828761	12.375448894372514	36.56495677796391
14.223979052035018	12.075866438833977	36.734031427025805
14.173671078675344	11.772733551465258	36.89139583293286
14.117799145988249	11.466570858073272	37.03693609020456
14.05642441068525	11.15790124564029	37.170568983594684
13.989618131515348	10.847247709647235	37.29224188645675
13.917461427408647	10.535131229726336	37.401932486393335
13.840044994923833	10.22206868953626	37.49964834305713
13.757468787018931	9.908570856000646	37.585426284568534
13.669841655450547	9.595140432196558	37.659331650471394
13.577280959349636	9.28227019709872	37.72145739049902
13.479912142747676	8.970441244224478	37.771923029605155
13.37786828401128	8.660121329909863	37.81087351074596
13.271289620303202	8.351763340574484	37.83847792775024
13.160323050302045	8.045803886856776	37.8549281612933
13.04512161850571	7.74266203102313	37.860437431478054
12.925843984484919	7.442738152508893	37.85523878083832
12.802653880480388	7.146412954965171	37.83958350170559
12.675719560710192	6.854046616668671	37.81373952183746
12.545213245712207	6.565978084729089	37.777989761995926
12.411310564963598	6.282524512140228	37.73263047880163
12.274190000917347	6.003980835435376	37.67796960568894
12.134032337461825	5.730619489500887	37.61432510416057
11.991020115657975	5.462690255013298	37.54202333680621
11.845337099434749	5.200420232986128	37.46139747272418
11.697167753738297	4.944013940064893	37.37278593508783
11.546696737423828	4.693653517471981	37.27653089964158
11.39410841297213	4.449499045911818	37.17297685192031
11.239586374888663	4.211688958264177	37.062469209967084
11.083312998425312	3.980340541553047	36.945353018304424
10.925469010035016	3.7555505194393346	36.82197171789644
10.76623308075144	3.537395706376998	36.69266599584857
10.605781443458786	3.3259337245500125	36.55777271762492
10.444287534810416	3.1212037748046484	36.417623943650675
10.281921662340695	2.923227452954128	36.272546031293786
10.118850697123696	2.732009603093199	36.1228588224169
9.955237792136453	2.5475391998680035	35.96887491593737
9.791242126318606	2.3697902520353025	35.81089902416423
9.627018674149678	2.1987227200595703	35.6492274110666
9.462718000423145	2.0342834409670285	35.48414741009913
9.29848607974685	1.8764070541515225	35.31593701873214
9.134464140197732	1.7250169223583787	35.144864566459795
8.97078853043112	1.5800260425731352	34.971188452714635
8.807590609462482	1.4413379420794803	34.795156950868055
8.644996658253918	1.3088475554682275	34.617008074293246
8.483127812171297	1.182442078893891	34.43696950032857
8.322100013322501	1.0620017983748247	34.25525854789262
8.16202398174744	0.9474008894166039	34.07208220446933
8.003005204387001	0.8385081856891865	33.887637198175895
7.84514394075604	0.7351879149374788	33.70211011069548
7.688535244213708	0.6373004006975685	33.515677526916086
7.533268997736192	0.5447027287805243	33.328506217245874
7.379429963090869	0.45724937782744607	33.140753348699874
7.227097842335394	0.3747928135662577	32.95256672102664
7.076347350569961	0.29718404668123316	32.764085024302446
6.927248298910282	0.22427315447408167	32.57543811462828
6.779865686659816	0.1559097667156272	32.38674730474157
6.634259801715247	0.09194351630054408	32.198125666587785
6.49048632825277	0.0322244554808208	32.009678343077425
6.3485964608015095	-0.023396561387530948	31.82150286648864
6.208637023836473	-0.07506752753188344	31.633689481165046
6.070650596079515	-0.12293496472336281	31.446321468380905
5.934675638729611	-0.1671436342716346	31.25947547143198
5.800746626898427	-0.20783627674866292	31.073221819218205
5.668894183561571	-0.24515337909399618	30.887624846757223
5.5391452153939	-0.2792329677197598	30.702743211264824
5.411523049886919	-0.3102104262221066	30.5186302025879
5.286047573202653	-0.3382183362983257	30.33533404695354
5.16273536825167	-0.36338634047876794	30.152898203135315
5.04159985253116	-0.3858410252977048	29.97136165028779
4.9226514152940615	-0.40570582355337403	29.790759166823552
4.805897553661277	-0.4231009343386208	29.6111215998307
4.691343007325387	-0.4381432595612326	29.432476124638278
4.578989891528879	-0.4509463557153591	29.254846494236716
4.4688378280360235	-0.4616203997110323	29.07825327835573
4.360884073844332	-0.4702721676182258	28.902714092076682
4.255123647417109	-0.4770050252320487	28.72824381393897
4.1515494522418415	-0.4819189294184738	28.554854793557826
4.050152397550772	-0.4851104392526081	28.382557048837203
3.950921516058263	-0.4866727360151981	28.211358452901795
3.8538440785990127	-0.48669565116571517	28.041264910926916
3.758905705567402	-0.48526570146304954	27.872280527074317
3.666090475082225	-0.4824661304562157	27.70440776178142
3.5753810278147538	-0.4783769556177442	27.53764757967043
3.486758668438317	-0.4730750204411794	27.37199958837179
3.4002034636719376	-0.46663405087132603	27.20746216857262
3.3156943369034253	-0.4591247154811805	27.04403259561218
3.2332091593912717	-0.45061468885302114	26.881707152958757
3.1527248380547515	-0.44116871766253213	26.72048123790639
3.074217399873678	-0.4308486890044968	26.56034945983699
2.9976620729274197	-0.41971370053600826	26.401305731392632
2.9230333641109163	-0.40782013204856227	26.24334335290161
2.8503051335726712	-0.395221718113788	26.086455090398523
2.7794506659275857	-0.38196962147927443	25.930633247577223
2.710442738300782	-0.36811250692010344	25.77586973200445
2.6432536852659454	-0.3536966152797521	25.622156115919804
2.5778554607427884	-0.33876583745924616	25.469483691932705
2.514219696925958	-0.32336178813834204	25.3178435239269
2.4523177603163693	-0.3075238790340075	25.167226493463605
2.392120804931658	-0.29128939152293704	25.017623341971355
2.3335998227719674	-0.2746935484735111	24.86902470899415
2.2767256916209555	-0.25776958515094456	24.721421166763605
2.2214692202611914	-0.24054881907532036	24.574803251345152
2.167801191185115	-0.22306071872768024	24.429161490600226
2.1156924008816915	-0.20533297101280557	24.284486429191173
2.0651136977807965	-0.18739154740064534	24.140768650849274
2.0160360179355954	-0.1692607686795402	23.99799879811073
1.968430418523911	-0.15096336826546108	23.85616758971783
1.9222681092475062	-0.13252055402070717	23.71526583586756
1.8775204817093238	-0.11395206854510748	23.57528445148504
1.8341591368457635	-0.09527624791010199	23.436214467683364
1.7921559104917901	-0.07651007881413574	23.298047041567024
1.7514828971532226	-0.05766925414351722	23.16077346451988
1.712112472061517	-0.03876822692986549	23.024385169116847
1.6740173115831107	-0.019820262699903696	22.888873734784006
1.6371704120548431	-0.0008374902186466339	22.75423089232678
1.6015451071143834	0.018169049369116966	22.62044852743426
1.567115083594382	0.03718935498953669	22.4875186832654
1.533854396045713	0.05621441967047255	22.355433562209637
1.5017374799547227	0.07523618613647622	22.22418552691224
1.4707391637165061	0.0942475039500447	22.093767100643948
1.4408346794256914	0.11324208817813794	21.964170967093075
1.4119996725432287	0.13221447956155893	21.83538996964782
1.384210210496605	0.15116000616258893	21.70741711023385
1.3574427902686672	0.17007474646500823	21.580245547765145
1.3316743450289714	0.18895549389896552	21.45386859626373
1.3068822498591537	0.20779972276249056	21.328279722696248
1.2830443266226135	0.22660555551015346	21.203472544573824
1.2601388480265563	0.24537173137898868	21.079440827355167
1.238144540923225	0.2640975763208554	20.956178481691623
1.2170405888950966	0.28278297421021675	20.833679560547665
1.1968066341672774	0.3014283392959251	20.7119382562278
1.17742277888857	0.32003458986551936	20.59094889733687
1.1588695858214515	0.3386031230901084	20.470705945700413
1.1411280784791553	0.35713579101834275	20.351203993266243
1.124179740746844	0.37563487768776976	20.232437759008008
1.1080065160221708	0.3941030773222162	20.114402085848063
1.092590805909338	0.4125434735837767	19.997091937616954
1.077915468498921	0.4309595198487318	19.8805023960619
1.063963816264802	0.4493550204765454	19.764628657918482
1.0507196136077832	0.46773411304198703	19.649466032054786
1.038167074074528	0.4861012515003756	19.535009936699073
1.0262908572789209	0.5044611902567726	19.42125589675836
1.0150760655518696	0.5228189691102406	19.308199541235556
1.0045082403442291	0.541179899045034	19.195836600750333
0.9945733584066214	0.5595495488407577	19.084162905170377
0.9852578277685305	0.5779337324745235	18.973174381356216
0.9765484835381609	0.5963384972884281	18.862867051023866
0.9684325835433719	0.6147701128965215	18.753237028727426
0.9608978038331498	0.6332350608057401	18.644280519965033
0.9539322340579965	0.65174002472609	18.535993819409924
0.9475243727466199	0.6702918815461779	18.428373309266785
0.9416631224955762	0.6888976929504296	18.321415457755634
0.9363377850875517	0.7075646976551455	18.215116817723914
0.931538056553089	0.7263003042413622	18.109474025386362
0.92725402218988	0.7451120845627233	18.00448379919408
0.9234761515528199	0.7640077677077682	17.900142938830978
0.9201952934274628	0.7829952344959659	17.79644832433954
0.9174026707986376	0.8020825124880592	17.69339691537428
0.9150898758254019	0.821277771491566	17.590985750583133
0.9132488648328021	0.840589319543113	17.489211947115752
0.91187195333034	0.8600255993495781	17.38807270025932
0.910951811066383	0.8795951851709493	17.287565283200625
0.9104814571272261	0.8993067801281518	17.187687046914625
0.9104542550889423	0.9191692139198854	17.088435420178424
0.9108639082296526	0.9391914409327822	16.989807909711423
0.9117044548093275	0.9593825387300436	16.891802100440813
0.9129702634237649	0.9797517069040591	16.794415655892756
0.9146560284389392	1.0003082662792515	16.697646318708685
0.9167567655114703	1.0210616584515784	16.60149191128787
0.9192678072005558	1.0420214456519457	16.50595033655598
0.9221847986763152	1.0631973109211006	16.411019578860415
0.9255036935291279	1.0845990585841563	16.316697704992805
0.929220749684171	1.1062366150131842	16.222982865340082
0.9333325254250503	1.1281200296669789	16.12987329516474
0.9378358755300684	1.150259476397327	16.03736731601592
0.9427279475244226	1.172665255011804	15.945463337272097
0.9480061780512501	1.1953477930830887	15.854159857818088
0.9536682893642454	1.2183176479956144	15.76345546785757
0.9597122859442712	1.2415855092204773	15.673348850863494
0.966136451242172	1.2651622008100591	15.583838785668435
0.9729393445497025	1.2890586841038694	15.494924148698235
0.9801197980003377	1.3132860606377732	15.406603916351147
0.9876769137014586	1.3378555752488068	15.318877167526065
0.995610060999293	1.3627786193683513	15.231743086302613
1.0039188738776739	1.3880667344962965	15.145200964777638
1.0126032484916216	1.4137316158494622	15.059250206061455
1.0216633408365232	1.4397851161775808	14.973890327438285
1.03109956455357	1.4662392497404853	14.889120963695154
1.0409125888718636	1.4931061964400798	14.80494187062464
1.0511033366875786	1.5203983061011828	14.721352928706139
1.0616729827803468	1.5481281028952536	14.638354146971325
1.0726229521669708	1.576308289901357	14.555945667059236
1.083954918592313	1.6049517537984626	14.474127767467772
1.0956708031572584	1.634071569683752	14.392900868007414
1.1077727730833835	1.663681006011267	14.312265534464471
1.1202632406140132	1.6937935296457094	14.232222483480273
1.1331448620509985	1.7244228110256297	14.152772587654875
1.1464205369266856	1.7555827294308528	14.073916880882424
1.1600934073103064	1.787287378348631	13.995656563926756
1.1741668572479778	1.8195510709331206	13.917993010245718
1.188644512335308	1.8523883455524972	13.840927772073686
1.2035302394216074	1.8858139714181643	13.764462586771556
1.2188281464445503	1.9198429542902706	13.688599383454212
1.2345425823940717	1.954490542253687	13.613340289905716
1.2506781374040714	1.9897722315581545	13.53868763979342
1.267239642970487	2.025703772516339	13.46464398019226
1.2842321722942605	2.0623011754533973	13.391212079430568
1.3016610407473597	2.099580716700868	13.31839493527039
1.31953180646021	2.137558944627995	13.246195783434544
1.3378502710284799	2.176252685702685	13.174618106494163
1.356622480337244	2.215679050574262	13.103665643130403
1.3758547255003888	2.255855440169749	13.033342397784448
1.3955535439128015	2.2967995517944964	12.963652650711346
1.4157257204129925	2.3385293852280133	12.894600968452687
1.436378288553437	2.381063248804822	12.826192214744575
1.4575185319759407	2.424419765469934	12.758431561877199
1.4791539858889096	2.468617878797342	12.691324502523818
1.5012924386434792	2.5136768589597196	12.62487686205667
1.5239419334050248	2.5596163086362695	12.559094811368675
1.5471107699166207	2.6064561688452987	12.493984880219717
1.5708075063504319	2.6542167246865014	12.429553971127842
1.595040961243093	2.7029186109775196	12.365809373825591
1.6198202155107508	2.7525828177681	12.302758780302588
1.6451546145391034	2.803230695713858	12.24041030045634
1.6710537703434982	2.854883961290529	12.178772478373837
1.6975275637939071	2.907564701828389	12.117854309266963
1.7245861468991073	2.961295380344883	12.057665257085752
1.7522399451442678	3.01609884015243	11.998215272833724
1.7804996598753253	3.071998309215981	11.939514813611018
1.8093762707235794	3.129017404234109	11.881574862410782
1.8388810380631466	3.1871801344149144	11.824406948695561
1.8690255054936653	3.246510904916602	11.768023169780648
1.899821502339805	3.307034519919835	11.71243621305258
1.9312811461590467	3.368776185297757	11.65765937905065
1.963416845248053	3.4317615108461044	11.60370660544092
1.996241301137914	3.496016512034566	11.550592491911727
2.0297675110672815	3.561567611236721	11.498332326021092
2.0640087704221983	3.6284416383941402	11.446942110026168
2.0989786751302915	3.6966658310665075	11.396438588725742
2.134691123996558	3.7662678338172864	11.34683927834665
2.171160320966591	3.8372756968801007	11.298162496505885
2.2084007773027103	3.9097178740485856	11.250427393279669
2.246427313657089	3.9836232197279924	11.203653983411279
2.2852550620253163	4.059020985083689	11.157863179688983
2.3248994675621177	4.13594081321641	11.113076827525937
2.3653762902404383	4.214412733291027	11.069317740772908
2.4067016063335402	4.294467153540437	11.026609738794512
2.448891809698409	4.376134853061298	10.984977684839185
2.491963612837328	4.45944697231318	10.944447525732265
2.5359340477132775	4.544435002227932	10.905046332920243
2.5808204662929044	4.631130771829772	10.86680234489343
2.6266405407894475	4.719566434261347	10.829745011012424
2.6734122635758784	4.809774451104108	10.793905036762316
2.7211539467371195	4.901787574875768	10.759314430456143
2.7698842212276267	4.99563882957968	10.726006551407059
2.8196220355995396	5.091361489175787	10.69401615958523
2.870386654263099	5.188989053832891	10.663379466773144
2.922197655239893	5.288555223816513	10.634134189228535
2.9750749273662893	5.390093870857108	10.606319601860477
3.0290386669027427	5.49363900683676	10.579976593918978
3.0841093735006178	5.599224749621206	10.555147726193905
3.1403078454768285	5.7068852858579096	10.531877289712273
3.1976551743426054	5.816654830549627	10.510211365916932
3.2561727385304717	5.9285675832050835	10.490197888301866
3.315882196258966	6.0426576803558865	10.47188670547171
3.3768054774729377	6.158959144222088	10.455329645583328
3.4389647747922796	6.277505827295566	10.440580582117821
3.502382533399462	6.398331352602206	10.427695500919992
3.5670814397909574	6.521469049390319	10.416732568430406
3.633084409315381	6.6469518839851665	10.407752201021571
3.7004145724154016	6.774812385535339	10.400817135335414
3.769095259487677	6.905082566368584	10.395992499503095
3.839149984269089	7.037793836660711	10.393345885110895
3.9106024256545187	7.172976913113217	10.392947419756867
3.9834764078451776	7.310661721321677	10.394869840022318
4.057795878723461	7.4508772915098955	10.399188564659807
4.133584886343078	7.593651647290425	10.405981767775003
4.21086755342018	7.73901168710635	10.415330451753572
4.289668049705103	7.886983057998465	10.427318519655804
4.370010562109025	8.03759002133375	10.442032846771225
4.4519192624545765	8.19085531012377	10.459563350992337
4.535418272715211	8.346799977557799	10.480003061631699
4.620531627599733	8.505443236364934	10.503448186267892
4.707283234338848	8.66680228862723	10.529998175166751
4.795696829518131	8.830892145651164	10.559755782779307
4.8857959328021074	8.997725437515971	10.592827125772931
4.97760379738733	9.167312211917265	10.62932173700282
5.071143357018357	9.339659721932238	10.669352614779253
5.1664371693937925	9.514772202338065	10.713036266730088
5.263507355788574	9.692650634134111	10.760492747501116
5.362375536712561	9.87329249693134	10.811845689474737
5.463062763424798	10.056691508898883	10.867222325624502
5.5655894451166485	10.242837353977956	10.926753503554153
5.669975271579019	10.431715396113171	10.990573689701765
5.776239131165274	10.623306380285419	11.058820962615677
5.884399023862185	10.817586120177713	11.13163699413407
5.994471969283247	11.014525172360626	11.209167017223468
6.106473909398059	11.21408849694016	11.291559779150143
6.220419605818231	11.416235104687253	11.378967478579716
6.3363225314650435	11.620917690747437	11.471545685118373
6.4541947564480555	11.828082255114754	11.569453239724732
6.5740468279968285	12.037667710163326	11.672852134342492
6.695887644295721	12.24960547563842	11.781907369020836
6.81972432208859	12.463819061641948	11.89678678471374
6.945562057932051	12.680223640280836	12.017660869870204
7.073403982998264	12.89872560680787	12.144702538859105
7.203251011350477	13.119222131255487	12.27808688020746
7.3351016816378465	13.341600701745637	12.417990872570845
7.468951992186385	13.565738660863845	12.564593066306804
7.604795229497378	13.791502736707786	12.71807322848571
7.742621790200297	14.01874857045511	12.878611949147219
7.882418996552	14.247320242554727	13.046390206604391
8.024170905615133	14.47704979990891	13.221588889600026
8.16785811231064	14.70775678671997	13.404388274161315
8.313457546586024	14.939247781964548	13.59496745304006
8.460942265011731	15.171315946794152	13.793503715715403
8.610281237184175	15.403740585494019	14.000171877043723
8.761439127387819	15.636286723981925	14.215143552783156
8.914376072052836	15.868704710196079	14.438586380406074
9.069047453630278	16.100729841089418	14.670663183832755
9.225403671600944	16.332082021325803	14.911531080987501
9.383389911433907	16.56246545915246	15.16134053339357
9.542945912414975	16.79156840529761	15.420234337387699
9.704005735384719	17.019062941122154	15.688346556969186
9.866497531530484	17.24460482259211	15.965801398759448
10.030343313510592	17.467833386991295	16.252712030107297
10.195458730309001	17.68837152959274	16.549179341969484
10.361752847353856	17.90582575778718	16.855290658874047
10.529127933560526	18.11978633038766	17.17111839899884
10.697479257099339	18.32982749001048	17.496718688207963
10.866694891819208	18.535507796537196	17.832129932746927
11.036655536397209	18.736370569702775	18.177371356235625
11.207234348404322	18.931944448788144	18.532441507563835
11.378296795613965	19.121744077255688	18.89731674735331
11.549700526987092	19.305270919887388	19.27194972171194
11.721295265887495	19.482014219609017	19.656267833148206
11.89292272816138	19.651452100640604	20.05017171962404
12.064416567808827	19.813052823954727	20.4535337539044
12.235602353031153	19.966276200186076	20.86619657649711
12.406297575477877	20.11057516413668	21.287971676596257
12.57631169553646	20.245397513851916	21.71863803652878
12.745446226492648	20.370187815887153	22.157940856205794
12.913494860346336	20.484389476851934	22.605590374998197
13.080243637997802	20.587446979608757	23.061260809274586
13.245471166389471	20.67880828060084	23.524589424453108
13.408948885041834	20.757927362730793	23.995175760914783
13.570441384226298	20.82426693599648	24.47258103340293
13.729706776756458	20.877301275727678	24.956327723513276
13.886497125108544	20.916519185809225	25.445899384701228
14.040558925217635	20.941427071710194	25.94074067862899
14.19163364792655	20.951552105539022	26.440257660878896
14.339458338608814	20.946445462717705	26.943818332809478
14.483766275016704	20.925685607280894	27.450753474821934
14.624287682855337	20.888881600294617	27.960357774313284
14.760750508029535	20.835676403514405	28.471891259348453
14.892881243884702	20.765750148217382	28.98458104635222
15.020405811131932	20.67882333720485	29.497623407117835
15.143050487469969	20.57465994634802	30.010186157003726
15.260542883240287	20.453070390788817	30.521411362517984
15.372612958756868	20.313914320074403	31.030418362508012
15.478994078262803	20.157103206148474	31.536307092978518
15.57942409478434	19.98260268830127	32.0381617011789
15.673646459510417	19.79043463990644	32.53505443018986
15.761411348700543	19.580678923120512	33.02604975072239
15.842476800566008	19.35347479966011	33.51020871247677
15.916609854059228	19.109021968357105	33.986593483131244
15.983587681081575	18.84758120336956	34.45427203906445
16.04319870327082	18.569474570722196	34.91232296823458
16.09524368428694	18.275085205170296	35.35984034245973
16.139536788368037	17.964856634235765	35.7959386136241
16.175906595902035	17.639291641533646	36.219757486263205
16.204197066852206	17.298950667123318	36.63046671758662
16.224268443088214	16.944449748505285	37.02727079531643
16.23599808101563	16.576458011915264	37.40941344383094
16.239281206363174	16.195694729626638	37.776181910029884
16.234031583573795	15.802925964954516	38.12691098207165
16.220182092948487	15.398960832418446	38.46098669668499
16.197685209502186	14.984647405991616	38.77784969405694
16.16651337839799	14.560868313336174	39.07699818337727
16.126659282816394	14.128536058397524	39.35799048680784
16.0781360011748	13.68858811852198	39.620447134939056
16.020977051724024	13.241981865342266	39.86405249254789
15.955236323694566	12.789689360956373	40.08855589959077
15.880987895324713	12.332692082346558	40.29377231873207
15.79832574026065	11.871975627562497	40.479582487173694
15.707363324954219	11.408524456885422	40.64593257700661
15.608233100777545	10.94331672101977	40.792833374616386
15.50108589560856	10.477319226365895	40.92035899571627
15.386090210602326	10.011482584669203	41.028645158237396
15.263431428736324	9.546736590890978	41.11788704047514
15.133310942486581	9.083985869070116	41.18833675648917
14.995945208652975	8.624105821374235	41.24030048469987
14.851564738886202	8.167938910531854	41.27413528887091
14.700413034894336	7.716291300590242	41.290245673166815
14.542745477586	7.269929875447039	41.28907991472578
14.378828179578637	6.829579649104998	41.27112621817325
14.20893681052921	6.395921576083534	41.23690873675182
14.033355404679039	5.96959076511998	41.18698350428652
13.852375159790506	5.551175094131149	41.12193432108675
13.666293236380504	5.141214219681332	41.042368635176196
13.475411565739916	4.74019896974101	40.94891345799288
13.280035674774911	4.348571104613719	40.84221135101005
13.080473535149448	3.966723427408403	40.7229165166566
12.877034443607123	3.5950002224821875	40.591691023556024
12.670027939704394	3.2336979978545797	40.449201192538254
12.4597627665002	2.883066505685233	40.29611416618208
12.246545879051295	2.543310013542709	40.133094680905586
12.030681504843558	2.214588798302298	39.96080205689235
11.81247025957697	1.897020834106563	39.779887417495736
11.592208321033553	1.59068364587356	39.590991146267704
11.370186663069388	1.295616300253274	39.39474058643293
11.146690351121554	1.0118215067179925	39.19174798453525
10.921997900005904	0.7392678025621352	38.98260867714524
10.696380694213637	0.47789179693974315	38.76789951696405
10.47010247036592	0.22760045059761574	38.548177532372996
10.243418861020345	-0.011726630302744234	38.32397881252405
10.016576998570585	-0.24023490607462852	38.09581760837681
9.789815177609853	-0.4580926389894601	37.86418563872103
9.563362573786943	-0.6654886683084291	37.62955158911915
9.33743901690172	-0.8626302388755092	37.3923607908774
9.112254815742752	-1.0497408953822223	37.153035066567185
8.888010631997846	-1.2270584525438721	36.91197272828993
8.66489740040103	-1.3948330496678591	36.66954871471747
8.443096292188851	-1.553325296397341	36.42611485300259
8.222778718863937	-1.7028045148433548	36.1820002318561
8.004106373238324	-1.8435470818537694	35.93751167244504
7.787231304720452	-1.9758348738373825	35.69293428422644
7.572296025842948	-2.099953815348636	35.44853209340333
7.359433647072634	-2.216192531562932	35.204548732322735
7.148768037023713	-2.3248411038148853	34.96120817884278
6.940414005282158	-2.426189926544775	34.71871553543233
6.734477505151381	-2.520528663289139	34.477257838527976
6.5310558537496375	-2.6081452987514586	34.23700488945454
6.33023796701875	-2.6893252834956094	33.998110098995504
6.1321046073305245	-2.7643507674134624	33.76071133845948
5.936728641519045	-2.8334999178115376	33.52493179084181
5.7441753073086925	-2.8970463177385235	33.2908807964046
5.554502486246997	-2.9552584400268236	33.05865468768713
5.367760981397246	-3.0083991924352165	32.82833760962082
5.1839947981780545	-3.0567255292546327	32.60000232103155
5.003241426877872	-3.100488124759438	32.37371097439448
4.825532125509689	-3.1399311039501456	32.149515871246834
4.650892201787672	-3.1752918261366108	31.927460191142682
4.47934129314044	-3.2068007170375274	31.70757869249594
4.310893643784646	-3.2346811452273485	31.489898384056488
4.145558378001049	-3.25914933893222	31.274439166141757
3.9833397688522463	-3.2804143393642002	31.061214441065633
3.8242375016815844	-3.2986779869785443	30.85023169250116
3.6682469318266517	-3.3141349372411186	30.641493033773525
3.5153593360621924	-3.326972702699438	30.43499572529895
3.3655621573674264	-3.337371718357002	30.230732661580344
3.218839242683522	-3.3455054275555467	30.028692828333114
3.0751710733959006	-3.3515403857708046	29.828861730456808
2.9345349883337524	-3.3556363799237108	29.63122179167942
2.7969053991359396	-3.3579465609985037	29.43575272679687
2.662253997881427	-3.358617587941555	29.242431887503198
2.530549956924527	-3.357789780988888	29.05123458285944
2.401760120921828	-3.355597282735814	28.862134375499604
2.2758491910657175	-3.3521682254187266	28.675103354688265
2.1527799015762397	-3.347624903026362	28.490112387366988
2.0325131885257486	-3.342083946995802	28.307131348323917
1.9150083511019635	-3.335656504377599	28.126129330626583
1.8002232054281164	-3.3284484174739895	27.9470748374339
1.6881142310827904	-3.3205604040654064	27.769935956293267
1.5786367104733385	-3.312088237442834	27.594680516998203
1.4717448612316153	-3.30312292555796	27.4212762340561
1.3673919618109724	-3.2937508886896034	27.249690834782726
1.2655304704709938	-3.2840541351038697	27.07989217400294
1.1661121378427295	-3.2741104342575107	26.91184833629887
1.069088113274091	-3.26399348715956	26.74552772671051
0.9744090451565254	-3.25377309356542	26.580899150750085
0.8820251754373869	-3.2435153157311594	26.41793188455237
0.7918864285212918	-3.2332826385036557	26.256595735938195
0.7039424947680649	-3.223134125565861	26.096861097134898
0.6181429087886561	-3.213125571694437	25.93869898984759
0.5344371227430768	-3.2033096509218297	25.782081103342826
0.4527745748380998	-3.1937360605248974	25.626979826160127
0.3731047532239325	-3.184451660789597	25.473368272036854
0.2953772554814665	-3.1755006105244927	25.321220300587452
0.21954184389090106	-3.166924498316934	25.170510533248265
0.14554849666518194	-3.1587624695434804	25.021214364958766
0.07334745533149414	-3.151051349162337	24.873307972025692
0.0028892684350208995	-3.143825760328557	24.72676831657683
-0.06587516826263047	-3.137118238884679	24.58157314798733
-0.13299457492518854	-3.130959343789015	24.437701001628604
-0.19851725396113745	-3.125377763552292	24.295131195268056
-0.2624910593661517	-3.1204004187598846	24.153843823416835
-0.3249633689365585	-3.116052560762724	24.01381974990407
-0.3859810592091742	-3.112357866624217	23.875040598928866
-0.44559048298608356	-3.109338530414196	23.737488744824343
-0.5038374493095922	-3.1070153509434077	23.60114730074461
-0.5607672057562133	-3.105407816034032	23.46600010647021
-0.6164244229253639	-3.10453418342283	23.33203171550588
-0.6708531810008513	-3.1044115583942853	23.199227381633996
-0.7240969582701609	-3.105055968241109	23.067573045067057
-0.7761986214900822	-3.106482433649253	22.937055318331154
-0.8272004179924467	-3.1087050371038734	22.8076614719978
-0.8771439694271178	-3.1117369884116974	22.679379420372122
-0.926070267044885	-3.1155906874339596	22.552197707231397
-0.9740196684261992	-3.120277784122571	22.426105491699964
-1.021031895566815	-3.125809235950555	22.301092534334384
-1.0671460342335652	-3.1321953628257875	22.177149183488723
-1.112400534509299	-3.139445899575251	22.05426636201677
-1.1568332124482104	-3.147570046084783	21.932435554364595
-1.2004812527673763	-3.1565765151772514	21.811648794097575
-1.243381212502592	-3.1664735783096605	21.691898651903077
-1.2855690255611185	-3.1772691091675824	21.57317822410133
-1.3270800081061846	-3.1889706252328214	21.455481121694575
-1.3679488647119278	-3.201585327398011	21.33880145997807
-1.4082096952294658	-3.2151201376992677	21.223133848735085
-1.447896002308497	-3.2295817352358265	21.108473383031956
-1.4870406995209235	-3.2449765903430667	20.994815634627884
-1.5256761200361655	-3.2613109970831466	20.88215664400954
-1.5638340257994883	-3.2785911041147897	20.770492913060536
-1.601545617167898	-3.2968229440017325	20.659821398371076
-1.6388415429598144	-3.3160124610167707	20.550139505193034
-1.6757519108775565	-3.3361655374963113	20.441445082042055
-1.7123062982627926	-3.357288018797604	20.333736415949694
-1.7485337631480764	-3.3793857369089975	20.227012228364426
-1.7844628555687942	-3.402464532760999	20.121271671701397
-1.8201216291022433	-3.4265302772840176	20.016514326538026
-1.8555376526014973	-3.4515888912559984	19.91274019945431
-1.890738022094035	-3.4776463639813833	19.809949721513867
-1.9257493728163595	-3.504708770840505	19.708143747382362
-1.9605978913573736	-3.5327822897464287	19.607323555079137
-1.9953093278844296	-3.5618732165439546	19.507490846358657
-2.0299090084276408	-3.5919879793836373	19.40864774771681
-2.064421847198976	-3.623133152101383	19.31079681201813
-2.098872358924147	-3.6553154666323593	19.21394102073903
-2.1332846711657987	-3.688541824485378	19.118083786823746
-2.167682536618303	-3.722819307302524	19.023228958147772
-2.2020893453547115	-3.758155186526126	18.929380821585553
-2.236528137007794	-3.7945569321935646	18.83654410767806
-2.271021612867634	-3.832032220878104	18.744723995896845
-2.305592147879138	-3.8705889427920086	18.65392612050113
-2.3402618025234116	-3.9102352080660583	18.56415657698474
-2.375052334567865	-3.9509793522178267	18.4754219291095
-2.4099852106699697	-3.992829940818455	18.387729216523095
-2.4450816178206307	-4.035795773366169	18.3010859629584
-2.4803624746133397	-4.079885886372413	18.215500185012065
-2.5158484423258485	-4.1251095556646336	18.130980401499883
-2.551559935801127	-4.17147629790717	18.047535643387686
-2.587517134115037	-4.218995871340118	17.965175464295434
-2.6237399910181645	-4.267678275733542	17.88390995157303
-2.6602482451397718	-4.3175337515527366	17.803749737945573
-2.6970614299413675	-4.368572778327228	17.724706013727246
-2.734198883408133	-4.420806072214857	17.64679053960154
-2.771679757466041	-4.474244582749504	17.57001565996618
-2.8095230271129314	-4.528899488759313	17.49439431684029
-2.847747499251141	-4.584782193439167	17.419940064332216
-2.886371821209619	-4.6419043185594635	17.346667083665167
-2.9254144889433373	-4.700277697790911	17.27459019875744
-2.9648938548974955	-4.759914369122577	17.20372489235369
-3.0048281355233994	-4.8208265663474315	17.134087322703806
-3.0452354184332924	-4.883026709588189	17.065694340783885
-3.086133669180533	-4.946527394833001	16.99856350805413
-3.1275407376514512	-5.011341382448489	16.932713114746722
-3.1694743640543437	-5.077481584634408	16.868162198676725
-3.2119521844911505	-5.144961051782488	16.80493056456654
-3.254991736096281	-5.213792957698531	16.743038803874285
-3.2986104617270313	-5.283990583645071	16.682508315113953
-3.342825714188699	-5.355567301158034	16.623361324654567
-3.3876547599775124	-5.428536553589233	16.56562090798276
-3.4331147825233725	-5.502911836323097	16.50931101141171
-3.479222884913888	-5.5787066756137165	16.454456474216872
-3.525996092079999	-5.6559346059847835	16.401083051176734
-3.573451352423097	-5.7346091461330495	16.3492174354939
-3.6216055388622443	-5.814743773272363	16.29888728206906
-3.670475449279729	-5.896351895853524	16.25012123109676
-3.7200778063412687	-5.979446824590824	16.202948931949464
-3.7704292566672075	-6.064041741725072	16.157401067311447
-3.8215463693292224	-6.150149668448911	16.113509377520888
-3.87344563364659	-6.237783430418578	16.07130668507361
-3.926143456254114	-6.3269556212722025	16.030826919237903
-3.9796561574136082	-6.417678564073836	15.99210514072405
-4.033999966538964	-6.509964270598764	15.9551775663473
-4.0891910169038805	-6.6038243983737575	15.920081593617105
-4.1452453395000415	-6.6992702053836295	15.88685582517922
-4.202178856012296	-6.7963125023534605	15.855540093030665
-4.260007370875922	-6.894961602513643	15.826175482420604
-4.318746562380731	-6.995227268754956	15.798804355342185
-4.378411972783396	-7.097118658075873	15.773470373513534
-4.439018997390583	-7.200644263227521	15.750218520736261
-4.50058287257238	-7.305811851457833	15.72909512451185
-4.563118662665518	-7.412628400258278	15.710147876786236
-4.626641245723063	-7.521100030013818	15.69342585368343
-4.691165298067946	-7.631231933460591	15.678979534077781
-4.756705277604984	-7.743028301854152	15.666860816843908
-4.823275405846372	-7.8564922477552175	15.657123036611205
-4.8908896486022435	-7.9716257243381525	15.649820977838115
-4.95956169529058	-8.088429441136672	15.645010887007768
-5.029304936815547	-8.206902776137602	15.642750482733975
-5.100132441966798	-8.327043684145423	15.643098963551937
-5.172056932288444	-8.44884860134052	15.646117013153976
-5.245090755367536	-8.572312345963372	15.651866802815293
-5.319245856491134	-8.697428015064071	15.660411990739245
-5.3945337486211935	-8.824186877266017	15.671817718035557
-5.470965480636662	-8.952578261503039	15.686150601028537
-5.548551603791084	-9.082589441698754	15.70347871957509
-5.627302136337499	-9.214205517375113	15.723871601055555
-5.707226526270638	-9.3474092901876	15.747400199682547
-5.788333612138659	-9.482181136403192	15.774136870755234
-5.870631581878558	-9.618498875356421	15.804155339468801
-5.954127929630985	-9.756337633938925	15.837530663870938
-6.038829410493569	-9.895669707202607	15.874339191539768
-6.124741993171771	-10.036464415176765	15.914658509539032
-6.211870810494706	-10.178687956035509	15.958567387191188
-6.30022010776228	-10.322303255773834	16.00614571119061
-6.389793188898409	-10.467269814589834	16.057474412564982
-6.480592360387891	-10.613543550202392	16.11263538497719
-6.572618872980936	-10.761076638373204	16.171711393846557
-6.665872861158002	-10.909817350946762	16.234785975757656
-6.760353280352213	-11.059709891762175	16.301943327612907
-6.856057841936683	-11.210694230841344	16.373268184978194
-6.952982945992425	-11.362705937307885	16.44884568906429
-7.051123611884188	-11.51567601154789	16.52876124178524
-7.150473406681277	-11.669530717179136	16.613100348334147
-7.251024371472894	-11.824191413456527	16.701948446720692
-7.352766945641604	-11.979574388807105	16.79539072372369
-7.4556898891720715	-12.135590696253606	16.893511916723284
-7.559780203089692	-12.292145991558685	16.996396100897073
-7.665023048137535	-12.449140374990177	17.10412646128459
-7.771401661822285	-12.606468237689617	17.216785049257748
-7.878897273974321	-12.76401811369664	17.334452522966053
-7.98748902099378	-12.921672538770425	17.457207871374557
-8.09715385897109	-13.07930791722249	17.585128121558196
-8.207866475897019	-13.236794398061974	17.718288028978854
-8.31959920319932	-13.393995761833109	17.85675975053698
-8.43232192687486	-13.550769319615041	18.000612500274766
-8.54600199850378	-13.706965825721342	18.14991218768462
-8.660604146469327	-13.862429405727942	18.304721038685948
-8.776090387730461	-14.016997501525514	18.465097199435696
-8.892419940530292	-14.170500835171518	18.631094323266925
-9.009549138446642	-14.322763393372442	18.802761141171665
-9.127431346231493	-14.473602434497769	18.98014101640121
-9.246016877910918	-14.622828520068435	19.163271483903497
-9.365252917657724	-14.770245572714298	19.35218377549796
-9.485083443971766	-14.915650962612684	19.546902331854685
-9.605449157745209	-15.058835624449657	19.747444302551962
-9.726287414815713	-15.199584206940012	19.9538190356809
-9.847532163644644	-15.337675256931378	20.166027558684753
-9.96911388878586	-15.472881440082997	20.384062052342042
-10.090959560840242	-15.604969800057741	20.60790532003681
-10.212992593616109	-15.733702058088703	20.837530254696475
-10.335132809242126	-15.858834954684042	21.072899306026763
-10.457296411996914	-15.980120635104141	21.313963950915053
-10.579395971638297	-16.097307080092268	21.560664170124465
-10.701340417029648	-16.210138583157615	21.812927934650293
-10.823035040867806	-16.318356275493265	22.070670705349617
-10.944381516321375	-16.4216986993659	22.333794949690883
-11.065277926383445	-16.519902430532646	22.602189679688035
-11.185618806738342	-16.6127027499316	22.875730015300277
-11.3052952029222	-16.699834364542475	23.154276777758202
-11.424194742535231	-16.781032176935906	23.43767611744428
-11.542201723231393	-16.856032102617657	23.725759181089664
-11.659197217171803	-16.92457193383204	24.018341823154206
-11.775059192579036	-16.98639224801709	24.315224366321942
-11.88966265296744	-17.041237358604793	24.616191416058523
-12.002879794561194	-17.088856305342254	24.92101173416581
-12.114580182326138	-17.129003880766962	25.229438176174263
-12.22463094496243	-17.16144168892098	25.54120769730859
-12.332896989091783	-17.185939231821592	25.85604143153176
-12.439241232777686	-17.202275018648706	26.173644847956023
-12.543524858387467	-17.210237692047063	26.49370798856023
-12.645607584683715	-17.209627165397716	26.815905790785983
-12.745347957887494	-17.20025576438708	27.139898498105616
-12.84260366131742	-17.18194936570745	27.46533216115164
-12.937231843048945	-17.154548525265685	27.791839231382284
-13.029089460885665	-17.117909587867096	28.119039248619462
-13.118033643764493	-17.071905769990032	28.446539623053745
-13.20392206855192	-17.01642820698123	28.773936511539304
-13.286613351020128	-16.95138695579105	29.10081578717268
-13.365967449621563	-16.876711944241375	29.426754100269665
-13.441846080512303	-16.79235385778569	29.751320027937453
-13.514113142113667	-16.698284954783368	30.07407530851063
-13.582635147342335	-16.594499801480826	30.394576156158145
-13.647281661493363	-16.48101591816644	30.712374650026728
-13.707925743616796	-16.35787432836395	31.02702019131674
-13.764444389109993	-16.22514000342394	31.3380610207974
-13.816718971132664	-16.082902195495578	31.64504578836759
-13.864635678359528	-15.931274652587986	31.947525165445246
-13.908085946512315	-15.770395710262072	32.24505349021557
-13.946966881058183	-15.600428255430593	32.537190435084185
-13.981181668432152	-15.421559558766964	32.82350268510675
-14.010639973134264	-15.234000973327863	33.10356561569541
-14.035258318069936	-15.03798749817175	33.376964957545205
-14.054960445546977	-14.833777206980423	33.64329843650685
-14.069677656413226	-14.621650542956926	33.90217737604718
-14.079349124915952	-14.401909482553522	34.15322825000512
-14.083922186985916	-14.174876571888193	34.39609417353975
-14.083352599799202	-13.94089384096449	34.63043632054419
-14.077604770641196	-13.700321602060153	34.855935256287125
-14.066651953292899	-13.453537139827345	35.07229217469738
-14.050476410375945	-13.20093330177249	35.27923003047734
-14.029069540327589	-12.942916998796825	35.47649455715007
-14.002431967928054	-12.679907626407108	35.6638551631596
-13.970573597566565	-12.4123354179983	35.8411056992747
-13.933513628707791	-12.140639742287911	36.00806509174773
-13.89128053330108	-11.865267357495158	36.164577836968135
-13.84391199516138	-11.586670635244085	36.3105143546691
-13.791454811634791	-11.305305767377224	36.4457711981121
-13.733964758145918	-11.021630968940723	36.57027112103436
-13.671506416498389	-10.736104690493756	36.68396300250977
-13.604152968067893	-10.44918385265524	36.78682163219722
-13.53198595327673	-10.161322115384799	36.878847359738366
-13.455094998980494	-9.872968193974815	36.96006561327298
-13.373577515613725	-9.5845642330469	37.03052629317847
-13.287538366139037	-9.29654424905765	37.09030304817505
-13.197089509020831	-9.009332650932489	37.139492441862316
-13.102349617596648	-8.723342847469189	37.17821301855988
-13.003443678341217	-8.438975949091121	37.20660427800596
-12.900502570623505	-8.15661957044534	37.224825569010804
-12.793662630621139	-7.876646739174986	37.23305491257557
-12.683065202112696	-7.599414915066725	37.23148776525789
-12.568856176878313	-7.325265122586148	37.22033573370727
-12.451185527440105	-7.054521198687982	37.19982525130082
-12.33020683483651	-6.787489156654857	37.170196227693594
-12.206076814078376	-6.52445666566458	37.13170068186587
-12.078954839850681	-6.26569264474989	37.08460136890744
-11.949002474935837	-6.011446968882409	37.02917041034274
-11.816383003712735	-5.761950284021248	36.965687937274176
-11.681260972966102	-5.5174139271962055	36.89444075502683
-11.543801742090098	-5.278029946977424	36.81572103731643
-11.404171044620314	-5.0439712190830175	36.72982505725674
-11.26253456286387	-4.815391651358107	36.637051961778944
-11.119057517228857	-4.592426471940782	36.53770259526959
-10.973904271681638	-4.3751925941054735	36.43207837745629
-10.827237956580094	-4.1637890510322	36.32048023978803
-10.679220109958314	-3.958297493608468	36.20320762378952
-10.530010338162485	-3.758782744302983	36.080557544116786
-10.379765996564347	-3.565293400158979	35.95282371831508
-10.228641890912579	-3.3778624780376427	35.82029576458885
-10.076789999721395	-3.1965080953864815	35.683258468241384
-9.924359217942264	-3.0212341800088565	35.541991116833955
-9.771495122017617	-2.8520312025589347	35.396766903552574
-9.618339756283882	-2.6888769257835277	35.24785239776539
-9.46503144055576	-2.5317371648483524	35.095507081288346
-9.311704598618357	-2.3805665534522937	34.93998294848259
-9.158489607239593	-2.235309310797947	34.781524167948454
-9.005512665223305	-2.095900004878928	34.620366803284305
-8.85289568193982	-1.9622643079421052	34.45673859013125
-8.700756184693816	-1.8343197403799887	34.29085876652181
-8.54920724422998	-1.7119763997106128	34.122937953401596
-8.398357417620998	-1.595137671691648	33.953178082080434
-8.248310707734662	-1.4837009209948224	33.78177236529489
-8.099166538452657	-1.3775581592439208	33.608905308543136
-7.951019744775679	-1.276596688563146	33.434752758340196
-7.803960576940191	-1.1806997191244721	33.259481984081994
-7.658074717655526	-1.089746959493489	33.08325179025644
-7.513443311572377	-1.003615178871713	32.90621265582709
-7.370143006091855	-0.9221787406027894	32.728506897709195
-7.228246002633322	-0.8453101065611082	32.5502688553755
-7.087820117495352	-0.7728803122709823	32.371625093762155
-6.948928851459787	-0.7047594128089935	32.19269462178368
-6.811631467309726	-0.6408168997258532	32.01358912391321
-6.675983074461074	-0.5809220893890151	31.83441320244415
-6.542034719929677	-0.5249444832871739	31.65526462820005
-6.40983348489274	-0.4727541009640897	31.476234597628185
-6.279422586129302	-0.4242217863513012	31.297407994363915
-6.15084148166215	-0.3792194883588201	31.11886365351653
-6.024125979953948	-0.33762051665297793	30.940674627076778
-5.899308352051715	-0.2992997736097029	30.762908449005707
-5.776417446100419	-0.26413396347167684	30.58562739869826
-5.655478803691927	-0.2320017797721207	30.408888761668983
-5.5365147775397	-0.20278407210423924	30.2327450864252
-5.419544650016709	-0.1763639933287615	30.057244436637507
-5.3045847521164795	-0.15262712830957606	29.882430637820057
-5.191648582438608	-0.13146160526286535	29.708343517857244
-5.080746925828323	-0.11275819079035015	29.535019140811954
-4.971887971332578	-0.09641036964818302	29.36249003355027
-4.8650774291660275	-0.08231441027858934	29.190785404808587
-4.7603186464056915	-0.07036941710223411	29.019931356406083
-4.657612721165458	-0.06047737053804819	28.849951086388508
-4.556958615023372	-0.052543155681879714	28.680865083950536
-4.458353263503393	-0.04647458053902718	28.51269131605213
-4.36179168443385	-0.04218238466701633	28.345445405694964
-4.267267084028422	-0.03958023904579587	28.17914080187691
-4.174770960556598	-0.03858473795250882	28.013788941287043
-4.084293205488489	-0.039115383577738826	27.849399401839474
-3.995822202019363	-0.0410945640801053	27.685980048181953
-3.909344920893773	-0.0444475257363296	27.523537169339953
-3.824847013466144	-0.04910233980491342	27.362075608683813
-3.74231290194976	-0.054989864683301984	27.201598886428496
-3.6617258668179553	-0.06204370390127312	27.04210931488973
-3.583068131333614	-0.0702001604573647	26.883608106734087
-3.5063209431968367	-0.07939818797016705	26.726095476476306
-3.4314646533069553	-0.0895793390832301	26.569570735477487
-3.3584787916478755	-0.10068771153004863	26.41403238071037
-3.2873421403112753	-0.11266989223536214	26.259478177555483
-3.2180328036824615	-0.12547489979959928	26.10590523689894
-3.1505282758181523	-0.13905412568601755	25.953310086797668
-3.0848055050527763	-0.15336127440381955	25.80168873897853
-3.020840955874634	-0.16835230295597373	25.651036750433537
-2.958610668118833	-0.18398535979706174	25.501349280370874
-2.8980903135266067	-0.20022072352496478	25.35262114277306
-2.83925524972601	-0.21702074150930717	25.204846854811674
-2.782080571689727	-0.2343497686410085	25.05802068135581
-2.7265411607310637	-0.25217410636866927	24.91213667581081
-2.6726117310990296	-0.27046194217144315	24.767188717510447
-2.6202668742361777	-0.28918328960226836	24.62317054588006
-2.5694811007640457	-0.3083099290209724	24.4800757915793
-2.5202288802627204	-0.32781534912314353	24.33789800482634
-2.472484678910208	-0.34767468935886936	24.196630681092515
-2.426222995050146	-0.3678646833230914	24.056267284354348
-2.3814183927535733	-0.38836360318996827	23.91680126807264
-2.33804553344371	-0.4091512052526057	23.778226094069165
-2.296079205649894	-0.4302086766216198	23.64053524945562
-2.25549435295797	-0.45151858312715154	23.50372226176564
-2.2162661002227724	-0.4730648184619285	23.367780712429347
-2.178369778108826	-0.4948325545955134	23.23270424872577
-2.1417809460235047	-0.5168081934841049	23.09848659433744
-2.106475413506579	-0.5389793200942088	22.965121558626223
-2.072429260138502	-0.5613346567535953	22.832603044740406
-2.039618854029355	-0.5838640188378157	22.700925056658658
-2.0080208689484644	-0.6065582717966882	22.57008170526745
-1.9776123001539987	-0.6294092895209322	22.44006721356427
-1.948370478979896	-0.6524099140461026	22.310875921070355
-1.9202730862369142	-0.675553916587249	22.182502287534355
-1.8932981644825324	-0.6988359598954008	22.05494089599996
-1.8674241292132574	-0.7222515619242923	21.92818645530657
-1.8426297790313755	-0.7457970607935825	21.802233802086672
-1.8188943048369035	-0.769469581032682	21.677077902319947
-1.7961972980938656	-0.7932670010876859	21.552713852498897
-1.7745187582184017	-0.8171879220725518	21.429136880456028
-1.753839099135105	-0.8412316377439806	21.30634234590044
-1.734139155046277	-0.8653981056785275	21.184325740706928
-1.715400185457286	-0.8896879196295652	21.063082688996992
-1.6976038795	-0.9141022830406115	20.942608947049266
-1.6807323595944683	-0.9386429836913005	20.822900403071724
-1.6647681844881064	-0.9633123694510812	20.703953076868324
-1.6496943517097495	-0.9881133251158997	20.585763119427046
-1.6354942994749315	-1.0130492503022979	20.468326812456358
-1.6221519080770717	-1.038124038373604	20.351640567892368
-1.609651500798327	-1.0633420563720621	20.235700927400227
-1.5979778443721804	-1.0887081259313183	20.12050456188816
-1.5871161490288235	-1.1142275051431836	20.00604827105309
-1.577052068152955	-1.1399058713530672	19.89232898297326
-1.5677716975826315	-1.165749304858037	19.779343753764213
-1.559261574576417	-1.1917642734820717	19.667089767311023
-1.551508676475003	-1.2179576180030753	19.555564335089407
-1.5445004190823235	-1.2443365384065772	19.44476489608668
-1.5382246547901854	-1.2709085809409433	19.334689016834055
-1.53266967046921	-1.2976816259497557	19.225334391558647
-1.52782418514799	-1.3246638764568563	19.116698842464807
-1.52367734750124	-1.3518638474803832	19.008780320151597
-1.520218733166874	-1.3792903560519079	18.90157690417509
-1.5174383419108897	-1.4069525119175492	18.79508680376191
-1.5153265946580496	-1.434859708898394	18.689308358679767
-1.5138743304054858	-1.4630216168876808	18.584240040271453
-1.513072803035481	-1.4914481744627497	18.479880452657753
-1.5129136780428418	-1.520149582090076	18.376228334114856
-1.5133890291914684	-1.5491362959022852	18.273282558630974
-1.5144913351139626	-1.578419022026453	18.171042137646687
-1.5162134758673518	-1.6080087114429722	18.069506221984977
-1.5185487294572786	-1.6379165553553434	17.96867410397437
-1.5214907683423118	-1.6681539810511923	17.868545219770176
-1.5250336559293551	-1.698732648235323	17.769119151878417
-1.5291718430704453	-1.7296644458158386	17.67039563188745
-1.5339001645706443	-1.7609614891251006	17.572374543411264
-1.5392138357160834	-1.7926361175572858	17.475055925249546
-1.5451084488306548	-1.8247008926048867	17.378439974769105
-1.5515799698692374	-1.8571685962765663	17.28252705151203
-1.5586247350548037	-1.8900522298792148	17.187317681035754
-1.5662394475662842	-1.923365013147615	17.0928125589896
-1.5744211742834628	-1.957120383704899	16.99901255543406
-1.5831673425946942	-1.9913319968374015	16.905918719408657
-1.5924757372728118	-2.026013725567971	16.813532283753922
-1.6023444974240564	-2.061179661011639	16.721854670194222
-1.612772113514484	-2.0968441129981197	16.630887494687403
-1.6237574244777555	-2.1330216109452294	16.540632573048885
-1.6352996149078747	-2.169726904967867	16.451091926857057
-1.6473982123400166	-2.206974967207176	16.362267789647344
-1.6600530846221901	-2.2447809933645773	16.27416261340265
-1.6732644373799785	-2.283160404425105	16.186779075349047
-1.687032811576373	-2.3221288485549114	16.100120085064674
-1.7013590811682096	-2.3617022031574004	16.01418879191108
-1.7162444508604582	-2.4018965770726908	15.928988592795996
-1.7316904539591527	-2.442728312904671	15.844523140277488
-1.7476989503233455	-2.484213989459713	15.760796351019993
-1.7642721244163353	-2.5263704242814264	15.677812414611921
-1.7814124834558602	-2.5692146762650947	15.595575802756121
-1.7991228556625767	-2.612764048335057	15.514091278844948
-1.8174063886059735	-2.657036090168463	15.433363907931115
-1.8362665476463513	-2.7020486009479785	15.353399067106873
-1.8557071144712793	-2.747819632125917	15.27420245630382
-1.8757321857243914	-2.7943674901813216	15.19578010952691
-1.896346171724258	-2.841710739351498	15.118138406535628
-1.9175537952704995	-2.889868204318442	15.041284084986666
-1.9393600905341724	-2.938858972830425	14.965224253051877
-1.9617704020287066	-2.9887023982374537	14.889966402527113
-1.9847903836577827	-3.0394181019196056	14.8155184224462
-2.008425997835596	-3.091025975585167	14.741888613216561
-2.0326835146751168	-3.143546183415803	14.669085701291552
-2.0575695112389645	-3.196999164033716	14.597118854396758
-2.0830908708475704	-3.2514056322657168	14.52599769732638
-2.109254782438423	-3.306786580677025	14.455732328327398
-2.1360687399702565	-3.3631632808474583	14.386333336088125
-2.1635405418648896	-3.420557284359929	14.317811817349863
-2.191678290479476	-3.478990423470869	14.250179395159126
-2.2204903916010896	-3.538484811429994	14.183448237779007
-2.249985553955263	-3.599062842415721	14.117631078277817
-2.2801727887191436	-3.6607471910499414	14.052741234814315
-2.311061409029745	-3.7235608114549246	13.98879263163782
-2.3426610294768175	-3.7875269358124126	13.925799820822514
-2.374981565569516	-3.8526690723835726	13.863778004754385
-2.4080332331648995	-3.9190110029452887	13.80274305939034
-2.441826547846042	-3.98657677959694	13.742711558307736
-2.476372324236389	-4.055390720888526	13.683700797563295
-2.511681675236602	-4.125477407219234	13.625728821379214
-2.5477660111687026	-4.196861675451619	13.568814448674988
-2.584637038811861	-4.269568612684495	13.512977300462188
-2.6223067603134353	-4.343623549125007	13.458237828118529
-2.6607874719571503	-4.419052049995637	13.404617342558062
-2.7000917627699517	-4.495879906409948	13.352138044312225
-2.7402325129477223	-4.574133125146766	13.300823054535998
-2.781222892078774	-4.653837917248591	13.250696446952245
-2.8230763571432487	-4.735020685366968	13.201783280745445
-2.8658066502646986	-4.817708009772343	13.15410963441514
-2.9094277961892874	-4.90192663294268	13.107702640596932
-2.9539540994664133	-4.987703442640265	13.062590521857164
-2.9994001413034392	-5.075065453382161	13.018802627464588
-3.0457807760649422	-5.164039786203669	12.97636947114062
-3.0931111273861727	-5.254653646610873	12.93532276978575
-3.1414065838681307	-5.346934300612081	12.89569548317711
-3.19068279432039	-5.440909048713678	12.857521854628063
-3.2409556625153226	-5.5366051977591235	12.820837452597189
-3.292241341416187	-5.634050030485758	12.785679213228923
-3.344556226838964	-5.733270772667049	12.752085483803652
-3.397916950506422	-5.834294557703458	12.720096067069106
-3.4523403724496955	-5.937148388517006	12.689752266419653
-3.5078435727116077	-6.041859096600789	12.661096931882714
-3.564443842302549	-6.148453298066422	12.634174506865024
-3.6221586733585465	-6.2569573465283845	12.609031075602948
-3.6810057484470096	-6.367397282654791	12.585714411253422
-3.741002928964681	-6.479798780210809	12.564274024551901
-3.8021682425685333	-6.594187088412476	12.544761212954176
-3.8645198695783787	-6.710586970403747	12.527229110167726
-3.9280761282862713	-6.829022637661827	12.511732735966596
-3.9928554591057503	-6.949517680131323	12.49832904617084
-4.058876407490263	-7.0720949918804905	12.487076982657833
-4.126157605548106	-7.196776692069078	12.478037523257731
-4.194717752276486	-7.323584041008945	12.471273731369648
-4.264575592335786	-7.452537351096619	12.466850805117511
-4.335749893281022	-7.583655892390879	12.464836125846364
-4.408259421165288	-7.716957792606373	12.465299305739974
-4.482122914424523	-7.852459931286984	12.468312234319633
-4.557359055953448	-7.990177827927078	12.473949123561317
-4.6339864432746944	-8.130125523798847	12.4822865513444
-4.712023556705429	-8.272315457253436	12.493403502919726
-4.791488725417418	-8.416758332254751	12.50738141005752
-4.872400091287445	-8.563462979914249	12.524304187507035
-4.954775570430034	-8.712436212795028	12.544258266369475
-5.038632812303513	-8.86368267176229	12.56733262395383
-5.12398915627595	-9.017204665161175	12.593618809651376
-5.210861585537057	-9.173002000116155	12.623210966329458
-5.299266678239172	-9.331071805756528	12.65620584670796
-5.389220555750617	-9.491408348190879	12.692702824143893
-5.480738827900531	-9.654002837066162	12.732803897208246
-5.573836535096336	-9.818843223573527	12.776613687398461
-5.668528087194022	-9.985913989786775	12.824239429286656
-5.764827199001749	-10.155195929248418	12.875790952359267
-5.8627468222977575	-10.32666591875076	12.93138065375803
-5.962299074246416	-10.500296681299528	12.991123461086245
-6.063495162098939	-10.67605654029099	13.055136784397256
-6.16634530406885	-10.853909164982221	13.12354045643463
-6.270858646275633	-11.033813307386781	13.19645666014506
-6.377043175658388	-11.21572253079363	13.274009842439343
-6.48490562876714	-11.399584930172773	13.3563266131296
-6.594451396348047	-11.585342844806414	13.443535627925732
-6.705684423648334	-11.772932563566258	13.535767454330253
-6.818607106380617	-11.962284023351888	13.633154419231495
-6.9332201822972905	-12.153320501299929	13.735830436955498
-7.0495226183446205	-12.345958301487212	13.843930816506232
-7.167511493378892	-12.54010643695984	13.957592046690962
-7.287181876453646	-12.735666308057318	14.076951557810826
-7.408526700701967	-12.932531378124336	14.202147458574416
-7.531536632870795	-13.13058684786123	14.333318246892482
-7.656199938583916	-13.32970932970589	14.470602493206192
-7.782502343447922	-13.52976652381594	14.614138495021665
-7.910426890143608	-13.730616897384843	14.764063901343366
-8.039953791687806	-13.93210936921766	14.920515305744896
-8.171060281083587	-14.13408300167214	15.08362780686281
-8.303720457627563	-14.336366702281405	15.253534535180108
-8.437905130184435	-14.538778937571768	15.430366145051504
-8.57358165779422	-14.74112746180827	15.614250271041325
-8.71071378802688	-14.943209063608982	15.805310947774814
-8.849261493559931	-15.144809333592905	16.003667992668415
-8.989180807515213	-15.345702456444204	16.20943635109129
-9.13042365815646	-15.545651030994357	16.422725403727984
-9.27293770361472	-15.744405922133112	16.643638236154768
-9.4166661673814	-15.941706148567258	16.872270870922737
-9.561547675382585	-16.137278810641043	17.108711462752378
-9.707516095526845	-16.330839062615095	17.353039457794306
-9.854500380689984	-16.522090133951913	17.60532471828019
-10.002424416190328	-16.710723404307736	17.865626614321883
-10.151206872878046	-16.896418537024893	18.133993085051106
-10.300761067056053	-17.078843676011026	18.41045967180275
-10.450994828515178	-17.257655710907503	18.695048526539907
-10.60181037805936	-17.432500615457986	18.98776739929852
-10.753104215966545	-17.603013863918168	19.288608609002857
-10.904767022903613	-17.768820930228877	19.59754800261353
-11.056683574884179	-17.929537874494812	19.914543908208273
-11.208732673917085	-18.084772021054707	20.239536088240722
-11.3607870960523	-18.234122732104414	20.572444699893797
-11.512713558571884	-18.37718228041806	20.913169270101474
-11.66437270810419	-18.513536824210924	21.261587693463987
-11.81561913147266	-18.642767486607998	21.617555261952205
-11.966301391081743	-18.764451541481403	21.980903735880982
-12.116262086647492	-18.87816370664878	22.351440466243854
-12.265337945040848	-18.983477544531066	22.72894757900362
-12.413359939973525	-19.079966969393613	23.113181232419446
-12.56015344318188	-19.167207859211306	23.503870958863104
-12.705538408676144	-19.244779769029527	23.90071910287755
-12.849329591501128	-19.312267741432073	24.303400367399497
-12.991336802318074	-19.36926420839529	24.711561480138016
-13.131365198943055	-19.415370977402333	25.124820992002096
-13.269215615785024	-19.45020129323861	25.542769219240885
-13.404684931898064	-19.473381965395934	25.964968340539066
-13.537566478111932	-19.4845555495049	26.39095265972417
-13.667650483425414	-19.48338256970994	26.82022904396147
-13.79472456054065	-19.469543767423907	27.25227754633156
-13.918574230082127	-19.442742360476906	27.686552220491226
-14.038983482694796	-19.402706295333658	28.122482133745503
-14.15573537783477	-19.34919047382632	28.559472583246034
-14.268612677681395	-19.281978934762506	28.99690651826853
-14.37739851418706	-19.200886969857383	29.434146169524745
-14.481877086873123	-19.10576315272774	29.87053488434633
-14.581834388556796	-18.996491259212824	30.305399164269147
-14.677058955784574	-18.87299205706522	30.73805089916636
-14.767342640330602	-18.73522494313025	31.16778978954536
-14.85248139772972	-18.583189406501564	31.593905946094186
-14.932276088437776	-18.416926296837666	32.01568265298216
-15.006533286863466	-18.23651887805486	32.43239927887062
-15.075066093204038	-18.042093648975502	32.843334317125894
-15.13769494274108	-17.833820914219785	33.24776853435773
-15.194248407028887	-17.61191509065483	33.644988204235254
-15.24456398123274	-17.37663473705947	34.03428840155403
-15.288488851757965	-17.12828229729945	34.414976329811466
-15.325880638260042	-16.86720355018799	34.78637465415666
-15.356608104138424	-16.593786762320207	35.147824810510116
-15.380551829701725	-16.308461543440888	35.49869026098197
-15.397604842344752	-16.01169740732398	35.83835966542299
-15.407673198307057	-15.704002044594535	36.16624993912274
-15.41067651087863	-15.385919317414	36.48180916724715
-15.406548420285727	-15.05802698936512	36.78451934765589
-15.395237000921929	-14.720934207193165	37.07389893520213
-15.376705102082928	-14.375278754170528	37.349505162531194
-15.35093061891202	-14.021724097765757	37.610936114665044
-15.317906690859063	-13.660956256872224	37.85783253733334
-15.27764182559257	-13.2936805161258	38.08987936196545
-15.230159946972389	-12.920618016700818	38.30680693350504
-15.175500366378945	-12.54250225441396	38.50839193066242
-15.113717677395893	-12.160075516963326	38.69445797182027
-15.044881574546048	-11.774085292663704	38.86487590349427
-14.969076597472352	-11.385280683084076	39.019563771965345
-14.886401802630402	-10.994408851583387	39.15848648235938
-14.796970365203942	-10.602211538865339	39.281655153004394
-14.700909114562009	-10.209421675365332	39.38912617627527
-14.598358007137023	-9.816760118570052	39.48100000028944
-14.48946954111222	-9.424932541302661	39.55741964868875
-14.374408117748516	-9.03462649459189	39.618568998299565
-14.253349354571178	-8.646508666115675	39.664670836650004
-14.126479355943303	-8.261222352311888	39.69598472314119
-13.993993946798115	-7.879385159236026	39.71280467907567
-13.85609787547029	-7.501586944120522	39.71545673274713
-13.713003991665119	-7.128388006436096	39.70429634638582
-13.564932405629321	-6.760317534111122	39.679705751944624
-13.412109634543596	-6.3978723074913955	39.64209122251613
-13.254767742051868	-6.041515660676824	39.591880305615945
-13.093143476672903	-5.6916766970766215	39.529519043681184
-12.927477414618934	-5.3487497534368575	39.45546920595012
-12.75801311226723	-5.013094104217636	39.3702055544431
-12.584996273225135	-4.685033896109137	39.274213165106616
-12.40867393456672	-4.364858300613951	39.16798482333901
-12.229293676447694	-4.052821871085485	39.052018511146684
-12.047102858895201	-3.7491450893277123	38.926815001110164
-11.8623478891469	-3.4540150858721166	38.7928755702169
-11.675273522497987	-3.167586517361115	38.65069984449157
-11.486122199165921	-2.889982583996743	38.500783783228705
-11.29513341926527	-2.6212961698439705	38.34361780957632
-11.102543157553624	-2.361591088805334	38.17968509222692
-10.908583319212601	-2.1109034193556093	38.0094599810993
-10.713481237520089	-1.8692429115460725	37.83340659812151
-10.517459213911422	-1.6365944504147207	37.6519775826134
-10.320734100563666	-1.4129195606672749	37.46561298927985
-10.12351692532636	-1.1981579383730045	37.27473933551959
-9.926012558512433	-0.9922289963572356	37.07976879358408
-9.728419420804093	-0.7950334110057873	36.88109852213317
-9.530929231274541	-0.6064546592495157	36.6791101308822
-9.33372679433141	-0.4263605356087295	36.47416927136707
-9.136989824188952	-0.25460464026254553	36.26662534630105
-8.940888805329969	-0.09102783021165761	36.056811329608244
-8.74558688728767	0.06454037332860306	35.84504368894769
-8.55123981197357	0.21228042713224698	35.63162240239074
-8.357995871704976	0.35238146259437714	35.41683106087842
-8.165995896025795	0.4850400406858551	35.20093704813458
-7.975373265377747	0.6104589682466063	34.98419178984609
-7.7862539496762455	0.7288461778079208	34.76683106414589
-7.598756569835456	0.8404136723928455	34.54907536569323
-7.412992480312328	0.9453765360563414	34.33113031597689
-7.229065870768816	1.0439520103151012	34.11318711282768
-7.047073884998134	1.1363586360695506	33.89542301252453
-6.867106755314266	1.222815460141715	33.67800183829523
-6.68924795066887	1.3035413051360638	33.46107450944715
-6.513574336820563	1.3787541009797366	33.244779585792244
-6.3401563469755775	1.4486702761924048	33.029243822493974
-6.169058161380106	1.5135042067011564	32.81458273087916
-6.000337894438742	1.57346771981609	32.60090114119989
-5.834047788015543	1.6287696508349805	32.388293763744436
-5.67023440965773	1.67961544963845	32.176845745093885
-5.508938854574311	1.7262068345643717	31.96663321671315
-5.350196950278597	1.7687414908155064	31.75772383341713
-5.194039462897304	1.8074128106427148	31.550177299608066
-5.040492304220114	1.8424096725659922	31.344045881485847
-4.889576738655048	1.8739162569307708	31.139374903746297
-4.7413095893205695	1.9021118951568048	30.93620322954202
-4.595703442589321	1.9271709501067646	30.734563722746024
-4.452766850456944	1.9492627250889156	30.534483691771804
-4.312504530192257	1.968551399100037	30.335985314433312
-4.174917560770827	1.9851959860203996	30.139086043491233
-4.0400035756685	1.9993503155781136	29.943798992719557
-3.907756951635614	2.0111630340137676	29.750133303458345
-3.778168993136159	2.0207776224889056	29.55809449176477
-3.6512281121721353	2.028332431398032	29.36768477637017
-3.526920003271729	2.0339607288569432	29.178903387768116
-3.405227813448079	2.0377907617542186	28.99174685882259
-3.286132306985446	2.0399458278625087	28.806209297373126
-3.1696120249372224	2.0405443576144666	28.62228264136133
-3.0556434392537297	2.0397000042521407	28.43995689705262
-2.944201101486827	2.037521741158719	28.259220360964424
-2.835257786047478	2.034113965277473	28.080059826145195
-2.7287846280100356	2.0295766056139803	27.90246077345932
-2.6247512554833428	2.024005235904299	27.72640754855448
-2.5231259165841537	2.017491190613507	27.551883525189368
-2.423875601068172	2.010121683506157	27.378871255606235
-2.326966156685145	2.0019799281022164	27.20735260862335
-2.232362400339997	1.9931452593997294	27.037308896119466
-2.140028224150851	1.983693256308193	26.868720988567354
-2.04992669650712	1.973695864295334	26.701569420264327
-1.9620201582357657	1.9632215178038726	26.535834484885438
-1.8762703139932948	1.952335262045157	26.371496321971254
-1.7926383190033495	1.9410988738222952	26.20853499493574
-1.711084861269167	1.929570981078395	26.046930561167613
-1.6315702393883595	1.917807180903739	25.88666313476606
-1.5540544361034232	1.9058601557716512	25.727712942434852
-1.4784971877216337	1.8937797878050178	25.570060373032526
-1.4048580495406506	1.8816132709051483	25.41368602125569
-1.3330964574144177	1.8694052206011036	25.258570725904566
-1.2631717855957634	1.8571977815021246	25.1046956031602
-1.1950434009892932	1.845030732257313	24.95204207527499
-1.12867071395081	1.8329415879470536	24.800591895063516
-1.064013225763299	1.8209656998475396	24.650327166548028
-1.0010305729214102	1.8091363525262336	24.501230362099378
-0.9396825683523065	1.7974848582399063	24.35328433638883
-0.8799292396997855	1.7860406486197205	24.206472337449085
-0.8217308647946995	1.7748313636387616	24.06077801512028
-0.7650480044328702	1.7638829378674332	23.91618542713999
-0.7098415325782854	1.753219684030734	23.77267904311716
-0.6560726641074813	1.7428643738892449	23.630243746615534
-0.6037029802058986	1.7328383164719101	23.488864835550597
-0.5526944515266017	1.7231614336949732	23.34852802109589
-0.5030094592155324	1.7138523334058118	23.20921942527172
-0.45461081390713726	1.70492837989521	23.070925577383317
-0.4074617727888212	1.6964057619247923	22.933633409456615
-0.3615260548308621	1.6882995583196274	22.7973302508114
-0.3167678542736976	1.6806238011782288	22.662003821895727
-0.27315185246341633	1.6733915367546022	22.52764222750094
-0.23064322812127153	1.6666148840682538	22.394233949461036
-0.1892076661302645	1.660305091299411	22.261767838931686
-0.1488113649196576	1.6544725900277588	22.13023310833815
-0.10942104252431693	1.6491270473734654	21.99961932307024
-0.07100394139310699	1.6442774160996927	21.86991639299586
-0.03352783201779584	1.6399319827359464	21.741114563857966
0.0030389845493956932	1.636098413781487	21.61320440861175
0.0387276752234175	1.632783800047903	21.48617681875561
0.07356887439679213	1.629994699199419	21.360022995700223
0.10759268437209367	1.627737176549094	21.234734442218244
0.140828676659162	1.6260168441683513	21.110302954009622
0.17330589408145491	1.6248388983665984	20.986720611416022
0.2050528536392834	1.6242081555968062	20.86397977131051
0.23609755007890784	1.6241290868420752	20.742073059189305
0.2664674601201588	1.6246058505371974	20.6209933614838
0.2961895472960728	1.6256423240782507	20.500733818113456
0.32529026736116007	1.627242133972178	20.381287815293636
0.3537955742265763	1.6294086846772131	20.262648978611747
0.3817309263826885	1.6321451861839085	20.144811166381903
0.40912129377112516	1.6354546803853467	20.027768463287906
0.43599116507074365	1.6393400662839848	19.91151517432049
0.4623645553633108	1.643804124081372	19.796045819015234
0.4882650141469387	1.6488495381958679	19.681355125993868
0.5137156336663186	1.654478919252197	19.56743802781349
0.5387390575310993	1.660694825085596	19.454289656124196
0.5633574895947792	1.6674997808020309	19.34190533713692
0.5875927030684998	1.6748962979349011	19.23028058740033
0.6114660498449362	1.682886892737324	19.119411109887572
0.6349984700093861	1.6914741036480427	19.009292790390983
0.6582105015162183	1.7006605079677946	18.899921694223362
0.681122290010296	1.7104487377818816	18.791294063223386
0.7037535987738888	1.720841495163442	18.683406313063866
0.7261238187811514	1.7318415666909492	18.57625503085948
0.7482519788430068	1.7434518373122083	18.46983697307217
0.7701567558267027	1.7556753035862092	18.36414906371061
0.7918564849349115	1.7685150863329022	18.259188392822136
0.8133691700305595	1.781974442720071	18.154952215273894
0.8347124939943328	1.7960567778153442	18.051437949820958
0.855903829102842	1.8107656556304503	17.948643178458465
0.8769602474159844	1.8261048096836145	17.84656564605649
0.8978985311632098	1.8420781531052273	17.745203260274778
0.918735183118848	1.8586897883107196	17.644554091756184
0.9394864369576897	1.8759440162638301	17.544616374596533
0.9601682675823329	1.893845345352209	17.445388507090595
0.9807964014148203	1.9123984998966348	17.346869052752506
1.0013863266454326	1.9316084283139654	17.249056741610662
1.021953303432401	1.9514803109532957	17.151950471775876
1.0425123740464157	1.972019567623497	17.055549311284185
1.0630783729547322	1.9932318648297747	16.959852500214
1.083665936840043	2.01512312273589	16.864859453078473
1.1042895145495861	2.0376995218676672	16.770569761494848
1.1249633769705856	2.0609675095727162	16.67698319713234
1.1457016268285523	2.0849338062504956	16.58409971494017
1.1665182084049774	2.109605411365559	16.49191945665966
1.1874269171719616	2.13498960925675	16.4004427546216
1.2084414093408704	2.161093974753359	16.309670135834242
1.2295752113231004	2.187926378609236	16.219602326364328
1.2508417291007679	2.215494992764371	16.130240256016727
1.2722542575058156	2.2438082954431424	16.041585063316656
1.2938259894058826	2.2728750760971312	15.953638100800585
1.315570024795772	2.302704440199922	15.86640094062119
1.3374993797933348	2.333305813900226	15.779875380473007
1.359626995538957	2.3646889485390807	15.694063449845077
1.3819657469976265	2.3968639250355706	15.608967416608785
1.404528451663068	2.4298411581451873	15.524589793947863
1.4273278781632164	2.463631400593649	15.440933347639453
1.4503767547665936	2.4982457470884256	15.358001103694583
1.473687777788958	2.533695638208962	15.275796356367954
1.497273619899868	2.569992864176021	15.19432267654647
1.5211469383286242	2.6071495684993766	15.113583920527171
1.5453203829692264	2.6451782515023736	15.033584239195076
1.56980660438366	2.684091773720495	14.95432808761292
1.5946182617030904	2.7239033591705	14.875820235034276
1.6197680304261879	2.7646265984852842	14.798065775352908
1.6452686101140734	2.806275451909066	14.721070138000627
1.6711327319805904	2.848864252145377	14.644839099308463
1.6973731663773846	2.892407707050634	14.569378794343704
1.724002730172182	2.9369209021634077	14.494695729238634
1.7510342940192505	2.982419303059532	14.420796794025028
1.7784807895201498	3.0289187575208354	14.3476892759909
1.8063552162731817	3.0764354975048303	14.275380873574933
1.8346706488093103	3.1249861409006714	14.203879710815636
1.8634402434123871	3.174587693055867	14.133194352371751
1.892677244820724	3.2252575480558705	14.063333819132243
1.9223949928072188	3.2770134897379815	13.994307604433272
1.9526069286345555	3.3298736924187926	13.9261256909009
1.9833266013818025	3.38385672131304	13.858798567938166
2.014567674138022	3.4389815326194184	13.792337249876203
2.0463439300584074	3.4952674732476674	13.726753294808724
2.07866927827768	3.552734280158731	13.662058824130076
2.1115577596752466	3.6114020792882635	13.598266542796837
2.1450235524856325	3.671291384020803	13.535389760334066
2.179080977747611	3.7324230931805573	13.473442412606493
2.2137445045843815	3.79481848850159	13.412439084375965
2.249028755306945	3.858499231538532	13.352395032665758
2.2849485103314575	3.923487359975141	13.293326210953534
2.321518712901396	3.98980528328676	13.235249294213286
2.3587544736037294	4.05747577770831	13.17818170482794
2.396671074668306	4.126521980458031	13.12214163939268
2.4352839740378642	4.196967383162338	13.06714809643019
2.4746088091959475	4.268835824425413	13.013220905037299
2.5146614007384254	4.342151481482558	12.960380754482923
2.5554577556737286	4.416938860873618	12.908649224775797
2.597014070435198	4.493222788067894	12.858048818220531
2.6393467335884373	4.5710283959692015	12.808602991978645
2.682472328214801	4.650381112224667	12.760336191650735
2.726407633951279	4.731306645257332	12.713273885894047
2.7711696286651866	4.8138309689372285	12.667442602088784
2.8167754897411923	4.8979803058019735	12.622869963063916
2.8632425949558296	4.983781108731419	12.579584724892221
2.9105885229145563	5.071260040978606	12.537616815760348
2.9588310530228012	5.160443954450417	12.496997375919035
3.0079881649624234	5.251359866129026	12.457758798713904
3.0580780376420424	5.344034932517515	12.419934772695006
3.109119047588616	5.438496421988718	12.383560324798829
3.1611297667447045	5.534771684908584	12.348671864593104
3.2141289596346536	5.632888121400763	12.315307229569381
3.268135579860138	5.732873146611616	12.283505731463759
3.3231687658838323	5.834754153329393	12.253308203580087
3.3792478360566753	5.938558471802885	12.224757049084365
3.4363922828426303	6.044313326599652	12.19789629023163
3.494621766191622	6.1520457903357695	12.172771618479544
3.5539561060096094	6.26178273410363	12.149430445434255
3.614415273670159	6.373550774413823	12.127921954566002
3.6760193825113268	6.4873762164641	12.10829715362106
3.73878867725665	6.603284993537453	12.090608927646976
3.802743522297829	6.721302602327409	12.074912092535714
3.867904388771432	6.8414540339776835	12.061263448977522
3.934291840360788	6.963763700620005	12.049721836704066
4.001926517749642	7.088255357184753	12.040348188885103
4.070829121651546	7.21495201825383	12.033205586526899
4.141020394333997	7.343875869716069	12.028359312703703
4.212521099555134	7.475048174983903	12.025876906434787
4.28535200082551	7.60848917552122	12.025828216000102
4.359533837904245	7.744217985428391	12.02828545146621
4.435087301435406	7.882252479826397	12.033323236171386
4.512033005626819	8.022609176778808	12.041018656894437
4.590391458869933	8.165303112487887	12.051451312405867
4.670183032196148	8.310347709500645	12.064703360072329
4.751427925459988	8.457754637657885	12.080859560155728
4.834146131138257	8.60753366752478	12.100007317417276
4.918357395629608	8.75969251604216	12.122236719603615
5.004081177936753	8.914236684144472	12.147640572357318
5.091336605608871	9.071169286094435	12.176314430056735
5.180142427821773	9.230490870298983	12.208356622052028
5.270516965468447	9.39219923137866	12.243868273722926
5.362478058133067	9.556289213282508	12.28295332174183
5.456043007817104	9.722752503253915	12.325718522880631
5.5512285192878545	9.891577416480143	12.372273455654298
5.648050636916704	10.062748671280135	12.422730514045583
5.746524677877624	10.23624715472134	12.477204892507178
5.846665161572949	10.41204967858414	12.535814561384937
5.948485735158963	10.590128725639943	12.598680231855626
6.051999095044213	10.770452186251395	12.665925309418819
6.157216904238464	10.952983085358193	12.73767583493003
6.264149705432741	11.137679299966912	12.814060412107015
6.372806829698796	11.324493267332832	12.895210120388779
6.483196300702864	11.513371684093645	12.981258411973457
6.5953247343392	11.704255196699489	13.072340991810863
6.709197233695226	11.89707808356652	13.1685956792724
6.824817279276451	12.091767929486933	13.270162250176483
6.942186614433015	12.288245292935553	13.377182257803348
7.061305125945507	12.486423367029953	13.489798831492797
7.182170719746085	12.686207635028678	13.608156451383461
7.304779191772896	12.887495521392113	13.732400697824493
7.4291240939813905	13.090176039582651	13.862677973971767
7.555196595561022	13.294129437938178	13.999135200067316
7.682985339435987	13.499226845124806	14.141919477899721
7.81247629416334	13.705329916859936	14.291177723955652
7.94365260137595	13.912290485786173	14.447056269794764
8.076494418963387	14.119950216589231	14.60970042822661
8.21097876021834	14.328140268651953	14.779254023914957
8.347079329234202	14.536680968775935	14.95585888712397
8.484766352882312	14.74538149671957	15.13965430940873
8.624006409760748	14.954039586551431	15.330776460184332
8.764762256558583	15.162441247049404	15.529357763246022
8.906992652349532	15.37036050463233	15.735526232496795
9.050652181390898	15.577559172550231	15.949404766337265
9.195691075084238	15.78378665031857	16.171110400423554
9.342055033816575	15.988779757604933	16.400753518753135
9.489685049492111	16.192262607028326	16.63843702336477
9.638517229641055	16.393946520545157	16.884255463278055
9.788482624076067	16.593529994300376	17.138294123681753
9.939507055157721	16.790698717011843	17.400628076811877
10.091510952818952	16.98512564711357	17.67132119642706
10.244409195584696	17.176471154004282	17.95042513828923
10.398110958924304	17.364383228850023	18.237978289625488
10.552519572349828	17.54849777041393	18.53400469110859
10.707532386774965	17.728438951395486	18.838512935542358
10.863040653730282	17.90381967068794	19.151495048089302
11.018929418112204	18.074242096830474	19.472925353568417
11.175077426217634	18.239298307723796	19.80275933706283
11.33135705089272	18.398571031399964	20.140932504827816
11.487634235675282	18.551634492252813	20.487359253217885
11.64376845987046	18.698055366678467	20.841931754124236
11.799612726528691	18.837393851498774	21.204518866141818
11.95501357532232	18.96920484787166	21.574965081420856
12.109811122323881	19.093039262609572	21.9530895188545
12.26383912867988	19.208445427933835	22.338684974913647
12.416925100132675	19.314970639677025	22.731517044010864
12.568890419301695	19.41216281283478	23.13132332082619
12.719550512543986	19.49957225212689	23.537812697423238
12.868715053117104	19.576753533896618	23.95066476832123
13.016188202225782	19.643267494236706	24.369529356854088
13.161768889379875	19.69868331671336	24.794026176212945
13.305251133286212	19.74258071145661	25.22374463841353
13.446424404286812	19.77455217573737	25.65824382416758
13.585074029080623	19.794205324451248	26.097052626082682
13.720981638195706	19.801165277227383	26.539670076956927
13.853925656347693	19.79507708717765	26.985565873968273
13.98368183547644	19.77560819464332	27.434181108412744
14.110023829873676	19.742450887705356	27.88492920924328
14.232723812414228	19.695324749736297	28.33719710703936
14.351553130476168	19.633979072921065	28.79034662316795
14.466282999696897	19.55819521549353	29.243716086833167
14.576685233247455	19.46778887946865	29.69662218039417
14.682533003851008	19.3626122849189	30.14836201089084
14.783601635296812	19.24255621639583	30.598215403056894
14.87966941974096	19.107551916950808	31.045447406354793
14.97051845662606	18.957572805406507	31.48931100568691
15.055935508624376	18.79263599306922	31.92905002257015
15.135712869589856	18.61280357700683	32.363902190612656
15.209649239136967	18.4181836883099	32.793102386319134
15.27755059811975	18.208931275464316	33.215885993451536
15.33923107900484	17.985248605027984	33.63149237661329
15.394513824896256	17.74738546426133	34.03916843731797
15.443231830804278	17.495639053146423	34.43817222371016
15.485228760646553	17.230353556353087	34.827776563291
15.520359733446835	16.95191938907761	35.207272686614196
15.548492072241395	16.660772114320757	35.57597380886994
15.569506009338525	16.357391032927158	35.93321863576794
15.58329534178273	16.042297451634084	36.27837476001319
15.589768031170006	15.716052638307653	36.610841915111315
15.588846742331956	15.379255477457816	36.93005505417195
15.580469315853996	15.032539842941866	37.23548722281171
15.564589169913173	14.676571708420205	37.52665219717972
15.54117562750712	14.31204601952121	37.803106860537724
15.510214165789247	13.939683354770272	38.06445329465257
15.471706584918545	13.560226405061236	38.3103405654785
15.425671094567017	13.17443630376181	38.54046618614966
15.372142316988139	12.783088841351269	38.75457724414265
15.311171206332768	12.38697059984386	38.952471183472596
15.242824884681575	11.986875043016106	39.133996236957366
15.167186396049436	11.583598598752157	39.299051507764965
15.084354380374043	11.177936769489937	39.44758670365937
14.99444267024265	10.770680305976114	39.57960153141471
14.897579813797025	10.36261147816416	39.69514476278799
14.793908527914658	9.954500475348079	39.79431298707803
14.683585086337068	9.547101965322474	39.87724906867775
14.566778647951962	9.141151839808984	39.94414033100725
14.443670530872195	8.7373641703966	39.99521649083138
14.314453438338784	8.33642839609199	40.030747369122615
14.179330642757964	7.939006760149075	40.051040406349195
14.038515134398214	7.545732010350442	40.05643801130753
13.8922287413997	7.157205373331005	40.04731477339133
13.740701227792774	6.773994809957527	40.024074568498975
13.584169376198837	6.396633555298474	39.98714758864452
13.422876061770609	6.0256189433152345	39.936987324781455
13.257069323759671	5.6614115132262475	39.874067531404286
13.087001440863528	5.30443439152482	39.79887920020397
12.91292801619814	4.955072940890265	39.71192756845382
12.73510707740575	4.613674664823709	39.613729185950795
12.553798197012807	4.280549354703124	39.504809062271356
12.369261637735631	3.9559694641632333	39.3856979138788
12.181757526978851	3.6401706942273093	39.25692952828211
11.991545064303843	3.3333527714745435	39.119038260044874
11.7988817651655	3.035680400703565	38.97255667102159
11.60402274373616	2.74728437304193	38.81801332480017
11.407220037147143	2.468262810212554	38.65593074297984
11.208721973013741	2.1986825257216047	38.486823528664374
11.008772581641422	1.9385804840036684	38.31119666040454
10.807611053885605	1.6879653390819094	38.12954395783775
10.605471245202468	1.4468190349673462	37.94234671841674
10.402581226054	1.215098450895003	37.750072522964075
10.199162878450547	0.992737075455213	37.553174206282996
9.995431538101963	0.7796466947883927	37.35208898776689
9.791595681328989	0.5757190811514523	37.14723775581043
9.587856655633555	0.38082766939558527	36.93902449889952
9.384408452578258	0.19482921012396423	36.727835875481404
9.181437521439673	0.01756538956543942	36.514040914139294
8.9791226219122	-0.15113559257723969	36.29799083514405
8.777634714011988	-0.3114574948214852	36.08001898418121
8.577136883206913	-0.4635945614979708	35.860440868886826
8.377784298731019	-0.607750111468133	35.639554288812164
8.179724202967	-0.7441351921490252	35.41763954949766
7.983095929758186	-0.872967302031149	35.19495975152232
7.788030949489652	-0.9944691839682187	34.97176114563892
7.594652938794372	-1.1088676906747572	34.748273545438394
7.403077872753352	-1.2163927231171063	34.52471078935269
7.2134141375073035	-1.3172762417983725	34.301271244238386
7.025762661241466	-1.4117513503417405	34.07813834322995
6.840217061573911	-1.5000514502477995	33.85548115103646
6.6568638074513755	-1.5824094652486016	33.63345495035147
6.475782393730091	-1.6590571333007513	33.41220184353787
6.297045526708927	-1.7302243639384978	33.19185136425471
6.120719318979783	-1.79613865844665	32.972521094196004
5.946863492038331	-1.8570245901165454	32.75431728057606
5.775531585210466	-1.9131033416890169	32.53733545048412
5.6067711695308695	-1.9645922969876803	32.321661018661786
5.44062406531977	-2.011704683675319	32.107369885701026
5.277126562288626	-2.054649264040575	31.894529024052254
5.116309641103892	-2.0936300707228077	31.68319704961758
4.958199195426664	-2.128846184313604	31.473424777055268
4.802816253535369	-2.1604915498264785	31.265255757250774
4.650177198722166	-2.188754829099715	31.058726795709248
4.500293987734952	-2.213819286286564	30.853868450900126
4.353174366613349	-2.235862703689527	30.650705511833337
4.20882208334121	-2.2550573253079134	30.449257454373424
4.067237096806946	-2.2715698255882466	30.249538875999608
3.9284157816267684	-2.285561300992957	30.051559908897836
3.7923511284452673	-2.2971872821318846	29.85532661142733
3.659032939388692	-2.3065977643313484	29.660841338148963
3.5284480183934877	-2.3139372546469663	29.468103088715456
3.400580356183203	-2.3193448334557583	29.27710783602915
3.2754113097103454	-2.3229542288905156	29.08784883415846
3.1529197759226664	-2.3248939025036526	28.900316906579715
3.033082359746666	-2.3252871446683203	28.714500715364398
2.915873536218555	-2.3242521783404273	28.53038701198448
2.801265806720678	-2.321902269916415	28.347960870440655
2.689229849309322	-2.318345846027548	28.16720590344551
2.5797346631469673	-2.3136866152120787	27.98810446241582
2.472747707069308	-2.308023693501637	27.810637822031147
2.368235032340785	-2.3014517330476925	27.634786350126106
2.2661614096670433	-2.2940610529978276	27.46052966367762
2.166490450549879	-2.2859377719101053	27.28784677164531
2.0691847230803493	-2.2771639410667537	27.116716205406917
1.974205862278199	-2.2678176781162827	26.94711613751797
1.8815146750970626	-2.2579733005362104	26.77902448951022
1.7910712402189153	-2.247701458466263	26.612419029416127
1.7028350027715453	-2.2370692665156695	26.447277459690863
1.6167648641044468	-2.2261404341968403	26.283577496172708
1.5328192667668012	-2.2149753946831017	26.121296938705218
1.4509562748304372	-2.203631431628735	25.960413734011365
1.371133649705355	-2.1921628038272147	25.800906031388113
1.2933089215945115	-2.1806208675171725	25.6427522317587
1.2174394567383338	-2.169054196176814	25.485931030599403
1.143482520596058	-2.157508697674822	25.33042145522431
1.0713953371122336	-2.1460277286710716	25.176202896889027
1.0011351442149021	-2.1346522061828668	25.023255138146823
0.9326592456909257	-2.1234207162526646	24.871558375866773
0.8659250595815146	-2.112369619671156	24.7210932402977
0.8008901632388764	-2.1015331547256344	24.57184081053832
0.7375123351816661	-2.090943536957706	24.423782626749308
0.6757495938858612	-2.080631055927225	24.276900699424957
0.6155602336424745	-2.07062416899008	24.13117751601562
0.5569028576122762	-2.060949592107459	23.986596045176405
0.49973640820233234	-2.0516323877123543	23.843139738893154
0.4440201948883519	-2.042696049666855	23.70079253272443
0.38971391960079993	-2.034162585349677	23.55953884437464
0.336777699791268	-2.026052594919158	23.419363570801718
0.28517208928997106	-2.018385347801217	23.28025208404194
0.23485809706411007	-2.0111788564560404	23.142190225925894
0.18579720398088698	-2.0044499474801003	23.005164301839496
0.13795137767712506	-1.9982143301030064	22.86916107367543
0.09128308563274631	-1.9924866621406219	22.734167752104874
0.045755306542872944	-1.9872806134676546	22.600171988290807
0.0013315400786724938	-1.9826089270739988	22.46716186514994
-0.04202418487483423	-1.9784834777701565	22.335125888264738
-0.08434730342084854	-1.9749153286073853	22.204052976532598
-0.1256727092112971	-1.9719147850786647	22.073932452635233
-0.16603475028854664	-1.9694914471664462	21.944754033400308
-0.2054672261338603	-1.967654259302992	21.816507820121014
-0.24400338585129827	-1.96641155830868	21.689184288892136
-0.2816759274185517	-1.9657711193730951	21.562774281015436
-0.3185169979393764	-1.965740200143	21.437268993520515
-0.35455819483494383	-1.9663255829804411	21.312659969842542
-0.38983056791436554	-1.967533615453312	21.18893909069263
-0.42436462226683747	-1.9693702491196534	21.066098565153847
-0.45819032192105974	-1.9718410766658647	20.944130922029572
-0.49133709421971045	-1.9749513674578376	20.823029001468555
-0.5238338348591655	-1.97870610156279	20.70278594688758
-0.5557089135471529	-1.983110002298324	20.583395197209192
-0.5869901802331585	-1.9881675673639168	20.46485047942953
-0.6177049718685981	-1.9938830986087368	20.347145801528892
-0.6478801196561298	-2.0002607304883644	20.23027544573446
-0.6775419567489798	-2.0073044572615597	20.11423396214463
-0.7067163263636067	-2.01501815897693	19.99901616272081
-0.7354285902705937	-2.023405626297896	19.884617115652212
-0.7637036376308662	-2.032470584213119	19.771032140096267
-0.791565894145409	-2.0422167146779575	19.658256801298748
-0.8190393314890375	-2.0526476782313714	19.546286906093854
-0.8461474769998565	-2.0637671346311675	19.43511849878584
-0.8729134235980237	-2.0755787625492603	19.324747857411122
-0.8993598399084316	-2.0880862783671286	19.215171490381323
-0.9255089805637361	-2.101293454110426	19.10638613350548
-0.9513826966652799	-2.115204134560318	18.998388747390326
-0.9770024463810354	-2.129822253577922	18.891176515216017
-1.0023893056604358	-2.1451518496766986	18.784746840886722
-1.0275639790476925	-2.1611970808766134	18.679097347552887
-1.0525468105759574	-2.1779622388724404	18.574225876503696
-1.0773577947260806	-2.195451762547519	18.47013048642685
-1.1020165874342573	-2.213670250862699	18.36680945303493
-1.1265425171344248	-2.232622475149391	18.264261269055293
-1.1509545958217238	-2.252313390834085	18.162484644582626
-1.1752715301246104	-2.272748148620798	18.061478507791854
-1.1995117323735527	-2.293932105156332	17.961242006011485
-1.2236933316557264	-2.3158708332026032	17.861774507154855
-1.2478341848449892	-2.338570131338397	17.763075601510746
-1.2719518875981797	-2.362036033212657	17.665145103890882
-1.2960637853083916	-2.386274816369343	17.567983056136566
-1.3201869840073053	-2.411293010663461	17.47158972998374
-1.3443383612088173	-2.4370974062863406	17.37596563028814
-1.3685345766870045	-2.463695061417375	17.281111498611416
-1.3927920831816736	-2.4910933095179635	17.187028317171038
-1.4171271370256118	-2.5192997662827215	17.093717313155405
-1.4415558086877582	-2.548322336261518	17.00117996340785
-1.4660939932272428	-2.578169219165156	16.90941799948198
-1.490757420653202	-2.6088489158659107	16.81843341307336
-1.5155616661860922	-2.6403702341035564	16.72822846183091
-1.5405221604161967	-2.6727422939060106	16.638805675553435
-1.565654199355513	-2.7059745327328453	16.55016786277624
-1.5909729543792217	-2.740076710348465	16.462318117754382
-1.6164934820534502	-2.775058913431005	16.375259827848275
-1.642230733845974	-2.810931559921475	16.288996681319144
-1.6681995657169328	-2.847705403116905	16.20353267554112
-1.6944147475863747	-2.885391535509487	16.11887212563886
-1.7208909726759938	-2.9240013923731385	16.03501967355832
-1.7476428667221546	-2.9635467550971994	15.95198029758025
-1.774684997057561	-3.0040397542660338	15.8697593222855
-1.8020318815587957	-3.0454928724818164	15.788362428982438
-1.8296979974570236	-3.0879189469265973	15.707795666606827
-1.8576977900090454	-3.1313311716582866	15.628065463105326
-1.8860456810260176	-3.1757430996341465	15.549178637313581
-1.9147560772566907	-3.2211686444534116	15.471142411341438
-1.9438433786222333	-3.2676220818097086	15.393964423477268
-1.9733219862993774	-3.3151180506422073	15.317652741624293
-2.0032063106485554	-3.3636715539730737	15.242215877281915
-2.0335107789832274	-3.4132979594167954	15.16766280008611
-2.0642498431767096	-3.4640129993458744	15.094002952922365
-2.0954379871021778	-3.515832770695106	15.021246267625893
-2.1270897339016366	-3.568773734385593	14.949403181283172
-2.159219653078686	-3.6228527143467772	14.878484653150535
-2.191842367410206	-3.678086896114007	14.808502182204275
-2.2249725596711536	-3.7344938249762807	14.73946782533812
-2.2586249791666733	-3.7920914036475457	14.671394216223065
-2.292814448064647	-3.8508978894317734	14.604294584845961
-2.3275558675219163	-3.9109318908508826	14.538182777741987
-2.3628642235964397	-3.972212363701541	14.473073278937017
-2.398754592937291	-4.034758606504934	14.408981231615265
-2.4352421482434568	-4.098590255310471	14.3459224605282
-2.472342163482109	-4.16372727781255	14.28391349515957
-2.510070018855943	-4.230189966736075	14.222971593661855
-2.548441205508804	-4.297998932444395	14.163114767578346
-2.5874713299574377	-4.367175094719242	14.104361807365496
-2.6271761182369064	-4.43773967366033	14.04673230872855
-2.667571419745966	-4.5097141796483475	13.99024669978338
-2.7086732107779756	-4.583120402312308	13.93492626905606
-2.750497597721472	-4.657980398437927	13.880793194331405
-2.7930608199139972	-4.734316478751097	13.827870572359608
-2.8363792521312257	-4.812151193506055	13.776182449429388
-2.880469406692617	-4.8915073168046215	13.72575385281395
-2.9253479351631255	-4.972407829568087	13.676610823094842
-2.9710316296295374	-5.054875901079811	13.628780447366278
-3.017537423528516	-5.138934869012055	13.582290893320438
-3.0648823920022044	-5.224608217846572	13.537171444211387
-3.113083751755141	-5.31191955559276	13.493452534693134
-3.162158860385387	-5.400892588703845	13.451165787523335
-3.212125215160559	-5.4915510950856135	13.410344051121264
-3.2630004512083906	-5.583918895088486	13.371021437964185
-3.3148023390887063	-5.6780198203667815	13.333233363802877
-3.367548781712724	-5.773877680485551	13.297016587671495
-3.4212578105731786	-5.87151622714902	13.262409252662271
-3.4759475812471097	-5.970959115920009	13.229450927429683
-3.5316363681304086	-6.072229865292925	13.19818264838293
-3.588342558362013	-6.175351812979142	13.168646962518244
-3.6460846448920385	-6.280348069255455	13.140887970836014
-3.7048812186482034	-6.3872414672250395	13.114951372278506
-3.7647509597489166	-6.496054509828112	13.090884508117123
-3.8257126277127425	-6.606809313440878	13.068736406706856
-3.8877850506086897	-6.71952754789081	13.04855782851688
-3.9509871130908354	-6.834230372713921	13.030401311334419
-4.01533774325682	-6.950938369472038	13.014321215527826
-4.080855898268367	-7.06967146994545	13.00037376924157
-4.147560548667851	-7.190448880009098	12.988617113382597
-4.215470661323997	-7.313288998999262	12.979111346242352
-4.284605180934683	-7.438209334369675	12.971918567583616
-4.3549830100138465	-7.5652264114357575	12.967102922003932
-4.426622987285612	-7.694355678000844	12.964730641369691
-4.499543864406933	-7.825611403657766	12.964870086095637
-4.573764280935263	-7.959006573554211	12.967591785024188
-4.649302737457723	-8.094552776414398	12.972968473637147
-4.726177566792621	-8.232260086604919	12.981075130309332
-4.804406903174398	-8.372136940039212	12.991989010289355
-4.884008649327636	-8.514190003712743	13.005789677066737
-4.965000441335907	-8.658424038669857	13.022559030757577
-5.047399611206817	-8.804841756205263	13.042381333112017
-5.1312231470350795	-8.953443667115431	13.065343228717163
-5.216487650660633	-9.104227923819547	13.091533761936999
-5.303209292719502	-9.257190155185729	13.12104438909831
-5.3914037649833855	-9.412323293911873	13.153968985397352
-5.481086229882918	-9.569617396327327	13.190403845966292
-5.572271267108324	-9.72905945450051	13.230447680501362
-5.664972817183768	-9.89063320056561	13.274201600817493
-5.7592041219080805	-10.054318903201096	13.321769100653551
-5.854977661562147	-10.22009315623501	13.373256027015133
-5.952305088777579	-10.387928659373868	13.428770542297832
-6.051197158970434	-10.557793991103118	13.488423076395764
-6.151663657243585	-10.729653373845066	13.552326267957039
-6.253713321668671	-10.903466431515023	13.62059489390819
-6.357353762860029	-11.07918793966474	13.693345786326283
-6.462591379765023	-11.256767568472654	13.770697735700548
-6.5694312715986225	-11.436149618900338	13.852771379583897
-6.677877145863432	-11.617272752415577	13.939689075600342
-6.787931222402776	-11.800069714756244	14.031574757736458
-6.899594133452062	-11.984467054306245	14.12855377481729
-7.012864819662374	-12.170384835741734	14.23075271003473
-7.127740422093356	-12.357736349721312	14.33829918037894
-7.244216170182215	-12.546427819491912	14.451321614797987
-7.3622852657239415	-12.736358105415485	14.569949009906233
-7.4819387629141465	-12.927418408539536	14.69431066205184
-7.60316544453591	-13.119491974479423	14.824535874562613
-7.725951694395257	-13.312453799018124	14.960753638998812
-7.85028136614342	-13.506170336987335	15.103092289269638
-7.976135648653625	-13.700499216148811	15.251679127503214
-8.103492928160968	-13.89528895797034	15.406640020616178
-8.232328647407025	-14.09037870735577	15.56809896658828
-8.362615162075345	-14.285597973572873	15.736177629532708
-8.494321594848962	-14.480766384807367	15.910994842753633
-8.6274136874705	-14.675693458961824	16.092666079105264
-8.761853651230906	-14.870178393499957	16.281302888101283
-8.897600016374302	-15.064009877338249	16.477012299398236
-9.034607480956545	-15.256965927965437	16.679896192456724
-9.172826759761634	-15.448813757165096	16.89005063240928
-9.312204433936028	-15.639309668885163	17.107565172397294
-9.452682802071031	-15.828198992974793	17.332522122918274
-9.594199733527327	-16.015216058660545	17.564995789021054
-9.736688524868088	-16.200084211778737	17.805051676523462
-9.880077760331977	-16.382515879893607	18.052745668780094
-10.024291177354085	-16.562212689534217	18.308123175929765
-10.169247538209108	-16.738865639843407	18.5712182589667
-10.314860508927826	-16.912155336972948	18.842052731442
-10.461038546699935	-17.081752293544433	19.120635242068982
-10.607684797050187	-17.24731729745466	19.406960342022977
-10.75469700213536	-17.408501854201784	19.701007541248757
-10.901967421574387	-17.564948706761427	20.002740358645926
-11.049382767270401	-17.7162924368208	20.312105371549826
-11.196824153740824	-17.86216015091249	20.629031270516307
-11.3441670655075	-18.002172254638307	20.953427925987324
-11.491281343132268	-18.135943317755405	21.285185473992726
-11.638031189499046	-18.26308303239453	21.624173428595494
-11.78427519796036	-18.38319726610899	21.970239829348834
-11.92986640395024	-18.495889210780543	22.323210432521694
-12.074652361656405	-18.600760627671495	22.682887955347628
-12.21847524729549	-18.697413188069895	23.04905138294279
-12.361171990487808	-18.78544990806675	23.42145534791331
-12.502574435146856	-18.864476675003598	23.79982959293404
-12.64250953120785	-18.934103862061207	24.183878526780692
-12.780799558394238	-18.993948026315458	24.57328088436211
-12.917262383084964	-19.04363368438946	24.967689501278308
-13.05171174917854	-19.082795158579863	25.366731213263247
-13.183957603658282	-19.11107848504853	25.770006890559852
-13.313806457351312	-19.12814337436498	26.177091616823397
-13.441061781138215	-19.13366521337471	26.58753502153878
-13.565524437603282	-19.127337096073312	27.000861774133362
-13.686993147841	-19.108871869910914	27.416572247037134
-13.805264992819785	-19.078004182755038	27.834143353773733
-13.920135948394243	-19.03449251462881	28.253029566900157
-14.031401452705555	-18.97812117734282	28.672664119090374
-14.138857004370314	-18.90870226427303	29.092460389059642
-14.242298789489402	-18.82607753183688	29.51181347220816
-14.34152433514457	-18.730120193706092	29.930101933944076
-14.436333186684204	-18.62073660849123	30.346689741608355
-14.526527605736774	-18.497867841562673	30.76092836879344
-14.611913285534516	-18.361491081857675	31.172159063642976
-14.692300079791437	-18.21162089497494	31.579715270494585
-14.76750274106251	-18.04831029458724	31.982925192009283
-14.837341664216602	-17.871651615222767	32.38111447673938
-14.901643630393531	-17.681777170778187	32.77360901497049
-14.960242546594822	-17.478859684715566	33.15973782369808
-15.012980175876123	-17.26311247976511	33.538835999766235
-15.059706852975053	-17.03478941708885	33.91024771855881
-15.10028218012864	-16.794184577223696	34.27332925424887
-15.134575697808916	-16.541631677698987	34.62745199649081
-15.162467525139327	-16.277503224970705	34.97200543763057
-15.183848964848792	-16.002209401200187	35.30640010402702
-15.198623067776545	-15.716196689384178	35.63007040494726
-15.206705152160643	-15.419946243351232	35.94247737275457
-15.208023273221906	-15.113972012159236	36.24311126871622
-15.202518638894505	-14.798818631365203	36.53149402977212
-15.190145967948665	-14.475059096485746	36.80718153296207
-15.170873787198	-14.143292236636944	37.06976565593829
-15.144684664975944	-13.804140008781959	37.31887611406098
-15.111575378598792	-13.458244635232022	37.55418205691462
-15.07155701409902	-13.106265608931176	37.77539340971635
-15.024654997103058	-12.748876592607921	37.98226194793402
-14.97090905433738	-12.386762239081186	38.174582096440375
-14.910373105860936	-12.020614960790445	38.35219144768068
-14.843115088742268	-11.651131677053202	38.514970996516965
-14.769216713504695	-11.279010567530948	38.66284509263921
-14.688773155252422	-10.904947859984505	38.79578111459859
-14.60189268195641	-10.529634679620441	38.913788872580696
-14.508696222907222	-10.153753986158446	39.0169197499589
-14.409316880832446	-9.777977623252326	39.10526559638397
-14.303899391619403	-9.402963503086724	39.17895738764452
-14.192599535969887	-9.02935294687535	39.23816366973767
-14.075583507655876	-8.657768199709512	39.28308880647845
-13.95302724330939	-8.288810135681423	39.313971051552684
-13.825115718899733	-7.923056166615751	39.33108046713771
-13.69204221819276	-7.561058365014911	39.33471671209416
-13.554007578582677	-7.203341809116162	39.325206723255306
-13.411219419703567	-6.85040315520983	39.30290231352605
-13.263891360196917	-6.502709439713755	39.26817771035652
-13.112242227917614	-6.160697110924898	39.22142705769921
-12.956495268724398	-5.8247712879527365	39.163061903819596
-12.79687735879736	-5.495305242045577	39.09350869632987
-12.633618225198969	-5.172640093469614	39.01320630459384
-12.466949679115906	-4.857084715227068	38.92260358823455
-12.29710486592123	-4.548915833284662	38.82215702890899
-12.124317535850993	-4.248378311565649	38.71232844081493
-11.94882133875625	-3.9556856088478924	38.5935827736284
-11.770849146000645	-3.6710203937627823	38.466386019727295
-11.590632402224006	-3.394535303471962	38.331203235725006
-11.40840050928851	-3.1263538311218952	38.18849668648501
-11.224380244360953	-2.866571326986514	38.03872411799807
-11.038795213702128	-2.6152560981784085	37.882337163758834
-10.851865343380322	-2.3724505919936316	37.7197798876303
-10.66380640776548	-2.1381726482771897	37.551487464620415
-10.474829596337512	-1.9124168066942804	37.37788499956066
-10.285141119019585	-1.6951556553900267	37.1993864823517
-10.094941849962368	-1.486341208244896	37.01639387726063
-9.904427009432961	-1.2859062987278527	36.82929634270225
-9.713785883212331	-1.0937659792086505	36.63846957701845
-9.523201578690704	-0.909818915508012	36.444275284999286
-9.332850816653895	-0.7339487674017066	36.24706075924478
-9.142903757579024	-0.5660255467424893	36.04715856994754
-8.953523861114853	-0.40590694581739917	35.84488635628558
-8.764867777298475	-0.2534396294931051	35.64054671233423
-8.577085267964222	-0.10846048561613225	35.43442716023607
-8.390319156715764	0.0292021709941136	35.22680020328238
-8.204705305785305	0.1597274447781414	35.01792345157969
-8.020372618051226	0.2833007589371846	34.808039813044644
-7.837443062483158	0.40011281049546216	34.59737774264346
-7.65603172126189	0.5103585825504333	34.38615154298302
-7.47624685684073	0.6142364147084188	34.174561709629266
-7.298189997232548	0.7119471321425982	33.962795314819886
-7.121956037845045	0.8036932332022274	33.75102642357175
-6.947633358225377	0.8896781350567293	33.53941653652902
-6.775303952127515	0.9701054764651807	33.328115054266
-6.605043569374904	1.0451784764221794	33.11725975813712
-6.436921868058312	1.1150993471414692	32.90697730315213
-6.271002575668772	1.1800687596019885	32.69738371872563
-6.1073436578452345	1.2402853596810612	32.488584913536286
-5.945997493483856	1.2959453327472183	32.280677181090674
-5.7870110550383345	1.34724201446471	32.07374770295235
-5.6304260929086665	1.3943655454812307	31.867875046929303
-5.476279322897633	1.4375025676149402	31.663129657847563
-5.3246026157834	1.4768359591328375	31.4595743388408
-5.175423188135751	1.5125446067086674	31.25726472138373
-5.028763793572576	1.5448032116682016	31.056249722566015
-4.884642913720097	1.5737821281667599	30.85657198835188
-4.743074948212414	1.599647230994182	30.65826832181066
-4.604070403126996	1.62255981076754	30.46137009551267
-4.467636077314247	1.6426764943461918	30.26590364747982
-4.3337752461407755	1.6601491883859065	30.07189066026122
-4.202487842213303	1.6751250440388161	29.879348522851608
-4.073770632713245	1.6877464408976461	29.6882906753281
-3.947617393012076	1.6981509883805481	29.498726936194387
-3.8240190762858544	1.7064715428504864	29.310663812535825
-3.702963978889531	1.7128362388618943	29.124104793185335
-3.5844379012935255	1.7173685330255415	28.939050625187242
-3.4684243044159513	1.7201872590800027	28.755499573909265
-3.354904461223591	1.7214066928528775	28.57344766722235
-3.243857603498492	1.721136625887799	28.392888924207213
-3.1352610637027047	1.7194824466026617	28.213815568898756
-3.029090411892055	1.7165452279309101	28.036218229600287
-2.9253195876581994	1.712421820480273	27.860086124332234
-2.8239210270945203	1.7072049503220563	27.685407232990077
-2.7248657848042623	1.7009833205989855	27.512168456804588
-2.6281236509831665	1.6938417162103057	27.340355765698774
-2.533663263624481	1.6858611108995474	27.16995433413856
-2.4414522159061693	1.6771187761329154	27.00094866606931
-2.3514571588347333	1.6676883912151954	26.833322709529586
-2.263643899226089	1.6576401541445678	26.667059961517033
-2.177977493114865	1.6470408927588667	26.502143563673386
-2.0944223346897517	1.635954175773085	26.338556389339526
-2.012942240859498	1.6244404233518555	26.176281122516986
-1.9335005315586589	1.612557016901061	26.01530032925385
-1.8560601059065127	1.6003584078000563	25.855596521954876
-1.7805835143347641	1.5878962248300845	25.697152217094
-1.7070330268048295	1.5752193800863195	25.53994998679312
-1.6353706972337383	1.5623741731891772	25.383972504703408
-1.5655584242519205	1.5494043936372526	25.229202586611507
-1.4975580084136424	1.5363514211676088	25.075623226165806
-1.4313312059842758	1.5232543240114234	24.923217626105
-1.366839779425051	1.5101499549520971	24.771969225344215
-1.3040455446971717	1.4970730451110557	24.621861722258625
-1.2429104155045274	1.4840562954022098	24.472879094481794
-1.1833964445942973	1.4711304656107422	24.32500561552069
-1.1254658622313969	1.4583244610644817	24.178225868467287
-1.0690811119620003	1.4456654168779317	24.032524757071876
-1.0142048837781925	1.4331787797590976	23.88788751442383
-0.9608001447942965	1.4208883873785962	23.744299709471118
-0.9088301675424663	1.4088165453085197	23.601747251593093
-0.858258555992584	1.396984101545691	23.460216393426098
-0.8090492693985676	1.3854105186401562	23.31969373212646
-0.7611666440714111	1.3741139434554916	23.180166209244494
-0.7145754131752063	1.3631112745919611	23.04162110936681
-0.6692407246404187	1.352418227507908	22.9040460576744
-0.6251281572853805	1.3420493973781846	22.767429016551105
-0.5822037352341944	1.332018319731469	22.631758281366608
-0.5404339407167253	1.3223375289109336	22.497022475548793
-0.49978572533302906	1.3130186144047302	22.363210545049505
-0.46022651986153557	1.3040722750944325	22.230311752297872
-0.42172424268846775	1.29550837147119	22.09831566973017
-0.38424730693206316	1.287335975870151	21.967212172973625
-0.34776462633320504	1.2795634207746933	21.836991433756776
-0.3122456199810893	1.2721983452424857	21.707643912611214
-0.2776602159396267	1.2652477395056863	21.579160351422157
-0.24397885383849321	1.2587179877978951	21.45153176588227
-0.21117248648930648	1.2526149094602639	21.3247494378945
-0.17921258058553963	1.2469437983791194	21.19880490796689
-0.14807111654187302	1.2417094608070531	21.073689967635733
-0.11772058752701811	1.236916251619139	20.949396651951925
-0.08813399774100937	1.2325681090552756	20.825917232058533
-0.05928485998621217	1.2286685879991301	20.70324420788584
-0.031147192578796726	1.2252208918434266	20.5813703009856
-0.0036955156457905173	1.2222279029906242	20.46028844752503
0.023095153149818054	1.219692212037157	20.33999179145606
0.04924930341495006	1.2176161456886025	20.22047367787463
0.07479093732460394	1.2160017934522267	20.101727646581153
0.09974357537497694	1.2148510331524565	19.98374742585347
0.12413026255666341	1.214165555313837	19.866526926438716
0.14797357491422364	1.2139468864550913	19.750060235771585
0.17129562646049604	1.2141964113368917	19.63434161242295
0.19411807641523227	1.2149153942049655	19.519365480783605
0.21646213673963963	1.2161049990691313	19.40512642598448
0.2383485799395183	1.2177663090578534	19.291619189055716
0.259797747111568	1.2199003448869004	19.178838662323756
0.28082955620823946	1.2225080824796453	19.066779885048035
0.3014635104984659	1.2255904697755646	18.95543803929482
0.3217187072024709	1.2291484427624662	18.844808446047573
0.3416138462803815	1.2331829407669987	18.73488656155106
0.36116723935522665	1.2376949210369623	18.625667973887893
0.38039681875238335	1.2426853726479992	18.517148399784098
0.39932014663843723	1.24815532976625	18.409323681641002
0.41795442424364126	1.2541058842976458	18.302189784789704
0.4363165011528306	1.260538197953464	18.195742794966026
0.4544228846510378	1.2674535137609664	18.089978916001556
0.4722897491106455	1.2748531670469156	17.984894467728047
0.489932945408096	1.2827385959209836	17.880485884090863
0.507368010358647	1.2911113512850247	17.776749711469307
0.5246101761588383	1.2999731063934687	17.67368260719966
0.5416743798268432	1.3093256659891166	17.57128133829832
0.5585752726318616	1.3191709750379157	17.46954278038119
0.5753272295040954	1.3295111270853026	17.368463916777436
0.5919443584178093	1.3403483722560474	17.268041837834225
0.6084405097404288	1.351685124918648	17.168273740410303
0.6248292855414211	1.363523971034667	17.069156927555447
0.6411240488549909	1.375867675212467	16.97068880837472
0.6573379328914465	1.3887191874842264	16.872866898075074
0.6734838501925107	1.4020816498243518	16.77568881819268
0.6895745017262852	1.415958402426638	16.67915229700004
0.7056223859180798	1.4303529897568603	16.583255170091906
0.7216398076139677	1.445269166396998	16.487995381148107
0.7376388869737095	1.4607109026960567	16.393370982875517
0.753631568291088	1.4766823902427089	16.299380138125596
0.7696296287390503	1.4931880471734291	16.206021121190414
0.7856446870379857	1.5102325233296872	16.113292319276738
0.8016882120458937	1.5278207052772939	16.021192234157805
0.8177715312687125	1.5459577211995614	15.929719484006958
0.8339058392906336	1.564648945676691	15.838872805410654
0.850102206123211	1.5839000043618643	15.748651055565928
0.866371585473076	1.6037167785647257	15.659053214663361
0.8827248229283698	1.624105409752525	15.570078388456759
0.899172664063449	1.6450723039776989	15.481725811025226
0.9157257624627387	1.6666241362414846	15.393994847727592
0.9323946876637336	1.6887678548013398	15.306884998355246
0.9491899330199669	1.71151068543021	15.220395900486254
0.9661219234846973	1.7348601356348867	15.134527333045222
0.9832010233163012	1.7588239988403243	15.049279220073126
1.000437543706224	1.7834103585459022	14.964651634713235
1.017841750330782	1.8086275924595656	14.880644803417685
1.035423870828052	1.8344843766150458	14.797259110380624
1.0531941022010336	1.8609896894766655	14.714495102204829
1.0711626181487668	1.8881528160363366	14.632353492806999
1.0893395763263798	1.9159833519057103	14.550835168571016
1.1077351255359926	1.9444912074072556	14.469941193754583
1.1263594128498464	1.9736866116666607	14.389672816157859
1.1452225906670634	2.0035801167084024	14.310031473063018
1.1643348237057198	2.0341826015562248	14.23101879745284
1.1837062959317746	2.0655052763394925	14.152636624517589
1.2033472174261939	2.097559686405518	14.074886998460633
1.2232678311921288	2.1303577164382808	13.997772179611436
1.2434784199029394	2.1639115945816685	13.921294651859156
1.2639893125932657	2.1982338965671695	13.84545713041483
1.284810891293742	2.2333375498427737	13.770262569916612
1.3059535976110253	2.2692358377010913	13.695714172888518
1.3274279392541035	2.305942403402994	13.621815398566088
1.349244496507833	2.343471254292541	13.548569972102431
1.3714139286550195	2.3818367658990076	13.475981894167091
1.3939469803472377	2.4210536860194316	13.404055450954042
1.4168544879254943	2.4611371387760594	13.332795224612063
1.4401473856908849	2.50210262864089	13.26220610411404
1.4638367121258742	2.5439660444197836	13.192293296580152
1.4879336160658645	2.586743663186327	13.123062339072877
1.5124493628213216	2.6304521541561057	13.054519110879935
1.5373953402498381	2.675108582489858	12.98666984630376
1.5627830647777032	2.7207304130136922	12.919521147975534
1.5886241873701785	2.7673355138432183	12.85308000071271
1.614930499449007	2.8149421598965825	12.787353785940683
1.6417139387560615	2.8635690362813526	12.722350296697856
1.6689865951614349	2.913235241538403	12.658077753245086
1.696760716413213	2.963960290723247	12.594544819302563
1.7250487138274317	3.015764118306763	12.531760618933996
1.7538631679142396	3.0686670808719296	12.469734754103518
1.7832168339380254	3.122689959585466	12.408477322926325
1.8131226474068507	3.1778539624179705	12.347998938639144
1.8435937294875593	3.2341807260870596	12.288310749313876
1.8746433923413666	3.291692317694161	12.229424458340578
1.9062851443752349	3.3504112360254763	12.171352345704435
1.9385326954022266	3.410360412482641	12.114107290084874
1.9713999617055662	3.471563211610305	12.057702791801406
2.004901070997915	3.5340434311806823	12.002152996635987
2.039050367269426	3.5978253017976574	11.947472720557235
2.0738624155148853	3.662933485975685	11.893677475376604
2.1093520063312177	3.729393076649115	11.840783495363937
2.145534160375024	3.7972295950631008	11.788807764851446
2.182424132669184	3.8664689879945615	11.737768046854967
2.2200374167464028	3.9371376242478866	11.687682912741757
2.2583897486170517	4.009262290367414	11.638571772973515
2.297497110546926	4.082870185503699	11.590454908954184
2.3373757346304274	4.157988915368547	11.543353506010506
2.3780421061422543	4.234646485207311	11.497289687534753
2.4195129666506605	4.3128712917148695	11.452286550316902
2.461805316873251	4.392692113815705	11.408368201093952
2.504936419255376	4.474138102224572	11.365559794342731
2.5489238002491983	4.557238767698248	11.32388757134203
2.59378525227111	4.642023967885704	11.283378900527653
2.6395388353113995	4.728523892674482	11.244062319164438
2.686202878171192	4.816769047930575	11.205967576355015
2.7337959792976965	4.906790237518996	11.169125677405003
2.782337007187659	4.99861854348726	11.133568929561354
2.8318451003270266	5.092285304287647	11.099330989137684
2.882339666632787	5.187822090907339	11.066446910037316
2.933840382360164	5.285260680767248	11.034953193681778
2.9863671904370697	5.384633029244889	11.004887840347612
3.03994029818397	5.485971238666427	10.976290401910893
3.09458017437639	5.589307524608079	10.949202035992766
3.150307545602753	5.6946741793352516	10.923665561494765
3.207143391868545	5.802103532201289	10.899725515505752
3.2651089413960763	5.911627906821172	10.877428211554859
3.324225664562608	6.023279574819935	10.856821799178718
3.384515266920223	6.1370907059534066	10.837956324760901
3.44599968123501	6.253093314384731	10.820883793593325
3.508701058480289	6.371319200891564	10.805658233098521
3.572641757716103	6.491799890771045	10.792335757140128
3.6378443347821534	6.614566567197237	10.780974631336926
3.704331529726346	6.739649999773532	10.77163533928209
3.772126252891328	6.867080468020351	10.764380649553688
3.8412515695727043	6.996887679519949	10.75927568338716
3.9117306831604792	7.1291006824341085	10.756387982862332
3.9835869166713027	7.263747772101589	10.755787579438344
4.056843692572052	7.400856391407927	10.75754706264921
4.131524510795428	7.540453024619966	10.761741648749988
4.207652924838231	7.682563084358849	10.768449249079467
4.2852525158305825	7.827210791381737	10.777750537878651
4.364346864461172	7.974419046838183	10.789729019276374
4.444959520636441	8.124209296656499	10.804471093122926
4.527113970744437	8.276601387705988	10.822066119319256
4.610833602398255	8.431613415393663	10.842606480256059
4.6961416665152695	8.58926156232591	10.86618764093719
4.783061236597136	8.749559927690006	10.892908206324543
4.871615165063609	8.912520346997958	10.922869975397962
4.961826036485145	9.07815220183243	10.956177991377077
5.053716117568021	9.246462219264494	10.992940587508416
5.147307303726504	9.41745426059436	11.033269427765983
5.242621062081338	9.591129099094065	11.077279541762511
5.33967837072199	9.767484186450208	11.125089353113916
5.438499654058584	9.946513407609114	11.1768207004367
5.539104714097326	10.128206823770594	11.232598850101258
5.641512657465349	10.312550403295	11.292552499797395
5.745741818007557	10.499525740319879	11.356813771900118
5.851809674789392	10.689109760944921	11.425518195561645
5.959732765326606	10.881274416867946	11.498804676377196
6.069526593871009	11.075986366421485	11.57681545240239
6.181205534593432	11.2732066430398	11.659696035232976
6.294782729488691	11.472890311221581	11.747595134768375
6.410269980857432	11.674986110178532	11.840664566221719
6.527677638210943	11.879436085422858	11.939059137852745
6.647014479462603	12.086175208663892	12.042936517831127
6.768287586281843	12.295130986499316	12.152457078566304
6.89150221349692	12.506223058507164	12.267783716767013
7.0166616524557375	12.719362785495457	12.3890816474333
7.143767088272416	12.934452828818168	12.516518169922795
7.272817450902628	13.15138672182191	12.650262404171386
7.4038092600355325	13.370048434702726	12.790484995120964
7.536736463800729	13.590311934218297	12.937357783352398
7.671590271332457	13.81204073993276	13.091053439906965
7.808358979274173	14.035087478906462	13.251745063272997
7.947027792344353	14.259293440981764	13.419605736515585
8.087578638127669	14.484488137072365	13.594808042546509
8.229989976322996	14.710488863166297	13.777523535595444
8.374236602715415	14.937100273010595	13.96792216698723
8.520289448224643	15.164113962788667	14.166171663454227
8.668115373432997	15.391308071392249	14.37243685631796
8.81767695907494	15.61844690022807	14.586878960039478
8.968932293057007	15.845280556848465	14.809654798844354
9.121834754650845	16.07154462702155	15.040915980348757
9.276332796595996	16.29695988020787	15.280808015394689
9.432369725956308	16.521232013771385	15.529469383644264
9.589883484652344	16.744051441557584	15.787030544821047
9.748806430725676	16.965093132839336	16.05361289595323
9.909065121486172	17.184016507918763	16.329327675429532
10.070580099804927	17.40046539695763	16.61427481520774
10.233265684952912	17.614068068892887	16.908541743141985
10.397029769491999	17.8244373374934	17.212202138025066
10.561773623847003	18.03117075178709	17.52531464065209
10.72739171032947	18.233850878229465	17.847921525018105
10.893771508480905	18.432045682003206	18.18004733454398
11.060793353745959	18.625309014844007	18.52169748914862
11.22833029159204	18.81318121666334	18.8728568698983
11.396247949300237	18.99518983802992	19.233488388934042
11.564404427764789	19.17085049026602	19.603531553408427
11.732650215722721	19.339667829470553	19.982901033184646
11.900828128905825	19.50113668020736	20.37148524308006
12.06877327670157	19.654743303923883	20.769144951556935
12.236313058906365	19.799966816264153	21.175711928689502
12.403267195228992	19.936280756482414	21.590987647353995
12.569447790164455	20.06315481095833	22.01474205245378
12.734659435839806	20.180056691493654	22.446712413884995
12.89869935539077	20.286454167584843	22.886602279765512
13.061357589316541	20.38181725019002	23.334080547054796
13.222417227134125	20.465620522697925	23.788780667197575
13.381654686508202	20.537345612856733	24.250300004810164
13.538840041792275	20.596483797307087	24.718199367461825
13.693737403702272	20.642538728175516	25.192002724595895
13.846105351521432	20.675029268870684	25.671197133192805
13.995697418916382	20.693492423873515	26.155232887191794
14.142262634051294	20.697486344917202	26.6435239067163
14.285546114271215	20.68659339357229	27.13544838192394
14.425289715140497	20.660423237917776	27.630349684657897
14.561232733136066	20.61861595874344	28.127537559222432
14.69311266072661	20.56084513863823	28.626289601254843
14.820665992016346	20.486820905422128	29.125853031146796
14.943629076512742	20.396292899736498	29.62544676548616
15.061739017957775	20.289053135271484	30.124263786771138
15.174734614541663	20.164938719115728	30.621473808211196
15.28235733616702	20.023834399141816	31.116226226656625
15.384352333800935	19.86567490522145	31.607653352794834
15.480469475354212	19.690447051409404	32.09487390380336
15.570464401920681	19.498191567145454	32.57699673948688
15.65409959767054	19.289004626953155	33.05312481890225
15.731145466195882	19.063039050099512	33.52235935052725
15.801381405656974	18.820505144262953	33.983804105171686
15.864596874721503	18.56167117034589	34.436569857344715
15.920592441000354	18.28686340920586	34.87977891758035
15.969180803486907	17.996465815211938	35.312569715429156
16.01018778041683	17.69091924606929	35.73410139058455
16.043453253971624	17.37072026329855	36.14355834787433
16.068832063374845	17.036419502949457	36.54015473080822
16.08619483816277	16.68861962154663	36.92313876796817
16.095428763759625	16.327972827812925	37.29179694681942
16.096438271954337	15.95517801617683	37.64545797064321
16.08914564944327	15.570977523543876	37.98349645601206
16.073491558282065	15.176153535959502	38.30533633079828
16.04943546285882	14.771524176679316	38.610453895890664
16.016955958858365	14.357939311618887	38.898380517638564
15.976051000613722	13.93627611203457	39.168704922503906
15.926738024229948	13.507434417648822	39.42107507029215
15.869053964897263	13.072331946063457	39.655199587680194
15.803055167867255	12.631899396203655	39.870848749402874
15.728817193632105	12.187075494675343	40.06785500028618
15.64643451891917	11.738802034342624	40.246113017191256
15.556020136132897	11.288018953883551	40.40557931585762
15.45770505489394	10.835659506013553	40.546271413286334
15.351637710247516	10.382645560015757	40.66826656180712
15.237983282998234	9.929883081677376	40.77170007603062
15.116922938408402	9.47825783044809	40.85676327854279
14.988652990190952	9.028631309864947	40.923701094301585
14.853383997316708	8.581837003054202	40.972809327209575
14.711339801652205	8.138676920587173	41.0044316552053
14.562756514783082	7.699918483030866	41.01895638243311
14.407881462661928	7.26629175565612	41.01681298855387
14.24697209683386	6.838487047650278	40.99846851610478
14.080294881027886	6.417152883225653	40.964423836981055
13.90812416181847	6.002894347158408	40.91520983864996
13.730741031871073	5.596271802644343	40.851383569651674
13.548432194005892	5.197799975017823	40.773524382348484
13.361488833962884	4.80794739091904	40.682230108823894
13.170205509278837	4.427136158834126	40.57811330334862
12.974879061232276	4.055742073889855	40.461797582045946
12.775807556197828	3.694095026977001	40.333914087297835
12.573289262206739	3.342479696178412	40.195098101208586
12.367621665846839	3.001136496674754	40.045985829060605
12.159100534000704	2.670262764068263	39.88721137029149
11.94801902426478	2.3500141452566137	39.71940389112737
11.73466684724667	2.040506170621614	39.54318500969458
11.519329483267299	1.7418159812736593	39.35916640121307
11.302287455405851	1.4539841855257938	39.167947627873254
11.083815660190984	1.1770168194152923	38.97011419514083
10.864182756702153	0.9108873871054535	38.76623583365808
10.643650614290328	0.655538958176016	38.556865003539315
10.42247381864883	0.410886300226968	38.34253561578118
10.20089923550337	0.1768180267516054	38.12376196367603
9.979165630812227	-0.046801258082100824	37.90103785559151
9.757503345964727	-0.260128834426592	37.67483593915065
9.536134026203207	-0.4633417763961004	37.44560720586594
9.315270400185003	-0.656634909502662	37.21378066445453
9.09511610840661	-0.8402188272626042	36.97976317053299
8.875865578016679	-1.014317976667993	36.743939400028516
8.657703941409608	-1.1791688205816349	36.506671953493935
8.44080699587969	-1.3350180835730474	36.26830157851918
8.22534120157692	-1.482121086238155	36.02914749762987
8.011463714923492	-1.6207401717320373	35.78950782930929
7.799322454699601	-1.7511432269650375	35.54966009024748
7.589056197969603	-1.8736022998291568	35.30986176735547
7.380794703113823	-1.988392312778336	35.070350948709944
7.17465885726328	-2.0957898722143247	34.831347003185144
6.970760845516388	-2.196072172345467	34.59305129919695
6.769204339425	-2.289515991504942	34.35564795369279
6.570084702333148	-2.376396778350935	34.119304603216015
6.373489209257613	-2.4569878249012644	33.884173189571655
6.17949727914402	-2.5315595229614867	33.6503907533492
5.988180717433404	-2.6003787002170498	33.418080229215946
5.799603967016266	-2.663708032029381	33.18735123757473
5.613824365787744	-2.7218055248183557	32.958300867826644
5.43089240912624	-2.774924066825917	32.73101444906044
5.250852015769661	-2.82331104200586	32.505566304591945
5.073740795680908	-2.867208002793965	32.282020487303065
4.8995903186066005	-2.906850397560697	32.06043149321588
4.728426382179883	-2.942467348621301	31.84084495123342
4.560269278495843	-2.974281476795722	31.62329828735529
4.395134058231021	-3.0025087686339016	31.40782136210371
4.233030791466078	-3.0273584825764877	31.194437080223388
4.07396482446467	-3.04903309048544	30.983161972025368
3.9179370317629325	-3.067728251151816	30.77400674603495
3.7649440630162583	-3.083632812569532	30.56697681285796
3.6149785841065554	-3.0969288399527164	30.362072780363324
3.468029512118375	-3.1077916666576315	30.159290920507527
3.3240822438341797	-3.116389965360081	29.958623608251095
3.1831188774799672	-3.122885837021333	29.76005973317697
3.045118427508933	-3.1274349153564747	29.563585084533074
2.910057032249563	-3.130186484694689	29.36918271049489
2.777908154308087	-3.1312836092885568	29.17683325254076
2.6486427736551716	-3.130863272291809	28.98651525588673
2.5222295733575404	-3.1290565227791216	28.798205456959852
2.3986351179615135	-3.1259886293276073	28.6118790489361
2.277824024554836	-3.121779238817753	28.427509926370984
2.159759126567423	-3.1165425392411787	28.245070909969986
2.044401630400445	-3.110387425424486	28.064533952553298
1.9317112649775086	-3.103417666691083	27.885870327236514
1.8216464243455288	-3.0957320755885935	27.70905079885844
1.7141643034654759	-3.087424676907072	27.534045779663835
1.6092210273336203	-3.0785848763022408	27.360825470204208
1.5067717736049548	-3.069297627922031	27.189359986424048
1.4067708888823318	-3.0596436005094505	27.01961947384174
1.3091719988479673	-3.0496993415244105	26.85157420971032
1.2139281124239196	-3.0395374388908203	26.68519469401587
1.120991720143236	-3.0292266800318073	26.5204517301199
1.0303148869238692	-3.0188322079086034	26.357316495827856
0.9418493394350086	-3.0084156738252106	26.195760605621544
0.8555465482456216	-2.998035386803087	26.035756164754524
0.7713578049494557	-2.9877464593685974	25.877275815881077
0.6892342944523928	-2.977600949628979	25.720292778839056
0.6091271626123147	-2.9676479995435274	25.564780884181722
0.530987579418575	-2.9579339693234497	25.41071460101744
0.45476679788935054	-2.9485025679168233	25.258069059670035
0.3804162088703087	-2.9393949795570826	25.106820069655644
0.3078873919101561	-2.930649986371248	24.956944133431985
0.23713216238228355	-2.922304087059861	24.808418456340064
0.16810261502313156	-2.9143916116751702	24.66122095314015
0.10075116404971815	-2.9069448325356495	24.515330251508118
0.0350305800132085	-2.899994071325121	24.37072569282902
-0.0291059764535221	-2.8935678024341582	24.22738733061141
-0.09170492384777722	-2.8876927526080385	24.08529592680777
-0.15281223182348747	-2.8823939969720564	23.944432946309764
-0.21247339588956227	-2.8776950515102415	23.8047805498717
-0.2707334146491664	-2.8736179620769735	23.666321585679455
-0.32763676944499553	-2.8701833900249634	23.529039579783046
-0.38322740628857654	-2.867410694534802	23.39291872557421
-0.43754871995020245	-2.865318011733577	23.2579438724876
-0.49064354009313904	-2.863922330690967	23.124100514083292
-0.5425541193413508	-2.863239566381921	22.991374775650574
-0.593322123171461	-2.863284629705324	22.85975340146711
-0.6429886215266077	-2.864071494647798	22.72922374182824
-0.6915940820531178	-2.8656132626813138	22.599773739952028
-0.7391783648637906	-2.867922224482462	22.471391918858153
-0.7857807187385103	-2.8710099190602096	22.34406736830111
-0.8314397786734725	-2.8748871903776707	22.217789731837772
-0.8761935646961414	-2.8795642415519778	22.092549194095582
-0.9200794818666301	-2.8850506867148127	21.96833646829998
-0.9631343213885476	-2.8913556006143395	21.845142784115925
-1.0053942627568264	-2.8984875660375358	21.722959875849003
-1.0468948768732405	-2.9064547191300414	21.601779971046007
-1.0876711300625863	-2.9152647926885327	21.48159577953221
-1.1277573889269188	-2.9249251574987984	21.36240048291381
-1.1671874259776402	-2.9354428617906336	21.244187724571233
-1.2059944259868463	-2.9468246688782083	21.126951600168763
-1.24421099300488	-2.9590770930531773	21.01068664869408
-1.2818691579906827	-2.9722064337949456	20.89538784404704
-1.3190003870060392	-2.9862188083608685	20.781050587188364
-1.3556355899263948	-3.0011201828168423	20.667670698858853
-1.3918051296235756	-3.0169164015667187	20.555244412876647
-1.4275388315776902	-3.0336132154367705	20.44376837001894
-1.4628659938783108	-3.0512163083696495	20.333239612490775
-1.497815397575469	-3.0697313227794534	20.223655578987096
-1.532415317345533	-3.089163883618665	20.115014100344943
-1.5666935324363227	-3.1095196212044907	20.00731339578968
-1.6006773378590222	-3.1308041928507175	19.900552069773795
-1.6343935557960618	-3.1530233033492356	19.794729109406397
-1.667868547195268	-3.1761827243430782	19.689843882472477
-1.701128223522513	-3.20028831263109	19.585896136039285
-1.7341980586464825	-3.22534602744234	19.48288599564714
-1.7671031008303648	-3.2513619467163215	19.380813965082336
-1.7998679848070693	-3.2783422824233956	19.279680926728172
-1.8325169439150268	-3.306293394957439	19.17948814249262
-1.8650738222736751	-3.33522180663141	19.08023725530832
-1.8975620869783627	-3.3651342143043133	18.981930291202325
-1.9300048402954149	-3.3960375011661244	18.88456966193314
-1.9624248318392705	-3.4279387477055003	18.788158168192243
-1.9948444707147692	-3.4608452418835363	18.692699003366837
-2.0272858376072955	-3.4947644885337352	18.598195757864357
-2.0597706968065252	-3.529704218008708	18.504652423993083
-2.092320508147771	-3.565672394089829	18.412073401400665
-2.124956438857384	-3.602677221175942	18.320463503067707
-2.1576993752886096	-3.6407271507647203	18.229827961855634
-2.1905699345348206	-3.679830887238312	18.140172437608836
-2.22358847590765	-3.7199973929631214	18.05150302481088
-2.2567751122685853	-3.761235892712379	17.963826260793635
-2.2901497212014457	-3.803555877416398	17.877149134502492
-2.3237319560157825	-3.8469671072461957	17.79147909581527
-2.3575412565694553	-3.8914796140317147	17.706824065418132
-2.391596859900079	-3.937103703015327	17.623192445239205
-2.425917810655035	-3.98384995393909	17.54059312944114
-2.4605229713098056	-4.031729221462099	17.45903551597467
-2.4954310321643427	-4.0807526349020105	17.378529518695384
-2.5306605211080297	-4.130931597293847	17.299085580044657
-2.5662298131421757	-4.182277783754769	17.220714684299292
-2.602157139651439	-4.234803139144918	17.143428371388833
-2.638460597412914	-4.28851987500858	17.06723875128549
-2.675158157333263	-4.343440465780205	16.99215851896746
-2.712267672903848	-4.399577644237274	16.918200969957024
-2.7498068883621385	-4.456944396177483	16.845380016437467
-2.787793446550342	-4.515553954299769	16.773710203946795
-2.8262448964587095	-4.575419791261559	16.70320672865212
-2.865178700442609	-4.636555611885125	16.633885455204233
-2.904612241101832	-4.6989753444831885	16.565762935171726
-2.9445628278097455	-4.762693131270696	16.498856426054324
-2.9850477028788776	-4.827723317826281	16.433183910874956
-3.026084047351115	-4.894080441567624	16.36876411834568
-3.0676889863969903	-4.961779219197295	16.305616543606792
-3.109879594311329	-5.030834533078377	16.243761469531538
-3.1526728990888246	-5.10126141649151	16.183219988592562
-3.196085886564335	-5.173075037725253	16.12401402528143
-3.240135504101208	-5.246290682947665	16.066166359072135
-3.284838663810646	-5.3209237378048	16.009700647916947
-3.3302122452827723	-5.396989667686482	15.954641452262779
-3.3762730978118864	-5.474503996601096	15.901014259570447
-3.42303804209435	-5.553482284592993	15.848845509320705
-3.470523871378709	-5.633940103636563	15.79816261848538
-3.5187473520465367	-5.715893011937774	15.748994007439196
-3.5677252235990853	-5.799356526566959	15.701369126287123
-3.6174741980272267	-5.884346094349362	15.655318481574612
-3.6680109585385225	-5.970877060932666	15.61087366334707
-3.719352157613782	-6.0589646379470965	15.568067372520618
-3.7715144143669845	-6.148623868175275	15.526933448519289
-3.824514311177472	-6.239869588639646	15.487506897132139
-3.8783683895648413	-6.332716391517134	15.449823918535978
-3.9330931452743214	-6.427178582785549	15.413921935424847
-3.988705022538901	-6.52327013850314	15.379839621181315
-4.045220407483592	-6.621004658620924	15.34761692801768
-4.102655620635903	-6.720395318225031	15.317295115008156
-4.161026908503241	-6.821454816100601	15.28891677592661
-4.220350434180294	-6.924195320513175	15.26252586679434
-4.280642266942588	-7.028628412092246	15.238167733036589
-4.341918370786476	-7.134765023709518	15.215889136134612
-4.404194591870508	-7.242615377236521	15.195738279652328
-4.467486644811067	-7.352188917064143	15.17776483450623
-4.531810097789193	-7.463494240275595	15.162019963334451
-4.597180356415719	-7.576539023349747	15.148556343812233
-4.66361264630784	-7.691329945284983	15.137428190746345
-4.731121994324696	-7.807872607027472	15.1286912767696
-4.799723208408435	-7.926171447089751	15.122402951442755
-4.869430855977884	-8.046229653251176	15.118622158556558
-4.940259240819842	-8.168049070233312	15.117409451412176
-5.012222378419873	-8.291630103243838	15.118827005842641
-5.085333969677331	-8.416971617294154	15.122938630721436
-5.1596073729452785	-8.544070832196391	15.129809775687606
-5.235055574336255	-8.672923213154501	15.139507535799016
-5.311691156236976	-8.803522356877156	15.152100652807416
-5.389526263968011	-8.935859873138659	15.16765951272946
-5.4685725705336425	-9.06992526174141	15.18625613936933
-5.54884123940043	-9.205705784834782	15.2079641834281
-5.630342885243913	-9.343186334561164	15.232858906814037
-5.713087532609233	-9.482349296026147	15.26101716174874
-5.797084572427175	-9.62317440559961	15.292517364241759
-5.882342716329812	-9.765638604577651	15.327439461484996
-5.968869948715781	-9.909715888265339	15.365864892698308
-6.056673476511628	-10.05537715055625	15.40787654293423
-6.1457596765854445	-10.202590024124982	15.453558689331206
-6.236134040769129	-10.351318716374658	15.502996939283028
-6.327801118447134	-10.50152384131178	15.556278159970256
-6.420764456684653	-10.653162247575567	15.613490398685725
-6.515026537862521	-10.806186842871348	15.674722793362296
-6.610588714798448	-10.960546415112077	15.74006547269698
-6.707451143345605	-11.11618545062707	15.809609445253745
-6.805612712458449	-11.273043949833486	15.883446476908118
-6.905070971734923	-11.43105724083864	15.961668955992915
-7.005822056449288	-11.590155791492101	16.044369745493356
-7.107860610100817	-11.750265020469943	16.131642021634825
-7.2111797045229595	-11.911305108051753	16.22357909821142
-7.31577075760498	-12.073190807312349	16.320274236002337
-7.42162344869453	-12.235831256527911	16.421820436632075
-7.5287256317733044	-12.399129793686573	16.52831022025153
-7.63706324650336	-12.562983774057177	16.639835386425176
-7.746620227278407	-12.72728439188285	16.75648675765305
-7.8573784104179385	-12.891916507328988	16.87835390497361
-7.969317439679325	-13.056758479930012	17.005524855150313
-8.082414670276673	-13.221682009858192	17.1380857789853
-8.196645071630462	-13.386551988448527	17.276120660374442
-8.311981129090741	-13.551226359498559	17.419710945779457
-8.428392744914204	-13.715555992972753	17.56893517388462
-8.54584713879491	-13.879384572822818	17.723868585285953
-8.664308748295332	-14.04254850075297	17.88458271218505
-8.78373912954417	-14.20487681783304	18.05114494816182
-8.904096858608149	-14.366191145961208	18.223618098240156
-9.025337433980653	-14.526305651262216	18.402059909606717
-9.14741318066932	-14.685027031587804	18.586522583507602
-9.270273156391546	-14.842154530341272	18.777052269007058
-9.393863060442309	-14.997479978930102	18.973688539507698
-9.51812514581987	-15.150787870174629	19.17646385311083
-9.642998135243836	-15.301855465047613	19.38540299812968
-9.768417141741018	-15.450452935138621	19.600522525307255
-9.89431359449499	-15.596343543214807	19.8218301685085
-10.020615170715867	-15.739283864255931	20.049324255955625
-10.147245734301563	-15.879024049271093	20.282993114312426
-10.274125282103682	-16.015308134143964	20.522814468217994
-10.401169898644765	-16.147874395656977	20.768754838164973
-10.528291720148184	-16.276455756701125	21.020768939887613
-10.655398908780484	-16.400780242532193	21.278799088749338
-10.782395638015977	-16.52057148972701	21.54277461290024
-10.909182090042343	-16.635549309255573	21.812611279256767
-11.03565446615034	-16.745430304829057	22.088210736675265
-11.161705011035894	-16.849928547356406	22.36945998093271
-11.2872220519413	-16.94875630599575	22.65623084639389
-11.412090053557337	-17.04162483590186	22.948379529501835
-11.536189689569285	-17.128245222324566	23.24574614940364
-11.659397931712745	-17.208329280252908	23.548154351236104
-11.78158815715714	-17.28159050828286	23.855410957725613
-11.90263027497529	-17.34774509483532	24.16730567483783
-12.022390872406946	-17.406512974279185	24.483610857295623
-12.140733381540082	-17.457618929897265	24.804081339758177
-12.257518266942384	-17.500793739996844	25.128454339377395
-12.37260323468929	-17.535775362818224	25.456449435352337
-12.485843463106423	-17.56231015521969	25.78776863085582
-12.597091855433215	-17.58015411945056	26.12209650246502
-12.706199314472155	-17.589074171651106	26.45910044185498
-12.813015039138293	-17.588849425061333	26.798430994068596
-12.917386842671508	-17.5792724802865	27.139722296174593
-13.019161492102253	-17.56015071436295	27.48259261951135
-13.118185068375691	-17.53130755981123	27.82664501799818
-13.214303346374104	-17.492583764357043	28.171468084293963
-13.307362193859582	-17.44383862156771	28.51663681464909
-13.397207988185837	-17.384951162289216	28.86171358245616
-13.483688049413923	-17.31582129650379	29.20624921946899
-13.566651088275577	-17.236370895056808	29.549784202649633
-13.645947667225657	-17.146544800646634	29.89184994349968
-13.721430672638789	-17.04631175752529	30.231970175642555
-13.79295579600838	-16.93566524955649	30.569662435239874
-13.860382021843689	-16.814624236581498	30.90443962774343
-13.923572119781433	-16.683233779518492	31.235811673287316
-13.982393138294956	-16.54156554519237	31.563287221994933
-14.036716897238662	-16.38971818264558	31.88637542935504
-14.086420476363159	-16.22781756353494	32.20458778087048
-14.131386696846825	-16.056016880215214	32.51743995427092
-14.171504592824746	-15.874496596231772	32.824453706764764
-14.206669869858938	-15.683464245182009	33.12515877410354
-14.236785347293251	-15.483154075200224	33.41909476772712
-14.26176138144887	-15.273826537773012	33.70581305577175
-14.281516266679102	-15.055767621025748	33.9848786135384
-14.295976611382978	-14.829288029151348	34.25587182890835
-14.305077686193707	-14.594722211206973	34.5183902482704
-14.3087637417089	-14.352427244016361	34.77205024883391
-14.306988293305041	-14.102781575449306	35.01648862363129
-14.299714370786669	-13.846183635832778	35.25136406613689
-14.286914730854924	-13.583050326623198	35.4763585422618
-14.26857203063815	-13.313815396805538	35.69117853842551
-14.244678960807676	-13.038927718670122	35.8955561755375
-14.215238337100391	-12.758849475683114	36.08925017997698
-14.18026314938565	-12.474054276101166	36.27204670402
-14.13977656773582	-12.18502520669276	36.443759989664166
-14.09381190529622	-11.892252841544238	36.6042328713206
-14.042412538084857	-11.596233221296274	36.753337114462646
-13.985631782185356	-11.297465818345149	36.890973588955845
-13.923532729132065	-10.996451503581932	37.0170722774123
-13.856188040598727	-10.69369053000715	37.131592120553115
-13.78367970381779	-10.389680548233681	37.23452070310922
-13.706098749444358	-10.084914668315502	37.3258737853074
-13.62354493384898	-9.779879581624849	37.40569468640011
-13.536126388070842	-9.475053755633535	37.47405352800146
-13.443959235889182	-9.170905713467054	37.531046346168296
-13.347167183654914	-8.867892408945407	37.57679408221413
-13.24588108469877	-8.566457706645359	37.61144146312367
-13.140238481254384	-8.267030975190035	37.6351557831735
-13.030383126943562	-7.970025800650668	37.64812559892475
-12.916464492936898	-7.675838825555124	37.6505593501561
-12.798637260936898	-7.384848717599503	37.64268391953906
-12.677060806140751	-7.09741527078986	37.62474314392863
-12.551898673316153	-6.813878640388374	37.59699629006126
-12.423318049061832	-6.534558711712567	37.55971650722047
-12.291489233261755	-6.259754601633434	37.51318926906871
-12.15658511261821	-5.9897442904081535	37.45771081635199
-12.01878063903565	-5.724784380438999	37.39358661158831
-11.878252315482783	-5.46510997757446	37.32112981616157
-11.735177691783992	-5.210934689673321	37.24065979946576
-11.58973487262591	-4.962450736419589	37.15250068891439
-11.442102039878552	-4.719829163735171	37.056979968751556
-11.292456991114626	-4.483220155578411	36.95442713467577
-11.140976696034029	-4.252753435550459	36.84517241037213
-10.98783687226969	-4.028538750388791	36.72954553109896
-10.833211581854885	-3.810666427254498	36.60787459855526
-10.677272849436072	-3.599207996640414	36.480485010359374
-10.520190303081948	-3.3942168726855724	36.34769846657068
-10.362130838378576	-3.195729082823594	36.209832054880465
-10.203258306288873	-3.003764038827889	36.067197415295105
-10.043733225067777	-2.818325341549562	35.920099984395456
-9.883712516384646	-2.639401611980148	35.76883831861028
-9.723349265598383	-2.466967341564765	35.613703495287986
-9.562792506019848	-2.3009837551295913	35.45497858983565
-9.402187026845505	-2.1413996801937603	35.29293822669838
-9.2416732043106	-1.9881524168749172	35.127848201520706
-9.081386855514166	-1.8411686030818906	34.95996517149021
-8.921459114271098	-1.7003650701645134	34.78953641057226
-8.762016328238344	-1.5656496846506125	34.616799626086504
-8.60317997651718	-1.4369221722043246	34.4419828329266
-8.445066606847442	-1.3140749203868283	34.265304281573215
-8.287787791473374	-1.1969937572700546	34.086972435987384
-8.131450100717823	-1.085558703390232	33.90718599743487
-7.976155093269351	-0.9796446949459777	33.72613397029601
-7.8219993221667545	-0.8791222765433496	33.54399576595782
-7.669074355465358	-0.7838582621704007	33.36094134097238
-7.517466810545614	-0.6937163634166913	33.17713136574283
-7.367258401055708	-0.6085577842911438	32.992717420154506
-7.218525995464808	-0.5282417822677204	32.807842212682495
-7.071341686238834	-0.4526261954659407	32.622639819688125
-6.925772868672057	-0.3815679361102845	32.43723594178913
-6.78188232841768	-0.31492345061622345	32.25174817434838
-6.639728336811873	-0.25254914684860097	32.06628628933924
-6.499364753110301	-0.1943017892548089	31.880952526025997
-6.360841132784252	-0.14003886271109628	31.695841888078572
-6.224202841081776	-0.08961890604602467	31.511042444958544
-6.089491171076349	-0.042901816291848444	31.32663563557226
-5.956743465482395	0.0002508752008826273	31.142696572392058
-5.82599324155201	0.03997575359293561	30.959294344417202
-5.6972703184078695	0.07640729709355308	30.7764923175166
-5.570600946213284	0.10967767793726568	30.59434843086639
-5.446007936617396	0.13991658651695113	30.41291548834643
-5.323510793951176	0.16725107738470918	30.232241443903373
-5.203125846702518	0.19180543583367404	30.052369680046056
-5.0848663788180355	0.213701063792177	29.87333927874116
-4.968742760433755	0.23305638377856303	29.69518528412283
-4.854762577662261	0.24998675969513842	29.517938956526343
-4.742930761101808	0.26460443327184524	29.341628017463485
-4.6332497127655765	0.27701847500781207	29.166276885250735
-4.525719431161908	0.28733474849988305	28.991906901088704
-4.4203376342835545	0.2956558870914098	28.81853654546446
-4.31709988029353	0.30208128182024	28.646181644819716
-4.2159996857215605	0.30670707969217864	28.474855568489637
-4.117028641008981	0.3096261913544009	28.304569415969976
-4.0201765232672	0.3109283072916922	28.135332194625253
-3.925431406128724	0.31069992171715244	27.967150987979316
-3.832779766597124	0.3090243633766059	27.800031114777905
-3.742206588819516	0.30598183253346134	27.633976279041395
-3.653695464717458	0.30164944344683814	27.46898871134292
-3.567228691436868	0.29610127170090805	27.30506930158427
-3.482787365581879	0.289408405786674	27.142217723540693
-3.400351474218674	0.2816390023795547	26.98043255147327
-3.3198999826468567	0.2728583447967146	26.819711369117147
-3.2414109189387332	0.2631289041558178	26.66005087134494
-3.1648614552694676	0.252510402794793	26.501446958833586
-3.090227986059028	0.24105987954616812	26.34389482604356
-3.017486202960822	0.22883175649319923	26.187389042830862
-2.9466111667369295	0.2158779068661196	26.031923630006023
-2.877577376067191	0.20224772376651146	25.877492129153037
-2.8103588333425473	0.18798818943510098	25.72408766701072
-2.7449291075021662	0.17314394480511067	25.57170301472244
-2.6812613939720165	0.1577573591064696	25.42033064223924
-2.6193285717729764	0.14186859931033943	25.269962768168988
-2.55910325786328	0.1255156992232772	25.120591405341063
-2.500557858786738	0.10873462806096562	24.97220840235618
-2.4436646196982985	0.09155935834932695	24.824805481377112
-2.3883956708402043	0.07402193301778039	24.67837427240596
-2.334723071544504	0.056152531565483166	24.532906344287017
-2.2826188518360597	0.03797953519513267	24.388393232657403
-2.2320550517137083	0.019529590823177033	24.24482646506538
-2.183003758183758	0.0008276738863241357	24.102197583455744
-2.135437140124624	-0.018102850122879186	23.96049816422451
-2.089327481056153	-0.03724016545006435	23.819719836020976
-2.0446472098907247	-0.056563947250415234	23.679854295476897
-2.001368929739831	-0.0760553041775526	23.54089332102489
-1.9594654448504063	-0.09569672242169808	23.40282878496291
-1.9189097857439203	-0.11547201122180376	23.265652663911823
-1.8796752326300759	-0.13536624986986884	23.129357047804103
-1.8417353371646235	-0.15536573622034874	22.993934147529338
-1.8050639426225492	-0.1754579367107162	22.859376301364577
-1.7696352025520503	-0.19563143789666942	22.725675980294398
-1.7354235979774162	-0.2158758994990684	22.592825792332544
-1.7024039532146362	-0.23618200895723124	22.46081848594015
-1.6705514503630674	-0.2565414374792432	22.329646952632398
-1.6398416425354039	-0.2769467975764771	22.199304228861433
-1.6102504658846906	-0.29739160206796816	22.06978349724949
-1.5817542504876974	-0.3178702245364919	21.941078087249547
-1.5543297301406418	-0.3383778612171121	21.813181475298514
-1.5279540511224108	-0.3589104942965771	21.686087284526266
-1.5026047799782951	-0.37946485660065604	21.55978928407704
-1.4782599103760394	-0.4000383976447731	21.434281388097233
-1.4548978690834438	-0.4206292510228523	21.30955765443492
-1.4324975211168136	-0.44123620310686357	21.185612283101136
-1.4110381741054072	-0.46185866303085815	21.06243961452631
-1.3904995819178882	-0.48249663393052195	20.940034127654442
-1.3708619475937889	-0.5031506854098955	20.818390437907436
-1.352105925621132	-0.5238219272069243	20.697503295046502
-1.334212623601653	-0.5445119840273036	20.57736758096618
-1.3171636033408174	-0.5652229715187408	20.457978307437028
-1.3009408814009902	-0.5859574733548966	20.339330613827148
-1.2855269291528508	-0.6067185194001758	20.221419764819125
-1.2709046723596003	-0.6275095649256717	20.104241148142524
-1.257057490326547	-0.6483344708474396	19.987790272336056
-1.2439692146481793	-0.6691974849572682	19.872062764558628
-1.2316241275823303	-0.6901032241180264	19.757054368457663
-1.2200069600807883	-0.7110566573945248	19.6427609421098
-1.2091028895038314	-0.7320630900920896	19.529178456042636
-1.1988975370451975	-0.7531281486750775	19.41630299134717
-1.1893769648928194	-0.7742577665379733	19.304130737889384
-1.1805276731494818	-0.7954581706021706	19.19265799262857
-1.1723365965362011	-0.8167358687126408	19.08188115804574
-1.1647911009007348	-0.8380976378075999	18.971796740693154
-1.1578789795515805	-0.8595505128372034	18.862401349862697
-1.1515884494378925	-0.8811017764051964	18.753691696383967
-1.1459081471938957	-0.9027589491102027	18.645664591550993
-1.140827125065938	-0.9245297805626903	18.538316946182185
-1.1363348467393177	-0.9464222410542776	18.43164576981744
-1.1324211830810114	-0.9684445138572129	18.32564817005285
-1.129076407813719	-0.9906049881320057	18.220321352015493
-1.1262911931358566	-1.012912252421453	18.115662617981837
-1.124056605301175	-1.0353750887109048	18.011669367138275
-1.1223641001711537	-1.0580024670338162	17.90833909548863
-1.1212055187524057	-1.0808035406035423	17.805669395907
-1.12057308273076	-1.1037876414520493	17.703657958338333
-1.1204593900129893	-1.1269642765565093	17.602302570150016
-1.1208574102864566	-1.1503431244368174	17.501601116631097
-1.1217604806064316	-1.173934032205548	17.40155158164488
-1.1231623010201708	-1.1977470130540553	17.302152048433406
-1.1250569302363196	-1.2217922441580966	17.20340070057606
-1.1274387813476396	-1.2460800649869637	17.105295823104242
-1.1303026176145776	-1.2706209760010587	17.007835803772196
-1.1336435483166765	-1.2954256377228712	16.911019134486327
-1.1374570246782891	-1.3205048701664035	16.814844412896708
-1.141738835874786	-1.345869652612098	16.719310344148706
-1.1464851051247773	-1.3715311237127166	16.6244157428009
-1.151692285873631	-1.3975005819175754	16.530159534909487
-1.1573571580731443	-1.4237894862025142	16.43654076028157
-1.1634768245617046	-1.4504094570927304	16.343558574902097
-1.1700487075491293	-1.477372277967079	16.2512122535355
-1.177070545209924	-1.504689896632229	16.159501192505502
-1.1845403883882597	-1.532374427154942	16.068424912658283
-1.192456597417867	-1.560438151942067	15.977983062511052
-1.2008178390595698	-1.5888935240573236	15.888175421591137
-1.209623083558985	-1.6177531697646572	15.799001903969582
-1.2188716018266312	-1.6470298912881407	15.710462561993713
-1.2285629627422416	-1.6767366697780761	15.622557590225266
-1.2386970305852472	-1.706886668474508	15.535287329586733
-1.2492739625926206	-1.7374932360578939	15.448652271724109
-1.2602942066454208	-1.768569910178026	15.36265306359086
-1.2717584990849933	-1.8001304211519946	15.277290512259722
-1.28366786265959	-1.8321886958221505	15.192565589969055
-1.2960236046019635	-1.864758861565153	15.108479439410877
-1.3088273148383185	-1.897855250443316	15.025033379267796
-1.3220808643285706	-1.9314924034889416	14.942228910007964
-1.335786403538193	-1.9656850751136634	14.860067719944137
-1.349946361041095	-2.0004482376331634	14.77855169156757
-1.3645634422532402	-2.035797085898713	14.69768290816491
-1.3796406282963756	-2.071747042026558	14.61746366072767
-1.3951811749910155	-2.1083137602158915	14.537896455164557
-1.411188611977735	-2.145513131646293	14.458984019826797
-1.4276667419656903	-2.183361289445371	14.38072931335698
-1.444619640106654	-2.2218746137161394	14.303135532874427
-1.4620516534935757	-2.2610697366154437	14.226206122506284
-1.4799674007814632	-2.300963547472124	14.149944782278943
-1.4983717719288614	-2.341573197934761	14.074355477381639
-1.5172699280578985	-2.3829161071382283	13.99944244781519
-1.536667301430331	-2.4250099668770457	13.92521021844085
-1.5565695955374281	-2.4678727467744452	13.851663609442099
-1.5769827853006642	-2.511522699434025	13.778807747215541
-1.5979131173803331	-2.5559783655611286	13.706648075705994
-1.6193671105891603	-2.6012585790407927	13.635190368200947
-1.641351556407174	-2.6473824719572208	13.564440739602004
-1.6638735195942371	-2.694369479539767	13.494405659190171
-1.686940338896683	-2.7422393450202613	13.425091963901444
-1.7105596278432365	-2.791012124383484	13.356506872132966
-1.734739275626404	-2.8407081909944094	13.288657998096363
-1.7594874480640834	-2.8913482400823636	13.221553366739137
-1.784812588636414	-2.942953293062424	13.15520142925356
-1.8107234195926567	-2.9955447016733787	13.089611079192958
-1.8372289431219273	-3.0491441519090237	13.024791669217455
-1.864338442581905	-3.1037736677196466	12.960753028489945
-1.8920614837788243	-3.1594556144581785	12.897505480744739
-1.9204079162917802	-3.216212702044278	12.835059863051457
-1.9493878748338	-3.274067987817694	12.773427545297553
-1.97901178064211	-3.333044879051376	12.712620450412324
-2.0092903428883635	-3.3931671350906236	12.65265107535827
-2.0402345601009695	-3.4544588690863907	12.59353251291194
-2.0718557215889355	-3.516944549284421	12.535278474261467
-2.104165408857693	-3.580648999832971	12.477903312444761
-2.1371754970058228	-3.645597401067674	12.421422046654605
-2.1708981560913294	-3.7118152892303904	12.365850387436293
-2.205345852455039	-3.77932855557553	12.311204762804282
-2.2405313499886548	-3.8481634448159294	12.257502345303283
-2.276467711332578	-3.9183465528542074	12.204761080041823
-2.313168298990265	-3.9899048237473322	12.152999713722297
-2.350646776342211	-4.062865545843362	12.102237824695735
-2.388917108543783	-4.137256347029948	12.052495854065986
-2.4279935632888563	-4.213105189028036	12.003795137869561
-2.467890711420859	-4.290440360661733	11.956157940355814
-2.508623427371297	-4.36929047003051	11.909607488392021
-2.550206889404194	-4.449684435504717	11.86416800701763
-2.592656579644818	-4.531651475463292	11.81986475616936
-2.6359882838684383	-4.6152210966852945	11.776724068599313
-2.6802180910239994	-4.7004230813030565	11.734773389006012
-2.7253623924659953	-4.787287472219358	11.694041314396777
-2.7714378808662334	-4.875844556885572	11.654557635697868
-2.818461548775396	-4.96612484933188	11.616353380626673
-2.8664506868024398	-5.058159070334473	11.579460857837791
-2.915422881378947	-5.151978125600327	11.543913702351118
-2.9653960120706926	-5.247613081838114	11.50974692226901
-3.016388248401527	-5.345095140586515	11.476996946782162
-3.0684180461472437	-5.444455609654167	11.44570167546358
-3.121504143057768	-5.545725872023921	11.415900528843096
-3.175665553964178	-5.648937352067646	11.387634500249492
-3.230921565221507	-5.754121478904376	11.36094620890332
-3.287291728438884	-5.86130964673269	11.335879954235137
-3.3447958534441735	-5.970533171957054	11.312481771397808
-3.4034540004270823	-6.0818232469187326	11.290799487933727
-3.4632864712025153	-6.195210890034949	11.270882781548742
-3.5243137995339704	-6.3107268921433395	11.25278323893487
-3.5865567404488288	-6.428401758831008	11.236554415574949
-3.6500362584819936	-6.54826564853363	11.222251896448462
-3.714773514771237	-6.6703483061628415	11.209933357548197
-3.780789852933307	-6.794678992028721	11.199658628101286
-3.848106783639162	-6.921286405802042	11.191489753375201
-3.916745967805434	-7.0501986052569405	11.185491057932419
-3.9867291983172306	-7.1814429195296	11.181729209179922
-4.058078380189793	-7.315045856613418	11.180273281041405
-4.130815509073074	-7.451033004804297	11.181194817559218
-4.204962648003937	-7.589428927811083	11.184567896211158
-4.280541902296459	-7.730257053220458	11.19046919070357
-4.357575392468444	-7.873539554021526	11.198978032976663
-4.436085225087574	-8.019297222870396	11.21017647413048
-4.516093461421321	-8.167549338779962	11.224149343950428
-4.5976220837721415	-8.318313525919812	11.240984308680483
-4.680692959368436	-8.471605604196657	11.260771926657538
-4.765327801683794	-8.62743943129671	11.283605701385426
-4.851548129050893	-8.785826735869044	11.309582131588964
-4.939375220429279	-8.946776941526384	11.338800757747038
-5.02883006818883	-9.11029698135717	11.371364204562681
-5.1199333277602115	-9.276391102638284	11.40737821878102
-5.212705264003278	-9.445060661454333	11.44695170171878
-5.307165694144077	-9.616303906948758	11.490196735820291
-5.403333927124	-9.790115754941693	11.537228604500678
-5.5012286992027555	-9.966487550672158	11.588165804481683
-5.600868105661054	-10.145406820459117	11.643130049771273
-5.702269528438353	-10.326857012090072	11.702246266373932
-5.805449559552342	-10.510817223803594	11.765642576763044
-5.910423920138073	-10.697261921758027	11.833450273078657
-6.017207374950685	-10.886160645936	11.905803777951185
-6.125813642177381	-11.077477704489064	11.982840591784933
-6.236255298413853	-11.271171856600763	12.064701225272351
-6.34854367865232	-11.4671959839953	12.15152911583317
-6.462688771155003	-11.665496751335231	12.243470526619246
-6.578699107075605	-11.86601425580761	12.340674426645148
-6.696581644718733	-12.068681666328803	12.443292350551914
-6.816341648330955	-12.27342485289465	12.551478236442358
-6.937982561332718	-12.480162006727374	12.665388240166777
-7.061505873921385	-12.688803252012539	12.785180524385817
-7.18691098499905	-12.899250250172855	12.91101502069132
-7.314195058389775	-13.111395797766562	13.04305316301151
-7.443352873351904	-13.325123419297894	13.181457590506296
-7.574376669414509	-13.540306956405137	13.326391818128611
-7.7072559855972615	-13.756810155089493	13.478019873011286
-7.841977494119562	-13.974486252880332	13.63650589485002
-7.978524828736436	-14.193177568047536	13.802013698459325
-8.116878407893298	-14.412715093231025	13.9747062967232
-8.25701525293634	-14.632918096106524	14.154745382211395
-8.398908801670835	-14.853593729978412	14.342290765810787
-8.542528717626041	-15.074536657482728	14.537499770833916
-8.687840695437197	-15.295528690855145	14.740526581182257
-8.834806262842822	-15.516338452546648	14.951521542328727
-8.983382579853828	-15.736721060249943	15.17063041405968
-9.133522235740388	-15.95641784072374	15.397993574163296
-9.285173044565303	-16.175156077108323	15.633745172522634
-9.438277840087625	-16.392648794739195	15.878012235396636
-9.592774270940332	-16.60859459074322	16.130913720011577
-9.748594597105866	-16.82267751301853	16.3925595200276
-9.905665488797865	-17.034566994441008	16.6630494228754
-10.063907828976195	-17.243917848402923	16.942472020488218
-10.22323652082306	-17.45037033199138	17.23090357550314
-10.383560301623238	-17.653550283296934	17.528406845627657
-10.544781564604804	-17.853069339475066	17.835029869538047
-10.706796190403438	-18.048525242253532	18.150804718386052
-10.869493389923138	-18.23950223759266	18.475746217755674
-11.032755560489601	-18.4255715761665	18.809850645757503
-11.196458157260018	-18.60629212115137	19.15309441373216
-11.3604695819951	-18.78121106963162	19.50543273701389
-11.5246510913514	-18.949864793558316	19.86679830405099
-11.688856726937937	-19.111779805766506	20.23709995312772
-11.852933269466309	-19.26647385601712	20.61622136691892
-12.016720219347194	-19.413457161314085	21.004019795988516
-12.180049806127464	-19.55223377393749	21.400324823276286
-12.342747029190507	-19.68230308968665	21.804937182536673
-12.504629732097554	-19.803161497692436	22.217627644437624
-12.665508712956681	-19.914304171947247	22.63813598488801
-12.825187873096938	-20.0152270032679	23.066170050709413
-12.983464406259861	-20.105428668895684	23.501404938379252
-13.14012903038727	-20.184412835258808	23.943482301960604
-13.294966263912343	-20.25169048761877	24.392009806544717
-13.447754748266801	-20.306782378417022	24.846560743594114
-13.598267618081888	-20.349221584134014	25.30667382442073
-13.746272920277379	-20.378556158391856	25.771853167621366
-13.891534082915333	-20.39435186690794	26.241568495642568
-14.033810434346686	-20.396194987765913	26.7152555547552
-14.172857772764127	-20.38369515834229	27.192316771454962
-14.308428985862063	-20.356488248160304	27.67212215687045
-14.440274719822975	-20.314239234965104	28.154010468917807
-14.56814409635165	-20.25664505948121	28.637290639843673
-14.691785475955346	-20.183437432663176	29.12124347441436
-14.810947265117278	-20.09438556783208	29.605123621328445
-14.925378764442845	-19.98929880895469	30.08816181748117
-15.03483105429115	-19.868029125502918	30.569567401571074
-15.13905791382084	-19.730473443890254	31.0485310901444
-15.237816768817606	-19.576575785437267	31.524228005686137
-15.33086966311882	-19.406329181215725	31.995820942756946
-15.41798424791695	-19.219777335002618	32.46246385448247
-15.49893478274945	-19.01701600690376	32.92330553814995
-15.573503141520048	-18.79819409209009	33.377493495035544
-15.64147981652511	-18.563514371404448	33.824177936299925
-15.702664913122053	-18.313233913457967	34.26251590357843
-15.75686912743548	-18.047664111114173	34.69167547010505
-15.803914699329008	-17.76717033897593	35.110839985762745
-15.843636332789252	-17.472171222606107	35.51921232742687
-15.875882075888052	-17.16313751463338	35.91601911448673
-15.90051415260795	-16.840590577543885	36.300514848532764
-15.917409739027617	-16.505100477856544	36.67198593580386
-15.926461676690474	-16.157283701275112	37.02975455135582
-15.927579116397506	-15.797800503357825	37.37318230484539
-15.920688086184398	-15.427351915123776	37.70167366939559
-15.905731977856819	-15.04667642760013	38.01467913732186
-15.882671947151602	-14.656546383719903	38.31169806930878
-15.85148722336694	-14.257764109975687	38.59228120705519
-15.81217532513952	-13.851157823708297	38.85603282339096
-15.764752179942667	-13.43757735499273	39.10261248818886
-15.709252145803507	-13.01788972439116	39.331736433214935
-15.645727934699394	-12.592974619688222	39.54317850402531
-15.574250438057867	-12.163719815769545	39.73677069224905
-15.49490845574279	-11.731016582183491	39.91240324687819
-15.407808330853936	-11.29575512264542	40.07002436842669
-15.313073493574652	-10.85882008974944	40.20963949495663
-15.21084391815151	-10.421086216464776	40.331310193895725
-15.10127549790052	-9.983414103805641	40.435152678147396
-14.98453934383888	-9.5466462011588	40.52133596923836
-14.86082101319839	-9.11160301252723	40.59007973397712
-14.730319674619619	-8.679079558196294	40.64165182434991
-14.593247217270696	-8.249842117261224	40.676365553059554
-14.449827311501988	-7.824625272224449	40.69457673919381
-14.300294428884175	-7.404129272388209	40.69668056000369
-14.1448928296231	-6.989017728273185	40.68310824564871
-13.983875525398737	-6.579915644843096	40.65432365405348
-13.817503225609283	-6.177407796901903	40.61081976274083
-13.646043274858412	-5.782037445844424	40.553115113691035
-13.469768589299578	-5.394305393002289	40.48175024597909
-13.288956599126768	-5.014669361133925	40.39728414920443
-13.103888204128571	-4.64354369231269	40.30029076861669
-12.91484674878556	-4.281299347536829	40.19135559041992
-12.722117022886133	-3.928264190824851	40.07107233305596
-12.525984293126553	-3.584723538490118	39.94003976742102
-12.326733370580607	-3.250920952559472	39.7988586859792
-12.124647718344821	-2.927059256037946	39.64812903769544
-11.920008603103707	-2.6133017469058593	39.48844724268809
-11.713094293714034	-2.3097735871697624	39.32040369746798
-11.50417930936965	-2.01656334325532	39.14458047876256
-11.29353371930976	-1.7337246541998066	38.96154925113621
-11.081422495483128	-1.4612780046179037	38.771869381015065
-10.868104919063688	-1.1992125801979967	38.576086257322736
-10.65383404121125	-0.9474881844697743	38.37472981673159
-10.438856198007906	-0.7060371967599737	38.16831326956277
-10.22341057908652	-0.4747665525893211	37.957332020643115
-10.00772884907302	-0.25355972918750824	37.74226277792182
-9.792034820627062	-0.04227872032478474	37.52356284039666
-9.576544177573622	0.159234013772186	37.30166955588184
-9.361464246320907	0.3511536341105473	37.0769999383064
-9.14699381359393	0.53367105929445	36.84995043368863
-8.933322988282793	0.7069911601378193	36.62089682348017
-8.720633105078063	0.8713310205944422	36.390194253764655
-8.509096667467015	1.026918271641708	36.158177378743304
-8.298877327568574	1.1739895034251908	35.92516060699773
-8.090129900235237	1.3127887597131462	35.69143843921867
-7.883000408867371	1.4435661175223087	35.45728588644009
-7.677626160327687	1.5665763537570088	35.22295895814734
-7.474135846439852	1.6820776996945423	34.988695210177305
-7.2726496695428375	1.790330683329339	34.75471434279324
-7.0732794896746825	1.8915970588038022	34.52121883993438
-6.876128991018703	1.9861388215039895	34.28839464122493
-6.681293865342525	2.074217306826088	34.05641183896006
-6.488862010242517	2.1560923701486505	33.82542539289872
-6.298913740145114	2.232021645135162	33.59557585636372
-6.111522008086368	2.3022598771932143	33.36699010772252
-5.926752636442366	2.367058328653628	33.13978208197317
-5.744664554877014	2.4266642520615433	32.91405349771883
-5.565310043900781	2.4813204278437495	32.68989457538724
-5.388734982558598	2.5312647625431364	32.46738474309471
-5.214979098862405	2.57672994379126	32.246593327033864
-5.04407622171467	2.617943148197877	32.027580223756644
-4.876054533178327	2.655125798385578	31.810396552160018
-4.710936820040068	2.688493365478064	31.595085283365908
-4.548740723736705	2.7182552134462643	31.381681847082326
-4.389478987800027	2.744614481840267	31.170214713354152
-4.2331597020643565	2.767768003571135	30.960705948910157
-4.079786542993279	2.7879062545506312	30.753171747618538
-3.929359009523045	2.805213332160121	30.547622934751203
-3.7818726539424317	2.81986695967494	30.34406544503184
-3.6373193073672043	2.8320385139412925	30.142500774586217
-3.4956872994486523	2.8418930737668524	29.942926407095886
-3.3569616720215105	2.849589486652136	29.745336214602872
-3.2211243864369727	2.8552804516544454	29.549720833509173
-3.0881545243945703	2.8591126163345644	29.356068016436716
-2.958028482127932	2.86122668589225	29.164362960686795
-2.830720157840239	2.8617575427461848	28.974588614100426
-2.7062011323251385	2.8608343749572747	28.786725959173378
-2.5844408427484833	2.8585808120310054	28.60075427632483
-2.465406749588779	2.855115066764394	28.416651387232037
-2.34906449677428	2.850550081925817	28.23439387917821
-2.2353780650615325	2.844993680670965	28.05395731134111
-2.124309918741513	2.838548719706686	27.875316403979525
-2.0158211457661124	2.8313132443152034	27.69844521144914
-1.9098715914030595	2.8233806444447254	27.52331727996445
-1.8064199855513252	2.8148398111600925	27.349905791021477
-1.7054240638501588	2.805775292826864	27.178183691357304
-1.6068406827314403	2.7962674504766922	27.008123810307783
-1.5106259285708756	2.786392611869696	26.83969896539353
-1.416735221100157	2.7762232238318085	26.672882056934515
-1.3251234112451955	2.7658280025016477	26.507646152458296
-1.2357448735668948	2.7552720811740197	26.34396456164803
-1.1485535934719566	2.7446171554728718	26.18181090252251
-1.0635032493722247	2.7339216256299923	26.021159159523606
-0.9805472899691943	2.7232407356838584	25.86198373414845
-0.8996390068361999	2.7126267094470013	25.704259488722887
-0.8207316024765176	2.702128883121995	25.547961783891783
-0.7437782540286937	2.6917938344731507	25.39306651035927
-0.6687321727897494	2.681665508485769	25.239550115382535
-0.5955466597288035	2.671785339467271	25.087389624500897
-0.52417515715163	2.6621923695626406	24.93656265893359
-0.454571296683426	2.6529233636749816	24.787047449070965
-0.3866889437267295	2.6440129207960226	24.638822844442377
-0.3204822385496874	2.6354935817647216	24.491868320521153
-0.2559056341586385	2.6273959334837826	24.346163982707836
-0.19291393109815475	2.619748709632808	24.201690567793634
-0.13146230932652345	2.612578887926345	24.05842944320299
-0.07150635730268294	2.605911783971209	23.916362604275314
-0.013002098419662824	2.599771141783916	23.775472669832453
0.044093985083636565	2.594179221034156	23.63574287626186
0.09982493060789714	2.5891568810839742	23.497157070319833
0.15423327595360875	2.5847236618959304	23.359699700847347
0.2073610422384179	2.5808978618859837	23.223355809573814
0.2592497188589568	2.5776966127987886	23.088111021166903
0.30994025038831535	2.5751359516845507	22.95395153267334
0.35947302530281416	2.573230890057585	22.820864102486688
0.40788786643948466	2.571995480317033	22.68883603895617
0.455224023085771	2.5714428795105517	22.557855188749187
0.5015201646088417	2.5715854105214593	22.427909925064494
0.5468143755358563	2.572434620759396	22.298989135782573
0.5911441519990642	2.5740013384338596	22.17108221163392
0.6345463994643163	2.5762957264890343	22.044179034454487
0.6770574316642621	2.5793273342772647	21.91826996559217
0.7187129706616316	2.5831051470472683	21.793345834518917
0.759548147970224	2.587637633321774	21.669397927699855
0.7995975066660791	2.5929327902379047	21.546417977759823
0.8388950044223713	2.598998186921905	21.42439815298845
0.8774740174062884	2.605841005968314	21.303331047214648
0.9153673449781174	2.613468083091948	21.183209670079854
0.9526072151353205	2.621885945019192	21.064027437735902
0.9892252906485517	2.631100845683675	20.945778163985164
1.0252526758368146	2.641118800789113	20.828456051884668
1.0607199239333978	2.6519456208006544	20.712055685826837
1.0956570449962357	2.6635869424242493	20.596572024107992
1.1300935143175663	2.676048258631382	20.48200039199699
1.164058281291335	2.689334947285064	20.368336475309878
1.1975797786978877	2.7034522984208276	20.25557631449798
1.2306859323685448	2.718405540235016	20.143716299251928
1.2634041711937567	2.7341998638305562	20.03275316362558
1.2957614374398176	2.7508404467682346	19.922683981684592
1.3277841973435789	2.7683324754709706	19.81350616367449
1.3594984519527966	2.786681166525191	19.705217452713985
1.3909297481839535	2.805891786922811	19.597815922010085
1.4221031900697694	2.8259696732850195	19.49129997259487
1.4530434501705258	2.8469202501075643	19.385668331582078
1.4837747811247335	2.8687490470654917	19.280920050941283
1.514321027315695	2.891461715413416	19.177054506788444
1.5447056366318022	2.9150640435156063	19.0740713991914
1.574951672300786	2.939561971539438	18.97197075248495
1.6050818247771468	2.9649616053424594	18.870752916097487
1.635118423665076	2.991269229583163	18.770418565884466
1.6650834496591216	3.01849132008309	18.670968705967887
1.6949985464862098	3.046634555466549	18.57240467107989
1.7248850328332594	3.075705828102353	18.47472812940975
1.754763914246263	3.105712254371077	18.377941085951328
1.7846558949859461	3.1366611842782346	18.28204588635356
1.8145813898277965	3.1685602104339874	18.187045221270527
1.8445605357937187	3.2014171764172334	18.092942131212176
1.874613203803256	3.2352401845402983	17.999740011896932
1.904759010233461	3.270037603029364	17.907442620106277
1.9350173283767087	3.305818072633848	17.816054080042672
1.9654072997864382	3.342590512676498	17.72557889019231
1.995947845501037	3.380364126554086	17.636021930695115
2.0266576771361984	3.4191484066965354	17.54738847122584
2.057555307837924	3.4589531389924812	17.459684179386024
2.088659063086432	3.4997884066848552	17.372915129613837
2.1199870913434133	3.5416645937407147	17.287087812613397
2.1515573745342627	3.584592387696545	17.202209145308778
2.183387738357497	3.6285827819789858	17.11828648132709
2.215495862413811	3.6736470776993473	17.035327622015217
2.247899290146816	3.719796884917747	16.953340827996435
2.280615438588169	3.767044123371716	16.872334831271907
2.313661607899495	3.8154010226618156	16.792318847873158
2.3470549907038225	3.8648801218853968	16.71330259107109
2.3808126811982806	3.9154942687063783	16.635296285149533
2.414951684041128	3.967256617849016	16.558310679747915
2.449488923004817	4.020180628999837	16.482357064780935
2.484441249387297	4.07428006410085	16.407447285941362
2.519825450173083	4.129568984014386	16.333593760793217
2.55565825593584	4.186061744538432	16.260809495461434
2.591956348473392	4.243772991748337	16.1891081019252
2.628736368166637	4.302717656639944	16.118503815919947
2.6660149210514583	4.362910949043677	16.04901151545685
2.7038085855955543	4.424368350781891	15.980646739961823
2.7421339191676175	4.487105608032954	15.913425710043326
2.7810074641897295	4.551138722869331	15.847365347890245
2.820445753960324	4.616483943929601	15.78248329830606
2.860465318135384	4.6831577561831095	15.718797950382777
2.901082687856107	4.751176869745281	15.656328459815356
2.942314400508324	4.820558207695062	15.595094771860037
2.984177004100003	4.891318892846034	15.535117644935845
3.0266870612416534	4.96347623341859	15.476418674868372
3.069861152713321	5.037047707557036	15.41902031977388
3.113715880601996	5.112050946634058	15.362945925578625
3.1582678709909318	5.188503717279508	15.308219752168382
3.2035337761820664	5.266423902068258	15.254867000160042
3.249530276432611	5.345829478800229	15.202913838283791
3.296274081183659	5.426738498298492	15.152387431364565
3.3437819297593134	5.509169060651063	15.103315968886317
3.3920705915130447	5.593139289817389	15.055728694120488
3.4411568653962563	5.678667306516097	15.009655933797097
3.491057578923629	5.765771199308476	14.965129128292409
3.5417895865081856	5.854468993788039	14.922180862303419
3.5933697671359086	5.9447786197797505	14.8808448959766
3.6458150213520986	6.036717876455487	14.841156196450223
3.6991422675259233	6.130304395261153	14.803150969768328
3.753368437360637	6.2255556005516475	14.766866693116464
3.8085104706148454	6.322488667825336	14.732342147323974
3.86458530899784	6.421120479444782	14.699617449571669
3.9216098892011124	6.521467577728297	14.668734086236151
3.979601135026565	6.623546115293651	14.639734945794714
4.038575948568108	6.72737180252829	14.612664351707785
4.098551200405516	6.832959852064274	14.587568095185164
4.159543718763153	6.940324920125358	14.564493467735511
4.2215702775871975	7.04948104461589	14.543489293387118
4.284647583492586	7.160441579817901	14.524605960457961
4.348792261527897	7.2732191275585345	14.507895452742188
4.414020839705874	7.387825464710683	14.493411379967784
4.480349732245252	7.504271466888066	14.481209007367674
4.547795221465512	7.622567028191412	14.471345284193532
4.616373438278789	7.742720976869845	14.463878870986385
4.686100341216608	7.864740986753794	14.458870165404097
4.7569916939297805	7.988633484320982	14.456381326389304
4.8290630410993325	8.114403551261208	14.456476296444691
4.902329682690856	8.242054822401721	14.45922082176519
4.976806646487977	8.371589378867222	14.464682469957848
5.052508658835762	8.503007636347473	14.47293064506109
5.129450113524441	8.636308228353101	14.484036599554551
5.2076450387442526	8.771487884350574	14.498073443029856
5.287107062041192	8.908541302675829	14.515116147170916
5.367849373198606	9.047461018130043	14.535241546668738
5.4498846849784846	9.188237264189333	14.55852833567401
5.5332251916445445	9.330857829754791	14.585057059364193
5.617882525201141	9.475307910406134	14.614910100179547
5.703867709274087	9.621569954126446	14.648171658255196
5.791191110564413	9.76962350149386	14.684927725551177
5.879862387808464	9.919445020361687	14.72526605315679
5.969890438178976	10.071007735074245	14.769276111218986
6.061283341061826	10.224281450291661	14.817049040916778
6.154048299152564	10.37923236954084	14.868677597880191
6.248191576815139	10.535822908637364	14.924256086423805
6.3437184356540515	10.694011504170815	14.983880283941662
6.440633067254815	10.853752417287568	15.047647354785019
6.538938523054733	11.014995533055124	15.115655752921533
6.638636641313463	11.177686155745253	15.188005112652881
6.739727971165417	11.341764800437737	15.264796126651248
6.84221169373413	11.507166981389826	15.346130410549462
6.94608554031936	11.673822997716176	15.43211035331969
7.0513457076568455	11.841657716958562	15.522838952647529
7.157986770285556	12.010590357236634	15.61841963451755
7.266001590057688	12.180534268729373	15.718956056212713
7.375381222848768	12.351396715333419	15.82455189193676
7.486114822545888	12.523078657440301	15.935310600279957
7.5981895424084405	12.695474536866348	16.0513351727608
7.711590433913669	12.868472065065198	16.172727862694824
7.826300343238209	13.04195201588286	16.29958989368848
7.942299805528115	13.215788024188623	16.432021147071392
8.05956693716135	13.389846391866485	16.57011982765552
8.178077326220947	13.56398590274561	16.71398210725548
8.297803921428624	13.738057648168846	16.863701745476305
8.418716919830823	13.911904865032865	17.019369687371555
8.540783653558677	14.085362788246595	17.181073637667872
8.663968476012448	14.258258519664812	17.34889761135531
8.788232647877114	14.430410915698138	17.522921460594073
8.913534223401461	14.601630495895717	17.703220378015505
9.03982793741799	14.771719374912779	17.889864376659922
9.167065093635484	14.940471220395471	18.08291774699068
9.295193454759437	15.10767123938258	18.282438491590764
9.424157135063883	15.273096195940793	18.48847773839747
9.553896496072253	15.436514462805889	18.70107913354874
9.684348046047909	15.597686109855784	18.92027821516113
9.815444344060262	15.756363032304142	19.146101769661648
9.94711390941288	15.912289121489406	19.378567172542922
10.079281137291261	16.065200481161416	19.617681715760448
10.211866221516368	16.214825692116253	19.863441924287034
10.344785085332894	16.360886127970165	20.11583286467592
10.477949321212014	16.503096324782017	20.374827448852844
10.611266140673587	16.64116440709052	20.64038573669554
10.744638335166785	16.77479257276605	20.9124542413256
10.877964249084176	16.90367763887505	21.19096524142256
11.011137765992146	17.027511650485277	21.475836105208572
11.144048309190344	17.14598255405317	21.766968631142802
11.276580857710117	17.258774936673074	22.0642484106937
11.408615978862045	17.365570832068713	22.367544218892295
11.540029878441562	17.466050593762446	22.676707438701335
11.670694469669677	17.559893835343694	22.991571525492564
11.80047746192192	17.64678043720951	23.31195151818801
11.929242470257313	17.726391618545804	23.63764360383212
12.056849146686632	17.79841107265439	23.968424742474994
12.183153334079146	17.86252616305324	24.30405235941666
12.308007243492483	17.91842917701923	24.64426411181786
12.431259655628347	17.965818632482065	24.988777736680486
12.552756147003615	18.004400633376328	25.337290987081555
12.672339341289986	18.03389026773401	25.689481663315263
12.78984918613509	18.05401304197027	26.045007745305217
12.905123255621493	18.06450634398236	26.40350763225741
13.017997078337553	18.065120926857634	26.764600494996177
13.128304490861543	18.05562240418899	27.127886745864917
13.23587801624117	18.03579274723048	27.492948630302823
13.340549266850418	18.00543177341577	27.85935094342685
13.44214937078187	17.964358615112932	28.22664187402287
13.540509420698507	17.912413156921488	28.594353977318615
13.635460943827509	17.84945742934901	28.96200527677846
13.726836391553134	17.775376946333797	29.32910049401991
13.814469646798159	17.690081973855126	29.695132404584353
13.898196547168135	17.593508716756567	30.05958331605749
13.977855421578415	17.48562041096542	30.421926663588007
14.053287637861427	17.36640830849589	30.781628716465466
14.124338158636847	17.235892542993017	31.13815038801312
14.190856102522675	17.094122864120838	31.49094913963784
14.252695307577104	16.941179229828705	31.839480968485724
14.309714893710035	16.777172246402753	32.18320246689669
14.361779820650424	16.602243447308446	32.52157294053714
14.408761437962042	16.416565403026826	32.85405657104458
14.450538023510555	16.22034165549793	33.18012460795422
14.486995306744028	16.013806472308246	33.499257573838236
14.518026973142948	15.79722441739353	33.81094746592855
14.543535146220588	15.570889736793786	34.114699936970396
14.56343084352212	15.335125559833624	34.41003643775762
14.577634403179733	15.090282917968029	34.696496303746784
14.586075877723086	14.836739585475259	34.97363876825187
14.588695392031912	14.574898748059452	35.2410448851314
14.585443462536754	14.305187507315614	35.49831934446032
14.5762812750319	14.02805523083861	35.74509216549194
14.561180918754884	13.743971759441376	35.981020252294684
14.540125574706408	13.45342548457764	36.2057887986618
14.51310965653159	13.156921310499508	36.41911253034198
14.48013890265056	12.854978516940864	36.62073677425071
14.441230418715065	12.548128539225603	36.81043834604546
14.396412669864285	12.236912683529157	36.98802624933804
14.345725422659527	11.921879795665623	37.153342181758774
14.289219636990815	11.603583902195385	37.30626084508269
14.226957308646266	11.282581842743614	37.446690058693235
14.15901126364087	10.959430912383832	37.57457067765262
14.085464905782715	10.634686532581192	37.68987631865248
14.006411919316854	10.308899968609992	37.792612899038694
13.921955928838788	9.982616110614812	37.88281799590728
13.832210118976674	9.656371334453455	37.960560033977295
13.737296816634016	9.33069145732102	38.02593731247825
13.637347038836648	9.006089801818343	38.079076882668
13.532500009436212	8.683065380637503	38.12013328878945
13.422902648112968	8.362101212507033	38.14928718625566
13.308709035249953	8.043662778351306	38.166743851644156
13.19007985635053	7.728196624920444	38.17273159964975
13.06718182974129	7.416129121446663	38.16750012250585
12.940187121307046	7.107865373114383	38.1513187675406
12.809272749998337	6.803788293468611	38.12447476848461
12.674619987798845	6.504257836243109	38.08727144591283
12.536413757743352	6.20961038550147	38.040026391788636
12.394842033466224	5.920158301532907	37.98306965250451
12.250095243618043	5.636189618590713	37.91674192410083
12.102365684294108	5.357967889280045	37.84139277249456
11.951846942457323	5.085732169365867	37.75737889061786
11.798733333092525	4.819697135743375	37.66506240332485
11.643219352624676	4.5600533295427335	37.564809229842496
11.485499150887671	4.306967515655486	37.45698751240452
11.325766023679712	4.0605831494401805	37.34196611854558
11.164211927694643	3.8210209409924674	37.22011322337011
11.001027019375575	3.5883795071334927	37.09179497696453
10.83639921895886	3.3627361011146526	36.95737426097275
10.67051380076923	3.14414741010115	36.81720953729642
10.503553010551393	2.932650410559252	36.671653790817
10.335695710414061	2.7282632719196522	36.521053567076876
10.167117051737888	2.5309862991844696	36.36574810494603
9.997988176186581	2.3408029055189976	36.20606856346414
9.828475944766838	2.157680606313659	36.0423373412939
9.65874269471628	1.9815720267109351	35.87486748656137
9.488946023805543	1.8124159150962147	35.70396219424232
9.31923860153145	1.650138155660414	35.529914387783634
9.149768006500874	1.4946527736809474	35.35300638117824
8.980676589229112	1.345862927806654	35.17350961740424
8.812101359446295	1.2036618842009816	34.99168447883543
8.644173896930093	1.0679339680022688	34.8077801650373
8.477020284812646	0.938555488141014	34.62203463322539
8.31076106425064	0.8153956321149715	34.434674596583314
8.145511209298617	0.698317327859393	34.24591557560941
7.9813801208043325	0.5871780703708958	34.055961997698574
7.818471638111821	0.48183071121700355	33.8650073402211
7.656884067358321	0.3821242095225387	33.67323431247913
7.496710225152217	0.287904343441354	33.480815072063216
7.338037496418072	0.1990143814987877	33.287911471287224
7.180947905217735	0.11529571354304395	33.094675329577
7.025518197392881	0.03658844136351094	32.9012487279119
6.871819933871898	-0.03726807070421987	32.70776432160049
6.719919593555891	-0.1064346846001577	32.51434566794781
6.56987868471356	-0.1710720160013644	32.321107565579
6.421753863859266	-0.23133999944980227	32.128156402425475
6.275597061152881	-0.28739749001011633	31.935590509643433
6.131455611376535	-0.33940190020589633	31.743500518931302
5.989372389621136	-0.38750887086685254	31.551969720981717
5.849385950851692	-0.431871974445042	31.361074423011193
5.711530672567215	-0.47264244929912347	31.170884303523085
5.575836899833839	-0.5099689634004757	30.98146276268408
5.442331092008668	-0.5439974058949263	30.79286726687766
5.311035970524942	-0.5748707049433645	30.605149686190092
5.181970667161505	-0.6027286702679471	30.418356623766424
5.055150872258438	-0.6277078588485921	30.232529736126885
4.930588982391038	-0.6499414622387899	30.04770604369342
4.8082942470604095	-0.6695592140037612	29.863918230920504
4.6882729139939485	-0.6866873158266179	29.68119493554374
4.5705283726964225	-0.7014483808737927	29.49956102658845
4.45506129592452	-0.7139613930636826	29.319037870879075
4.341869778796639	-0.7243416809370432	29.139643587890784
4.230949475289787	-0.7327009048850639	28.961393292881194
4.122293731890671	-0.7391470565522583	28.7842993282907
4.015893718219308	-0.7437844692897442	28.608371483501507
3.911738554455711	-0.7467138385970904	28.433617203080242
3.809815435433078	-0.7480322515509806	28.260041783691637
3.710109751286353	-0.747833224279247	28.0876485599175
3.612605204561098	-0.7462067465980464	27.916439079242476
3.5172839237155116	-0.7432393329874548	27.746413266511766
3.4241265729646106	-0.7390140791370254	27.577569578187692
3.3331124584290532	-0.733610723346774	27.409905146745565
3.244219630574705	-0.7271057121213851	27.243415915579458
3.1574249829365275	-0.7195722693451593	27.07809676478819
3.072704347135774	-0.7110804684728215	26.91394162822405
2.990032584213159	-0.7016973072168253	26.750943602195548
2.909383672307482	-0.6914867842544271	26.589095046210367
2.8307307907202786	-0.680509977518439	26.428387676146986
2.7540464004173217	-0.6688251236741166	26.2688126502446
2.6793023210198195	-0.6564876984198532	26.110360648285177
2.606469804349858	-0.6435504972836811	25.953021944345455
2.535519604598008	-0.6300637166188463	25.796786473484403
2.466422045183029	-0.6160750345305267	25.64164389271613
2.39914708238437	-0.6016296914943172	25.48758363662271
2.3336643658224365	-0.5867705704507677	25.334594967930126
2.2699432958728223	-0.5715382761853849	25.182667023377647
2.207953078097499	-0.5559712138242142	25.03178885518668
2.1476627747791297	-0.5401056662954263	24.881949468425855
2.089041353645873	-0.5239758706257904	24.733137854556098
2.032057733876471	-0.5076140929583686	24.585343021430887
1.9766808294712033	-0.4910507021920823	24.43855402000223
1.9228795900806948	-0.4743142421597792	24.29275996798608
1.870623039378113	-0.4574315022727303	24.14795007071227
1.8198803110645232	-0.44042758657270975	24.00411363938379
1.7706206825939776	-0.4233259811429336	23.86124010695165
1.722813606704503	-0.40614861983909895	23.71931904180104
1.6764287408393697	-0.3889159483104189	23.57834015943077
1.631435974544629	-0.3716469862896612	23.438293332305673
1.5878054549220055	-0.3543593881364819	23.29916859803424
1.5455076102213257	-0.33706950162732097	23.160956166033575
1.504513171648566	-0.3197924249885747	23.023646422813908
1.4647931934691827	-0.3025420621770562	22.887229936021896
1.4263190714813956	-0.2853311764152238	22.751697457362987
1.3890625599328268	-0.2681714419930195	22.617039924515993
1.3529957869524922	-0.2510734943520586	22.48324846214642
1.3180912685690236	-0.23404697847160313	22.35031438212058
1.284321921381043	-0.21710059557720493	22.218229183004123
1.251661073947146	-0.20024214819702635	22.086984548934304
1.220082476959023	-0.18347858359214977	21.956572347941943
1.189560312258639	-0.1668160355886711	21.82698462978987
1.1600692007612856	-0.15025986484248044	21.69821362340059
1.1315842093404773	-0.1338146975669529	21.570251733924724
1.1040808567314764	-0.11748446275630671	21.44309153950765
1.0775351185081208	-0.10127242793829147	21.316725787806973
1.0519234311835062	-0.08518123348928146	21.19114739229878
1.0272226954864636	-0.06921292554733649	21.066349428421375
1.003410278860619	-0.05336898755721456	20.942325129586063
0.9804640172336131	-0.037650370483180824	20.819067883093158
0.9583622161008948	-0.02205752172476886	20.69657122598166
0.9370836509669662	-0.00659041277080264	20.57482884083883
0.9166075671852008	0.008751434373135624	20.453834551592543
0.8969136792366053	0.023968921948061467	20.333582319312185
0.8779821694843254	0.0390633523616949	20.21406623803016
0.8597936864414337	0.05403640522982238	20.09528053060749
0.8423293425857961	0.0688901155054472	19.977219544651728
0.8255707117560945	0.08362685266129544	19.859877748504562
0.8094998261605866	0.09824930089250758	19.74324972730839
0.7940991730287679	0.11276044030690059	19.62733017915932
0.7793516909354716	0.12716352907007158	19.512113911357815
0.7652407658249022	0.1414620864737829	19.397595836762278
0.7517502267607586	0.15565987689678298	19.283770970248785
0.7388643414281865	0.1697608946270103	19.170634425285915
0.7265678114110201	0.18376934951582305	19.05818141062421
0.7148457672672613	0.19768965343494613	18.94640722710402
0.7036837634246175	0.21152640750744672	18.83530726458507
0.6930677729164768	0.22528439008514162	18.72487699899737
0.6829841819778023	0.23896854544540486	18.615111989513437
0.6734197845197507	0.2525839731805828	18.50600787584503
0.6643617765001716	0.26613591825481014	18.39756037566014
0.6557977502068536	0.27962976170288967	18.289765282122325
0.6477156884690938	0.29307101194711194	18.182618461549954
0.6401039588124267	0.3064652967084403	18.07611585119414
0.6329513075705485	0.3198183554891318	17.970253457134152
0.6262468539676083	0.3331360326046594	17.86502735228826
0.6199800841832581	0.3464242707435445	17.760433674537357
0.6141408454122551	0.35968910503412754	17.65646862496076
0.6087193399294869	0.37293665759841477	17.553128466180027
0.6037061191708628	0.38617313257331526	17.450409520810528
0.5990920778396176	0.3994048115807951	17.348308170016118
0.5948684480472162	0.4126380496285393	17.246820852166866
0.5910267934972724	0.4258792714237677	17.14594406159656
0.5875590037203577	0.4391349680835037	17.04567434745658
0.5844572883671348	0.4524116942249391	16.946008312664972
0.5817141715667095	0.46571606542013927	16.846942612949526
0.5793224863564912	0.4790547560004445	16.748473955979925
0.5772753691895645	0.49243449719585364	16.65059910058905
0.5755662545250262	0.5058620755956278	16.55331485608074
0.5741888695063513	0.5193443319168728	16.45661808162168
0.5731372287324717	0.5328881600682719	16.360505685716294
0.5724056291258555	0.5465005064967813	16.264974625762655
0.5719886449015219	0.5601883698057661	16.170021907686735
0.5718811226406181	0.5739588006329895	16.07564458565637
0.5720781764718146	0.5878189017783767	15.981839761869317
0.5725751833635314	0.6017758285707104	15.888604586418724
0.5733677785296796	0.6158367894640232	15.795936257231398
0.5744518509513709	0.6300090468542667	15.703832020079032
0.5758235390167594	0.6442999181071889	15.612289168663063
0.5774792262809877	0.6587167767894556	15.521305044769637
0.5794155373479463	0.6732670540946816	15.430877038496453
0.581629333875368	0.6879582404569266	15.341002588550207
0.584117710704591	0.7027978873445172	15.25167918261409
0.5868779921161221	0.7177936092273111	15.162904357785774
0.5899077282119741	0.732953085710986	15.07467570108573
0.5932046914256143	0.7482840638323947	14.986990850035406
0.59676687316013	0.7637943605099248	14.89984749330742
0.6005924805552305	0.7794918651439138	14.813243371445672
0.6046799333834101	0.795384542361628	14.727176277658279
0.6090278610756016	0.811480434902238	14.641644058682894
0.6136350998765049	0.8277876666372996	14.556644615725467
0.6185006901296115	0.8443144457223324	14.4721759054746
0.6236238736920248	0.8610690678759544	14.388235941190727
0.6290040914788753	0.8780599197825156	14.304822793873617
0.6346409811372152	0.8952954826150097	14.221934593508752
0.6405343748491439	0.9127843356750381	14.139569530394565
0.6466842972639073	0.9305351601470033	14.057725856551915
0.6530909635584977	0.948556742963435	13.976401887219577
0.6597547776265299	0.9668579807794625	13.89559600243555
0.6666763303947459	0.9854478840535151	13.815306648709287
0.6738563982668567	1.0043355812326629	13.735532340785037
0.6812959416940438	1.023530323040189	13.656271663501064
0.6889961038716353	1.04304148686377	13.57752327374692
0.6969582095613763	1.062878581242606	13.499285902522029
0.7051837640387384	1.0830512504520828	13.421558357098677
0.7136744521644937	1.103569279184205	13.344339523294494
0.7224321375801553	1.1244425973231162	13.267628367856041
0.7314588620263812	1.1456812848139224	13.191423940960018
0.7407568447839352	1.167295576624376	13.11572537883405
0.7503284822363403	1.1892958677979641	13.040531906503482
0.7601763475536569	1.211692718597758	12.965842840667955
0.7703031904966763	1.2344968597401182	12.89165759271315
0.7807119373409296	1.2577191977176496	12.817975671862397
0.7914056909196507	1.281370820210262	12.744796688475066
0.802387730785276	1.3054630015842248	12.672120357495626
0.8136615134885027	1.3300072084778598	12.599946502061629
0.8252306729745283	1.3550151054738553	12.528275057274936
0.8370990210955583	1.3804985608569904	12.457106074144429
0.8492705482390036	1.4064696524567781	12.386439723706623
0.8617494240706605	1.4329406735742098	12.316276301331596
0.874539998392271	1.4599241389919573	12.24661623122154
0.8876468021125596	1.487432791066697	12.177460071111126
0.9010745483313738	1.5154796059032556	12.10880851717637
0.9148281335358623	1.5440777996087391	12.040662409162696
0.9289126389083449	1.5732408346262043	11.973022735739466
0.9433333317448663	1.602982426145948	11.90589064009208
0.9580956669838413	1.633316548593207	11.839267425760822
0.9732052888439789	1.6642574421904903	11.773154562737176
0.988668032570824	1.6958196195928819	11.707553693828038
1.0044899262908313	1.728017872593652	11.642466641300276
1.0206771929725533	1.7608672788986575	11.57789541381579
1.0372362524936027	1.7943832089659568	11.513842213671273
1.054173723812916	1.8285813329085856	11.45030944435376
1.0714964272470349	1.8634776274565825	11.387299718426656
1.0892113868495183	1.899088382974885	11.324815865759607
1.1073258328923974	1.935430210533045	11.26286094211683
1.1258472044486032	1.9725200490224677	11.201438238118705
1.1447831520739011	2.0103751723157486	11.140551288593212
1.1641415405873037	2.049013196463255	11.080203882332578
1.1839304519484037	2.0884520869206677	11.020400072272668
1.2041581882301133	2.1287101658009053	10.961144186112804
1.224833274685232	2.169806119143341	10.902440837394229
1.2459644629050504	2.211759004192349	10.844294937056393
1.267560734068067	2.2545882566765076	10.786711705490996
1.2896313022768053	2.2983136980791308	10.72969668511419
1.312185617980425	2.3429555428896873	10.6732557534786
1.3352333714809372	2.388534405825363	10.617395136946705
1.3587844965199156	2.435071309009612	10.562121424949833
1.3828491739435118	2.4825876890957503	10.507441584855012
1.4074378354421464	2.5311054043201286	10.45336297746571
1.4325611673618426	2.5806467414699306	10.399893373181296
1.4582301145834333	2.6312344227484186	10.34704096884208
1.4844558844658406	2.682891612519636	10.294814405286976
1.5112499508490418	2.73564192391256	10.243222785652444
1.5386240581122195	2.7895094252636166	10.192275694441689
1.5665902252819646	2.8445186463742727	10.141983217394598
1.5951607501853715	2.900694584559389	10.092355962189105
1.624348213641828	2.9580627104589263	10.043405080006721
1.654165483687459	3.0166489735847892	9.995142287994799
1.6846257198252077	3.076479807571489	9.947579892659858
1.715742377293231	3.137582135097489	9.900730814226865
1.7475292113435028	3.1999833724412	9.854608612000552
1.7800002815223406	3.263711433633876	9.809227510765222
1.8131699559427845	3.3287947341666593	9.764602428261862
1.8470529155397932	3.3952621942095074	9.720749003779854
1.8816641582965457	3.463143241292828	9.677683627904093
1.9170190034306525	3.532467812401912	9.635423473457138
1.9531330955276278	3.603266355429576	9.593986527677712
1.9900224086078164	3.6755698299281927	9.553391625677657
2.0277032501127934	3.7494097070999257	9.513658485219118
2.0661922647952995	3.8248179689579405	9.474807742855361
2.1055064384952593	3.9018271065861816	9.436860991479275
2.1456631017853405	3.9804701174246144	9.399840819321751
2.1866799334652094	4.060780501495959	9.36377085044547
2.228574963884298	4.1427922564885105	9.328675786777415
2.271366578071173	4.226539871603506	9.294581451723797
2.3150735186449327	4.312058320067378	9.261514835411544
2.359714888483337	4.399383050204688	9.229504141599232
2.4053101531208148	4.488549974961326	9.198578836299427
2.4518791428456543	4.579595459756658	9.168769698154751
2.499442054466924	4.6725563085421955	9.140108870606396
2.5480194527160043	4.767469747929655	9.112629915894564
2.597632271247762	4.864373409247688	9.086367870926637
2.6483018132030063	4.963305308375951	9.061359305047139
2.700049751291442	5.0643038231963775	9.03764237974055
2.7528981273515494	5.167407668491658	9.0152569102947
2.806869351341256	5.272655868111573	8.994244429448461
2.8619861997092837	5.380087724215422	8.974648253043222
2.918271813096026	5.489742783392034	8.956513547691703
2.97574969330617	5.601660799441052	8.939887400472907
3.0344436994948656	5.715881692593393	8.92481889065417
3.0943780435037467	5.832445504932934	8.911359163434359
3.155577284278615	5.951392351767618	8.89956150569371
3.2180663212997405	6.072762368691191	8.889481423725554
3.2818703869467165	6.196595654053953	8.881176722915606
3.3470150377179664	6.32293220655206	8.87470758932171
3.413526144221442	6.4518118576326895	8.870136673093805
3.4814298798448506	6.583274198391199	8.867529173659598
3.550752708009927	6.717358500623951	8.86695292658486
3.621521367912088	6.854103631689292	8.868478491999314
3.6937628586361084	6.993547962803757	8.87217924445964
3.767504421539035	7.135729270397231	8.878131464099202
3.8427735207792266	7.280684630122933	8.886414428890557
3.919597821867065	7.428450303107996	8.89711050782047
3.998005168108482	7.5790616140189595	8.910305254749307
4.078023554801198	7.732552820492408	8.926087502695289
4.1596811010394745	7.88895697347166	8.944549458250535
4.243006018976019	8.048305767976023	8.965786795799445
4.328026580381435	8.210629383813924	8.989898751170097
4.414771080335458	8.375956315741282	9.016988214306696
4.503267797876511	8.544313192555098	9.047161820504956
4.593544953426025	8.715724584598124	9.080530039701346
4.685630662803177	8.890212799156075	9.117207263255862
4.779552887629263	9.067797663206727	9.157311887607374
4.875339381921137	9.24849629299284	9.200966394121462
4.973017634662801	9.432322849885633	9.248297424383994
5.0726148081350795	9.619288282006448	9.299435850122197
5.174157671782011	9.809400051093265	9.354516836862896
5.277672531383169	10.00266184410653	9.413679900357211
5.38318515329009	10.199073269078239	9.477068954714108
5.490720683493724	10.398629534759559	9.544832351104594
5.600303561270055	10.601321113625753	9.617122905797212
5.711957427156237	10.807133387853591	9.694097916192918
5.825705025006645	11.016046277933912	9.775919163426051
5.941568097872142	11.228033853631304	9.862752899989385
6.059567277452236	11.443063927082731	9.95476982073638
6.1797219668688115	11.66109762790207	10.052145015499816
6.302050216507147	11.882088960238221	10.155057901445488
6.42656859269302	12.105984341872695	10.263692133176576
6.553292038960681	12.332722125523865	10.378235488468524
6.68223372969297	12.562232102691668	10.498879727408273
6.813404915927775	12.794434990530013	10.625820422594739
6.946814763128322	13.02924190238379	10.759256757929592
7.082470180753755	13.26655380285412	10.899391293433053
7.220375643479973	13.506260948450558	11.0464296934043
7.360533003948595	13.748242315124763	11.200580415146554
7.502941296965458	13.99236501425804	11.362054355399833
7.647596535099203	14.238483698943101	11.53106445153934
7.794491495680346	14.486439962720171	11.707825234543899
7.943615499253015	14.736061733265506	11.892552330700116
8.094954179583079	14.987162663883545	12.085461908983635
8.248489245398428	15.239541526056055	12.286770071076702
8.404198234108074	15.492981606715349	12.496692181020803
8.562054257811864	15.747250114325785	12.715442131558428
8.72202574202837	16.002097598368763	12.94323154436962
8.884076157637546	16.257257387268933	13.180268901533532
9.048163746652609	16.512445050328157	13.426758605771816
9.21424124255247	16.76735788976191	13.68289996730205
9.382255586019953	17.02167446945528	13.948886115444441
9.55214763706761	17.27505418760754	14.22490283352619
9.723851884682306	17.527136900992872	14.511127316110182
9.89729615525122	17.777542609078335	14.807726848092422
10.072401321208597	18.0258712067962	15.114857405872282
10.249081011503664	18.271702315264825	15.432662181512171
10.42724132565179	18.51459520020847	15.761270031594258
10.606780553336419	18.754088788290165	16.100793853435942
10.787588901678019	18.98970179189107	16.451328892267867
10.9695482325126	19.220932953218778	16.812950984153147
11.152531812180985	19.447261418792547	17.185714740573783
11.336404076530942	19.6681472554724	17.569651681929482
11.521020414020692	19.883032119178747	17.96476832858499
11.706226969985861	20.091340087278162	18.371044259560364
11.89186047530236	20.29247866528808	18.788430150500663
12.077748102844382	20.485839978058724	19.216845804183418
12.263707355251814	20.670802154860166	19.656178188407374
12.449545987676512	20.846730916921338	20.10627949784893
12.635061969239967	21.012981374780225	20.56696525806355
12.820043487010093	21.168900041417025	21.03801249146277
13.004268996341828	21.313827065487217	21.51915796668456
13.187507321404802	21.447098687031364	22.010096554220343
13.369517809662879	21.568049915836024	22.510479712486276
13.550050543984646	21.676017430160385	23.019914129736243
13.728846615875266	21.77034269078228	23.537960548072647
13.905638463124196	21.850375262343007	24.064132796539454
14.08015027487042	21.915476330737935	24.597897060605842
14.252098466732965	21.96502240187187	25.1386714153216
14.421192228249879	21.998409163510384	25.685825649046237
14.58713414436483	22.015055488237262	26.238681403738724
14.749620892148334	22.014407551751894	26.79651265645839
14.908344013308227	21.995943036955968	27.358546564841784
15.062990762346043	21.959175390563253	27.923964696896647
15.213245029445087	21.903658095400306	28.49190466243771
15.358788336367544	21.828988918229317	29.06146215998339
15.499300902744805	21.734814089917265	29.631693448748628
15.634462779252047	21.620832372171613	30.2016182508094
15.763955043192146	21.486798962979755	30.770223083303225
15.887461051053657	21.332529191402884	31.33646501496523
16.0046677416454	21.157901951564014	31.89927583537981
16.115266982444393	20.962862825635593	32.45756661906151
16.218956950865035	20.747426846429363	33.01023266005766
16.315443541284758	20.511680851853086	33.556158746329736
16.404441787836067	20.25578538611028	34.09422473670829
16.485677292253072	19.979976106034805	34.62331139705042
16.55888764542673	19.684564655427575	35.142306446330196
16.62382383082325	19.36993897560691	35.65011075805956
16.68025159754859	19.03656302659196	36.14564465769457
16.727952790625785	18.684975900305204	36.62785425273126
16.766726626000136	18.315790314808165	37.095717729148674
16.79639089791294	17.929690486699105	37.54825154587823
16.8167831065768	17.527429387411225	37.98451645796191
16.827761494581225	17.109825397799344	38.403623299451716
16.82920598111308	16.67775838425265	38.80473845849065
16.82101898392144	16.232165228190958	39.18708897974724
16.803126119963974	15.774034849045634	39.54996723333319
16.775476776832132	15.304402768637395	39.89273509435365
16.738044548349666	14.824345271852652	40.214827583438556
16.690827529153026	14.334973224730266	40.5157559256732
16.63384846456951	13.837425616209886	40.79510999328437
16.56715475368114	13.332862893789281	41.0525601060259
16.490818305074413	12.822460166120315	41.287858172252555
16.40493524640923	12.307400347118874	41.50083816297439
16.309625490532852	11.788867316227076	41.691415920642
16.205032162446773	11.268039168471226	41.85958831362279
16.091320892902605	10.74608162541868	42.00543175634273
15.968678985809493	10.22414167463985	42.1291001234667
15.837314467899235	9.70334150054775	42.230822094275005
15.697455030225786	9.184772763842322	42.31089797032844
15.549346872041701	8.669491280293554	42.369696015507124
15.39325345840754	8.158512142518223	42.407648372448385
15.229454203501074	7.652805320751573	42.42524661326029
15.05824309204008	7.153291770738601	42.42303698508291
14.879927251487432	6.660840068834626	42.401615412628864
14.694825487771183	6.176263586393488	42.36162232027022
14.503266797183771	5.700318207833506	42.30373733561067
14.30558886681319	5.233700589219173	42.228673934849446
14.102136575497633	4.777046947405257	42.137174087723075
13.893260506703076	4.3309323633336305	42.030002956482086
13.6793154840769	3.895870577466446	41.90794369937048
13.460659139648353	3.472314250383206	41.77179242453171
13.237650523805945	3.0606556574483275	41.62235333531549
13.010648765239985	2.6612277830593554	41.46043410270024
12.780011788118099	2.27430577751682	41.28684149516508
12.546095092721107	1.9001087376907548	41.10237729085712
12.309250604828957	1.5388017717426332	40.90783449154926
12.069825598104575	1.190498307743856	40.70399385261138
11.828161692788436	0.855262606402333	40.4916207382467
11.584593933079278	0.5331124389808004	40.27146230655743
11.339449944669191	0.22402189284522414	40.0442450246646
11.093049173090085	-0.07207573108252058	39.81067251020811
10.845702202751383	-0.3552849625549701	39.571423692064876
10.597710155822794	-0.6257451791038937	39.327151280066055
10.349364169507414	-0.8836276245593001	39.07848053093395
10.100944949685355	-1.1291324547796813	38.82600829552045
9.852722398384188	-1.362485833606035	38.57030233068897
9.604955312174663	-1.583937099157534	38.31190085794796
9.357891148183988	-1.7937560178507144	38.05131234997603
9.111765854180366	-1.9922301407620613	37.78901552566504
8.86680375896827	-2.179662274350081	37.52545953407581
8.623217519139331	-2.356368075117387	37.26106430770881
8.38120811818447	-2.5226737754387627	36.99622106585647
8.140964913880651	-2.678914045690986	36.731292949268685
7.902665729882899	-2.825429995864338	36.466615768075556
7.666476987492544	-2.9625673180898335	36.2024988457484
7.43255387363065	-3.090674569974808	35.939225942811035
7.201040541168899	-3.2101015972679448	35.677056245066325
6.9720703378941	-3.321198093207221	35.416225402186676
6.745766060515811	-3.424312290918348	35.15694660362089
6.522240230322451	-3.519789784390489	34.89941167993894
6.301595387248212	-3.607972472899813	34.64379221884257
6.083924399305791	-3.6891976232245525	34.39024068618542
5.869310784550306	-3.763797043597276	34.13889154344464
5.657829042911639	-3.8320963630773983	33.8898623540925
5.449544995451318	-3.8944144098505764	33.64325487232714
5.2445161287906705	-3.9510626818898356	33.39915610854476
5.042791942643732	-4.002344903420736	33.15763936679735
4.844414298577602	-4.0485566607063825	32.91876525028759
4.649417768324684	-4.089985110796127	32.68258263171863
4.457829980102535	-4.126908757073002	32.44912958594202
4.269671961615066	-4.159597285641495	32.218434283023406
4.084958478514308	-4.188311456858558	31.990515840334645
3.9036983672946155	-4.213303046573599	31.76538513282701
3.7258948617021703	-4.234814831937876	31.543045561042014
3.5515459118766826	-4.2530806169409985	31.323493776803403
3.3806444955687627	-4.268325293135752	31.106720366873667
3.213178920884538	-4.280764931318476	30.892710495140136
3.0491331201016463	-4.290606900235656	30.681444504125984
2.8884869342115636	-4.298050008682991	30.472898476846527
2.7312163879021107	-4.303284667654142	30.267044760164993
2.5772939547965623	-4.306493069473481	30.063852450969392
2.4266888128147137	-4.307849381115867	29.863287846571577
2.2793670895906732	-4.307519949170555	29.66531486081828
2.1352920979369223	-4.305663514147625	29.46989540746006
1.9944245613897578	-4.302431432052609	29.276989752355703
1.8567228299122347	-4.297967901367783	29.08655683610546
1.7221430858749716	-4.292410193777533	28.898554568718893
1.5906395404576346	-4.285888887159629	28.712940097899697
1.4621646206442556	-4.278528099534963	28.529670052511896
1.3366691470161294	-4.270445722826121	28.34870076277167
1.214102502551595	-4.261753655419022	28.169988458650945
1.0944127926681528	-4.252558032654367	27.99348944794852
0.9775469967551736	-4.242959454496253	27.819160275435223
0.8634511114452498	-4.233053209733824	27.646957864411142
0.7520702858930302	-4.222929496171666	27.476839641976316
0.6433489493264661	-4.212673636353175	27.308763649244902
0.5372309311398914	-4.202366288441178	27.142688637675107
0.433659573804837	-4.192083651952187	26.97857415263525
0.3325778388682273	-4.181897668103929	26.816380605257113
0.23392840630941067	-4.171876214592736	26.65606933357345
0.13765376752645825	-4.162083294667603	26.497602653880847
0.04369631221369583	-4.152579220411307	26.34094390320426
-0.04800159060516632	-4.143420790178227	26.186057473695005
-0.13749751713537206	-4.134661460171493	26.032908839730123
-0.2248489187089903	-4.1263515101716415	25.881464578436642
-0.31011305677801093	-4.118538203453856	25.731692384312424
-0.3933469427646203	-4.11126594095228	25.583561078567772
-0.47460728253924667	-4.104576409747836	25.43704061376354
-0.5539504252983992	-4.098508725971655	25.29210207428788
-0.6314323166288766	-4.09309957222814	25.148717673159812
-0.7071084555451369	-4.088383329652573	25.006860745621466
-0.7810338552984499	-4.084392204725949	24.866505739936073
-0.8532630077625645	-4.081156350976308	24.7276282057763
-0.9238498512042287	-4.0787039857007645	24.59020478056206
-0.9928477412617299	-4.07706150184553	24.454213174061984
-1.0603094249525797	-4.07625357518384	24.31963215156158
-1.1262870175453423	-4.076303266932575	24.186441515861418
-1.1908319821337283	-4.077232121948786	24.054622088350843
-1.2539951117586996	-4.079060262646757	23.924155689377955
-1.3158265139310479	-4.081806478775112	23.79502511811459
-1.3763755974136427	-4.085488313191793	23.66721413209431
-1.4356910611248737	-4.0901221437723105	23.540707426590938
-1.4938208850380101	-4.09572326158449	23.415490613973137
-1.5508123229491837	-4.102305945459597	23.291550203170956
-1.606711896996936	-4.109883533086832	23.168873579366192
-1.6615653938211528	-4.11846848875484	23.047448984005968
-1.7154178622508895	-4.128072467859924	22.9272654952345
-1.7683136124218508	-4.138706378297821	22.808313008813005
-1.8202962162218381	-4.150380438851161	22.69058221960351
-1.8714085089726435	-4.163104234681702	22.57406460367079
-1.9216925922587575	-4.176886770032343	22.458752401053665
-1.971189837817364	-4.1917365182399	22.344638599249617
-2.0199408924090583	-4.207661469156054	22.231716917447663
-2.0679856835921253	-4.224669174069964	22.119981791539207
-2.1153634263268124	-4.242766788222176	22.00942835993112
-2.1621126303397245	-4.261961110995827	21.900052450180006
-2.2082711081823505	-4.282258623867598	21.79185056646067
-2.2538759839189666	-4.30366552619646	21.68481987788259
-2.298963702385038	-4.32618776892575	21.578958207657802
-2.3435700389587963	-4.349831086270163	21.47426402312373
-2.387730109789847	-4.3746010254548935	21.37073642662529
-2.4314783824351798	-4.400502974572678	21.268375147249063
-2.474848686850889	-4.427542188618836	21.16718053341086
-2.5178742266946257	-4.455723813763411	21.067153546285777
-2.560587590892557	-4.485052909914402	20.968295754076543
-2.603020765428709	-4.515534471623943	20.870609327109786
-2.6452051453166363	-4.547173447386354	20.774097033748507
-2.6871715467137154	-4.579974757372844	20.678762237111464
-2.7289502191421318	-4.613943309646019	20.584608892584928
-2.770570857780948	-4.649084014893443	20.491641546114312
-2.8120626157954742	-4.685401799716731	20.399865333262145
-2.853454116672772	-4.722901618510734	20.30928597901567
-2.894773466531739	-4.761588463963143	20.21990979833085
-2.9360482663787795	-4.801467376202997	20.131743697396377
-2.9773056242810636	-4.842543450623805	20.044795175601248
-3.0185721674305257	-4.884821844404255	19.959072328189137
-3.0598740540723757	-4.928307781746434	19.874583849583555
-3.101236985273563	-4.973006557849543	19.791339037365614
-3.142686216506722	-5.018923541633654	19.709347796887865
-3.1842465690273616	-5.066064177227042	19.62862064650429
-3.2259424410207855	-5.114433984225927	19.549168723400317
-3.2677978184976264	-5.1640385567347415	19.471003790002744
-3.3098362859167474	-5.214883561191871	19.39413824095066
-3.3520810365152505	-5.26697473298382	19.31858511060697
-3.39455488232442	-5.320317871846694	19.24435808109213
-3.4372802638536744	-5.374918836054897	19.171471490816007
-3.480279259421207	-5.4307835353900344	19.09994034348961
-3.523573594114161	-5.487917922885386	19.029780317591072
-3.567184648358188	-5.546327985335076	18.96100777626467
-3.611133466078341	-5.606019732557042	18.893639777627634
-3.6554407624329346	-5.666999185396245	18.827694085459015
-3.700126931101641	-5.729272362451651	18.76318918024441
-3.7452120511097053	-5.792845265509172	18.700144270548034
-3.790715893170035	-5.857723863660447	18.638579304682366
-3.8366579255239697	-5.923914076084022	18.578514982645164
-3.8830573192633575	-5.99142175346616	18.519972768289158
-3.9299329531141294	-6.060252658033259	18.46297490169097
-3.9773034176630686	-6.130412442168363	18.407544411681354
-4.025187019008444	-6.20190662558124	18.35370512849762
-4.073601781815569	-6.2747405710006605	18.30148169651591
-4.122565451756533	-6.348919458353579	18.250899587020033
-4.1720954973152855	-6.42444825739761	18.20198511095806
-4.222209110937022	-6.501331698768995	18.154765431637095
-4.272923209501476	-6.579574243408293	18.10926857730211
-4.324254434098673	-6.659180050323853	18.06552345354197
-4.37621914908575	-6.740152942652722	18.023559855461436
-4.4288334404028715	-6.82249637197743	17.983408479554342
-4.482113113126236	-6.906213380856946	17.945100935208465
-4.536073688234242	-6.991306563527257	17.908669755769388
-4.590730398564672	-7.077778024730061	17.874148409084103
-4.6460981839385465	-7.16562933662525	17.841571307441683
-4.702191685426594	-7.25486149374401	17.810973816822422
-4.759025238734196	-7.345474865940452	17.782392265361278
-4.816612866678717	-7.437469149297774	17.75586395092651
-4.874968270734929	-7.530843314949548	17.731427147707212
-4.934104821623318	-7.625595555777221	17.709121111697605
-4.994035548912929	-7.721723230942091	17.688986084960554
-5.054773129616172	-7.8192228082220385	17.671063298543494
-5.116329875745263	-7.918089804113731	17.65539497391579
-5.178717720807327	-8.018318721676337	17.6420243227866
-5.241948205209967	-8.119902986088185	17.630995545156665
-5.306032460550221	-8.222834877893812	17.62235382544901
-5.370981192762063	-8.327105463927321	17.616145326555245
-5.43680466409672	-8.432704525901613	17.61241718162651
-5.5035126739074105	-8.539620486654663	17.61121748342985
-5.57111453821767	-8.647840334062407	17.612595271081933
-5.639619068044991	-8.757349542622737	17.61660051396392
-5.709034546458693	-8.86813199273417	17.623284092612554
-5.779368704349546	-8.98016988769859	17.632697776374116
-5.850628694887644	-9.093443668484673	17.64489419759894
-5.922821066652227	-9.20793192630948	17.659926822146453
-5.995951735413182	-9.323611313099693	17.677849915961772
-6.070025954547649	-9.440456449910606	17.698718507476826
-6.145048284081642	-9.558439833403096	17.722588345582416
-6.2210225583396594	-9.677531740480195	17.749515852907813
-6.297951852200272	-9.79770013122189	17.779558074141
-6.375838445947388	-9.91891055025774	17.812772619112998
-6.454683788718011	-10.041126026749346	17.84921760036641
-6.534488460549285	-10.164306973173392	17.888951564923197
-6.615252133030222	-10.288411083116683	17.93203341996215
-6.696973528569891	-10.41339322832182	17.978522352114318
-6.779650378299813	-10.53920535524961	18.02847774008388
-6.8632793786316135	-10.665796381448303	18.08195906030061
-6.947856146499766	-10.79311209205295	18.139025785313116
-7.033375173325379	-10.921095036767932	18.19973727463529
-7.119829777741308	-11.049684427713274	18.264152657761723
-7.207212057131587	-11.178816038556395	18.332330709078622
-7.295512838043976	-11.308422105381563	18.404329714405286
-7.384721625541846	-11.438431229783124	18.480207328912407
-7.474826551575299	-11.56876828471167	18.56002042618211
-7.5658143224573475	-11.699354323633985	18.643824938189873
-7.657670165545101	-11.830106493611321	18.731675686013
-7.750377775237012	-11.960937952939364	18.823626201095866
-7.8439192584039	-12.091757794025446	18.919728536926105
-7.938275079395315	-12.222470972234321	19.020033071019963
-8.033424004764155	-12.352978241456643	19.124588297141504
-8.129343047873073	-12.48317609720316	19.23344060772871
-8.226007413560259	-12.612956728065452	19.34663406654648
-8.323390443054253	-12.742207976417232	19.46421017163534
-8.421463559345556	-12.87081330926926	19.586207608684525
-8.52019621323716	-12.998651800222225	19.7126619950187
-8.619555830311988	-13.12559812349183	19.843605614454766
-8.719507759072552	-13.251522561008741	19.979067143359156
-8.820015220527148	-13.376291023621876	20.11907136831784
-8.921039259504061	-13.499765087440192	20.263638895902293
-9.022538698007681	-13.621802046380944	20.412785855125037
-9.124470090929403	-13.742254981977668	20.56652359324873
-9.226787684457856	-13.860972851520529	20.72485836573358
-9.329443377537766	-13.977800595580918	20.887791021196303
-9.432386686747881	-14.09257926596385	21.05531668237036
-9.535564714981051	-14.205146175104653	21.227424424166827
-9.638922124323186	-14.315335067892166	21.404096950050853
-9.742401113538271	-14.422976316852965	21.58531026806283
-9.84594140058438	-14.527897141581715	21.77103336794491
-9.949480210582083	-14.629921853219745	21.96122790093141
-10.05295226967976	-14.728872124718317	22.15584786390864
-10.156289805253621	-14.824567287514629	22.35483928974749
-10.259422552886006	-14.91682465514219	22.55813994573191
-10.362277770572017	-15.005459874178353	22.7656790421299
-10.464780260593653	-15.09028730278476	22.97737695304385
-10.566852399497986	-15.171120416945575	23.193144951780912
-10.668414176611394	-15.247772244342725	23.412884963083243
-10.76938324149925	-15.320055825615364	23.636489334616254
-10.869674960775356	-15.38778470256163	23.86384063020299
-10.969202484634483	-15.450773432620396	24.09481144732261
-11.067876823461864	-15.508838128749902	24.329264261437014
-11.165606934843767	-15.561797023582411	24.567051299726092
-11.262299821266767	-15.60947105648445	24.80801444680216
-11.357860638752602	-15.651684481894907	25.051985184942478
-11.452192816640723	-15.688265497053486	25.29878457135006
-11.545198188667346	-15.719046886955814	25.548223254839684
-11.636777135449636	-15.743866684106672	25.800101534274688
-11.726828738419652	-15.76256884036806	26.054209460933393
-11.815250945183669	-15.775003907930042	26.310326986803812
-11.901940746229986	-15.781029726174554	26.568224160652694
-11.986794362821401	-15.780512110946432	26.827661373449
-12.069707445840034	-15.7733255425107	27.088389654484317
-12.150575285277693	-15.759353848253335	27.350151019261524
-12.229293029972638	-15.738490875983238	27.61267886987541
-12.305755917120287	-15.710641153518463	27.87569844829797
-12.379859510992935	-15.675720530094212	28.138927342591085
-12.451499950218984	-15.633656795017666	28.402076045681046
-12.520574202887797	-15.584390268916513	28.664848565924142
-12.586980328657422	-15.527874362891511	28.926943088251306
-12.650617746955612	-15.464076100892015	29.188052684224235
-12.711387510292136	-15.392976600676182	29.447866068918447
-12.769192581607046	-15.314571508828507	29.706068402031608
-12.823938114520088	-15.22887138544226	29.962342130215227
