3.0	5.0	7.0
3.0511585920932904	5.146110908584566	6.99174242906544
3.10469250050288	5.294710050944414	6.98536842428714
3.1606017211811244	5.44579709904112	6.980879800443634
3.2189321196863383	5.599997713854127	6.978758372989482
3.279622530336763	5.756476740306016	6.978366195618964
3.342718695593386	5.915856344907448	6.980200489442669
3.4082206086507494	6.078135976115057	6.98426336800775
3.476775455493555	6.247168550849016	6.994029214759655
3.547221607388984	6.415639532595564	7.002964745006706
3.62013755599759	6.587402022499156	7.0145456211494475
3.6955232909449482	6.762455179772109	7.028774320419896
3.7735223732118364	6.941352108081085	7.046361788641129
3.8539433603422992	7.123353081630703	7.0663662246928105
3.9369295225815684	7.309003032338359	7.089519638232935
4.022480844931936	7.498300744725713	7.115824933119981
4.119392162850345	7.719450411579226	7.179641886963504
4.210664253020631	7.916414115512783	7.213063712357354
4.304609750976956	8.117355104924481	7.250257203870882
4.401228635524325	8.32227166208119	7.291225754316191
4.500726454961314	8.531574760452159	7.336988377840392
4.602829089309912	8.744711930978413	7.386194742648946
4.707741509141139	8.962077969059624	7.439892467072219
4.8154636854225075	9.183670521779055	7.498085475408692
4.927377291226432	9.411641826196904	7.567900752827446
5.040880028118779	9.641859561590401	7.635906469510084
5.157335051929515	9.876471415571103	7.7092522960336485
5.27674232355799	10.115474219255335	7.787942709944016
5.399313532811675	10.358997348645879	7.87337889234721
5.524766325387314	10.606860098567093	7.963703503399566
5.653311342569125	10.859162551167222	8.060354779673885
5.784948532527922	11.115900505987621	8.163337736373544
5.995955827238926	11.48999040241209	8.68205553359844
6.134779851660175	11.752813398920631	8.79995989613515
6.276728398149483	12.019811994257912	8.925384364929053
6.421801398759994	12.290980681720633	9.058334225301786
6.5701253259015875	12.565835788667345	9.20059616448662
6.7215313763265465	12.84500816147947	9.349800488944846
6.87614423400693	13.12796429701236	9.50777591638523
7.033963812286519	13.414697172275645	9.674527958697627
7.195200955590204	13.700254450090025	9.861600841976687
7.3593534070485465	13.993763565717146	10.047087316725905
7.526734483076024	14.29036109510551	10.242700851925406
7.6973440755386315	14.590038274613251	10.448446869747848
7.871092782929991	14.891356790402519	10.666385650872428
8.048099535913169	15.196212403263313	10.893782430642757
8.228272147015783	15.50308942030645	11.132737303718041
8.411610484448211	15.811977160737735	11.383255145232072
8.585754350063159	16.04787853819436	11.725500612639213
8.77372234067848	16.357359325817985	11.997894472443855
8.96466393618738	16.66731094241073	12.283134404428363
9.158578983573618	16.977720986882773	12.581224042654567
9.354973609955152	17.285748548330332	12.894047602259375
9.55450593826191	17.595151177452877	13.219099761796985
9.756678280779267	17.90298252918952	13.558284529358065
9.961490463885877	18.20922853252453	13.911603575575711
10.163913603648629	18.492115699998802	14.287750037758988
10.373141124571521	18.792403851227952	14.669624774788627
10.58448607115857	19.088492696871352	15.066608660597257
10.797948257256975	19.38036715031047	15.478700514548816
11.012404913589751	19.663420349409563	15.906730070003375
11.229352630355885	19.94375948193886	16.34958525540634
11.447664254284879	20.21665758457552	16.808070225541535
11.667339599743846	20.482099612837267	17.28218007933549
10.186921697019825	17.17554549394765	17.059100099559227
10.362266067365866	17.408954935471158	17.388295964587183
10.538907491564094	17.63750722604888	17.72892423274866
10.716845856284474	17.861193180930098	18.08098268137752
10.895038762009575	18.07659389777703	18.44450760139228
11.074875816027149	18.28824694401068	18.819443505141496
11.255312030498896	18.49266283999219	19.205798953026203
11.436347300349649	18.689833069980942	19.60356940089459
11.609696496990162	18.85669452962609	20.007879782553037
11.790759569171765	19.03682353302346	20.427088446409137
11.971559324567405	19.207084788056555	20.857124575058126
12.152095679279151	19.367471495278362	21.29798123169931
12.33080109465056	19.513876397678377	21.74788446132611
12.509765454687972	19.651762260137716	22.209181451598596
12.68741961048287	19.776979242835964	22.68003388165014
12.863763513917942	19.889523446140302	23.160432667615094
12.95631840961855	19.822341285310465	23.52675207728876
13.126844376191276	19.91044853803623	24.015738901299667
13.294995532617227	19.98355471849777	24.512211543167567
13.460771877301813	20.041659697462556	25.01615992960183
13.622198176407	20.081140775442517	25.523512734711396
13.781908120157652	20.106831874125138	26.039674528764092
13.937927052417958	20.115128640526944	26.560493335596043
14.090255030624364	20.10603572954281	27.085958986402876
14.225847213815548	20.062138125705147	27.583813207466577
14.369322588556907	20.01741375436791	28.114156792321484
14.507743547871959	19.953546209332387	28.645567686345636
14.641110210912784	19.87054514719234	29.17803737605477
14.767337489060589	19.766845444195475	29.705307153265515
14.889205827903524	19.64456046831823	30.23570472854649
15.00463354281088	19.502220652636165	30.762918730528042
15.113620808733105	19.339840175880717	31.286944207573633
14.681141739412402	18.93428595518773	30.135488872929486
14.784436486942111	18.799445251350964	30.627568201124138
14.881477938681089	18.64621644509235	31.11525882317292
14.972266255803017	18.474612598615835	31.598557899959626
15.055102836580918	18.28531966764269	32.07131502751203
15.13225288294615	18.077455432163703	32.54172787877914
15.202021849391834	17.851817810214285	33.00364373665222
15.264409920316737	17.608421746258202	33.45706447836112
15.3110752664539	17.360752459177654	33.864642181434085
15.358250846496684	17.084708665966897	34.29744947393379
15.397155860838696	16.792607970521995	34.71787865767496
15.427790490648903	16.48446505555042	35.12593670921666
15.449231696339634	16.164212254395498	35.51633071529995
15.462710598484094	15.82663896465285	35.89613820952308
15.467308103524802	15.475783982090187	36.260142705048125
15.463024361343257	15.1116594537447	36.60835585054244
15.432146466392721	14.936103966830494	36.73487867589098
15.415220360376072	14.55642500756621	37.05733448458415
15.389204082276635	14.166600621145127	37.36182581526002
15.35409773493417	13.766639142140843	37.64836705193236
15.310037593468824	13.362551100227533	37.91429023994159
15.256842142679316	12.946337445700593	38.163187636833776
15.194649348988444	12.524051765862364	38.39251290080805
15.123459247822765	12.095696931832725	38.60228168988767
15.048008181634934	11.70054195994125	38.785526305310874
14.96001714694896	11.264304958636119	38.957019636844755
14.863490844922122	10.826179021638788	39.108515605676345
14.758429242811093	10.386161495290146	39.24002881262846
14.646074204899115	9.95041217694558	39.35239526924291
14.52476978372081	9.510707595673452	39.444531997074996
14.39575640307459	9.073165186576734	39.51737934473726
14.259033971464369	8.63777753442177	39.57094873734601
14.913685685279006	13.836786693276482	36.193771976562395
14.882864108016292	13.49267235249183	36.46040270808798
14.844220112717032	13.140958474416045	36.71101572809242
14.797753758718033	12.781649867957443	36.945622500403545
14.74373990951336	12.419842379983441	37.16251411393354
14.681812176175294	12.04874930645629	37.363996409192204
14.612246256997	11.673486870618689	37.548454382511
14.535042159710567	11.294055699112038	37.71589983589952
14.45503119458585	10.942847023128444	37.86335803178452
14.363615046745752	10.558460115518647	37.99770951924651
14.265038745087764	10.173319160072596	38.11495169919684
14.159302248199646	9.787420800565185	38.21509509084009
14.047554280993019	9.405690114925328	38.299147474131765
13.928263077712025	9.02154959094388	38.36578763400293
13.80257592780029	8.639882991637355	38.41609674991082
13.670492749677068	8.260683705353351	38.45008266571523
13.597919591714223	8.092347301353177	38.53487979221727
13.45741424914302	7.716338527921876	38.545291441118714
13.311288302710992	7.3452640063023455	38.54057530979201
13.159541648105414	6.97911528254583	38.52073635639596
13.00384582764471	6.621367466088991	38.48863681039235
12.841971863451652	6.267366428736907	38.440468846303105
12.675588699959384	5.92051547517958	38.37911886648502
12.504696222865483	5.58080534186061	38.304588124346026
12.340455400326787	5.264426798415267	38.23781738611191
12.161828320973434	4.93978220159058	38.13958317405566
11.979853081735834	4.623806450288765	38.030372455192364
11.794529573860116	4.3164907306309575	37.910183158622715
11.607639483231972	4.019238736712232	37.78256078093586
11.416806987785838	3.7301593540855045	37.64277085002774
11.223811378594828	3.4505913112330444	37.4943309967332
11.028652564533907	3.1805272229927417	37.33723652123644
11.382630236042823	3.6270052693003274	38.166600970972745
11.187620269733127	3.333814237620853	38.010989670731576
10.990464134115987	3.0507638209309187	37.84705552729314
10.791161738045659	2.777846632389971	37.67479324200594
10.591478872190342	2.5153198827054264	37.497742302369836
10.389060957809109	2.2628251299535753	37.311169496982714
10.185671912494934	2.0205693498374484	37.118564632901226
9.981311672022215	1.7885473372396392	36.91992074498818
9.785786055531675	1.5641320636011207	36.735903826184526
9.580271102922842	1.3516301038481304	36.527128313971
9.374826383382379	1.1489962617600176	36.31433032521777
9.169451860517135	0.9562275878802903	36.09750219990678
8.965494579881064	0.7722398489127373	35.87932370514325
8.76115841744043	0.5984735595444911	35.65620396605155
8.557789835791622	0.4338296284651104	35.43076171342419
8.355388824164448	0.2783071828124814	35.20298941302208
8.206931411872848	0.07527488247956882	35.09886015346928
8.004514042764388	-0.06618059922006407	34.86588331479672
7.80378601357648	-0.199297635435415	34.631903068323204
7.6047473340916225	-0.32407543335118155	34.39691232921948
7.408268424852234	-0.44217460603946	34.162602263920824
7.213188761899082	-0.5513780232263117	33.92670228826248
7.020379174578421	-0.6533343336142741	33.69085097528743
6.829839688688257	-0.7480414464226658	33.45504225854913
6.6454354045859425	-0.8465096708380253	33.22777552377806
6.4595448388407055	-0.9279852953779356	32.99264617362436
6.276349481043943	-1.0033126726416448	32.75832159608135
6.095849367636553	-1.0724888493032418	32.52479684774285
5.918458944936794	-1.1371715464487613	32.29290517555306
5.743625708179258	-1.1951431489238098	32.061525009676956
5.571765033325718	-1.2480355453649592	31.83145465654458
5.402876962676804	-1.2958453075484067	31.602690291075994
7.088155534025406	-1.622271606981454	36.31405493587061
6.8714924547647795	-1.7607190894081792	36.04351565228257
6.656958480876289	-1.8900417173727728	35.77356779055055
6.444553645588128	-2.010236797920475	35.50420303112268
6.235170719507151	-2.1235394985334093	35.23694003580455
6.027619432772859	-2.226962225035534	34.969735767506236
5.822793510062334	-2.322713256650043	34.704048411535545
5.620692999755653	-2.41078867244856	34.439871150597696
5.425000903318713	-2.5053223873814208	34.18437256755795
5.22838119949773	-2.5795767776159875	33.92364215988795
5.034897663968409	-2.647544157545985	33.66502692529791
4.844550353485694	-2.709219927508205	33.40852155113572
4.657693962131319	-2.766614333517679	33.154700992268005
4.473855699599541	-2.817036095509336	32.902787456656725
4.2933916370517515	-2.8624574655653516	32.65331909538061
4.116301833992125	-2.9028736212129607	32.40629198957446
3.9501493306667577	-3.0381376223524192	32.19264490685044
3.7773021844305776	-3.069835038963043	31.94947641865706
3.607991134581256	-3.0976239563786176	31.708958652357442
3.442216241276193	-3.1214994991863536	31.471088789587434
3.2799556121918756	-3.143049691239426	31.235909514470983
3.121238574497945	-3.160146031515381	31.003358194387165
2.9660446238513414	-3.1743385112913423	30.773458918512347
2.8143738167501677	-3.1856225517195624	30.54620983245138
2.6652001474502813	-3.203115815788223	30.32126260139785
2.5203045385481406	-3.209443186933456	30.099201796166813
2.378836969523221	-3.213713275907976	29.879712515391052
2.240797491968167	-3.215921901423438	29.662793628680703
2.1059375096998822	-3.217189353551044	29.448258069340337
1.9745885999437587	-3.2160125395934056	29.236353093112054
1.8465033305013145	-3.213479950765592	29.02688472488576
1.721681747378303	-3.2095878585647415	28.819852354661922
1.4899561174651625	-3.8028605827700233	28.697142191413054
1.3594314621896917	-3.7955029896169825	28.493088737322672
1.2322864207849074	-3.7873886632172606	28.29160850710737
1.1085210398167833	-3.7785138296653695	28.09270124878744
0.9877222910543382	-3.7696963979629743	27.896061922550885
0.8704409818031003	-3.7598374754126955	27.702096907105087
0.7562651184834448	-3.7497267576231383	27.510500214960043
0.645194741066443	-3.739361005167876	27.321271858428688
0.5344312203774524	-3.7332890554126976	27.13260203379267
0.42924202038172576	-3.7228307545609987	26.947944261247585
0.32686841390784105	-3.7125182926464113	26.765463051632086
0.22731043497854614	-3.702348912320088	26.585158569803014
0.1301215554163644	-3.6928264777116127	26.406766954890532
0.03589722097373598	-3.683273103887541	26.230640481404205
-0.05580834504592902	-3.6741721761562616	26.056516895243153
-0.14499511390072195	-3.66552136515067	25.884396436476486
-0.25396817736599564	-3.685598508777204	25.702864179532614
-0.33856184808383344	-3.6781703974224733	25.53489126103112
-0.42092933232201846	-3.6714411423957127	25.368775078953732
-0.5010706059332538	-3.6654087866967795	25.20451590295454
-0.5794171984723873	-3.6603694477603703	25.041917397538032
-0.6553936842849107	-3.6559240139059677	24.881241974419183
-0.7294310617732203	-3.6523541332656	24.722295415857996
-0.8015293107851834	-3.6496581726243362	24.565077988138896
-0.8743073545404272	-3.649501836516455	24.408544356473534
-0.9427835738541076	-3.648718290894798	24.254707076471302
-1.0095960299912035	-3.6489433899988573	24.10249367155206
-1.0747447062385216	-3.6501757793200027	23.951904390162415
-1.1386190942401466	-3.6525848807166366	23.802809966433564
-1.2006998353141922	-3.6559418410904305	23.655383316312804
-1.261376054876509	-3.660406108928898	23.509497038540147
-1.320647739140757	-3.665976566928166	23.365151358769918
-2.856764661971533	-6.58436733411175	24.031928243620985
-2.948910973087278	-6.597092792268801	23.919980784172004
-3.039163076398535	-6.6115346521828116	23.81036106630729
-3.127520952587572	-6.627691348262302	23.70306956024236
-3.214502423892254	-6.645614529331835	23.59796482367275
-3.29941701861227	-6.665231922394472	23.495236491778204
-3.382782136468519	-6.686583665634572	23.3947465444641
-3.464597761627423	-6.709668475831323	23.296495392569533
-3.5478341299619434	-6.7347506104482715	23.19991064962978
-3.626808518985014	-6.761339600694629	23.106128912186843
-3.7045480204902113	-6.789656265340829	23.014532914147892
-3.7810526213827425	-6.819699543129042	22.925123021490442
-3.8567442758586328	-6.851449815093657	22.83786435062893
-3.9310603495837273	-6.88493091068718	22.75280423971409
-4.004422507511206	-6.920115320309359	22.66991052125433
-4.076830738626115	-6.957002151261157	22.589183532030003
-4.167437188752262	-6.996823870808587	22.50991513790255
-4.237760388569503	-7.037343117351574	22.433871347338588
-4.307397476164886	-7.079520527918021	22.359998180676808
-4.3763484421935095	-7.123355345157278	22.288295956943273
-4.444944896754302	-7.168783905774882	22.218811582839713
-4.512744672190514	-7.215889403727417	22.151483255335457
-4.580079168059658	-7.264602417231515	22.08636032950472
-4.646948376080027	-7.314922275101965	22.0234431210563
-4.715196080315831	-7.366429686335001	21.963197862542895
-4.781282974906333	-7.419926807257494	21.904767310856304
-4.847100633102917	-7.474969049733669	21.848597864555472
-4.912649047308428	-7.531555798057474	21.794689844329913
-4.978182510318304	-7.589588309917373	21.743150903491188
-5.0433619476705465	-7.649196831443721	21.693838259921513
-5.108441475785668	-7.710277778428599	21.64686208423126
-5.17342108739666	-7.772830561922694	21.602222707711828
-5.341652722585	-7.829708129367194	21.592062294685356
-5.40387482570102	-7.896342433064141	21.55388164603579
-5.466236745028253	-7.964300095887854	21.51809798793816
-5.52873847386399	-8.03358057462218	21.484711660357664
-5.591542425333518	-8.104046920939481	21.45388136997362
-5.654432032718524	-8.175880445254245	21.425396311464652
-5.717569547340641	-8.248939737170723	21.399417871244825
-5.780954962155489	-8.323224225782155	21.375946401884438
-5.8454155468482725	-8.397776274899533	21.35603116276082
-5.9093478517795734	-8.474401999017493	21.337687271295774
-5.973616649324139	-8.55213794987679	21.32196922462194
-6.038221931897419	-8.63098351279295	21.30887738228495
-6.1032649600446724	-8.710746443586414	21.298596999815317
-6.168610701441719	-8.79168158765079	21.290881908097077
-6.234360230324409	-8.873591554419388	21.285920134053303
-6.300513538388404	-8.956475670873017	21.283712035282
-6.370758278088079	-9.031078254096748	21.292233734864343
-6.437453627390131	-9.115714404846933	21.295543651791988
-6.504606087892352	-9.201161432218916	21.30173058508248
-6.572215650505051	-9.287418599545262	21.310794877911366
-6.640320052080575	-9.374219139192123	21.32292775453274
-6.708868954848978	-9.461916961053213	21.33787502691504
-6.777899871753219	-9.550239113518904	21.35583044056665
-6.847412792768439	-9.639184784131897	21.376794308461193
-6.917431670646497	-9.726870985362206	21.40186167394345
-6.987872787912602	-9.81684150051436	21.428932136323258
-7.05879987223995	-9.907218024923525	21.459135086500122
-7.130212912658675	-9.997999669544852	21.492470788077537
-7.202083084618836	-10.088822648873006	21.529105876363037
-7.274448794511393	-10.180169875356276	21.568818729318874
-7.347280949978948	-10.271670179317582	21.611777698092915
-7.42057953915312	-10.36332259889258	21.657982974721318
-7.660332102415506	-9.940511680529466	21.843079876251238
-7.717748212234049	-10.0333994082863	21.889258448176477
-7.776021805762998	-10.125991331958883	21.938369686509432
-7.835152873135986	-10.218286651934577	21.990413815515428
-7.894959638956099	-10.30992771325158	22.045507110028534
-7.955684446720589	-10.401389468553962	22.103494972972268
-8.017145280237465	-10.492307625234002	22.164494957744502
-8.079342128866976	-10.582681321000889	22.228507180699125
-8.140986640769897	-10.670012453993559	22.29591003865309
-8.204495671682182	-10.759004072577023	22.365919319023917
-8.268605725042354	-10.847168328413643	22.438986680755292
-8.333316789767107	-10.93450432326476	22.51511211417579
-8.39840265396693	-11.020546255359477	22.594305760553254
-8.4641649075433	-11.10591309052922	22.676553958505973
-8.53037707673971	-11.190131844104968	22.761866123852272
-8.597039150432401	-11.273201614569757	22.850242104367933
-8.65208891043306	-11.333437631150186	22.938246979267227
-8.719251083835928	-11.413849712395784	23.031933859939933
-8.786700101653999	-11.49277885656641	23.128632862823217
-8.854435953262364	-11.570224202574238	23.22834368921036
-8.922179645575934	-11.64563506567292	23.330919243713772
-8.99030314535355	-11.719743745403875	23.436554824813264
-9.058527219448417	-11.791993018556688	23.545100261000748
-9.126851858250415	-11.862382106286415	23.65655509655747
-9.193329803680973	-11.927385316390815	23.769353977352573
-9.261618576163244	-11.993688217106655	23.886353560349825
-9.329804078385134	-12.057740622866461	24.006091852554338
-9.397886302379817	-12.119541888004555	24.128568248367465
-9.465530521871779	-12.1785021648028	24.253424231127212
-9.533183021805522	-12.235406558892748	24.381136294307236
-9.60050891188767	-12.289660824897247	24.51134052061822
-9.6675081864423	-12.341264502814884	24.644036171750106
-9.617538293335244	-12.233082054043983	24.635779582807963
-9.682687797379616	-12.281988730173492	24.766750498327806
-9.747372205552788	-12.32805900788258	24.89994104181031
-9.81159151420051	-12.371292591015449	25.035350444189003
-9.87498147444248	-12.411150787255849	25.17243318383279
-9.938027745452038	-12.44835136672752	25.311914764704873
-10.000366024463666	-12.482354293324747	25.45324325978376
-10.061996310910484	-12.513159521104969	25.59641783394127
-10.12053644378444	-12.537757847959167	25.737297631871794
-10.18048653791911	-12.561926840520195	25.88361614750334
-10.239478614016976	-12.582576987935791	26.031330381383537
-10.297512674945521	-12.599708522599055	26.180439487211267
-10.354203562597919	-12.612910826124867	26.330164115345823
-10.41006483084093	-12.622732177794354	26.48154145564512
-10.464711427229544	-12.628765011367978	26.633785657895544
-10.5181433582458	-12.631009852177945	26.786895928350685
-10.552591269632165	-12.614899745780772	26.90132076976559
-10.60342899560186	-12.610389340321607	27.05492317872881
-10.652820991189612	-12.601920117154926	27.20883094486975
-10.70076726608714	-12.589492861739101	27.363043394130724
-10.746900545834777	-12.572928261828878	27.516607339613415
-10.791710554998263	-12.552467449718183	27.670792269208903
-10.834830280275023	-12.527938402479407	27.824640457781502
-10.876259734428114	-12.499342154484882	27.97815141913251
-10.913880153846275	-12.466459941816723	28.125047041376988
-10.951742901764916	-12.429859248188274	28.277187985088517
-10.987691172520709	-12.389186052518816	28.4283217463618
-11.021724981190417	-12.344441576693843	28.578448086199373
-11.053542972354498	-12.29576538073374	28.726539122410554
-11.083546989721357	-12.24297434129675	28.87396504486064
-11.111436047874838	-12.186218213023672	29.01969736312035
-11.13721016322285	-12.125498325681697	29.16373613119449
-10.674689887012878	-12.164542773051398	27.74174656334724
-10.711143763385191	-12.139214912935383	27.881106925076992
-10.746002804961783	-12.110245258549732	28.01982250661846
-10.779267023046785	-12.077634726029485	28.15789301880663
-10.810647403782509	-12.041449668031134	28.29443455820508
-10.840529326703145	-12.001603861212642	28.43062516258439
-10.86862406012261	-11.958171452383084	28.565579583290308
-10.894931616796965	-11.911153475348334	28.69929774808751
-10.917928191951919	-11.86180446926975	28.826256802255905
-10.940555728234983	-11.807884144546207	28.95693776300143
-10.96123350641107	-11.750528437533667	29.08579933227349
-10.97996153979388	-11.689738427231449	29.212841677401777
-10.996544661089374	-11.625867915053224	29.337214605011027
-11.01124312423243	-11.558447668116523	29.460052301719816
-11.023862071661465	-11.487839953689999	29.580507000235016
-11.034401516264369	-11.41404581626327	29.698579113320466
-11.036625203417643	-11.357450399113894	29.7769683493219
-11.043569413344349	-11.27858845342596	29.890394116972793
-11.048351941353218	-11.196855852550684	30.000961673417862
-11.050972799008862	-11.112253533733671	30.10867164041384
-11.05135969363724	-11.02538738769129	30.212830379795097
-11.049609040682158	-10.935451603403166	30.314364357072193
-11.045648796007223	-10.84305877720588	30.412585743902937
-11.039478968892663	-10.748209661208993	30.507495349698072
-11.031126666709431	-10.655285674278725	30.595461221617835
-11.02062750337489	-10.556070598623373	30.683492235749455
-11.007917390863598	-10.454873576264587	30.767842607717267
-10.992996335469734	-10.351695117309015	30.84851327446644
-10.975934299290675	-10.247317059163235	30.92507343790159
-10.956638011358907	-10.140697910623999	30.998099740605927
-10.935177544831397	-10.032622392828298	31.067169147687853
-10.911552902523049	-9.923090733908033	31.1322826527411
-10.92257215617961	-10.05276789663231	31.054505224409116
-10.89976047852167	-9.943620581941905	31.119952270163434
-10.87481496865056	-9.833274547869523	31.181371976522158
-10.84773562781356	-9.721729895500406	31.2387653361227
-10.818695319158104	-9.609813101098093	31.29192668698943
-10.787463558379406	-9.496422187541299	31.341132527131485
-10.754213199190623	-9.382383207153115	31.386184919175946
-10.718944239258851	-9.26769597086501	31.42708480096994
-10.683160404268554	-9.157522207405899	31.463466598017174
-10.64408632966133	-9.042068627866307	31.4961778109737
-10.603147673868213	-8.926505449250724	31.52471234616672
-10.56034443131678	-8.810832219946299	31.549071019267203
-10.515964364979702	-8.69583120467943	31.569352065966388
-10.46962377552142	-8.580458138002534	31.58542626700613
-10.421610264594362	-8.46549073562184	31.597397621136512
-10.371923823923671	-8.350928326907557	31.60526676530361
-10.33613377225076	-8.2721233971399	31.61775035402703
-10.283795027614227	-8.158388633772931	31.618712823888455
-10.229980233937285	-8.04549920385248	31.61571274064139
-10.17468938109747	-7.933454287010984	31.608750546304538
-10.118284252389108	-7.8228930123361895	31.598162502071485
-10.060282445339274	-7.712961202095661	31.5835010997495
-10.001045490788373	-7.604291005602839	31.56510513417924
-9.940573377437458	-7.496881507142988	31.542974816143023
-9.881277645010863	-7.394209511855971	31.51979675172135
-9.818611292335719	-7.289596778314055	31.490575790853057
-9.75496162879326	-7.186592912972955	31.457902613827653
-9.690328642753583	-7.08519697329576	31.421777204989503
-9.625102916024915	-6.985841057657623	31.38269117029538
-9.558763645975159	-6.887946855789907	31.339988821305273
-9.491701143976963	-6.791939065997081	31.294160722312846
-9.42391539885062	-6.697816782227574	31.24520664940306
-10.058680102354096	-7.798388850217842	31.718278242719546
-10.001515087738364	-7.686074298694195	31.701032443022054
-9.943038339470496	-7.575099167088897	31.680046403603185
-9.88324984614116	-7.465462530740957	31.655320364169818
-9.82255360443406	-7.357701385658425	31.627285655733385
-9.760410925026452	-7.251097542662857	31.595367527309183
-9.697225530394398	-7.146180456939739	31.55999818420001
-9.632997408763293	-7.042949174224615	31.52117762539143
-9.570308603306767	-6.944182150462678	31.482061231804995
-9.50427162609171	-6.844516240597409	31.436744592500453
-9.43746265463453	-6.746810410169548	31.388304192388606
-9.369881677600914	-6.651063740597671	31.33673981325505
-9.301933764717992	-6.5575929998412406	31.2825909025388
-9.233078797400637	-6.4659737546216824	31.225137529394814
-9.163721589229995	-6.3765157944419535	31.164916586492495
-9.093862130000037	-6.289218292161775	31.101927672267806
-9.042144202711706	-6.216943132455787	31.063404165120694
-8.971392601681503	-6.133333197416004	30.99562703205527
-8.900383520645711	-6.052019216438779	30.925421162291823
-8.829116950877376	-5.973000482254251	30.852786017189803
-8.75796300524384	-5.896394731103907	30.7782806746027
-8.686428181133262	-5.822043458614803	30.701158353333582
-8.6148824060071	-5.750059400447508	30.621973381355986
-8.543325673093062	-5.680442007746878	30.54072512307135
-8.473893327869241	-5.613440871829413	30.460911139399812
-8.402502191996858	-5.548503071956246	30.375905056076103
-8.33132648472312	-5.4859492774732885	30.28918784764735
-8.260366201373317	-5.425779109522354	30.2007588259977
-8.189929012988843	-5.367952176897843	30.111131706288308
-8.119604682365543	-5.312521593069097	30.01961991452159
-8.049700792857392	-5.259444655280934	29.926731591555843
-7.980217341909882	-5.2087211565049865	29.832466037362323
-8.01535365701125	-5.164501783957567	29.93625335042444
-7.9443777403862645	-5.114013960191094	29.83958277083382
-7.873959020314981	-5.065895436674911	29.74171777158023
-7.804097495518264	-5.0201461097423	29.64265762825532
-7.73504545025631	-4.976630660490702	29.54286500849148
-7.666466504193911	-4.935529407014587	29.44172136389064
-7.598612932679577	-4.896706874709729	29.339683738135463
-7.531484736409273	-4.860163119979979	29.23675144898694
-7.466411841356127	-4.824807638955473	29.135639048807167
-7.400826074209178	-4.792665220184798	29.031174585353803
-7.336108406117255	-4.762690731008382	28.926085893091397
-7.272258839497355	-4.734884367309916	28.82037235250714
-7.209453854167725	-4.709054231681634	28.71440677057781
-7.147458150574085	-4.685456744112031	28.607690689481565
-7.086448281251485	-4.663902068596501	28.500592296257885
-7.026424250057793	-4.6443905177929645	28.393111048728688
-6.97422253252552	-4.616537902305346	28.302909972787017
-6.915844495571455	-4.600701593295624	28.194662760141124
-6.858550321697029	-4.586785935591362	28.086240870174684
-6.802340015916307	-4.574791335553972	27.977643838956823
-6.747323333253195	-4.564512595775032	27.869164051718755
-6.69335394613338	-4.556224322412859	27.760410652142195
-6.640541737564826	-4.549724871830735	27.651672703318646
-6.588886713435277	-4.545014721196404	27.542949828204385
-6.538883331249789	-4.5407667221769685	27.435904465359176
-6.489558245764816	-4.539484242017584	27.32735881410329
-6.441444819935715	-4.539864024382755	27.218995574021044
-6.3945430602611815	-4.541906595954537	27.11081445230858
-6.348908412678151	-4.54542395608072	27.003041525527486
-6.304466964768656	-4.55066802831738	26.895374743039618
-6.261274320120538	-4.557455158314914	26.788038206439094
-6.219330485604263	-4.565785902885057	26.681031702772984
-6.416172138666209	-4.120808669187689	27.481781929843137
-6.359513952653874	-4.119714108092824	27.364823634017796
-6.304252893973942	-4.120369070282088	27.2480846499268
-6.250388970753394	-4.122774214400895	27.13156462500793
-6.197961756626436	-4.1267023732576895	27.01549443449265
-6.146918506025202	-4.132457998791614	26.899565507218536
-6.097298988518695	-4.1398193216069465	26.78400635369873
-6.049103212577177	-4.148787028169961	26.66881672067701
-6.002419613578315	-4.157968069253432	26.555283133854346
-5.957050945589927	-4.170000439655336	26.440940800373074
-5.913117554202719	-4.1835098843814364	26.32709883807825
-5.870619447993997	-4.1984970985733705	26.213757082120157
-5.829554042928779	-4.214780850956899	26.10109032017358
-5.789924804342909	-4.2326044005397545	25.988865184523405
-5.75172935005275	-4.251792057109707	25.87725551264523
-5.7149676885431715	-4.272344508316709	25.766261217615614
-5.678664256147961	-4.28444757841309	25.663754579034467
-5.644542860076334	-4.3075371923911705	25.553894900644643
-5.611847052781112	-4.331896493763317	25.444752099865962
-5.580576842533471	-4.357526152860902	25.336326156048127
-5.550703754796782	-4.384294103762347	25.2287577662588
-5.522265774624825	-4.412377974604845	25.12185933698608
-5.495234619110102	-4.4416509476178945	25.015771685476658
-5.469610296155402	-4.472113663277182	24.910494849902044
-5.445155492362979	-4.502992262890306	24.806840592743953
-5.422309164819248	-4.53575471324407	24.703256457537538
-5.400845822724641	-4.5696414036350035	24.60057055873149
-5.380765473521903	-4.604652937255174	24.49878298533543
-5.362027150822286	-4.640703462313557	24.39801742260703
-5.3446854934085275	-4.677908820031408	24.29810920281143
-5.328699705164887	-4.716187812852382	24.19918294099385
-5.314069793001088	-4.755541000770046	24.10123877066526
-5.280349543726301	-4.73458507655325	24.04508769364585
-5.267385583678188	-4.775459292413008	23.947858077912823
-5.255759407310737	-4.817374077181716	23.85168099448123
-5.245471021118726	-4.860329957223664	23.756556611096375
-5.236475658044592	-4.904276803444807	23.6626037639543
-5.228833022133598	-4.949282640734982	23.56966442714262
-5.222498493139597	-4.995301345389327	23.477858952437526
-5.217472076925105	-5.04233339253117	23.387187543861724
-5.213472127044955	-5.09009231865617	23.298381602190087
-5.211032314554526	-5.139119105667347	23.21004884793527
-5.209871366469221	-5.189141043427444	23.122932798032544
-5.209989287981391	-5.240158552746688	23.037033689893526
-5.211344584552577	-5.2921499948729736	22.9524762839827
-5.213992593770865	-5.3451451564678365	22.869094813693984
-5.21789193637456	-5.399125534686572	22.78701607984331
-5.2230426168516075	-5.454091493251402	22.706240351499435
-5.227380133109026	-5.508150977223064	22.63227925335025
-5.235010275285043	-5.564988615234927	22.554108685344005
-5.243863890558043	-5.6228082378554305	22.47733037350502
-5.253940982673549	-5.681610148637771	22.401944616573083
-5.265206833932716	-5.741388682539011	22.32808999543239
-5.277707742703892	-5.802152049669377	22.25558245773801
-5.291409071645887	-5.863896758600191	22.18456309316572
-5.306310823727998	-5.926623049975749	22.11503223042587
-5.322211171631642	-5.990275520649284	22.047878887584243
-5.339495609225457	-6.054951503199929	21.98141622471586
-5.357959254629662	-6.120609564607388	21.916544136428524
-5.377602109991631	-6.187249878903936	21.85326298085641
-5.398395885874688	-6.254869054923837	21.791731359838252
-5.420378305824176	-6.323471962423593	21.731738664220234
-5.443521122030418	-6.393056316064818	21.673446459347147
-5.4678243357675	-6.4636222191048285	21.616855132400833
-5.307827598765941	-6.216993677131425	21.73950289434166
-5.331102944895009	-6.284995028383451	21.67794300043421
-5.355493293304793	-6.354010150320853	21.61808845119693
-5.3809986451252305	-6.424039134518681	21.559939627069557
-5.407604255337514	-6.495075663664629	21.503665478768976
-5.435329785872798	-6.567128315318291	21.449041651577556
-5.46416050910079	-6.640191211403167	21.396240231434657
-5.494096425255339	-6.714264370871522	21.345261628906588
-5.525043973329852	-6.789243745656396	21.297198314766764
-5.557180355072263	-6.8653138991074405	21.249978845014542
-5.590412097647569	-6.942384322503752	21.204707609746695
-5.624739200317698	-7.0204549560288285	21.161385048056918
-5.660146752630832	-7.099497920750867	21.120206222484686
-5.696654632607412	-7.1795501793240275	21.08091209635722
-5.73424790147809	-7.260583030719463	21.043701302291623
-5.7729265574493756	-7.342596329585226	21.008574305473914
-5.811750089897835	-7.423590855101303	20.984180178493336
-5.852561005759961	-7.507400334938189	20.95325779803181
-5.894443217922113	-7.592158113900929	20.924560567137252
-5.937396723455101	-7.677863954595374	20.898088971572488
-5.981400629995083	-7.764448405207171	20.87406286862988
-6.026482786186902	-7.852003432745818	20.852190262923532
-6.0726222178558515	-7.940457287926929	20.83269489529392
-6.119818920840153	-8.029809633462271	20.815577267387404
-6.167894490355341	-8.119468681429895	20.802217744029615
-6.217178809565711	-8.210532124494001	20.789991777247764
-6.267501783539625	-8.302424281238418	20.780301788572288
-6.318863406797459	-8.395144707570761	20.77314828676392
-6.371227267526642	-8.48855916253956	20.76876925691542
-6.424641900880797	-8.582845505149427	20.76684857099728
-6.479070751415673	-8.677865494178164	20.767628182405566
-6.534513812254828	-8.773618572329566	20.77110859568589
-6.572197866234623	-8.825706755932208	20.838471775060704
-6.628992681311286	-8.921583479790561	20.84595131220349
-6.68675529228255	-9.018079350203958	20.856261990270387
-6.745485691083851	-9.115193713585652	20.869404286124464
-6.805123567939397	-9.21270679756254	20.885614038024514
-6.865749315882319	-9.310910010977995	20.90457788118269
-6.927302420173888	-9.40957789768166	20.926535229634457
-6.989782871314511	-9.508709687786052	20.95148652520686
-7.052681103417994	-9.606663645343783	20.98078314936412
-7.116940013854016	-9.706515247430529	21.01183235867867
-7.182073235283731	-9.806640262833234	21.046030144787704
-7.2480807568099435	-9.90703780839672	21.083376893114355
-7.314860849011421	-10.007375095919778	21.124082099693748
-7.382549124594652	-10.1080936935622	21.167867271983813
-7.4510435837134015	-10.208853340220427	21.214944556135723
-7.520344214163256	-10.309653046796527	21.265314256669658
-7.5843015961351465	-10.39411191600438	21.326149500288146
-7.654880834278792	-10.494534326968518	21.382713432193828
-7.726181976634912	-10.594727618289271	21.442681651709176
-7.798205009967694	-10.694690717279682	21.50605435740466
-7.870792052565079	-10.793961815841348	21.57297018622013
-7.944153581770313	-10.893154096606805	21.643244643455883
-8.01813139527062	-10.991796924315537	21.717017304189767
-8.092725479003924	-11.089889159316714	21.79428823199374
-8.166711742804718	-11.184226026844428	21.875505638302815
-8.242369741999356	-11.280845007050672	21.959740591071828
-8.318516415797585	-11.376549482560236	22.04752613710928
-8.395151749741784	-11.471338281665766	22.13886217853692
-8.472046918252968	-11.564615676217379	22.233755479522323
-8.549506988420614	-11.657173240641011	22.332196640465682
-8.627302795311895	-11.74840594852894	22.434190802534566
-8.70543432461529	-11.838312640014673	22.53973768235425
-8.32870634504713	-11.197728443925357	22.419454769659385
-8.400589208953646	-11.285378699206664	22.504743271112154
-8.472829636486857	-11.37192958703125	22.593310985150833
-8.545427615266814	-11.457380104075115	22.68515771985929
-8.618147951585618	-11.541161602158652	22.780222897566876
-8.691304208534968	-11.624029967566562	22.87858670318955
-8.764660905951843	-11.70540872074406	22.980186281632562
-8.838218031980091	-11.785296900817777	23.08502127489181
-8.910257796643636	-11.85996859880801	23.192098779445093
-8.98399438692936	-11.936475354430575	23.303193746130464
-9.05775204617245	-12.011076238362115	23.417415808797557
-9.131530763682349	-12.083770384194676	23.534764438199133
-9.205024718426749	-12.153914912648418	23.654977260012835
-9.278641648310415	-12.222365093853748	23.778402729289752
-9.352075499699872	-12.28847175274933	23.90477352115657
-9.425326263774478	-12.352234174472816	24.034088939025132
-9.482448433436018	-12.385329259566625	24.1489653228425
-9.554813003203588	-12.444301561696218	24.282884486302052
-9.62678388332473	-12.500516141031401	24.419483489039333
-9.698361067498716	-12.553972486934187	24.55876150071672
-9.769176416028222	-12.604028825292936	24.70020906773523
-9.839720769780865	-12.651539877355168	24.844503422695627
-9.909625874461856	-12.695860868403702	24.991128019901414
-9.97889172702115	-12.736991551250002	25.14008191738052
-10.045042021456718	-12.771210545207104	25.287339787536567
-10.112742840624692	-12.805637174873036	25.44039695561514
-10.17954499777026	-12.836472957849296	25.595343447571192
-10.245448493652981	-12.863717955694124	25.752178264635077
-10.310043331893496	-12.886834123693873	25.91011818460129
-10.37387617961092	-12.90653928271112	26.07020516908306
-10.436537102620571	-12.922297275045096	26.231648103275738
-10.498026105896516	-12.934108503814986	26.394445999636932
-10.427249491418806	-12.80748866449185	26.293627504531717
-10.48611810004488	-12.817973912353207	26.452665598559584
-10.543709551914619	-12.824450822130466	26.612652826760133
-10.600023854085435	-12.826919965786972	26.773588303574343
-10.654654915774763	-12.825041215110083	26.9345303886758
-10.708144211181283	-12.81926968083659	27.09673263472682
-10.760085857531116	-12.809271105314853	27.25924695040595
-10.810479865817454	-12.7950463794799	27.422072585524617
-10.856881146154088	-12.775336160628285	27.578790328619426
-10.90394495607118	-12.752678395326624	27.741492854830774
-10.949203259751172	-12.725676481851103	27.903817215798732
-10.992656071611869	-12.694331588682516	28.065762875429176
-11.033939657964766	-12.658614611627051	28.226238451967777
-11.073539033070734	-12.618567274642825	28.38669809670968
-11.111090831292355	-12.574170671211164	28.546047415128893
-11.146595069668441	-12.525426182230369	28.704286156143528
-11.165218724593986	-12.476867728607722	28.81042842658838
-11.196897451418238	-12.420949108515453	28.965734083209423
-11.226337774729512	-12.360803740785894	29.11924349914798
-11.253539712830536	-12.296433108750191	29.270956733544374
-11.27823554219667	-12.22817379121291	29.41978427204764
-11.300782270591958	-12.155580506567695	29.567179231170858
-11.320912608014595	-12.079001714534979	29.71205413752894
-11.338626572904188	-11.998438909539425	29.85440940402959
-11.35271641367463	-11.917081938260083	29.987806020294094
-11.3655576089022	-11.829056221933465	30.124524761927553
-11.375851692469883	-11.737409454851907	30.25805310338609
-11.383598681471028	-11.642143022333395	30.38839179730236
-11.388678704438144	-11.543957035570237	30.514623755393668
-11.391251627772888	-11.441921074690596	30.637973774696665
-11.391197953761475	-11.336745363040485	30.757532108101497
-11.388517696714302	-11.22843106039598	30.873299804826516
-11.160429958176122	-11.833021268812061	29.38905201292179
-11.176163156119614	-11.762924238274989	29.5220156603778
-11.189718392005627	-11.68931277930507	29.652450535746148
-11.201095680462613	-11.612188077454814	29.78035707670261
-11.210129591643721	-11.532081039464607	29.904869571215215
-11.217040731750359	-11.44828646999878	30.027143549254852
-11.22166400027293	-11.361344229584638	30.146317976181646
-11.223999410344586	-11.271255382589075	30.26239355572903
-11.223516966132628	-11.182144867171111	30.370565019682715
-11.22131358852964	-11.086317928913871	30.480051592931737
-11.216762283164629	-10.987797538057684	30.58594535353193
-11.20986306060647	-10.886584551149188	30.68824722346141
-11.20060404492483	-10.783464113266177	30.786331168513133
-11.189001092577291	-10.677391137861974	30.88103419013102
-11.175042539902737	-10.569156427252466	30.971738309611098
-11.158728394006902	-10.458760557316621	31.058444600154147
-11.143264722442666	-10.384799735761195	31.11676264473102
-11.123145543944604	-10.271185512550785	31.196468344433075
-11.100707615329727	-10.155946250145348	31.271899283208256
-11.075950940052065	-10.039082228474026	31.343056599327216
-11.04901796215215	-9.92150459416313	31.409632572048505
-11.019718760795897	-9.801998854062575	31.47204015052358
-10.98819581608316	-9.681476949093964	31.52998066563206
-10.954449127272218	-9.559938819145078	31.583455237347515
-10.919871555427704	-9.443168583694487	31.631576306675754
-10.881912455475346	-9.320206864314956	31.676200517250603
-10.841871250643926	-9.196835373711245	31.716283098692244
-10.799747936220154	-9.073053729897861	31.751825066643423
-10.755823803023068	-8.949756001375995	31.782867594535297
-10.709723782607204	-8.825748960563798	31.809358014229463
-10.661729016285095	-8.701922414862466	31.831344860203934
-10.61183949586155	-8.57827570009871	31.84882896765334
-10.662142112209645	-8.743141788426554	31.865185378017564
-10.61324699951509	-8.618473569936175	31.883542719753194
-10.562515388152724	-8.494241358124617	31.897436323505683
-10.509947268719387	-8.370444390919562	31.906866948836385
-10.455905102455874	-8.247882543663392	31.912094177777913
-10.399905583652044	-8.125487366319009	31.912773466291345
-10.34231092542617	-8.00405182033454	31.909169380417385
-10.283121116039014	-7.883574954312055	31.901282424987716
-10.22485373956632	-7.768550323400193	31.891521075528328
-10.162779217030595	-7.650372599323436	31.875450072049208
-10.099371503240748	-7.5336077231196565	31.855354405733497
-10.03463058513719	-7.418254636383495	31.831234310093325
-9.968976344704323	-7.304899742802526	31.8035751146292
-9.901848908391486	-7.1927586661372205	31.771730032163486
-9.83366784548673	-7.082409215902407	31.736185089109092
-9.764433142615006	-6.973850308127251	31.696940250176585
-9.714439231973483	-6.892302796055869	31.67973512083556
-9.643492766728988	-6.786770963740633	31.634217593531954
-9.571753891029353	-6.68331812860508	31.58533506102862
-9.499222591974922	-6.581943245206177	31.533087259950182
-9.426325238496597	-6.482992880578596	31.478070924409206
-9.352493309564013	-6.386002585131016	31.41948961629804
-9.278152883016567	-6.29131099760847	31.357937050008918
-9.203303947273552	-6.198917179460649	31.293412756217233
-9.130529850229562	-6.110341034523298	31.22985022951098
-9.05491533982008	-6.022595634630815	31.15982931257855
-8.979064609184613	-5.937290865856031	31.087236830392882
-8.902977648608116	-5.854425940850539	31.01207215790159
-8.827042211976064	-5.774119178619063	30.93494472618472
-8.750741273248375	-5.696211129949538	30.855040408661363
-8.674462380662352	-5.620814571055558	30.772963162083723
-8.598205526742749	-5.547928896111351	30.688712258085193
-9.336444809111837	-6.382610289311582	31.6898190734254
-9.262306472190037	-6.281791704873138	31.626020044455405
-9.187577617556821	-6.1834290697609475	31.5592350377346
-9.112258233152343	-6.087521406593487	31.48946357348305
-9.036793382548531	-5.994282747327119	31.417340982613236
-8.960589621088314	-5.903425563389592	31.3420188862798
-8.884091748536118	-5.815156736554702	31.264128014389804
-8.807299754846552	-5.729475452700733	31.183667715280247
-8.732822728985072	-5.6470959205706315	31.104682614047544
-8.655679869967713	-5.56656260413875	31.01952090466058
-8.578518923307024	-5.488677751346842	30.932198396335494
-8.501339881329638	-5.413440740312597	30.842714324324664
-8.424523565706194	-5.340854769277852	30.751672791456528
-8.34756219839848	-5.270914292554057	30.65826648838497
-8.270836447016734	-5.2036183939337235	30.563093131693083
-8.194346306438453	-5.138966658267343	30.4661518999263
-8.134494570724831	-5.07525202028595	30.396760405048543
-8.058257611600457	-5.015168186223459	30.296627187181098
-7.982477895404259	-4.957688308933335	30.195074572578534
-7.907155419414949	-4.902812167870748	30.09210172376424
-7.83259006668907	-4.850400974980936	29.98823231628308
-7.7583819887988685	-4.800639428269468	29.88276618389297
-7.684831030140238	-4.753387785223545	29.776220422746377
-7.611937190373714	-4.70864601833177	29.668594227002455
-7.541293466288391	-4.665242116517081	29.562961618991864
-7.46982637179476	-4.625346092862865	29.453466403540087
-7.3991871223394945	-4.587838970571802	29.343196119268644
-7.329375719694167	-4.552720893219594	29.232150021147685
-7.260604853510735	-4.519777209570796	29.120748261999807
-7.192590943249034	-4.489294580181508	29.008428966788735
-7.125546739850236	-4.461060117259205	28.89560668060385
-7.059472246881906	-4.435074109934486	28.78228074069595
-7.065360636661373	-4.338342602918615	28.84415086226753
-6.997759760613086	-4.313714810723047	28.72835446321003
-6.931259786371161	-4.291275278898841	28.612226444098777
-6.865860718888739	-4.271024408869595	28.495766172527187
-6.801706021488229	-4.252713550543538	28.379316850347237
-6.738604422380102	-4.236675261804389	28.26241948767396
-6.676699515593189	-4.222664538500311	28.1454126899401
-6.615991307335551	-4.21068188375928	28.02829592982834
-6.55713711713544	-4.199107377321964	27.913002852204766
-6.498845879171426	-4.190995848552538	27.79583501693127
-6.441823487270199	-4.184755387031757	27.678749752989635
-6.386069948552711	-4.180386569871852	27.56174663687902
-6.331660176062719	-4.1776554541117825	27.445082094204825
-6.278494302887479	-4.176875353252131	27.32841332071783
-6.226647416933329	-4.17781715396255	27.211993805094476
-6.1761195259204715	-4.180481481921307	27.09582322334093
-6.129149813732386	-4.172523173616863	26.99177921307389
-6.08093632620981	-4.178349404375266	26.87601184716582
-6.034078913876655	-4.185765018439405	26.760635837472698
-5.98857758482827	-4.194770671890989	26.64565094829585
-5.944456322486712	-4.2051688997300225	26.531250985458666
-5.90168316795648	-4.2172245285109735	26.417177062699036
-5.860282297239536	-4.230745387948954	26.303621488454194
-5.820253718538412	-4.24573214281223	26.190584110293898
-5.7816168367970455	-4.260990412648882	26.079153729436754
-5.744310567849605	-4.278783812344448	25.967245260703876
-5.708380543480406	-4.297934036405913	25.855967246397096
-5.673826771816333	-4.318441743470916	25.745319607555903
-5.64063939437715	-4.340156593325975	25.63545452935688
-5.608831574590181	-4.363280562168477	25.526168969535384
-5.578393643675399	-4.387668510748824	25.41761479034835
-5.549325609531026	-4.4133210791727215	25.309791977345157
-5.549797264679306	-3.7677028759207793	25.8565570962008
-5.506077950910792	-3.7886916490100613	25.736858809180912
-5.4639684709825165	-3.8110111588517377	25.617859497242723
-5.423468835108276	-3.834662233215594	25.49955909091967
-5.384531220782817	-3.859475521941322	25.38209491107695
-5.347219414814736	-3.8856787272106734	25.265283764341564
-5.311485831451154	-3.9131089844239035	25.149262769121563
-5.277330480453657	-3.9417670847017066	25.03403192858681
-5.244385465125683	-3.97067166778017	24.92036124300878
-5.213335615474909	-4.001686767924288	24.806774321176878
-5.183826618682765	-4.033845994637172	24.694059901190805
-5.155858483955563	-4.067150094037483	24.582218046872693
-5.129369499294105	-4.101490951913654	24.471362386894672
-5.104441968326706	-4.137014419456209	24.36134160967607
-5.0810143900382165	-4.173618152095154	24.252270110102444
-5.059086773003775	-4.211302844796522	24.144148003151436
-5.035341495792899	-4.243733505911802	24.041883867101248
-5.016296368652586	-4.283451000652431	23.935587422603977
-4.9987089191557175	-4.32420292484114	23.8303131708284
-4.982579155208825	-4.365989919257102	23.726061269732863
-4.967843994421961	-4.408754876120984	23.622938028109754
-4.954587564506857	-4.452575386465113	23.520802102431915
-4.942746962425176	-4.497399239257938	23.419761255838445
-4.932322195368866	-4.543227017365717	23.31981568463584
-4.922925210647781	-4.589748222018105	23.221614213231273
-4.915292952505557	-4.6375513860943105	23.123920550953315
-4.909036079536364	-4.686340366323147	23.02739596467043
-4.904154598192936	-4.736115685661866	22.932040685237546
-4.900592086121679	-4.786859395112987	22.837965956325718
-4.898423787558272	-4.838596596213744	22.745024019161463
-4.897593424675706	-4.891313277839181	22.653328116150686
-4.898101003168847	-4.9450099015257445	22.562878510574365
-4.873800269245424	-4.964966904518526	22.504255404943276
-4.876728868381876	-5.0199798221624	22.415421482498335
-4.880951174247748	-5.0759790354032965	22.327906576090992
-4.886467191793841	-5.132964945475153	22.24171097437312
-4.893233421452055	-5.190944921742949	22.15695856194288
-4.901307873551647	-5.249910022184656	22.07348485915916
-4.910647157267353	-5.309870569547822	21.991416191983983
-4.921251276763656	-5.370826901340046	21.910752880540123
-4.932879035173807	-5.432827009135629	21.83229657815461
-4.945993393193525	-5.495774673981575	21.75452713405585
-4.960347150397116	-5.559731834556757	21.678255674187604
-4.975940310130992	-5.624698762068873	21.603482550486817
-4.992741039260141	-5.690695716020851	21.530353255748825
-5.010791789071934	-5.757696259752522	21.458674647971325
-5.0300607965648645	-5.825722542507769	21.388595155414677
-5.0505480642293445	-5.894774766120457	21.320115162770673
-5.0707837681462244	-5.965079694156374	21.259779955256196
-5.093729316325488	-6.036093115010205	21.194543961868934
-5.117872040576776	-6.108149383485314	21.131016793484022
-5.143211942474443	-6.181248627174275	21.06919886721728
-5.169727845357276	-6.255408603613761	21.00926329787237
-5.197447987657865	-6.330605869844595	20.950980267421965
-5.226351219871468	-6.406858888102747	20.89452633434422
-5.256437542604712	-6.48416770755185	20.83990194994606
-5.287592423228361	-6.562582896717252	20.788239326983494
-5.320036344325577	-6.6419959513008395	20.737393593630593
-5.353651144829126	-6.722471847283266	20.688507952910918
-5.388436824299232	-6.804010549023173	20.641582890025198
-5.424377855074077	-6.886609996984031	20.596823611697822
-5.461494938751712	-6.970272779093925	20.553957668697013
-5.49977252557237	-7.054996181166388	20.513194230050395
-5.539210613959518	-7.140780075432512	20.474533813794796
-5.418082239847646	-7.03544173145184	20.658507177078782
-5.4590114933732785	-7.1178043484054845	20.617162962449715
-5.500977689734221	-7.201271212511358	20.577973460053368
-5.543980826588363	-7.285842133954769	20.54093916497156
-5.588028765484589	-7.3714808011385795	20.506280824476693
-5.6331110179497	-7.4582351101923265	20.473705289925615
-5.679235378302106	-7.546066854705511	20.44343732346443
-5.726401843035953	-7.634975750548543	20.415477450581594
-5.774619387144277	-7.724604493723952	20.39124748552382
-5.823863778917952	-7.815610215694453	20.36805062110399
-5.874151375968044	-7.907649116762549	20.34732475835291
-5.9254821735031475	-8.000720808612291	20.329070447102765
-5.9778503440058355	-8.094733790343804	20.31353879700878
-6.031263645172761	-8.189809064157904	20.300396292671227
-6.085716121980955	-8.285851570376003	20.28989841763486
-6.141207768228732	-8.382860806386898	20.28204573755246
-6.196901998972667	-8.475796350396509	20.28775721254718
-6.25435794176256	-8.574482765741738	20.28520487275718
-6.312840276389338	-8.674043494613683	20.28547409354562
-6.372348995162125	-8.774477913711179	20.288565442607602
-6.432854029824123	-8.875611876891435	20.294749232020997
-6.494395452121548	-8.977676017867854	20.303666362590338
-6.556942995879213	-9.080490692088802	20.315591531200262
-6.6204966517952295	-9.184055145689587	20.330525293301616
-6.684748245430194	-9.287016166269192	20.35009704304603
-6.75026085422921	-9.391902083034315	20.37119666304225
-6.816747651802597	-9.49737799675692	20.395491152143183
-6.884208627189504	-9.603443019122784	20.422981032968504
-6.952575135885166	-9.709809405251477	20.453933559473636
-7.02193867694446	-9.81685863072081	20.487993568212342
-7.092230330296797	-9.924295320995034	20.52543213917858
-7.163450083315684	-10.032118452769424	20.56624973730216
-7.20374585819572	-10.05301593898478	20.671486308850977
-7.2753788561541946	-10.159920026315108	20.716422543441986
-7.347875630835913	-10.266986990959554	20.764842242674533
-7.421236168600056	-10.374215727407726	20.816745785730237
-7.495340577680718	-10.481192336514757	20.8723546568006
-7.570348680770896	-10.58846600976134	20.931374338573974
-7.646140250251236	-10.695613578087775	20.994028767119012
-7.722715271097329	-10.802633823851652	21.060318208402812
-7.799091406655991	-10.906571533961234	21.131298127021715
-7.8770903908317385	-11.01298225374847	21.204901235779445
-7.955770595308188	-11.118926350117327	21.282259967799536
-8.03513200398678	-11.224402518371921	21.36337444225333
-8.11498346602971	-11.328840905709896	21.44836730895929
-8.195579811067677	-11.432998223782208	21.537075166147872
-8.276729502076762	-11.536294002804361	21.62962076753762
-8.358432522313747	-11.638726885834485	21.726004051116124
-8.429648284254542	-11.713282489400946	21.827403617172546
-8.511917186138747	-11.813437430348356	21.93060379598819
-8.594590599108326	-11.912300241210968	22.037654032327488
-8.677668506495618	-12.009869571170508	22.148554061689445
-8.760874496104492	-12.105430630052027	22.26325205430267
-8.844577079142184	-12.199933360326371	22.381816306488137
-8.92849945790787	-12.292652433730119	22.504191836655103
-9.01264161645376	-12.383586557785776	22.630378147020146
-9.094950716214253	-12.468022705094455	22.759259275122155
-9.1792626317183	-12.554876632310286	22.89281249481711
-9.263580157617312	-12.639418698202672	23.03005313211211
-9.347903279620775	-12.721647744607273	23.17098044691303
-9.43186198241907	-12.800744343463037	23.315278920084694
-9.51594958853764	-12.877798535257785	23.46336731465501
-9.599795773759084	-12.95198254036945	23.61492318178115
-9.683400526489955	-13.023295419215632	23.76994554408612
-9.133684908372722	-12.163399083938451	23.231172325285915
-9.209406381926078	-12.240762514354971	23.355597746819875
-9.285112541702121	-12.315855784044327	23.483230385634478
-9.360803376670392	-12.388677999051051	23.6140695848452
-9.436123711681436	-12.458533077491921	23.747784898683623
-9.511547089801363	-12.526347199704727	23.884815231259616
-9.586718101199747	-12.591417955713897	24.024824105928538
-9.661636737291605	-12.653744649755861	24.16781068250502
-9.733843827377001	-12.70904020319497	24.310832697704697
-9.807961515588081	-12.765461615847448	24.459322050166595
-9.881569483724553	-12.81866949755781	24.610465850962107
-9.954667726471728	-12.868663417601159	24.764263109760467
-10.026837848564723	-12.914764834277406	24.920093502030294
-10.098637701251327	-12.957877731913715	25.078781721190694
-10.169648806129722	-12.997321464311689	25.23969912926879
-10.239871161922736	-13.03309592796425	25.402844635423847
-10.288742687210764	-13.037513529504878	25.533823748634507
-10.356932479217962	-13.066363970399562	25.699787038880824
-10.424064721417807	-13.091170809805696	25.867470890625558
-10.490139416845198	-13.11193429368418	26.03687419511372
-10.554704933825674	-13.128122766548803	26.20708775569981
-10.618363459063092	-13.140446005045126	26.379321276501834
-10.680663483379641	-13.148375920009123	26.552656983108882
-10.741605014654375	-13.151913149993094	26.72709382153232
-10.79835495133937	-13.14852701413033	26.896157810519693
-10.856285946022899	-13.14315824214176	27.072002062040355
-10.912560522966107	-13.133139442105069	27.24824686381589
-10.967178694764003	-13.11847163477349	27.424891314488242
-11.01970157166523	-13.098911840184414	27.600784765230514
-11.070714373077196	-13.074786711939183	27.777459504166316
-11.11977855120336	-13.045862822844775	27.953758813199826
-11.166894122873549	-13.012141536862167	28.12968204259854
-11.082212969602402	-12.926514802145807	27.943928577617264
-11.127318180552601	-12.893430171156027	28.115373968011937
-11.170403247445211	-12.855664756733738	28.28601633551085
-11.211468187877411	-12.813219985029447	28.45585523194822
-11.250136498574765	-12.76616386891883	28.623694787917945
-11.286910227170505	-12.714409231136129	28.79112873470181
-11.321413310821987	-12.658036252781493	28.95695919382787
-11.353645769492239	-12.597046551744453	29.121186071396707
-11.38162345362135	-12.533083439736274	29.27632991295102
-11.40917712233256	-12.463230519210077	29.436584064028306
-11.43424869010329	-12.388963104220615	29.59444533249316
-11.456838177748718	-12.310282881718766	29.74991401788899
-11.476693218825611	-12.227680794899022	29.901842337590498
-11.494150350093703	-12.140506156637327	30.05176170380242
-11.508957687745285	-12.049263092350937	30.1985285093336
-11.52111525177375	-11.953953222389757	30.342143455838677
-11.522810075588456	-11.882712935224184	30.432665606644647
-11.53043799046925	-11.781106032670438	30.570201049928833
-11.535314748519124	-11.675875616374451	30.703955855839727
-11.537440367400986	-11.567023117813882	30.833931060628466
-11.536731188664202	-11.45540467322158	30.959216619979763
-11.533298795057332	-11.339881859274161	31.081028602852033
-11.527059902888846	-11.221320898457272	31.198466567606566
-11.51801452588478	-11.099722903187422	31.31153184414026
-11.50630428285679	-10.981252150595456	31.41559346232144
-11.491781197635747	-10.85434353033303	31.5196135846094
-11.47446074931866	-10.725066634217976	31.618796701069975
-11.45434294658326	-10.593422165531068	31.713144325954655
-11.431541262378733	-10.460505487567572	31.802143031061053
-11.405904414931687	-10.324857371486726	31.88648098936216
-11.37754601969888	-10.187576819156448	31.965657182497434
-11.346466079597214	-10.04866406697482	32.03967318240486
-11.403197639942313	-11.211944352975966	30.813368050491157
-11.397125424764562	-11.10233266177271	30.925493163923925
-11.388462711794094	-10.989992692420724	31.03346189632244
-11.377209512077604	-10.874925340191185	31.137275435890977
-11.363390554613432	-10.758061539319499	31.236305373553304
-11.346972889518685	-10.638161836444173	31.331392494193796
-11.327981457896746	-10.516162769434025	31.421918539298176
-11.306416266276415	-10.392064867411122	31.507884838263738
-11.283048533167221	-10.272145830833134	31.58647574104705
-11.256527441893304	-10.144568671613785	31.663218127352827
-11.227508055900215	-10.015562193238393	31.735126771682076
-11.195990376772036	-9.885126524088054	31.802203034715568
-11.162176611353813	-9.754303034006591	31.86421469636421
-11.125797149999526	-9.62170318778305	31.921474507853027
-11.087054182595974	-9.488367658549148	31.973760817423393
-11.045947705733722	-9.35429616998965	32.021074904902896
-11.01558441593842	-9.267699030652341	32.0583438631373
-10.970784626039547	-9.132703394219007	32.09732262389228
-10.923783466536882	-8.997598719845762	32.131314775319325
-10.874580929873984	-8.862384395126275	32.16032143917602
-10.823522286506051	-8.728039287087906	32.184489189005774
-10.770147154890916	-8.593256543013077	32.20362500821985
-10.71480058556022	-8.459008824238849	32.217883359007665
-10.657482567202536	-8.325295214038626	32.2272651071086
-10.600730606749726	-8.19778204256792	32.23370809547982
-10.53980055402937	-8.06564733878427	32.23370770132863
-10.477161847678175	-7.934624663510366	32.229046045762516
-10.412814473753503	-7.804712886774826	32.219723690067426
-10.347197811187215	-7.6766842939556295	32.206197824093564
-10.279725987469886	-7.549506421091039	32.187859898816555
-10.210838035767065	-7.423942001786582	32.165170176741384
-10.140533940712798	-7.299989790719763	32.13812889104042
-10.219244840352976	-7.448978089264381	32.24531409477093
-10.149324081656612	-7.322834528889474	32.21850547214042
-10.078077703496879	-7.198534027559132	32.187470002959735
-10.005505690048484	-7.076075302723904	32.15220779611455
-9.93208786121694	-6.956036697782782	32.11332642439058
-9.85718442022516	-6.837644097421202	32.07001577723368
-9.781274814992265	-6.721465649543045	32.02288292388408
-9.70435902995869	-6.607500093134414	31.971927657791266
-9.62945696415996	-6.498580986743384	31.921388654656635
-9.550844074464957	-6.3892084406237775	31.86330532655335
-9.471541986701098	-6.282323173641151	31.801836052780857
-9.39155068657923	-6.177924027741319	31.73698035805133
-9.311337324514207	-6.076299474038347	31.66943188392749
-9.230279001546718	-5.977062312075031	31.598264481268806
-9.148842552214171	-5.880492437728563	31.52416704973542
-9.067027964298015	-5.786588860755363	31.447138903062523
-9.005963262670376	-5.706464892453031	31.401582744183003
-8.92343527285321	-5.617040688453967	31.319452469057282
-8.8408067350121	-5.530388003869172	31.23481233176407
-8.758077639287896	-5.446506039670956	31.147661500619453
-8.675660196817399	-5.365441365512048	31.058673889214614
-8.593004772071211	-5.287130212499925	30.96694892655746
-8.510523373671353	-5.211613720295446	30.873153475827888
-8.428215994603136	-5.138891320398165	30.77728662086719
-8.348406215256421	-5.068695100919559	30.683456506991554
-8.266640095441751	-5.001441585702025	30.583863028966825
-8.185294962353236	-4.936945240851568	30.482608588400158
-8.104370811836999	-4.8752057297204905	30.379692242640335
-8.024195069711837	-4.8160948157301355	30.27569749614662
-7.94433116081521	-4.759782880921741	30.169844157651454
-7.865106442311765	-4.7061399276129485	30.062708268209096
-7.786520912781547	-4.655165840724571	29.95428890874827
-8.521493365092681	-5.108622840418926	31.277803475361456
-8.436270996937049	-5.027579011458181	31.177110048695607
-8.351223942744008	-4.949548396614375	31.074404360422278
-8.266352195570175	-4.8745304331659245	30.969685396333414
-8.18205622025867	-4.802426865310455	30.863614563858377
-8.097802050127488	-4.73336760199895	30.7553075958097
-8.013990020096266	-4.667250963420596	30.64541767518606
-7.930620126407702	-4.604076645067826	30.533943768488477
-7.849867312303058	-4.5427604388706335	30.424804286268248
-7.7675457149405975	-4.485280167764918	30.310540977045
-7.685898546896233	-4.430625101979874	30.195082344262964
-7.60492580737597	-4.378795177166631	30.078427387951493
-7.524923555215128	-4.329558720717646	29.961113651872818
-7.445497045674291	-4.283224659781453	29.842422136770647
-7.366942347269756	-4.239561705716078	29.722882695811954
-7.289259461842237	-4.198570007700926	29.602494404357586
-7.224309328952312	-4.147670276205083	29.506876885249554
-7.147936716495025	-4.111385521000927	29.38482871378151
-7.072602555564497	-4.077612408870518	29.262226716512554
-6.99830685020402	-4.046351267499412	29.139070058508885
-6.925246289100333	-4.017314433477125	29.01577141706387
-6.8531586316519375	-3.9908863479503016	28.891778705616467
-6.782240681675436	-3.9667825901324925	28.767498431061018
-6.7124924450173316	-3.9450036338493653	28.642929876323244
-6.644845608523973	-3.9236406256993988	28.520389444572306
-6.577477967993677	-3.906289134682194	28.39544603448961
-6.511381670437185	-3.8910746992197787	28.270442866319364
-6.446556723071359	-3.877997904197439	28.14537934489459
-6.383113262285939	-3.8667743953223965	28.020556998293475
-6.320904457242617	-3.857784744623513	27.89557250272237
-6.260040625435083	-3.850749615309045	27.77072316190069
-6.200521775044421	-3.845669670409002	27.64600850126972
-6.176613106078847	-3.7240387613982993	27.655040073891822
-6.1160513403727155	-3.7210031719691345	27.528365234438485
-6.056936901100714	-3.7198138288701355	27.401964989341174
-5.999269797500108	-3.7204714807287447	27.275838930115103
-5.943094446105842	-3.722710943077143	27.150214569393782
-5.888351646752677	-3.726887568564181	27.024787700536855
-5.835086038326349	-3.732742297115818	26.899783081902505
-5.783297630421037	-3.740275906285562	26.775200417544532
-5.7330809034863	-3.7478786545185905	26.65228797751882
-5.6842226577199675	-3.758602139796383	26.528651131540027
-5.636854110121332	-3.770854495677307	26.40556213870301
-5.590975270375442	-3.7846365070789405	26.283020802173958
-5.546581909519521	-3.7997400573961535	26.161192324227212
-5.503679688678789	-3.816444459595321	26.03985605044245
-5.46226460654912	-3.834547846022348	25.919176014872473
-5.422336672684583	-3.8540509909796135	25.799152106928304
-5.3827483217202285	-3.8638020665936033	25.68720573784785
-5.34553677784047	-3.8859120524998985	25.568382236332717
-5.309802788622775	-3.9093129577210917	25.450308962421833
-5.2755463633667485	-3.9340055359369264	25.33298587795342
-5.242733867644237	-3.9598413230673337	25.21654092946531
-5.211410168715642	-3.9870200020166555	25.100803487251255
-5.1815418475276545	-4.015399007488867	24.985901499463345
-5.153128912955043	-4.044979058733213	24.87183499112132
-5.125896524434101	-4.074903353809493	24.759332291828805
-5.100353817740298	-4.106799598270396	24.646998768467814
-5.07623881832532	-4.13982449451596	24.53557905446159
-5.053551534548616	-4.17397872003139	24.425073228573925
-5.032244925771597	-4.209169561697262	24.31559107820647
-5.012381731871474	-4.2455221789352695	24.206986443894824
-4.993915103643779	-4.282949092744545	24.099369971744537
-4.976845048863951	-4.321450933280016	23.992741786846043
-4.820844339651039	-3.605343595446792	24.298499600212622
-4.7912938359187125	-3.6414459893816273	24.180503272233135
-4.7633689536337664	-3.6785819506354507	24.063474613128932
-4.737069702822925	-3.7167522918167974	23.94741374543246
-4.712307533061932	-3.7558708304921122	23.832410170218274
-4.689200534286133	-3.796054316521229	23.71834487660645
-4.667660384359746	-3.837222805192587	23.60530857126877
-4.647687092475601	-3.879377041532284	23.49330142026155
-4.628732649487459	-3.9220533197516367	23.382852961756903
-4.611837212756583	-3.966133590806283	23.272951059654705
-4.59645147655355	-4.011169295271728	23.16413892505376
-4.582575449226525	-4.05716110971907	23.056416760921994
-4.570128597435574	-4.10407824049423	22.94987438794678
-4.559218317745323	-4.151963267655666	22.844392546983823
-4.54976426529283	-4.200790540554388	22.740062848986444
-4.541766447582518	-4.250560667380777	22.63688552976417
-4.531372112353909	-4.2987107306723935	22.538687363363604
-4.526266774587074	-4.350275105835802	22.43778358954059
-4.522565887156396	-4.402783321530492	22.338097148270858
-4.520269456718567	-4.45623591724332	22.23962830505334
-4.51931224173938	-4.510642729191568	22.142478062788527
-4.519781245773262	-4.565991845290156	22.04651239565511
-4.521611375880227	-4.622297148950004	21.951834568976146
-4.524802637883518	-4.679559112111584	21.85844487826353
-4.5289945042965565	-4.737866647397173	21.76699778883282
-4.534879265863234	-4.7970485846840205	21.676251936622563
-4.542087096708911	-4.857208474873307	21.58687077303821
-4.550618001818967	-4.918346722001495	21.498854624059014
-4.560424477974639	-4.98049968396068	21.41232459476659
-4.571569873736437	-5.04361976982046	21.327119998922097
-4.584006794851803	-5.107746294988605	21.243364678651314
-4.5977352454595355	-5.1728795948911115	21.16105899203464
-4.590432826843184	-5.229586006840734	21.11195571810104
-4.6070257755799275	-5.296043115659309	21.032026349901034
-4.624859806779074	-5.363547918633241	20.95363536204654
-4.643934923639901	-5.432100675045843	20.876783138809476
-4.664225790917692	-5.5017486530726885	20.801617131905726
-4.6857661956826675	-5.57242937503646	20.727941666198525
-4.708530869110231	-5.644191896046859	20.655907397141945
-4.732519813517582	-5.71703640389938	20.585514746038754
-4.757617393184682	-5.791235098802197	20.51774466029066
-4.784050651374462	-5.86626388299744	20.450741351278307
-4.811695723082337	-5.942408320794527	20.385493449688607
-4.840552609684717	-6.019668523743406	20.322001416098654
-4.87060970689826	-6.098088905312874	20.260447285473955
-4.901882489488195	-6.177610441033031	20.200589453481076
-4.934359375214639	-6.258278106903951	20.142613766467882
-4.968040364440257	-6.340091932317738	20.08652072649935
-5.002454745873106	-6.4245512537823775	20.040635538035197
-5.038585731780845	-6.508567726935294	19.988399956843313
-5.075912576623079	-6.593755401343362	19.938186387485523
-5.114435279644386	-6.680114215783859	19.88999537341319
-5.15415140545441	-6.767667109193164	19.844049076071062
-5.195064198490136	-6.85638327343842	19.800052584068037
-5.2371711930138165	-6.946284762976209	19.75823251601639
-5.280472387051451	-7.037371417824871	19.718589458329706
-5.324958212368628	-7.1296811475991575	19.68258560157939
-5.370647915104182	-7.223124023107102	19.64745255518952
-5.417530607583526	-7.317752714010162	19.614665027603873
-5.465606286481074	-7.413566950788317	19.584223646331093
-5.514872899379924	-7.510545731953464	19.556393841719593
-5.565333173861045	-7.608716332125736	19.530823202542294
-5.6169849636694344	-7.7080551110584	19.50778224043194
-5.669828263979461	-7.808561677661682	19.487271620119284
-5.605164386526296	-7.801607756093201	19.785267780414483
-5.660554369791439	-7.897761947232449	19.763992443132185
-5.716966929237303	-7.995100190211591	19.74534499903542
-5.774402058841779	-8.093621996973011	19.72932606588126
-5.832878268772404	-8.193232943513005	19.716216656782322
-5.892370863494221	-8.29405768758778	19.70564355020093
-5.9528981951891815	-8.395997403710858	19.69789268899071
-6.01446025627743	-8.499051477578229	19.6929647145862
-6.0770812673157195	-8.602418358047673	19.692643629707344
-6.140698882761738	-8.707587576220037	19.69354118621527
-6.205354165693411	-8.813772528951628	19.697465671288708
-6.271047106819359	-8.92097246322946	19.70441773585612
-6.33776552128953	-9.028998834490077	19.714706450253455
-6.405525632382718	-9.138101156234743	19.7279212347604
-6.474315017190282	-9.248084274182037	19.744376200607004
-6.544133664569109	-9.3589472852463	19.764071989501954
-6.613401520452989	-9.460933681448914	19.80000976262306
-6.685057422203793	-9.573169829565943	19.826115908576238
-6.757719684115109	-9.686108775235436	19.855670162712723
-6.831388293175621	-9.799749463964844	19.888673131227872
-6.906004644795129	-9.913773581865254	19.92543534692091
-6.981646846453195	-10.028602956142592	19.965544131834875
-7.058255966689174	-10.143910223732366	20.009314464826073
-7.135831990530865	-10.25969417122358	20.056746888160436
-7.213800369899696	-10.373579392519538	20.109600984552955
-7.293213708617107	-10.49001765740037	20.164497199593328
-7.373534446612275	-10.606654453191506	20.223256029952292
-7.4547625670401985	-10.723488414701714	20.285877917648165
-7.536773627398846	-10.840034510906206	20.3526291727447
-7.619733510304362	-10.95693614972384	20.423155634463118
-7.703517358864875	-11.073696864237597	20.49772642556251
-7.788125154553611	-11.1903151529587	20.576341846497357
-7.820142286582204	-11.164208164630338	20.70698380085275
-7.9040784949859555	-11.278625404671587	20.789183797689315
-7.988746003288686	-11.392561097387144	20.875469139080955
-8.074144792579931	-11.506013710192168	20.96583996829252
-8.160071023730088	-11.618342312659244	21.060450043949285
-8.246796437394345	-11.730397843778967	21.15909451455413
-8.334116740400585	-11.841526889259715	21.26192727638689
-8.42203191303878	-11.951727851716337	21.368948257149356
-8.508931598714765	-12.056570696021065	21.48049851612258
-8.597810330740854	-12.164404731755763	21.59581670510624
-8.687116238287386	-12.270807116310536	21.715362291730354
-8.776849301600505	-12.37577624874824	21.839134950381876
-8.86670491959571	-12.478492172649947	21.967086317203076
-8.95708918158783	-12.5800444786033	22.09927988244776
-9.047697030046045	-12.679600735137342	22.235663419351308
-9.138528446111238	-12.777159413828658	22.376236317780847
-9.212675317535142	-12.835127828143989	22.512003458593743
-9.303217842372863	-12.928175916267275	22.659499533355394
-9.39375868368771	-13.018649379399697	22.81103417667283
-9.484297824730993	-13.106546860156119	22.966606500900546
-9.57442315832223	-13.190931387267636	23.12586593494608
-9.664684124217954	-13.273049298931225	23.289277590363884
-9.754668254590019	-13.351953880174666	23.456482576126703
-9.844375535987908	-13.427644040910655	23.62747971694155
-9.930863458208906	-13.494266905494719	23.798889993766302
-10.019648084264828	-13.562945491324681	23.97692084491399
-10.107848538306435	-13.627766133243142	24.158368789981033
-10.195464811531668	-13.688728117893836	24.343232407230957
-10.281984535624087	-13.744888940537663	24.530761895534376
-10.368090852641314	-13.797504001956785	24.721953507680023
-10.453271248814639	-13.84562706768488	24.91604536983125
-10.537525721293468	-13.889257906697692	25.113035883154335
-9.827187014096141	-12.911192585148516	24.074865310744514
-9.904064413760237	-12.973654415983995	24.232967471984438
-9.980506488689665	-13.03267386494084	24.393946788166964
-10.056513232130627	-13.088250384662294	24.55780217338871
-10.131619763996385	-13.139638735695804	24.72388871671526
-10.206445912325064	-13.187831591830477	24.893063643488475
-10.28052668493561	-13.232080835672065	25.0646728375251
-10.353862079600793	-13.27238628671606	25.238715081951135
-10.423370756727106	-13.304501974156864	25.4101115923474
-10.494866559461018	-13.336564900959527	25.58832222103537
-10.56529387361272	-13.364229019176491	25.768410070144967
-10.634652702170486	-13.387494570990011	25.95037387527849
-10.702439240885022	-13.40576651274607	26.13322767838178
-10.769325240449879	-13.419839183755206	26.31828316470456
-10.834807026371958	-13.429121339526674	26.50454455457253
-10.898884607287844	-13.43361368000598	26.692010637151608
-10.938120938033348	-13.411859016620092	26.830037226437778
-10.999117839163969	-13.407832372410917	27.01815771505387
-11.058406721647472	-13.398762699376853	27.206757206799736
-11.115987599229355	-13.384651111511582	27.39583465829821
-11.171370918380681	-13.365214121170354	27.584139047279336
-11.225209453553122	-13.34083266295184	27.773336182169082
-11.277014028358106	-13.311233798201883	27.962167964080674
-11.326784661542453	-13.276419046242651	28.150633629992406
-11.371675104979607	-13.23587804376761	28.3304080997332
-11.417123345456536	-13.190791778931423	28.51720642657843
-11.460236812084107	-13.140462607756497	28.702748294332565
-11.501015527439531	-13.084892359996733	28.88703332414503
-11.539052494128223	-13.024249916928142	29.068686309365933
-11.574890430217375	-12.958314550772679	29.249540351618464
-11.60812289510419	-12.887270491433615	29.428219276184173
-11.638749913613513	-12.811119750822275	29.60472316987629
-11.55595164455913	-12.796249454496792	29.36213439057676
-11.58564942382449	-12.722488767613957	29.534804620712933
-11.61270711953668	-12.643884678869036	29.704920744258196
-11.637124755574554	-12.56043912350636	29.872483075280364
-11.658613193572497	-12.47268264994008	30.03621841798023
-11.677558006743688	-12.379912349517985	30.197825494894882
-11.693670611945157	-12.282673940629408	30.356035713674668
-11.70695103225803	-12.180969293867108	30.5108498617586
-11.716213672183981	-12.079423050421173	30.654942951135034
-11.723820240047832	-11.969473057193605	30.80232016184852
-11.72846495150438	-11.855577947088193	30.94554429324417
-11.730147826817275	-11.737739362357713	31.084616561286854
-11.728774483681882	-11.616920361891857	31.218538006909263
-11.724470808817479	-11.49184040446426	31.34864371532922
-11.717142848209635	-11.363474066879107	31.473945987385566
-11.706790617453587	-11.231822613040954	31.594446381855075
-11.694142912383505	-11.145183826232902	31.66993762735515
-11.678911817572677	-11.00870899120301	31.781998051801416
-11.6606619784521	-10.86964255512104	31.888793138235396
-11.639393405158392	-10.727985339501508	31.99032464355052
-11.615225296910541	-10.584958591899458	32.08602807084477
-11.58799873949546	-10.438935447432737	32.17666026464625
-11.557833098290496	-10.291141393469733	32.26167113972032
-11.524728376679512	-10.141576704252985	32.34106252221181
-11.490161716810656	-9.998179987466147	32.41279443894426
-11.451464272128012	-9.84593717135238	32.480982989383755
-11.409976219721942	-9.692763035593678	32.54336834401718
-11.365697556209364	-9.538657306010782	32.599952239985434
-11.318953734952398	-9.38488085047076	32.65068836654721
-11.26931080486615	-9.229751436462626	32.695642348197545
-11.217094070824338	-9.074525569069246	32.734780798657106
-11.162303523196817	-8.919202467822496	32.768105218187976
-11.498561496474679	-10.504930230198065	31.935434446513433
-11.472310274934669	-10.36468159527761	32.02181883273888
-11.443239414272638	-10.222762752664313	32.102852650818164
-11.411348917562231	-10.079173951459623	32.17853758049313
-11.376859723249012	-9.935108496577305	32.248583844659684
-11.339477248638799	-9.788975468775115	32.31338168328749
-11.299422436593199	-9.641968002994108	32.372654440283256
-11.256695283930421	-9.494085841368493	32.42640371032898
-11.21330250989708	-9.352765248246454	32.47421533985385
-11.165551494280486	-9.203893421520638	32.51710627966397
-11.115333051923061	-9.054923289225053	32.55445614233106
-11.062647173994304	-8.9058541356982	32.58626630940187
-11.00788539895736	-8.75780682917723	32.61271456026619
-10.950525650824014	-8.609284876559729	32.633566826711444
-10.89095920799198	-8.461401797182061	32.64901059518557
-10.829186056979166	-8.31415649839785	32.659046927670474
-10.786459844505387	-8.217612417086483	32.677605570437926
-10.721264044092004	-8.071561018804147	32.678720885792934
-10.654127810405736	-7.926764499712487	32.67465473921434
-10.585051126899462	-7.783221518762282	32.66540784771093
-10.514532230482848	-7.641817608417689	32.65151054966602
-10.441906764873604	-7.501368784316167	32.63225705985898
-10.367672554970941	-7.362749190635071	32.60818168916321
-10.291829582405859	-7.225957338672149	32.57928474411455
-10.217688933497934	-7.095679595020112	32.549685857166054
-10.13900591803419	-6.962890479070551	32.511708353707874
-10.059059828710327	-6.832393475249537	32.46934238608704
-9.977850646865003	-6.704187071162502	32.42258786655748
-9.89591208869594	-6.5788230172119135	32.37218366779544
-9.812532489741693	-6.45556217227342	32.31714411953345
-9.728245135821183	-6.334944525142991	32.25820584994291
-9.643050009351946	-6.2169686508628486	32.19536841855967
-9.736408183669141	-6.3222181687184715	32.36985452796714
-9.650663733447315	-6.201501558762867	32.30605883412951
-9.564135961837238	-6.083623591592936	32.238555208941015
-9.476824851664878	-5.9685828753520065	32.167343063256276
-9.389261993066887	-5.856685887208599	32.09322812273273
-9.300738561153066	-5.747520907906002	32.01513448323005
-9.211785767739734	-5.641384149931678	31.933862001694237
-9.122403598274971	-5.538274433936148	31.849409828636766
-9.035729728703686	-5.439257543832429	31.766908114354223
-8.945778566844	-5.342175386922044	31.676651505486273
-8.855729580778021	-5.248211267114392	31.58373288152613
-8.765582759153068	-5.15736426433946	31.488151217861407
-8.675797910172038	-5.069649900827706	31.39066988525755
-8.585761932610104	-4.985045565928096	31.290268577751565
-8.495934403896005	-4.903560605464801	31.187702032479397
-8.40631531617873	-4.825194383158591	31.082969132581898
-8.336682816895115	-4.7483728623995045	31.013013307841327
-8.24722926121554	-4.675294375890848	30.904362064470536
-8.158249736829278	-4.605286596652466	30.793979794829706
-8.069744239181839	-4.538349155569193	30.681865350573183
-7.982074914173319	-4.474301917203306	30.568669566449323
-7.894758892739944	-4.413384424834795	30.453522009209813
-7.808158248741524	-4.355414714219982	30.337064464051092
-7.722272980918163	-4.300392683251148	30.21929582148049
-7.639015260521479	-4.246788663836973	30.103998992698834
-7.554693361173018	-4.197434818816512	29.98396174096978
-7.471291847607901	-4.1508691107471485	29.86298656345494
-7.3888107214726775	-4.107091673072323	29.741072432664133
-7.307503191908179	-4.065819150291059	29.618725900028153
-7.227031652659454	-4.027429830559431	29.49526925869228
-7.147649378436672	-3.991642269939387	29.371201316586024
-7.069356373339864	-3.9584568007151666	29.24652115953528
-7.74089474546577	-4.034843142921231	30.729560192315397
-7.648681310018277	-3.9735755028995605	30.60222376812024
-7.557299408139052	-3.9154733510318884	30.473739023771856
-7.466749040060956	-3.860536706190482	30.344104698414817
-7.3773480435175145	-3.808441772998254	30.213913393215687
-7.288672638094901	-3.7596205404682506	30.082372126331247
-7.2010407013109035	-3.71375044802015	29.95006390064958
-7.114452236562928	-3.6708317709942673	29.81698757378211
-7.03049097789949	-3.6285734334070625	29.686482463636683
-6.9460786337395986	-3.5912714500051686	29.55216452373395
-6.862881005672486	-3.556689355267583	29.41740493036863
-6.780898099665771	-3.5248276328355574	29.282202685436875
-6.700327340018285	-3.495317785650313	29.146986900195014
-6.620905509957404	-3.4686524095066162	29.01118323016201
-6.542830196349936	-3.4444675612587012	28.87521348331695
-6.466101407136807	-3.4227638844732686	28.73907681978507
-6.397775784340743	-3.3845160794699947	28.62299007153147
-6.323202024758481	-3.367259352167857	28.486382641447733
-6.250080548501057	-3.352261357440188	28.34983559744747
-6.1784113649974985	-3.3395228594557453	28.213348247125936
-6.108293039624606	-3.3286937761624813	28.07721937604092
-6.039594174705214	-3.3202427334844677	27.941049117494398
-5.972413568816377	-3.313826097828267	27.805131390571933
-5.9067512323221205	-3.3094447091389774	27.66946565456414
-5.842955217799068	-3.3049388045404697	27.535667454483395
-5.780315724398275	-3.304399421571441	27.400635026711473
-5.719234637803115	-3.3056891049451558	27.26601369620594
-5.659711968898627	-3.3088087368315717	27.131803059403243
-5.601772569383751	-3.313466538971497	26.998206056474892
-5.545383329226946	-3.3200536211065477	26.86495126372403
-5.490569359458096	-3.328285337900816	26.73223894826156
-5.437330671130367	-3.3381625851503505	26.600068827887206
-5.388486873199433	-3.210264158548725	26.562033703873627
-5.334882490696388	-3.222381373372866	26.428584029605414
-5.282917137945454	-3.236013493163423	26.295780765634316
-5.232590826568524	-3.2511614598084138	26.163623707541035
-5.1838746492127665	-3.2675881802022193	26.032255864953026
-5.136807175874408	-3.2856119552631506	25.90148616450832
-5.09135977061773	-3.305003135984915	25.77145643178864
-5.047532444734654	-3.325762637512963	25.642166557801062
-5.005025392778551	-3.346511175069935	25.514387321851913
-4.964385026199464	-3.3698706429135297	25.386636328122016
-4.925335153350027	-3.3944757272873165	25.259705077241676
-4.887875785036024	-3.420327303938108	25.1335935390739
-4.851950120665812	-3.4472646172380266	25.008406731292276
-4.817633919080487	-3.475504011350063	24.88400461677604
-4.7848706288595295	-3.5048915517972468	24.760492291918496
-4.753660260206371	-3.5354280655093024	24.637869791614765
-4.720705005517361	-3.5581705837751763	24.520663697098218
-4.692419545349486	-3.590864868895898	24.399721325905876
-4.665646764283273	-3.624632737386312	24.27973188571823
-4.640386671874697	-3.6594749637034045	24.16069546449361
-4.6165721913231295	-3.6952977587782954	24.04270010410803
-4.594292780062644	-3.732227933355658	23.925628659729327
-4.573481579629423	-3.7701776671291363	23.80957010416982
-4.554138598858652	-3.8091476761399488	23.694524570405758
-4.535833435099077	-3.848629048164632	23.581010540972535
-4.519380114753878	-3.889590434715548	23.468037001073828
-4.504350394709398	-3.9315362402929814	23.356135078818795
-4.490744283056145	-3.974467120586304	23.245304945706177
-4.478497307645536	-4.018344533605109	23.135632867725324
-4.467695449592995	-4.0632213477803925	23.02700425308975
-4.4582744200532405	-4.109064025525626	22.919506910119125
-4.450234226360905	-4.155873161270814	22.813141044613776
-4.184141958463798	-3.4417921328569374	22.935966924894476
-4.166374878155873	-3.4865716755567293	22.819671628514307
-4.150153722650841	-3.532221733602622	22.704475941186857
-4.135478500984922	-3.5787430393282516	22.590380077594297
-4.122252131373561	-3.626120401681481	22.477452067193894
-4.1106040764979035	-3.6743757207381984	22.365601728674417
-4.100437458401303	-3.7234993676969292	22.254898954738415
-4.0917522851828405	-3.773491998941724	22.1453439876358
-4.083994832422549	-3.824319169757757	22.03736970994644
-4.0782248569279265	-3.8760470253699295	21.93015299991909
-4.073878005921204	-3.928656656939541	21.824136096811365
-4.070954286595726	-3.9821486474460426	21.71931926897182
-4.069377895430389	-4.03655303400479	21.6157847583194
-4.0692499198451255	-4.091831068574861	21.51342355735832
-4.070494717235431	-4.148017173439708	21.412320179677724
-4.073112293921626	-4.205111860825019	21.312474920251518
-4.073711623435284	-4.263604205629228	21.217461282671838
-4.079123941732558	-4.322456443383642	21.120140464153902
-4.085862041234564	-4.382255139291203	21.02414253562909
-4.09392592738829	-4.443000734799169	20.929467819349146
-4.103264373493534	-4.504753890366345	20.836220953916225
-4.113945693834967	-4.56743469934951	20.744263198828737
-4.125918781713955	-4.631107084001844	20.653701896403337
-4.139183641739473	-4.695771417854448	20.564537400183625
-4.1534899941885675	-4.761822623915826	20.477474610566563
-4.169325177373374	-4.828508274944489	20.391180770164116
-4.186425373115872	-4.896236976003003	20.30636681114172
-4.20479058517805	-4.96500903197896	20.22303312179357
-4.224392864447739	-5.034902412219322	20.141314730380905
-4.245269484475835	-5.105813811460375	20.061032537155075
-4.267392576045069	-5.1778233572493875	19.982324814217797
-4.290762142050089	-5.2509312841811555	19.90519198888138
-4.301258811927612	-5.336562806355506	19.866287327417417
-4.327729101938986	-5.411220229992331	19.79209905427588
-4.35540250476379	-5.48704477811615	19.719593205641946
-4.384279022249712	-5.564036600471545	19.648770243766673
-4.4143572702635465	-5.642274247152553	19.579802764688264
-4.4456390978579465	-5.721653271735883	19.512461758500425
-4.478123154764827	-5.802253114346131	19.446923671462642
-4.511809441883021	-5.8840738478287005	19.3831890140954
-4.54673676262564	-5.967570783649155	19.322425089695294
-4.582840103567058	-6.051871764373404	19.26242678825864
-4.620149344532015	-6.13744370074099	19.20436734148105
-4.658664485372837	-6.224286580783667	19.14824731189123
-4.698397931776438	-6.312465920973057	19.094285784903374
-4.739333141541371	-6.401894261826315	19.042192004768836
-4.781482504921354	-6.492636646975313	18.99218971302424
-4.824846020602715	-6.584692969954538	18.9442795274704
-4.870120721062173	-6.68070035201621	18.908617491529533
-4.915969316373102	-6.775307169348118	18.865033216845223
-4.963039331702809	-6.87126102344908	18.823711013069154
-5.01133076441228	-6.968561700442016	18.784651553490427
-5.060862978893274	-7.067239691919058	18.748127125536982
-5.111610148600899	-7.1672537462722365	18.713776297726433
-5.16359156045889	-7.268632166002668	18.6818768778758
-5.216807210340904	-7.3713746166939655	18.652429596105375
-5.271372627476245	-7.475532643458122	18.627238406942297
-5.327067790169055	-7.58098658664525	18.60288988861263
-5.384009124540388	-7.6878023740938275	18.58120140970614
-5.442196624776202	-7.795979534609192	18.562173753875033
-5.501645194594536	-7.9054852405861595	18.546135766458093
-5.5623349472654935	-8.0163620379227	18.532650855782023
-5.624280629881646	-8.128572720297408	18.522054199546158
-5.687482234720167	-8.242116661819171	18.51434662833239
-5.6905222425456135	-8.31688948750677	18.942397304609305
-5.756676183681494	-8.425553069078793	18.935928081774907
-5.823898017361174	-8.53551424396258	18.93249701088039
-5.892187734250821	-8.646772255704605	18.93210485075399
-5.961571150402236	-8.759182105847213	18.935097736873853
-6.032013820994229	-8.87293522770836	18.941015943476817
-6.103541321261391	-8.987879929363979	18.950211603425437
-6.17615363983981	-9.104015289834157	18.962685493683445
-6.249876229442053	-9.220144394724652	18.980617808855698
-6.324636456887146	-9.338496353601137	18.999864743550305
-6.400484752009932	-9.457891441891576	19.02263913549605
-6.477421101229441	-9.578328558936104	19.048941756479508
-6.555425792889796	-9.699530802506075	19.0791463382927
-6.634525075577823	-9.821864650782624	19.112756347912747
-6.714698893231088	-9.945043653537796	19.15015137839488
-6.7959472298983465	-10.069066518014735	19.19133216614202
-6.875921428565887	-10.179830194119223	19.251672248566795
-6.95899959901968	-10.305022597210778	19.30027431384537
-7.0431187263936295	-10.430803044581433	19.35290511786997
-7.1282787924296365	-10.55717005651694	19.409565321139432
-7.214393367574626	-10.683669681976344	19.470613481759756
-7.301577646680643	-10.810903578325261	19.535572970289355
-7.389744745661355	-10.938405228530923	19.604806959959394
-7.478894643902294	-11.066172961908574	19.67831599120897
-7.568195614258872	-11.190859845429948	19.75803641184791
-7.659173209045458	-11.318744420178426	19.840230252970045
-7.751047441868671	-11.44650402293562	19.926919110030923
-7.843818290016909	-11.574136813056262	20.018103349751048
-7.93730758512873	-11.700968203368532	20.114055494327534
-8.031752830599157	-11.827893232986638	20.214412850665674
-8.126975305658519	-11.954222096781724	20.31944975332341
-8.222974985935181	-12.07995281957243	20.42916633642713
-8.245657835268519	-12.010664689360116	20.580270672998235
-8.340080535324116	-12.133070070518201	20.69291431733182
-8.43516002870427	-12.25443583601616	20.810216731865108
-8.530896291401055	-12.374760040148743	20.932177824085894
-8.627006134663395	-12.493186135506093	21.05889011217705
-8.723867087293316	-12.610851630661575	21.1902297610908
-8.821195393728113	-12.726884434890177	21.32628710240238
-8.918991029877368	-12.841282595801875	21.467061723018972
-9.015050166921837	-12.948224551499397	21.612213912324343
-9.113475647515342	-13.058697310725009	21.76222320536831
-9.212138906580083	-13.166876972233275	21.916911105798828
-9.311039921205087	-13.272761679220677	22.076276842664925
-9.40976699363487	-13.375297976862981	22.240105493168837
-9.508869002798578	-13.475886304985327	22.4086815046656
-9.607933738489058	-13.573459276640683	22.581782157217255
-9.706961180471659	-13.668015251926635	22.75940630122679
-9.78356756625339	-13.712364868224718	22.92265207875628
-9.881608831142618	-13.80045331019934	23.107274977593853
-9.979316673681744	-13.88481687791532	23.296112386199255
-10.076691077987864	-13.965454284154147	23.48916282354499
-10.17319384089547	-14.041234521691393	23.685784177964628
-10.269542534437585	-14.11366299153466	23.886828868970195
-10.365198644106187	-14.181600414848102	24.091641663483173
-10.460162160092883	-14.245045996717794	24.300220770465057
-10.550677651544316	-14.297226494355463	24.50699739028166
-10.643798775142484	-14.351062580209147	24.722274742041492
-10.735834826961078	-14.399671741103667	24.940700864731575
-10.826785804894415	-14.443053806385638	25.162273761976397
-10.916011700251254	-14.480187448519189	25.385829952758616
-11.004365860518018	-14.512434645411899	25.612916005347042
-11.091208322063869	-14.538775694333339	25.842352305960322
-11.176539091835627	-14.559211158283457	26.074136797868768
-10.329170711559993	-13.504322917054932	24.59628767798919
-10.408167774056142	-13.556278012428164	24.782319957277704
-10.486397563087316	-13.603799878076178	24.97099007085824
-10.563860076041752	-13.646888302330563	25.162296584193538
-10.639994688225036	-13.684762300619681	25.355317492966826
-10.715548898405954	-13.718463118944266	25.55127871700639
-10.789962087092958	-13.747210189600203	25.749246580753493
-10.863234258072623	-13.77100381946775	25.949219588907866
-10.931748388354725	-13.785707697883623	26.144253364813192
-11.002345814888033	-13.799306194347349	26.347327328596787
-11.071422443121673	-13.807517225373164	26.551648752535275
-11.138978283672149	-13.810341651367764	26.757216211947117
-11.20443726785902	-13.80727374334342	26.962730393708743
-11.2685675178154	-13.79899028326472	27.16992054478496
-11.330793286858105	-13.784994657131548	27.377476961807183
-11.391114592403817	-13.765288276466283	27.585398436907564
-11.423764227027918	-13.724608413800752	27.729355759661868
-11.480180431273904	-13.695130303951766	27.936201004733217
-11.534360205162507	-13.659803356702156	28.142507484752823
-11.586303571506066	-13.618629420861396	28.348274338174612
-11.635492567119847	-13.571558649228347	28.551975068610222
-11.682617866945108	-13.518662153567956	28.75564337821591
-11.727162094539066	-13.45990635588625	28.95774803777066
-11.769125277279983	-13.395293475034638	29.15828867179051
-11.805684349474323	-13.326154985230712	29.347520900478482
-11.842269576473843	-13.250236841780989	29.543904039545254
-11.87597392366749	-13.168642224012157	29.737690642459413
-11.906797420845358	-13.08137354624071	29.928880908899544
-11.934366424466484	-12.98896157687301	30.115946443444262
-11.95917919578584	-12.890704287022428	30.300926084917478
-11.980862793351545	-12.787151665344158	30.482295760752397
-11.999417246839963	-12.678306116937563	30.660056288861178
-11.921072288216806	-12.727876474493272	30.377909387310154
-11.939684896786568	-12.62271343381306	30.55276182978019
-11.95516006061088	-12.512621355630266	30.72367495682967
-11.96749780708005	-12.397602459772544	30.890649807290668
-11.976486145549377	-12.27857244161816	31.05238595945972
-11.982407791295289	-12.154315324463425	31.210620180901333
-11.985051359006354	-12.025763205456123	31.364062671730508
-11.984416872210685	-11.892917991415478	31.512714992483314
-11.980000696670885	-11.762806712787537	31.64962178773513
-11.972907178494832	-11.622305656314802	31.788174812894987
-11.962475803080387	-11.478286102735233	31.92123365203885
-11.948706587933275	-11.330749470787563	32.04880025933245
-11.931636934784192	-11.181020377620047	32.170036546912705
-11.911217009274903	-11.027335472465696	32.28606474130716
-11.887484543433391	-10.87102806513472	32.396063428553745
-11.860439547081594	-10.71209895163872	32.50003478716685
-11.837728497308253	-10.613974738534047	32.567134564656264
-11.805522509009544	-10.45137134522059	32.660942290951226
-11.770095175517433	-10.287018894537248	32.74840864709358
-11.731446499069648	-10.120917567838905	32.82953584492576
-11.68985660258496	-9.954535780412485	32.9040610651222
-11.644951987011394	-9.785915497145092	32.97233979080516
-11.597012737144379	-9.616523699219316	33.03412627874569
-11.546038846904796	-9.446359893957242	33.08942258014389
-11.49453495224134	-9.284453980444152	33.138331027834745
-11.437887306360604	-9.113648641290377	33.180944900267086
-11.37846090884526	-8.943010666428066	33.21711324535782
-11.316255746347466	-8.772538974090818	33.2468377817837
-11.251755902398466	-8.603568732567034	33.27043636729762
-11.184315896056397	-8.434316780951724	33.28748882772569
-11.114419431936712	-8.266107628237425	33.298324798648196
-11.042066490988875	-8.098939730487253	33.3029455298695
-11.593843180768745	-10.00040642053364	32.78495271766114
-11.552495346316999	-9.836274753954921	32.85309235232077
-11.508134176680079	-9.671313472078884	32.91498595654385
-11.460759667323916	-9.505522207445313	32.970635519355234
-11.41074904266557	-9.340276504955451	33.0200362412995
-11.357599320075371	-9.17374094803895	33.063198935313466
-11.301687538372146	-9.007285659366742	33.10013348110691
-11.243013685892807	-8.840909693712394	33.13084156597663
-11.18454842454954	-8.68277252956923	33.15685892521442
-11.120768450705269	-8.517322701526957	33.17553070580946
-11.054532457496284	-8.352791565944418	33.18816418462304
-10.985840427670574	-8.189177724644853	33.19476062452423
-10.915228726705953	-8.027629760909111	33.19581654981612
-10.841982156905157	-7.866612686552553	33.1906724616156
-10.766636633744522	-7.707262565421239	33.17983284227829
-10.689192136229556	-7.549577696031928	33.16329844919422
-10.637011301871329	-7.443641048537405	33.16958904867614
-10.556293944689816	-7.288702016563686	33.14370876379042
-10.473822302599334	-7.136020144306359	33.112538522986675
-10.389596352880702	-6.985593590505636	33.07607860742069
-10.304225962495648	-6.838206069372113	33.03513635694168
-10.216897922242284	-6.69280831278123	32.988635551255165
-10.128221561599672	-6.550169289412775	32.93738362065419
-10.038196857952066	-6.410287166389997	32.88138034664086
-9.950680498272165	-6.276944467307278	32.826269123936314
-9.858365172535237	-6.142788059684006	32.7614514058085
-9.765105943251424	-6.011751793760716	32.69246476898124
-9.670902789553391	-5.88383397835962	32.61930856800418
-9.576353358224674	-5.759403433310492	32.54290668631958
-9.480660740534638	-5.637964642228481	32.462025480422525
-9.384422121960123	-5.5198739017011675	32.37758219286409
-9.287637484679239	-5.405129767366696	32.289575844059954
-9.38984346678608	-5.470231633284147	32.512366670936785
-9.291662396761811	-5.352441848826808	32.4223395990233
-9.193089104899453	-5.238171001004249	32.32899141156354
-9.094123574548522	-5.127417740390009	32.232320964855084
-8.99532858438656	-5.020276171527804	32.13325314257662
-8.89595372744394	-4.916617952760273	32.030551928032764
-8.79656143432868	-4.816527826762782	31.925132208886577
-8.697151692654742	-4.720004789717851	31.816992655959222
-8.600906206218484	-4.626779347605236	31.71175756565524
-8.501728202611206	-4.537223855815071	31.598746019862542
-8.402870622997249	-4.451190329014345	31.483574808425775
-8.304333459400786	-4.368678120807942	31.366242521047475
-8.206565160239016	-4.289506424961589	31.247540212105466
-8.108967779247859	-4.213915097455234	31.126409850090795
-8.01198962245428	-4.141719616049601	31.00363120663019
-7.915630686157634	-4.072919680828504	30.87920288157398
-7.838442592494321	-3.9967572224850194	30.790999202113976
-7.742860591096141	-3.933754138558763	30.663455182855028
-7.648151754488708	-3.8739912224335793	30.53469613682423
-7.554316082705806	-3.8174684768472664	30.40472072280284
-7.461675689704087	-3.7638528450197057	30.274148274700835
-7.369801093134032	-3.7135886397948137	30.14214998709437
-7.279014444145407	-3.666343977464802	30.009334987677217
-7.189315746121708	-3.6221191322426196	29.87570206289362
-7.102305706099241	-3.5785483301930334	29.744734937993016
-7.0148720548302315	-3.5400663711741145	29.609772590674094
-6.928699485210895	-3.5043649835333657	29.474332390468533
-6.8437880033396965	-3.4714446615162178	29.338413278379434
-6.760336451139432	-3.4409237188219226	29.20246115644489
-6.678079722071026	-3.4133123692247263	29.065879159432523
-6.59721682495508	-3.3882336048319033	28.929105442367735
-6.517747767969972	-3.365688088454348	28.792139115090702
-7.135301653196301	-3.1524772318261007	30.384988374099873
-7.036412468654679	-3.10372399678092	30.238407704705505
-6.93882372097784	-3.058181510875608	30.09126107649315
-6.842535416598976	-3.015850295483219	29.94354710224529
-6.747797741168975	-2.976254922955574	29.795789287344878
-6.654277131227624	-2.9400307076131544	29.647286566284357
-6.562223954903873	-2.9067073599048197	29.49855224941529
-6.471638221410659	-2.8762856264863363	29.349585162622347
-6.383639273191694	-2.8456800923512517	29.20322019749371
-6.296021930526518	-2.8207146075253013	29.054018318079027
-6.209995162150113	-2.798346020520251	28.904856911197296
-6.125558979271881	-2.7785752397939008	28.755735016395402
-6.042835605796389	-2.760949330744401	28.606996063179107
-5.961662103805894	-2.7460744177383973	28.458180079555813
-5.882160976473905	-2.7335052973447613	28.30962370409464
-5.80433223629618	-2.723242982273139	28.161326180873615
-5.731615338938077	-2.6921240932291077	28.029342932431494
-5.6565320199259785	-2.6860335740153594	27.881335731089024
-5.583180444616641	-2.681990081640203	27.73376310589363
-5.511560626335289	-2.679994696036574	27.586624477251814
-5.4416994560069725	-2.6796641749917605	27.440136679865308
-5.3735611103869445	-2.6815120465905893	27.294009390052206
-5.307172798292818	-2.6851638152297115	27.14845554065671
-5.2425345332818765	-2.690620579649335	27.00347471541644
-5.179574320518274	-2.6956003117151557	26.860191848111974
-5.118384172081839	-2.7044372289304386	26.71643815028321
-5.058939881564992	-2.714865902460758	26.573367862862224
-5.001241462402662	-2.726887421130304	26.430980707232653
-4.945253217037373	-2.740211626309595	26.289411855400477
-4.891022773242218	-2.7552279109581543	26.148480527632884
-4.838514747078685	-2.771654718436177	26.008320199796472
-4.7877291515795735	-2.7894931049774545	25.868930707260464
-4.718425979713369	-2.655717387444918	25.7958884591731
-4.667769537636696	-2.675720046476872	25.655736168985328
-4.618866470902321	-2.6969908071079196	25.516430603694786
-4.571716792710937	-2.7195307391785213	25.377971677101034
-4.526241175141699	-2.7431265221179997	25.24044568418192
-4.482545418913376	-2.768065027458151	25.10373743344405
-4.440550500171695	-2.794141258849014	24.967932916405655
-4.400256431339183	-2.8213562230651106	24.833032125823976
-4.361094098077237	-2.848506350598546	24.699486005683152
-4.324129137125098	-2.877883455334707	24.566423625370177
-4.288806673252381	-2.9082972338505746	24.434313415053474
-4.2551267180318835	-2.939748624055144	24.303155429563617
-4.222996838086481	-2.9721108875936837	24.173013136627787
-4.192540304181407	-3.005555137356391	24.043802083799097
-4.16366494731041	-3.0399618636461714	23.915586430134898
-4.136370778158826	-3.0753319324483743	23.788366279542227
-4.10589834972509	-3.1042738863146315	23.66470248189832
-4.081639164597672	-3.141454788692267	23.53938502334666
-4.058899936616619	-3.1795474931666234	23.41510348563488
-4.037680675586736	-3.2185527943612553	23.291858011628698
-4.017891961440872	-3.2584145804470186	23.16970658569653
-3.9996530430762647	-3.299209461600128	23.048572257250925
-3.982874723028731	-3.3408874068370125	22.92851432642356
-3.967557010221722	-3.383449139352251	22.80953296887509
-3.9531662279892785	-3.426624233641821	22.69198105382236
-3.9407189695867326	-3.4709292131205287	22.5751851011819
-3.929676452415393	-3.516107441315965	22.4595077320233
-3.920038684539497	-3.5621595717883507	22.3449491506192
-3.9117298063445674	-3.609084738176218	22.23157401284022
-3.9048509821077313	-3.656885564514439	22.1192966101916
-3.8993265341874155	-3.705566150468213	22.00818336630751
-3.8951564698182435	-3.7551270823623644	21.898234512197487
-3.5399996624767667	-3.026209483979507	21.89348024330389
-3.527898163399265	-3.073032644920633	21.774927152685038
-3.5172512994454674	-3.120603386511913	21.657492838577834
-3.508059079043828	-3.168922391831452	21.54117753275523
-3.5002220344004886	-3.21801938173045	21.426028304771382
-3.4938728081218975	-3.267856258628763	21.311982952090087
-3.488912121953361	-3.318467914344062	21.199090499751428
-3.4853399833865595	-3.3698549560341418	21.087351198580546
-3.4826165135583462	-3.4222576366961714	20.977084251270945
-3.4817804913059405	-3.4752205746859883	20.867685187109963
-3.48227582097452	-3.5289994527266693	20.75947932072595
-3.484102509176786	-3.5835948067398116	20.652466923438382
-3.4871903562309914	-3.6390767110848294	20.546714593308824
-3.491632976456041	-3.695352928137835	20.442134185299782
-3.4973603179305703	-3.7524975588822542	20.338794571159514
-3.5043723864431304	-3.8105110724470093	20.23669604578175
-3.5097039511161094	-3.8719317425100392	20.138773420345757
-3.5193798684613973	-3.931653847464339	20.039184903164454
-3.5302985009877244	-3.9923085966536718	19.940893587665013
-3.542459853665739	-4.053896392920654	19.843899795256362
-3.555824353450747	-4.116515081947567	19.74829660872754
-3.5704447753710893	-4.180035091778875	19.653960694126138
-3.586281655950282	-4.244557246904844	19.56098782764989
-3.6033349993959316	-4.310081888327825	19.469378363329078
-3.621444691960657	-4.37724269751747	19.379778180648508
-3.6409302056680244	-4.444835980631608	19.29096893838989
-3.6616147215357167	-4.513507124678494	19.203599826271954
-3.683498243004537	-4.583256408515434	19.117671236443744
-3.7065689728677196	-4.654198764221217	19.033310657981062
-3.730842648122792	-4.726181547820348	18.95034905653282
-3.756307544762061	-4.799321669354118	18.868917208770483
-3.7829636654415943	-4.873619344081727	18.789015551272147
-3.803859065972322	-4.97766281169317	18.746206412273178
-3.833765439181403	-5.0537955977841165	18.66941690762443
-3.864829308203494	-5.1311849222856445	18.594267707312603
-3.8970506746741456	-5.2098309177496835	18.52075929241459
-3.9304492574206353	-5.289850475447871	18.449063013244245
-3.964998767782588	-5.371087992344619	18.378951572931783
-4.000718954216482	-5.453661136380564	18.310600353800346
-4.037609817480622	-5.537569969012032	18.244009895475173
-4.0758562014622814	-5.623529079898965	18.18036132261579
-4.115118629182314	-5.710178237402615	18.117426969598558
-4.15557064191361	-5.798239983887493	18.056390811343952
-4.1972122394240845	-5.887714300544329	17.997253452522642
-4.240080412983216	-5.978709443350457	17.940240705007096
-4.284125839450106	-6.071080953629592	17.88505295561579
-4.32938549306999	-6.1649365721641445	17.831921061549174
-4.3758593724792325	-6.260276188439208	17.780845698810623
-4.425564947264575	-6.36201091058998	17.742494250787036
-4.474565172852524	-6.460306648033407	17.695720946298184
-4.524804803800207	-6.560149929523842	17.651184153002635
-4.576283837414052	-6.661540536762799	17.608884622312434
-4.629049987588283	-6.764557058688613	17.56911359037086
-4.683039628289357	-6.869094101577017	17.531484561769087
-4.7383003942988315	-6.975228018246025	17.49629499470241
-4.794832281394227	-7.082958466487882	17.46354572067796
-4.852944643667381	-7.192660821919798	17.435203152026677
-4.91205279205408	-7.303605385198748	17.407552535339665
-4.972464246864792	-7.416177947672182	17.382569457424967
-5.034179002088575	-7.530378022187803	17.36025483061328
-5.097244315267243	-7.646225544439751	17.34097425662975
-5.161597160649883	-7.763692661499603	17.324242460951076
-5.227284632808221	-7.882794748712453	17.31043250926805
-5.294306723646731	-8.003531149982553	17.299545392134778
-5.4008453184270735	-8.241979838580452	17.83782748394023
-5.472406375149169	-8.359324621974542	17.831756330558104
-5.545122271508383	-8.47825966797896	17.82887106207529
-5.618992996875676	-8.598784115170838	17.829172617383936
-5.694074967747623	-8.720778979777926	17.833070283969704
-5.770292935368104	-8.84440073802964	17.8400205752001
-5.84770304078809	-8.969522745242733	17.850440287495793
-5.926305270937563	-9.096143942167142	17.864330403904667
-6.006313126800283	-9.223207431837974	17.884322390650265
-6.087296706723759	-9.35267418900697	17.905424026317526
-6.169495389319277	-9.483503876660002	17.93029757751026
-6.252909158771602	-9.615695213063054	17.958944046384765
-6.337546294513835	-9.74898152283154	17.991824736988345
-6.423395717949522	-9.88371518386456	18.028326908430717
-6.510465304863198	-10.01961832010242	18.068919607256085
-6.598755036413816	-10.156689404586208	18.11360382048055
-6.687163596223275	-10.281179795475467	18.181896894015974
-6.777569483307663	-10.420026798916254	18.234697010988484
-6.869178266490563	-10.559778054004134	18.29189969593669
-6.961989923863656	-10.700431785195361	18.353505870572068
-7.055938998670904	-10.841512555153848	18.419984954013245
-7.1511127128029655	-10.983649921437813	18.490713114143084
-7.24744505993559	-11.12635323672535	18.56616642527178
-7.344936014912628	-11.269620462254723	18.646345689683343
-7.442848061281364	-11.409858573542053	18.733907698097035
-7.5425214770953195	-11.553797080208135	18.82374904749536
-7.643277319243891	-11.697873936921404	18.918618481206757
-7.7451155595081	-11.84208685669524	19.01851661138858
-7.847865530787338	-11.985687252516335	19.123841442971955
-7.951754721131217	-12.12966772254105	19.234063516910666
-8.05661177111565	-12.27326058321681	19.34958440194706
-8.16243664986681	-12.416463332396967	19.47040443949854
-8.195349400594711	-12.34434137757567	19.663833710514748
-8.299458674187159	-12.48381782399625	19.788226901961913
-8.404407749002502	-12.622377538025631	19.917939095506487
-8.510196594216195	-12.760018021510803	20.0529703394658
-8.616526982482346	-12.895748351657772	20.19352292319881
-8.723796477564576	-13.030883867137032	20.339326911845863
-8.831706117508874	-13.164413472159978	20.490583138842698
-8.940255870714143	-13.296334605639023	20.64729124712496
-9.047051703194823	-13.419796188960198	20.809664123529558
-9.156540065363554	-13.547711941371556	20.977106918038622
-9.266419394033814	-13.673238584750905	21.150023396850237
-9.37668965841997	-13.796373624098672	21.328412733015398
-9.486893302684951	-13.915849093565544	21.512123696228432
-9.59764033151988	-14.033349960773068	21.701355568267953
-9.708472491978439	-14.147589270696855	21.895948278046177
-9.819389756053276	-14.258564753501581	22.09590048332015
-9.905009574210728	-14.309049211639625	22.2831603270626
-10.014972456843854	-14.412831826827837	22.491390814676382
-10.124683896737952	-14.512479991087211	22.704672029127735
-10.23414387106005	-14.607991853935898	22.923002158423476
-10.342730727165447	-14.69795896599345	23.145706267427823
-10.451273287985977	-14.78425542952573	23.373679641253723
-10.559149440845548	-14.865460511976568	23.606230952510504
-10.666359170464128	-14.941572974987102	23.843357930648175
-10.768490083345908	-15.004034156215958	24.07886646883208
-10.873817751550527	-15.069150316540444	24.324174725291712
-10.97801828612504	-15.128240555065588	24.57336681984606
-11.08109168179361	-15.181304444214929	24.82644015217851
-11.182275777340877	-15.227025477341677	25.082050358043887
-11.282586785395171	-15.267158808174598	25.341983696841332
-11.381262547065495	-15.300388515779677	25.60487452974488
-11.478303069212805	-15.326715156198317	25.870720117165686
-10.497760677837027	-14.031296235071142	24.20914793391109
-10.58572530183727	-14.09325413046855	24.417549244574648
-10.672933973616251	-14.150207979226103	24.629130549952627
-10.759386688049924	-14.20215736606925	24.84389005341206
-10.844430407710808	-14.248126483118849	25.06079409078932
-10.928935843948796	-14.289415984489462	25.281216562095597
-11.012249924048417	-14.32504944654469	25.504109002230823
-11.094372651097158	-14.355027119507865	25.729469495865427
-11.171045860600081	-14.374088183058092	25.94933327444056
-11.250315696873281	-14.392369796984607	26.178562142342624
-11.3279474328498	-14.404441259211787	26.40938642264064
-11.403941080600202	-14.410303547989482	26.641804254682086
-11.477612409647858	-14.4092942303635	26.87429579613659
-11.54987376321212	-14.402299461154598	27.10888333543939
-11.620041291582591	-14.388667631716352	27.344033325213655
-11.688115015966988	-14.3684004608124	27.57974415783717
-11.723307878502029	-14.320899497301387	27.74026830648966
-11.787021388353732	-14.289331351741287	27.974817760281184
-11.848245744172468	-14.250934444969136	28.208857032399678
-11.906980974522305	-14.205711091939405	28.442384952939545
-11.962602686936227	-14.153555817057331	28.67357560969914
-12.015943477104596	-14.09461512213597	28.9048613192927
-12.066379694225844	-14.028804120158373	29.13440961475177
-12.113911373241947	-13.956125642971276	29.362219959056226
-12.155113816677634	-13.87797125260996	29.576569406955127
-12.196569968180116	-13.792040044434428	29.799655076929486
-12.234758218431288	-13.699439904587713	30.019759418421774
-12.269678605867304	-13.600173948099751	30.236882658727296
-12.300875591939729	-13.494866992352144	30.44917819263354
-12.32895665172985	-13.382693269856212	30.659109378460133
-12.353467154701901	-13.264302460311178	30.864835085854985
-12.374407139340786	-13.139697682697868	31.06635637334482
-12.278231366530965	-13.198335872959461	30.72037217684452
-12.299464300106628	-13.078934527341778	30.918444974074532
-12.317128289842458	-12.95376175939581	31.111953384042433
-12.331223371105764	-12.822820435439152	31.300898739273297
-12.341487835902617	-12.687212856771055	31.483718379776413
-12.348270707094985	-12.545475680292755	31.662499562929188
-12.35131105785585	-12.398732367318832	31.835693388553512
-12.350608918519422	-12.246985376263071	32.0033018895514
-12.34552719762165	-12.098753426410813	32.157023668282584
-12.337455466224357	-11.938133365149165	32.312852441263544
-12.325566040026086	-11.773451636336212	32.462259389151725
-12.309858941359153	-11.604710049878163	32.60524706891543
-12.290376396615093	-11.433523723580187	32.74083479762047
-12.267062147727614	-11.257742715890243	32.87033640022563
-12.239958837406483	-11.07899307149134	32.99279299835158
-12.20906647772754	-10.89727576906089	33.108207437613295
-12.183491294038888	-10.78942427290645	33.181036828464805
-12.146796322063006	-10.603640985273568	33.28474324071206
-12.106420417380468	-10.415946289189542	33.381060520759036
-12.062363582053303	-10.22634035177001	33.46999154023951
-12.014963203655327	-10.03660310222568	33.5512790874332
-11.963769427600909	-9.84436093794633	33.625272650990766
-11.909119570170226	-9.651391319761599	33.69173705729931
-11.851013622489253	-9.457693528482487	33.75067493540889
-11.79246654613192	-9.27412210389001	33.802637815669186
-11.727924367792555	-9.080037061119084	33.846933185209934
-11.660234029957644	-8.886350654085572	33.88380420764282
-11.589395514393598	-8.693061405061663	33.91325303837937
-11.515990478941422	-8.501753464819284	33.93574021430299
-11.43924333088202	-8.310310666744634	33.95065619385331
-11.3597352176803	-8.120302829619018	33.95847602867415
-11.277466114015429	-7.93172790133411	33.95920122316641
-11.914864874277006	-10.15368986858871	33.38045340102871
-11.869106047339143	-9.967549013267025	33.456727759676546
-11.819903139577733	-9.780506632511052	33.52579253830123
-11.767256145130734	-9.592562251235835	33.587650301925144
-11.711606678936695	-9.405368060649364	33.64233042777434
-11.652365899343838	-9.21671937774802	33.689799422423626
-11.589975180118788	-9.028261344452492	33.730105519605395
-11.524434506103345	-8.839992732277524	33.763250874590646
-11.459240061105064	-8.661645445194324	33.79133548213031
-11.387894169582545	-8.474658760509278	33.810690174916594
-11.313758268951803	-8.28886073438537	33.8231398154143
-11.236832336901463	-8.10424955861343	33.82868598531128
-11.157748685039389	-7.922178790817933	33.827972209970035
-11.075664174837419	-7.7408391178714915	33.82014359120582
-10.991210538060404	-7.561567973813947	33.80585344373222
-10.904387747790658	-7.3843631771206875	33.78510267163124
-10.847308321749535	-7.267746562993196	33.793899073245015
-10.756826611948346	-7.093845681593678	33.7626562902764
-10.66437841954595	-6.922694654010975	33.72546218024819
-10.569963715709624	-6.754291143518064	33.68231701976735
-10.4742978547441	-6.589521691758977	33.634226270566224
-10.37642696365821	-6.427198792857351	33.57984940924893
-10.27706571885784	-6.26819040819451	33.520191306101395
-10.176214092060333	-6.112494245623437	33.455251586872215
-10.078365651231355	-5.964245271155981	33.39195214159323
-9.975001033740886	-5.815375743412273	33.31727714977522
-9.870617430115646	-5.6702101375628615	33.23803321925069
-9.765214814738009	-5.528746377446325	33.15421943291329
-9.659484868912022	-5.391353315801414	33.06695099543439
-9.55250529443697	-5.257534573055621	32.97473846551391
-9.444967211889319	-5.1276438041644425	32.878687898627476
-9.336870599920383	-5.001679278939357	32.77879796762523
-9.45750424664286	-5.071877840999498	33.05235473346534
-9.347672101942667	-4.941864322980258	32.95010590907203
-9.237448429035044	-4.815970854693335	32.84429534739339
-9.12683320809033	-4.694195829058218	32.73492151779219
-9.016472238158968	-4.576577011509565	32.62307927585177
-8.90550441218517	-4.463060672219375	32.50730504840592
-8.794575121040344	-4.353673627261458	32.3886804869315
-8.683684350565201	-4.248414729106411	32.26720385212667
-8.576436161838004	-4.146505768442324	32.14943549750482
-8.465914992726432	-4.049258743365253	32.02290138649816
-8.35581558391287	-3.9560390827881413	31.89416486956334
-8.24613792693568	-3.866846100943836	31.763224136401455
-8.137383353318418	-3.781398020032709	31.630981493732033
-8.02888340578608	-3.7000693083815417	31.496229667988672
-7.921139273868075	-3.622574532183666	31.3598566238996
-7.81415095446959	-3.5489134406225795	31.221860597149355
-7.728337606500528	-3.463346089378893	31.125278385084364
-7.622258005517852	-3.396184972146331	30.984140727944812
-7.5172152295956955	-3.3326381503703644	30.841866097971028
-7.4132092802209195	-3.2727057445524017	30.69845283196554
-7.310587028518473	-3.215943208609703	30.55457783823671
-7.20888598650323	-3.162943825655229	30.409334843078536
-7.108453103578277	-3.1132653790035505	30.26338821366254
-7.009288385187456	-3.066908309846932	30.11673647262462
-6.913064632232077	-3.0208145747972264	29.97311544780738
-6.816517606179054	-2.9807311440549555	29.825370541125107
-6.72142045567799	-2.9436611108686908	29.677281529161245
-6.627773189263386	-2.909605166911014	29.52884714642409
-6.535776288568696	-2.878083542397036	29.38052944394922
-6.445162466619117	-2.8497377027953728	29.231709588597475
-6.356132431588257	-2.8240942040848234	29.08284045708924
-6.268686194264047	-2.8011539205655374	28.933921005856735
-6.943084277138912	-2.4860942223854483	30.758259497810283
-6.832450763759573	-2.4338616605066767	30.59619733121282
-6.723327645274525	-2.3851877727189397	30.433736355816595
-6.615714931182007	-2.3400733288000763	30.270874852756943
-6.509875953635319	-2.2979046703822057	30.10816807988985
-6.40545962798182	-2.259502025416732	29.944871929377367
-6.302729545444606	-2.224258995128796	29.781529141300684
-6.2016857186600225	-2.1921766036217973	29.61813828911876
-6.103440572355197	-2.159346876451826	29.45762834608881
-6.005785599006243	-2.1331579394241804	29.29436713036221
-5.909940427692806	-2.1097449122969545	29.13133560812577
-5.815905073161779	-2.08910899022136	28.968532635936487
-5.723790835116828	-2.0706877193654867	28.806294640194483
-5.633449349440156	-2.0552339141973097	28.644170610443258
-5.544992278125772	-2.0421951317992075	28.48248896371452
-5.458419637127294	-2.031572665120508	28.321248819058468
-5.376258312462745	-1.994783029505582	28.176228354627114
-5.292733427732288	-1.9885200273898085	28.01557272911051
-5.211143093765342	-1.9843545482348102	27.85552388280008
-5.131487327201575	-1.982287940590304	27.696081154970486
-5.0537675524552625	-1.9818582195324819	27.537434630031186
-4.977981909125457	-1.983684510943383	27.379329492627893
-4.904132215044454	-1.9873156420435478	27.22195142262076
-4.832218486799248	-1.9927529571139677	27.065299956508042
-4.761980432085561	-1.9972774136714175	26.910309243634057
-4.693861801760284	-2.0060585717999633	26.755169119497832
-4.627655613372732	-2.016392395779839	26.600844891735573
-4.563361883071158	-2.028280194334511	26.447336257655245
-4.500913160173211	-2.0413811765370173	26.29474456489746
-4.440399416004694	-2.056152735627738	26.142934090212815
-4.381753574348139	-2.0722643433590786	25.99200435705239
-4.324975650622681	-2.089717249363705	25.841955191039876
-4.237052708020534	-1.9252199530023208	25.750198932513758
-4.18024357613662	-1.9448306645486007	25.599475668206672
-4.125325676695546	-1.9656039281745938	25.449697627230673
-4.07229902518426	-1.9875409990087995	25.300864724253042
-4.021048031936774	-2.0103964665833587	25.15302555246401
-3.9717268517143234	-2.0345003981475482	25.0061151946075
-3.924220249619168	-2.0596170896358856	24.860181962283047
-3.8785282400271313	-2.0857477061266283	24.715225851679243
-3.833858685014226	-2.1115198792359653	24.57146548108845
-3.7917008807444708	-2.1395488886170138	24.42847124143441
-3.75127591383064	-2.168475774973583	24.286478122387756
-3.7125837975040423	-2.1983016106273645	24.14548618059955
-3.6754986491133783	-2.2288839647853997	24.005523143780415
-3.640188342107154	-2.2604151694846806	23.86655221385101
-3.6065272948964395	-2.2927610230092696	23.728601809168254
-3.5745155195715674	-2.325922505211384	23.59167203096987
-3.5378227535155737	-2.351570919024887	23.456637596171177
-3.508976386620244	-2.3862417516439374	23.321650556493985
-3.481696858514427	-2.4216704595171787	23.187701576718716
-3.455984180193477	-2.4578579337550672	23.054790790845132
-3.4317200469245046	-2.4947433758848536	22.922942064873062
-3.40906222312263	-2.5324098581062713	22.7921239127093
-3.3878926531576834	-2.5708033864175963	22.662361417444433
-3.3682113469741815	-2.6099247667648737	22.533654738439985
-3.349318772248524	-2.6494875873177026	22.40614559712347
-3.3325488005111046	-2.6900397879554325	22.2795616272321
-3.317193670933424	-2.731309664485475	22.154052773706116
-3.303253392471437	-2.773297942736734	22.02961921651291
-3.2906285943681963	-2.8160066227888105	21.906291776867125
-3.279451791091879	-2.8594346689319163	21.784029795650667
-3.269623814119914	-2.9035896024892027	21.66286563685343
-3.261144671489901	-2.9484720748621904	21.542799498939683
-2.788843827099207	-2.050159552623364	21.461490125447128
-2.77111671430799	-2.0908471314000896	21.333301207806162
-2.754825791243129	-2.1320355896690524	21.20615784693905
-2.739971067118149	-2.1737256741336295	21.08006023590782
-2.7264206116421947	-2.215949659795596	20.955012970402215
-2.71435035248754	-2.2586661842739706	20.831010378357956
-2.7036285665189297	-2.3019131762855034	20.7080586501087
-2.694255261907241	-2.3456912980329436	20.586157984497675
-2.685507748338682	-2.390259359250683	20.465358451352145
-2.6787752580403494	-2.4351263551028373	20.345566101222925
-2.6733146317875214	-2.4805684453468206	20.226835162510177
-2.669125876815097	-2.5265862163297466	20.109165841351032
-2.6661131855233986	-2.5732556539922555	19.992579179730217
-2.6644043175610714	-2.6204767552383967	19.877047611019385
-2.663903627845502	-2.6683299402861866	19.762593881251625
-2.6646111227804177	-2.716815728120956	19.64921820695583
-2.6624286856906902	-2.7686874538038975	19.53771087215985
-2.665664405463601	-2.8184064745007698	19.426497174247007
-2.6700503793781625	-2.868828076734774	19.316384426228893
-2.675586613052671	-2.9199527158366925	19.20737285780293
-2.6822143813350507	-2.9718885195873916	19.09950389346728
-2.690011996977338	-3.0244923346587083	18.992722851891315
-2.6989208607376476	-3.0778757223346815	18.887073071947945
-2.708940977563389	-3.132039083574599	18.78255480254915
-2.719811174191565	-3.1876948536074927	18.679474498476235
-2.732046021370766	-3.2434917907994025	18.577256086745617
-2.745363874555446	-3.300153858215193	18.476207570207006
-2.759764738069602	-3.357681406290157	18.376329222350844
-2.7752238585666724	-3.416207189364089	18.27768802452184
-2.7917742501156764	-3.4755549802377668	18.180195331201585
-2.809391255543435	-3.535860151962625	18.0839204209115
-2.828074878589306	-3.5971230075922223	17.988863598013683
-2.8362298370809276	-3.6934446966721683	17.911401049089168
-2.8581588877348882	-3.756238947326294	17.818865602855396
-2.881110468384702	-3.8201143630922676	17.727613403824094
-2.9050845819650823	-3.88507118181176	17.637644789544897
-2.930096686028639	-3.95125774928937	17.54906054511405
-2.9561261769129032	-4.018476790424571	17.46172711567489
-2.983188575917284	-4.08687837925142	17.375748140978278
-3.011283885433216	-4.156462709582164	17.291124005229612
-3.040597665200819	-4.228192086252385	17.208574219572608
-3.0707940099426936	-4.300244053774401	17.126745183534446
-3.102042089403138	-4.373584803751328	17.04635597985094
-3.1343419053882733	-4.448214482558979	16.96740704767496
-3.167735011896471	-4.524294715603332	16.89004226846099
-3.2021660072932447	-4.601610301937449	16.814070876826058
-3.2376764816072283	-4.680323828874254	16.739640470843632
-3.2742664359968128	-4.760435390294684	16.666751553740657
-3.3144655415743918	-4.849752515269028	16.60238607547194
-3.3533774662792584	-4.932767220176315	16.532743893226225
-3.3934013452373994	-5.017293884091615	16.46476463915349
-3.434537178835571	-5.103332538359323	16.398448890537942
-3.476849991542047	-5.1910493326028515	16.33399701818187
-3.5202530842724924	-5.280222750742538	16.271143276632404
-3.564811481704078	-5.37101891067508	16.210092913135426
-3.610525183346186	-5.463437772638801	16.150846589451056
-3.657869619400886	-5.558523868990481	16.094808713205826
-3.705955449380399	-5.6542965065016935	16.03933426178221
-3.755245952939708	-5.751800620564655	15.98582757027961
-3.805741128531512	-5.8510360857794526	15.934289395670435
-3.8575236785402662	-5.952160437344741	15.88499225926755
-3.9104833284978615	-6.05496325372865	15.83757465196913
-3.964702731327586	-6.159600658020635	15.792315459857626
-4.020181884203661	-6.266072421207458	15.749215545734815
-4.245423384907093	-6.805839720393097	16.19905292018901
-4.309956124382976	-6.915016010846248	16.1645646396608
-4.375626220055183	-7.0262055315089285	16.132639359794695
-4.442433665759818	-7.139407782832513	16.103278044033683
-4.510506472063413	-7.254685891646071	16.07685500108407
-4.579673942326855	-7.371954401558402	16.052873496712994
-4.650063922494854	-7.491271840055113	16.031715844201027
-4.721676404501327	-7.612637553426322	16.01338312325707
-4.795265658792519	-7.736314964322599	16.000423700201342
-4.869392694863831	-7.861788108088306	15.988027164882979
-4.944821612111438	-7.9893210915398924	15.978749837247062
-5.021552400131889	-8.118913071537339	15.972592912516147
-5.099692405842342	-8.250547519614445	15.970032470203131
-5.179098473499848	-8.384244324426145	15.970436618137562
-5.25987767615273	-8.519979323359701	15.974291214393784
-5.342030000573183	-8.657751444377313	15.981597562949986
-5.430103790687269	-8.796367575601318	16.01428754732205
-5.514923617189238	-8.938001188371206	16.028791236620325
-5.601176293852486	-9.081599589838772	16.047108814297847
-5.688861804145983	-9.227161440258673	16.06924167231401
-5.7780483849292565	-9.374527630568162	16.09576671457311
-5.868645012046364	-9.52390692853675	16.125918041472236
-5.960719493395846	-9.675128293769054	16.16028367422471
-6.05427180857034	-9.82819007236514	16.198865068495042
-6.149540347400558	-9.981623589681114	16.245377776019424
-6.246039353456807	-10.13814890499956	16.29277313627586
-6.344041766696915	-10.296320885835978	16.34481153612325
-6.443547562339923	-10.456137523835384	16.401494450232693
-6.5445585997692	-10.61721257466792	16.463475863329762
-6.647072338087026	-10.780056028729462	16.529887211085008
-6.751090003634465	-10.944264075215372	16.601393777542967
-6.856611566809	-11.109834315011057	16.677996994535146
-6.953878953341029	-11.168348779601331	16.927438110298784
-7.059919036319076	-11.333350570597409	17.011357204312677
-7.167419275049898	-11.499289362243893	17.100696927287597
-7.276379636447588	-11.666162473117339	17.195458535809234
-7.386692513842039	-11.833284396192035	17.296278659240624
-7.498501301615349	-12.001562561820133	17.402311220302952
-7.611697563965798	-12.170288521150653	17.514201660760126
-7.726281262967347	-12.339459200495087	17.631951014292607
-7.841110119635644	-12.503862014645804	17.75907912097893
-7.95826705103326	-12.673256567374318	17.88880768699437
-8.076693112308789	-12.842475917918016	18.024795147735
-8.196388261162454	-13.011516638122119	18.167042192259647
-8.31709384448235	-13.179284764155302	18.31605660813783
-8.439154631411007	-13.347230674417117	18.471162571137235
-8.562310936293347	-13.514231948430094	18.632871104408515
-8.686562713355263	-13.680284876464938	18.801182415885926
-8.795211707099387	-13.792500742972333	18.99011970140901
-8.920542189593425	-13.955240521160938	19.170064846948815
-9.046739775136018	-14.116141423312051	19.35680317647801
-9.173804416701406	-14.275199638257117	19.55033429992972
-9.301276710198396	-14.430889001850637	19.750821120169824
-9.429769084877273	-14.58523552219473	19.958044921389778
-9.558821033874018	-14.736682830948588	20.172162235860203
-9.688432510727813	-14.885227162729226	20.39317193623669
-9.81492801744094	-15.020445334170702	20.620266137910434
-9.945135792575531	-15.162005187353788	20.854652683569213
-10.075520660833998	-15.299477700797333	21.095832611487406
-10.206082579633819	-15.432859423431717	21.34380397719203
-10.33612209199595	-15.560254984602576	21.598099869853016
-10.466571713916455	-15.684183982995808	21.85933758714903
-10.596731065077151	-15.802726078172224	22.127031112989883
-10.726600110713305	-15.915878452649197	22.401177661365686
-9.795569100272925	-14.176674316947597	21.561484977813855
-9.905170364401258	-14.297018664786906	21.767544591126153
-10.014939082469219	-14.413489247291878	21.9790308210744
-10.124875225566699	-14.526083721463364	22.195942122057307
-10.234333259002184	-14.633367578347745	22.417777691725952
-10.34417383325407	-14.73724843585212	22.645201178077965
-10.453750797993576	-14.836275184692372	22.87769704462921
-10.56306413072085	-14.930446001384363	23.115263182568377
-10.667522285512401	-15.010774429125185	23.35274452002709
-10.775735573834949	-15.09433743283985	23.599575635946653
-10.883205432822562	-15.172053661472663	23.850898748509636
-10.989931849243082	-15.243922042632745	24.106711279769527
-11.095117145160728	-15.308494931099517	24.36582287991881
-11.199824870028765	-15.367700808215265	24.629814370446187
-11.303257158466467	-15.4200874056827	24.89747357562269
-11.40541400922641	-15.465654622405227	25.168797609638773
-11.46683486371182	-15.44668297060926	25.37590943524323
-11.565454957298757	-15.479580553781922	25.650859238444458
-11.662288063276243	-15.504894597648477	25.928442418604224
-11.757334193302256	-15.52262604702108	26.208656077697405
-11.849713830504946	-15.531682868351222	26.489605699302974
-11.940599703579668	-15.5335243102845	26.773810686438527
-12.029112724382859	-15.527070713473663	27.05935452732054
-12.115252919230713	-15.512324210695356	27.34623456917323
-12.193515171239508	-15.484491687585965	27.620771737811555
-12.274341125676745	-15.453019379184582	27.90862197800027
-12.352216007027433	-15.412786010508889	28.196320389776286
-12.427139855444599	-15.363794835731882	28.48386491918806
-12.498267790233411	-15.305716738910348	28.768802072207038
-12.566726422958618	-15.238998967607918	29.054399111849428
-12.63167194261231	-15.163342196212799	29.338190292649536
-12.693104400875558	-15.078750613179848	29.62017450600639
-12.516905840446842	-14.942907536408896	29.18103511790959
-12.57580537379295	-14.864374009947786	29.452901260343097
-12.631147844901445	-14.777355250480898	29.72228162030881
-12.682933304485875	-14.681855368050586	29.989175665729906
-12.730478674654645	-14.578297545255595	30.251152100796855
-12.774694848701515	-14.466127488568885	30.51145237007541
-12.814899991258104	-14.345802581132205	30.767646106379964
-12.85109415728149	-14.217327276902019	31.019733960057437
-12.879938763950268	-14.086275376751807	31.25300730444082
-12.907935123202913	-13.942546735987397	31.495461380993454
-12.931562981592373	-13.791337856330365	31.732274985122633
-12.950822392678564	-13.63265307850487	31.96344999501383
-12.965338110078207	-13.46793364310144	32.18685900204191
-12.975610582166148	-13.295267610274783	32.4053439070138
-12.981265749888696	-13.116128392212236	32.61679734662801
-12.982303659571643	-12.9305197433543	32.82122233534353
-12.970559091414588	-12.814078939783947	32.931201783874215
-12.964295626838837	-12.619421309469287	33.12317388738804
-12.953310155818517	-12.419451051754514	33.30710198758538
-12.937602713628358	-12.214171025454545	33.482989876334145
-12.917192349160542	-12.005746978044755	33.64949322695159
-12.892053733478662	-11.791296885812024	33.808413808079536
-12.862206577705626	-11.573003895579756	33.95843997155204
-12.827650901357272	-11.350869588994499	34.09957601084762
-12.789965413657738	-11.139509357667748	34.22641236113786
-12.746420524704629	-10.911357597593486	34.34970045391345
-12.698319996764601	-10.68093066406593	34.46360716788195
-12.64566383211928	-10.448228741997507	34.56813683607583
-12.588892543056058	-10.215665657613588	34.66303405960218
-12.527418770753346	-9.980022238033674	34.74864919542213
-12.461682895056807	-9.74370787833732	34.82475988623775
-12.391684901347903	-9.50672139377573	34.89137004071107
-12.69307118808096	-11.93584797765093	33.11950386829644
-12.671987708758738	-11.741599142602137	33.27347369419412
-12.646590724680545	-11.543566482189725	33.41946804015935
-12.616880254881554	-11.34175153910559	33.55749048057141
-12.583030749887765	-11.138227238857056	33.68671648003494
-12.54480964146049	-10.930232311679115	33.80825390934799
-12.502391672255897	-10.71984700738119	33.921307449160786
-12.455776846860443	-10.507071697669618	34.0258807823295
-12.407301613719516	-10.305247592721402	34.11953814685254
-12.352760592954157	-10.089118253121432	34.20734425092451
-12.294256605295455	-9.872007863331149	34.28647892813387
-12.231789641154178	-9.653915646197957	34.35694559494091
-12.165884598427466	-9.436926244183505	34.41887138501743
-12.095841579937977	-9.21825743405729	34.47209429996693
-12.022185117661138	-8.99998323112278	34.516766340719265
-11.944915189447624	-8.78210184030397	34.55289031801483
-11.894538954035166	-8.65689140107045	34.59660653270214
-11.811962390610127	-8.43982894982453	34.61920051472123
-11.726144913866753	-8.224303197721916	34.633574293157444
-11.6370864930046	-8.010311648562887	34.63972994814919
-11.545549128097585	-7.799537447687829	34.63854632506002
-11.450516741495827	-7.589730116218804	34.62885569110757
-11.352750536487484	-7.382550657650869	34.61154945707588
-11.252250476309085	-7.177996092515151	34.58662873692522
-11.154249621055303	-6.984906982050751	34.561228458789785
-11.048907832544254	-6.786243584024829	34.5220873705045
-10.941376391465097	-6.5910775688771235	34.47609389910752
-10.83165525911202	-6.399405799723253	34.42324819349026
-10.720604471570358	-6.212244418032094	34.364874474704074
-10.607077224577788	-6.0282313165182435	34.29920670851655
-10.491932654382678	-5.848358016272472	34.227566507256626
-10.37517072399106	-5.67262151914549	34.149953138018795
-10.5377744672567	-5.903773949097939	34.45899736726037
-10.421163594055448	-5.7211315322566465	34.381862379851945
-10.303051826444774	-5.5429507636512465	34.29900410168327
-10.183439127619854	-5.369228660461883	34.21042152516946
-10.063202594646597	-5.200512969620144	34.11756443351379
-9.941172683106586	-5.0360667434945485	34.01849683558144
-9.818225677575187	-4.876415677014538	33.91465749187434
-9.69436154681134	-4.721557238271054	33.80604471632182
-9.57474978548443	-4.573173975940568	33.70179172207688
-9.449527751214413	-4.427796852577556	33.58460307543977
-9.323934412617083	-4.287343121492519	33.46355931277924
-9.197969745558238	-4.151810826746474	33.338658296561505
-9.072387158887047	-4.021150149851639	33.21123169674653
-8.94618205757429	-3.8954234715928013	33.07949874627151
-8.820107363823396	-3.7745679670893058	32.94477294199503
-8.694163061336239	-3.6585823154715507	32.80705191659313
-8.600261817297634	-3.5413378559856348	32.72992641296345
-8.474084611586013	-3.433245860996411	32.58672106731727
-8.348463631999724	-3.329886239348509	32.44125131876979
-8.223398869447514	-3.231258254247818	32.29351472429341
-8.099466110411903	-3.1369329904726158	32.14457655659257
-7.9758976243209885	-3.047481098097599	31.99301082681245
-7.853269059319192	-2.9624701832667375	31.839863648860984
-7.731580413375834	-2.8819000814050075	31.68513268836
-7.613776878044174	-2.802392104575948	31.53479414350169
-7.494151825235802	-2.7302362031273004	31.377420843784464
-7.375783580402871	-2.6621680986992136	31.219040895297812
-7.258672147472878	-2.5981881095929853	31.059652173896456
-7.143193212066533	-2.537696117558035	30.90000171101903
-7.028845873255801	-2.4814933527133065	30.739088737616353
-6.916005961401117	-2.428983888326404	30.5776444354562
-6.804673485166913	-2.3801684265996097	30.415666958066886
-7.858292583508129	-2.568697997667833	32.793331399123836
-7.7265475270611805	-2.4707048362086383	32.62446004846631
-7.595746545324548	-2.377687741437744	32.45415062755981
-7.46588963735388	-2.28964663682056	32.28240037632949
-7.3375198609921135	-2.205895941915271	32.1101861555076
-7.20991314287419	-2.127350068611678	31.936199258978647
-7.083612594403723	-2.0533252201236287	31.761395550467576
-6.9586182216279635	-1.983821886546184	31.585772540066536
-6.837551146136413	-1.9140824358795143	31.41461467425581
-6.715297283653617	-1.8530444388486504	31.237785426355398
-6.594634108238761	-1.7960439584683892	31.060638604173775
-6.475561631350907	-1.7430819234301926	30.883172056678028
-6.358393215939884	-1.6933998715462346	30.70600657174284
-6.242711074832681	-1.648011524633554	30.528309726504833
-6.128828884363301	-1.6061672043667325	30.350686654649394
-6.016746659850933	-1.5678681522782674	30.17313557651402
-5.917041504662663	-1.4950091221124397	30.02517521098162
-5.807519464885525	-1.4629397859779034	29.847376039519432
-5.699960960932398	-1.433966180885852	29.669953228433165
-5.594366010887825	-1.4080897724847898	29.492905331638514
-5.490863126108625	-1.3846108789923282	29.316587548821765
-5.389281001545736	-1.36446592893681	29.140523198321098
-5.289748591747962	-1.3469674833483225	28.965057361440937
-5.192265916166727	-1.3321171186533127	28.790188930451457
-5.097146143851219	-1.3156875054972543	28.617667822421925
-5.003704604334831	-1.3057031355501598	28.44410746084114
-4.912352153295057	-1.2979604687775437	28.27130540856459
-4.82308881066572	-1.2924611207016812	28.09926084993377
-4.735909665531408	-1.2886404735759749	27.92815084349348
-4.650821312141606	-1.28725510845889	27.75773762223456
-4.567819309250543	-1.2877533101106016	27.58819279658853
-4.486903676564969	-1.290136675650507	27.41951579538833
-4.397438415562455	-1.0301093717511591	27.367767062465557
-4.314404317212205	-1.0353293167707545	27.197223979607827
-4.233560946286943	-1.0421635379828986	27.027673765990254
-4.1549083236773106	-1.0506137284543449	26.859115998833136
-4.078342539296166	-1.0602222175510132	26.6916184055892
-4.004002187671921	-1.0716031022889194	26.525089850414698
-3.931783840609368	-1.0843119115450834	26.35959546602717
-3.861687517793678	-1.0983502406898908	26.19513500262921
-3.792863700078307	-1.111099790087037	26.031954665699015
-3.7268864325403195	-1.1275479218908773	25.869560104223304
-3.662945085939315	-1.145088481026166	25.70822093606394
-3.601039678571035	-1.16372295025792	25.547937040366335
-3.541021041397636	-1.183144314508521	25.38872058178562
-3.483088107905351	-1.2037652853470693	25.23055514294347
-3.427092126458845	-1.225290263159314	25.07345237296423
-3.373033113863703	-1.2477206099415934	24.917412244244318
-3.312877230283341	-1.2543992929129484	24.76263114348406
-3.262375219066819	-1.2784563789526178	24.608553889243623
-3.2137091284654424	-1.3032677538977469	24.455539937241028
-3.1668789738434184	-1.3288346629293115	24.30358932544622
-3.12172168358347	-1.3549729252046756	24.152691979909296
-3.0784547211179523	-1.3819309200677734	24.00286146184772
-3.03691536309824	-1.409533983075134	23.85408823925552
-2.997103623421216	-1.4377832404894777	23.7063723944003
-2.957994210679874	-1.465677980966376	23.55961505540618
-2.92153039069261	-1.4951266553867846	23.413996344302053
-2.8866871828751144	-1.5251438091154395	23.269427234212092
-2.8534645997339254	-1.5557304557356764	23.12590783648756
-2.8217083203747597	-1.5867982945635406	22.983424806786555
-2.7916241340779355	-1.618467336211037	22.84199621492631
-2.7630580024317046	-1.6506569950747387	22.701609727625343
-2.7360099366497463	-1.6833681799591753	22.562265474985853
-2.125113222360681	-0.24426758216726974	22.631388950835518
-2.0790426978490766	-0.2722066925676478	22.482448201510227
-2.0347780534115403	-0.30021722703968035	22.3346048325602
-1.9923193036189628	-0.3283003664706767	22.187859024065265
-1.951415212967797	-0.3563781283383385	22.04214067701437
-1.9124007945176134	-0.38455711421506156	21.897543670767803
-1.8750251381891871	-0.4127682192895952	21.753999352711233
-1.8392882566611517	-0.4410124710925966	21.611507893416643
-1.8037232137736403	-0.46889015194004635	21.46965254168492
-1.7711311868087227	-0.49715914165738806	21.329225182992676
-1.7400231870274308	-0.5254450804567279	21.18981107236657
-1.7103992254386309	-0.5537488605437428	21.05141036654948
-1.682049555189681	-0.5820627280896069	20.913969140718343
-1.6552538632052647	-0.610399003429379	20.777559648538322
-1.6298026483414851	-0.6387566354703518	20.642129189146505
-1.6056959201568255	-0.6671363988728377	20.507677904488872
-1.573288406932992	-0.693483033079354	20.371362504393716
-1.5519255533073597	-0.721756837537452	20.2388324838077
-1.5317737219926055	-0.7500727065086092	20.10725121855745
-1.5128329212297909	-0.7784313078836268	19.976618834836536
-1.4949381261236319	-0.8068706815025184	19.846895662085025
-1.4783093881818277	-0.8353415918224103	19.71813487875086
-1.4627818665426569	-0.8638870994136232	19.59029779412564
-1.4483555683691078	-0.8925077847953838	19.463384522361434
-1.4341192836276928	-0.9214632435123296	19.337166116459095
-1.4218232926293788	-0.950255671345247	19.212078589069314
-1.410531781831473	-0.9791656042855887	19.087893583640387
-1.4002447574648023	-1.0081935473061137	18.964611204580624
-1.3908388656335129	-1.037407506388929	18.842203547738684
-1.3824785920680251	-1.0667179309171713	18.72070805638248
-1.3750407222717715	-1.0961966307235258	18.600097645376426
-1.3685252616860033	-1.1258440467901996	18.48037241237669
-1.3094811860602888	-1.1501182807601573	18.34405389748956
-1.3059042163263046	-1.1789511793994225	18.226026018798347
-1.3031231774246645	-1.2080249929508362	18.108865252141225
-1.301138073772827	-1.2373400794240632	17.992571682044083
-1.2998737588929385	-1.266981783220583	17.87712808068185
-1.2994304379626305	-1.2968371120222328	17.76255761570583
-1.299733063790038	-1.3269941208427873	17.648843740477567
-1.3007816402799661	-1.3574531261443417	17.535986539888857
-1.3022047223701048	-1.3887627218255654	17.42389623793149
-1.3047247424735366	-1.4198799203732209	17.312745202925484
-1.3079508479516448	-1.4513650711295458	17.202443447234707
-1.3118830422738985	-1.4832184552752607	17.092991058803328
-1.3164778983970589	-1.5155413988876791	16.98438059805511
-1.3217933268370108	-1.548199431992147	16.876622194260214
-1.3277859789253785	-1.5812960214094058	16.769709133896335
-1.3344558577709709	-1.6148314190906548	16.663641510931942
-1.3402180879771137	-1.6533505539657796	16.558035697311638
-1.3483704071378668	-1.6877844023814688	16.45366895087409
-1.3571760147124836	-1.7227360080594991	16.35014762238072
-1.3666349134791071	-1.758205596152421	16.247471814545467
-1.3767333034275229	-1.7943093068156104	16.14564551531745
-1.3874895908463634	-1.8308927950624563	16.04466365707398
-1.3988900388593368	-1.8680739263312276	15.944531092530804
-1.4109346499963833	-1.9058529056589866	15.845247936972557
-1.4236220981259713	-1.944991302797332	15.746868330175351
-1.4369702933705562	-1.9840476741352269	15.649293394769005
-1.4509618313800452	-2.023787164127425	15.552576316041971
-1.465596714471441	-2.0642099605537227	15.456717225547903
-1.4808869526636688	-2.1054486617822183	15.361734418810336
-1.4968165378553566	-2.1473268960543677	15.267603825147287
-1.5133975329420286	-2.189978706905345	15.174344860449272
-1.5306299400588947	-2.23340426738168	15.081957676751722
-1.4253683463871631	-2.431048831161947	14.93930366919429
-1.450691883241154	-2.4720154980495255	14.848873880197077
-1.4764228548239942	-2.514052877983856	14.759354563548927
-1.5025612617345059	-2.5571610194960366	14.670745886236277
-1.5292075152823088	-2.601459728666521	14.583085508581982
-1.5562277352003424	-2.646789383927214	14.496323633500804
-1.583722347684846	-2.6932702004832603	14.410499364221872
-1.61169135342081	-2.74090223384922	14.325612901457578
-1.6407917810334922	-2.7905378254007838	14.241960850184872
-1.6697825086338036	-2.840578181426724	14.158989233310944
-1.6993166268276232	-2.8918599521515933	14.076991325137977
-1.7293941363384169	-2.9443831962081863	13.995967366845926
-1.7601218039652355	-2.9982969954883902	13.915982306297655
-1.7913572756633604	-3.0534027108862904	13.83695014777331
-1.8232073350358675	-3.1098498820822567	13.758937921200681
-1.8556719827887298	-3.16763856629135	13.681945915905182
-1.8943425046705338	-3.234830494800992	13.609307453138396
-1.928172415366244	-3.2955750356238034	13.534472493559756
-1.9626938709605177	-3.357773595575898	13.460718242855899
-1.997906872075402	-3.4214262250706176	13.38804504933144
-2.0339288757546523	-3.48671328735087	13.316555972156513
-2.070603273939391	-3.5533944061082936	13.246114466809475
-2.1080475365988	-3.6216502898946636	13.176826594378653
-2.146261664187805	-3.691480975579151	13.108692771521975
-2.186039376518888	-3.7641343951586617	13.042471277605424
-2.2258857463515036	-3.837264436297946	12.976739275523512
-2.266585061729616	-3.9121004547640545	12.912250997593096
-2.3081373228381707	-3.9886424655455914	12.849006941660186
-2.350674368839467	-4.067101421630483	12.787162339528086
-2.394020414314777	-4.147196062985432	12.726511454123704
-2.4383072987328855	-4.229137332039803	12.667213798495448
-2.4835350218797996	-4.312925211450583	12.609269966062818
-2.5882562315685185	-4.491404354801141	12.60602803512746
-2.6363240212387473	-4.580727181274023	12.551825004706915
-2.6854467621072198	-4.672071323047712	12.499148103308597
-2.7356244532470826	-4.7654367050060165	12.447998061541034
-2.787006378974681	-4.861061024730036	12.398611199609233
-2.839393490731298	-4.958627124896801	12.350674237536635
-2.8929350425934004	-5.0583718362945085	12.304429754283905
-2.9476310328016555	-5.160295016339366	12.259878615184215
-3.004490123364043	-5.265984413233053	12.218714285969558
-3.061612629748755	-5.372447840607795	12.177752837915179
-3.119994985302288	-5.481252051622919	12.138683616038124
-3.1796371871448694	-5.592396812889351	12.101507641935047
-3.240705427951873	-5.706131725287074	12.066562252866563
-3.302978109620275	-5.822123349889795	12.033400194582578
-3.3666213420740636	-5.940618953019229	12.002367513850642
-3.4316351209538123	-6.0616181813687335	11.973465411077253
-3.5066908812079998	-6.198257377501992	11.96322895480944
-3.5746718786824863	-6.324594909267911	11.93899793021142
-3.644140380762373	-6.453596523777559	11.917184639860025
-3.715096381106836	-6.585261707143404	11.897790489454287
-3.7877189378693608	-6.719824070018273	11.881288292825735
-3.8617692900810936	-6.856970772888864	11.867051095643609
-3.937426321160128	-6.996930524980179	11.855563608141296
-4.014690022247246	-7.139702608303377	11.846827461660968
-4.094720285799374	-7.28670207037236	11.844155071965433
-4.17532444814592	-7.435244246750374	11.841307062476506
-4.2576564707573645	-7.586728928815514	11.841598195938941
-4.3417163415446725	-7.741155136820848	11.84503034964749
-4.427685368043235	-7.898690576734429	11.852248167332588
-4.515321775454746	-8.059109094367264	11.86239671904502
-4.604806545388215	-8.222569281540556	11.876136360943947
-4.696139661669788	-8.389069827456057	11.893469230545106
-5.389047292246772	-9.340707432305736	13.234127653264112
-5.488747753968462	-9.51753859930767	13.273966395845884
-5.590393533712316	-9.697040162559464	13.31843338552139
-5.693984605546614	-9.879210020443775	13.367530925393604
-5.799616486257591	-10.063884518286953	13.422127795423542
-5.907161754253692	-10.25127652340127	13.481071119641046
-6.016715247179626	-10.441203468683495	13.545248198975543
-6.128276932362099	-10.63366270615051	13.614661474947109
-6.242209992516646	-10.826898373941605	13.694976054402042
-6.3577840842084425	-11.024139860462128	13.77545450736151
-6.4754046769432065	-11.223665797379454	13.861825584704619
-6.595071730281696	-11.425472907324979	13.954091787969556
-6.71679388532397	-11.629036184071492	14.053269228060982
-6.84055951922836	-11.835047420064722	14.15800890170969
-6.966376231875103	-12.042952686203968	14.269346158449945
-7.094243974099336	-12.252747997958764	14.387283445423476
-7.221448561003669	-12.436865144042354	14.554339375109786
-7.352773131566736	-12.649136338300293	14.685324355096927
-7.486103015265053	-12.862723138114564	14.823597085399049
-7.621438154141342	-13.077620846379642	14.969159775674283
-7.758628970607933	-13.29276623900924	15.123055161903896
-7.897874758588283	-13.509565370125202	15.283897760396552
-8.039024480086677	-13.726914578856857	15.452745643598947
-8.182078067828476	-13.94480841297962	15.629600590641767
-8.325342606588597	-14.154975579658057	15.820222532428886
-8.47189425525099	-14.372881469721637	16.01351628983953
-8.620174287568718	-14.590335108696578	16.215473123088135
-8.770182627928616	-14.807330368568985	16.426094117315902
-8.921522222814724	-15.022080252940633	16.646203957003742
-9.074722295036253	-15.236952683445713	16.87470481024947
-9.22938394442836	-15.450109773930905	17.112425458965557
-9.385507089055013	-15.661544883949821	17.359365996710196
-9.373339750917689	-15.387923162052566	17.713516494159652
-9.524249644364161	-15.58913895646578	17.960355835909507
-9.676315963440981	-15.787487900025333	18.21620917532956
-9.829538631288957	-15.982963763733999	18.48107566299186
-9.983231915998068	-16.17324225937607	18.75517806449215
-10.13830994852659	-16.36140799135199	19.038216263347948
-10.29408520522198	-16.545087648856747	19.330400298640885
-10.450557611217926	-16.72427516440445	19.631727957819077
-10.60220329274201	-16.8830559983517	19.940514779846048
-10.759279269765704	-17.05145896515257	20.259412291781988
-10.91647762784334	-17.213555274481703	20.587244267971823
-11.07379830087638	-17.369339569431	20.924007003882316
-11.230184806305873	-17.515913042723824	21.268844206491565
-11.387045646370682	-17.657129329460226	21.622887682097375
-11.54332295262033	-17.79005236568041	21.985245294487125
-11.699016675739513	-17.914678154661562	22.35591185323842
-11.796976770349545	-17.907284825342074	22.666913388909585
-11.949094484007693	-18.014938243120437	23.04746405669495
-12.09988209694476	-18.11249238337884	23.43516812969349
-12.249339584327457	-18.199945233521216	23.83001940337903
-12.396078245184276	-18.274430705487546	24.229676154179174
-12.541949649441843	-18.339767707769905	24.63724550597791
-12.685564849400297	-18.393084791194124	25.050333450893902
-12.826923852861281	-18.434382588038805	25.468933101499537
-12.956523326265717	-18.44809791927895	25.873478716961127
-13.092242437410043	-18.46420544056688	26.300281316457745
-13.224712861341274	-18.466656461261387	26.730410485112493
-13.353934643629655	-18.455454674569218	27.163859497845046
-13.478330230995276	-18.428669233781026	27.59664461896376
-13.600003167700185	-18.388885938365345	28.034062600980086
-13.717377389161083	-18.334216391359043	28.472081271999876
-13.830452980265155	-18.26466747238279	28.91069510343458
-12.081220299237565	-16.49940584272613	25.03677446086804
-12.190788476209665	-16.542908012412198	25.369823216326992
-12.298509437375829	-16.576699450363677	25.706122185619968
-12.404383196045508	-16.60078123523555	26.045667245015736
-12.507218234121183	-16.61370644969096	26.386011671339972
-12.608603292293541	-16.61740836046824	26.730408296830262
-12.707347401232049	-16.61045603855919	27.076378894639927
-12.803450596711675	-16.592852383320277	27.423919650431113
-12.889479181732664	-16.558355478126227	27.755102077048488
-12.979537283839477	-16.51929630658453	28.10351561858863
-13.066173425026008	-16.468978260565358	28.451543447489964
-13.149387662433526	-16.407405971041324	28.799182640258913
-13.228042966497078	-16.334189681745993	29.143179842705017
-13.30365552579843	-16.24986115641311	29.48786716231454
-13.375089846635401	-16.15407344690794	29.829974267253558
-13.44234600384167	-16.046832618071754	30.169499697772125
-13.458931033309668	-15.93311137976729	30.35510949091611
-13.518450749029785	-15.80848278200094	30.68663957464892
-13.573210505755782	-15.672738809912026	31.013550774444724
-13.623210386983764	-15.525886230382026	31.335843346638022
-13.66759400791813	-15.368982692370878	31.65015426025794
-13.707503412962199	-15.200634044775697	31.960969868732104
-13.742084208097147	-15.02195248652885	32.26493829285062
-13.771336478568406	-14.832944926284235	32.562061874533555
-13.791473101478001	-14.644553769879572	32.83285213049746
-13.809960773874657	-14.43671240361696	33.11454707440347
-13.822710726398675	-14.219826547936968	33.387393233339985
-13.829723035640805	-13.993902410081535	33.65139493331375
-13.830646877582794	-13.761475317320379	33.903935912687544
-13.825950182259406	-13.51917817942907	34.14851603925496
-13.815283735288439	-13.269589516874532	34.3825608480173
-13.798647594745136	-13.012714036322489	34.60607627710991
-13.722417070024061	-13.409494105213597	34.06168895631245
-13.711673538465092	-13.164638329202482	34.289375935548506
-13.69506362097442	-12.913243112923084	34.50646765760391
-13.67258736698101	-12.655312462310265	34.712970106221135
-13.644295064709112	-12.393913247548475	34.907219976303686
-13.610119757584073	-12.124963958242667	35.09144964844545
-13.570112620392376	-11.851554521811579	35.26404690489749
-13.524273676741357	-11.57368685149479	35.42501840090962
-13.474946278984966	-11.311791796283014	35.56841686642757
-13.41805380835402	-11.027291835023185	35.706246605467435
-13.35555747886255	-10.74051710103278	35.831947049794266
-13.28745728669838	-10.451467285356713	35.94552472838804
-13.214386187523633	-10.163454890807222	36.04692879935441
-13.135500209300284	-9.872060722017881	36.136241646262945
-13.051431930992145	-9.580585722095202	36.21346115588519
-12.962181323005348	-9.289027492625939	36.27859295703735
-12.907362428395668	-9.14275687326949	36.345752336228344
-12.810864692373384	-8.851379112621723	36.39251892165732
-12.709658557391707	-8.561732791575402	36.427615191187755
-12.603743975686957	-8.273814039157651	36.451045523339516
-12.494170367234243	-7.99036137665064	36.464097903449264
-12.37953838119154	-7.707713375953625	36.46506375080259
-12.26089615143172	-7.4285726245656125	36.45525848729483
-12.138243616646065	-7.152934153766218	36.43468466450067
-12.019002805212342	-6.895095825146555	36.414258007969394
-11.889253604013271	-6.627480089898486	36.37373873558695
-11.756263327826227	-6.364775067987798	36.32363424815276
-11.620031910163268	-6.106975370947596	36.26394520820229
-11.481799490338405	-5.855694260048974	36.196761858923395
-11.339912394958649	-5.6087682145132005	36.119297257959374
-11.195609210157803	-5.367767968994741	36.03363947389706
-11.048889871962553	-5.132688338822895	35.939787415833734
-12.55244584797292	-8.723618218713389	36.590157919519825
-12.45437806060202	-8.4334409360674	36.61429970918461
-12.351688813966744	-8.145791015712726	36.627313434106476
-12.244378057330024	-7.860664345700434	36.62920302742492
-12.133584556516716	-7.580550285583016	36.62139653802736
-12.017789828080073	-7.302119233476686	36.60199752116385
-11.8981313090901	-7.027823561377197	36.57245763224727
-11.774608937867916	-6.7576582705643	36.53277890797145
-11.654988185414751	-6.504272535942693	36.49438930826745
-11.524658168934492	-6.243202387242762	36.43601774622993
-11.391271884316609	-5.987497721900539	36.36873576454588
-11.254829267146443	-5.737153319476725	36.29254353546543
-11.116596623385457	-5.49352196755137	36.20954361009878
-10.974885397342284	-5.254787975647337	36.11693156674644
-10.830960412096871	-5.022263617330548	36.016804303999926
-10.684821607704315	-4.795944034409626	35.90916034123672
-10.594678208781279	-4.629250365470217	35.895598551537226
-10.444783346653255	-4.411985910778171	35.77567026078592
-10.29340983140737	-4.20143353854543	35.649498669913996
-10.140557611201325	-3.9975890472506115	35.5170810932278
-9.987409366630425	-3.800738949673157	35.380559574895386
-9.832388079386508	-3.6104922451980457	35.237071002377974
-9.676675338153478	-3.4271060379975484	35.08873211889553
-9.520271103835546	-3.2505771595821757	34.935539369909755
-9.369853513023964	-3.080256051785682	34.790322004736296
-9.212625056291976	-2.9169849891221444	34.62868307057773
-9.055413437890888	-2.7604472766995443	34.463457381880374
-8.898218632453553	-2.610640858655785	34.29464095170309
-8.741975300275422	-2.467058979154121	34.12397604558346
-8.585437179573816	-2.3303734180277003	33.949130257342006
-8.429538474570105	-2.200065495394674	33.77181360292747
-8.274279173224384	-2.076134235489632	33.592022046951534
-8.427002572444975	-1.9365143213984677	34.08566026164174
-8.265231407321489	-1.8068643388958474	33.89821752287564
-8.104402035615507	-1.6837275519430426	33.70881716929609
-7.9445144515566275	-1.5671034928821908	33.51745485009852
-7.786320015269656	-1.4560658734429488	33.32554685400659
-7.628816909687268	-1.3518494555201899	33.13119494688347
-7.472756484948091	-1.253528200479904	32.93578212652884
-7.31813874687214	-1.1611025800010586	32.739304430736716
-7.1685900250194425	-1.067988575080724	32.54932732118495
-7.017035108431348	-0.9865334266352849	32.35132453237184
-6.8673163132098125	-0.910300131460656	32.152966276780404
-6.719433654073024	-0.8392898823819402	31.954249121102496
-6.573819691477148	-0.7724313902224536	31.75603055539835
-6.429897717932087	-0.7111562648802604	31.557159753925454
-6.288100711102608	-0.6544049660969886	31.35846921202715
-6.148428691937447	-0.6021791916476521	31.159956096057353
-6.025366335469975	-0.5010279103392543	31.002742658664076
-5.888489249002049	-0.45660078492713385	30.803964763884448
-5.753960727906758	-0.4160668678621091	30.605771195200514
-5.621780797511802	-0.3794282118089469	30.408159654938864
-5.49212268116235	-0.3456859338676814	30.21157670712896
-5.364755475314674	-0.31617681483841165	30.015422050338046
-5.2398530256163625	-0.28991917230202624	29.82012619701307
-5.117415359391357	-0.2669152207071661	29.62568740247436
-4.997832391422195	-0.24114486303639104	29.434199698659356
-4.880236407699294	-0.22403890050724273	29.241593517668125
-4.765155259744821	-0.20960685306694593	29.0500274839352
-4.6525889754295084	-0.19785097947863536	28.859500325504687
-4.542522250320156	-0.187967459782306	28.670192520940162
-4.43497555493077	-0.18103328963382317	28.481860807579643
-4.32993423916365	-0.17626261920792796	28.29467716812863
-4.2273983303066345	-0.17365766002764177	28.108640720672565
-4.64526990578472	1.415342316501686	30.512529283127822
-4.495412051308722	1.4392387549858612	30.29365734818041
-4.348704032085846	1.4598836376116604	30.076535348251156
-4.205145891690199	1.477273432947292	29.861161276905953
-4.064695660482947	1.4926029774352587	29.64766388298642
-3.9274093980998783	1.50427104188166	29.43586740840002
-3.7932461475622476	1.5134446859072015	29.22588734567835
-3.6622059504893314	1.5201205365078845	29.017722352989907
-3.533366858071542	1.5312048199432002	28.811643092408282
-3.408355158993079	1.5335437436593375	28.60706415573843
-3.286378991505024	1.5340314513471602	28.404299611080905
-3.1674383942984323	1.5326648073182374	28.203348621711257
-3.051323839678565	1.5303002338295988	28.00414734926869
-2.9383147852114986	1.525788758852806	27.80677929173959
-2.8282025829064494	1.5199627483767966	27.611175495895548
-2.7209872679276614	1.5128193525408713	27.417335493672446
-2.60373999119121	1.5489464120324388	27.222969170645204
-2.50137664585458	1.539536519605046	27.032368508040744
-2.401759142305303	1.5292595682078982	26.843471336047983
-2.3048875123461445	1.5181129804088915	26.656277444765646
-2.210466350085472	1.5066729287785692	26.47065303231988
-2.1188896010964693	1.4941654249456953	26.286776168211503
-2.0298625741007914	1.4811471301708252	26.10451212133135
-1.9433852971968524	1.4676157672384733	25.923860851262468
-1.8574582484984354	1.4568028001892324	25.74394655497466
-1.7758452568865821	1.4425462828180826	25.56642561190718
-1.696574839346571	1.428061880986323	25.39042448141928
-1.6196470204853912	1.4133476004383492	25.21594322675773
-1.544742900488198	1.3987642298317544	25.042843940662785
-1.4722877337690785	1.3838262876653191	24.871310702043566
-1.4019631698249828	1.3688795764226938	24.701206380747962
-1.3337692300354762	1.353922363412472	24.532531096272184
-1.1319710988541232	1.5955244649202358	24.330769136108003
-1.0648382685729116	1.5812647680864016	24.164846559084086
-0.9996834957802996	1.5672534539749572	24.000312690552228
-0.936506799686372	1.5534889657185238	23.837167696272765
-0.8749800887379369	1.5401889964369202	23.675282590188836
-0.8155408607722444	1.5270598496858756	23.51482974452244
-0.7578614504211192	1.514307599171179	23.355681525859016
-0.7019418740954865	1.5019309148813509	23.197838100366837
-0.6457957306851498	1.491152948049372	23.04055711252034
-0.5932023273970405	1.479649729472514	22.88525612424493
-0.5421599271358755	1.4686176748064632	22.731185358614294
-0.4926685438391453	1.4580556544973882	22.57834497004878
-0.4444339499901715	1.4480817123094933	22.426634854827736
-0.3978484796244035	1.4385359701287885	22.276188831392435
-0.3526182132840536	1.4295280759165214	22.126907973142075
-0.30874316274774094	1.4210570750830438	21.978792416896876
-0.25228684448264316	1.4210730099424316	21.82710907880214
-0.21108015650389675	1.4139193748374579	21.681340373914363
-0.1710380484248164	1.4073525071536785	21.536679808279743
-0.13216053007680428	1.4013716101122384	21.3931274983465
-0.09419480969063265	1.3960358375043942	21.25060846803701
-0.0574779645146339	1.3912645706157922	21.10922294170176
-0.021757419158213942	1.3871110685525263	20.968896804414772
0.012966818172507562	1.3835746662556103	20.82963015403957
0.048168191042007535	1.3810214510228378	20.6910015651581
0.08103235569712208	1.378767266293841	20.55381756181478
0.1130559975286407	1.3771513889095974	20.41765070080559
0.14423910974487636	1.3761732684427384	20.282501063450205
0.17479418521314516	1.375862339711174	20.148312775537818
0.20443788529421766	1.376178155527661	20.015160514127743
0.23338255419857123	1.3771461032276453	19.882989000689214
0.26162818634669904	1.3787657306240226	19.751798303047796
1.4227749326626542	2.9514164319397382	19.63118894885215
1.460781894506018	2.9743800283968413	19.511459864775478
1.4984509699251438	2.9985261672081562	19.392891156463282
1.5357821550470272	3.023854534488861	19.27548295922229
1.5729950968336628	3.0504195587445944	19.15923200516574
1.6097969244034669	3.0781479987557048	19.044142973980062
1.6464072018729607	3.107092031955237	18.93021369330307
1.682825926268931	3.1372514173812522	18.817444308148744
1.7203450415831467	3.169051425092954	18.70588956077673
1.7564989401990452	3.2017050908221174	18.595457419045253
1.7925980564435073	3.2356116995166477	18.48619395277406
1.8286423880866125	3.270771070454276	18.37809932356028
1.8648218727220567	3.3072512209811005	18.271198761898987
1.9008832555320228	3.344961080970519	18.165459022421615
1.9370164270402663	3.3839673895636695	18.06090669114055
1.9732213856059047	3.4242700137763853	17.957541953170054
2.0185307609021157	3.470316899840274	17.85688953889272
2.0548901988290122	3.5134688387642825	17.75601659386392
2.0914480130170716	3.5579660947640366	17.656361116020975
2.1282042023163954	3.6038085746468402	17.557923321803486
2.1653267532247775	3.65108523883932	17.46076043232058
2.202591681344348	3.6996772788672923	17.364796688244027
2.2401669489272305	3.7496729948263825	17.270091155857376
2.2780525551382005	3.801072319026434	17.17664408994541
2.3172700291794515	3.8545298368840104	17.084904860560865
2.3558762459139	3.908822993530639	16.994034546875213
2.3949006925573566	3.9645858946999333	16.904475781459407
2.4343433684644356	4.021818488087051	16.816228865521623
2.474359734229648	4.080632739249811	16.729389054693783
2.5147425076244825	4.140879244412048	16.643830088376642
2.5556471343633635	4.202669556943208	16.559649799394734
2.597073613856237	4.266003629022794	16.476848543934068
2.70555673002951	4.385644496540544	16.429120465025587
2.747857514645727	4.453705303939305	16.35003009647285
2.7908256916161847	4.523383948840767	16.272420874422153
2.8344612603747183	4.5946803853605305	16.196293232093325
2.8789064159400577	4.667731049265824	16.121796174859366
2.9239715634168117	4.7423539016284195	16.048732101282773
2.9697988813250444	4.8186849086164285	15.977253715484537
3.0163883688008224	4.8967240002129815	15.907361526930384
3.0646425181677848	4.977399862783193	15.840128721769782
3.112851724916467	5.058965290816463	15.7735388815862
3.1619180157967812	5.142333919844158	15.708660192602887
3.211841389469377	5.2275056413195635	15.64549325179369
3.262764025376174	5.314629687832044	15.584250277418123
3.3144963472777196	5.403506786765837	15.524649785177807
3.3671804960222436	5.494285079387933	15.466909066963785
3.420816469585624	5.586964401654897	15.411028818984434
3.4825196199631674	5.689396212439624	15.367470680449667
3.5381737215739997	5.786089237096323	15.315579591975768
3.5948769456071954	5.884780581970546	15.26572690952328
3.6526292890938006	5.985470006445561	15.217913442016686
3.7115732447721927	6.088304376497835	15.172433008926767
3.7715188144317096	6.193087231157119	15.128895839298314
3.8326084082558824	6.299963116310785	15.087602582733727
3.8948420220384756	6.4089316910675365	15.048554171905764
3.9591216253434087	6.52090266719269	15.013803889628313
4.023738306307841	6.6341525218410045	14.979484181218446
4.089593649382762	6.74958176903592	14.947647724355592
4.156687648766741	6.867189938604766	14.918295586781253
4.225160191988907	6.987095070499575	14.891822918368568
4.294824747219653	7.1091385523956525	14.867705462531044
4.365821044816451	7.233434024810406	14.846347303154305
4.438149076960482	7.359980854073076	14.827749652237289
5.017281660223719	7.9842601317291555	15.64787229762025
5.092177255613741	8.120162274856703	15.64532378884983
5.168608883570989	8.258069207958133	15.646101812857761
5.246576532185035	8.397979965761587	15.650207726884181
5.326146069660393	8.539874382452362	15.658172172791014
5.407229641210119	8.683776872777507	15.669290885285601
5.489892799688499	8.829658475000286	15.684105544948537
5.5741355297750195	8.977517947481003	15.702617614890986
5.660282310885208	9.126868799323695	15.72832844509767
5.747702271723793	9.278583002296024	15.754609756596407
5.836735786792175	9.432194405073318	15.784992978309141
5.92738283681329	9.587701445359857	15.819479655329165
6.019674361326576	9.744906730997577	15.858704943881488
6.113569059000209	9.904069511759998	15.901825617765983
6.209097369104265	10.06497848161728	15.949489067497348
6.306259267839883	10.227631711808009	16.001696882664106
6.40514027912406	10.381295201595588	16.086204312330786
6.50530558437185	10.546809709446496	16.147604144817016
6.607100506956962	10.713825399623186	16.214001316717585
6.710525018218792	10.88233994934798	16.285397395756966
6.815538253539934	11.051885216152625	16.362493104007584
6.922194627838756	11.223079616548723	16.444357739390817
7.030452546312185	11.395434754662315	16.531703838573737
7.140311974922585	11.568947871937924	16.624532877058343
7.251156629039065	11.739847175624885	16.72704101629212
7.364091231346193	11.915168833310497	16.83121234815368
7.478563632565683	12.09118723258042	16.941346956104045
7.59457379318971	12.267899171551784	17.057446118317944
7.711960874840893	12.444455551424522	17.18018699066488
7.830939232144775	12.621980679569477	17.30866942951171
7.951347041825436	12.799598227459189	17.443579123000163
8.073184259105824	12.977304566170229	17.584917023918987
8.120317072241875	12.915220286115593	17.868917521894772
8.240780791151044	13.08830839125888	18.015140030389862
8.362513041950592	13.260809998587822	18.167929846127617
8.48551377869002	13.432721384077507	18.32728747970693
8.609459033662745	13.602809004908327	18.49367969370165
8.734780654012646	13.772708686322078	18.66648486608371
8.861153558822378	13.941156241331598	18.846171163843707
8.988577699205576	14.10814770797687	19.032738517786232
9.114313213684275	14.264872324497896	19.227821103759478
9.24342961573548	14.427899051298583	19.428079505624247
9.37331232356111	14.588450953464113	19.635398964379156
9.503961287573464	14.74652401219502	19.849778690416972
9.634832328717312	14.900416766164442	20.071254321417157
9.766650904890579	15.052388577187193	20.29977580619445
9.898871691309116	15.200706676962083	20.53536880871634
10.03149464065726	15.345367230825314	20.778031698422858
10.133251201178187	15.40858855803888	21.01373150348368
10.265114804243748	15.5447037019902	21.267288531381826
10.396963249218054	15.675945487766445	21.527641266130193
10.528796495292575	15.80231060807024	21.79478725592214
10.659824869481003	15.92178913972437	22.068037363110907
10.791101182102723	16.037053929795604	22.348303982908188
10.921834906197018	16.146072101757163	22.634874797430484
11.052026011439214	16.2488411979677	22.927746500725167
11.175901933042168	16.332842066226238	23.219686287589283
11.304262840846581	16.421878266230067	23.523920235480443
11.431479203184153	16.503287473610882	23.83363577769335
11.557551004927898	16.577068462413216	24.148828923757712
11.681457708048518	16.641228704260968	24.46780263010135
11.804560010618156	16.69842333948051	24.792809911970885
11.925837221788813	16.746656493472734	25.122120307195857
12.045289346029355	16.785928528413532	25.45572943265912
10.77851409731679	15.017061602970806	23.455228197446242
10.884123809429639	15.099028941249586	23.705638366728095
10.989009486038942	15.174937170072123	23.96039234253257
11.09317111506296	15.244785310282374	24.219487531852693
11.19577960441881	15.307160649297664	24.481687303559923
11.29794039203073	15.363945330001659	24.7486341693506
11.398824228516638	15.413722854160099	25.019069648790776
11.498431114080619	15.456493238312811	25.292990864036444
11.591237631178826	15.484423187066094	25.56043128575836
11.687660410410338	15.512566127570329	25.839928617281736
11.782227640619963	15.532870321458645	26.12181093607842
11.874939336077926	15.545336925251133	26.406075349719913
11.964892217158608	15.548934091784284	26.690748107314707
12.053290702541643	15.545041332789335	26.97845432366643
12.139232005170589	15.532640931716303	27.26719857824638
12.222716154180958	15.51173524983151	27.55697829014796
12.262666163349353	15.448985737870553	27.748152747759885
12.340862628889287	15.413722296835589	28.036624326900355
12.416077929697137	15.36962501567057	28.324705164563966
12.488312107169332	15.316697249319112	28.61239332277761
12.556717816039628	15.254685939254195	28.897217937161304
12.622424956506324	15.183937128868608	29.182469733105904
12.684587277383734	15.104228196113628	29.465666671293082
12.743204831124933	15.015563392010394	29.746807795034492
12.793580753600647	14.919345235370576	30.00986335087808
12.844732913622353	14.813405897849247	30.28516019896166
12.891842849274617	14.698737377839173	30.55669780192364
12.934910619376591	14.575344442295807	30.824476432916637
12.973306660266479	14.444049567190222	31.08595162515238
13.007870528956603	14.303767366563484	31.34451776453058
13.037974056831029	14.155358525271414	31.597638553605414
13.063617303274196	13.998827856082993	31.845315630564482
12.930794243478221	14.075924856221985	31.358984706005266
12.957232919002973	13.928366870139659	31.602087406554034
12.97924711241047	13.773303836106157	31.839346663378972
12.996836877720689	13.610740132131395	32.070764493893485
13.009634550956473	13.442182713814196	32.29421171686127
13.01813047117471	13.265632066428976	32.51253292988906
13.021958165797253	13.082627398834349	32.72362014238554
13.02111768097945	12.89317245165695	32.92747651470645
13.014696693301888	12.7090549063994	33.11293663888934
13.004676808378115	12.508284190096841	33.3015390383884
12.989881675582385	12.302373434929915	33.481794806727294
12.970311328165938	12.091325335721054	33.653707945007376
12.946021314926869	11.877395416501557	33.816009150575184
12.916937634880595	11.657581505176593	33.97040059347707
12.883116441543718	11.434154908035906	34.11564702733015
12.844557751534614	11.207116971903714	34.251752884284095
12.813648947023989	11.082467702982369	34.334101733197976
12.768067275145034	10.850696727341157	34.45542277297079
12.717894236952807	10.616767399627538	34.56720512373723
12.66312983318632	10.380679779734423	34.66945320308356
12.60423826985432	10.14488815598546	34.76196130018995
12.540600592638418	9.906119092529732	34.845013676078096
12.472680835451811	9.66682134605579	34.918438119853796
12.40047898186231	9.42699358482886	34.9822385726131
12.328123377481461	9.201361961352905	35.03820758408442
12.248006651522564	8.96188297580148	35.08344461836538
12.164029320840582	8.723395995742992	35.11931381488809
12.076191354924957	8.485898548471658	35.14581826423298
11.985285023903248	8.251484740019356	35.16377131991296
11.890253887322029	8.017355922504423	35.17209481882488
11.7918893817078	7.785582866293824	35.171622172885925
11.690191466674344	7.5561622983155265	35.162355354451925
12.505766155701506	10.42747857909714	34.4724450125481
12.45165282595814	10.198478258694923	34.564012213092205
12.39325141531887	9.968458688920535	34.64641936225098
12.330561914657853	9.737419130176788	34.719670355379
12.264157821469746	9.50760452646761	34.78388675513855
12.19327443859932	9.276018877472627	34.83891505355765
12.118484888014168	9.044896149238225	34.88490523614499
12.039789146197515	8.814234435864199	34.921860517149575
11.96177022288855	8.59708792365068	34.953227659929915
11.875916860795185	8.368529198809458	34.972905095161245
11.786628552995198	8.141767024911905	34.983963643237146
11.693905265293614	7.9167986306507805	34.98640557388097
11.598578155279814	7.695399193433914	34.98121335527719
11.499538926943153	7.4751948490393625	34.96708142240704
11.397617855911024	7.257936276145845	34.94500578149533
11.29281490165079	7.043620189815174	34.91498760327279
11.22698489337605	6.907827683364544	34.9298878213352
11.117807887085558	6.697970990270007	34.88721380531689
11.006269378941237	6.491920132478722	34.837338941094885
10.892369326379896	6.289671660487866	34.78026341349568
10.777039067337428	6.0922996333965145	34.717429640136174
10.659036719568531	5.898364003259362	34.646913972827626
10.539292632317114	5.708911780611393	34.57015601324886
10.417806765018842	5.5239396779457	34.48715494566041
10.30035717454933	5.348109112072491	34.40759250248853
10.175976345097117	5.172251327555484	34.31322550962481
10.05046031762772	5.0013022500359225	34.213607251206746
9.923809056724451	4.835259009193908	34.10873611495486
9.79690100813657	4.674453352129554	34.000128012796466
9.668564834019408	4.5184367214757355	33.88575746602304
9.539678220236258	4.367520336220251	33.767125011472544
9.410241138717142	4.221701921452098	33.644228477118425
9.567921350397311	4.297532305246292	34.02696970063705
9.435981977791638	4.14537985057475	33.90090593973088
9.303680020521108	3.9985664803380008	33.770925019881375
9.171015452822369	3.857090106563672	33.63702447733288
9.03879667536068	3.720835723492738	33.50064443112101
8.905945767850723	3.5899523985397725	33.359858748578255
8.77327061814158	3.464311451533913	33.21608674994266
8.640771209460222	3.34391152311683	33.069325739879105
8.51285256252479	3.226714834329413	32.9279824908145
8.381040442710544	3.1163728557268193	32.77603692474245
8.249873714807748	3.011036091029515	32.621925518062284
8.119352370628754	2.9107038766757407	32.46564555767588
7.990074300112887	2.8148605276105587	32.30830571435833
7.861242304052236	2.7241926009545043	32.148421542516346
7.733454162064715	2.6381817292156486	31.987080581674572
7.606709873630472	2.556827870263014	31.82428027300429
7.504651792102386	2.45298383815912	31.712680590690102
7.379079940121218	2.3794402814801767	31.546865787279916
7.25488109710454	2.310192190718874	31.380168015011872
7.1320552688156456	2.245240032957135	31.212584930038112
7.010987152035847	2.183898289705062	31.04488300639418
6.891163835492939	2.1270824257356407	30.876035084258078
6.772970207284148	2.0741124065618726	30.706790250790057
6.656406278187914	2.0249891057146594	30.537146492814184
6.543214718305211	1.9751912103359466	30.371182216884115
6.4299680459668345	1.9332439865810558	30.20106237811275
6.3185422093433825	1.894691885567707	30.030929251523688
6.20893722283358	1.8595360742299911	29.86078117080333
6.101345618833401	1.8270964096000246	29.69108756120186
5.995510723143215	1.7982826391424398	29.52121892576592
5.891625434813192	1.7724248027914307	29.351632808602925
5.789689770587645	1.749524257577716	29.182327884132572
6.561228055072471	1.2047307702784966	31.470852440732745
6.428328697510883	1.146993511962123	31.280882329347612
6.297363853001928	1.0934520129950904	31.090959875959207
6.168333539033453	1.0441076906675197	30.90108265193137
6.041517329931525	0.9980478117864795	30.711841089959503
5.9165425038674995	0.9564929149827717	30.522442694007445
5.793689088427117	0.9185428851914024	30.333460501270366
5.6729571046581135	0.8841994282109096	30.144892568752788
5.555377661860931	0.8478045012295352	29.959684952776552
5.438862675332565	0.8200784350366211	29.77214534896984
5.324586541885071	0.7954059852976529	29.5852883656475
5.2125492845635355	0.7737890196848783	29.399112505096703
5.102829904942044	0.7544390051347287	29.21391458561719
4.995323122028641	0.7384117311285032	29.029295695846777
4.890108491044889	0.7249339176567773	28.8455423501573
4.7871860357321	0.7140074888170639	28.66265344263059
4.686767470070775	0.6657750695458589	28.494826780796842
4.587459614300489	0.6594268874187208	28.313248800531916
4.49046934368096	0.6551913261592102	28.132666705637437
4.395796682057319	0.6530703182785188	27.95307970462804
4.303383134725929	0.6524454259156727	27.774606527634962
4.213306749533431	0.6541456829014589	27.59708725544089
4.125509586954161	0.657567878966967	27.42063545326172
4.039991669925315	0.6627138730405281	27.24525059486902
3.9560661775716857	0.6660018524592433	27.071399299585835
3.8749761850364797	0.6742510026743468	26.898155974700547
3.796097940352367	0.6838916324914415	26.72601815606912
3.719431465150703	0.6949254950079938	26.55498552148275
3.6448389146285742	0.7069132326074872	26.38508268475075
3.572504131014255	0.7204446393972342	26.21627621195426
3.5022897651239764	0.7350939211925258	26.04858883683345
3.434195837019509	0.7508627038849888	25.88202038919211
3.3066018497457184	0.5220307348559041	25.755136548586556
3.238102999961369	0.5397334762600491	25.58842592574967
3.171726594722982	0.5583018364509265	25.42287599724349
3.1074726538217474	0.5777374193911647	25.258486701876674
3.0451472091531153	0.597731660885275	25.09522852648421
2.9850089294216247	0.6186995916098695	24.933140753018517
2.9268642950866983	0.6403449055600223	24.77219377516095
2.870713324032407	0.6626690521372501	24.612387612178264
2.8152837316258914	0.6839546438184092	24.453477277641085
2.762977296364172	0.7074757956404779	24.295916825828648
2.7125323176492984	0.7315302850174099	24.13947261760585
2.663948811530637	0.7561194126585001	23.98414472406352
2.6170287852807346	0.7810646063408138	23.82989209459222
2.5720362651861466	0.8066068786006875	23.676769658836047
2.528773620431214	0.8325775408965779	23.5247371151571
2.487240865338115	0.8589777539588929	23.37379456575502
2.4376919351357644	0.8753091439668967	23.221641430490035
2.3994700594006937	0.9024105911627099	23.07278286474522
2.36284918347292	0.929865148132305	22.92498856512984
2.327829320078216	0.9576738462266022	22.778258650536348
2.29422847957253	0.9857542668034505	22.63255455713677
2.2622893432771773	1.0142186081148372	22.487927988793547
2.2318302077138146	1.0429922639349827	22.34434140304518
2.2028510841575177	1.0720761480442078	22.201794926295058
2.1742770509247396	1.1010532260749297	22.060049793208087
2.1481582070145895	1.130718157086458	21.919557547710003
2.123406256131994	1.160672185596062	21.78008360766289
2.100021208243442	1.1909161193306483	21.641628101408894
2.077848618215041	1.2214364926650783	21.504161059365835
2.0570944351625635	1.2522530646693233	21.367722740534067
2.0376044378316815	1.2833584809073244	21.23228422713221
2.0193786350276186	1.314753454991993	21.097845646830272
1.2678172797301337	0.003889288166038618	20.930488439667393
1.2369013732901761	0.026188106903470842	20.791538566832962
1.2072784778654126	0.04831427488396667	20.6535727631231
1.1789486030405434	0.0702685688925432	20.516591155653558
1.1517026011155296	0.09205183144025053	20.380533897060495
1.1258193568995598	0.11366465805813475	20.245481065024162
1.1010899357510817	0.13511370126643563	20.11137377447694
1.0775143458962102	0.15639962774465913	19.978212133891788
1.0539068387977184	0.17754661147251127	19.845645713950905
1.0325386957464533	0.19850144521825552	19.71434185159553
1.012198769763769	0.2193129631529871	19.58394933803143
0.9928870678978349	0.23998173649041457	19.45446826479061
0.9744380055460962	0.2605419851076567	19.325851740306167
0.9570723777730297	0.2809493463390452	19.19816248810817
0.9406247566456307	0.3012423125344519	19.071354304004057
0.925095148209717	0.3214213736727786	18.945427265177628
0.9030066350693557	0.3418719473891798	18.818010444209957
0.8894035841536378	0.3616919494587016	18.69382771155061
0.8766134223603173	0.3814353471185239	18.570498405042407
0.8646361548239155	0.4011025564921849	18.44802258874733
0.8533473670791327	0.42074705262612966	18.3263629962086
0.8429129564513528	0.4402984570656389	18.205569457651027
0.8332086227436744	0.4598133615431452	18.085605189907437
0.8242343703730436	0.47929212402689214	17.966470247891813
0.8153161733477656	0.4990609528327603	17.847944543279972
0.8077514480589096	0.5184937316906527	17.73044706246427
0.800845031014561	0.5379342170971722	17.613757037993164
0.7945969260203686	0.5573827174783497	17.497874517781693
0.7889173688746576	0.5769043107561149	17.382769238700106
0.7839260536288627	0.5964129111272988	17.268481659159743
0.779533301011532	0.6159759137575485	17.154981884098806
0.7757391143203876	0.635593585908326	17.042269956626672
0.7334296931605642	0.6606493748473241	16.915395040275243
0.7318646027999152	0.6793684008725135	16.804284779418655
0.7307970158392219	0.6982119629168153	16.693942323853733
0.7302269348519149	0.7171802695420625	16.58436770829492
0.7301043846770696	0.7363417278987425	16.475536770659296
0.7304960046113432	0.755605594356741	16.367481807645607
0.7313518773211127	0.7750418550391363	16.260178934522465
0.7326720050775439	0.794650694010946	16.153628185717704
0.7342158848208289	0.8148624706286274	16.047687943372303
0.7364527983747308	0.8348583319575029	15.942628096531129
0.7391280530013282	0.8550769328491308	15.838306264129688
0.7422416507215022	0.8755184370843337	15.734722481653705
0.7457664224658536	0.8962584340610169	15.63185755172904
0.7497385982067548	0.9171965063836665	15.529737155528249
0.7541310546422979	0.938409494167713	15.42834238816667
0.7589437935934364	0.9598975449909877	15.327673287600078
0.7632357715982852	0.9851289575524742	15.226807249571607
0.7689837818556864	1.0071858986775857	15.127588832226596
0.7751374679188299	1.0295755972314593	15.029085589876502
0.7816968314299527	1.0522981863079681	14.931297564231327
0.788655455172087	1.0754372926880382	14.834211115170318
0.7960218991636838	1.0988817162242468	14.737844531179366
0.8037897837603118	1.122716111530436	14.642184524114054
0.8119591104818814	1.1469406017866433	14.547231141158253
0.8205488113020989	1.1721032005673147	14.45291286568863
0.8295336853168765	1.1971670053831218	14.359367274103333
0.83892150663476	1.2226816386866397	14.266521873273152
0.8487122766797035	1.2486472158812278	14.174376717536605
0.8589173390662435	1.275158178418892	14.082924901960945
0.8695215722387865	1.302088868874965	13.992175767160658
0.8805363527192664	1.3295346297721897	13.902122872714239
0.8919616818605024	1.3574955707487821	13.812766282029168
0.8315086267781258	1.549748978200519	13.658923022115768
0.8495578616554481	1.5760553958458217	13.571487848568946
0.8678273727751784	1.603140832816988	13.484761208622572
0.8863171604208325	1.6310053120913435	13.398743177753996
0.9051108305864402	1.6597292046060321	13.313437093157098
0.9240969094062429	1.6892054133754166	13.228838693917856
0.943359010988781	1.7195145356578871	13.144951970723394
0.962897135769104	1.7506566067116893	13.061777014798803
0.9832467350639953	1.7832272058940544	12.979364582629126
1.0033943259108644	1.816113118963112	12.89762273270823
1.0238742740153433	1.8498947146136206	12.816600090737193
1.0446865799392357	1.8845720383765672	12.73629676723881
1.0659167779135224	1.9202521786665603	12.656729452887294
1.087450823697329	1.9567924644278778	12.577876170033853
1.1093742657042482	1.9943003752465964	12.499754567782896
1.1316871045962527	2.0327759647718415	12.42236478001331
1.1588444348324265	2.0781888841925755	12.346625237141197
1.1820334333715115	2.118835515791956	12.270750348772983
1.2056736236487615	2.16053336342235	12.195626777597944
1.2297650064064534	2.2032824872410757	12.121254686818787
1.2543998066262911	2.247220426072788	12.047669472992567
1.2794550594420366	2.292163938755293	11.974824349091584
1.305023007715367	2.3382510546384707	11.902756126747326
1.331103652231558	2.38548183736441	11.831465003555929
1.358319897961079	2.434834004315993	11.761228904020582
1.3854984700369526	2.4844734091598966	11.69152851607865
1.4132549736689597	2.535359968445571	11.622639131823437
1.4415894096511634	2.587493746527304	11.554560990539418
1.4706054714579824	2.641045642408129	11.48735544294628
1.5001649029601203	2.695787939596177	11.420941286629054
1.5303714159717516	2.7518920371369773	11.355381945670079
1.5612250112528894	2.809357996625232	11.290677709464289
1.6403424010998566	2.9453055345970243	11.24828573543364
1.6733116449306276	3.0073476682434803	11.185869185483686
1.7070266506363176	3.07090965753779	11.124386738452356
1.7414874188703764	3.1359915554383138	11.06383876294003
1.7768146013472699	3.202805984350079	11.004329714643955
1.8128473305055723	3.2710695604814783	10.945721240554432
1.8497062715883101	3.3409952680196873	10.888120985651971
1.8873914250643347	3.41258314496243	10.83152939469153
1.9267376852485805	3.4873123438156837	10.776717738287788
1.9661758876538897	3.5624034726546654	10.722239008308783
2.00652750849934	3.6393120510348465	10.668860694600093
2.047792547969132	3.7180380938845854	10.616583333566222
2.090112030640008	3.798832551736442	10.565566412297152
2.133297923860648	3.8813608334169216	10.515598620827342
2.1774912523867958	3.9658738753010683	10.466844079860898
2.2226920159884247	4.052371658746621	10.419303435040094
2.2765568507815135	4.154426414476095	10.380986475447584
2.3240203098044603	4.2453288220091965	10.336109347883356
2.3725955655729605	4.338400558939338	10.292589202458707
2.4222826172480176	4.433641557270698	10.250426819128808
2.4732461408201254	4.531339388630827	10.209861072461342
2.525266565715305	4.6311104145494815	10.17057540785102
2.5785085399318426	4.733241402502779	10.13281541987837
2.632972061809992	4.837732217977764	10.096582043483304
2.6897898051257942	4.94653667242311	10.06360240167215
2.746831898505436	5.055977931398204	10.030631201422565
2.8052137452969195	5.167979572176047	9.999390727866865
2.864935342716375	5.282541369139899	9.969882099086988
2.926185905138548	5.399977534637	9.94245443246644
2.9887131390663293	5.519868497738445	9.916645019642717
3.05270617815694	5.642526191205262	9.892812573361931
3.1181650181154597	5.767950266958763	9.870958425224929
4.0281569108168	7.307938250410368	10.882951511148569
4.11101467414466	7.463522770116069	10.885538662466647
4.1957224555030495	7.622272225704351	10.89133114116463
4.28228024171486	7.784185549246152	10.90033103995419
4.370885453376306	7.949468378002759	10.913237584132325
4.461274828701557	8.117843747178277	10.92912360654034
4.553645432038101	8.289507328511075	10.948705897793644
4.647997245648137	8.464457684453823	10.971986854433307
4.745557091743065	8.64374775189243	11.003806940174409
4.843996961924973	8.825354153706662	11.035038571730002
4.9445461319394575	9.010322009636429	11.070536102602421
5.047204578300285	9.198649416257025	11.110302240528938
5.152152917749941	9.390379091288736	11.155269109007232
5.259150267536723	9.58544918039641	11.204200447866508
5.368376619355842	9.783884955914393	11.258050716785625
5.479831942586035	9.985683936164879	11.316822923949072
5.601431193827614	10.192374626554633	11.423559867062135
5.717294602018105	10.400553455800997	11.492827218242935
5.835487718225187	10.611986464359864	11.567749678113358
5.956010503207144	10.826670471914689	11.64833049931801
6.078981460978515	11.04432902793618	11.73574712144017
6.204242486412404	11.265322647004545	11.82843737473478
6.331911054930108	11.489346233562449	11.92760474033769
6.461987116957516	11.716395769912062	12.03325264491906
6.594855027061291	11.943647669702674	12.153032147251452
6.729722605283136	12.176307225018489	12.272435087490766
6.867038252019871	12.41159980413146	12.399208196524524
7.006801905805733	12.64952042559357	12.533354932190022
7.149000455298264	12.889249810206554	12.676244954312711
7.293651228200083	13.13186784233954	12.826060007385742
7.440739530955214	13.376511297718203	12.984195897284058
7.590265288830455	13.623174119644666	13.15065590592086
7.712989140334988	13.650386465612137	13.653146808073108
7.862510137444591	13.893412337719784	13.829593000048948
8.014336198710438	14.137491991393524	14.014962255038176
8.16846724147585	14.382618727782905	14.209257202725041
8.324650327303907	14.627246774327384	14.413760430361755
8.483222504408143	14.873420706227646	14.626767355013966
8.643928761240794	15.119537393350363	14.849577619794882
8.806769002804472	15.365589136701587	15.082193066092698
8.969089370803495	15.599645780263788	15.331298550377957
9.135732776709931	15.844026658519697	15.583934724010524
9.304234672931269	16.08690930789305	15.84713435175722
9.474594954549593	16.32828522538744	16.120898074310777
9.646212115608538	16.56560518155612	16.40608838074412
9.819887914087337	16.80224789095863	16.70155546789636
9.995018313467002	17.0355945262123	17.00815958490849
10.171603203201514	17.265636128195464	17.325899727574928
10.311126672197423	17.371606230022525	17.668556102069754
10.488083560120643	17.591989464641237	18.003995818541046
10.665969040321578	17.807039191776177	18.350675797699946
10.844783006051717	18.016746760072067	18.708593122228574
11.02346413590055	18.21761819756284	19.077538884518177
11.203427284539274	18.41429263891866	19.45778294128997
11.383608733192817	18.60321092057328	19.849083423713424
11.564008386813157	18.784365339428565	20.251435152307625
11.73622444773351	18.93460933079337	20.65826944538606
11.915878100468257	19.097739258791407	21.081138013378496
12.094875993746639	19.25049225756603	21.51427825445859
12.273218057158562	19.39286262078222	21.957682767077255
12.44932444736623	19.520832342341336	22.40927646991528
12.625301488682526	19.639747946660734	22.871807196422168
12.799568076697149	19.745558539080672	23.3431330873217
12.972124179698907	19.838261549590698	23.823244893292465
11.165425264034393	16.812166693068473	21.368944873672692
11.30649379071371	16.951480035812313	21.699421754297664
11.447329931148369	17.08301558223206	22.037374260651436
11.587933641093516	17.206769746535223	22.382798134037937
11.727104936362073	17.320173777761262	22.734298454722914
11.86644370953601	17.426645680304173	23.093724224773585
12.004749151777604	17.52359501087447	23.459642080472978
12.142021240073086	17.6110199043384	23.832046699178115
12.269873135349615	17.67372258467378	24.197955173009582
12.40405552721795	17.74073809667161	24.581284859341995
12.536328190618052	17.796579346550793	24.969639381994885
12.666691130259927	17.841246716030405	25.363012827509923
12.793715739677166	17.87251640979043	25.758555843960924
12.919306865557473	17.893356573274655	26.16005369144526
13.042036352714783	17.901557164715626	26.564610289407554
13.161904238463924	17.897121208266352	26.972219805921856
13.21186424403152	17.802980351244436	27.23215256977621
13.324845240145075	17.7772108399937	27.639134478753515
13.434115010648883	17.73794943239211	28.04693493870921
13.539673622328804	17.685201541051363	28.45554907959779
13.640078366650256	17.61798430256863	28.860949375904934
13.73725303679063	17.53762293516337	29.268495829876326
13.829756812717624	17.44318754509184	29.674129810357805
13.917589790769464	17.334685940015152	30.07784823922109
13.992443794382044	17.211443024404968	30.452519538656745
14.070206298939565	17.07565021999683	30.849320564573304
14.142421888597498	16.925866424135798	31.241298132362857
14.209090679971814	16.76210108787848	31.62845174104317
14.269057304114405	16.585389902544332	32.00631532240494
14.323862533732495	16.39437470169456	32.38084499545283
14.372353831775275	16.190168968089772	32.74758422030546
14.414531322052875	15.972782735832057	33.10653560651938
14.173088797674877	16.049667407829	32.25099629040388
14.216969947692045	15.852826093080592	32.60069609567642
14.254688657362694	15.643910773747809	32.942173746807086
14.286245037477222	15.42293042875821	33.27543251361297
14.310906772452404	15.192213064800242	33.596720521669
14.329650533206449	14.94867494541684	33.911050205833085
14.341746483224552	14.694711306430916	34.21470775320087
14.34719472037576	14.43033007956794	34.507699142779984
14.343760708715955	14.174845730614056	34.77030688410081
14.33610668298801	13.892360735473087	35.0405581409826
14.321552298699835	13.601639258672757	35.29818443210728
14.30009762769318	13.302687122575595	35.543193803818355
14.271736400090754	12.999368020987387	35.773389885715495
14.236477114392606	12.686541600062672	35.991721038006325
14.194314806638449	12.36810560100462	36.19606048380723
14.145249512735075	12.044062933853274	36.386417369625754
14.105971609640333	11.893621341475605	36.48748817939519
14.047293917961513	11.562831009008738	36.65632898008498
13.981906359231418	11.228900234948783	36.81058683024815
13.90980893525713	10.891829165749193	36.950270869346355
13.831713420122314	10.55586433344783	37.07521081577042
13.74667075371768	10.215341426271463	37.18565425992473
13.655392336184836	9.874494925620162	37.281499730759194
13.557878131919622	9.533321945980685	37.3627552289924
13.460708810663252	9.21686011669073	37.43408784255516
13.351790453686428	8.877348437130028	37.48756187477544
13.237305743838533	8.540086392614366	37.527078284951955
13.117254616279263	8.20506872820843	37.552643037215965
12.992916508286296	7.875741501869801	37.565985480729
12.862585334696067	7.547496289922494	37.56481159869044
12.727538784596884	7.223730297317283	37.550887580628554
12.587776774792854	6.904436781503633	37.52421676342144
13.717413079985253	11.262421801984225	36.410781516327106
13.652909389582264	10.944749657557802	36.547410639435164
13.58218869088292	10.625211003915647	36.67044194249859
13.505250973158308	10.303804971541162	36.77988332465581
13.422897715765771	9.984321932961128	36.87591724146479
13.334060227551731	9.661703842990107	36.958317864080776
13.239539388130936	9.339723145535158	37.02732557589511
13.139335155828359	9.018376463073999	37.08294693179722
13.040220320635491	8.719536328015366	37.13122238011804
12.929669595653197	8.401401167328748	37.16147832045578
12.814128492625054	8.086134472734829	37.179097356260634
12.693596947293008	7.773731036486066	37.184084043597075
12.569335462906272	7.467110418845621	37.17821039236522
12.439663206144536	7.1623667175794985	37.15912240349743
12.305839011240344	6.862373087408504	37.12861866234487
12.167862801384643	6.567123303398606	37.086701352163175
12.089113189448014	6.3980993978865826	37.12523789053407
11.94510840347138	6.109363779838106	37.0658724934309
11.797724032533905	5.826721198129911	36.99638851283629
11.6469599968983	5.550165190511445	36.91678606813715
11.494244134672238	5.2812926576970876	36.829596124056444
11.337672479270033	5.017959612845096	36.73144254356025
11.17867103912247	4.761712995841999	36.62484836347076
11.017239740622882	4.512546841289071	36.50981161837864
10.862139996395065	4.276631620373661	36.40289463634841
10.696724342084087	4.041656910830748	36.27282155978562
10.529798757472358	3.8143006895477614	36.135992736105806
10.361363181502183	3.5945580081483857	35.99240463306654
10.192732178066352	3.3826749991179104	35.844564526765275
10.022152866001033	3.178313006235172	35.689120234780376
9.85093853919396	2.9816840327251404	35.528546392205556
9.679089153050128	2.7927844644178426	35.362838475957574
9.927335462260354	2.9018889942894974	36.017308988578506
9.751469630892313	2.6998634653784284	35.84677599157033
9.575164350912734	2.5059705130631023	35.671582140278446
9.39841958155097	2.320206833115805	35.491722358209216
9.222435487141725	2.1420804274682705	35.30949280021939
9.045611768932798	1.9722408392388968	35.12181977349202
8.869147827617821	1.8101759378996336	34.9309574101443
8.693043641093777	1.6558839321273613	34.736900348035086
8.523623510458743	1.504182126955726	34.55254783536561
8.348675835453827	1.3645577441428742	34.3532388455841
8.174764816739579	1.232135925044664	34.151973137923584
8.001890448875978	1.1069162287787773	33.948745516109135
7.830880925215087	0.9878031398818115	33.74514106778125
7.660631987005208	0.8762572687313597	33.53903461084569
7.491971848985974	0.7711843088860793	33.33197161988601
7.32490051942976	0.6725849307744044	33.12394739931555
7.190664804581052	0.5251854297557568	32.990269182695634
7.025089383780666	0.43720455882211867	32.77971222827997
6.861546185829773	0.3549952612450422	32.56897135300726
6.700035229545525	0.2785590620469493	32.358042419602306
6.541030300857166	0.20662926925078917	32.14786690196652
6.3838997353989395	0.1408988744474429	31.937180489810416
6.229117844252267	0.080115947299225	31.726894679829538
6.0766846534074554	0.02428259417182648	31.517006094136953
5.928504263712606	-0.0346067387835447	31.312178582398406
5.7807699328650255	-0.08140618799049232	31.103397508586994
5.6355975244264185	-0.12404498795754826	30.89543123273636
5.492987068691311	-0.16252068348694737	30.688277107305755
5.3531126516929	-0.19797717757486577	30.482385478745787
5.215742231159302	-0.22888339545654185	30.27715028416908
5.081050632287654	-0.25636282799193477	30.07300347668673
4.949037887257895	-0.2804128671811647	29.869943073235124
5.962110174840334	-1.2823920416369852	33.29053621355018
5.782435555375973	-1.3549865361608382	33.050182393738226
5.605511364903138	-1.4218326819754488	32.8110844230583
5.431337644428682	-1.482927155710174	32.57323783805494
5.260263867144505	-1.5399282967421861	32.33729504107436
5.091824168136758	-1.5906169348003278	32.10237667870835
4.926369037065006	-1.6366232804076475	31.86910388635279
4.763898518907197	-1.6779436883590737	31.637473278708967
4.605412920413956	-1.7245655550805017	31.410339074656804
4.448795877562018	-1.7575229957650182	31.182122337935937
4.295284046854791	-1.7867576020131368	30.955774129290663
4.144877474158993	-1.81226565658996	30.73129199387237
3.99760122996086	-1.8353815292510163	30.50885146328662
3.8534219928702433	-1.8543174757212941	30.288213445345406
3.712365905765843	-1.870378427624523	30.069537031179788
3.5744330130634774	-1.8835607853129201	29.852820534461976
3.435300535321987	-1.9612373004385546	29.648157576367428
3.3020257572623795	-1.9693191381874953	29.434782300649502
3.171855390626517	-1.9752443269280597	29.223408955550834
3.0447894778095668	-1.9790094307747448	29.014036436613672
2.920646132946387	-1.981600414165083	28.806601550916135
2.7996679663374535	-1.9816948927038252	28.601186385727956
2.6816740578211795	-1.9802524163479482	28.397720819159012
2.566664446093135	-1.977269849043086	28.19620419978237
2.4530500629475234	-1.978352733164769	27.995990254371396
2.343760830452269	-1.9728135452445008	27.79827279531633
2.237295760775221	-1.9662495849838653	27.602421779911957
2.1336548886526976	-1.9586580372032714	27.408436877249798
2.0325497614879047	-1.9507076836712756	27.216170135267323
1.9343650603799958	-1.941500523348208	27.025818249132374
1.838813113655341	-1.9316840146548628	26.837231543028793
1.745893952040313	-1.9212556673946992	26.6504099013418
1.5315715456373653	-2.306402612207199	26.4724622612568
1.4370034302539239	-2.29465846540085	26.28815820686672
1.3450315340406604	-2.2827241234825717	26.10563770914132
1.2556558864606258	-2.270597198640846	25.92490082212811
1.1685114322789723	-2.258735125447732	25.74576253733319
1.0840849770700474	-2.246522702092545	25.5684697385068
1.0020121212521487	-2.2343994817088113	25.392838212518264
0.9222928902143517	-2.2223634066573714	25.218868095593557
0.8425985219983669	-2.2129704272604176	25.045469794618352
0.7673369807884011	-2.20134942784945	24.87472137385221
0.6941859224849858	-2.190034451089441	24.705522303799405
0.6231453688156185	-2.17902373609115	24.537872758592854
0.5538574105208993	-2.1685917351807156	24.371619507462448
0.48679930786495634	-2.158368628422627	24.206967276941885
0.42161363280401387	-2.148615750604441	24.043764281023712
0.35830040381586237	-2.1393316042070674	23.882010703043196
0.2794432972693466	-2.146688511006941	23.71469413978483
0.2196711001607681	-2.1386191602001277	23.555876375145182
0.16153804048709963	-2.13115043763659	23.398421383666633
0.10504413382889122	-2.1242810806019707	23.242329341633265
0.04986225880223705	-2.118167767843542	23.08748472280658
-0.0035713885246256706	-2.1125988207843944	22.934041961528592
-0.055583585956750614	-2.1077215564363865	22.781886879373577
-0.10617432040985537	-2.103534914393384	22.6310196364518
-0.15729324577543835	-2.100943827562686	22.48080293558314
-0.20522498243030945	-2.098235419194752	22.33245883524719
-0.25194076294803525	-2.096286037158009	22.18533868252141
-0.297440576423468	-2.095094797652704	22.039442618359054
-0.3420105166131009	-2.0947498527368094	21.894688533468308
-0.38526910133093517	-2.0951317339127358	21.75118622042609
-0.4275021850391214	-2.096322076184989	21.608854618710566
-0.46870975871060644	-2.0983201479626135	21.46769385085484
-1.809932978089713	-4.285861146174053	21.596650066377514
-1.8712681182483213	-4.304866659124185	21.472919161439677
-1.9316084975054135	-4.325394581750455	21.350750373582258
-1.9909541058851046	-4.347444105564429	21.230143967618716
-2.0496672322067937	-4.371077590605278	21.11106448176429
-2.107264803054846	-4.3962101350240665	20.99355980457379
-2.1641088898041243	-4.422898178287165	20.877596499025742
-2.2201994843624786	-4.451141064572175	20.763174818440078
-2.2776407099018714	-4.481378218339014	20.650231235045336
-2.3324119210273917	-4.5127961934728145	20.538911534702205
-2.386652446326975	-4.545797538183876	20.42913169571253
-2.440362279241751	-4.580381720913241	20.32089197181649
-2.493845505213754	-4.6165969166848875	20.214213514555755
-2.5466966627236567	-4.6543777361763405	20.10906872197737
-2.5992196938073775	-4.693768446627111	20.005480771996424
-2.6514145931066935	-4.734768613784008	19.903449930724747
-2.7174205717687414	-4.781441452158127	19.8045822722725
-2.7689054301542275	-4.825952614449174	19.70588009638022
-2.82026010485661	-4.872097060010365	19.60876938093545
-2.8714845915037275	-4.919874434503039	19.513250415524443
-2.9228329842773686	-4.9693339146933635	19.419397642047347
-2.9739664812977087	-5.020409150500513	19.327112507084372
-3.025139079452117	-5.073146659581706	19.23647184731081
-3.0763507750016315	-5.1275461389154	19.14747598699561
-3.129084922884261	-5.183985760334878	19.060728825458426
-3.1805084437977733	-5.241765957674064	18.97510586047057
-3.232128193227614	-5.301239191578556	18.891198339012625
-3.2839441678251817	-5.3624051906634715	18.809006630005975
-3.336172644921076	-5.425318351622604	18.728658748374183
-3.3885252470835043	-5.489905524921314	18.64998491137062
-3.4412181736974095	-5.556218963202053	18.573116228748923
-3.4942514215545293	-5.624258406453663	18.498053123444656
-3.637980257402779	-5.7346994533647795	18.469456461231236
-3.690625551162629	-5.807860625895576	18.399470472092656
-3.7438130226409685	-5.882747208055349	18.331410318485055
-3.797542668781835	-5.959358952175908	18.265276493687796
-3.8519860859143353	-6.037752135089519	18.201262270177136
-3.9069144714743156	-6.11785111653662	18.139111160193238
-3.962499344963602	-6.199710039573215	18.079020578535694
-4.018740702878689	-6.283328620260329	18.020991089926433
-4.0766508745879895	-6.36906551352395	17.966384248233503
-4.134298489375783	-6.456245271586762	17.912637878746125
-4.1927096401521124	-6.545214763953872	17.861109156706824
-4.251884322708534	-6.635973649554982	17.811798724540445
-4.311970930479622	-6.728561995967052	17.764966802518764
-4.372771594964728	-6.822925521667006	17.72026799675794
-4.434434600191702	-6.91910124581392	17.677967881921813
-4.496959940962677	-7.017088747150608	17.638067182836526
-4.56718785862485	-7.119077849594353	17.6130669372159
-4.6314173480626675	-7.220730150180549	17.578227379516484
-4.696603394178529	-7.324199638278802	17.545992891715073
-4.762745990492891	-7.429485788759374	17.516364282842048
-4.829967862118711	-7.536586461810275	17.48967682114429
-4.898105359161187	-7.645503180507889	17.465485439577357
-4.967281037298829	-7.756229084195443	17.444132067106295
-5.037494888417372	-7.868763515258383	17.425617596434932
-5.109428574110938	-7.982946572102822	17.412195710556496
-5.181773627949534	-8.099062876232463	17.39960808790408
-5.255228981239366	-8.216954785766326	17.390118188188943
-5.3297946238760465	-8.336621481801703	17.383726982038894
-5.405561495155748	-8.457979598036419	17.38084793110516
-5.48240831721431	-8.581138225401997	17.380932075043344
-5.560425767024576	-8.706006698935166	17.384400722630136
-5.639613832111033	-8.832584007567165	17.391254910965568
-6.089415105954181	-8.965800002446665	18.115038002051044
-6.161984942691991	-9.094399876245273	18.132498259773584
-6.23594919292708	-9.224171533869702	18.15352116798486
-6.311307843036264	-9.355113871238922	18.178107717559524
-6.388018890828642	-9.48701471999682	18.206696026308936
-6.466138305050964	-9.620154201641265	18.238704241009284
-6.5456237323119915	-9.754310389260613	18.274578151955662
-6.626475156054439	-9.889481940981693	18.314318734309857
-6.708272856073005	-10.023890303992234	18.360612769162582
-6.791785090764213	-10.160843762948268	18.4083397543411
-6.876619499192264	-10.298594389209478	18.460241536777776
-6.9627760617281025	-10.437140591953202	18.516319035389788
-7.050160053724152	-10.57607065962273	18.577021131127097
-7.13889772633841	-10.715929620678384	18.64175137910872
-7.228893860168739	-10.856292061135814	18.710965362723133
-7.320148432459694	-10.997156136796567	18.784663893946416
-7.406248222700794	-11.117672677006968	18.88026606059232
-7.49957931321272	-11.25877415576937	18.962548201893657
-7.594078061832068	-11.400005076602703	19.04958858744634
-7.689744443016973	-11.541363369485051	19.141387858771818
-7.786398406681393	-11.682185237955608	19.23833188954886
-7.884279957808986	-11.823350735610116	19.33990748966472
-7.983208417413817	-11.964178709241782	19.44650447664706
-8.083183757343578	-12.104666877267531	19.55812325311422
-8.182690233868309	-12.239982827261521	19.676604456743377
-8.28453336449336	-12.379200131343648	19.798343779325908
-8.387265600431691	-12.517516261533622	19.925313336285683
-8.490886911636826	-12.654928782736528	20.05751321495531
-8.595095926863232	-12.790481812112311	20.195151108757578
-8.700294403482125	-12.925444109524099	20.337949978923753
-8.80618025295776	-13.058840089330076	20.486116428945962
-8.912753444373697	-13.190667245929802	20.63965015349359
-8.900447704573647	-13.055533464111349	20.795012331735247
-9.004549114599223	-13.18218504835754	20.94940349375598
-9.109149010697983	-13.306735422143383	21.10901122506545
-9.214247364077139	-13.42918225197827	21.273834909325046
-9.319418207321169	-13.548379782583432	21.443784879726838
-9.425229431227805	-13.665850358492742	21.61897886943603
-9.531254409768977	-13.780430254204557	21.79932026360842
-9.637493116114854	-13.892117295314856	21.98480798230956
-9.74075099551863	-13.993348498490239	22.173481137477978
-9.846992657432704	-14.098431754404656	22.368814813923688
-9.953114903690665	-14.199774730967853	22.56907280078535
-10.059117711498757	-14.297375580876784	22.774253546600008
-10.1644213564445	-14.38992037115257	22.983790433258623
-10.269798756228726	-14.479157107519972	23.19843494927001
-10.374669714427794	-14.563759191445381	23.417606222683478
-10.479034214562436	-14.643725287378558	23.64130226012681
-10.552549052136039	-14.662541507541839	23.831781687893308
-10.654846669442154	-14.733192630295456	24.061643599360934
-10.756240021134259	-14.798395340109924	24.29543270289013
-10.856729098968076	-14.85814896883408	24.53314670544747
-10.955605161316798	-14.91119602452514	24.773630121733206
-11.053813186325602	-14.959212296697373	25.01841805167908
-11.15064434686077	-15.000938399263703	25.266335940579662
-11.24609864512073	-15.036374510394248	25.51738130113986
-11.335432067112487	-15.058602342889287	25.762430440808433
-11.427587419808098	-15.080925362041048	26.0184786559475
-11.517869310961387	-15.09622731953429	26.276649011979558
-11.606277754502514	-15.104509344328713	26.53693905056749
-11.692035112482849	-15.104872723926228	26.797569906579298
-11.776178278349516	-15.098519214319799	27.06090785788012
-11.857930071221551	-15.084563150668952	27.325155755425577
-11.93729051724785	-15.063006652191753	27.590311434189072
-10.93083846027023	-14.109581893846055	25.510291482754443
-11.009652932544562	-14.139556641256592	25.726757986918596
-11.087138581509368	-14.163859942282475	25.945179929604034
-11.163295413873817	-14.18249234066309	26.16555555627219
-11.23746951290842	-14.194741008257878	26.38656115670619
-11.310532790295097	-14.201558223043797	26.609957662400344
-11.3818315756054	-14.202238265539535	26.83440798436833
-11.451365883947254	-14.196782360156103	27.05991050130809
-11.515083482611935	-14.182023564118694	27.277019580144696
-11.580677895251496	-14.164194892341397	27.503465350514027
-11.644081470572598	-14.139916477353552	27.729939678117763
-11.705294231643006	-14.10919018866571	27.956441261724056
-11.763696961019539	-14.07177816948342	28.181291591627524
-11.820115341775178	-14.0280024098951	28.406726033449953
-11.873930772554793	-13.977642221312568	28.631057913576917
-11.925143283215101	-13.92070002345165	28.854286434476457
-11.947763818253812	-13.856461076433916	28.996973469042793
-11.99403171118317	-13.788814310008286	29.21647865196626
-12.037364665593627	-13.714684754261846	29.433799204130228
-12.07776271535253	-13.634075153949423	29.64893493073443
-12.11473838972078	-13.547380680999623	29.860118058258365
-12.148941730808767	-13.454081014218005	30.06970576402932
-12.179886087359213	-13.35459384660652	30.275931952630646
-12.20757149511581	-13.248922074986675	30.478797164603215
-12.229662433202257	-13.141511389902782	30.667690879849175
-12.250718021880083	-13.024248355409465	30.862821984846462
-12.268263761006475	-12.901322416533336	31.05348555234685
-12.282299684866322	-12.772736351868302	31.239682865912158
-12.292569736925593	-12.639563129894988	31.419885056407995
-12.299415402386744	-12.500378325082632	31.596134191396455
-12.302581382466993	-12.35627543440313	31.766914662366908
-12.302067706618296	-12.207256844768555	31.93222842891751
-12.246750159591574	-12.359606583039472	31.635169072090946
-12.247752712286522	-12.215144890541639	31.799844254000007
-12.245100384131666	-12.066216421957535	31.958822626234927
-12.238793200867194	-11.91282326338189	32.11210629850506
-12.22878279379974	-11.756380186807768	32.25856380675055
-12.215133707883743	-11.59500515436645	32.399709066356955
-12.197798091425105	-11.430126709150226	32.534429345077555
-12.176775961745065	-11.261746254946251	32.66272716184489
-12.152779150487184	-11.09969258761	32.77938565317194
-12.124641525071711	-10.925472315046777	32.89460801029536
-12.09288329223147	-10.74880963747395	33.002903890998184
-12.057504459416867	-10.569705158704304	33.104275983503506
-12.018753310686865	-10.389839642990909	33.19827682797646
-11.976298809273596	-10.206972771882997	33.285509276327815
-11.930389301518572	-10.022786528551794	33.3655470941275
-11.881024784462934	-9.837280673198956	33.4383928811844
-11.845892791647447	-9.727640328796173	33.49261147578178
-11.791309353685921	-9.540470202072692	33.55374879894918
-11.733486294916117	-9.35299059695751	33.60765214846689
-11.672423603667527	-9.165200567622872	33.6543238460938
-11.6086157803089	-8.97870176968162	33.69399305226667
-11.541403456653782	-8.791355877517399	33.72635923794846
-11.4712807673507	-8.60475413685351	33.75166801790618
-11.398247692628159	-8.418894945323263	33.76992120292869
-11.326047608541874	-8.242971346168634	33.78432704602217
-11.247698909881796	-8.059410540345242	33.78909231397225
-11.166826351127142	-7.8775277082630915	33.787167021963135
-11.083429906863152	-7.697320790201578	33.77855234917414
-10.998167854341334	-7.520019970115257	33.76402719601831
-10.910162428304314	-7.343979957290615	33.74255520769337
-10.820071270673068	-7.17041336499746	33.71492177568848
-10.72789435306884	-6.999317893300322	33.68112738893817
-11.55888607802298	-9.165636629288688	33.69024549939879
-11.497517162858058	-8.97853640680307	33.726970404902026
-11.433096401470692	-8.791974239184505	33.756722354506685
-11.365623776962412	-8.605948756908571	33.77950332600124
-11.295680783887262	-8.421911121890476	33.79575264794034
-11.222492050994868	-8.237922790132998	33.80488867418019
-11.146638602033448	-8.055421710801438	33.807364013195865
-11.068120413740761	-7.874405998624147	33.80318003398071
-10.991061429697687	-7.7029219761036565	33.796615391667636
-10.907728450494117	-7.525540159190435	33.77980724780129
-10.822158783263072	-7.350453458313609	33.75680891676369
-10.734352401050105	-7.177659688969422	33.727621098364025
-10.645004678799939	-7.008178863891036	33.69313623060116
-10.553188385709817	-6.840645762265024	33.65216546565031
-10.459598245976132	-6.6760624899514625	33.60560397487401
-10.364234231614633	-6.514426778987185	33.55345178806101
-10.30057079554732	-6.398761987677112	33.54173127120211
-10.202345770997571	-6.241803889389843	33.48034823767937
-10.102772435424729	-6.088268265944613	33.41397879491119
-10.001850761846185	-5.938152930555594	33.34262241575578
-9.900286889214629	-5.791987118929679	33.2673613841396
-9.79713923828996	-5.649060269215502	33.18675099230756
-9.693113342663336	-5.509885144206658	33.10186713580797
-9.588209178511802	-5.374459813188916	33.01270879014748
-9.486654684170366	-5.244798055463427	32.92625708256474
-9.380396246755451	-5.116873492748346	32.82931784150007
-9.273705359551535	-4.992875041039884	32.72881099821992
-9.166582003167136	-4.872801128769415	32.62473517025772
-9.059651969924241	-4.756728131150528	32.51814042030962
-8.952080829022625	-4.644550888704693	32.407623240265444
-8.844493969807049	-4.536334948981509	32.29422164744123
-8.736891378077884	-4.432079161182402	32.17793404359049
-8.837777489878611	-4.424490721706167	32.43903642864392
-8.727546369493911	-4.317463234412903	32.319221283292016
-8.61749281502513	-4.2145162472769915	32.19681785047614
-8.507616814550332	-4.115648794093374	32.07182437410994
-8.398466166832328	-4.020664056480097	31.945203566967486
-8.289310450340027	-3.92982258028562	31.81566767944355
-8.18069724206415	-3.8429217099247417	31.684165212492275
-8.072626535655841	-3.759960930858693	31.550694386011983
-7.968025865837081	-3.6789830694415606	31.420838872646435
-7.861251033150139	-3.603579962654306	31.283952255841683
-7.755331835763425	-3.531905118086758	31.145644600243354
-7.650268272391785	-3.4639584315842784	31.00591420064482
-7.546451356809293	-3.399337870947484	30.865497570914272
-7.443359738026147	-3.338579536566509	30.723408833071865
-7.341384446876489	-3.2812820623940304	30.580371464159246
-7.240525486440582	-3.2274456980679083	30.43638390917345
-7.156041457995883	-3.1559945884300173	30.32645455995755
-7.056738430841127	-3.108146676020491	30.180492770535007
-6.958767564724923	-3.0634917408900506	30.033969982324777
-6.86212886627044	-3.022030319808873	29.88688480919497
-6.767065476017212	-2.983287413700678	29.739759044098108
-6.6732532244021145	-2.9478977991125643	29.59189391035995
-6.580935438607209	-2.915391728436398	29.443801029159896
-6.490112128000338	-2.8857699608819067	29.295479230806226
-6.401863180027885	-2.855953544426626	29.149752104978447
-6.314059094711855	-2.8317545467286678	29.001201913025206
-6.227868422324191	-2.8101361068647286	28.852694974324564
-6.1432911741939105	-2.7910991429868837	28.70423033480181
-6.060444075725105	-2.7741927054608144	28.55614990368662
-5.979171520586079	-2.760020292459323	28.407995751791923
-5.899590515954051	-2.7481387531923778	28.260103053020508
-5.8217010744118	-2.7385491074222488	28.11247105871527
-6.30890513668051	-2.1360466448849067	29.718827625393963
-6.205546636044586	-2.105149076611802	29.55451539348802
-6.10402687484131	-2.077219596053956	29.390337117956967
-6.004345867762672	-2.052259393913231	29.22629149033119
-5.906636538971192	-2.02967065797338	29.062759421138384
-5.810721691907236	-2.0102533609897155	28.89923022537315
-5.7167346155592185	-1.9934197874638278	28.736075592599974
-5.624675326168416	-1.9791712536582768	28.57329450374479
-5.53493907607702	-1.9638537280617143	28.412832053614135
-5.446695604736463	-1.9543964342275075	28.250935938999966
-5.360427146050416	-1.9471722016798276	28.08959679112125
-5.276133717017769	-1.9421824080814085	27.92881384615879
-5.193828775683386	-1.938932613941983	27.768801495310736
-5.113494417784267	-1.9380852972193907	27.609272292098133
-5.035144505073696	-1.9391571208124843	27.450435487664194
-4.9587790546576365	-1.9421494710614555	27.292290536871814
-4.882878467094278	-1.921657697883469	27.14471655042381
-4.809881937483385	-1.9281485557891793	26.987683854658272
-4.7388632999471785	-1.936289384938794	26.831446411228164
-4.669822571394113	-1.9460815556657753	26.676003850571174
-4.602695289713263	-1.9571513674425205	26.521469281412834
-4.5375674432762505	-1.970000239482445	26.36769115827128
-4.474374962865189	-1.9842652424279752	26.214780305283384
-4.41311786469581	-1.9999476904712614	26.062736498556415
-4.35321719809146	-2.0148940595466946	25.91209530826948
-4.295738283810154	-2.033203510619998	25.761813839299176
-4.240136673692919	-2.0527356240950514	25.61245203037373
-4.186412383060181	-2.073491641604761	25.46400977103112
-4.134459991519538	-2.095217734170925	25.316545673971657
-4.084420094483441	-2.1182551680048496	25.169981408364237
-4.03618762323818	-2.142359738556732	25.024375125865493
-3.9897625920753814	-2.167532604081012	24.87972680274502
-3.8977592578335845	-2.0394171499468676	24.766780829537463
-3.8522308977012076	-2.066288513744435	24.622117449212944
-3.8084900656673524	-2.094088375348959	24.47845003625439
-3.766536775604113	-2.122817859014217	24.335778629888452
-3.726240806182542	-2.152315468023045	24.19413158985536
-3.6877758172171924	-2.182799074173255	24.053471239652627
-3.651011903203898	-2.214115814165683	23.9138265160945
-3.615949076834805	-2.246266716625991	23.77519750842978
-3.5817614451281736	-2.2783766509518735	23.63771665665004
-3.550012974628917	-2.312114525925709	23.50112357943363
-3.51987957439702	-2.346619688465065	23.365563122491793
-3.491361255976078	-2.381893074112199	23.23103541172972
-3.4643335136163085	-2.4178599531665874	23.097562898932317
-3.438962380996521	-2.4546220733876742	22.965115966782065
-3.415123613977233	-2.492111851669584	22.833718231551874
-3.3928172230063764	-2.530330134757339	22.703369846650496
-3.366042868679946	-2.564331735277122	22.57472954012477
-3.34674669593054	-2.60390970815941	22.446412923366307
-3.3289030144795273	-2.6441978317842185	22.319163177627185
-3.31251183373496	-2.6851968686202254	22.192980477342275
-3.2974668560304945	-2.726898718423854	22.067892612038072
-3.2839098327339555	-2.7693158952848016	21.943862952166157
-3.271734678695255	-2.8124461013716644	21.820920789236492
-3.260941402363897	-2.8562900214684133	21.699066316266833
-3.2509294531232777	-2.9008693776121444	21.578483582134712
-3.242849375236504	-2.9461454897782446	21.45882265138162
-3.236087836086371	-2.9921546879867904	21.340273853797587
-3.2306448432301673	-3.03889758471276	21.222837399971624
-3.2264388672846707	-3.0864161575368048	21.106554191075567
-3.223578631037737	-3.134655809529876	20.991370199002894
-3.221982775236392	-3.183663160567658	20.877328101595133
-3.2216513066141164	-3.2334387563601545	20.76442812795713
-2.777407868198466	-2.533451800928235	20.62487419159654
-2.771944744982037	-2.578609085583963	20.505568978084362
-2.7677308183829386	-2.6243906765761746	20.3873409677957
-2.76476609542437	-2.6707971430948714	20.270190366519113
-2.762964852508638	-2.7179007467435516	20.154143924606654
-2.7624414034861653	-2.76560641274696	20.039166465770045
-2.763110182623972	-2.8139907101091506	19.92528645149926
-2.7649711961505736	-2.8630541436156323	19.81250410073145
-2.7675881819332977	-2.913293043068297	19.70102051623729
-2.7718066502191405	-2.963766016583922	19.59045733775082
-2.7771708085134144	-3.0149831368346955	19.48101847149959
-2.783680662319346	-3.066944849825689	19.3727041531556
-2.7912839067574424	-3.119755812853576	19.26556167385039
-2.8000502939571965	-3.1732774789038865	19.15952854587812
-2.8099276423151878	-3.227617866433855	19.054654030460256
-2.8209159566737507	-3.2827773678869843	18.950938384714334
-2.831021271575449	-3.3431927076751293	18.85052318748636
-2.8443615268294846	-3.4000011253939744	18.749166333925597
-2.8587834594987838	-3.457714099275387	18.649011572228208
-2.874287073774445	-3.516331968983929	18.550059185553412
-2.8908532497244472	-3.575983613265322	18.45238291004638
-2.908507489887493	-3.6364979471801258	18.35588511818732
-2.927230767326547	-3.6980063804520835	18.260641927961842
-2.94702308564561	-3.7605092051647793	18.166653655612222
-2.967861166045693	-3.824845965294301	18.07444935756659
-2.9898065671500222	-3.889425446998537	17.98303364021717
-3.0128178361639257	-3.9550950270291327	17.89293622051175
-3.0368949761055855	-4.021854949992522	17.80415745455862
-3.0620484728907087	-4.08985230135562	17.716805243683183
-3.0882643518551958	-4.15889149855703	17.630736588749592
-3.1155531640657763	-4.2291213916472365	17.546062397148486
-3.143914911941856	-4.300542176705167	17.46278307251211
-3.176563759974723	-4.41896180247665	17.412295672866215
-3.2081321424829032	-4.492602330522256	17.332087918782484
-3.2407582916368227	-4.567562560805461	17.253377830545517
-3.274442209002247	-4.6438426202227046	17.17616586570753
-3.3092286629497973	-4.721597051295962	17.10060593584727
-3.345057965422314	-4.800620048863716	17.026493946613144
-3.38197491472331	-4.881066948047685	16.95398767798046
-3.4199795117298617	-4.962937819929761	16.88308765346346
-3.4594262540659724	-5.047218552111392	16.814877614062535
-3.4996562017247874	-5.132040820537752	16.74731709418304
-3.5410104619085674	-5.218392470115758	16.68148947569699
-3.5834890346927275	-5.30627350695741	16.617395357551807
-3.6271572068046387	-5.395840455486448	16.555246518834643
-3.6719279286999553	-5.486884569909832	16.494762054379315
-3.7178664792693725	-5.5795621191361455	16.43615879294496
-3.7649728576425625	-5.6738730326302775	16.379437418793128
-3.8168089940744006	-5.777408724309783	16.33481372169888
-3.866397534567376	-5.875076481759906	16.282078241529668
-3.9172004026072837	-5.974479332694436	16.231399113259716
-3.969217596163407	-6.075617112535262	16.182777116235464
-4.022530215941947	-6.178631901676571	16.13649764972848
-4.077030121841066	-6.2833337873558035	16.092182085408822
-4.132798352731506	-6.389863094233302	16.050122357249876
-4.189834905208925	-6.498219546406465	16.010319349190215
-4.248684974251473	-6.609235106384443	15.974743043997796
-4.308321379576483	-6.721323961473172	15.939678770011307
-4.369282930601528	-6.835320674648029	15.907099878755112
-4.4315696222536545	-6.951224834775081	15.877007366665683
-4.4952694932987125	-7.0691390068532325	15.849776489131786
-4.56026514527672	-7.1889253484090165	15.824909328174924
-4.626644476876121	-7.310682494751362	15.802789420621378
-4.694407481005856	-7.434409871190591	15.783417881051825
-4.954027392209044	-7.920263578169319	16.42509542342489
-5.028763659421884	-8.04473765608447	16.415248418951425
-5.104760383775723	-8.171180568245402	16.40858615330177
-5.182017554386054	-8.299591432525192	16.405109774938314
-5.260633842321818	-8.429920262471034	16.40528757804022
-5.340477658534537	-8.562231467982654	16.40849792847028
-5.421647389156757	-8.69646712614986	16.415218463815684
-5.504143020509498	-8.832626128369748	16.425450424697157
-5.588463692270837	-8.970101563972829	16.442285320068503
-5.673641564175685	-9.11000453257693	16.459871714824853
-5.760198154744479	-9.251740389772374	16.481325339130283
-5.848133447029288	-9.395307762026222	16.50664750537828
-5.93750269141783	-9.540508061541072	16.536396870901672
-6.02823217816674	-9.687602622823615	16.569831660220718
-6.120376720062623	-9.836380695031412	16.60752092716255
-6.213936296402328	-9.986840600292632	16.649466024386744
-6.310181643531807	-10.12846928551272	16.720177884646738
-6.406300370192608	-10.28176633425474	16.770739218515722
-6.503848358327865	-10.43651642028024	16.825953474140157
-6.602825583188484	-10.59271753781693	16.885821990380823
-6.703214890026636	-10.749942377162096	16.95095993629168
-6.805039090447469	-10.908755709119307	17.020550160669956
-6.908280400696217	-11.068712782401185	17.095217946187084
-7.012938791531754	-11.229811227181985	17.174964559577674
-7.118572269862394	-11.388664635206851	17.26348143024292
-7.225959463949314	-11.551596988626716	17.353718828913117
-7.334718472741184	-11.715258952855471	17.44945681690575
-7.444849262408098	-11.879647786173374	17.550696503388934
-7.556224130938151	-12.044013037329918	17.658034340053657
-7.669013265063771	-12.209348612375326	17.770677443891778
-7.783088120014392	-12.374880761743903	17.889229756187753
-7.898448657506111	-12.540606382744325	18.01369212460991
-7.953895779497062	-12.491480981992964	18.267281365099187
-8.06787375810014	-12.653573001324592	18.396800291319337
-8.183014550642005	-12.815252092101886	18.532362040306236
-8.29931811763727	-12.976515054260334	18.67396710302986
-8.41650775686851	-13.136282417400729	18.822037901992307
-8.534952310176665	-13.295985820841453	18.97601197574684
-8.654374117390454	-13.454519417306372	19.13631347046234
-8.774773136365225	-13.611879791212894	19.302942404986435
-8.89379170544	-13.760367274663047	19.477462902264435
-9.015789790722247	-13.914462276469703	19.65670611066777
-9.138520025816858	-14.066494711326754	19.842450119737823
-9.261982367668146	-14.216461089817201	20.03469435867136
-9.385706729455851	-14.362876290265206	20.233502880569684
-9.510319794046907	-14.507712406131029	20.438788379964524
-9.6353504742683	-14.649456956133381	20.650607306414575
-9.760798728490016	-14.788106566398174	20.868958395353797
-9.859526848676722	-14.855370003245636	21.083473087182927
-9.984434145670813	-14.986704782816215	21.312153634457577
-10.109396577772667	-15.11387383972945	21.54715991620848
-10.234414108178253	-15.236874191229386	21.788489975380212
-10.358799526563734	-15.353936015971204	22.035601494544622
-10.483469033738002	-15.467412622768625	22.289212371267546
-10.607734634303267	-15.575513017876613	22.54876155283426
-10.731596299460616	-15.678234867308374	22.814246348800793
-10.850007129938232	-15.764448240997837	23.07979412238069
-10.972406040336104	-15.855296739263974	23.35612371692475
-11.09387478833661	-15.939538400787434	23.637724281070504
-11.21441335703627	-16.01717185563778	23.924592504831097
-11.333125438578186	-16.086397785586882	24.21533172133094
-11.45120608338671	-16.149613116250226	24.511796034648604
-11.567758747766195	-16.2050127392595	24.8125606951366
-11.682783430461862	-16.252596552922046	25.117621982278482
-10.555498679154015	-14.594976515167808	23.3907501279478
-10.656202300508653	-14.677472633507094	23.621992230432426
-10.75632984661021	-14.75454441716925	23.857409148508395
-10.855881304783864	-14.826190838932435	24.096998673369875
-10.954102993675017	-14.89112330940214	24.339699736844164
-11.051999800468877	-14.95105822253394	24.58692167146853
-11.148817850880453	-15.004702137714155	24.83758461189346
-11.244557142443286	-15.052054855050311	25.091686063891572
-11.334182058126045	-15.085847351892035	25.340598385451035
-11.427186883415295	-15.120025223928057	25.600357811596098
-11.518585399229194	-15.147135802584625	25.862603118425376
-11.608377614988639	-15.167179851371822	26.12733174158299
-11.695736742017576	-15.179166911981515	26.392823513817582
-11.781765197967777	-15.184420249720556	26.66136611767403
-11.865636550756369	-15.181959725231984	26.93121982666627
-11.947350822626484	-15.171787141194336	27.202382271106337
-11.988901332326117	-15.120403085097841	27.387073438310757
-12.0658912544019	-15.096991849556279	27.6577355568231
-12.140236981652842	-15.065511250473985	27.928443467849327
-12.211938547338022	-15.025963983308566	28.199195282943013
-12.28020535938837	-14.978008380321786	28.467793984563393
-12.346091627321956	-14.922107029843325	28.737165113223163
-12.408807653355476	-14.857943201669357	29.005099951120304
-12.468353481096305	-14.785520429927967	29.271597378089595
-12.52025890049695	-14.70527343471198	29.522219195588008
-12.573088793444551	-14.61680463772123	29.784251215279983
-12.622275611678626	-14.520187822324232	30.04330642276442
-12.667819405573	-14.415427071031095	30.29938470107618
-12.709105366564604	-14.303110357919895	30.550153193765343
-12.746953359628238	-14.182463461023087	30.79872304876282
-12.780749788575909	-14.054107637697868	31.042765541703382
-12.810494705935593	-13.918047145035867	31.282281710788713
-12.680687734866488	-13.957122809680392	30.843378839234155
-12.710600257471617	-13.828491310917808	31.077788150511964
-12.736473358331292	-13.69269812311516	31.307241166973863
-12.758307085896243	-13.549747172926384	31.53173930865866
-12.7757143300954	-13.400862940145785	31.7492664681957
-12.78921134722882	-13.244421662526285	31.962514979377307
-12.798412115706558	-13.081677380671884	32.169484643767525
-12.803316678780487	-12.912633599899063	32.37017791312502
-12.80271187548129	-12.747193505058007	32.553689458980095
-12.79911748531348	-12.566925507547257	32.74099211663168
-12.791089744632236	-12.381465607262186	32.92091656553932
-12.778628686898212	-12.190816515997293	33.09346607639679
-12.761719089021812	-11.996928010909222	33.25732028453123
-12.740381315715261	-11.797205840114179	33.41424778606237
-12.71460078828899	-11.593616800669224	33.56295671413505
-12.684377526732597	-11.386162512616973	33.70345084573746
-12.657978056590355	-11.267931751166785	33.78709416434299
-12.621050746482835	-11.055277357126036	33.91405148068624
-12.579777082759465	-10.84005333551308	34.03231577420657
-12.534157071836802	-10.622260206353022	34.141890943599726
-12.484550128033021	-10.404118314673111	34.24238236205868
-12.430477034265035	-10.182667363158796	34.334325141461925
-12.372297188296303	-9.9601265198522	34.417354903035374
-12.310010581236112	-9.736495064212258	34.49147528642397
-12.247036411378183	-9.525392057548295	34.55702869136104
-12.17710242482168	-9.300931660346562	34.61382303090247
-12.103409499546464	-9.076797976403881	34.66180686749937
-12.02595761333624	-8.85298920521694	34.70098323116923
-11.945425064997947	-8.631504174540254	34.73190353197699
-11.86090739508239	-8.409672833763151	34.75383892239233
-11.773082262291396	-8.189475970151495	34.76736137788101
-11.681949634181597	-7.970910954355879	34.772473044177836
-12.364900575385722	-10.588426794281666	33.950643491256685
-12.318455225996667	-10.37724477677379	34.04737548234887
-12.267959632290983	-10.16464975198431	34.13569306540676
-12.213413790511957	-9.950641415453317	34.21559971876275
-12.155291777748213	-9.737269598733553	34.287042498520584
-12.092961471207735	-9.521799571620393	34.35009976312376
-12.02689671514517	-9.306274166861666	34.40474449227325
-11.957097492765548	-9.09069202332117	34.45097968575198
-11.887489436607096	-8.887209771546955	34.49094988990517
-11.81080154473968	-8.672654650354112	34.52099048281575
-11.730781977675461	-8.459294323637282	34.542897367270655
-11.647430708320353	-8.247126595576248	34.55667280936464
-11.561474887423827	-8.037855150828145	34.56307007518557
-11.47194491103334	-7.829202767554528	34.561089360705864
-11.379567211079925	-7.622853086321133	34.55149826403319
-11.284341753597626	-7.418803354381608	34.5342981466392
-11.2235964047249	-7.290391266027285	34.55183057771168
-11.124059588026968	-7.089912588298254	34.522465449485985
-11.022139024692398	-6.892589391581634	34.486102782592944
-10.917834677694087	-6.698418675042891	34.44274309161959
-10.811990190373065	-6.508515272137945	34.393617555572945
-10.703480618213497	-6.321385709467871	34.337085040324105
-10.593148729430311	-6.138120815944649	34.2743769896246
-10.48099448734059	-5.9587176186280395	34.20549301913488
-10.372345683800358	-5.7883326756219375	34.13893528960383
-10.257106661658355	-5.616895910706499	34.058718778838774
-10.140603691802214	-5.4498070528484455	33.9732033858081
-10.022836740904832	-5.287063401077004	33.88238797330048
-9.904628077814364	-5.12911214018305	33.787644644003386
-9.784881270647084	-4.975351073547083	33.68714077239462
-9.664417859230587	-4.826207629019224	33.582236864382295
-9.543237815864158	-4.681679561614938	33.472931214486216
-9.691386800773595	-4.780377247849447	33.81275693503033
-9.568339201630524	-4.630093125495043	33.701061171786584
-9.444746038834895	-4.484665339702296	33.58527513815212
-9.320607286404762	-4.34409178478347	33.465396863848916
-9.196695439766708	-4.208402393582327	33.34276941485922
-9.07198045053649	-4.077552840175535	33.215597165225965
-8.947234280518071	-3.951558748394163	33.085206076474726
-8.82245691128653	-3.8304186250038064	32.95159388420727
-8.701941692055287	-3.713024433569041	32.82274808962146
-8.577446900177021	-3.601269039091622	32.68347137248098
-8.453377534749036	-3.4942261491469218	32.54176153132507
-8.329733584916703	-3.391894884029587	32.39761620282254
-8.207109092148764	-3.29389741026308	32.25211848371861
-8.084711981760497	-3.2007359341190513	32.103818768390795
-7.963136115085307	-3.1120279954658816	31.953781449382024
-7.842381488334773	-3.027773287274014	31.802004228998022
-7.746440498595607	-2.9273367415315956	31.70001039708035
-7.626567647660673	-2.850536188233868	31.544800564479917
-7.507846340929783	-2.77790214087565	31.388424522601873
-7.390276580570765	-2.709434775147138	31.23088011286263
-7.274261396624585	-2.644556907123315	31.072952767672525
-7.159263425078173	-2.5840388751514904	30.91359041689215
-7.045685802316154	-2.5273066453810555	30.753562272719424
-6.933528535546882	-2.474360802007742	30.592866433025534
-6.824698199487209	-2.4212779178253587	30.43576533730045
-6.7154655618479	-2.375438765805552	30.274084482963953
-6.607860940301837	-2.3329908266420576	30.112143136095217
-6.501884345892673	-2.2939349953597037	29.949939682712838
-6.39775860621047	-2.2576615384195122	29.787982842820558
-6.295186645916191	-2.2249857123827987	29.62559080963076
-6.194391583465377	-2.1953058980510143	29.463260653324678
-6.095373432591946	-2.168623208479461	29.300991057332872
-6.884487410909404	-1.8066535671460038	31.465576714540735
-6.7584123366518245	-1.7446585065121027	31.286787368700594
-6.634000145008898	-1.6867984299324004	31.10768992496208
-6.511250848193045	-1.6330743271535964	30.92828211027696
-6.390479796703923	-1.5826935452830817	30.749203043058426
-6.271266555192586	-1.5367155469586342	30.56959559971713
-6.153926807120129	-1.4943570091146565	30.390082386093592
-6.0384605687045285	-1.4556192461250685	30.21066152917441
-5.926166351970846	-1.4154861268592596	30.034626113338923
-5.814457037824261	-1.383446414524037	29.855631474452476
-5.704766051998238	-1.3545332403376342	29.677035518397542
-5.597093413289546	-1.3287481276706656	29.498836756738584
-5.491563318510966	-1.305372569459867	29.32139196435928
-5.388010216984292	-1.2853682279639267	29.14422227327182
-5.2865587654033135	-1.2680292974808838	28.967674061955734
-5.18720898390822	-1.253357410257929	28.79174619475194
-5.092438766779278	-1.2050706690439998	28.633360117421923
-4.996384787286894	-1.1951819190098598	28.458286936815316
-4.902486393008719	-1.187554650510668	28.28400117987622
-4.810743604774441	-1.1821905516735716	28.110502002104045
-4.721143904395592	-1.1785051616044964	27.93796384496705
-4.633704031177483	-1.177281683013328	27.76615237455601
-4.548411957031364	-1.1779491165992635	27.595236405769825
-4.465267702480802	-1.1805091256797051	27.42521535078379
-4.383862034034996	-1.1815414440132557	27.256880106954423
-4.304909758225537	-1.1875528221606588	27.08868632758478
-4.228066986770716	-1.1951369220309633	26.92145889108493
-4.1533337394186605	-1.2042953440969342	26.75519741408278
-4.080613169392914	-1.214600025391202	26.58997130228215
-4.010034450884323	-1.2266253761372061	26.425687261029044
-3.9415011928663883	-1.2399558171752636	26.26241235397729
-3.875013413972802	-1.2545928586593416	26.100146356188233
-3.7653343225108387	-1.0409699905890335	25.993893963678094
-3.6983105559223888	-1.0578062114183102	25.8310239915156
-3.633357186602309	-1.0757145642768648	25.66922299945792
-3.57047423323715	-1.0946965636026444	25.50849087263174
-3.509504555312814	-1.1144419496021287	25.34883492529633
-3.45065771580155	-1.1353678291017857	25.19024522158564
-3.3937770001159153	-1.157175589631306	25.032728610107814
-3.3388624253812536	-1.1798666191017857	24.876285069444158
-3.284849379046488	-1.2017052070923393	24.72087484140257
-3.2337415907340286	-1.2259999979038363	24.566558781339957
-3.1844897972576334	-1.2510290831845747	24.413312079578315
-3.137094014185651	-1.27679372466015	24.261134779503546
-3.0913854349788155	-1.30310941385578	24.11001355869688
-3.047589170071773	-1.3302250025884328	23.959966321584755
-3.005536765592403	-1.3579656182620807	23.810980327825597
-2.9652282355990054	-1.3863324002214683	23.663055664174134
-2.9182225716198555	-1.4046841330838706	23.51515854857095
-2.8812353292579838	-1.4341568392793136	23.36924710116116
-2.845881496328813	-1.464175541700837	23.224387618286865
-2.8121610854748016	-1.4947412649471725	23.08058021461432
-2.7799147536932836	-1.5257660050287685	22.937808568883554
-2.749354986699107	-1.557369400469596	22.796094726882203
-2.720322726874352	-1.5894712411540226	22.655423400316632
-2.692817985537088	-1.6220724443467867	22.51579472140144
-2.6658921300686877	-1.6547297220025659	22.37709992530138
-2.6413528840758134	-1.68828918442916	22.239542283941564
-2.618241505010692	-1.7223240905157118	22.103019454380906
-2.5965580029768285	-1.7568352590934224	21.967531579777198
-2.5761657095316224	-1.7918065903501423	21.83306869289588
-2.5572468719127315	-1.8272613861542308	21.69964442443211
-2.5396650493622825	-1.8631897632367016	21.567250014078443
-2.523420250887485	-1.8995924515801916	21.435885612487144
-1.8826904592398703	-0.7048180350720488	21.312960971838255
-1.853990021490909	-0.7345567686356764	21.17477268714386
-1.826716269448542	-0.7643820267504795	21.037584556898
-1.8008692134096453	-0.7942946439193285	20.90139673311641
-1.776257857986808	-0.8243002320202972	20.76616419419448
-1.7531368865999248	-0.8543931647343328	20.63194731404123
-1.7313155340070088	-0.8845853329709685	20.498702266766003
-1.7107938091831372	-0.9148774641088787	20.366429192413452
-1.6904949546123378	-0.945348696359888	20.23486616124991
-1.6724826281789378	-0.9758453103833257	20.104511448706837
-1.6556559008019462	-1.006468790330417	19.97510462788208
-1.64001478030211	-1.0372197700279076	19.846645827730534
-1.625410492583681	-1.0681471376775589	19.71910342079383
-1.6120414205165865	-1.0991871199044436	19.59251987046766
-1.5997589649604764	-1.1303933787237987	19.46686456292794
-1.588563132746343	-1.161766467748463	19.342137618317995
-1.5718185095944195	-1.1944709816432937	19.216631746487305
-1.5628964545155635	-1.2260845691974616	19.09374068317652
-1.5549678530806856	-1.2579161051537353	18.971761747683175
-1.5480327112190078	-1.2899660700416145	18.850695052615727
-1.541984068674414	-1.3223125624923622	18.730521111159682
-1.5369645523479867	-1.3548525229103219	18.611266165725446
-1.5328673349325541	-1.3876676784467241	18.492911627634093
-1.5296924216384706	-1.420758451370897	18.375457606543026
-1.5268834151402082	-1.4546313216057634	18.258802353393737
-1.5255160953819789	-1.488322072785328	18.143140940663947
-1.525011674026973	-1.5223526891492316	18.028372025975965
-1.5253701556682688	-1.5567235429401827	17.914495719097584
-1.5265216396225956	-1.5915342185746475	17.801504160919905
-1.5285593370803126	-1.6266527699115834	17.689408088963184
-1.5314134507076478	-1.6621816029575172	17.57820053891494
-1.5350839845789104	-1.698121047911941	17.46788162414168
-1.5090784010491092	-1.7524037747140095	17.349967227146337
-1.5155276612148785	-1.7884286294968559	17.241416348445554
-1.5227103548191518	-1.8249648963241363	17.133753927251647
-1.5306264852121825	-1.8620128467147468	17.02698007791086
-1.5392498052278878	-1.89968646047293	16.921100038066953
-1.548615318631953	-1.9378343759438643	16.816107100479897
-1.558696854131516	-1.976572645519223	16.712007460045346
-1.5694944147508205	-2.0159015142965933	16.608801243094995
-1.5809344262803284	-2.056566965974982	16.506551604704303
-1.5931728507295697	-2.097156099859509	16.405142615519875
-1.6061188444442447	-2.138420527330922	16.304636729149134
-1.6197724101659314	-2.1803604705784947	16.205034087771015
-1.6341352244691354	-2.2231074895019614	16.106355101688134
-1.6492050581169746	-2.2664866730350486	16.008572905094343
-1.6649836499712007	-2.3106312826032216	15.911709113903719
-1.6814710025296906	-2.3555415206450463	15.81576389053731
-1.6992923508123345	-2.407563060938548	15.721756404474869
-1.717345179737189	-2.454100038145906	15.627692411009757
-1.7361134726057479	-2.501502726662963	15.534569604673795
-1.7555972316747932	-2.549771309388953	15.442388173256301
-1.7758250781499267	-2.599055999885339	15.35118865912796
-1.7967588555253104	-2.6491569268614863	15.260917468916256
-1.8184272362138811	-2.700225701657388	15.171616749243576
-1.8408302222685269	-2.7522624906478272	15.08328671897534
-1.8642317303318343	-2.8062676124305117	14.996238257987923
-1.8881465126454142	-2.8603519969783626	14.909889323695982
-1.9128229995427262	-2.91551352873333	14.824549010851152
-1.938261192869304	-2.97175235726532	14.740217576064042
-1.964514298992909	-3.0292397449499155	14.656962595986517
-1.9915113802227444	-3.08774767689972	14.574694603673485
-2.019305684230834	-3.147448539796459	14.49348337494815
-2.047897212641721	-3.2083424653001082	14.413329211798708
-2.1729658311563202	-3.713883273158718	14.441016464711101
-2.211795933993788	-3.7790058476841395	14.36557191949846
-2.2513058930919394	-3.8457251068788523	14.291370149553037
-2.291495708498594	-3.9140410546183415	14.218411559978328
-2.332504330802214	-3.984122697365292	14.146823697339377
-2.3741464925125917	-4.055744690014808	14.076437507015045
-2.4165611431016876	-4.129075995988014	14.00738401720106
-2.459748282404183	-4.204116601886832	13.939663710283744
-2.504616269024302	-4.2820386044738505	13.874207554063226
-2.54944911759769	-4.360639556825663	13.809267856488948
-2.5951497728942563	-4.441071691292574	13.745770718636674
-2.6417182343906975	-4.523334965463857	13.683716713707145
-2.6893013618291928	-4.607625027479909	13.623293840283939
-2.7377033405944906	-4.693680881401579	13.564252856326993
-2.7870710126478127	-4.781697662089524	13.506786671544642
-2.8374043769316173	-4.871675283836009	13.450895964751595
-2.8963019496438225	-4.974066620463246	13.405948620259473
-2.948739291326294	-5.068283518330184	13.353468911806655
-3.0022462428730803	-5.16459854191724	13.302727392755624
-3.0568228024570225	-5.263011543143702	13.253724866719388
-3.112625940217219	-5.363735413822049	13.206731637071735
-3.169446357574378	-5.466485888078154	13.161389288442997
-3.227440971178444	-5.571474344207452	13.117974978498468
-3.2866097781709644	-5.678700550548697	13.076489651600431
-3.347986215127218	-5.789563881492807	13.038854806121291
-3.409619391607569	-5.9014245349309595	13.001455707745425
-3.472534940218657	-6.015663356060859	12.966210360585578
-3.5367328567282894	-6.132280001887517	12.933119869251142
-3.60237958650138	-6.251485042870097	12.90256267646384
-3.6692531911108848	-6.372996804717421	12.874036915576974
-3.737519998112239	-6.497022548081226	12.847930391443187
-3.807180001480621	-6.623561784684254	12.824244388251774
-3.948469887668148	-6.8487690573680595	12.927082410240953
-4.02168283516177	-6.981660828473978	12.9098689949111
-4.09641461132612	-7.117179373087755	12.89544244444668
-4.172665207455556	-7.255323985667162	12.883804257263167
-4.25060047896324	-7.396257198992444	12.875480262519321
-4.329999262602903	-7.539760463358646	12.869773024574584
-4.4110271780929216	-7.685989716214653	12.867220935162567
-4.4936842136961985	-7.834944006335854	12.867825703835212
-4.578999838957498	-7.987489620928338	12.875218476261397
-4.665020188764874	-8.141966778200828	12.882551625678905
-4.752777383230263	-8.299236206727912	12.893464994821842
-4.842271406819124	-8.459296647524178	12.907960511641265
-4.933655449404963	-8.622203301455269	12.926732425673203
-5.0267252178712045	-8.78787932949409	12.948859749868225
-5.1216334887784	-8.956368396132818	12.975052658915208
-5.2183802419035805	-9.127668862415698	13.005313296366813
-5.323831175965925	-9.30414416626384	13.071906541851941
-5.424237325046391	-9.480861551809827	13.11080946228242
-5.526570944571002	-9.660336656637886	13.154324958687122
-5.630832008656167	-9.842567383031174	13.202455362447573
-5.737131456436343	-10.02739859582889	13.256075838422133
-5.845321303282008	-10.215031810529942	13.31402507419007
-5.955511810055945	-10.405293002134751	13.377197029032182
-6.067702944100648	-10.59817952393949	13.445594186137718
-6.18235258088384	-10.792004814352909	13.524943214295401
-6.298550418951456	-10.989869668406905	13.604393407179456
-6.416797190933103	-11.190119153269073	13.689732605381453
-6.53709285632319	-11.39274998619331	13.780963367578313
-6.6594606118445085	-11.597249759464656	13.879116777238705
-6.7838694268955555	-11.804293446209552	13.982824015007635
-6.910341454019649	-12.013339628643962	14.093135918527274
-7.038876643840044	-12.224384305065362	14.210055009157482
-7.211712544891839	-11.972714134031214	15.587427181205749
-7.331601538376809	-12.16702728441177	15.702498208869637
-7.453328854649559	-12.362328206312213	15.824096721321926
-7.576894446472592	-12.558613071403842	15.9522244719908
-7.70213313904625	-12.754971541953012	16.08773610157447
-7.829265049324767	-12.95260799139387	16.229495905630976
-7.958123816243326	-13.15057925055514	16.378370616346164
-8.088709385398955	-13.348880910387408	16.534361626610863
-8.219367006952112	-13.540486535688594	16.702135297165682
-8.353124663261333	-13.738539504217233	16.872692268549226
-8.488437192550252	-13.936081372210943	17.05089652511475
-8.625304534106172	-14.133107219253274	17.236748901971982
-8.763359832931013	-14.328117884810617	17.430908143665455
-8.903092083294768	-14.52310043921942	17.632497255127998
-9.044132951181918	-14.716514976314116	17.842178060199423
-9.186482371188625	-14.908356195487894	18.059950616386715
-9.306700367657006	-15.02643486656467	18.30227970322408
-9.4501553373561	-15.213169609373482	18.53388100813009
-9.594597220491812	-15.39710987682841	18.773783994643065
-9.740025950869626	-15.578250304242886	19.021987766743276
-9.885800832627208	-15.754485275089866	19.27862184755355
-10.032775973977015	-15.92860988337811	19.54351049448913
-10.18030914324196	-16.098476522058977	19.816771004569986
-10.328400276651161	-16.26408002286787	20.09840131752717
-10.471946059735073	-16.411117110249204	20.38645529268395
-10.62043053911511	-16.566591705943797	20.684139404960987
-10.768941888494796	-16.716178450118374	20.989958267549397
-10.91748005224635	-16.859872834460127	21.303908566657274
-11.065077331997903	-16.9950966655104	21.62515690908804
-11.213023874018205	-17.125277952919795	21.95480569668707
-11.360350820797905	-17.247807374376976	22.291989899715485
-11.507058131511705	-17.362681621225562	22.636704975185953
-11.323068939482093	-16.846146538624264	22.594558277219786
-11.460685985814916	-16.953064825380807	22.923952405923927
-11.597353723220865	-17.05173919129139	23.259757532194396
-11.733072126782412	-17.142167616932827	23.60196906740032
-11.866687551822727	-17.22199911863262	23.9488212222036
-11.999738151741346	-17.29436513980336	24.302657063340742
-12.131069932779198	-17.35690611689783	24.66167158027149
-12.260682893010458	-17.40962189383869	25.025859548977046
-12.380661439771313	-17.439361704711352	25.380296273257994
-12.505894444024628	-17.47137897160415	25.75265460324227
-12.628581533979776	-17.492173131884357	26.128520502905356
-12.748722735001135	-17.501746241189196	26.507888664177564
-12.864996491759804	-17.498358019106234	26.887691296945103
-12.97916496208469	-17.484335651860626	27.27200677362163
-13.08990749786043	-17.457964967313607	27.657727674457675
-13.19722415388754	-17.419250406733344	28.044849302892334
-13.241048998587779	-17.3131788766381	28.278099103510556
-13.340814644101314	-17.254353340684794	28.662374585687814
-13.436401006249383	-17.182675853316784	29.045809781759534
-13.52780816345518	-17.098152770284948	29.428401330524867
-13.613781394474152	-17.00042493801699	29.806219433113856
-13.695993863133198	-16.889987612460207	30.18449757638993
-13.773192923222801	-16.76653935022395	30.559288082489978
-13.84537867423676	-16.63008821471102	30.9305896523244
-13.905695412762725	-16.483707920399432	31.273032212644555
-13.96732538911403	-16.32243953916305	31.634637669562476
-14.023216381738223	-16.148644141426868	31.990064798655578
-14.07336850051554	-15.962330632355163	32.33931486857333
-14.116888193987954	-15.765068850186928	32.67842404589542
-14.15496712064679	-15.554786468958252	33.01268271343065
-14.18671429631501	-15.333123441906494	33.33814934531167
-14.21212982817179	-15.10008845528979	33.65482799043125
-13.063311195699	-15.620855863231181	29.247411824821427
-13.125378595239717	-15.53597380662296	29.56117909451344
-13.183614459426558	-15.440863439697232	29.87200296511525
-13.238018851339588	-15.335529874731717	30.179882658322576
-13.287704161474913	-15.220502452036676	30.48186645894867
-13.333854023000839	-15.09508785155455	30.781889442027364
-13.375582384627357	-14.959858340469964	31.077000535667526
-13.412889315920001	-14.814819556671145	31.367200538916418
-13.441415548508807	-14.667006890150091	31.63462410823774
-13.469645224571147	-14.503677782947992	31.91327448150087
-13.492986747226979	-14.331384962512061	32.18515057937322
-13.511440184645663	-14.150133953578335	32.45025486043992
-13.524510999729436	-13.96174840562918	32.70601181379057
-13.532858727603093	-13.763809131315801	32.9558625091162
-13.535990337880108	-13.55818057090121	33.197257873009555
-13.533905889102709	-13.344867468898249	33.4302019030602
-13.515342113426662	-13.219202834918732	33.550264181900644
-13.505272668082364	-12.995410513571557	33.76845845210142
-13.489841358925815	-12.765385958781287	33.97700889566195
-13.46904822968497	-12.529132714448805	34.17592053914081
-13.442899168450872	-12.289377729160364	34.36363003674153
-13.411386409152247	-12.042491937277344	34.542234203569485
-13.374516639926213	-11.791223185259735	34.71021288778078
-13.332289883076372	-11.53557328068646	34.867571751493486
-13.28657917660204	-11.29382308155991	35.00840916882185
-13.234165095910017	-11.03147420220066	35.14455140571396
-13.176574280901917	-10.766699419533598	35.26955610118308
-13.113806730702056	-10.499498662589048	35.3834288960491
-13.046397447271254	-10.232860558778686	35.486010464892296
-12.973633073477721	-9.962798554709805	35.57752593768842
-12.89604834369338	-9.692292879262265	35.657858510514515
-12.813643234752535	-9.421341654989039	35.727013152546824
-12.91755457046267	-9.995416680577042	35.648677425485715
-12.842085523360057	-9.72335839700983	35.72819120172126
-12.761825357287233	-9.451347413304415	35.79662549331156
-12.676774045378714	-9.17938155216699	35.85398511961798
-12.587752747468105	-8.910203840892006	35.90092208621571
-12.493666505856972	-8.640150594759945	35.93657727664981
-12.395335653490887	-8.371941351175703	35.961635931223896
-12.292760146495647	-8.105572554386162	35.97610157037846
-12.19215194726217	-7.856249128055163	35.987209007905406
-12.081925220626019	-7.594809830988333	35.9817461483734
-11.968094539783392	-7.336741202789604	35.96650750953173
-11.850659850446952	-7.082038843780979	35.941495066979755
-11.73070748745846	-6.8326137173951125	35.908325417480555
-11.60678887351088	-6.585907267635707	35.86484635857668
-11.479989013556283	-6.343793786566437	35.812683477404875
-11.350307849738662	-6.106268585289129	35.75183713758735
-11.270459974064398	-5.952567258849138	35.764026287676025
-11.136376833057918	-5.721681992586338	35.68939822841958
-11.000066602713101	-5.496238888642949	35.60717300929041
-10.86152922690788	-5.276233398647147	35.51734967286008
-10.721902691937863	-5.062578182938234	35.421912969499495
-10.57966955703623	-4.854046173311278	35.3182132814552
-10.435966554831623	-4.651515941203007	35.20822249754054
-10.2907936364485	-4.454983525530456	35.091938456999976
-10.150947582765562	-4.267520850677521	34.98197457766041
-10.003478903470018	-4.082882397584688	34.854460041040525
-9.85525643983762	-3.904491874296699	34.721923710980555
-9.706280153326029	-3.7323461571778016	34.58436259248449
-9.557549386554042	-3.5664443012545526	34.443627058082264
-9.407731602477416	-3.4067810651861024	34.297242524131484
-9.257825359836504	-3.253334521806771	34.14703330399101
-9.107830632023068	-3.1061025146710057	33.992995942632994
-10.817815341128858	-5.4518474953308615	36.302500588223
-10.682494707308878	-5.216820784707516	36.20424797554776
-10.544893910072336	-4.987962975866592	36.098873997088894
-10.4050128932742	-4.765269518575292	35.98637737201146
-10.264090581488404	-4.549434457741928	35.86882074236526
-10.120474951041851	-4.339522331118528	35.74344984871684
-9.975403690629285	-4.136193649446131	35.61231183594996
-9.82887675317646	-3.939444597626501	35.47540419509684
-9.688127223945138	-3.7509620497356053	35.34558335761044
-9.539342271373513	-3.5671240700362152	35.198477666549586
-9.389865851717198	-3.3899736602994768	35.04689346649673
-9.23969792969004	-3.2195079607849117	34.89082744786821
-9.089881884457073	-3.0555187262437524	34.73212393321795
-8.939026472027546	-2.898277800403097	34.56831572924441
-8.788174374302708	-2.7475583642419057	34.401218923997924
-8.637325568888455	-2.6033586028464057	34.230829821127436
-8.530063792869994	-2.4509435327740965	34.14421265762728
-8.378391892485	-2.3170451378597723	33.967670518972874
-8.227305575318212	-2.1893951122109288	33.78882126153167
-8.076804830582345	-2.0679925815799494	33.607661070802344
-7.927662556220154	-1.9520905420538872	33.425590739755485
-7.77884820579839	-1.8426837148728639	33.240733800315
-7.631134541439923	-1.7390218584336674	33.054461342782396
-7.484521563371407	-1.6411049911053375	32.866769771144874
-7.342859160557893	-1.543362945120407	32.685293883033665
-7.198664529417653	-1.456206311539661	32.49539929286526
-7.055986289030113	-1.3742172689133731	32.30480997632452
-6.914824448507047	-1.2973965556987386	32.11352272118095
-6.775655273353948	-1.2247957773151708	31.92243709882958
-6.637843769896805	-1.157681648063801	31.730346588567194
-6.501866491908288	-1.0951139922363122	31.538127050934076
-6.367723455129251	-1.0370940855388058	31.34577575803146
-6.39431565812089	-0.6954142337066589	31.59920587058789
-6.252975864698712	-0.6384362657339088	31.39986780559412
-6.113798711607878	-0.585812599283452	31.200830027324276
-5.9767842209052615	-0.5375450219386089	31.002089860202396
-5.842196321499934	-0.49260000601971665	30.80422292801309
-5.709683162638162	-0.4523600019712303	30.606455984682764
-5.5795092328753135	-0.4158070186173344	30.409345663806366
-5.451674557631056	-0.3829431160762738	30.21288986711621
-5.327054110394263	-0.3474336865244849	30.0198792499857
-5.203845121201368	-0.3212915667891417	29.824907962714107
-5.083077252435913	-0.29822255309526113	29.630839805163916
-4.964750531137099	-0.2782288368152931	29.43767319417225
-4.848914080371489	-0.26044171946271444	29.24566869063978
-4.7355024660694	-0.24602460003552293	29.054475572336088
-4.624565454499923	-0.23412647692707012	28.86434362090355
-4.516103072910843	-0.22474955841446928	28.675271694903373
-4.408686502415343	-0.17394777697261077	28.499906650723762
-4.304122176498585	-0.16908544263319567	28.3125039668919
-4.202038074346255	-0.16626519464479284	28.12626942092383
-4.102434222850572	-0.16548921246776124	27.941202219113677
-4.005216572370457	-0.1660909816342695	27.757380964213354
-3.9105105840058196	-0.16896417868391403	27.57469925357336
-3.8182228301028633	-0.1734593346059503	27.39323058817629
-3.728353336130516	-0.1795785135112152	27.212974459063474
-3.6399877995822134	-0.18348541319419276	27.034157108426776
-3.5547997547817984	-0.1924870190356615	26.8563108097761
-3.4719387313417673	-0.2027583622257767	26.679690580305603
-3.39140475295357	-0.2143013628208541	26.504296124397356
-3.313024926868164	-0.226650944681154	26.330117003475394
-3.2370298303545564	-0.24043155359253923	26.157166585060526
-3.1632471107445745	-0.2551928845101301	25.98543277056576
-3.0916767897402506	-0.27093669625928624	25.814915418460533
-2.8206614526197704	1.815345229808174	27.091972066743836
-2.7063958654554634	1.80390331605537	26.899603419404247
-2.595216572621683	1.791562515772454	26.709085327912828
-2.4871236107887214	1.7783198570422944	26.52041757035166
-2.381774325903322	1.7648192484759675	26.333433730796926
-2.279625671769724	1.7501955212484614	26.148355368917553
-2.1803358161828097	1.7350701510432454	25.965015200504983
-2.0839047913240383	1.7194405297372752	25.78341320772444
-1.9880280855098098	1.7069068098163922	25.602472653596948
-1.8970461349560301	1.6906030662405824	25.424231617020766
-1.808684086166381	1.67411104888975	25.247615159430897
-1.7229419671415367	1.657428488469675	25.0726233848942
-1.639453889394722	1.6409532518993917	24.899089523711552
-1.5587077663087205	1.624149819771804	24.727236241118977
-1.4803383329796453	1.6073990511223277	24.556897910268663
-1.4043456135875918	1.590698986292636	24.38807469867121
-1.3124798044317032	1.59659499558617	24.21298167949485
-1.240891239639519	1.5802885907957323	24.047135821324446
-1.1714393300804193	1.5642269928651498	23.882706795683376
-1.1041240965244679	1.5484085184997092	23.7196947965522
-1.0385947704771272	1.5330625428877482	23.557959646145964
-0.9753190891290423	1.5178795153820333	23.397688704926836
-0.9139467446074647	1.5030762535406028	23.23874337864667
-0.8544777546418447	1.488651320493013	23.081123861114047
-0.7947907731814379	1.4758897010335668	22.924022993496138
-0.7389222842685833	1.4623498252655955	22.768981796456014
-0.6847341222492789	1.4492877149097492	22.61518568309681
-0.6322263021754744	1.436702150091709	22.462634833049286
-0.5810850173438582	1.4247149788125504	22.311221019406762
-0.5317287098257621	1.4131610517836757	22.16108894778081
-0.48384390560658996	1.4021531500458044	22.01213176148211
-0.43743061740888595	1.3916902425095814	21.864349619227212
-0.2584980069607754	1.5144487652785061	21.672905824821786
-0.2148386777492357	1.5068938204110571	21.52808862746448
-0.1724121666160343	1.4999803180769344	21.38439160091478
-0.1312184839393083	1.4937074171875953	21.241814878786656
-0.09098731652066494	1.4881337740729448	21.100279174467925
-0.05207910469688887	1.483179337433216	20.9598904969676
-0.014223763508027343	1.4788965463065251	20.820570545638333
0.02257869840120585	1.4752847000883245	20.682319432264666
0.05990139321610766	1.4727106884672958	20.544694861537856
0.09473911770177236	1.4704901550670761	20.408543826703056
0.12869032093371757	1.4689608836319534	20.273417388036385
0.16175499577121066	1.468122295446456	20.139315638141202
0.19415972292228512	1.468003029623107	20.006180763339643
0.22560237920809906	1.4685636389706946	19.874090051233896
0.2563093891417756	1.4698285101497417	19.742986365954096
0.286280746867714	1.4717971685973774	19.612869784627158
0.32605194260866943	1.4774724078038233	19.481046393326334
0.35451101246551026	1.4810761068209979	19.35292919799939
0.38238155864422163	1.4853926779932154	19.22576654785816
0.4096635764583844	1.4904217415130214	19.09955850742763
0.4365437568247139	1.4961825295002615	18.97426379402167
0.4627731683819095	1.5026485774195057	18.849937594772435
0.4885384003974793	1.5098363524383887	18.726539107678622
0.5138394491208313	1.5177455505929058	18.604068389538554
0.5397555215426397	1.5265535104498156	18.48230018860023
0.5642234061545637	1.5359394550951915	18.361666948238348
0.5883414700973675	1.5460569484519544	18.24193888509394
0.6121097104272836	1.556905751944568	18.123116051665544
0.6356835973580717	1.5685088828786977	18.005169843886364
0.6588558309837285	1.5808351419348903	17.888138521673575
0.6817818185611375	1.5939058365454786	17.77199389021897
0.7044615578294879	1.60772078348469	17.65673600108742
1.6711678786577164	2.6530551598723022	17.524206915651458
1.6958628677410121	2.690668036701013	17.41903353259619
1.7208974550495935	2.7292940705526694	17.314888458969385
1.7462716410241856	2.768933297145527	17.211771838596412
1.7720861585374446	2.809681465976853	17.109714178001806
1.7982066982528329	2.8514110050889685	17.008675159918933
1.8247340047607756	2.8942179877108054	16.90868653042633
1.8516680786480486	2.9381024613971602	16.809748461446
1.8796506776606043	2.9837451587290844	16.712108911441664
1.9074664979676978	3.029869133823907	16.615305816762113
1.935756641686885	3.0771427139087524	16.519583337864045
1.9645211094971604	3.1255659540122407	16.424941680132424
1.9938620028575165	3.1752581478395747	16.33143610662378
2.023643188113786	3.226060368772709	16.238993444226505
2.053966782946841	3.2780923537515814	16.14767072446029
2.084832788068262	3.3313541604457684	16.05746819220229
2.1214543325157473	3.392245293926725	15.971246067078898
2.153504900412654	3.448178348478877	15.88339026961196
2.186169816142449	3.505430777063125	15.796706212369061
2.219449080387129	3.564002634951319	15.711194187882636
2.25345023083289	3.6240382023852566	15.626942839755316
2.2880298854152756	3.685345228664626	15.543834703302938
2.323295596689787	3.7480683945495223	15.461960935790428
2.3592473652276884	3.812207746337653	15.38132188465471
2.3965971259228946	3.8787567763414152	15.302570780030528
2.434001486737945	3.945846708211796	15.224482169787485
2.4721665749269617	4.01445773123577	15.147705208730413
2.5110923908596274	4.08458987537405	15.072240308779937
2.550895506934197	4.156411293326384	14.998220601002178
2.5914204939156877	4.229697832498857	14.925469599073134
2.6327839296986113	4.304617780699351	14.854123964136845
2.6749858143409257	4.381171142624998	14.784184183241113
2.768348201951766	4.530929715373235	14.76105091624674
2.812845902470584	4.612050481320526	14.694796646756444
2.858279402830047	4.694936690681784	14.630089039227997
2.904648702554906	4.779588304940763	14.56692868288546
2.9520811761305694	4.8661927529788676	14.50551439855906
3.000406989295986	4.954499998828432	14.445582549730641
3.0497534986644816	5.044696951008264	14.387336985826222
3.1001207031053175	5.136783517878501	14.33077839872214
3.1523580779028184	5.23200048703806	14.277325220950626
3.2048638443094486	5.3280073403043	14.224309956088964
3.2584792107110996	5.426031269217812	14.173147429408562
3.313204175100051	5.526072111064419	14.123838450500998
3.3691775513676117	5.628324428624393	14.076662911686698
3.4262142487463048	5.73252835270609	14.031249620547648
3.4844530221789123	5.838876778106814	13.98788534441054
3.5438938685092602	5.947369449036776	13.94657102619897
3.6116775380136246	6.068076254704465	13.920989511644487
3.6736906339896214	6.181085106849984	13.884105435438128
3.7370021460064358	6.29636200294559	13.84950606693036
3.801612069393016	6.413906564429286	13.817192499798937
3.8676673364685743	6.533897953818348	13.78755054978684
3.9349720250782356	6.656096283137613	13.760068482421564
4.003672938169625	6.780677083085259	13.735141333794354
4.073770069162773	6.907639820392288	13.712770362319251
4.146206431150307	7.038054801649758	13.695642333861635
4.219197774994156	7.169888464446374	13.678694430768923
4.293683997918626	7.304202942054746	13.664615702607653
4.369665090926209	7.440997505278673	13.653407585618016
4.447287716899597	7.580397511213121	13.645587488048546
4.526356301952937	7.722233922606376	13.640469037568792
4.607017266434145	7.866625313982334	13.638581622927347
4.689270598324843	8.013570711320288	13.63992686703554
5.24367505287317	8.729893082192875	14.673725922536756
5.3316068872970686	8.88382862603923	14.692256315675543
5.421203383146325	9.040048428756572	14.7147417651299
5.51246452217489	9.198551011607142	14.741183996473815
5.605473612729167	9.359231265714394	14.772256527347635
5.700119530664978	9.522225579928174	14.807065458530943
5.7964851064156635	9.687415535557726	14.846298229365404
5.894570317003589	9.854799270397326	14.889956677408893
5.994728191151207	10.023197975149596	14.942443395828988
6.096259324731828	10.194775324348823	14.995416639929257
6.1995473543696	10.368378087882569	15.05332424461224
6.304592251635159	10.544003961713711	15.116168112213327
6.411414909708236	10.721291499153336	15.184738525626244
6.519987399732278	10.900716851994265	15.257986221061667
6.630329882537693	11.081898227580764	15.336716276573775
6.742442323543792	11.264832823346014	15.420930589880637
6.855100235356838	11.4304670418634	15.544290969928962
6.970299618206851	11.615983672517336	15.639447369447806
7.08724611422773	11.802853370423518	15.740632962033434
7.205939682482492	11.99107281787376	15.847849527964936
7.326288300265537	12.179898030009152	15.96192911750391
7.448414563409909	12.370312792437067	16.08176630787417
7.5722254148317445	12.561544465922935	16.208205983908407
7.697720806745061	12.753589177686491	16.34124968891598
7.823785237516452	12.940629287571234	16.485655127170027
7.952438338959376	13.133538274868634	16.632291269183295
8.082660511678515	13.32655803245445	16.786074214081324
8.214451701389999	13.5196841609319	16.94700510116965
8.347543009349414	13.711651489891096	17.115803471128437
8.482292835856608	13.904136267287177	17.291512124564015
8.618430945936607	14.095836452082128	17.474856848034538
8.755957279735664	14.286747193472692	17.665838182730592
8.776065571872728	14.125711022821035	17.97876053290802
8.910350659368085	14.309457424012146	18.17248722469521
9.045800523870325	14.491524152929257	18.37383029777174
9.182415106906019	14.671906470635687	18.58278963919468
9.319706336078161	14.848893333560818	18.799704139895287
9.458324837126865	15.024754993119103	19.024120950860688
9.597781150516738	15.197742346426935	19.256374050369825
9.738075216929982	15.367850586116576	19.49646242305201
9.87521729522148	15.52317193336129	19.74445945929265
10.016607691231943	15.686144523866929	19.999857875338268
10.158420761201077	15.844873908724356	20.26308942986167
10.300656449002473	15.99935553920942	20.534152066223292
10.442542422966522	16.14736964904826	20.812677903786106
10.585108333908812	16.291865816828132	21.09915171306387
10.727580610979585	16.430590666307815	21.39318442413393
10.869959206235803	16.56354031197841	21.694772863386262
10.969442776418749	16.592752572553046	21.965805512721694
11.10970099547707	16.71325838897247	22.277769973889114
11.249300992888285	16.826514949745867	22.596623005871066
11.388242734645882	16.932519498840076	22.922360510104923
11.52547130413946	17.028886337888515	23.253563877848613
11.662393193309688	17.118791248504497	23.592114278121954
11.797952887556077	17.199832991507126	23.936556994663604
11.932150372559553	17.27201040641735	24.28688710940988
12.057557096678181	17.321412276244203	24.63043610042038
12.188114690158638	17.374647177309484	24.990605941560524
12.316534765506487	17.417519210085178	25.35524063479025
12.442817333253782	17.450029228133634	25.724334880064838
12.56569358894852	17.470192448141688	26.095178971238692
12.686855320210674	17.48065916640253	26.471373537075657
12.805034268976458	17.479460786812393	26.850167621984653
12.920230474254158	17.466600470769276	27.231556141407882
11.435281325752355	15.692854286765447	24.35957544164216
11.541102530355813	15.753910969491988	24.647645747299322
11.645643630207422	15.807219542172227	24.939438070535225
11.74890462518106	15.852779994584719	25.234949130561965
11.849895095493792	15.889186587649249	25.53238721184193
11.949935614403858	15.918314738099657	25.83413352356453
12.048035933483481	15.938764114639262	26.13837012953051
12.144196069331615	15.950536062518186	26.4450937218501
12.232056871052627	15.94664882761861	26.740708637292954
12.323651344890585	15.940672465881008	27.050617216437995
12.412638351535499	15.925303064487395	27.36152189126161
12.499017924900318	15.9005433718881	27.67341973257674
12.581787192952563	15.865672585019512	27.983755355870017
12.662283411611376	15.821659328702546	28.295929707363666
12.739504680173283	15.767810097305519	28.607367603949378
12.813451048789902	15.704128955330075	28.91806693294997
12.840940040562744	15.615550207156527	29.104920470644913
12.908431813082222	15.536151517465926	29.41103001766507
12.97210285686044	15.446908833857242	29.7146953262506
13.031953232869489	15.34782709776911	30.01591541013057
13.087140671162807	15.239268132330904	30.311813389915635
13.138788347709383	15.120761612576123	30.606223999756583
13.186055508061845	14.992711155666951	30.896268979972973
13.228942220329056	14.855122281436602	31.18194883294991
13.263230955421763	14.713866952956584	31.4456605092565
13.297111151424465	14.558390815122962	31.72087552701358
13.326160465880795	14.394097928694112	31.98988438174312
13.350378966704694	14.220993797705974	32.25268917418468
13.36927560186315	14.040706264239443	32.506712439339736
13.383505260454625	13.851077276373003	32.755396995733115
13.392578408648392	13.653775861330123	32.99618888627933
13.396495106348851	13.44880687401944	33.2290917333561
13.291449499495439	13.676865044820351	32.71635411835374
13.298561260526826	13.482401457359616	32.94869442139554
13.30058921416757	13.280964577439763	33.17291469756169
13.297533413035934	13.072558669469878	33.38901879087189
13.28923129324268	12.859427071150535	33.59510137621318
13.275899716714974	12.638587586483295	33.793712734117896
13.257377187195	12.412312027504347	33.98298266454662
13.23366374108601	12.180603344488402	34.16291598043426
13.205431451376437	11.959359389247284	34.32483746943143
13.17171165271147	11.718706941912151	34.48573476430898
13.132857096742436	11.474348427990426	34.63647164307814
13.088867799925545	11.2262851811639	34.77705335259425
13.040079529857122	10.977283001412758	34.90679272475035
12.986044616812142	10.72365580900951	35.02661818718727
12.927098981920254	10.46817259382247	35.13588413001017
12.863242620208423	10.21083295281563	35.23459564193951
12.82010471347302	10.076660994858948	35.306423470641406
12.74919968204595	9.81710170155124	35.388657739136356
12.673690284186524	9.557315721629408	35.460335670556354
12.593576497451238	9.297301236176095	35.52146176825439
12.509606975507525	9.039659261121916	35.57255530760227
12.420783446785496	8.780916371195572	35.612933555427375
12.327853853773268	8.523653312495423	35.643147233011405
12.230818157939709	8.267866962293779	35.663199724629976
12.135411598616724	8.0281349835536	35.67934887453941
12.030948200141085	7.776528019555421	35.68021285087037
11.922969762341536	7.527870197970686	35.671628194657465
11.81147623634042	7.28215755754522	35.65359692262531
11.697479041017047	7.041257347039808	35.62756706527207
11.579629499187881	6.802670283284901	35.59161140421672
11.458937821343365	6.568230249752422	35.547187937164274
11.335403954357124	6.3379329408541	35.49429722226159
12.485481306316027	9.541384814754682	35.47515933250998
12.409657638021002	9.2845037177772	35.531372651119
12.329438058755098	9.028350389391768	35.57752628207884
12.24482253987471	8.77292250819843	35.61362417785401
12.156654525000025	8.52057584569827	35.64041264594824
12.063809343868325	8.26816298943577	35.65690484252854
11.96712961394147	8.01801642403792	35.66387360078267
11.86661529343664	7.770132763246396	35.6613216348818
11.768366744168441	7.537349004426951	35.656524744728785
11.660963988847037	7.2950062508640166	35.63610531062847
11.550358274051915	7.05621125466129	35.60697232577256
11.436549550729746	6.820960040327339	35.56912712440627
11.320576001410034	6.59082261585322	35.5240940942913
11.201053266044415	6.363696181354229	35.46984267216885
11.079018345209027	6.14111823061954	35.40790209660142
10.954471188389375	5.923084669738489	35.33827232662807
10.877022489006437	5.774374178746703	35.33730637532895
10.74849285275125	5.563079858251403	35.25529648688507
10.618073204747468	5.357017901972308	35.166597834807895
10.485763497150531	5.156184432381874	35.071209273878246
10.35261311755329	4.961269692730463	34.970916683775954
10.217222776204867	4.77134474418504	34.86333537790045
10.08064080278078	4.587071109116385	34.75023791779334
9.942867156584375	4.408445489294105	34.63162219936172
9.810092184599833	4.237532912921517	34.518717941357174
9.670506835689745	4.070058319638638	34.39025510177579
9.530383134021717	3.9083885903825477	34.25740265916452
9.389721048282363	3.7525211873826496	34.120157870388304
9.249422103405282	3.6023741017430253	33.98015008753244
9.108284201604725	3.458051447983966	33.83520012994178
8.967208238846863	3.3194544180502596	33.68691390262212
8.826194194235557	3.1865813184296914	33.53528833748432
8.981100558431608	3.1593967499865085	33.96878462495934
8.835720113842234	3.0205519134137933	33.81176586699063
8.690643100304655	2.8876188588634113	33.65183123760709
8.545869500966418	2.7605962205404952	33.488977367756476
8.402175434456273	2.638969062150359	33.3246352129038
8.258526045428727	2.523421492988617	33.15688899419672
8.115697167595773	2.413431226222968	32.987142860271355
7.9736887946035315	2.3089977469077785	32.81539350386318
7.836497937713672	2.2058411519116414	32.64963282509674
7.696386219246311	2.111902348729525	32.474574122360195
7.557524470259143	2.0230670489566394	32.29827980536187
7.419912693354751	1.9393354635174203	32.12074681399764
7.284063442097546	1.8599158198359556	31.942958430604822
7.149293323942783	1.7858648040526954	31.76359677794918
7.016115032236406	1.7163948078207518	31.583622175420196
6.88452857672439	1.6515066209955456	31.40303193773523
6.773510381449566	1.5511547523676414	31.26858502557627
6.643929442053572	1.4940729706713065	31.08637758406591
6.516215424185378	1.4410771411088747	30.904045393768335
6.390368343057943	1.3921684966036552	30.72158614563667
6.266665161994661	1.3465065007859467	30.539603612974926
6.144736635234179	1.3052150027843141	30.35728775594044
6.0248601261421815	1.2674646250146688	30.175225741777137
5.907035653548548	1.2332568935310095	29.993415706670387
5.7923200033924225	1.1973418104812992	29.81491759902218
5.678584171385701	1.1696603668634549	29.63382708690204
5.567019921529812	1.1450074743684482	29.453270650232415
5.457627274808144	1.123384833579846	29.27324683848025
5.3504936392890405	1.104054295372805	29.09407638133828
5.245502520698272	1.088004095954434	28.915328574268965
5.1427418343253715	1.0745100723610772	28.73731412353682
5.042211602073689	1.0635739997337663	28.560031946671966
5.639882542097234	0.022245018691893215	30.865397579099163
5.50077641184446	-0.016235143403042048	30.660469955475143
5.364214157171573	-0.05098606226231528	30.456441538010104
5.2301958079002695	-0.08200532100823614	30.253310109833787
5.098840871444539	-0.11034341504964917	30.051437743499616
4.969990075190483	-0.13459396173035681	29.850337010166292
4.843763645249096	-0.1557876447600952	29.650354703567462
4.720161612499562	-0.17392196155772158	29.4514891892761
4.599245538530715	-0.19524600088695543	29.25534359036511
4.480771782534739	-0.20788235716358666	29.058785117356894
4.364938048673247	-0.21805676467492674	28.863477178042938
4.2517443675270234	-0.22576674502372154	28.669418619925803
4.141126686120258	-0.23182940713725575	28.476723498612255
4.033170478717775	-0.23514957527018895	28.285237391748165
3.92781240311414	-0.23652486525646133	28.095066793416738
3.825052488576991	-0.23595290512170203	27.906210936126783
3.7186415109285056	-0.27524232650601377	27.724386033440872
3.620130983331699	-0.2711887525789361	27.537775518141068
3.5241573956646413	-0.2656285839692307	27.352513392131417
3.4307207756382394	-0.25855957486660636	27.168599177563113
3.3396462140759042	-0.25057070890418043	26.986020837894916
3.2511669859612877	-0.24087158918886448	26.804793503007485
3.1651088145461697	-0.23003389879167102	26.62490228209721
3.0814717252703114	-0.21805557596563355	26.446346915067178
2.9989303627459383	-0.20828026133358168	26.268889391730173
2.9199553099395295	-0.1943347602316473	26.09295718291433
2.8432658225993213	-0.17955103439935538	25.918330771268963
2.7688619237904177	-0.1639272145420499	25.745010049324883
2.6965186340692	-0.147852490918579	25.572933710092762
2.626535977826652	-0.1308037451316441	25.402183339172442
2.5586894968840235	-0.11315592653526885	25.232697250493658
2.492979211926672	-0.09490735869964537	25.064475438252586
2.332659079474006	-0.3223377101451348	24.895784079945393
2.267375020094117	-0.3032432678113564	24.72866240798651
2.204156349007808	-0.28380068659202884	24.56280084523081
2.143003085715666	-0.2640083860762655	24.398199463679052
2.0836583189658375	-0.2441161099409026	24.234773005275564
2.0264646406006	-0.22378734066634312	24.07263535032709
1.9711655767593164	-0.20325988332840073	23.911702013424566
1.9177611445988656	-0.18253234746026717	23.75197310212061
1.8646544560987581	-0.16298498947289808	23.5929149837168
1.814875710306562	-0.14198836646398202	23.435538563744494
1.7668244304136724	-0.12090277025671536	23.27931320234313
1.7205006314374625	-0.09972698377900265	23.12423902221155
1.6756641465565818	-0.07859439503136922	22.970239478851934
1.632635231602912	-0.05732444619100097	22.8174169219535
1.5911740554584135	-0.03604136564679372	22.665695833968403
1.551280631216688	-0.014744092237278116	22.515076339551552
1.5014504290278397	-0.0018960446229216998	22.361692702872457
1.4646119215465578	0.01924684208284292	22.213223491699356
1.4291858917153193	0.04035118562944984	22.065810152265776
1.3951723508774323	0.061417905327058375	21.919452802622665
1.3623616342354388	0.082392739304054	21.774087827143937
1.3310333200349278	0.10335007760473364	21.629800314562832
1.3009779965229573	0.12424256125098765	21.486527578071158
1.272195673531059	0.14507098703215376	21.34426972556279
1.2434672241146683	0.16555393437959598	21.20264850883941
1.2171216552210626	0.18622303368580995	21.062383340223345
1.1919203752588192	0.20681864158233054	20.923095851965396
1.1678633927268007	0.22734144685329205	20.78478614002329
1.144776765204802	0.24778854381351945	20.64740272362726
1.1228924347691	0.26816533434074075	20.511014458056355
1.1020366484036217	0.2884740791970666	20.375570599351317
1.0822094134519804	0.30871537354031225	20.241071231646522
0.15584200589641117	-1.0853648195175882	20.013700561841134
0.1252799088971521	-1.0798341041460255	19.880413411172785
0.09558343181996332	-1.0748866225053995	19.748089239140793
0.06675258127690163	-1.0705218387263808	19.616728126477078
0.03858009210647939	-1.0667492451374185	19.486274607396783
0.011342332302077958	-1.0635550146378316	19.3568028110291
-0.015167818346899953	-1.060944692316511	19.22825785662405
-0.04095035438484144	-1.058917836027297	19.100639809070028
-0.0671929442901602	-1.0575699265861491	18.973633077071998
-0.09162302173885062	-1.0567338303919898	18.847840964982744
-0.11545136045497051	-1.0564792993883128	18.722943881857315
-0.13867795598145918	-1.056805972355863	18.598941879964904
-0.1614717990035115	-1.0577154150645285	18.47579218114687
-0.1836075589276273	-1.0592047553201063	18.353551936686213
-0.20525412935732357	-1.0612729170074084	18.232178748594663
-0.22641150668264204	-1.0639196075599608	18.111672659809393
-0.25488230636425646	-1.0684335444443605	17.990019037041506
-0.2750082844104001	-1.0724263292890692	17.871256241395233
-0.294755003482821	-1.0769942939289603	17.753335426878273
-0.3141224607473287	-1.082137208669127	17.636256629352733
-0.33324715877640454	-1.0878603325092948	17.51998667242689
-0.35194708804531805	-1.094156159504812	17.404569871478497
-0.37035869006344946	-1.101028288922281	17.28997331940849
-0.38848196260660217	-1.108476540503314	17.176197048360926
-0.4071024320102814	-1.1165948573340163	17.06305239440344
-0.4247176102592101	-1.1252193232479302	16.95090020513664
-0.4421277759959086	-1.134424450226562	16.839549063744702
-0.4593329275213236	-1.144210100571388	16.728999000860462
-0.4764459696011847	-1.1545918092914498	16.61922433729662
-0.49331635896065396	-1.1655485723194459	16.510259383575725
-0.5100569644956057	-1.177094951908117	16.402078703610645
-0.5266677849506715	-1.1892308463170829	16.294682328606267
-0.5925532622610516	-1.2233700376211711	16.17764405448715
-0.6083023702605357	-1.2381114965584206	16.072051079879675
-0.6240413996011496	-1.2534471564375282	15.967229133450449
-0.6397703496731466	-1.2693769678420441	15.863178249516537
-0.6555772343926032	-1.2859374681845166	15.75988129495091
-0.6713447006894037	-1.3030798451193855	15.657361198174444
-0.6871607507721325	-1.3208403221164566	15.555601116040066
-0.7030253843134477	-1.3392188726465128	15.454601088264944
-0.719469027920216	-1.3585122783147447	15.354271823971445
-0.7354818172579332	-1.3781706495680708	15.25478547378513
-0.7515992703572771	-1.3984769700266337	15.156050627059175
-0.767821387135538	-1.4194312329872736	15.05806733073689
-0.7842283386014812	-1.4410880755538429	14.960826005934246
-0.8007132300618788	-1.4633746470490807	14.864339541304023
-0.8173562325414254	-1.4863455903264065	14.768598761843359
-0.8341573461653911	-1.510000915538197	14.673603723677287
-0.8550768450021007	-1.5376044040094712	14.578969686432735
-0.8722309925050334	-1.5627947008740486	14.485487257607065
-0.8895987806508745	-1.5887128440020781	14.392748175539783
-0.9071802097575546	-1.6153588591600558	14.300752508165136
-0.9250523237346338	-1.6428088470708495	14.209500161588764
-0.9431123982409286	-1.670961410739163	14.118991430753569
-0.9614374860966466	-1.6998928990519468	14.029226809754618
-0.9800275877695933	-1.72960334992213	13.940206380599722
-0.9993771155218028	-1.7606508390962237	13.851957215141342
-1.0185504368895435	-1.7919912849453847	13.764432006625668
-1.0380407833964025	-1.8241696548584576	13.677655714740366
-1.0578481556373465	-1.8571859970541371	13.591628438663035
-1.0780516911861522	-1.8911402725702153	13.506362383025024
-1.0985458747575516	-1.925899319949636	13.42184152298823
-1.1194098589183632	-1.961563513794605	13.33807892261379
-1.1406436443666217	-1.9981329106768042	13.255074701794122
-1.621912992170503	-2.6041297066787266	13.24633382278791
-1.6468162599110288	-2.6579635092958327	13.169076272847065
-1.672452357278977	-2.712929014077261	13.09272738015923
-1.6988212857762377	-2.769026342742555	13.017287403828922
-1.7259888974224316	-2.826442228471457	12.942823424832042
-1.7538673928981534	-2.8849279670875574	12.869246645903585
-1.7825226579268545	-2.944671209230183	12.796626377894652
-1.8119546938397006	-3.0056720627826494	12.724962929009788
-1.8426651961608123	-3.0691921943710554	12.654757105734959
-1.8737187838899916	-3.1328536423445876	12.585069890379174
-1.9056011988490607	-3.1979074938711225	12.516399538714804
-1.9383124421587254	-3.264353839777522	12.448746418206708
-1.9719431530186027	-3.332406175666941	12.382215676014344
-2.006372481573676	-3.4017800361441166	12.316668030363743
-2.0416910907546857	-3.4726895559638447	12.252211792650726
-2.077898981414884	-3.5451348042772755	12.188847401214273
-2.12011771021643	-3.6303031523791454	12.131854072878895
-2.158321355366419	-3.706118918679643	12.070831805856402
-2.197483157972467	-3.783628229824407	12.01099644365763
-2.237603118517751	-3.8628311249721823	11.952348511559299
-2.278797755719804	-3.9439695376674653	11.895047334220356
-2.3209117120549547	-4.02672095196102	11.838881785871198
-2.3640615128913565	-4.111327462866633	11.784015710221963
-2.4082471582409233	-4.197789071349927	11.730449733664388
-2.454295698320596	-4.287739523779527	11.679339836275993
-2.500656152635174	-4.378101192977689	11.628514498869597
-2.5481386144154783	-4.470488790756622	11.579125872447124
-2.5967430830401157	-4.564902266755999	11.531174703399218
-2.6466113815703753	-4.66160982356671	11.484895228466096
-2.6975544104910982	-4.760253687532566	11.439976987296086
-2.749713969757135	-4.8611013903908145	11.396660623066316
-2.803090057904582	-4.964152813500404	11.354947023036775
-2.921030989892322	-5.188406643750026	11.394201758562561
-2.978335172963516	-5.297831198140962	11.357052569992351
-3.036969051091816	-5.4096823134089895	11.321763414998017
-3.096932621354712	-5.523959752701293	11.288335379695585
-3.1583957698277008	-5.640942932831976	11.257119144369721
-3.2211319737073363	-5.760258646767753	11.227649827685818
-3.285311034473577	-5.882183922865671	11.200287387407952
-3.3509329476372764	-6.006718397306128	11.175033104748644
-3.419146117560315	-6.135678377459763	11.154381694484576
-3.487787869074611	-6.265634712863408	11.13363975060045
-3.5579923023855073	-6.398381010415381	11.115299212100512
-3.6297594109442515	-6.533916739376796	11.099361583081915
-3.70327706998477	-6.6725086974871015	11.086321300246757
-3.7782947618285996	-6.813799746966716	11.075522827946502
-3.8550001805869236	-6.958051602748856	11.067473363139252
-3.9333933170392745	-7.105263517567425	11.06217465988003
-4.023140706412145	-7.2693632479227475	11.083581887771944
-4.105143637557637	-7.42278611095911	11.084335007628102
-4.188963404673685	-7.579319535369962	11.088254964342866
-4.274599995034161	-7.738962489775531	11.095343788597287
-4.362247555086304	-7.901915314192582	11.106283364200115
-4.451647189753568	-8.067908202232841	11.120169492781532
-4.542992701450994	-8.237131870132654	11.137701099257345
-4.636284073052156	-8.409584929893214	11.158880507891082
-4.732727065261305	-8.586295059965114	11.188426270048762
-4.830033491689476	-8.765287667558773	11.217440520555348
-4.929411698175543	-8.94758293841469	11.250655232576786
-5.030861662051672	-9.133179035434786	11.288073031180303
-5.134560982194795	-9.322118933602425	11.330601776735476
-5.240272801789149	-9.51434060698983	11.377037358771167
-5.348174116555729	-9.709870196505552	11.428309291793175
-5.458264896953983	-9.908705308056781	11.484420491666361
-6.0817283925164105	-10.67736608180354	13.148360830583679
-6.197610496123742	-10.87767155439775	13.22584444731991
-6.315612370148839	-11.080511169528293	13.309180854024927
-6.435733974257127	-11.285881658308872	13.398372747128462
-6.558011904300594	-11.49331608656976	13.494482097507403
-6.682397264328727	-11.703428808734222	13.596099253811909
-6.808925606882839	-11.915723890558247	13.704307168771463
-6.9375968824370995	-12.13019731825672	13.819108537882132
-7.068202325265869	-12.342763244807465	13.947151652536093
-7.201060178920866	-12.561009579688534	14.075787832433962
-7.3360398705921614	-12.780909762176059	14.211784985249615
-7.473141340756668	-13.00245896826475	14.35514564197174
-7.612248857482623	-13.224640237749473	14.507005067784656
-7.753516582639678	-13.44879757385714	14.665855199827956
-7.8968272759956655	-13.673872219429349	14.832849360712197
-8.042180867605826	-13.89985850584407	15.007989701179847
-8.17892281013667	-14.075060288970533	15.234563761352078
-8.327213148652962	-14.300868022846045	15.425016272083365
-8.477391517195931	-14.526609386919187	15.624288865090634
-8.629457836996655	-14.752277997419817	15.832383025186543
-8.78304887235467	-14.976119269986178	16.050255518266656
-8.938648746964644	-15.200457205614942	16.276633360443775
-9.095892287202643	-15.423483756053248	16.512480644833662
-9.254779406301322	-15.645191889304892	16.757797887786406
-9.411922780585076	-15.852608596296996	17.01676561285983
-9.573548475092803	-16.070073889158483	17.28110702976528
-9.736466012285835	-16.28469373069834	17.5553837758168
-9.90067530114358	-16.496460744219245	17.839595062214816
-10.065460025116375	-16.702752628584573	18.13409126229051
-10.231775060934117	-16.907048603681567	18.438402050442985
-10.398901958932145	-17.106667960715292	18.75286441657532
-10.56684062933663	-17.301603424031146	19.077475948799783
-10.461141522326832	-16.820095725007974	19.317672756758054
-10.620315438378203	-17.00232164115422	19.63332070402347
-10.779908480949322	-17.1786890225287	19.958333408520463
-10.939920575265644	-17.349191809082477	20.292707569606353
-11.09931439244347	-17.51088106356069	20.63581104376331
-11.259472874316037	-17.6676754641244	20.988477603022258
-11.419357077887705	-17.81658246408591	21.350041821135893
-11.578966942906396	-17.9575971803595	21.720498763083846
-11.73047338111634	-18.07186242201906	22.091385229016087
-11.888486706568258	-18.195159440232793	22.477987218647083
-12.045410180834983	-18.30846474155109	22.872504851263084
-12.201243767596358	-18.411775382433472	23.274931763041014
-12.354568016126807	-18.50197932515135	23.683055811727517
-12.507275469564322	-18.583221266597604	24.099810738902804
-12.657946165578474	-18.65237657890336	24.5229296293278
-12.806580101131384	-18.709445015865885	24.952405150165742
-12.881877323186112	-18.633300465899797	25.25686319421016
-13.024243529296168	-18.66841986745463	25.690765061214737
-13.163662338615985	-18.689877559981017	26.128956256533016
-13.30013378467387	-18.697676260756076	26.57142947472991
-13.432019980312838	-18.689539109181034	27.01429263176124
-13.561504889151248	-18.66851116457089	27.462718639331285
-13.686951859918942	-18.632351226509158	27.91276094250719
-13.808360968553446	-18.581065449297416	28.36441310335952
-13.915455957722152	-18.505539125549483	28.789130933023923
-14.027722660085054	-18.423946075274454	29.24039820741068
-14.134874259860908	-18.326380340865875	29.690155624363985
-14.236910871731768	-18.212851216647927	30.13839882220085
-14.332268055114753	-18.083040225169565	30.57997179308064
-14.423032025388396	-17.937395878784685	31.021741535960395
-14.50764136061802	-17.775683569893314	31.45853112175521
-14.586096204679803	-17.597914958835805	31.890339404858548
-12.859586665557154	-16.7409605166241	26.994402564672715
-12.955183359380047	-16.725777375315968	27.353005264640203
-13.04779936426678	-16.699099840599228	27.71221537329824
-13.137434727803148	-16.660931769030345	28.072029275094547
-13.222840064627839	-16.610554782717042	28.42922946107283
-13.305681351756853	-16.548937243872665	28.78809842549535
-13.384710553844563	-16.47539865791329	29.145395173231236
-13.459927740030531	-16.389944628204532	29.501117327552727
-13.524161243389539	-16.2922110170319	29.83362056685773
-13.591130416370321	-16.18357941351269	30.183733496729925
-13.653530069826076	-16.063097132589398	30.529952557703165
-13.71136028817104	-15.930771015552342	30.872277162500165
-13.763619848531015	-15.787392570901325	31.207134503982786
-13.811643918847492	-15.631922995854039	31.539288721137243
-13.85443333822645	-15.465210500642229	31.865171789435404
-13.891988197506393	-15.287262447206718	32.18478530077963
-13.888790570224124	-15.156284119906328	32.34249413882319
-13.917678173065447	-14.96247179417248	32.64911739804154
-13.940889474556982	-14.758505387967936	32.94751545213612
-13.958424560975768	-14.544391893552854	33.237691868630726
-13.969755716223606	-14.322461230860036	33.516641247711725
-13.975586752482668	-14.08962229657299	33.78838081897695
-13.975391832998199	-13.848255753502329	34.0499424328782
-13.969171029279027	-13.598367397028902	34.30133163076265
-13.955737012276565	-13.358078373862973	34.52733249009157
-13.937724251394044	-13.093564538595487	34.757401454615845
-13.913543887560621	-12.822543527301193	34.975802196821725
-13.883195968480097	-12.54501920609971	35.182541616093246
-13.846796049013697	-12.264429633861631	35.37604222914886
-13.804190142820993	-11.976197767373954	35.558424034399025
-13.755494604679846	-11.683782147878972	35.728167439036305
-13.700709452336856	-11.387184213636738	35.885279880662715
-13.71942698355977	-11.98884354590757	35.51273612654029
-13.673146943343705	-11.699278203256068	35.680888503681814
-13.620849538088962	-11.406152992777798	35.83649927566934
-13.562534779224258	-11.109468840704917	35.979575742540405
-13.49872307252567	-10.812785478384725	36.10963514647566
-13.428720544775976	-10.511356690626029	36.227337850321085
-13.353047540068783	-10.208739082846352	36.332257431527594
-13.271704039833212	-9.904931149982266	36.424400611078134
-13.189826846030549	-9.621478028973035	36.50555582957893
-13.098015303507685	-9.317375937914502	36.57310386753489
-13.00105421072152	-9.014318841341394	36.62818290071784
-12.898943523865777	-8.7123031890056	36.67079832275875
-12.792714250601847	-8.414415808518429	36.70208936051934
-12.680991595263581	-8.1165313029449	36.72054812306734
-12.564805323490642	-7.821701564735617	36.72734922698987
-12.444155373461232	-7.529921583588088	36.72249618418709
-12.373742819281624	-7.372181835660818	36.770941271362204
-12.24676753328634	-7.084684048831066	36.74837183537886
-12.115990616365035	-6.8017577398920555	36.71514370482911
-11.981411997997718	-6.523397193602299	36.67125857845558
-11.844322385950154	-6.251614933121687	36.6188332468693
-11.703000669701524	-5.983714073367173	36.55504755138506
-11.558735869484035	-5.721660764682451	36.48202318706624
-11.411527913882766	-5.465449219296998	36.39975980092196
-11.269647368955184	-5.224143634451389	36.322975455212905
-11.117444619694883	-4.979989927132147	36.22400572927778
-10.963163358714713	-4.742522186287463	36.11732220386495
-10.80680352115928	-4.511735155759106	36.002922798417956
-10.649650191379548	-4.288348076429685	35.883188306652436
-10.489989781465285	-4.071390443339286	35.75493834026868
-10.32910596689901	-3.8615433607394962	35.62053144324914
-10.166998694868022	-3.6588025484632114	35.47996424688284
-11.988846443483268	-7.018444965425337	37.23949305379988
-11.86258642400463	-6.726596422378177	37.19631993272535
-11.732418371084119	-6.440020521421612	37.142913973560354
-11.598342213296057	-6.158711473913832	37.07927671193306
-11.461754758851434	-5.884488549678865	37.007608150677044
-11.320793429155328	-5.6149124687938015	36.92497671650744
-11.176853339478583	-5.351756040434939	36.83358572375857
-11.029934419123443	-5.09501353495398	36.733434569705054
-10.888785198139486	-4.852486333740176	36.63952533048468
-10.736815453315227	-4.608806561358181	36.52361432861049
-10.5827838227471	-4.372253858007213	36.40049489194722
-10.426690243810935	-4.1428231483569755	36.270164675451205
-10.269871070462228	-3.921037070867257	36.135008551257066
-10.110544361544395	-3.706187761752705	35.99184010497163
-9.950045126742607	-3.49876153591976	35.843020068412166
-9.788373316648567	-3.298754389109214	35.688544850638415
-9.683782229476659	-3.1224843675748133	35.641026951653345
-9.519532216833257	-2.9335572114265895	35.47676299650836
-9.354862751870602	-2.752100368468396	35.30817393412503
-9.189773799045536	-2.578110958130744	35.13525542060776
-9.025370886406003	-2.411154410487935	34.960051211327176
-8.86017990678196	-2.2518044974230556	34.77982588820785
-8.695305717897112	-2.099608950758686	34.59658719589229
-8.53074830009182	-1.9545661771938294	34.41033053104253
-8.372353630250636	-1.8121078750983965	34.23260033235708
-8.208838042336955	-1.6805974238116639	34.04133559446598
-8.046264744752497	-1.5557365984490747	33.84816500641316
-7.884633732138203	-1.4375249646897346	33.65308408617855
-7.7247138165783475	-1.3249950441046732	33.457528296760984
-7.5654799129648715	-1.2194366191781498	33.25957354660716
-7.407700836513481	-1.1198828340581324	33.060621033116924
-7.2513765937761345	-1.0263342197436067	32.860666681050915
-7.351988880747996	-0.7238312013714276	33.29642974941546
-7.187235317947773	-0.6278138237480393	33.08755768972155
-7.0243028700212555	-0.5377662839623758	32.87824426602092
-6.863191551699488	-0.4536897758814841	32.66848524252551
-6.704435180768961	-0.3743515595145386	32.45930694225735
-6.547322041644081	-0.3013986485260484	32.24933164571686
-6.392386390526308	-0.23361071975542913	32.03955469235999
-6.23962825027035	-0.17098962544578594	31.82997255591668
-6.091303498563914	-0.10563055119210141	31.62574656026222
-5.942933926386758	-0.05247231994339387	31.416914013226865
-5.796992176195939	-0.0036971927985129938	31.208742890304876
-5.653478276037107	0.04069255730328024	31.001230375644806
-5.5126168576697765	0.08184807448967035	30.794892334418375
-5.374108479931442	0.11822900105508159	30.589034952057055
-5.238178468694327	0.15096727611537997	30.38415435463391
-5.104826854657848	0.1800604116588494	30.18024839303269
-4.979217681787095	0.26304625341377275	30.002544049200715
-4.849569971493031	0.28572282177000746	29.799945292262823
-4.722602956030044	0.30540270266616165	29.59854686996759
-4.598316667486279	0.32208329554182497	29.398347178846297
-4.476711398148139	0.3367122160970597	29.199541659043547
-4.357786832717729	0.34801994563510646	29.00186641146381
-4.241544017438939	0.35693339016416914	28.805506124871346
-4.127982983764355	0.36345000063246286	28.610459683409246
-4.016557958092139	0.37310283390867216	28.41747065454826
-3.908202612352972	0.37536148091443133	28.225061722672642
-3.8024793131756827	0.3757446531975184	28.034021205568646
-3.6993880905086884	0.374249923610183	27.84434836995889
-3.598787944311831	0.37157553180355674	27.65606581987485
-3.5008669427637398	0.36678497042811725	27.469141964817993
-3.4054847731092	0.3605576633722478	27.283594808285024
-3.312641463194028	0.3528913538920288	27.099423906720496
-3.340805009767008	2.5048277344699046	29.14412751775944
-3.196519750109121	2.5070562327858474	28.930187370768948
-3.0557448058540846	2.507340854669355	28.718537110681645
-2.9184802262515595	2.5056776087175248	28.509175725905337
-2.7844533726711154	2.503104476741706	28.30195621008179
-2.6540278737628173	2.498228529533463	28.097072650252834
-2.526932203179788	2.4920573562087127	27.894371990525784
-2.4031664049307255	2.484587390114474	27.69385370327123
-2.2806015173363177	2.4816679735104388	27.494401360731477
-2.1631963956393063	2.472141736968648	27.29810901055752
-2.048904217371467	2.4618472682550117	27.10386955112653
-1.9377250213041284	2.4507814251752906	26.911682781623018
-1.8292919927763354	2.4396242245438873	26.72134022481124
-1.7240943041605943	2.4274619946706593	26.533119574616567
-1.6217660067939335	2.4149511236634633	26.346811638204784
-1.5223071344087513	2.4020888777046205	26.162416421488995
-1.4063518544961298	2.425633941466265	25.970830518307224
-1.3119498697285572	2.412402583422926	25.79017350871237
-1.220171806042849	2.3991657192850053	25.61130188079826
-1.131017692684116	2.3859209789037594	25.43421576567075
-1.0440938509252256	2.373089994963878	25.258718835264034
-0.9599252503568151	2.36010535338013	25.08507322616643
-0.8781188613024611	2.3473709906689963	24.91308393069747
-0.798674708784286	2.334884878930726	24.74275113965086
-0.7191213358162707	2.325001282473107	24.57293778168737
-0.6441440528770854	2.3132354400752955	24.4058152409067
-0.5712704329344369	2.3019159723243288	24.240233327736682
-0.5005004972620236	2.2910411551087515	24.076192253652888
-0.43145855625648544	2.2808583467889827	23.913536115549395
-0.3646455762136785	2.2710339413432914	23.752473279026837
-0.2996863376816892	2.261802484008834	23.592849532346403
-0.23658085864574796	2.2531625171856504	23.434665083692554
-0.015617771819485426	2.456318088774708	23.225092885554343
0.04531099483863337	2.4503739717543254	23.070948885045667
0.10462869215236026	2.445213231782141	22.918184576172855
0.16233530497251866	2.4408346411041424	22.766800163280436
0.21877914664198084	2.4373760243308826	22.616680370088858
0.2734957661946498	2.4346509266225236	22.467979356379484
0.3268331439830674	2.4327881021924846	22.320583382924784
0.37879126740032487	2.4317865293229968	22.174492630602195
0.4314311167535654	2.4324581714326903	22.029087389933057
0.4808222253661135	2.433270556761036	21.885558927039476
0.5290515676645713	2.435003529002719	21.743274021655765
0.5761191332414503	2.437656244690424	21.602232831477338
0.6223258983664199	2.4413073514770183	21.462358711970534
0.6672705386645474	2.4458501475758734	21.32375420686879
0.7112538028224629	2.451357084578406	21.18634384326111
0.7542756823102326	2.4578274711823256	21.050127759102647
0.8104541388055679	2.4711636286662078	20.911698968591665
0.8515439480385661	2.4798383697010933	20.77795055854574
0.8918679241443837	2.489512067819634	20.64535702775637
0.9314260602794412	2.5001841683889174	20.513918498357278
0.9704727700528872	2.511907035013799	20.383589890747306
1.008668820509605	2.5246096493223833	20.254431587639324
1.04626847674888	2.5383403347560756	20.12639943508368
1.0832717332856443	2.5530986467815224	19.99949354626932
1.1211631978075782	2.5692638042913805	19.873501464506035
1.1571073896045736	2.5861334873722215	19.748837240776837
1.192612327816159	2.6040585586103173	19.625279121138657
1.2276780081190366	2.623038667627159	19.502827215603944
1.2625200966229306	2.643122043174534	19.381462045961364
1.296851029258659	2.6642436300867103	19.26120984112093
1.330886379386402	2.6864491367193293	19.14205199496625
1.3646261436562022	2.709738291577521	19.023988620314476
2.5721249530112043	4.121745032390685	19.04751216618207
2.610957761156216	4.169681581845325	18.947777029152487
2.6500469126191075	4.219030140578994	18.849431175574885
2.6893924060453487	4.269790598814764	18.752474858505995
2.7291630405472986	4.32204285229377	18.65698763802749
2.7691337476946263	4.375680134508662	18.562864058904413
2.80947329663449	4.430781520033184	18.470185831836332
2.85018168623962	4.487346917508544	18.37895325303375
2.8922770125446253	4.5459492936769985	18.28976857106655
2.9338211189379324	4.605516635293192	18.2015047231002
2.9758416605037517	4.666605130388475	18.114756646773703
3.01833863619286	4.729214693929378	18.029524689252195
3.0614656958056807	4.793439706407521	17.945931664634262
3.1050179704529346	4.8591541254713	17.863814678285397
3.1491490841183265	4.926451613358593	17.783299497610017
3.1938590356693153	4.9953320782835	17.70438652871992
3.246567650090514	5.071027285059448	17.633287053615177
3.2924827733459865	5.143265803267327	17.557772247525854
3.3390797317631327	5.217151261626671	17.483964473516522
3.3863585239674947	5.292683548745538	17.411864205963187
3.434461883131729	5.369966573629366	17.341647878192532
3.483199494816905	5.448861503874307	17.27308141426984
3.5327140550951612	5.529471206833832	17.206345267599087
3.5830055621448165	5.611795534871158	17.14143998862612
3.6349550730693934	5.696519056877946	17.079616280151825
3.686889157569112	5.7823512162123345	17.01852148020765
3.739693026939398	5.869965734437917	16.95940217053421
3.793366678699747	5.959362410523908	16.902258986395303
3.848045214759349	6.050642604584357	16.84733417466769
3.9035484927507365	6.1436706439410225	16.794306297697375
3.960011546848928	6.238545988439066	16.743422950895948
4.017434373671216	6.335268363929436	16.694684862642298
4.130796815829366	6.480012869182138	16.727558873403474
4.190017805350376	6.5811028099653495	16.684138770300855
4.250305348297219	6.684076099754204	16.64307717206425
4.311659440069237	6.788932365691791	16.60437491104368
4.374200220224582	6.895746310073828	16.568356399032513
4.437767490736325	7.0044173614094305	16.534591115178262
4.502481267020239	7.115016748257634	16.503410407284253
4.568341542935245	7.227543972919201	16.474815212283968
4.636069083821024	7.342371956053094	16.451023321622632
4.704291247349002	7.458781863442459	16.4278499342345
4.773735737589263	7.577146480265159	16.407518051964754
4.844402546496327	7.697465154481344	16.390028718321812
4.916396865521158	7.819752371673083	16.375797753197364
4.989578418783885	7.943987147252844	16.364273252093717
5.064052184558658	8.070178018630815	16.355879615394972
5.139818152484295	8.198324146092585	16.35061799092583
5.221504824753764	8.328846879489458	16.367806429665922
5.2998150847821375	8.460760869622797	16.369094690804047
5.379478778748868	8.594591881476141	16.373834335649153
5.460495893551796	8.730338853194409	16.3820266039237
5.542942154760643	8.867904456242114	16.394182294583015
5.626716561786903	9.007415774392713	16.409623301853596
5.711894498469776	9.148765966638534	16.42887041487639
5.798475948467243	9.291953708552633	16.451924950072996
5.886791248223777	9.435995214024544	16.482113780254895
5.976188276975883	9.582704494176042	16.51313218640356
6.067023914230898	9.731116317370388	16.54834072297432
6.1592981399369755	9.881229058520141	16.58774075250476
6.253035153552048	10.032762981798395	16.63192512219814
6.3482026389865664	10.186087004290801	16.680106557353586
6.444824280745652	10.340907089030576	16.732888528429346
6.542900054611643	10.497221273314901	16.790272400068652
6.725692423266578	10.370904982840747	17.648134750285244
6.817481437993333	10.519453840005959	17.70708601292181
6.910676661576958	10.66892854647111	17.770644339315634
7.005278069937042	10.819327150656624	17.838810819604962
7.101193822562763	10.970165400863346	17.91211592307089
7.198546314135185	11.122084157394088	17.989854801433886
7.297243097344186	11.274582364039585	18.07256584719664
7.39728414427489	11.427657758458931	18.16025001853696
7.497767147061939	11.577574592301454	18.25593137876057
7.600345155768588	11.731319852624937	18.353804808354102
7.704173680793175	11.885196712478653	18.456996201519573
7.809252690578587	12.039202614339596	18.565506302757882
7.915384315604581	12.192542541995147	18.679793567155638
8.022832305574065	12.346270331432141	18.79924821563817
8.131398014401814	12.499569537025122	18.924333144833266
8.24108140733764	12.652437342470362	19.05504879154151
8.339205409094323	12.766022479161082	19.20592292205914
8.450311579008176	12.91690711567493	19.346848660070147
8.562360820640729	13.066700102405731	19.493617483731775
8.675353097349468	13.215398469687633	19.646229431138273
8.78894329414772	13.361861746781303	19.804922466890257
8.903591477966055	13.507603560330239	19.96937898599611
9.018951661081113	13.6514594765192	20.139834984520782
9.135023805981785	13.793426455287543	20.316289997166656
9.249039017197651	13.925593171485236	20.498978343383882
9.366140244819068	14.062868733608456	20.687228252227406
9.483665200565405	14.197352194228579	20.88150001873548
9.601613848097825	14.329040608291123	21.081792594147473
9.719456759912685	14.456464171865742	21.287919756117233
9.837899757326902	14.581575976171594	21.500126822374572
9.956412594168228	14.702883936100969	21.718216442432407
10.074995237791525	14.820385405952262	21.942186930174035
10.000701027419234	14.547541064337613	22.023551806134297
10.114276062472378	14.658467147722966	22.24305670773066
10.227679706802787	14.765011369145398	22.467939474116125
10.34091193433086	14.867171615002514	22.69819815314852
10.453298931409524	14.963426451399357	22.933139766461654
10.565739061949213	15.055800057320592	23.173683266931768
10.67755798300895	15.142756847750235	23.419117853753974
10.788755676781438	15.224295379508574	23.66944104282864
10.894548424431317	15.29112903108156	23.918146891708
11.003908118841133	15.360944756731735	24.17721112498985
11.112147030488178	15.424327547608973	24.44043565280692
11.219265152696138	15.481276862636491	24.70781760111684
11.324435542956484	15.530355414741345	24.97792504295833
11.42876078691085	15.57347923254512	25.252660313218463
11.531413926938544	15.609211200900878	25.53056787744775
11.632394970008052	15.637551884564584	25.811644686305794
11.69143371750747	15.602935503721934	26.0172893257772
11.788146062841383	15.617913657852714	26.30089708571336
11.882668625406602	15.624796435443761	26.586494836819384
11.975001425933952	15.623585516609701	26.874079689875803
12.064256172093305	15.61332997825552	27.16152473020027
12.1516173147705	15.595302670645811	27.451659421679107
12.23619720803668	15.568571020216716	27.742335858657874
12.317995887575973	15.533137918962032	28.03355161379959
12.391584241754126	15.485462426532955	28.31038334264965
12.467283187027558	15.432672050452837	28.6008844804874
12.53962999814569	15.37085929068782	28.89031019738164
12.608624723823082	15.300028095274344	29.178658891952242
12.673455540050648	15.220123149646465	29.463333885539864
12.735205001310762	15.131228132071548	29.74779459064399
12.793062534737306	15.033322398316827	30.02943659569568
12.8470281985769	14.926410668937274	30.308259453218195
11.818302514467435	14.542375468776683	27.368601649982526
11.885264242301718	14.521094117437588	27.615750243154515
11.949898333512238	14.492571217862979	27.862746558426284
12.012204815378949	14.456808980936911	28.109589128964224
12.071471850471934	14.413587763546232	28.354380074695023
12.12864862612075	14.363206157570886	28.599646958355535
12.183024033329623	14.305464814561462	28.84348291341285
12.234598107400787	14.240366595561712	29.085887093412758
12.279384580700919	14.168683979789112	29.314465448052726
12.32502905939336	14.08930877788145	29.552652231269935
12.367449835017617	14.002710069127877	29.788087653198694
12.40664694802813	13.908891132129183	30.02077166336568
12.442075756055583	13.808400574383306	30.248712149908727
12.474462545274651	13.700514727754333	30.4745658873765
12.503263644646829	13.585808858463606	30.69634433756459
12.528479096156008	13.464286369065103	30.914048356920034
12.530948616915316	13.372078115226145	31.040061442424822
12.55007978226416	13.240290507694567	31.249478157161406
12.565381057499689	13.102311397859793	31.453708291086922
12.576852482088729	12.958143984282065	31.652753515032376
12.5842187775605	12.809082100827286	31.84493497187406
12.587847069202839	12.653407713011095	32.03249572008904
12.5874629411403	12.492437975641018	32.21377377205545
12.583066426377354	12.326175563540609	32.38877159045274
12.574076993784418	12.16446994248645	32.54874311658245
12.561802584552936	11.988913471289461	32.710571691424974
12.545445286997477	11.809150259730798	32.865244782866085
12.525005124294413	11.625182186122622	33.012765419244616
12.500552247109269	11.438850572945237	33.15214203969902
12.471993165299239	11.247703895819045	33.28470406855438
12.439398443815564	11.053594252267454	33.409485469872045
12.402768093572359	10.856522526816537	33.52648954443519
12.412554060997463	11.174932140297196	33.31537842360076
12.37961621188441	10.980751943133336	33.43611530717616
12.342687070567559	10.7840827602421	33.54902147677537
12.301766643881773	10.584925145550137	33.6541002165431
12.257162370518895	10.385230564015632	33.75093440952312
12.20846433736723	10.182397479260429	33.840087780746295
12.155980004304624	9.978377334158942	33.92116887578117
12.099709365363346	9.773169645060902	33.99418080558652
12.04261930240304	9.578846367732687	34.05895648138128
11.979272288942044	9.372479578610358	34.11621159170038
11.912440618741218	9.166184500553076	34.16543336181679
11.842124274444549	8.959959726955129	34.20662443820955
11.76891629624193	8.755599688132154	34.240192463727034
11.692025915321775	8.55070787495034	34.26559953551102
11.612045660618636	8.34706426979544	34.28327155790604
11.528975505737515	8.144666733504252	34.2932104775034
11.474978130390964	8.022126061499312	34.32271915214529
11.38729699871245	7.821776618558708	34.32031364223277
11.296922877077936	7.623623285188763	34.310613315425734
11.203855733624428	7.427663479076482	34.29361938736411
11.108856760141311	7.235229092809898	34.270318539144476
11.010910957086828	7.044538016560347	34.23939731243419
10.910778731134188	6.856900474830898	34.20184843696196
10.80846004778404	6.6723136716467675	34.157672265161786
10.708967630218432	6.49747549076559	34.11419980238126
10.602839969097584	6.319420619232581	34.05772264142319
10.495049171448384	6.1450675443515275	33.99538674669163
10.385595203388004	5.97441352011295	33.92719167508216
10.275277496628103	5.808166763534116	33.85440442014375
10.163030065529574	5.645376769955058	33.77533404109075
10.049651574826049	5.4867308572991025	33.69124106037648
9.935141993995883	5.332226551961465	33.602124362370446
11.118841746870675	7.519958969150561	34.58598340959597
11.02755610730827	7.319546222564205	34.560920027353376
10.933681097533311	7.1220390845750385	34.528957043666146
10.837216683668208	6.927434809597993	34.490095312684424
10.739001606295512	6.736877398188909	34.44544499468932
10.637917464241122	6.548835000527615	34.39352711566297
10.53480218397253	6.364429229306919	34.33545488256601
10.429655730740215	6.183657268277187	34.271228256920715
10.32780714684374	6.011966230892561	34.20870382364915
10.21916410133737	5.838751413285802	34.13313649256042
10.10904823280907	5.669690020666148	34.052231509566134
9.997459508735746	5.5047794172231725	33.96598806330498
9.885225182548742	5.344528194651147	33.87570742099605
9.771242177291136	5.188252364560562	33.779652132910364
9.656337025521433	5.036440939168611	33.67911432949936
9.540509699378925	4.889091660524252	33.57409259047038
9.460862220469842	4.765259623732401	33.52776951937257
9.343253909897202	4.624984777329921	33.41505897309622
9.225205672744922	4.489329738537183	33.29863311299285
9.106717486649078	4.3582926948862655	33.178490104133424
8.988510890365351	4.231858771600151	33.05585686416035
8.869623785628676	4.110044025795291	32.929093000263464
8.750777255642877	3.992821384029415	32.79940967330541
8.631971284901542	3.88018958959647	32.6668048132771
8.517196136449554	3.7709155161253616	32.538559116383006
8.398787732017809	3.667153691680286	32.40081734697371
8.280844617792864	3.5678324856452583	32.26087231624788
8.163366785048963	3.472951190847857	32.11872188792885
8.046904163693583	3.3821400090146043	31.975352235984317
7.930723498762669	3.2958907817611576	31.829443525060096
7.815374581696607	3.213830191313807	31.68196509317382
7.70085741004257	3.135958038885089	31.532914878633946
7.77121747982892	2.9964080375872917	31.78402534093682
7.652412709489998	2.917580670151744	31.629746817647444
7.534684412392641	2.8429351321160876	31.47424089880157
7.418032589838624	2.7724715289819026	31.317505446166827
7.3028739338137	2.705628701586031	31.160335375772394
7.188652862414091	2.6431554627292977	31.00166600480146
7.075786154193124	2.584493262576505	30.842276118217562
6.9642738155686885	2.5296426212607126	30.682163816990045
6.856107997198877	2.4747582724095634	30.525659623647783
6.7473971938303094	2.427069685791164	30.364461279794625
6.64025738166307	2.3828042979956474	30.202954892271407
6.534688571054728	2.341962948444631	30.04113883814279
6.430926612820502	2.303942626460146	29.87953310877848
6.328657065817396	2.269549502918562	29.717440841079064
6.228116056708606	2.23818827344058	29.555370271400896
6.129303598659662	2.2098600050170036	29.393320066740923
6.040015499856903	2.154024688260949	29.255884225624364
5.943834339072433	2.1310740505802	29.093572230142684
5.8495035724714874	2.1108000126556776	28.931541238495274
5.757023215221484	2.093203803719867	28.769790176241294
5.666485225224704	2.0777362091713045	28.608634525928377
5.577767028238079	2.065132456509811	28.447651358166215
5.490960952210307	2.05485354658925	28.28714867454331
5.406067013310949	2.046900789859862	28.127125656643763
5.323280423479384	2.037953961599192	27.969183915357448
5.242160654687103	2.034314190239761	27.810231499869285
5.162978593782458	2.0326833389998424	27.651910455500477
5.0857342572908975	2.0330627471724156	27.49422018476485
5.010416995869378	2.035012047761171	27.337337597781556
4.937041047095156	2.0391215131726432	27.181025582667026
4.865596151110631	2.0449614756143943	27.02545710444312
4.796082324275363	2.05253326093518	26.870631751358648
4.978810783747304	0.8984073864295024	28.234659823943815
4.878065102017936	0.8943536382022657	28.05815941544891
4.779728068321618	0.8924158449753561	27.882585958160483
4.683799706457667	0.8925959355469127	27.70793866865195
4.590209766585645	0.8942916785741897	27.534350514068397
4.499051969974629	0.8983104916357961	27.361642614195922
4.410256621104995	0.9040653488539183	27.18994285795375
4.323823742881226	0.9115581065057401	27.01925073031342
4.239008999334844	0.9173003885177042	26.850113219620823
4.157167499252785	0.9279327272847072	26.681450534476678
4.0776147463341665	0.9399805258599843	26.51384291626092
4.000350762193391	0.9534455359671361	26.347290056099112
3.925230778073432	0.9679019806882767	26.18182891175676
3.852447868120229	0.9839215448181928	26.01740962322912
3.7818577590088327	1.001092010415189	25.854067389691487
3.7134604708038337	1.0194150035994722	25.691802055855472
3.638942664767673	1.016297960699152	25.532024034855
3.574472996956452	1.036690004626215	25.371688562747124
3.5120947913266662	1.058016584002095	25.21243973340376
3.451808066395676	1.0802791995527596	25.054277502157873
3.3934346784515643	1.103202306813237	24.89719524228129
3.337212194224709	1.127156684526839	24.74120175537684
3.2829628906156305	1.1518782850318674	24.586290443242653
3.230686784453307	1.1773684722205568	24.432461338131827
3.179220455141793	1.2020988975209042	24.279606856636494
3.130761032174707	1.2289833039623481	24.127919120825855
3.084153896832426	1.256508676861976	23.97730392549615
3.0393990643064184	1.2846762474014108	23.827761354191992
2.9963163456603334	1.313331281058972	23.67927184119766
2.9551460269417076	1.3426828567658524	23.53186169971269
2.9157082625451562	1.372585618020294	23.38551222271624
2.878003066109851	1.4030406701990137	23.24022352652162
2.764652475313862	1.3065967380057577	23.08664747703187
2.7290521693521645	1.337507294121714	22.942375259816412
2.695084339942732	1.3688746641947542	22.799155025700596
2.6627489995302938	1.4006998567988873	22.656986911367625
2.63187520163477	1.4329158502648243	22.515847802951015
2.6026909027740026	1.4656142661491183	22.375768848147732
2.575025436751805	1.4987357353823394	22.2367281113361
2.5488788146439565	1.5322811555929043	22.098725739583177
2.5232484953190877	1.5659284701180258	21.96161812648316
2.5000478888284317	1.6002922322033146	21.825675754915785
2.4782605871466794	1.6350684085642775	21.690760545575763
2.457886600109578	1.670257796331843	21.556872650954794
2.4387831310677917	1.7058609855432145	21.423998028965006
2.421140597567932	1.7418789736040274	21.292155761590884
2.4048164242440895	1.7783183912612417	21.161333069688624
2.3898106198262625	1.8151799460311278	21.03153010913866
2.3695849598919874	1.8512099413248806	20.901784601891038
2.3572567703346023	1.8888308172467654	20.7739849193248
2.3461571069698555	1.9268993969138135	20.647200776073213
2.336285977507676	1.965416305171594	20.5214323301118
2.3275343160553086	2.0044310298884347	20.396677874694838
2.320047561062315	2.0438789860009647	20.272940057860893
2.3137168200964506	2.083814396277666	20.150218472438556
2.3085421000024797	2.124237815447452	20.02851328096484
2.3039403262214817	2.1655057217245255	19.907836067327032
2.3010353310438276	2.206941708211184	19.78816659368031
2.299224392995257	2.248917273971633	19.669518826248627
2.298507518151535	2.2914329114118415	19.55189293435548
2.298809658609159	2.3345741232305164	19.435302086209575
2.3002308918487318	2.378228008782419	19.319729127329488
2.302696306704972	2.422483802879489	19.20518862783297
2.306205908578782	2.467341943233879	19.091680767157477
1.797575535169353	1.8992341980272376	18.830300780660025
1.8005369682798662	1.9359240660620676	18.713842734803283
1.8043331769621223	1.9731297766616671	18.598340377445595
1.808964165499075	2.010851676934904	18.483793832712653
1.8143890215591645	2.0491861827527917	18.370208796691802
1.8206623045462031	2.0880055199472634	18.25757797287986
1.8277431989378559	2.12740874825029	18.145908092957416
1.8356317085820988	2.167396179518266	18.035199291964226
1.844160243007959	2.208606464665133	17.925516777239842
1.853662650357536	2.249829717616437	17.816740430136253
1.8639543911101926	2.2917122676072665	17.70893530097636
1.875035468730803	2.334254395445833	17.602101539264638
1.8868929584711147	2.37757402343234	17.49626023311807
1.8995441011350684	2.421514554486699	17.391383628769074
1.9129760504277815	2.4661960532914433	17.28749407593574
1.9271888094790677	2.5116187735000453	17.184591742736448
1.9420703261438685	2.563285445102315	17.083696156132888
1.9579801721707268	2.6102571134296206	16.982808115054915
1.9746675138674787	2.6580614929905737	16.882930257331786
1.9921323540368294	2.7066988109283954	16.784062774282873
2.0103891673704846	2.7563070445213143	16.686246855302567
2.0294186605918054	2.806702735640966	16.58942805070998
2.049235371740737	2.858025590179993	16.493649176995948
2.06983930334138	2.910275812702279	16.398910454251986
2.0914054603315746	2.964368124257435	16.305525329682286
2.1136171564564052	3.0185735629715795	16.212906568863307
2.1366338401124176	3.073807567518174	16.12136621128188
2.160455513548625	3.130070320166879	16.030904511961054
2.185121652124057	3.187520100431082	15.941589283034027
2.210579627049906	3.245946276063736	15.853330737154016
2.236868963905996	3.3055084936108727	15.76619886354291
2.2639896646600444	3.366206912544671	15.68019395919426
2.3088100000645846	3.4859448097646255	15.616274183928862
2.3386409185101082	3.549300291433392	15.532925797371423
2.3693202824477324	3.6139362567075075	15.450779471695427
2.4008480933805387	3.6798528274030406	15.369835558872273
2.433294433839216	3.747226127313077	15.290200748555607
2.4665658636888264	3.8158215872413868	15.211733658308058
2.500732497425259	3.88581619317249	15.134543987832823
2.5357943362083475	3.957210039104327	15.058632150066929
2.572268359404625	4.03117515761071	14.984772246365191
2.609188153315831	4.105499421419717	14.91151012201678
2.647056919716249	4.18134809436151	14.839617141385869
2.6858746593423857	4.258721236125804	14.769093789189542
2.7257328154884473	4.33781372543482	14.700096467941052
2.7665094650695248	4.418365829946738	14.632417839659794
2.8082960633897978	4.500572734611307	14.566218446549318
2.851092610657409	4.584434456297261	14.501498857110919
2.899909563717822	4.6799081851001505	14.44599471918063
2.944914500937205	4.767303364808346	14.384440597157969
2.9909964921541756	4.856491358183911	14.324501296327881
3.038155536882178	4.947472125794266	14.266177483981668
3.086503694465315	5.040452962788179	14.209693090240721
3.1358915506381475	5.135157329216533	14.154751189702413
3.1864311445647506	5.231791928789417	14.101581394418496
3.2381224748977506	5.330356652309948	14.050184484098402
3.2917384668845777	5.432197311779399	14.002149990200946
3.3458260776083373	5.534770716352103	13.95448726785067
3.4011460510664864	5.639412479439879	13.90878336735271
3.457698384806616	5.746122402289006	13.865039196968288
3.5156122636506137	5.855107250347895	13.823567551462881
3.5747154343450065	5.9660907832823975	13.783953608401585
3.635137009686928	6.0792777294502605	13.746517858218487
3.6968769858164383	6.194667776025469	13.71126135419387
4.176849270906837	7.050928680904753	14.37758966911919
4.2493268961485455	7.176666314020298	14.35675339105696
4.323161138703856	7.304795279940924	14.33874511781219
4.3983519899668115	7.435314881203046	14.32356615433908
4.475051590464703	7.568319156267871	14.311698713952417
4.5530570639429575	7.703680919863903	14.30250302738464
4.63252032068786	7.841487777560637	14.29647217663378
4.713441349380698	7.981738812041433	14.293607632419711
4.796726480424517	8.124849650654273	14.297206403597412
4.880648608236143	8.27001115497877	14.301046394046834
4.966123666099072	8.417637791400978	14.30843519142609
5.053151639342657	8.56772837094875	14.319374431564249
5.141861951744968	8.720268261498433	14.33448536788142
5.2320820008044295	8.875273936293794	14.352943610323907
5.323940823373348	9.032719976025707	14.37538381178331
5.417438400705461	9.192604861417108	14.40180776299877
5.518058784683213	9.353738161786255	14.460799086650999
5.614744768128978	9.518224654077642	14.495579674949772
5.713140648308902	9.685054254831176	14.534820377938615
5.813246401678053	9.854225055865037	14.578523108328406
5.915142065858665	10.025523338373407	14.627447926719274
6.018720864563198	10.1992292420422	14.680585958962386
6.124062223332133	10.37511202037866	14.73871251448177
6.231166112964519	10.553169306813075	14.801829589147532
6.3402831976071266	10.731398251825139	14.87483226294786
6.450893575028162	10.913505777851805	14.948433107077607
6.563293345498081	11.097520881258152	15.0275892210391
6.677482473421337	11.283440677229061	15.112302611277395
6.793452012841942	11.470729059424107	15.203436581444699
6.911213802960843	11.660093644398192	15.29984468311629
7.030757987625207	11.85097306693952	15.402405449905144
7.152084524200813	12.043363871788484	15.511120797753998
7.257197129547309	12.088249132480389	15.840604862228515
7.378771631190624	12.27906223875636	15.957460644717397
7.5020563278394405	12.470792593435217	16.080870548334925
7.627051172227237	12.663436365836025	16.210836183224885
7.753596973712653	12.856036143015045	16.348176857882436
7.881905870629829	13.049859086233221	16.491803626099916
8.011817489625065	13.243915067081394	16.642546675961494
8.143331776676002	13.43819970735695	16.800407237059535
8.274801222218223	13.625421705880697	16.969780969491065
8.409234551805032	13.819232214186883	17.142175070609788
8.545099720306563	14.012402635244873	17.32218541985863
8.682396667926678	14.204928122920224	17.509812672123008
8.820756096692895	14.395275880050066	17.70565889475521
8.960670260852206	14.58547804282988	17.90892223165649
9.101768411923832	14.77396187977458	18.12020636936313
9.244050486091407	14.960722218933151	18.339511175097304
9.363919530662383	15.07230897790468	18.580547646368057
9.507028908819265	15.253725608719163	18.813463915545093
9.651000067378998	15.432187060234282	19.054564389053823
9.79583294247662	15.607688156560465	19.303847987717546
9.940881548851088	15.778118438436687	19.56136745365758
10.087007053376956	15.946279953691144	19.827049006363374
10.233561998616146	16.110022033797176	20.10093181229568
10.38054632396956	16.269339767544935	20.383013649983006
10.522834684319594	16.410010368227212	20.670844211680453
10.669954805805052	16.558902303332022	20.968584549100115
10.81697100506701	16.701759313174932	21.274232127556477
10.963883230453218	16.838577211636906	21.58778351912396
11.10972349938623	16.966819962361722	21.908319713773935
11.255782346926084	17.08986016385838	22.237057061111354
11.40109073198123	17.20513343687804	22.573044333655698
11.545648618351748	17.312636847624738	22.916276949436433
10.324015603972907	15.13814651745513	21.56485976447416
10.44436940763421	15.263871222016542	21.814757705761583
10.564727430628508	15.384398111732011	22.070722018835827
10.685089639569822	15.49972448085937	22.33275033204105
10.804627788465831	15.60806011164545	22.600050115285683
10.924446135818972	15.711786329544639	22.873671920120525
11.043715758115578	15.809094802702546	23.15280127945287
11.162436632618583	15.8999836884102	23.437435108468353
11.274775270462946	15.973502655593084	23.719914288992435
11.39167998982422	16.050505886931465	24.014312126489255
11.507426299847415	16.119890180250135	24.313354332701355
11.622014192347981	16.181654872238436	24.617037303437847
11.734440332837929	16.234101893547315	24.92364608614583
11.846042496282426	16.279494983925016	25.2354586209254
11.955817342206098	16.31613667851781	25.550730331102024
12.063764880389924	16.344027770018037	25.869457390055445
12.121330902958222	16.298749778443895	26.097347064557358
12.224571590501068	16.31097850284763	26.41831381398589
12.32536073132445	16.313651506116404	26.741318360126016
12.423698353202669	16.306771039198228	27.06635711619399
12.518518912550881	16.28925641418983	27.390854715350542
12.61124321558978	16.262555148614176	27.718237068350565
12.700806578746283	16.225610944184496	28.04590309403592
12.787209049261344	16.17842762950981	28.373849863640704
12.863994539639751	16.11732203286064	28.6840355072341
12.943446629730934	16.049803933458005	29.01038133426427
13.019058657594622	15.971728466508758	29.33505630898119
13.090830687007962	15.883100800785426	29.658058654950104
13.157807272807998	15.78398644245588	29.976262041937503
13.221262501404881	15.674310978648627	30.293832020317595
13.280242554307943	15.554184938867355	30.607634985509627
13.334747506677575	15.423614414431379	30.917670745776675
13.133723463804804	15.347749526562547	30.338073973395456
13.186880051719156	15.227734428589287	30.637630104821486
13.235577359608858	15.09796182243682	30.932780838457294
13.27981545807083	14.95843742958107	31.223526656952185
13.318886701248003	14.810174824592012	31.506967235405845
13.353734783046143	14.65183603586694	31.786972195017096
13.383653724915852	14.484480266467926	32.06065245911748
13.408643597451976	14.308113237702758	32.328010198207686
13.425665148165525	14.132671574127523	32.572362004603804
13.440733708046608	13.939879204301478	32.82560702589044
13.450543672859501	13.739228959256492	33.070816501422215
13.45509510502248	13.530725897636376	33.30799417050019
13.454123755819294	13.316604470567745	33.5349177205897
13.447982090424583	13.09389623358528	33.75456006647538
13.436407164407433	12.86487060904833	33.96473438392449
13.419399024414858	12.629531377430046	34.165445658258356
13.396691645554732	12.498234142444659	34.27028066252629
13.371512601320442	12.254531811558394	34.45521410460644
13.340891928638458	12.0061255421116	34.6297666003327
13.304829655543154	11.753017606129736	34.7939437751847
13.263569442606304	11.498109453880339	34.946717810606934
13.216786454961913	11.23753620464459	35.08947245256763
13.164724758061583	10.974209285117821	35.221225649182294
13.107384356416443	10.70812906090109	35.341983134416175
13.048017471443096	10.457803622985653	35.44932462230942
12.980769461327911	10.188165223266513	35.54849014567434
12.908568227960046	9.91772541253831	35.63650857634659
12.831413753278342	9.646482727047584	35.71338511072734
12.750034337396665	9.377287346286746	35.77949599297651
12.663458854414822	9.10633424269875	35.83435084358243
12.572414962278192	8.83645506922702	35.878363007574656
12.476902623694043	8.567646803509218	35.91153657709574
13.0655185662767	11.680162837103266	34.34241156419915
13.028393687175189	11.442115455058872	34.489988271908516
12.986293376921706	11.200887759867257	34.6276170342865
12.939217646803002	10.956480666254741	34.75530284974478
12.887549601293763	10.711556221741398	34.872517951811794
12.830778443773898	10.462565787086476	34.97997755013362
12.76928732422741	10.212171702819699	35.077192942895486
12.703076233829476	9.960373253739895	35.16416885587265
12.63597849395507	9.723556366547367	35.24109439726336
12.560984704120095	9.470583437811477	35.30817616662636
12.48165970981773	9.217914386907763	35.36512145269251
12.398003484547633	8.96554706613503	35.41193421993272
12.310792381269533	8.715893006337268	35.449271962581314
12.218991188608449	8.465730828052791	35.47626636194501
12.123375479457325	8.217450019081298	35.493601890647874
12.023945213697417	7.971047328028317	35.50128136540949
11.962662910842475	7.830688686011735	35.54033430788087
11.857689500649156	7.587143412621284	35.53297968126891
11.749414141911627	7.346717018380402	35.51662315506062
11.637836786827274	7.109405629160799	35.4912663767366
11.523955095735078	6.876917280609396	35.458356342184686
11.406438739867438	6.646965273207518	35.41596641897645
11.286284211547905	6.4212254467870995	35.36555097313421
11.163491460052537	6.199693690463155	35.30711028118021
11.044577222931416	5.9906137571949545	35.251119125595324
10.917232246122426	5.77795961133114	35.17794995884533
10.78792949224326	5.570302436223266	35.0978503820247
10.65666891282178	5.3676383034822015	35.01081944775243
10.524480755480043	5.170758302567816	34.918623280422445
10.389991248318454	4.9785988620490675	34.81890397333357
10.254229558291751	4.791921695683634	34.71341577966797
10.117195643333487	4.610723394226799	34.60215676311175
10.312002605647288	4.809758849996163	35.03048079976689
10.173871046252746	4.619474539174241	34.918126185131435
10.034610072012134	4.435011969747528	34.80032412604194
9.894219642094772	4.256367832622983	34.67707233123583
9.753702277315067	4.0837600459435555	34.550154936110616
9.611721196061485	3.916890985746711	34.4171871865815
9.46927806067135	3.7559554566120075	34.27993214950579
9.326372840429409	3.6009509692438813	34.13838691641767
9.18866330672434	3.4512973602021115	34.0032600731993
9.04530654010105	3.307784309516167	33.85419197825667
8.902087997387614	3.170097782996835	33.70189241799391
8.75900765861445	3.0382361622237664	33.54635818645921
8.616857925384368	2.9117873471170914	33.38905215762868
8.47458222432592	2.791297732788181	33.22801630721774
8.332972597257685	2.6763458099058237	33.064687668621815
8.192029034615363	2.566930803338254	32.899063018562494
8.083982879157727	2.439962919787078	32.80051886114066
7.943461603852874	2.3395582275579967	32.630395971800475
7.804044964627679	2.2443514843462404	32.458745337868734
7.6657329607681675	2.154342632288178	32.285563858904496
7.52907491872055	2.068793796622977	32.111904580237976
7.393338408122435	1.9886892074191675	31.936356472179508
7.259072822463433	1.9132931805218414	31.759949094410498
7.126278168703347	1.8426062799833283	31.582679676116776
6.997575818722133	1.7715128488396399	31.41021127869267
6.8678440680194095	1.7096233560164922	31.23167594446085
6.739868244743561	1.6519234999834977	31.052814004202617
6.613648361711193	1.5984143194529656	30.873623085169278
6.4894933429843835	1.548283202629193	30.694760276684033
6.366991323299217	1.5026163457163961	30.515344284536155
6.246451575293603	1.4606109028096323	30.336014998078852
6.127874115886429	1.4222682450878923	30.156770471263968
7.182178205237964	1.2092885820809895	32.90130066033732
7.033691475446558	1.1210687487185131	32.70344090897468
6.886804217226484	1.0381957601273393	32.505065444208064
6.741516442088432	0.9606705491830178	32.30617084494811
6.5983138874226315	0.8874547846834586	32.10765890166285
6.456548936127614	0.819935562607236	31.9083196975109
6.316707672386154	0.7570843848055722	31.709029881444934
6.178790114497144	0.6989027342990274	31.509786574781593
6.044899093927898	0.6387037462167076	31.31520065265705
5.9108739076728956	0.5891206456514007	31.116384294123552
5.77900479691084	0.5435422826709697	30.91803727830326
5.649291784454016	0.5019705060805595	30.720157278416238
5.521952324689332	0.4634241700900015	30.52322611462536
5.39669653390931	0.4292159650225205	30.326596383645416
5.273742434442997	0.3983804695996165	30.130733500031216
5.153090051609579	0.37091973579635984	29.93563566277856
5.040276909630596	0.29773326774983566	29.764576153967052
4.922975905960561	0.27624597617164126	29.57047582812796
4.8080792441520765	0.2575762126487824	29.37735864250236
4.695586950966487	0.24172614603499698	29.18522323283194
4.585519314922985	0.227877681502914	28.99427902267706
4.477849347005923	0.21712666472114567	28.804243944961126
4.37259796779183	0.2086723728252462	28.615318207982863
4.269765203841737	0.20251695843480969	28.427500843821587
4.168991562376531	0.19385991973047645	28.24167419100176
4.070868784658704	0.19183401116382928	28.05610404160084
3.9751335509672474	0.19165339050474728	27.87171479217378
3.881785886896472	0.1933201320255319	27.688505791235123
3.7907195203704576	0.19622350471446026	27.506531759378237
3.702076205951597	0.2011825545298516	27.32571843340282
3.6157502617016988	0.2076027156092124	27.146116400033467
3.5317417116964673	0.21548593915046196	26.96772525227028
3.3997837002403064	-0.08854601090797942	26.864946454711934
3.3138283404135533	-0.07807624408771373	26.685843229904375
3.2302511314259483	-0.06647477546457381	26.508034681556804
3.1490520978183674	-0.05373961614105904	26.331520567209743
3.0700315278585943	-0.040331995651249564	26.156264875450496
2.9934557591994806	-0.025632456031241545	25.982315187054635
2.919125637426949	-0.01008699147544423	25.809634214090043
2.8470411848124773	0.006306202991787981	25.638221858481348
2.77580996013627	0.020949114434132277	25.46775218543823
2.708046056342545	0.03879448103456468	25.29882774741978
2.6423841182450465	0.057257701045934084	25.131136169965462
2.578824165864087	0.07634039699984234	24.964677451711278
2.517140605908869	0.09575134406690378	24.79938936432901
2.457634274303905	0.11588247848564039	24.63535493266545
2.40008002911626	0.13645490244101222	24.472512224379418
2.344477888195051	0.1574700625017592	24.310861298836986
2.279390233078946	0.16265240326593844	24.14719706045974
2.2274214427457855	0.18435522689709008	23.98781196760723
2.177255935842198	0.20636097564257572	23.82957779200957
2.1288937282120908	0.22867093356024118	23.672494628542847
2.0821129010270507	0.25112057045964065	23.51649820927349
2.03720938143347	0.2739321268834262	23.361674463369134
1.9939616062552608	0.29695078078205484	23.20795999508993
1.9523695894612494	0.3201776642489346	23.05535491610714
1.9110837631834783	0.3427186357872394	22.903458341577334
1.8726705328495499	0.3662765610706687	22.75302939772165
1.8357714429934513	0.3899766081677125	22.603670568671635
1.8003865058821373	0.4138197712447962	22.455381971121305
1.7663163936746564	0.4377318061458473	22.308107621705098
1.7338269041563088	0.46181392007552796	22.16192243688295
1.7027189841977595	0.485999365686669	22.016771390762447
1.6729926445452348	0.5102890138993695	21.87265459797411
0.7987626050657628	-1.21203310859969	21.845481519728402
0.7493261600273071	-1.1969824336376225	21.69808654203019
0.7014487097238709	-1.1824655837820082	21.551834672415914
0.6551302672138377	-1.1684815007256661	21.406726091742264
0.6100689108613886	-1.1550977728572231	21.262664695819108
0.5666672315567025	-1.1422219556180686	21.119779022065437
0.5246235958943899	-1.1299137831902337	20.977974315603035
0.48393801486834903	-1.1181723645812227	20.83725072854262
0.4428549685670027	-1.1073953241740542	20.69706377286168
0.40472835474241003	-1.096838441545851	20.558454166752604
0.3677742274089373	-1.0868671544336923	20.420871708320156
0.33199259577090695	-1.077480716879918	20.284316522369064
0.29713146451819394	-1.068701231223531	20.148717023400195
0.2635268475730285	-1.0604975925788436	20.01416892970387
0.23092695213973258	-1.0528863864736602	19.88060156670261
0.19933178589397033	-1.0458669908393288	19.748015035250805
0.15707017807762957	-1.0423718499179522	19.612962942857006
0.12753960767857064	-1.0367714058954725	19.482347581743177
0.09885102087340236	-1.0317620103366654	19.352671802572207
0.0710044239508904	-1.0273431535731217	19.223935684476835
0.04379518848676911	-1.0235163338291686	19.09608558962237
0.017496166108351308	-1.020278440872886	18.969193205882316
-0.00809713385573696	-1.0176272220072882	18.843205466822234
-0.032984706228688404	-1.0155622576817835	18.718122435495488
-0.058334929370636335	-1.0141360571112887	18.59363868107103
-0.08191130371944279	-1.0132639228617584	18.470338024971483
-0.10490584180507101	-1.0129721305752017	18.347911236166755
-0.12731853940862448	-1.0132603383342196	18.226358365080372
-0.14931514120767497	-1.0141252440183113	18.10563797758275
-0.1706746451433419	-1.0155705084578976	17.985805428683733
-0.19156270407784248	-1.0175903311819114	17.866819650241684
-0.21197931460265307	-1.0201844359490302	17.748680683453323
-0.3038775809639329	-1.051207872679976	17.612974357941084
-0.32238845929341975	-1.056747967746092	17.496831100660547
-0.34059681713845347	-1.0628488094544561	17.381509498278565
-0.3585026521961103	-1.0695102111662949	17.267009581954735
-0.37622958419189256	-1.0767401687495717	17.15330110790173
-0.39361278189960197	-1.0845276218611084	17.040424471906427
-0.4107758157246515	-1.0928792267118919	16.92834966857541
-0.42771868389123907	-1.1017948393833767	16.81707672713009
-0.4451555138195977	-1.1113864020159863	16.70643362010868
-0.46172091370995816	-1.1214554182072527	16.596749384850952
-0.4781418794867034	-1.1320958221670328	16.487849472463637
-0.49441840982802737	-1.14330750677049	16.379733912187124
-0.5106536505654939	-1.1551104485371066	16.27237933141475
-0.5267100711659187	-1.1674777886064707	16.165816963097154
-0.5426907899206013	-1.1804287577540933	16.06002367153706
-0.5585958058915289	-1.193963279959417	15.954999487858018
-0.5792925914898661	-1.2097994445258404	15.849680585663563
-0.5950355292629169	-1.2246606865952945	15.746205161810673
-0.6107715983247326	-1.2401218551581596	15.643485901028148
-0.6265007980926884	-1.2561829029960534	15.541522838146294
-0.6423114980404225	-1.2728802864693352	15.440299476093415
-0.6580858710795738	-1.2901653060434597	15.3398378964972
-0.6739122755624702	-1.3080741200725914	15.240121896737655
-0.6897907111832535	-1.326606703768685	15.14115151715204
-0.706253808790402	-1.3460617494583786	15.042841405958765
-0.7222875177356424	-1.3658861545498908	14.945356226509102
-0.7384295721809453	-1.386364427392805	14.848608548364437
-0.7546799720600353	-1.407496562615913	14.752598419234767
-0.7711192402217706	-1.4293378764761782	14.657316905531122
-0.7876400128873479	-1.4518146155587606	14.562776037452243
-0.8043228132667646	-1.4749821112256578	14.468967292039554
-0.8211676414972334	-1.4988403745971621	14.375890726373607
-1.3601660151065724	-2.049524552348922	14.286972910088815
-1.3776946986263752	-2.0914068919773476	14.199154021111529
-1.3958370988255666	-2.134111544919442	14.112158526122574
-1.4145932174771982	-2.1776386548708344	14.0259865790101
-1.4339998916641958	-2.2221360990672157	13.940667208319693
-1.4540080093214645	-2.2674070357234397	13.856162090586352
-1.474654448205631	-2.313600453910553	13.772501575233541
-1.4959392099739854	-2.3607164879424407	13.689685843807421
-1.518172074499117	-2.409748558272563	13.60794527443575
-1.540779804415273	-2.4588226280291776	13.526849484608347
-1.5640578177068019	-2.508926814094215	13.446627033677155
-1.5880061159134047	-2.5600612412516517	13.367278136919557
-1.6126841814232389	-2.612395921921337	13.28885477553821
-1.6380127078806774	-2.6657044561467265	13.211288176304935
-1.6640512127038765	-2.7201578120688854	13.13463217348224
-1.690799697305083	-2.775756104142447	13.058887023084926
-1.7217467209090591	-2.8412922311583646	12.986690696179629
-1.7500917125792306	-2.899400456353022	12.912857482092065
-1.7791932680280755	-2.9587813106574954	12.839984623287922
-1.8090513885029715	-3.0194348951646135	12.768072426162965
-1.8397490932312932	-3.0815571118830185	12.697205341576739
-1.8711756926745886	-3.144886982198736	12.627271530967729
-1.9034142335235114	-3.20962115285084	12.558358084921824
-1.9364647168324371	-3.2757597092903596	12.490465369102498
-1.9709334137032037	-3.344633864551243	12.42421810374563
-2.005686064180496	-3.413736258789779	12.358444296551875
-2.041313742755184	-3.4843844313598	12.293765670569117
-2.0778164502253222	-3.5565784469390556	12.230182662614702
-2.115300656252546	-3.630542952425598	12.167824792666933
-2.153624402890109	-3.705978548463052	12.106520454826065
-2.19289417517086	-3.783110288211274	12.046402930374047
-2.233109973551185	-3.861938208657629	11.987472740798616
-2.3223101612407913	-4.0396431485778805	11.973857676091045
-2.365724632458411	-4.123471435386929	11.918168784727671
-2.4101705680816607	-4.209198780294361	11.8638162268786
-2.4556479679321974	-4.296825168846562	11.810800648102333
-2.5022927153606638	-4.386602906442125	11.759323333017237
-2.5499236316456493	-4.478195511277256	11.709117507793996
-2.598676589328141	-4.571854962980719	11.660390004223107
-2.648551587572995	-4.667581193868879	11.613141591042773
-2.700492223483014	-4.767072769698155	11.568824443243386
-2.752725627209814	-4.8671299134004995	11.524709555594956
-2.8061795019393596	-4.969429645252024	11.482244947951495
-2.860853845950334	-5.073971825749935	11.441431533985305
-2.916907624720973	-5.181030447979502	11.402561460863023
-2.974128879351951	-5.290239788412917	11.365247467198142
-3.0326765229284502	-5.4018723514797955	11.32978952397471
-3.0925505525513577	-5.515927902223742	11.296188713341586
-3.1622436976033352	-5.646902545472557	11.278861025636761
-3.2250316927930296	-5.766192278754616	11.249349615721359
-3.28926063113669	-5.888090840760935	11.221947997049881
-3.354930508131813	-6.012597866589481	11.196657450123219
-3.4222212066538784	-6.1399900418061435	11.173895459125445
-3.4908928707627522	-6.269897471187962	11.15310854684013
-3.5611252566150613	-6.402593275765966	11.134725101345747
-3.632918357653704	-6.538076924124557	11.118746625342869
-3.7074713412217735	-6.678106293705259	11.108126865321086
-3.782523172528542	-6.819357501180184	11.097306324756667
-3.8592608679301232	-6.963567079581921	11.089237662748829
-3.9376844181925597	-7.110734280551088	11.083922631731912
-4.017986945694145	-7.261100954099238	11.081943237045737
-4.099910929691148	-7.41434266908469	11.082527785212603
-4.183649240446099	-7.570694213084872	11.086273076941252
-4.26920186528388	-7.730154558853841	11.093181139066827
-5.031540764232714	-8.933940399494093	12.411476041790815
-5.130004839704775	-9.109090551229658	12.443210977411786
-5.230411084528036	-9.287226563021715	12.479318610931866
-5.332759474982318	-9.468346512485157	12.519801341565525
-5.43719565772887	-9.652383791443468	12.565530948546636
-5.543525376632712	-9.839422300598251	12.615350837983758
-5.651893652827184	-10.029377995034608	12.670152353626277
-5.7623004559793065	-10.222248416438303	12.729938104859794
-5.875466496847068	-10.416994587875159	12.800503182912877
-5.9899911216837936	-10.615503376786588	12.870882291337452
-6.1066299779438395	-10.816758291760063	12.946919279036809
-6.225383027448021	-11.020756238591192	13.028616907440515
-6.346321581029757	-11.227106726210128	13.11703844826911
-6.469350461214606	-11.436322599690033	13.210772714646643
-6.594539987286307	-11.647985790472319	13.310904716703853
-6.721890111956598	-11.862092466114115	13.417437274481069
-6.852132653543007	-12.05773016678772	13.576271276103228
-6.9832839674198475	-12.275598038440137	13.695729937308633
-7.1165970561405665	-12.495429975143693	13.822342935561261
-7.2520718626959	-12.717221356624126	13.956112981521242
-7.3896365110294955	-12.940065386878679	14.098207115672091
-7.5293866941433265	-13.165159640042768	14.247075401696113
-7.67124908367466	-13.391557043228225	14.403904732787314
-7.815223611854931	-13.619252104180816	14.568697531220822
-7.960158177580389	-13.840947869133796	14.748274463519778
-8.108113004402224	-14.070259876179218	14.929572214581267
-8.258060875026631	-14.299973618011855	15.119615161878485
-8.410001711135266	-14.530082747378364	15.318405172763622
-8.563629236811538	-14.75894011223474	15.527004248088067
-8.71935162933161	-14.98872646724469	15.744000063097731
-8.876860671316734	-15.217741038079453	15.970465344987877
-9.036156275034482	-15.445976714528312	16.206401086416836
-9.056619117869035	-15.222484199891856	16.624592834587848
-9.211476376217233	-15.441047971616385	16.862959606909854
-9.367838088491462	-15.657621144345029	17.11077706052988
-9.525704169209165	-15.87219679020605	17.368045166016103
-9.684465615172902	-16.082479655580993	17.635307138481682
-9.844934229062572	-16.291513741451407	17.91183749881764
-10.0064989722581	-16.49694792139779	18.198173056963395
-10.169159757303587	-16.698775107620424	18.494312389895214
-10.327805450695148	-16.88083861553458	18.800774625219386
-10.49189833141399	-17.07356052320221	19.11605580732463
-10.656555764832182	-17.260812561841	19.441180917051742
-10.821777668107046	-17.442588017526436	19.776146892645432
-10.986556279385825	-17.615830922286197	20.120490745873
-11.152235097620608	-17.784601026979846	20.474821160241273
-11.317804540368204	-17.94579302904452	20.8386431569959
-11.483264537729408	-18.099401263549844	21.21195190078682
-11.592282799270244	-18.11175247863749	21.542698195994888
-11.754863046157256	-18.249011047895202	21.928170950855165
-11.916592068063103	-18.376672227373742	22.322193856837686
-12.077469817771199	-18.494732190439162	22.72476065125412
-12.236090980551696	-18.599910771440808	23.13386391413674
-12.394329225131669	-18.696574696919207	23.552164454604778
-12.55077845724714	-18.78142382789847	23.977599779585187
-12.705438661960374	-18.854456953760213	24.410162397821935
-12.848381643982028	-18.896851834116045	24.831731744449037
-12.998235030267415	-18.944670215644777	25.275762580976636
-13.145263837543162	-18.978653336112473	25.724876832638387
-13.289468091501622	-18.99880327773724	26.179066577288012
-13.429152353344442	-19.002524479145706	26.634427454872274
-13.566577306604753	-18.993285669156464	27.09614711102744
-13.70004859884714	-18.968523000283916	27.560260872050158
-13.829566301613102	-18.928242270556947	28.026761465306635
-11.974670740369662	-16.755986603851852	24.234942728362206
-12.093478911821618	-16.822076769539894	24.577152427463815
-12.210765244830826	-16.878455876592895	24.923702966704084
-12.32652974110918	-16.925124063749994	25.274589773127065
-12.439517633811406	-16.96028469142416	25.62746588719602
-12.551401969852341	-16.9863352609598	25.985449824563887
-12.660928279938453	-17.001488334303563	26.34615828755014
-12.768096590468817	-17.00574605094933	26.709586718724033
-12.864868117248655	-16.990452496294782	27.057846318371904
-12.966457109265539	-16.972489750307606	27.4243523986026
-13.064844785754651	-16.942753939618353	27.791613131510985
-13.160031198380706	-16.90124925135577	28.159624615491165
-13.250754209167201	-16.847162761054683	28.52501723600583
-13.338696809470166	-16.781589772608537	28.892275702231984
-13.422598323799004	-16.703758392287877	29.258005072478415
-13.50245882687322	-16.613674675680326	29.622202783064076
-13.524925671469308	-16.49917412463479	29.824623007534395
-13.596979052340139	-16.39019109476426	30.181912479528606
-13.664323462938388	-16.269072454123382	30.5354689330918
-13.726958991937517	-16.135825389188447	30.885291570468215
-13.783860072494392	-15.991165596436886	31.227666480889827
-13.836394342181297	-15.834156247719255	31.567545537409117
-13.883538409265121	-15.665572890213376	31.901218425102112
-13.925292370004808	-15.485423325155187	32.22868663726838
-13.956747979743263	-15.30311237288732	32.52771590507929
-13.987486835717894	-15.101591824727041	32.840666853983564
-14.012309645140085	-14.889641811216563	33.14510531089738
-14.031216500117697	-14.667269797170313	33.441035124790695
-14.043679495704346	-14.436907603521739	33.72532419425644
-14.050402708488424	-14.195329280811917	34.00215945634499
-14.050860236228061	-13.945020706150402	34.268448901560426
-14.045052154914845	-13.685988038219909	34.52419848254151
-13.93258126936357	-14.048750564365257	33.885409093558884
-13.932435231740868	-13.804576461385954	34.143586304799335
-13.926148236759666	-13.55251523248127	34.39112655598388
-13.913720350237654	-13.292572211798173	34.62803590798477
-13.895051988631849	-13.027881694675905	34.85216534701869
-13.870276062441679	-12.754275354337196	35.06639543687236
-13.839294254897656	-12.474920915862526	35.26863088147935
-13.802106605269802	-12.18982156186261	35.45887887735156
-13.7603171677873	-11.920553523981795	35.62840241968449
-13.711287159933509	-11.626479465412517	35.79453974802157
-13.656200399602131	-11.32898853039935	35.9479040640608
-13.595056895638054	-11.028081435769929	36.08850281386582
-13.528406307614418	-10.72738589528009	36.215928030569565
-13.455515750716765	-10.422064520944925	36.330740623276256
-13.376934755709527	-10.115740034910788	36.4325897488127
-13.292663300926954	-9.80841068129257	36.52148218369684
-13.240220467679663	-9.660331354688795	36.59761881581991
-13.148071969782565	-9.352001552127893	36.66694736086301
-13.05067869824197	-9.04470123367579	36.72360197305239
-12.948040608662197	-8.73842680131653	36.76758823991092
-12.841203497978604	-8.436336788247306	36.80005924703002
-12.728772849463239	-8.13421002557776	36.8194890365418
-12.61179319577263	-7.8351694656162785	36.82706742526097
-12.490264473771834	-7.539209991637102	36.82279806593664
-12.371847663200175	-7.263203037819078	36.81740480462038
-12.242217099385005	-6.974677473741427	36.79111357332316
-12.108829102497879	-6.690908977386869	36.75415850445447
-11.97168360015535	-6.411891682491891	36.70654112261736
-11.83209007144645	-6.139608677443075	36.650444106167
-11.688302373744616	-5.871402025706452	36.58295901598267
-11.541628263348953	-5.609207512350888	36.50627192986239
-11.392067667802477	-5.353019265153258	36.420382297003194
-12.88252928599816	-9.236664631183576	36.78214271827098
-12.78879262376209	-8.931574287868353	36.828268720865665
-12.689949055038014	-8.6283414103549	36.86234710543509
-12.58599853189295	-8.32696211394975	36.884382909472684
-12.478071870864701	-8.030311577974528	36.89568094070775
-12.36466119005021	-7.734545976333986	36.894511586260776
-12.246895991344687	-7.4425036680025904	36.882211710470585
-12.124776211174291	-7.154179500685086	36.85878434749667
-12.006259946110124	-6.884581807962951	36.83547358375014
-11.876415139661207	-6.604760130900134	36.791448563994805
-11.743041050600718	-6.3301366112508255	36.73752397224943
-11.606137608994556	-6.060705581256604	36.67370075678938
-11.467030817694502	-5.798158052395678	36.60216289409447
-11.323952510136312	-5.540226151779849	36.51999896882722
-11.178227049462114	-5.288555967639223	36.42939231407638
-11.029854367945891	-5.043142011168145	36.330341934051965
-10.940643403719434	-4.871705316432806	36.328958642315605
-10.78795734000714	-4.635250446242736	36.216333921878615
-10.633398102489735	-4.4057227909234395	36.09661852886364
-10.476965630595162	-4.183117441456014	35.969810005517616
-10.319939788560443	-3.9679354556823636	35.83824308277992
-10.160613959573812	-3.759498126518571	35.698798030031305
-10.00026671139145	-3.5582714998142606	35.55378494978437
-9.838897996485395	-3.364251723700145	35.40320024340519
-9.68383591184898	-3.177743736297595	35.26120199846265
-9.521058100059237	-2.9977186554779434	35.10089315139791
-9.358034636875113	-2.8248636986452187	34.936417412399514
-9.194765489658451	-2.659176220663891	34.767770543293494
-9.032288533786641	-2.5002216439221474	34.59690555610895
-8.869219871739244	-2.3485742440186095	34.42120834049191
-8.706596768589813	-2.2037833599228005	34.24259705874928
-8.544419206709229	-2.065847562895378	34.06106728948293
-8.721966640502165	-1.9606684012443507	34.61170011542228
-8.553318245509843	-1.8152782995613925	34.42247533855191
-8.385408792856108	-1.676942898082058	34.23086726459631
-8.218238271207671	-1.545661278308029	34.03687107741939
-8.052664109275412	-1.420503700948955	33.842107205485526
-7.88754305393989	-1.3027086158354686	33.64440409126033
-7.7237324144421855	-1.1913436179305599	33.445344911261444
-7.5612321930914375	-1.0864088943768606	33.244925187473875
-7.404248345194201	-0.9810711985422724	33.05185176516942
-7.244591032770274	-0.8881146627087334	32.8494155579512
-7.08669925531694	-0.8008833669247677	32.64643682264029
-6.930573025849666	-0.7193783660193585	32.442911616293465
-6.776723313865029	-0.642454215653065	32.239834476360286
-6.624468863770124	-0.5716411791915242	32.03587069419923
-6.474321038027007	-0.5058049609062873	31.831985911470507
-6.3262798573414525	-0.4449472388815999	31.62817683195245
-6.197915904443677	-0.33197624283700744	31.472135276992315
-6.052510962087851	-0.27961770891299953	31.267802668565164
-5.909478966202478	-0.23155610068380383	31.06401828593846
-5.768819942983511	-0.18779354118152494	30.860779422526846
-5.630756592380992	-0.14723253870644726	30.658608533435793
-5.494992044715224	-0.11134156888896106	30.456803240520745
-5.361749650966672	-0.07904116360464997	30.25586698643519
-5.231029440057403	-0.050333666821265444	30.055797695019624
-5.103440447045742	-0.018568558166232485	29.859052871829938
-4.977682718998318	0.003631319314949719	29.660858709880106
-4.854521344060398	0.02288109558336693	29.46374553450468
-4.733956352129856	0.03917834758749067	29.267711816044358
-4.615995854918519	0.0534192685018251	29.072968518476063
-4.5006291063143475	0.06440330121438702	28.879231188218128
-4.387864922538863	0.07300728004707224	28.686700501321884
-4.27770333309056	0.07922881431554527	28.49537538432531
-4.810843513737725	1.6384827730645037	31.176195728727038
-4.651291852276929	1.6705786230890827	30.94966883538757
-4.494938526622999	1.698927716361486	30.724973331289483
-4.341783583360142	1.7235262774985405	30.502106709735937
-4.1918418376100774	1.745716677599928	30.281257034367997
-4.045093643453464	1.7637003700908904	30.06216840284622
-3.9015549053397027	1.778789820220064	29.845012127949634
-3.7612256683686973	1.7909813728985409	29.629786493937363
-3.6234191584009547	1.8080694765540706	29.41701164390851
-3.489293448383832	1.8152128778611953	29.205613379535084
-3.3583159612829583	1.820191757531489	28.99616295181267
-3.23048673939228	1.8230026878828776	28.788659256858402
-3.1056191928752845	1.824622633994367	28.583049143043915
-2.983962203796027	1.823741226682338	28.379401312228797
-2.8653301461449	1.8213090656753108	28.17765570719272
-2.7497230585591614	1.8173230196448253	27.97781167883871
-2.62477096606227	1.8623144973814125	27.77841740683987
-2.5141217323141674	1.8556302877389554	27.582049403384794
-2.4063580433279235	1.8479083102572256	27.387523597656774
-2.301479934210577	1.839145719711838	27.19483966321078
-2.1991921495785505	1.8300091391213331	27.003852344586722
-2.099888441742976	1.819603378544999	26.81475475448169
-2.003274344608447	1.8085735089473887	26.627399969763374
-1.9093498892304803	1.7969170134567347	26.441787881921982
-1.8160656398964843	1.788377643929008	26.256956497813967
-1.7272706601666603	1.7758156626548405	26.074724503960248
-1.6409536123842976	1.7629605796848606	25.89413150082157
-1.5571145237528405	1.7498101903356458	25.715177517096873
-1.475421499804109	1.7367883605125258	25.53770748980319
-1.3963171269084949	1.7233250395621564	25.361928311782012
-1.3194701177093657	1.7098275306671438	25.18768550704618
-1.2448804958259259	1.6962939196263043	25.014979182514534
-1.0312959758407523	1.973475715034474	24.811037841717663
-0.95730551336686	1.9604355801834947	24.641400294306393
-0.8854301889704326	1.9476585596305265	24.473263379447836
-0.8156700240581097	1.9351429184899986	24.306627270447688
-0.7476731188971799	1.9231515442722849	24.1413443979613
-0.6819087203785528	1.9113300911742908	23.977611936910513
-0.6180254032745638	1.899928511047973	23.815283758001375
-0.5560231858319241	1.8889453251018837	23.654360042527134
-0.49375499567980974	1.8798579401784021	23.493998148262357
-0.435302682067993	1.8698573356472352	23.33580865751253
-0.37850595556533806	1.8603939288036457	23.178938695592432
-0.3233648316291995	1.8514664669175644	23.02338843546999
-0.2695593054914154	1.843223021493877	22.8690448632829
-0.217516084166099	1.8354634091728785	22.716059055406955
-0.166915504150142	1.8283264017191199	22.56431932312672
-0.11775757846738284	1.8218109436251004	22.41382582271169
-0.05481687634564825	1.8255089145362762	22.259324542327548
-0.008476265803731392	1.8204984287577295	22.11135977234485
0.03662932367366478	1.816175836554018	21.964577785177973
0.0804998812483666	1.812540259553204	21.81897871656018
0.12341367545610593	1.809671624990647	21.674480483646857
0.16499965785251358	1.8074614400337545	21.531192830872705
0.20553585879876834	1.8059831444388106	21.389034683441214
0.24502226928592905	1.8052360080826932	21.24800615773073
0.2850896471151425	1.8057101799173552	21.107656275272234
0.3226248975955303	1.8064862048028087	20.968850079712407
0.35928268453263	1.8080260259965284	20.831128366285288
0.3950630005072348	1.8103290422142577	20.69449123422126
0.43020228988269427	1.8134407587587726	20.558880825310577
0.4643852773554154	1.8172991928286737	20.424374503543863
0.4978482452499269	1.8219454388484642	20.290915144806704
0.5305911875083028	1.8273790058579629	20.158502834741036
1.7754441152805478	3.5635335415441656	20.115613751389358
1.8199003484664866	3.590277791956929	19.998042631982123
1.8639577774479994	3.618374224613897	19.881772300675582
1.9076163974305287	3.647822450943612	19.766802937205345
1.9511288750554403	3.6786791711502227	19.653141775049168
1.9941583111589165	3.710867949503423	19.540779597381555
2.0369572689258924	3.744442671816156	19.429725088314374
2.0795257445825355	3.7794030322409005	19.319978439709217
2.1233446234214415	3.8161856074448783	19.21168534039866
2.165586705753062	3.853982495834876	19.104585222250687
2.2077551092097196	3.89320211329725	18.998812281561612
2.2498498308387913	3.9338442205387647	18.8943667309596
2.292087669001124	3.9759752906449766	18.791293413281803
2.334179552871673	4.019506178697193	18.689533056955863
2.376342216985631	4.064501619377585	18.589132280862408
2.4185756590142313	4.110961423953022	18.490091326981727
2.4711197914071543	4.163333727829925	18.39496734281056
2.513492666171824	4.2129846890836244	18.298804740012265
2.556079760028161	4.264145288677345	18.204048540258448
2.598881071135806	4.316815377460625	18.110699024154087
2.642085498163183	4.371077991955023	18.018842324037784
2.685441172171426	4.426822088760824	17.928364288865033
2.729136950742896	4.4841295786016095	17.839353431019912
2.773172832300532	4.543000333665552	17.751810078043146
2.81868438462206	4.604039850227433	17.66638870299952
2.863509123732309	4.666117316722288	17.58186480723526
2.908793991686661	4.7298175241039955	17.49888474571979
2.9545389870018557	4.795140352162699	17.41744890199419
3.000914828184424	4.862185210101174	17.33769123742123
3.0476938870560253	4.9308192684204135	17.259434084221517
3.0950468459969738	5.001140934300393	17.182814665136014
3.142973703434323	5.0731500802627885	17.107833428925275
3.2634530425889676	5.197444645701731	17.081174487297776
3.3121287839300866	5.274351513656391	17.01061293064237
3.361535082739619	5.35299628322128	16.941821388068043
3.4116719372712874	5.433378812870604	16.87480039432274
3.4626884623666583	5.515610446799471	16.809748017675044
3.5143858337355227	5.5995423612640565	16.746401484097014
3.5669131191914345	5.685284581633016	16.684963391174872
3.620270316424361	5.772836920691441	16.625434359068578
3.6753791301177596	5.862928057462741	16.569215090211014
3.730489175702507	5.954183787227294	16.513670172308235
3.7865262122352807	6.047320982058642	16.4601964031081
3.843490236602126	6.1423393895885985	16.408794497728735
3.901522524105943	6.23934449331738	16.359735477353205
3.9604346995678688	6.338194991444347	16.312659733741366
4.020367953829623	6.438994000856805	16.267844303176553
4.081322282695587	6.541741181523911	16.225290004598055
4.150116853828842	6.651897766167471	16.198122720548753
4.213172715268905	6.758652396057529	16.16038382091961
4.27734266201741	6.867410417144136	16.125125845700616
4.342626688472281	6.978171375411095	16.092349725224487
4.409155251454827	7.0910093993050225	16.062414893394493
4.4767543940655505	7.205824478098399	16.034844371738046
4.5455544230239315	7.322686544438669	16.010005341510077
4.615555330952043	7.441595000387019	15.987898849514252
4.687534274042731	7.562901705169398	15.970980803187052
4.760010202990985	7.685925821157518	15.954616758586278
4.833768774461685	7.811018486800888	15.94126895990366
4.908809978880237	7.938178926133598	15.930938571591074
4.985246091018519	8.067410155034974	15.924086125759871
5.062927386719133	8.198706169863115	15.9201003918064
5.141965887975112	8.332062937176554	15.919451460917417
5.22236158254075	8.467479464530928	15.922140611035138
5.69441459262217	8.807749277699237	16.767595146112843
5.772955570789189	8.946376390985408	16.783003800730093
5.853000602944577	9.086616877235475	16.802125275713184
5.9345496739155	9.228469506778152	16.824960832132767
6.017610434393166	9.371769804503666	16.852039793001932
6.102172645156351	9.516733966593993	16.88265936731879
6.188243562645139	9.663186550662388	16.917358849588613
6.275823168094194	9.81112603588566	16.956139531619225
6.364801153231022	9.95904208493357	17.002356176509213
6.455358698660913	10.109730663843193	17.04963495011363
6.547413568618014	10.261711660481597	17.10138061155789
6.640965740396812	10.414983234696962	17.157594439818176
6.735967402479006	10.56915962506352	17.21885769624406
6.832482247139894	10.724750607973808	17.28439830040735
6.9304618845983645	10.881354382788393	17.354807177063027
7.029906287924591	11.038968766998948	17.430085534309384
7.126522521658326	11.17769022209704	17.534012659687775
7.228456158771109	11.33649234459638	17.618793967234534
7.331791507938855	11.495927205025735	17.70882318461022
7.436528538159868	11.655992290874893	17.804101367153216
7.542524502929842	11.816000851365242	17.905187266197697
7.649969655167374	11.976862414789247	18.011338156917752
7.75872047546241	12.137868860365145	18.123119963414233
7.868776928685944	12.299017341088092	18.240533501387443
7.978802324041968	12.455149280147499	18.366555778585866
8.091252899014597	12.61593047531283	18.4954309906231
8.204870254804353	12.7762448922846	18.630275802719886
8.319654352752123	12.936089397962954	18.771090682417313
8.435321003438345	13.094400508574822	18.918282496788226
8.552249033672982	13.252588712687304	19.07130947464419
8.670153316838745	13.40956472396581	19.2305800510079
8.789033811747402	13.565325204339867	19.396094227223575
8.791152447868729	13.423946843357225	19.612188247511906
8.90732920545606	13.57381892117118	19.77943831324714
9.024281591131228	13.721813600086518	19.952836578455372
9.142009565526742	13.867927689593495	20.13238261474419
9.260069815477069	14.010812877534237	20.318158276592428
9.37905333389293	14.152259513300832	20.51005291989195
9.498515889294184	14.290894152341934	20.70814226037804
9.61845744326801	14.426713681518336	20.912425253299688
9.735425368576081	14.550585915336878	21.121794339255736
9.855847058082688	14.679753112326848	21.338063723584945
9.976388115554114	14.805071530785474	21.560396876482955
10.097048506267436	14.926538356618599	21.78879208477988
10.217183196905694	15.042511443839073	22.02277597821323
10.337652156223076	15.15517418793735	22.262975146158343
10.45780960318405	15.262864244834422	22.508899671650504
10.577655509938984	15.36557935747725	22.760547167145987
10.662493543324121	15.391582753582624	22.981170314566583
10.780337247596544	15.483961684232172	23.2407473280676
10.897413182962017	15.570309867568097	23.505441311036652
11.013721331628597	15.650625861655334	23.775249358250583
11.128430440383363	15.72323628802726	24.04894909769274
11.242648816223081	15.79036983635956	24.328163190938824
11.35554492608912	15.850346036877193	24.611644382522275
11.46711876562984	15.903164536904777	24.89938935267492
11.571661789486209	15.939286501965883	25.18119002750038
11.679910726463854	15.976993487285938	25.47598698883785
11.78624072676551	16.00652354191842	25.773913248452097
11.890651802059404	16.027877611506632	26.074965361075623
11.992187913911996	16.039740187842817	26.377062897748402
12.092123822221476	16.04386868466035	26.682971852490002
12.189503948173389	16.0389609401165	26.990585434111455
12.28432832101935	16.025019324887314	27.299900439274996
11.0960946754424	14.738596798210692	24.95739820100809
11.186531847752553	14.78300744299988	25.20120723359286
11.27569059785292	14.821001004857111	25.44773732167424
11.36357092950007	14.852577788230835	25.6969861509756
11.449392135425903	14.876749605019564	25.947471708943944
11.534195176851567	14.8948355141223	26.201164623891664
11.61719955346156	14.905853481879575	26.45656476261364
11.698405280333517	14.90980473024707	26.71366987766594
11.772878725262593	14.90196251596549	26.96158156085928
11.849969380619564	14.891551060111647	27.220709794858166
11.924743046044547	14.87359383810352	27.48035517495659
11.997199747892557	14.848092985864088	27.74051578131989
12.066571897309922	14.814602223722325	27.99919922033116
12.133883016489277	14.773722295762612	28.259057988062562
12.198366246052505	14.725027340972984	28.51808700098902
12.26002162255277	14.668520321778004	28.776284936940645
12.286053158023423	14.596636144457982	28.938277359385843
12.342219857850324	14.527459531007837	29.19266196560764
12.395141459931754	14.450505388015662	29.44490354464361
12.444818007417055	14.365777212488773	29.69500154677122
12.49061902566182	14.27361758283843	29.940775361753616
12.533385252283738	14.173578217924367	30.18513198475184
12.572487273928818	14.066030927654811	30.425890737072
12.607925137754629	13.95097953388077	30.663052054948903
12.636572996322096	13.83312821748285	30.883341583368303
12.664507740082069	13.703968777185219	31.112010552475056
12.688443866867134	13.56787170940643	31.335693957781675
12.708381423209769	13.424840785337159	31.55439327227648
12.72395988974277	13.276109758977272	31.76616635632854
12.735660063738631	13.120042117046674	31.973607000269403
12.743122465958567	12.9578998386009	32.174789163617184
12.746347137453961	12.789686250619235	32.36971529722558
12.668930331301112	12.960693419957234	31.988804771801618
12.674137133401988	12.799148734041752	32.182812375143214
12.675144185573751	12.632072821092542	32.37031153128392
12.671951523970652	12.459468611204711	32.55130488731135
12.664449723272618	12.283024881454315	32.724335217906415
12.65278475977912	12.100496078121635	32.89135223451586
12.636847945583508	11.913590671822998	33.0509227224895
12.616639306050553	11.722310718227796	33.20304995756572
12.592733394246919	11.538579250803211	33.340933863861956
12.564268713743653	11.33998819752212	33.477854932857845
12.531581710484605	11.138314816390947	33.60667678004489
12.494672396676473	10.933560096692656	33.72740297821248
12.453802219276062	10.727795135147698	33.83944011949951
12.408622598933166	10.518259814165042	33.94358775066253
12.359395115636039	10.307028206995257	34.039280900435976
12.306119767389045	10.094100151903453	34.12652307221681
12.26862847135877	9.974248420436739	34.18944941761127
12.209354523062954	9.759194469384086	34.26313811212606
12.146272085671526	9.543688161375094	34.32831393224581
12.079381145260426	9.327728367944355	34.38498003333962
12.009255448978548	9.113304240908915	34.433414617299285
11.935129958240653	8.897760142645717	34.47325357870415
11.857577965942783	8.683072237040404	34.50479754356145
11.776599446919647	8.469238484590022	34.528048981591326
11.696609540571503	8.267634652814058	34.54701556128602
11.609384659073275	8.05650731181411	34.55446614909806
11.519188410448528	7.847390602324287	34.55408480968591
11.426020761738368	7.640281853214825	34.54587314838639
11.330664633381916	7.436690999258942	34.53081649557563
11.232076050527636	7.234598234960096	34.507604034814456
11.131037107198617	7.035490630124679	34.47722990586412
11.027547766428018	6.839365188802308	34.439694763073
11.963435842309993	9.405710176170414	34.37899225448397
11.89767480742254	9.19160623825214	34.426966698542714
11.828309095785619	8.977973661544652	34.46676907977921
11.75533868735182	8.764810821320488	34.498402128662434
11.679431262266398	8.553921887345396	34.522375761958884
11.59969652542346	8.342896849610462	34.53801581914804
11.51680158156408	8.133523669026337	34.545850729716555
11.430746401612014	7.9257999891296125	34.5458824199641
11.34634217019109	7.729716034566498	34.5432607322598
11.254579277738403	7.526111390215469	34.52853857405805
11.160154720968853	7.325161340717472	34.506583576816865
11.063068465468332	7.1268630970061615	34.477396763444226
10.96413925852004	6.93247683460498	34.44207546901967
10.862275354784598	6.740315649935131	34.399158198616576
10.758294666723712	6.551616730563432	34.34974657997306
10.652197158302224	6.366377156046697	34.29384072134337
10.58344880229256	6.237420750065467	34.28758600119514
10.473978327613366	6.05752180916447	34.221085285121305
10.362889424185575	5.881659929370747	34.14883104637662
10.250182057192648	5.709832289003307	34.07082263663118
10.136693489706868	5.542670480513628	33.98839405210163
10.021307292809107	5.379326046530004	33.899764527851275
9.90485994954789	5.220409358615477	33.806259926136505
9.787351429322653	5.065917936769907	33.707878920458256
9.673785382305415	4.918145033184234	33.61317723552894
9.554628922692231	4.772477077921139	33.505976458403076
9.434938831461832	4.6314299092414135	33.39476434125758
9.314715083958914	4.495001528973982	33.2795390759843
9.19469600848947	4.36324618937257	33.161576122234095
9.073897115408826	4.23608734762942	33.03917038706419
8.953056224106165	4.113565597750508	32.91358158044508
8.83217331685747	3.9956795033057584	32.78480761253512
8.955572612200555	3.989478721692671	33.110881266956085
8.831515611434451	3.8675570537096564	32.97801405085385
8.707627338318398	3.750421621642917	32.842305340372135
8.583907777955906	3.638071218217563	32.703752833726405
8.461002523899445	3.5302206116937485	32.563511971491685
8.33805075612273	3.4272477913280994	32.42003675796339
8.215697795362999	3.3288603667666066	32.27446405177014
8.093943634082907	3.2350577271507057	32.12679153090681
7.976201923474258	3.1431689557065825	31.983637433532696
7.855883469416245	3.05811324261894	31.83236953843554
7.73652936433691	2.9773544440420037	31.679646126952754
7.618139607273859	2.9008924819792474	31.525464991665103
7.501164677066997	2.828194874822102	31.370678963314376
7.385003937741632	2.7599717989180883	31.214145955376765
7.2701079057844735	2.695692057941696	31.05670200177361
7.156476585777613	2.635356023245225	30.898345109705236
7.061415432008594	2.5514821594237076	30.779582856809288
6.949458894987186	2.4979125438534124	30.619229162054506
6.839013317520142	2.4479387959862837	30.45840376138462
6.730078708606819	2.401561645168451	30.297104895340922
6.622923850365868	2.3581721456187665	30.135907882341193
6.517190390478664	2.318584157106758	29.974041773569557
6.413147359911378	2.28219571960217	29.812069049624238
6.310794770940095	2.249007828011299	29.649988245072333
6.211277253593518	2.2151239613590565	29.49084295380617
6.112324884840123	2.187907749528414	29.328782163473846
6.015189891488312	2.1635080026536837	29.166902243721644
5.919872288045038	2.141925896440319	29.00520201566743
5.826488017249426	2.1225976303361835	28.84403275823437
5.734882523797287	2.10627777614721	28.682923578713368
5.645172108177993	2.092412424318813	28.52221748172065
5.55735678620614	2.0810028565334973	28.361913555480843
6.108858649558869	1.3443128211397575	30.252228484200902
5.990835543902594	1.3083076720655344	30.07131272613526
5.874893028787381	1.275634835680481	29.890741490889084
5.761031123559695	1.246295879904837	29.710513092578005
5.649392180628209	1.21952313018071	29.531026448679743
5.539786443418462	1.1963439322553395	29.351746074391304
5.432356740882208	1.1760037865498845	29.1730590738907
5.327103094028605	1.1585043957362486	28.994964153850336
5.224375632138811	1.139196436663847	28.819415649887006
5.1234104357020405	1.1269038748566578	28.64262981051832
5.024665156461	1.1170044247433637	28.46661443594476
4.928139816049294	1.109499839603619	28.29136857213825
4.833829657135491	1.1037666831238435	28.11708602418668
4.741741073183276	1.1006402847156311	27.94350640828813
4.651869817180799	1.0995112306842563	27.77081714109682
4.564215910556741	1.1003812577015784	27.599017552626982
4.475938186394438	1.0713632966754596	27.437169919100047
4.391975904001192	1.0758509324507188	27.266818151269728
4.310210213315466	1.081997535018611	27.097441336290228
4.230641135232935	1.0898047978538932	26.929039026840528
4.153169960354054	1.098807842465301	26.761686776157024
4.077928349017502	1.1096303812398365	26.59528296164579
4.0048180744278055	1.1218207569577467	26.42990036972669
3.933839156330743	1.1353805699013182	26.265538731761676
3.8641671514301668	1.147646067131507	26.102484943556238
3.7973271726144144	1.1636907391558726	25.94016628220516
3.7325351693023223	1.1808630910935851	25.77889393715864
3.6697911598883364	1.1991646137092098	25.618667773696057
3.6089489654609697	1.2182815058516168	25.459504643208113
3.55020353292259	1.2386355475524005	25.30138185063579
3.493409103344307	1.2599244248442742	25.144315639308385
3.4385656936541156	1.2821495096442013	24.98830597194923
3.321499122460523	1.1137897261541605	24.8537154826168
3.267310261598361	1.137511680537302	24.697899731446505
3.2150389365747887	1.1619842366771245	24.543163013688027
3.164685163698664	1.1872087163131286	24.389505363307368
3.1160728540676876	1.2129831685237988	24.236911120139187
3.069436829597097	1.2395798365158068	24.085401287962906
3.0246013707953794	1.266806862773306	23.93496073547487
2.9815664923852796	1.2946654404904148	23.785589544683315
2.939222825703363	1.3220536852557228	23.637151577086986
2.899672600624033	1.3510727239920433	23.4898972555219
2.8618071750850986	1.3806365757110344	23.343700610671455
2.825626562309009	1.4107463120164412	23.198561755328964
2.7909633460622425	1.441301917311022	23.054461362558083
2.758040777662595	1.4724391505592915	22.91142548279972
2.726691739285799	1.5040661456158952	22.769435815621033
2.696916242761704	1.5361838612223353	22.628492492811308
2.66066493248711	1.5623748056420483	22.487299126333394
2.633968368910154	1.5953514701971387	22.34837259754848
2.608737652880223	1.6287871048494775	22.210482197040644
2.5849727949358052	1.6626825636832248	22.073628067405032
2.5625289609556843	1.6970134614608114	21.9377966284437
2.541599286715864	1.7318142256427176	21.803006326647193
2.5220391755003067	1.767066952792221	21.66924478483311
2.5038486366949457	1.802772403585446	21.536512152722892
2.48619819706064	1.8388554469236542	21.40473124058922
2.4706748278869024	1.8754607765812663	21.274047732085467
2.456433511604557	1.912529956177087	21.14438892093682
2.44347425656045	1.9500636621751817	21.015754962073164
2.431681776285106	1.9880927082902966	20.888142977532706
2.4212098047676083	2.026577524809542	20.761557170744556
2.411943243461147	2.065554055562849	20.635995946206684
2.403882099789808	2.1050229022297104	20.511459464221804
1.7868652479789686	1.145929511778363	20.29509662936791
1.771438669680582	1.1775651596979348	20.165466831000533
1.757164351768783	1.2094067643143944	20.03679218995904
1.7440423017189142	1.2414549314614542	19.909072833642853
1.7319399304371084	1.2737613873984017	19.782283853006202
1.7210340400508741	1.3062585147080314	19.656458752952087
1.711192209005028	1.339002611875972	19.53157363879556
1.7024144438621878	1.371994210764806	19.40762863274605
1.6939833639015862	1.4055862383094757	19.28448696527509
1.6872799366554092	1.4391061011056137	19.162409720396578
1.681564307692067	1.4729242698975455	19.04126122325669
1.676836482781762	1.5070412123270838	18.921041593259368
1.6730019513662027	1.5415385982514707	18.801737976530507
1.6701867404165636	1.5763085794682408	18.683367790115195
1.6682964689844775	1.6114363637042164	18.565919144446106
1.6673311421655825	1.6469223639316821	18.44939215923439
1.663275779270493	1.6859221914377942	18.333050128921485
1.664280915524865	1.7220899041966584	18.2183632970621
1.6661536451914143	1.7586855758715574	18.104594910385334
1.668893972747188	1.7957095693015317	17.991745091251126
1.6724441179326335	1.8332659566822302	17.879813713633137
1.676881131130115	1.87121678847026	17.768801236689782
1.6821473329805805	1.909668891812628	17.658708542789608
1.6882427274739453	1.9486225900691325	17.54953576158521
1.6949077327008033	1.9887559103826162	17.441309811609276
1.7026531652145453	2.0287825028743685	17.333982903800944
1.7111996870505082	2.0693903309495916	17.22758189151296
1.720547301776959	2.110579683795906	17.12210691544746
1.7306705239406488	2.152474003387834	17.01757245549295
1.7416033421710682	2.194909350819141	16.91395954558613
1.753320351682223	2.2380113708458826	16.811283845240354
1.7658215556821428	2.28178032346044	16.709545510475873
1.767825377248334	2.361135094311768	16.609512489023306
1.7830197325402968	2.4059311399157868	16.509750028749576
1.7989548927329038	2.4515148949957357	16.410946582429965
1.8156308604966092	2.497886575976629	16.31310232359308
1.8330609747349853	2.545185252798492	16.216251049584013
1.8512274562714968	2.5932259874279424	16.120348123298047
1.8701437045513922	2.6421495026890183	16.025428818305983
1.889809721996975	2.6919559948955065	15.931493334478333
1.9103946988260618	2.743567195617067	15.838804270206188
1.9315932209855105	2.795241021061331	15.74687027196997
1.9535586463501313	2.8478995512207166	15.655952505244507
1.976290977102724	2.9015429629986484	15.566051202123097
1.9998289053882912	2.9563304220441493	15.477224578318568
2.0241208465823557	3.0120501047865273	15.38939558575104
2.04920554191653	3.0688625145633646	15.302624423838775
2.0750829933340986	3.1267678088667776	15.216911363628139
2.10420258615744	3.1937096923235226	15.135164697894524
2.1318327146333096	3.25395915774259	15.051659549265773
2.1602875466721883	3.3154203883899735	14.969266484275861
2.189567083940552	3.378093519324028	14.887985821442994
2.219735179820409	3.442158693185918	14.807909283782333
2.250706700128415	3.5073760163554595	14.728915362249916
2.282545534585787	3.5739266161268004	14.651098507193304
2.3152516845657938	3.6418106037955464	14.574459093123652
2.349309695723662	3.712230141405511	14.49966808736224
2.3838158649546264	3.782916652537116	14.425465732968213
2.41923964839295	3.8550653170786933	14.352520360749812
2.4555810470571786	3.928676217577493	14.280832411749865
2.492927404011159	4.003950724063749	14.210539017675114
2.5311622638728353	4.08062050820294	14.141458428571323
2.57037298928886	4.158887458085401	14.073731551181446
2.610559580839492	4.238751620737713	14.00735890490841
2.9121109548305064	4.960382232503716	14.248554938425585
2.9637518474753106	5.049038283350932	14.190551616380617
3.0163441157287245	5.139706636118402	14.13427011975193
3.069887757847085	5.232387149492259	14.079711165540973
3.124543002985052	5.327263944278377	14.027120717999836
3.1800962075441297	5.424091143084805	13.976172598523748
3.2367075508842413	5.523051461203809	13.927118882172062
3.2943770304061633	5.624144687983187	13.87996041031074
3.3541385924678164	5.728589932422762	13.836446318236144
3.414036740927229	5.834089153931892	13.793286443411896
3.4751014787109447	5.941843288945657	13.75222592774058
3.537332802055934	6.051852032492099	13.71326575377827
3.600894837402448	6.164299561591815	13.676749481187125
3.665568739519656	6.278939498292138	13.642221451539662
3.731518530633549	6.395953093048544	13.610033545738156
3.7987442054449194	6.5153399163907	13.580186904162566
3.8754821066717136	6.646732301900815	13.569396242022576
3.945405081011334	6.771088539191781	13.544622364241611
4.016715458401943	6.897925750933005	13.522475473260625
4.089413231525889	7.027243344070863	13.502956884223003
4.1636616797691275	7.159192596639336	13.486535087340759
4.239243078209871	7.293570258766884	13.47258865107867
4.316320508092195	7.430522063280929	13.461597100378901
4.3948939595522765	7.570047210774933	13.453561937265313
4.475975085252887	7.712977885907689	13.451722098300097
4.557643429441652	7.857723873961816	13.44997050950425
4.640913794737553	8.00511054675672	13.451552341353066
4.725786168076588	8.155136845529649	13.456469290890569
4.812411793393111	8.307866928832487	13.465340265158066
4.900588978495954	8.46321252786708	13.477344177416068
4.9904686194991275	8.621228091376334	13.493113979105276
5.082050699377278	8.781912239552993	13.512651562630598
5.232972804129825	8.990067141235546	13.724636235503743
5.327731810948814	9.155553293540189	13.752808050615936
5.424277765057611	9.323616696081764	13.78525010765186
5.522610644558458	9.494255574172346	13.821964445464213
5.622837299225827	9.667347990654768	13.863727913569598
5.724815207043698	9.843052018286821	13.90950959244109
5.828650643945685	10.021229737830982	13.960102803686267
5.934343582310389	10.20187891073111	14.01550972623042
6.04236134834093	10.383631719979453	14.080824481783552
6.151781894902752	10.568999634078315	14.146397248265231
6.263109250664015	10.75664156798633	14.21737345150893
6.376343381360468	10.946554744782041	14.293755351222057
6.491516231154888	11.13831488460007	14.37646142757923
6.60858512182825	11.332480723959009	14.464272321875992
6.727581113837978	11.528603428790232	14.558124072718114
6.848504165382957	11.72667961135287	14.658018932266117
6.9702497584676	11.904347356896743	14.802987232644979
7.094491664458024	12.105247118533176	14.9149365935885
7.220638305498571	12.307625325833172	15.033562262228315
7.3486896320068125	12.511477960424902	15.158866337635043
7.4785423581628905	12.71592267483155	15.29181685632217
7.610334075856303	12.922126001435176	15.431127772067834
7.743960245608768	13.12917086198168	15.577782131551055
7.879420809443173	13.337052557757977	15.731781726555255
8.015423881242905	13.538851646761351	15.89863018219105
8.154304799376554	13.747499172144229	16.067758123411647
8.294886409969033	13.956146128546285	16.2448593482222
8.437168647160739	14.164787178423994	16.429935124602277
8.580836106293123	14.37191097857079	16.62380956533638
8.726309167664002	14.579519747211494	16.825386202687774
8.873270807280974	14.786057468652588	17.035495626539216
9.02172095269865	14.991518271610333	17.254138330072546
8.576438439026573	13.61249491173773	17.886430724385733
8.702965371618511	13.79466524472453	18.062505019841737
8.830816532663855	13.975514857749754	18.245755458631184
8.959991868540747	14.15503940506926	18.43618225516448
9.090042203992136	14.331745737210687	18.634189788579025
9.221566312398041	14.507614430536012	18.839238760824696
9.354113734558727	14.681117055519639	19.051731768840497
9.487684414932664	14.852249110838814	19.27166825014022
9.61864991441785	15.010475936119166	19.49984291979011
9.753746485268602	15.175627274468214	19.734431847023288
9.889488361398836	15.337195646607542	19.976546999756202
10.025875488628252	15.495176661534101	20.226186894808496
10.16220855374484	15.647571573925054	20.483163971810235
10.299419852032846	15.797035463255167	20.747724000374507
10.436808849487614	15.941536361026088	21.01966318509909
10.574375497454055	16.081070324021628	21.298979021931963
10.673112352914774	16.12622708939499	21.55797250103409
10.809269442706134	16.254749984827498	21.847899568536832
10.945086015978601	16.376938359484793	22.144706681226893
11.080562034820243	16.49278914082167	22.448390426753466
11.214734753429166	16.60006285175899	22.75784261824923
11.348887757011102	16.70173931343679	23.07453210877571
11.482057569364828	16.795559712204575	23.397319852926554
11.614244168403056	16.881522258013955	23.72620157175248
11.738594463483468	16.946197356059905	24.050775392878727
11.867958509469759	17.015206642039526	24.39019304089062
11.995624127489041	17.074897544050124	24.734533080757995
12.121591316428509	17.12526997190493	25.083790688522736
12.244676357717466	17.164312802321703	25.435669674069295
12.366457560982312	17.194709007919073	25.79322020245719
12.485751443785118	17.214455011557174	26.154107387960124
12.602558030152196	17.223552760430785	26.518326332238832
12.357583684551072	16.779621669069186	26.14885336115376
12.466834732642974	16.78971747712411	26.49402384669533
12.573412481413797	16.789304075439112	26.84133824747966
12.677316964001903	16.778384149688545	27.19079242680361
12.777372493741947	16.755757030129843	27.5394898279019
12.875146749840205	16.72303146989817	27.891283437881313
12.969465069142695	16.679035814866943	28.243247248541845
13.060327507757655	16.623774612287775	28.595377932230665
13.140622949157526	16.553311056828843	28.927380108633706
13.223883421790113	16.47571932324775	29.277412683331296
13.302940091658728	16.38653082488531	29.62541647116699
13.377793034134534	16.28575167014262	29.971389551271912
13.447393677803447	16.17351556518418	30.31182018724554
13.513140305949042	16.049659476698643	30.651387737012783
13.573986263007061	15.914370106323974	30.986573492115088
13.629931637156657	15.767654600475394	31.317377453566902
13.6408135456721	15.63847565132405	31.485604373842005
13.68809597737513	15.475121747390135	31.805888583795877
13.729982144883506	15.301037892463096	32.11972915259467
13.766472138464216	15.11623140216563	32.42712803759647
13.796885860601616	14.922397504509327	32.724800581192426
13.822130314765657	14.717292654009881	33.01713271305534
13.841527462867273	14.502668120456388	33.300864911573285
13.855077388354605	14.27853066684277	33.576001293066184
13.860379135801693	14.059588037378058	33.82463115561756
13.862321469262783	13.818585237680548	34.08117261721278
13.8581504465889	13.569744641020042	34.32731362436846
13.847866134013014	13.313071615199517	34.56306007546264
13.831368040349057	13.051616126999178	34.786251842625134
13.808790287906419	12.781322418945798	34.99978393561476
13.780033670582135	12.505274427630594	35.20154869686617
13.745098228832237	12.223475431783317	35.39155317270691
13.334895925629999	14.250203055292443	31.817048393831147
13.355423096842864	14.083198465538745	32.07656611904522
13.371179874778486	13.908033912355613	32.32910349746203
13.38216631959407	13.724714271140066	32.57466325244187
13.387988819745406	13.535127219030713	32.81095714339055
13.389172322911591	13.33676657426509	33.04104363833201
13.385324520107352	13.131555156909089	33.26266201712495
13.376445460495864	12.919496951356653	33.475816302207356
13.361732206986368	12.714936406530065	33.668916643230865
13.343008252283955	12.491058709187662	33.86439974898405
13.319154933127125	12.261917265443353	34.05027420028695
13.290172281959483	12.02751470466523	34.226544900653806
13.256168483407487	11.790521404188295	34.391991279232755
13.21699935012285	11.547381627949616	34.54825258136923
13.172773608559684	11.300779619404917	34.694149165722294
13.12349127055958	11.050716338247042	34.82968627814517
13.085241071680668	10.92096886025977	34.91486816688335
13.028691169261887	10.66646754817692	35.033981443218636
12.967272057520981	10.41017227607621	35.14243118392214
12.900983729592525	10.15208248755401	35.240222453270846
12.830397498410562	9.894977566220854	35.327376643354306
12.75475158048725	9.635149000167226	35.40387649767599
12.674616909830949	9.375364854711174	35.469780917817666
12.589993460056949	9.115622991522972	35.5250942126312
12.50577971727736	8.87223156647067	35.573393588231866
12.412926096050558	8.614073631845715	35.6084514112755
12.316084645296407	8.35763072322681	35.633367311107314
12.215255323653267	8.102899488490117	35.64814443600673
12.111358723089001	7.8521214309385865	35.65392165116934
12.003167282250029	7.602299337724452	35.649186656472615
11.891600507092578	7.35564447158526	35.635097552943826
11.77665834691072	7.11215272309607	35.611656069861766
11.95760956839255	7.597181022983474	35.83352809338304
11.846901633225492	7.345793982728061	35.817038276869
11.732852095713838	7.098006379899353	35.79136211933118
11.615460903242433	6.853813950340588	35.75650111818654
11.49579953734212	6.614916022304115	35.71406565410366
11.37243923056484	6.379036661272867	35.66191078999749
11.24645019344791	6.147840219560403	35.601652562039874
11.117832371525912	5.921322283056913	35.53329097505205
10.993496337148805	5.70745703595922	35.46824008900958
10.86037354639685	5.490695829936237	35.38507827870017
10.725344350236698	5.27936821621765	35.29500089725815
10.588408697822535	5.073470074041589	35.19800665427058
10.450648096646146	4.873714195328875	35.0959817111967
10.310620423978413	4.679141053914417	34.98640728697105
10.169406065940656	4.490433011960775	34.87115482825534
10.027004979541324	4.30758658524886	34.75022203396953
9.931692750454607	4.156931356134999	34.71419225405366
9.787037273562778	3.982956171373689	34.58360524625367
9.641814914938514	3.815045994648652	34.448428523774716
9.496025640694125	3.653198079556554	34.30865911943398
9.350612048181828	3.497327837272761	34.166030251767864
9.204317271136778	3.347542396393762	34.01822370105353
9.058083226969114	3.2037390117377007	33.866947310642274
8.911909893124749	3.0659158554248247	33.71219775981508
8.770950494734016	2.931865625837832	33.56408092272819
8.625295155507217	2.805504274100421	33.40333709219769
8.480249543637354	2.6848612537655483	33.24010780986027
8.335813647505484	2.5699356231843558	33.07438969284684
8.192688205565295	2.460126926279225	32.9075079333371
8.04993888105445	2.356234245569344	32.73768783800625
7.908266244281003	2.2576529524391047	32.56622816197063
7.767670293426806	2.16438289953826	32.393125696443015
9.318964694399135	3.3809654367793347	35.23358770850819
9.17028663829635	3.2074589705135215	35.075462237080984
9.021166777008744	3.0406571217924876	34.913461308741454
8.871605081017508	2.880557498285397	34.74758143753613
8.722603882026183	2.7267862079857554	34.57956646465338
8.57282667946376	2.5798370487187987	34.407082886386036
8.423275243416178	2.439321270955652	34.23184552763784
8.27394955716544	2.3052375197982085	34.05385066191211
8.13017438319192	2.1736916009638487	33.883021445946774
7.981677265091087	2.051816172757483	33.70040619840515
7.833975440635048	1.9359436991473222	33.515994359618524
7.687068904775001	1.8260737709569352	33.32978226937006
7.5416619324703165	1.7213818838734793	33.14302323528289
7.396815487067049	1.6229671034737667	32.95403787087998
7.2532338311295135	1.530005024235356	32.76405137713469
7.110916969484631	1.4424960373526041	32.573060393773495
6.996962434117724	1.3185252516742203	32.44050393535766
6.855863455352439	1.2401354485777105	32.24714528397067
6.716412947201828	1.1666602564592354	32.0534123246675
6.5786109223091795	1.098100699984892	31.8593020533178
6.4428777016915255	1.0334874745986387	31.665606164982307
6.308652891732064	0.9741157747769926	31.471262478249937
6.17635717445921	0.9190264684169431	31.27704072925129
6.045990568155324	0.8682210371991217	31.082938415873976
5.919333416975903	0.81551668199321	30.89299686035636
5.792852581799716	0.7726028051004807	30.699424526265894
5.668498365566825	0.7333604225969621	30.506342827482946
5.546270790230871	0.6977913136994514	30.31374975908158
5.42634795384349	0.6649989285503031	30.12206845210491
5.30849244532024	0.6361829610423785	29.930730454828918
5.192882904174496	0.6104618329565188	29.7401448229962
5.079519354314171	0.587837481892004	29.550310016556026
5.023366168493265	0.21642600426950231	29.62248343268868
4.904501128873985	0.19697560078181417	29.42832143601298
4.788126993459951	0.1802927735924893	29.235189410274486
4.674243790103349	0.1663797799616827	29.043086010285048
4.562852016469893	0.15441204393044394	28.852205921913672
4.453951073700378	0.14549424327649418	28.66228677952064
4.347542115011737	0.1388198117423709	28.473514238035154
4.243625167828235	0.13439097190783383	28.285887355361435
4.141725858595941	0.12738380608424027	28.100202030352868
4.0426554345823975	0.12697741206471533	27.914888759357062
3.9460338156229566	0.12836220335446846	27.730785165378013
3.8518610279762275	0.13154030806341788	27.54789062480481
3.760014390286144	0.13590218991247305	27.366248452143683
3.670657537561736	0.14226541586719374	27.185799656869115
3.5836683925912993	0.15003699392662462	27.006583640827397
3.4990469799477415	0.1592189155841332	26.828600023797204
3.40875023755538	0.13814299466315028	26.653881792660723
3.3281829938363514	0.14984377825435063	26.478084529956174
3.249891492651656	0.1626323555216853	26.303524888265184
3.1738757568353915	0.1765105770380005	26.13020266548956
3.099946433112657	0.19105966237909566	25.958089748019475
3.0283560440398642	0.20684216110507087	25.78722326419005
2.9589157552003953	0.22345347739072885	25.617574072074046
2.8916255873501893	0.24089529338603272	25.44914209616137
2.8251760225495173	0.2568115360568939	25.281657805128322
2.762027243664017	0.27569362765179745	25.115617540139368
2.700893329358063	0.29519889866962323	24.950765201888316
2.641774298327951	0.3153288643381084	24.787100799860845
2.584459151367394	0.3358218942025353	24.624572322308765
2.529229262690757	0.3570302278105346	24.46324919060559
2.4758740549970297	0.3787037583945043	24.303079745512363
2.4243935449965663	0.400843840233025	24.14406405018465
1.7958196398524824	-1.6753166846057521	24.727570586724745
1.7103921421728494	-1.6564534871597356	24.556084449828866
1.6275052613726004	-1.6376594523028674	24.386150064210167
1.5471590233300407	-1.6189324827466827	24.217767633634516
1.4689659792294483	-1.6005886142778207	24.05076840098732
1.3934427846931121	-1.582201830007535	23.88537787866206
1.3202025654067364	-1.5640725021094406	23.721429088383267
1.249245343532189	-1.5461988344910653	23.55892225794606
1.1781944057813658	-1.5303396327830745	23.396872489188272
1.11156568499283	-1.5131477989766553	23.23715785866277
1.0469706020645089	-1.4963523497788724	23.078786608648382
0.984409175878107	-1.4799517549357104	22.921758964219713
0.9235264129416412	-1.4641181401247918	22.765941521345106
0.8647956795231178	-1.4486186320259982	22.61151266512413
0.8078623999638128	-1.433613967796986	22.45834075017836
0.7527265902843799	-1.4191028490555446	22.306425983683077
0.6824674156549739	-1.4162381024292081	22.149390724132484
0.6308391907889511	-1.4029990215314398	21.999994281570004
0.5807784178619873	-1.3903270189245074	21.851779272350303
0.5322851103359293	-1.378221003602767	21.704745877414574
0.48505062834492607	-1.3667646626432095	21.558794335358012
0.43948652129030696	-1.3558440159711909	21.41405806152821
0.3952844462722034	-1.3455346588442012	21.27043864798819
0.35244441460612536	-1.3358356742049236	21.127936248507694
0.3091632014935981	-1.3272393384891839	20.985989072689893
0.2688841436521781	-1.3188212220914208	20.845671677486116
0.2297766143341451	-1.3110416768792241	20.706415478157176
0.1918406229922123	-1.303899936764334	20.5682206022017
0.15481613043811393	-1.297431106188144	20.431013518387108
0.11904987628855464	-1.2915867016920046	20.294892546249283
0.08428202910788007	-1.2863961688357497	20.15978508750521
0.050512596754884925	-1.2818588707090903	20.025691246462
-0.09399928990745554	-1.350024918798102	19.859088012014393
-0.12498145621713097	-1.34890080838398	19.727574612456262
-0.15519745124104523	-1.3484529915917252	19.597032677046244
-0.1846472690028313	-1.3486809840710485	19.46746228327872
-0.21353757212375468	-1.3496006698852518	19.338812722172918
-0.24159279743940285	-1.3511898164868168	19.21115177504793
-0.2690194771403096	-1.3534607577693247	19.08442929901152
-0.2958176063577817	-1.3564130991530303	18.95864535842926
-0.3231766973864807	-1.3601934423270645	18.833517602370172
-0.3488216807262173	-1.3645389856581165	18.7095869599129
-0.37396416890458006	-1.36957054387441	18.58656642451215
-0.39860415800857896	-1.375287799850474	18.464456050989302
-0.4229119359685747	-1.381703859505401	18.343218732055377
-0.4466604437693092	-1.3888005641497616	18.22290406650069
-0.4700198847359487	-1.3965887191568225	18.103475357520033
-0.4929902557656215	-1.4050680730566367	17.984932653969775
-0.5234848664597882	-1.416075536219716	17.865573227457013
-0.5456362933633012	-1.426140488034257	17.748822496644024
-0.567510095234872	-1.4369031429689176	17.63293711372964
-0.5891062697134606	-1.4483633096749444	17.51791712441643
-0.6105650783882783	-1.4605424747454823	17.403736601478904
-0.6316995007935856	-1.4734115830776142	17.29043022102417
-0.6526497483515326	-1.4869907597462166	17.177972416611105
-0.6734158192835872	-1.5012798606114544	17.066363234342713
-0.6948160828066321	-1.5164857468421111	16.95546558639882
-0.7152874296032248	-1.5322318391047247	16.845543469685992
-0.7356613152785307	-1.5487051224760044	16.736456478098187
-0.7559377385548259	-1.5659054934036845	16.62820466088191
-0.7762361610270037	-1.5838692410419144	16.520771993690055
-0.7963972979470523	-1.6025477673953554	16.41417996160437
-0.8165405847690357	-1.6219766551552217	16.30841294899578
-0.8366660206373137	-1.6421558349767542	16.203471010955653
-1.619202173554922	-2.4192055154367473	16.096006855427838
-1.6394697337457884	-2.461768514679808	15.999018584178614
-1.6603030842871007	-2.505246003882945	15.902978735457163
-1.6817022267720825	-2.5496381121677367	15.807887472596535
-1.7037230735747002	-2.5950732324731938	15.713780235176294
-1.7262910785271828	-2.641380471175209	15.620610175829333
-1.7494621908252839	-2.6886892280113894	15.528414139201344
-1.7732364119898205	-2.736999626235278	15.43719231883802
-1.7980202414769897	-2.7871871824008974	15.347221180669889
-1.8230528448729257	-2.8376024463641825	15.257983863400884
-1.8487309298217687	-2.88911408216123	15.169754423005898
-1.8750544977522317	-2.9417222055810304	15.08253308912853
-1.9020951542683093	-2.9955783987046383	14.996380456191135
-1.9297574284760748	-3.050480815057696	14.911216301964286
-1.9581129584307737	-3.1065819211772716	14.827103195871189
-1.9871617454410944	-3.1638818231251102	14.744041410428382
-2.02085466119851	-3.230225157367812	14.665106016850187
-2.051438490770453	-3.2901284010411906	14.584249551535969
-2.082769031877377	-3.351343933161438	14.504500581413827
-2.114846285656766	-3.413871845915003	14.4258594310647
-2.147759408342628	-3.477888471425752	14.348421654931318
-2.181389527444548	-3.543158901854695	14.272060653217983
-2.215825823765287	-3.6098601329070874	14.196874769354402
-2.2510682982222114	-3.6779922389302118	14.122864388473902
-2.2877446394794223	-3.7487509316723866	14.050730387405624
-2.324676864059438	-3.819883642025343	13.979157263082543
-2.362480771586176	-3.892574163470414	13.908842548321406
-2.401156362676548	-3.9668225460047206	13.839786699953876
-2.440811176161013	-4.042829799795351	13.772132901572315
-2.4813018280628727	-4.120328002913299	13.705691375584404
-2.522735867656454	-4.199518433520552	13.640609224242166
-2.5651132951547635	-4.280401108879976	13.576886988585821
-2.655576723608837	-4.44794361640143	13.562948332448114
-2.7008646435130776	-4.533536379280884	13.502832735578508
-2.7471804538290794	-4.620990560010426	13.444232535138052
-2.794524154068764	-4.710306119034163	13.387148388828342
-2.8430252431146226	-4.8017034718009945	13.33179576603199
-2.8925110540673513	-4.894888591434844	13.277889003960585
-2.9431110666689353	-4.990081334566426	13.225649195365486
-2.994825279675897	-5.087281600418928	13.175077115534497
-3.048537159909513	-5.187949326792024	13.127713337975193
-3.1025842318581134	-5.28933065182456	13.080660942540929
-3.15783777301668	-5.392869668442634	13.035456918519174
-3.214297781141444	-5.498566194801648	12.99210217713494
-3.272110980206449	-5.606649795312633	12.950902493081012
-3.331081731994498	-5.716813877421164	12.911452418870944
-3.3913566944348936	-5.829286136674151	12.874065484845527
-3.452935863978544	-5.944066285438129	12.838742757390179
-3.523491060507288	-6.073097430384417	12.820451768927116
-3.5878865644600424	-6.192771498841059	12.789623743904428
-3.6536894663012722	-6.314901471149032	12.76111878464817
-3.720899760750978	-6.43948691939464	12.734938134883013
-3.789677317904772	-6.566742318108847	12.711507629394426
-3.8598089636050075	-6.696380564185926	12.690262549624057
-3.931454421515686	-6.828612021087562	12.671639242305577
-4.004613684172664	-6.963436083887681	12.655639146124233
-4.080325921645815	-7.102149763247677	12.645239535164746
-4.156627293371062	-7.242291287399837	12.634831630418631
-4.234551045761268	-7.385146180292237	12.627394842127506
-4.314097168568214	-7.530713611365301	12.622930821302285
-4.395428802817342	-7.6791502293174165	12.622016854439181
-4.478328400472564	-7.830245007861323	12.623887263976556
-4.562958825781785	-7.984146853876121	12.629133144822749
-4.649320064993778	-8.140854652903345	12.637756372848271
-5.257796290079131	-9.00855265338696	13.81816323070024
-5.352393892605529	-9.173633859720514	13.846514494013258
-5.448771727063306	-9.341260379619065	13.879139625254108
-5.5469297715677355	-9.511430439450722	13.916040642991266
-5.6469709924830624	-9.68401616905476	13.957989609919402
-5.74875804573193	-9.859183556590205	14.00396193704067
-5.852393324507839	-10.036788769776669	14.05474597802173
-5.957876801240092	-10.216829574167123	14.110343885873682
-6.065649703249683	-10.39789824265593	14.175810761647226
-6.174839161268831	-10.582581418258608	14.24156945237564
-6.285923396805698	-10.76949869833343	14.312727035572681
-6.398902375706053	-10.95864731487553	14.389285738749159
-6.513803769236999	-11.149596841067886	14.472155350605826
-6.630590596696631	-11.34291423553282	14.560128020424255
-6.749289649089205	-11.538144615297739	14.654130816661361
-6.869900884809898	-11.735284608530135	14.754165952626357
-6.991103746391534	-11.911680844619887	14.898811808893546
-7.1149993159954334	-12.11155302596683	15.010862743296254
-7.240781872224167	-12.312856818554625	15.129571151354371
-7.368451365811613	-12.515588229646449	15.25493908727244
-7.497900165783708	-12.718860816458964	15.387920754499365
-7.629271658428826	-12.923846641475537	15.527248441574494
-7.762456968120585	-13.129624784676892	15.673890989765079
-7.897456037353759	-13.336190585594105	15.827850140719761
-8.032950787494658	-13.536609823968185	15.994530142618775
-8.171326405725251	-13.743843144104527	16.163548446467733
-8.311379345726495	-13.951026085041928	16.340499788589284
-8.453109542303396	-14.158153363099439	16.52538538399042
-8.596197901770523	-14.36371532356921	16.71900997110528
-8.741069724860308	-14.569712073721854	16.920302791163454
-8.887404316499838	-14.774589787994046	17.130074649621687
-9.03520160513478	-14.97834266731708	17.34832598768703
-9.044670866817931	-14.766340215500286	17.691826767685193
-9.188277310378258	-14.961481347735745	17.91180989558542
-9.33308742085742	-15.154464779996182	18.140185140071328
-9.479101129472063	-15.345284937784431	18.37695213456307
-9.62574193494121	-15.531925401864143	18.62243654221262
-9.77377834469951	-15.717061687953082	18.87620237024848
-9.92263223564151	-15.898632922452656	19.138567365347978
-10.072303538963151	-16.076633529188033	19.409530028346413
-10.218089347245979	-16.237098660811014	19.688598506447054
-10.36871410317455	-16.406353887494586	19.976254285081684
-10.519667017532639	-16.570440403327364	20.27243759516832
-10.670948026825606	-16.729353062432786	20.577145653611176
-10.821648707032763	-16.880506948891664	20.889823313255988
-10.972980151093912	-17.027337344994546	21.211203141064445
-11.124032559273594	-17.16722214102502	21.54070207443441
-11.274805879884449	-17.30015714801843	21.878315988558658
-11.375366613652977	-17.313625193272443	22.173316119197644
-11.523369486831095	-17.43189330620542	22.521419747769418
-11.670437323473692	-17.54153898294815	22.876758655773838
-11.816570090715878	-17.642559559989525	23.239327683427376
-11.960541760816183	-17.732263002667228	23.607295905598768
-12.103986981713664	-17.81423417504912	23.983091723013967
-12.245679219803113	-17.885768295833223	24.364839567383374
-12.385618468184596	-17.946864805819228	24.752533437293312
-12.515261282887277	-17.982257728232735	25.13026573265451
-12.650655921869655	-18.021224934352826	25.527477976606985
-12.783405774858057	-18.048124801156018	25.928852553736643
-12.91351086659872	-18.062959334183297	26.334383247082034
-13.039527671287683	-18.06366171739452	26.740732521968134
-13.163380977134098	-18.052994767481046	27.152336253152946
-13.283628207967936	-18.028919171767246	27.565809986315486
-13.400269423428758	-17.99143976369836	27.981148104836254
-11.764511077145368	-16.151649328592846	24.605628997454364
-11.8734570887055	-16.206823138805447	24.918434769569593
-11.980878708874357	-16.25323535856353	25.23487150992565
-12.086775942618862	-16.290886390407806	25.554935444618796
-12.190045221135499	-16.318299777512436	25.87651575630078
-12.292157997659853	-16.33744641152826	26.202418057460882
-12.39201102839193	-16.34685958760314	26.530501904974248
-12.489604338221106	-16.346541322878437	26.86076362068714
-12.577934816720811	-16.329535558982638	27.177405727997467
-12.67026839787072	-16.3094420406871	27.509976457271573
-12.759607045853434	-16.278917064506917	27.842995751674575
-12.845950805493441	-16.237964263210266	28.17646053050286
-12.928208987306158	-16.185968586851136	28.507442121719468
-13.00783596415668	-16.123759845084322	28.83983907440257
-13.083742292299085	-16.05075786259174	29.170703006631737
-13.155928034362264	-15.966967715086186	29.50003195702298
-13.178460556610773	-15.864982197156614	29.688950882003525
-13.243516741712227	-15.764370147717504	30.01208328650683
-13.304274683412565	-15.653103205111371	30.331779992784135
-13.360734454927758	-15.53118730307393	30.648040469233226
-13.412020700848728	-15.399287052470378	30.9576849306486
-13.459300738512036	-15.256530633387982	31.26495332836228
-13.501700998889604	-15.103631780922743	31.566669572789465
-13.539221560583664	-14.94059686533594	31.862834953460993
-13.567693160757177	-14.775651628011957	32.13444900942637
-13.595259723001394	-14.593846692216198	32.41771666425927
-13.617499355760017	-14.402891225732933	32.693460753431125
-13.634412133939268	-14.202791299282048	32.96168442089739
-13.645551583738946	-13.99562333439048	33.21970720172944
-13.651513169003142	-13.778632177296979	33.47111181440199
-13.651852046756517	-13.553938287295551	33.71325025267127
-13.646568279014122	-13.321546690350909	33.94612731257943
-13.550544490086459	-13.630960809138209	33.402188284539086
-13.549806389141093	-13.410309316449359	33.63661342279046
-13.543537837995686	-13.182700332238525	33.86162694416713
-13.531738890368441	-12.948138210058234	34.07723378795548
-13.514333667913604	-12.709300114144025	34.28157476267647
-13.491423450207314	-12.462625281309277	34.477141160569
-13.462933398050694	-12.210818332878809	34.662117441420705
-13.428863543969669	-11.953881904892878	34.836509444478196
-13.390634520948712	-11.710233546932852	34.992591328794546
-13.345895393872548	-11.445185462329228	35.14565460030184
-13.295709142784432	-11.176993670253232	35.287428482761435
-13.240075775948878	-10.905658840496214	35.41791903374503
-13.179471797771527	-10.634281101603221	35.536707878426434
-13.113261867496893	-10.358726823394187	35.64436668168862
-13.04192241439948	-10.082092907468892	35.740523743157546
-12.965453422253306	-9.804378038804895	35.82518462976258
-12.916414666468041	-9.663594548843264	35.89545298192696
-12.8327011976476	-9.384737555573407	35.96245271009465
-12.744247307439148	-9.106561873289621	36.01814924279862
-12.651052960955882	-8.82906467461637	36.06254723586626
-12.554022566234842	-8.554989624543778	36.09654107869851
-12.451950150143839	-8.280670743138803	36.118947921906766
-12.345739116818715	-8.008823405759204	36.13069322607057
-12.235389415614156	-7.739443507892065	36.13178015027164
-12.127554392810433	-7.4874061134759735	36.13085047681245
-12.009796795561122	-7.22412380207449	36.112006611376295
-11.888588084410317	-6.964794139123249	36.083461688433665
-11.763928200236803	-6.709412333186059	36.045217190820594
-11.636959404692245	-6.459777882465065	35.99907160010099
-11.506158541992336	-6.213480089666093	35.94262899255637
-11.372666454156558	-5.972279421967155	35.87769263171263
-11.236483080782746	-5.736170984118849	35.8042623317251
-12.568915386460223	-9.18783898205597	36.09054930353883
-12.482066139775332	-8.911357724744468	36.13317163836587
-12.390632211249404	-8.636435033557616	36.16503434368747
-12.294613561414163	-8.363067709818253	36.18614154612096
-12.195005342810948	-8.093742335837204	36.19757048822531
-12.090480581319667	-7.825135034662925	36.19789319014103
-11.98203334843966	-7.559702116266564	36.18821335899907
-11.86966359185764	-7.297439340955631	36.16853353491979
-11.760365738383411	-7.05147103795203	36.14824014939099
-11.641014290843536	-6.796509130528947	36.109958346306136
-11.518466002993494	-6.546016463270458	36.06270107923981
-11.392720816905458	-6.299988341458031	36.006469226542364
-11.264944853567803	-6.0599384041476405	35.94309956581279
-11.133583149655376	-5.823837497346316	35.870143776441395
-10.999800461330736	-5.593161840300951	35.78943902007432
-10.863596731809492	-5.367906830961934	35.70098460897634
-10.779631732938157	-5.209338799801657	35.69492795058371
-10.639487377203299	-4.992027227668426	35.593938490362454
-10.497609191292641	-4.78075745371482	35.48635468667879
-10.353997123684564	-4.5755253024085665	35.372174651683366
-10.209785556631616	-4.3768477506631775	35.25340172216387
-10.063461868036399	-4.184026384335685	35.1273595218097
-9.916159326533844	-3.9975480581175233	34.99603209625698
-9.767877890661023	-3.817409411675535	34.859416596062246
-9.62516738244169	-3.6444278473876714	34.72979916180914
-9.475505497559126	-3.4766682476866206	34.58386116289627
-9.325557607685546	-3.3152738270099054	34.43385939462948
-9.175323683180839	-3.1602421831960346	34.27979043656448
-9.025739291238496	-3.011282368548354	34.12337877875776
-8.875556949890633	-2.8687775282136116	33.96231690355472
-8.725711656838598	-2.7324216280797886	33.798300915427205
-8.576203394670893	-2.6022132570443763	33.63132718573877
-8.734076940691102	-2.5227516008805733	34.10475250443284
-8.579112672763284	-2.386435831137325	33.931196317304746
-8.424757015705723	-2.2564380814324583	33.755156207235814
-8.271009957262134	-2.132757358464103	33.576628225495895
-8.118651870114732	-2.0146641057847585	33.39707114509745
-7.966642238457462	-1.9031295338767442	33.214530877762265
-7.8157612695881795	-1.7974200612223585	33.030435409145404
-7.666008962706108	-1.6975356229234069	32.844781009842414
-7.5212827638326445	-1.5979545666153827	32.66553376769718
-7.374009864513587	-1.5089858896612867	32.47742709683232
-7.228286262967574	-1.4252684951380692	32.28851769583759
-7.084111967673208	-1.3468030701879754	32.09880222776077
-6.94197038988062	-1.2726391206246834	31.90922203307784
-6.801217007067569	-1.2040460638852337	31.71851461972718
-6.662335507674381	-1.140081338319476	31.527596673732127
-6.525325907141296	-1.0807461952705328	31.336465356886396
-6.407317010950127	-0.9784043986035815	31.19003400993721
-6.272708677097053	-0.9269950541182416	30.997951671651556
-6.140227313912426	-0.8796396014550059	30.806114157606274
-6.0098729419588865	-0.8363397070980328	30.61451909784558
-5.88187611688798	-0.7961551247982568	30.423700809726796
-5.755929481748397	-0.7603436157715423	30.23294178229535
-5.632264111614582	-0.7279793451956627	30.04275953656738
-5.510880029976561	-0.6990642168025576	29.853152217379904
-5.3925193527261115	-0.6678393541372136	29.666732749926005
-5.275645291303243	-0.6452260000489318	29.47844301633434
-5.1611394795680745	-0.6255026006893685	29.29096350441277
-5.049001942421184	-0.6086711741075379	29.104292816250435
-4.939269882094042	-0.5939437792217248	28.918682783514605
-4.831893753940613	-0.5823757313934611	28.73379471096406
-4.726911352332227	-0.5731953804239591	28.549870928541345
-4.624322702350911	-0.5664047590678419	28.366910429521994
-5.147525289003449	0.7532698015810437	30.760283729851924
-5.001514605569531	0.7850093229049807	30.54629226365337
-4.858376358509312	0.8131865291980738	30.333656293900034
-4.718110585152782	0.8377983950783932	30.122373631251993
-4.580761343982132	0.8599955638569154	29.91269519563116
-4.446269977269867	0.8782368004548278	29.70428188701536
-4.314681425049256	0.893648514723524	29.497369834447255
-4.185995724284859	0.9062277108969815	29.29195749554231
-4.059796730871965	0.9227133981041353	29.088992893154145
-3.936745605007898	0.9302821888941734	28.886592561299786
-3.8165631053841054	0.9356561374310299	28.685758490523103
-3.69924926736278	0.9388323778114005	28.486489651046657
-3.584667378076059	0.9406684101919671	28.288808315760672
-3.4729998018135766	0.9400143797368687	28.092682734434916
-3.3641106377139227	0.9377055528754683	27.89812862217445
-3.257999918679556	0.9337392630518608	27.705145340627066
-3.145008082938231	0.9723239585200085	27.51533755111764
-3.0434861287507164	0.9654328555577946	27.325145884064337
-2.9446362454306714	0.9573407537600742	27.13650908821653
-2.8484584633740653	0.9480451897075911	26.94942680957557
-2.754714614411931	0.9381425892654507	26.763819942254976
-2.6637223244261032	0.9268321807417984	26.579793317560615
-2.575244113049087	0.9146915947502183	26.3972658862994
-2.48928000760913	0.9017186164927578	26.21623749494047
-2.40414303703219	0.891275428814505	26.03611036137613
-2.322995872969253	0.8769514220373913	25.858003662784547
-2.2441889806971673	0.8620956371419046	25.681330117216163
-2.1677223845310873	0.8467061035239297	25.506089703288485
-2.0933198316532993	0.8311660861297483	25.332176190453985
-2.021349713436629	0.8149601657419818	25.159731245782122
-1.9515363228926352	0.7984567068781621	24.9886488519278
-1.8838796814564716	0.7816539723417661	24.81892906830982
-1.7004202176682233	1.0213165575286274	24.63073488034727
-1.6334621581105713	1.0044102716012562	24.46296041118958
-1.5685493511069097	0.9874677016185993	24.29652421194486
-1.5056818163903973	0.9704872483210779	24.13142640623067
-1.4445615266960008	0.9537074313598195	23.96755294139328
-1.3855858954983356	0.9368066757745255	23.8050561948808
-1.3284573355104117	0.9200114995964768	23.643823210774105
-1.2731758638203783	0.9033205179290072	23.483854129662046
-1.217915891593309	0.8880608387303148	23.324469819284808
-1.1661466597863515	0.8717071383825797	23.166962891179654
-1.116032956226352	0.855563064387475	23.01065163092335
-1.0675747956320523	0.8396274238753412	22.855536179166087
-1.020499896159107	0.8240283363079799	22.701522152861557
-0.9751713328255477	0.808592337023505	22.548735717933248
-0.931317150847045	0.7934386270894196	22.397083602026992
-0.8889373628477691	0.7785661833890845	22.246565935966075
-0.8350704667634425	0.7723359943566832	22.09259608985825
-0.7955770045768159	0.7582420068976773	21.944328152279148
-0.7573817118222874	0.7444817853812618	21.79713933382936
-0.7204845992287243	0.7310544602941995	21.651029749627437
-0.6846499914600388	0.7180179483540234	21.505924425285567
-0.6501921459645199	0.7052931092089606	21.36192358184854
-0.6168756250969616	0.6929313799732659	21.21895311354829
-0.584700437979718	0.6809320213323546	21.077013118808495
-0.5522942546481455	0.6696263275233276	20.93566811330647
-0.522278474429465	0.6583922522771486	20.795748705294013
-0.49325902435267155	0.6475364413706899	20.6568161206604
-0.465235912134178	0.637058269432918	20.518870441169117
-0.43801212600098083	0.6269747705550435	20.38185206696401
-0.41185036529244784	0.6172618568594505	20.245840642584994
-0.3865537886897097	0.6079319170428654	20.110777169588637
-0.3621224026980306	0.5989844238908605	19.97666171455011
0.7039232589857858	2.121486692714251	19.791289562963495
0.7390241924734605	2.131089464598519	19.663678985690794
0.7735263949363436	2.1416291722330127	19.537115783523095
0.807429861203494	2.1531053965426015	19.411600053207103
0.840955539896985	2.165554435069836	19.28709594461855
0.8738088217110873	2.1789269880177877	19.163651478173424
0.9062105435777612	2.1932563160099	19.0412315435716
0.9381607014085891	2.2085420877033175	18.919836232048397
0.970945347581408	2.22508053647881	18.79929426548536
1.0021075486001834	2.242328088181412	18.679938898035523
1.0329543978978333	2.260553887836247	18.561591940178406
1.0634858923119097	2.279757679145001	18.444253482817206
1.093888715240301	2.299981650261745	18.327907557517754
1.1239139487689087	2.321169005946985	18.212575670741217
1.153748209048605	2.3433601087821665	18.098242585049384
1.1833914936924652	2.3665547653207035	17.984908396182473
1.2216320286207225	2.394044978549512	17.872002907627344
1.2508786462432302	2.41948994429271	17.760727633324834
1.280057774058149	2.445967985812862	17.65044823396036
1.309169410377156	2.4734789662810663	17.54116481523366
1.3383734828477984	2.502081743731325	17.432880948371547
1.3674567511248303	2.5316975586009876	17.32559213000955
1.3965791080622387	2.5623843272413835	17.2193028176727
1.4257405525046443	2.594141956015602	17.114013132176552
1.4558973386611507	2.6274339453245683	17.009797870692424
1.4852274746553196	2.6614002833195736	16.906523194394964
1.514697838584278	2.69648286880221	16.80425865256579
1.54430842973193	2.7326816437369943	16.703004386350983
1.5742024781237116	2.7700780942771845	16.60278503452507
1.6041890090223974	2.8085634611895993	16.503568095145997
1.634411238790936	2.8482188633110765	16.405379413637917
1.6648691670585618	2.889044270593151	16.30821915694237
1.7578161270679658	2.9764429602751066	16.220973495552077
1.7884433021986081	3.021346439169373	16.12649531781961
1.819448457083247	3.0674791513799873	16.033083330143427
1.8508315918199305	3.114841104853178	15.940737740047451
1.8827196664017292	3.163546086325818	15.84951312782179
1.914943401189209	3.2134424086217726	15.759337236303127
1.947629759623688	3.2646439538257437	15.67026643203478
1.9807787419325136	3.3171507403629317	15.58230096291241
2.0151947345897474	3.371778344930088	15.495860828199701
2.0493536852601175	3.4269984508974924	15.41016058683861
2.084059943271618	3.483609118048188	15.325615634927845
2.119313508899911	3.541610368723053	15.242226268544316
2.1552415253473445	3.6011438062538224	15.160081380199923
2.1916744689705827	3.662020676969289	15.079063183096931
2.228739488907708	3.7243827414481463	14.999263116470878
2.266436585390772	3.7882300184967823	14.920681533253088
2.3112396146858307	3.861261580111625	14.84785596300867
2.3503186241128344	3.928347561406865	14.771862087009143
2.390119120715022	3.997023516250269	14.697166696422089
2.4306411045787777	4.067289451642775	14.623770212745553
2.472016624254116	4.139314374007393	14.551808053107177
2.5140696150088835	4.212872941543936	14.481100708228483
2.556932124574986	4.288134123513647	14.411787212051093
2.600604152764547	4.365097904690151	14.34386806471931
2.6459535594064514	4.444923393823896	14.278326563655598
2.6913416728065997	4.525430382497969	14.213316074533681
2.737630325914791	4.607760558766301	14.14981525291305
2.7848195181191358	4.69191387303883	14.08782469082078
2.833050100170365	4.7780819165976745	14.027541804755378
2.8821342691765257	4.866009081146996	13.968704840009371
2.9322128552880478	4.955886364432715	13.911516275563052
2.9832858572864804	5.047713667706363	13.855976809706528
3.6533181586161536	5.9245386436478285	14.359747873845375
3.7107334097287046	6.035274964366312	14.319223132089874
3.769499367850354	6.14809910283938	14.280902539233496
3.829616029327853	6.263010762992181	14.244787121410619
3.891197544298149	6.380197686857608	14.211237757187202
3.9540917026288684	6.499408745352701	14.179775791543179
4.018412550050775	6.620828738390425	14.150770740967902
4.084160081101005	6.744457223236861	14.12422378099527
4.152095480026663	6.871408510847822	14.102642763922915
4.220783617095534	6.999562587960467	14.081301074390792
4.290977781377877	7.130031179022043	14.062709720821394
4.362677965158535	7.262813658763101	14.046870040616552
4.436006010819485	7.3980459950806745	14.034264446223922
4.51079944165231	7.535545260422937	14.024252982594788
4.587179890099064	7.675441544514836	14.017329213025848
4.665147345663792	7.817733996719456	14.013494645729187
4.750625506602363	7.968978085789588	14.035548582438073
4.831862197402056	8.116041481634007	14.03830906000676
4.91476307652098	8.265546732903092	14.044545065457418
4.99932813003983	8.417492711516621	14.054258277208652
5.085669506021508	8.5719052736267	14.068073165325778
5.1736376379604465	8.728747046623559	14.085161158573221
5.263344304146851	8.888033567851455	14.106160508063908
5.354789486532541	9.049763374608867	14.131073057519341
5.448588021042672	9.213723206040479	14.164081441094986
5.54355850379888	9.380266576169236	14.197277504832133
5.640331878318063	9.54919553100345	14.234871943407105
5.738908121629716	9.72050820891507	14.276866743296612
5.839362095899539	9.894033602130715	14.324034508300688
5.941593926697196	10.069995003476302	14.375349827682497
6.045677876436799	10.248204710409363	14.431601214472963
6.151613916372851	10.428660393272184	14.492790757557328
6.279440734225929	10.577160018376295	14.774391802016249
6.387745994899712	10.759242573366215	14.844555595417573
6.497896860251355	10.943258481144648	14.920164457039808
6.609893295918665	11.129204956852588	15.001220427642618
6.723724266538324	11.3165930800038	15.088586384847748
6.839404400081569	11.506067787211139	15.181116545324818
6.956921780166299	11.697115699247394	15.27968938027472
7.076276365406181	11.889733461987223	15.384306861304669
7.196991629884999	12.079859154168648	15.500239552136366
7.319898933737372	12.275057203951338	15.617437631709198
7.444594409426279	12.471319137049223	15.741285713667953
7.571078008207653	12.66864100303493	15.871785566523846
7.699200653080679	12.866072179217873	16.009809149419265
7.8291609936175135	13.064870456473228	16.154197693547378
7.960808729448054	13.264051357155115	16.30583531264634
8.09414380449204	13.463610336279602	16.46472340361485
8.217573695996341	13.615882166818562	16.662856736634357
8.353243387879965	13.814516784428315	16.835208059234855
8.490436075381501	14.012663010508465	17.015298492394013
8.629151696673462	14.210315834295338	17.203128858165503
8.769029525311701	14.40594130439211	17.399364393743063
8.910550381528315	14.601572665591519	17.60311940385406
9.053352033304648	14.795634492146034	17.81506202881224
9.1974344140857	14.988121390154378	18.035192296828672
9.339615654514864	15.16793630216295	18.26605399076525
9.485765835490524	15.355930186228234	18.502518038155973
9.632866154417112	15.541057055964162	18.747449931500153
9.780916543152577	15.72331138884775	19.00084868386534
9.929267660330535	15.90051355829545	19.262832952402988
10.078785137197015	16.075556989482575	19.533241232382384
10.228818053950741	16.24621891178479	19.8121790377756
10.37936634518729	16.412494024548085	20.099644171740376
9.479638213885206	14.495348254202868	19.794822277873237
9.605348068608755	14.651991970073919	20.009706769379424
9.731732716263084	14.805383272543986	20.23147040463658
9.858792109956166	14.955518361282975	20.460111987280637
9.985882172519197	15.100654551155083	20.695473309028472
10.11386156733308	15.243106817262664	20.937761809473656
10.242085156611843	15.381103590758633	21.186806027856527
10.370552897860398	15.514641427659328	21.44260391068482
10.494427255207693	15.632223609123084	21.70180899873295
10.622739512774475	15.755604544519596	21.970360127344705
10.750791399305273	15.873235825895769	22.245280340431304
10.878582880920082	15.985114707470904	22.526566735452626
11.005235132892883	16.08925009365641	22.81324591829576
11.131919852959127	16.188291221696417	23.10660831280989
11.257757553777463	16.280229402518167	23.405654210421307
11.382748214652704	16.365062958895145	23.71037995719943
11.461327770194215	16.35954898161055	23.95732693849436
11.583080469131493	16.430465541076224	24.268673248191035
11.703392192952924	16.49310636205211	24.584684950631786
11.8222629375046	16.54747110788805	24.905357984295982
11.938631199837575	16.591761505890233	25.228734544202545
12.053912324496444	16.628375842931987	25.55741536399678
12.16704492519636	16.655519924374783	25.88940974083498
12.27802901836272	16.673195081403385	26.224713475382813
12.379869339803717	16.672147158850525	26.548093525459073
12.485770745699648	16.6702939809591	26.887960847440862
12.588791285234093	16.65801609360404	27.229457669451975
12.688930996841602	16.635316611685845	27.57258016187642
12.785063987239148	16.601163921824856	27.914400537233508
12.878691555565997	16.556942269026244	28.258814254165458
12.968688940311907	16.50165195080981	28.602867081714628
13.055056201244588	16.43529781100586	28.94655612850403
12.819903200878095	16.159476998585042	28.429102197501635
12.9015841500342	16.100102552950258	28.756900479050625
12.979569129071086	16.030166911206848	29.08339244955202
13.05385819883554	15.949675004638125	29.40857607931834
13.123469077367934	15.85857275941324	29.729348711806626
13.189711627619753	15.756944728207522	30.049843678779855
13.251605138257913	15.644780381585	30.366948725620848
13.309149682773056	15.522085675541192	30.680663338629817
13.357102180242272	15.392491108622048	30.971304536259137
13.40557007306232	15.249758393739302	31.276182665151875
13.449132397004982	15.096989370236722	31.575592018414444
13.487789230643571	14.934190406031234	31.86953387072334
13.520873719352782	14.762728241266643	32.15498590257175
13.549275184419095	14.580795288471451	32.43598240766434
13.572328587335493	14.389807817768839	32.709519441306384
13.590034002949725	14.18977189514019	32.97560014320117
13.582649897156898	14.058920152985523	33.10699464826396
13.591780909277647	13.846395881243861	33.35924413265184
13.59531942982024	13.626110940214643	33.602512179553905
13.593265522124057	13.398070463191708	33.83680337622568
13.585431724280527	13.164828800946161	34.05994445088875
13.572068117904548	12.922990882992925	34.274844885171376
13.552988524411488	12.675145272606315	34.47937349994653
13.528192987450092	12.421295507267304	34.67353607564444
13.498439454702302	12.179598742249865	34.84754014457903
13.462640030725817	11.915941873886586	35.020582653184654
13.421187907975277	11.648256668948882	35.18233656335132
13.374083105769438	11.37654469311121	35.33280817750812
13.321708357448028	11.103971016805676	35.471258191193336
13.263553375040718	10.826317422241871	35.59868698122157
13.200001061536671	10.546752386601566	35.71440505756093
13.131051410179817	10.265275362344042	35.818418501432205
13.260268144601497	12.9729608329104	33.23022465185157
13.250602147712877	12.764201764749803	33.43434433252698
13.2359433439557	12.54972016275271	33.62960226223207
13.21629177146618	12.329519117640919	33.816002805963976
13.191659967521087	12.106044363578828	33.99212382708315
13.16203128989077	11.876040930252408	34.15987222655149
13.127418977238582	11.641972896260713	34.31786333579292
13.087823049341509	11.403841864415284	34.4661020642102
13.044965149978687	11.178050999294408	34.59910716193589
12.995878008540254	10.933647604646271	34.727833167346645
12.94197334263784	10.686935316833917	34.84631913708445
12.883251152168047	10.437914127477585	34.954569975709965
12.820197472794527	10.189270289811871	35.052398279969
12.752164240247652	9.937420777951676	35.140064985347045
12.67963727521165	9.685045037635826	35.21741978924546
12.602616558355876	9.432141502226047	35.28446704586355
12.552363701207588	9.298189976042536	35.34641668341494
12.468931496327993	9.044835029485926	35.39744269373472
12.381380995601289	8.792461530030453	35.438409627280095
12.289712165481445	8.541066758962543	35.469321003582685
12.194762658019743	8.292957493502778	35.49106147971211
12.09541551506081	8.045050837714061	35.50245870640462
11.99250746591205	7.799627714809489	35.50442023031583
11.886038465639793	7.556684483172257	35.496948306973614
11.782031642437094	7.3286216571831355	35.48802306913367
11.66920624922615	7.091589648649071	35.46290795788717
11.55344359217364	6.858271417058506	35.42923067456526
11.43474362077851	6.628662869590426	35.38699211452098
11.314126044541977	6.404245165058016	35.33778455787216
11.190231132043035	6.183033800815902	35.27948593740568
11.06407739342818	5.966477014956919	35.21369007045874
10.935664778224972	5.754570716978713	35.140396534787705
11.133577256854233	6.1012149997948075	35.49627542677059
11.006658119647406	5.879870297587817	35.425715427847514
10.877560283781989	5.663576286516236	35.347898649261616
10.746283698283744	5.452328835410165	35.26282436003637
10.613902324922167	5.247014039389179	35.1723051901234
10.478984100018296	5.046441146327373	35.07392163630996
10.342601840549067	4.851465095575659	34.9694757317466
10.204755501556452	4.6620822435433915	34.8589656448441
10.071882995102058	4.4814270737421475	34.75399329360745
9.931722970083868	4.303171572378303	34.63261466934359
9.790777030180353	4.130771639620938	34.506344444002075
9.649045139355353	3.9642243549459004	34.37518000548054
9.507477512610961	3.8035767902585556	34.240840314387555
9.364807121064457	3.6487600603992028	34.10102690870379
9.221983439868712	3.499801399930502	33.95743580853954
9.079006443517278	3.356698741700871	33.81006395034589
8.976356214166623	3.2166440800018483	33.740652679431435
8.832566715750017	3.0827529709682877	33.58644232697379
8.689158232994108	2.954593549010775	33.429391327177655
8.546130750278136	2.8321645481564555	33.269496413647076
8.40422418371549	2.71496319542607	33.108139996999796
8.262451950456157	2.603657582945716	32.943471283086744
8.121553705780581	2.4977382287086427	32.77684678028489
7.981529444078972	2.3972046780735976	32.60826330334688
7.846182960064115	2.2979080202195767	32.445442428526654
7.70814842618177	2.2075494398919506	32.273614736631245
7.57139669436574	2.12213818753509	32.100569928650856
7.435927767517024	2.0416744982584882	31.926305070228075
7.302228580260328	1.9653952885238115	31.751771327494875
7.169649899019275	1.8943190233878315	31.575693932563333
7.038678801324996	1.8276868539112425	31.39900206477308
6.9093152968525136	1.765499564199253	31.221693156528847
8.22369489117703	2.2118015006434044	34.0860708959866
8.073761701439732	2.0843619071635207	33.9033130344614
7.924527039263858	1.9630838104319457	33.71860729600287
7.775990897632656	1.8479666417810054	33.53194992382537
7.62889440657115	1.738194690919483	33.34465330618194
7.482249385197655	1.6348549625224562	33.15495903148939
7.336796910400279	1.5371307496317308	32.964150489386384
7.192536985588719	1.4450223285834662	32.7722241959124
7.053108337681949	1.3526580075678805	32.58626810890469
6.9114262837585505	1.271039597465471	32.39268515441617
6.771330580658455	1.1944330436250792	32.198654000278104
6.632821240010826	1.1228392885237255	32.00417157750779
6.496341297397816	1.0552883723015043	31.81005975289938
6.361300071017325	0.9930761931044404	31.615215957775927
6.228140936842414	0.93524241017293	31.420439549455864
6.096863912460059	0.8817884488307199	31.22572795430428
5.982843704307145	0.7842805723911832	31.070358443359456
5.853988138492043	0.7384011709460143	30.875249583899784
5.727247949399724	0.6963228778986377	30.680601677249534
5.602623158928491	0.6580474679810036	30.486412603726937
5.480310749540342	0.6226526142499775	30.293131495012094
5.360048131031621	0.5913723877127608	30.100154978782175
5.242032828828503	0.5632994855539089	29.907917263295342
5.126264867040618	0.5384358617210252	29.71641671144373
5.013311617536153	0.5111883588951658	29.527810679949418
4.901974170415796	0.4921724064460784	29.33791588547086
4.792952297463668	0.4758247590365672	29.148950319554544
4.68624602365632	0.46214744087324555	28.960912765957772
4.581869985965143	0.45038529947957606	28.774002111135925
4.479804726592147	0.4415499186723323	28.587950645738825
4.380065472076447	0.4349023481613612	28.40294905165471
4.282652247186523	0.43044459529019796	28.218996466720668
4.182955048707867	0.08740833167119266	28.188866710788382
4.081870665500133	0.08619140777248639	28.002561861652207
3.9832656420481727	0.08681565901217336	27.817475218430893
3.887140005135247	0.08928325602000545	27.633606119241772
3.793372967455813	0.0929660586702683	27.45100154563285
3.7021256398394615	0.09870653803346474	27.26959753881098
3.613277851519583	0.10589343908391236	27.0894369107719
3.526829627588168	0.11452879538373094	26.91051925481703
3.4417382612945264	0.12101510936778759	26.73291293934342
3.359927976795979	0.13220637462882537	26.556455248928735
3.2804120667618766	0.14451623269781333	26.381239647377363
3.2031905543333696	0.1579465590324365	26.20726591542105
3.1280752941443666	0.17206739575781338	26.034507550393112
3.055317198916215	0.1874562532442535	25.862999497734236
2.9847286493272485	0.20369755546897217	25.692714113367387
2.9163096664321433	0.220793008792932	25.523651310344448
2.839779971145185	0.2157346433002898	25.354361791837707
2.775253318486608	0.23430963924889647	25.187559665290312
2.712767930796127	0.2535200368376129	25.021954591159986
2.6523238271427636	0.2733673815013601	24.857546572727458
2.5937075311789553	0.2935804627875509	24.69428233763618
2.5372037208104814	0.31452436135822065	24.532232976380158
2.4825993500144223	0.335939620489742	24.371345532818975
2.429894435834722	0.35782762149614056	24.21162006694256
2.3777271118323133	0.3786867829845262	24.05269126667141
2.328675058921088	0.4013794688447515	23.89524581243985
2.281380427258884	0.4244205903792384	23.738925824784655
2.235843231990718	0.44781137500500623	23.583731396834548
2.1918552635706545	0.47140134684958124	23.429607065642543
2.149694168579289	0.49539388397542866	23.276627016033867
2.1091520778490174	0.5196478028507894	23.124736643118347
2.0702290047759164	0.5441641891509894	22.973936056800802
1.2944299931814103	-1.3600511759476035	23.187941306416665
1.2291548882426468	-1.3412622684221256	23.02970865369012
1.1659198973435259	-1.3228475366577843	22.872787130875583
1.1047250390974586	-1.3048054721442124	22.71717696873821
1.0452182031742725	-1.2872947719340608	22.562748129556542
0.9878689110511578	-1.2701005141465087	22.40967452115215
0.9323254644620418	-1.2533701641933988	22.257827904221877
0.8785878792184691	-1.2371024406396212	22.107208489253473
0.8245664232986831	-1.2221883955014903	21.95707277811661
0.7742450227414884	-1.2069400870044804	21.808840630195746
0.7255092448166316	-1.1922158594278933	21.661762126508535
0.6783591028918589	-1.1780146293924507	21.515837450572754
0.6324900082941025	-1.164409427170785	21.370968652845967
0.5883081086505934	-1.1513004966501927	21.22728673781016
0.5455091104249354	-1.1387528255013102	21.084695128554728
0.5040930248802125	-1.1267655009156898	20.94319398018686
0.4498023321245088	-1.1211919463878326	20.798048342134024
0.41116441011927385	-1.1105856920429455	20.658734977240638
0.3737127080131657	-1.1005623393729262	20.52045624592263
0.33744723517246744	-1.0911211292941592	20.38321227444874
0.3021142749026895	-1.082287242738551	20.24693050770913
0.2680521366640538	-1.0740254409480072	20.111707960268728
0.23500730988149732	-1.0663552897258217	19.977472999836067
0.20297980237033705	-1.059276155685274	19.844225728740994
0.170510337061192	-1.0529609750657265	19.711554978991344
0.14039005140075517	-1.0470950074699008	19.580246796081838
0.111132562436969	-1.041821529229118	19.44988522004519
0.08273787664476638	-1.0371400155871495	19.320470332676944
0.05499811853587033	-1.0330534605982766	19.191947388385678
0.028190469567227646	-1.0295567262853522	19.064389557869944
0.002107196131117206	-1.026648943248058	18.937742686534737
-0.02325169643697024	-1.0243296790754401	18.812006839612504
-0.13768323328374432	-1.0654665078142909	18.661910151835666
-0.16058932785266597	-1.0663077424562875	18.53837498557086
-0.18297172475311463	-1.0677306397604305	18.415717368289727
-0.20483042011027353	-1.0697348856949795	18.293937345755694
-0.22632330991297067	-1.0723226605224347	18.17299558970884
-0.24723985778363838	-1.0754903770650392	18.052944638077896
-0.2677378755647233	-1.0792379264523433	17.933745497931625
-0.28781736014487713	-1.0835650565273727	17.815398207714274
-0.30838292514331167	-1.0885412445927276	17.697678581911095
-0.3277035327640136	-1.0940492059995093	17.581015262987542
-0.34670156001478514	-1.1001368776379392	17.465180952470913
-0.36537700444175514	-1.1068040606358573	17.35017568407191
-0.3838590575759051	-1.1140587772074078	17.23596877903008
-0.4019754587891839	-1.1218899053082951	17.122601218727624
-0.41985534700353133	-1.1303040379845761	17.010042581631726
-0.4374987203207879	-1.1393010214012653	16.898292899160957
-0.460916732991147	-1.150195366141606	16.78593350451935
-0.47805416907214354	-1.1605291496768566	16.67581147274099
-0.49504009923168546	-1.171451489160459	16.566480674231173
-0.5118745220834612	-1.182962272239776	16.45794114007902
-0.5286640749049183	-1.1950821260965077	16.35016965970557
-0.5452665717641295	-1.2077833131717828	16.243197254380423
-0.5617886210206544	-1.2210856774888263	16.13700096523371
-0.5782302216871584	-1.2349891390297876	16.031580825312147
-0.5952175847337173	-1.2496907082459439	15.926808977975568
-0.611555397096662	-1.2648305880814341	15.822930689899852
-0.6278790981492413	-1.2805895243437293	15.71981576575349
-0.6441886872482181	-1.2969674649021514	15.617464242411062
-0.6605763134475819	-1.314001172456586	15.515859996104844
-0.6769191100894911	-1.3316415285640864	15.415024615635401
-0.6933092138144499	-1.349924962826428	15.314942288470945
-0.7097466242705264	-1.3688514467215798	15.215613057189032
-1.3379354590364096	-1.9757320888748344	15.095844766318518
-1.3541508751417035	-2.014305440327496	15.002283295341806
-1.3709299427550352	-2.0536430455597454	14.909558842338118
-1.388272663639253	-2.0937450474402977	14.817671538286536
-1.4062139209401376	-2.1347422538238776	14.726642456415313
-1.4247072078346072	-2.1764605814909848	14.636443823494243
-1.4437874481031772	-2.2190319498437763	14.54709783711143
-1.4634546434134745	-2.2624564940339185	14.45860465165736
-1.4839962637964135	-2.3076160019794827	14.371138561976478
-1.5048795505516632	-2.352847320453616	14.284374757198396
-1.5263795047760151	-2.3990276243296815	14.198485748634202
-1.548496128043074	-2.44615704113938	14.113471719128762
-1.5712841202006222	-2.4943876359147836	14.02937362950238
-1.5946705517147783	-2.5435169467550636	13.946137319516964
-1.6187101585448165	-2.593698025265639	13.863805323467831
-1.6434029421653216	-2.64493099095318	13.782377858490614
-1.6719336804300982	-2.7050523534233584	13.70394754128657
-1.6980893785794182	-2.7585845511488	13.624405788756553
-1.7249408732892917	-2.813283310813217	13.545808555682274
-1.7524881659075187	-2.8691487416480284	13.468156101486318
-1.7808068935872097	-2.9263575221677884	13.391517308701404
-1.8097962098267297	-2.9846743270577365	13.315800979274464
-1.839531782083144	-3.044276659520392	13.241078230107679
-1.8700136115587587	-3.1051646169957166	13.16734937037367
-1.9017930603878206	-3.1685402601415014	13.095128210321047
-1.9338384290839041	-3.2321394725568875	13.023451374558395
-1.966687453322498	-3.297152508653568	12.952829847330795
-2.0003401341127414	-3.3635794502165224	12.883263997503857
-2.0348933169071053	-3.4316244374975327	12.814861274958009
-2.0702178765951937	-3.5010154585146034	12.747479331053125
-2.1064106798104003	-3.5719572227270806	12.681228791411275
-2.14347172730385	-3.644449791009376	12.616110095940941
-2.2248556090130727	-3.805586438395702	12.588632660292564
-2.2648149357241385	-3.882599366153986	12.526525150442119
-2.3057198223664823	-3.961347581478101	12.465673594092202
-2.3475702692052365	-4.041831105855576	12.406078534606158
-2.3904900777485762	-4.124281910572908	12.347908343618823
-2.4343141795564356	-4.208390719829479	12.29093987691144
-2.4791663773590065	-4.294389515914531	12.235346176302327
-2.525046670922981	-4.382278279919759	12.181127888660365
-2.5728168515978496	-4.4736241130538055	12.129503411814918
-2.620858070872047	-4.565475284647906	12.078183620595674
-2.6700173020620657	-4.659379741392701	12.028382897968806
-2.7202945442579813	-4.755337409544016	11.980102012905183
-2.7718355174138622	-4.853604365177922	11.933586676001903
-2.824445925436569	-4.953838944896549	11.888511182520816
-2.8782714577444377	-5.05629634726521	11.845127833001921
-2.9333121125238906	-5.160976425303862	11.803437538888634
-2.997379330156404	-5.281404732326756	11.775601837024217
-3.0550952167671936	-5.390896004188131	11.737620540934333
-3.114131740863918	-5.502787262074353	11.701545450228
-3.1744888993957256	-5.6170782587313814	11.667377645158824
-3.2363334759331437	-5.734035798986824	11.635469891839696
-3.29944308402663	-5.853303465904593	11.605354510487878
-3.363984419369923	-5.975145584735934	11.577393481277669
-3.429957477321601	-6.0995617793201005	11.551588074884291
-3.498483728005553	-6.2282754844329435	11.53044194903638
-3.5674502218381408	-6.358031331908693	11.50924407770673
-3.6379654946422004	-6.490532048188195	11.490495767857931
-3.7100295396941645	-6.625777088364719	11.474198506513192
-3.7838249680677443	-6.764016247590671	11.4608468170403
-3.859108280540688	-6.904915023833746	11.449785001455345
-3.936061902741189	-7.0487180100242135	11.44152017600799
-4.014685825256266	-7.195424443293887	11.436054068886952
-4.751285113027632	-8.382536793514246	12.58885980179359
-4.842913648601246	-8.546001492541937	12.60638516506097
-4.9363643831860875	-8.712380524767646	12.62781534360839
-5.031637297954032	-8.881672364279723	12.653152477520129
-5.128888708829525	-9.053888364016334	12.683168276211921
-5.227910146309156	-9.229009474653486	12.71683897414643
-5.328857427394492	-9.407033131492073	12.754953878483171
-5.4317305277708	-9.587957363962293	12.797515350809341
-5.537376108079734	-9.771384712931678	12.849710124258234
-5.644165142168846	-9.958007145121774	12.901733773667205
-5.752968802433319	-10.147440449265206	12.958807316895866
-5.8637870579474285	-10.339682119009025	13.020933303279183
-5.9767217865499145	-10.53448954895581	13.089074916553908
-6.09163707273648	-10.732179860234329	13.161953977023886
-6.208633986784545	-10.932487968792682	13.240554050058757
-6.327712489952245	-11.13541073482493	13.324877812036407
-6.451771889505018	-11.32765945431943	13.457467584165325
-6.574656441675081	-11.53497352948609	13.553530216037016
-6.699654538537095	-11.744560200604951	13.656021038388674
-6.826766132681239	-11.956415625381416	13.764942733701174
-6.955981879710823	-12.169874852768643	13.881399268857457
-7.087314120268878	-12.38581487615669	14.003924868083972
-7.220752293234046	-12.60353696347546	14.133643837693082
-7.356296341352822	-12.823036474656215	14.270558735296719
-7.493330247810029	-13.038790392106378	14.421372775762665
-7.632923271076644	-13.261085202799382	14.573295814534498
-7.774558832772438	-13.484467516407719	14.733185861088689
-7.918236865409792	-13.708931863446319	14.90104514009635
-8.06375872420952	-13.933181765933487	15.07797367680344
-8.211389103164354	-14.158932431100599	15.262509507581788
-8.360927665414964	-14.38484056576916	15.45576739546487
-8.512374333458379	-14.610899888766868	15.65774897069833
-8.566113745215938	-14.47721159073247	16.0823180432497
-8.714684223813762	-14.695802340514165	16.289401107669605
-8.864938888018205	-14.913461711035104	16.50538348920235
-9.016877659146711	-15.13018332552479	16.73026596136032
-9.170034341878875	-15.34403278757766	16.964795235307914
-9.325030341809441	-15.557574042640798	17.20797661291856
-9.4813975562046	-15.768820189571436	17.460557921133912
-9.639135901216424	-15.977764432975016	17.722538818170996
-9.794171814845631	-16.17045090653438	17.996389395371075
-9.95402538592241	-16.373109192152636	18.277015890695374
-10.114826690797699	-16.571840828520866	18.56730913149585
-10.276575645233072	-16.76663898859714	18.867267373591805
-10.438445655726161	-16.95477438032285	19.176880819822525
-10.601538654659263	-17.139870475973257	19.496157114468588
-10.765026124556577	-17.319145516663532	19.825065492455888
-10.928907987251614	-17.49259316744766	20.16360257509949
-11.045353721112209	-17.537315981218814	20.484061158423334
-11.207535738534677	-17.697315171520213	20.836193539473495
-11.369475791863248	-17.849571304843717	21.197405259223657
-11.531173818087572	-17.994079274561116	21.567691421362095
-11.691406927921909	-18.127659497191793	21.945740073102186
-11.85180551204459	-18.254541013778294	22.333287731640546
-12.011145439020996	-18.37151121989136	22.72897701441559
-12.169426669478705	-18.478566924621557	23.132801510276362
-12.317714796498173	-18.556404710037924	23.53141234460068
-12.472726277688018	-18.641817696824017	23.949270640731193
-12.625748006359393	-18.7152052785089	24.373743398648926
-12.776779976233819	-18.77656694625793	24.80482319080617
-12.924249487690322	-18.822966689461698	25.239415500054434
-13.070253492755272	-18.858320744853557	25.681628647161414
-13.213219571411898	-18.87970251798028	26.128308015718687
-13.353147758419144	-18.887114825855377	26.579445948882114
-11.589264301153108	-16.510216894544822	23.398995382273963
-11.71178652979823	-16.598036665854238	23.723906643742808
-11.833251715416246	-16.67719673110661	24.05399645206714
-11.953659845852961	-16.747696105274226	24.389260550587217
-12.071832439436093	-16.807583807537704	24.727767858397275
-12.189340794820573	-16.859460315645713	25.072082860930095
-12.305006373555493	-16.901374035688548	25.420239214814522
-12.418829185628049	-16.93332577707156	25.7722323396698
-12.523039203642865	-16.945003272859374	26.112625799517513
-12.632303514743601	-16.956321802427492	26.470152441667445
-12.738911048337435	-16.956599423868468	26.82980822093131
-12.842861838935477	-16.945838934109933	27.191588783183352
-12.942900858315806	-16.922817025920292	27.552460902278764
-13.040701579063	-16.88917301149119	27.916459320059406
-13.135010046318833	-16.843714032663335	28.280519852936358
-13.225826319245268	-16.78644488417533	28.644639011866627
-13.257892662732822	-16.684699085746427	28.859744853423283
-13.341519226681601	-16.608540326086754	29.219432426907122
-13.420957802034195	-16.520366649990667	29.577076794336346
-13.496208465897496	-16.420184306530686	29.932675876383286
-13.566160385697096	-16.308120413244225	30.282605386644498
-13.632294864671195	-16.184021132890035	30.63169443654287
-13.693503039203954	-16.048068078405635	30.976310821174444
-13.749785000364431	-15.900268630416381	31.316454460257273
-13.795362472383388	-15.746228577132158	31.62945551833919
-13.841406443397966	-15.57609652875657	31.95833921091571
-13.881909663204077	-15.394847047131421	32.2803668297721
-13.916872226560317	-15.2024878118982	32.59554057911178
-13.945586261260022	-15.000858651931022	32.90045679365589
-13.968995813407824	-14.787524007804846	33.199660771474214
-13.986395164808165	-14.564382284222923	33.489776536242125
-13.997784402323273	-14.331440520871572	33.77080858455011
-13.848210892332133	-14.57775010654715	33.096159940829274
-13.863531576471392	-14.360325387447501	33.37563335992586
-13.872961019374735	-14.133974769183293	33.64579896745324
-13.87649929758164	-13.89870445484028	33.9066615387265
-13.873841998245481	-13.657208594371689	34.15565134659726
-13.865395167909925	-13.405908177647023	34.396207235217716
-13.850855978926582	-13.147539778976281	34.62580470231754
-13.830224487187003	-12.882107928049676	34.844450090586356
-13.803738027614436	-12.62922404732143	35.04017767239843
-13.771334194370416	-12.35210689726805	35.2363583486755
-13.732845125480452	-12.070073696443174	35.42044710997345
-13.688270849677206	-11.78312677346421	35.592451114185636
-13.637945030508863	-11.494764026558258	35.751374031449494
-13.581422824972957	-11.200324973274473	35.898561095495296
-13.519038242598953	-10.90331554460337	36.033073401665916
-13.450791281817324	-10.603735613344247	36.15491805095082
-13.405160171928543	-10.459141404128243	36.23823134558986
-13.328724825094728	-10.15653181708665	36.34071989400162
-13.246763674076526	-9.853416176475934	36.43049760296766
-13.159276692380915	-9.549792335188313	36.507570848700055
-13.067139440630598	-9.24900227678173	36.57255813921975
-12.969184421962282	-8.946583320842958	36.62464848729523
-12.866286306012434	-8.645851890532633	36.66450518618442
-12.758445042794847	-8.346803934755295	36.69213307532966
-12.652533649747344	-8.068122057876739	36.715422994914505
-12.53577100021799	-7.774001186275457	36.72005461192598
-12.414771894611109	-7.483450057063777	36.7133676396558
-12.28953626782177	-7.196463393859919	36.69536498132185
-12.161291173154197	-6.91541602738485	36.66791761221346
-12.02840038091098	-6.637128661020424	36.628535930771946
-11.892089327910115	-6.363931464954881	36.579105349098995
-11.752357942938158	-6.095818667746468	36.519626680801544
-13.048583094966425	-9.952788502504887	36.34362393265037
-12.96852169017245	-9.655859333217048	36.41990164551487
-12.883185088623389	-9.359398086830284	36.48414929002988
-12.792573257448142	-9.063402099330208	36.53637251611541
-12.697649926756453	-8.770896930953153	36.57741190621687
-12.597130028655808	-8.47784084976276	36.60615856541753
-12.491976293490342	-8.187231054858263	36.623491569480024
-12.38218866877961	-7.899063293000238	36.629414921754254
-12.27492588090705	-7.629866808197743	36.632687366557136
-12.156816494916995	-7.3478956207706965	36.61725825512895
-12.034812547922185	-7.0700230214577395	36.59140572011707
-11.90891397615922	-6.796243842600877	36.5551318589556
-11.780357825946236	-6.528581785253433	36.51034010431334
-11.647494549555876	-6.264326211029204	36.454495808257434
-11.511559644617567	-6.005458168926939	36.38951101390349
-11.372553044503926	-5.751972259179327	36.31538587887141
-11.28980041944119	-5.586814962632964	36.32675594817956
-11.146029833363729	-5.341003235664629	36.23817811396267
-10.999924319340668	-5.101448916578331	36.14170919936596
-10.851483813958106	-4.868146866040516	36.03734780884201
-10.701975927482378	-4.6419653432368015	35.92735004133751
-10.549710372129855	-4.421735261311325	35.80870330885978
-10.395953357564135	-4.208286862462593	35.683646653725795
-10.240704830090841	-4.0016157950690685	35.552177314264675
-10.091439420925468	-3.804182999311413	35.42841885404603
-9.933897788835187	-3.610848788136425	35.28560881784049
-9.775653219652671	-3.4244711746654133	35.13780351445306
-9.616705672615586	-3.2450468553445835	34.98499928137176
-9.458141439024441	-3.0724287077453027	34.82922757345665
-9.29851204709783	-2.9068061375755363	34.66777081101028
-9.138902977366172	-2.748010405505097	34.502629104045276
-8.979314203389405	-2.596039368718748	34.33379834618868
-9.172951857045735	-2.574306286694225	34.88595941745726
-9.008128895011223	-2.4136402805246036	34.71076276272522
-8.843579973176832	-2.2600590329985017	34.53236874602475
-8.679305070107686	-2.1135608069420107	34.35077283652448
-8.516243209214117	-1.9734471924220127	34.16774258122608
-8.35314232132458	-1.8406463264226913	33.98091072007987
-8.190941078047992	-1.7144507826882336	33.792008812114865
-8.029639472274043	-1.5948599849687184	33.60103242529939
-7.874021177722547	-1.4761714952422231	33.417714589802955
-7.714813227721956	-1.3689782820194063	33.22341603690164
-7.557019573454941	-1.2677877647175873	33.02796931057658
-7.400640219783925	-1.1726003374084204	32.83137034166878
-7.246280854395151	-1.0823760691365178	32.634780968190555
-7.0931339130486215	-0.9985031020399184	32.43664302030889
-6.941805300284049	-0.9199478840674447	32.23808796086436
-6.792295030229814	-0.846711560243471	32.03911225993801
-6.6666200418847446	-0.7266713453221332	31.895125320894362
-6.5192417588892235	-0.6624029236040307	31.694723571177477
-6.374003512602236	-0.6028135186788957	31.494466713703574
-6.2309053240767005	-0.5479048367651289	31.294351746833886
-6.090258529429043	-0.4965976503851408	31.09504342960831
-5.951648066703124	-0.4503352139763186	30.89564894197658
-5.815385817512503	-0.40805348753396586	30.696811607633975
-5.6814718071367585	-0.36975451982310586	30.498529044001348
-5.551017371794147	-0.3287654700664273	30.30405527088876
-5.421760400816577	-0.2977320186373894	30.107092797179117
-5.294979041126094	-0.2700299119128564	29.91097622677611
-5.170673320244726	-0.24566138039569896	29.7157037401814
-5.048921575093091	-0.2237002095141678	29.521585232027178
-4.929619421283963	-0.205386606962538	29.328203692204863
-4.812845854958667	-0.18981251418304712	29.135856545659372
-4.698600904256077	-0.17698021167027617	28.944542463644922
-5.396672124244702	1.0777153366091818	31.744911595684652
-5.2363363295372505	1.1232383475125907	31.51953267993193
-5.078904877919172	1.1644317834321245	31.295565138798462
-4.924377809920727	1.2012923596221323	31.07300599930596
-4.772894211256953	1.2351807317962926	30.85221988728468
-4.624268729661667	1.2642749644517821	30.632714415911156
-4.478641420263654	1.2899090167828855	30.41483385047759
-4.336012324306387	1.3120795462422719	30.198576039574775
-4.196377761620672	1.3388209965315605	29.985400916201215
-4.05958302410683	1.3548535447770236	29.772428091026995
-3.9257978833628577	1.36818819264969	29.561184872140423
-3.7950223795263494	1.3788216872272503	29.351669776651224
-3.667162888002035	1.3877933208473445	29.14393809233273
-3.542344333259849	1.393709940558889	28.937913107862016
-3.420474016642011	1.3975854683946887	28.733640460596092
-3.301551975877018	1.3994168466761654	28.531119191162308
-3.177130700040136	1.4523305826619781	28.333985021490708
-3.0629074967812575	1.4505444955545983	28.134545549166944
-2.9515485154602494	1.4472711953808544	27.93685105559276
-2.843053791230882	1.4425078331289631	27.740900967162574
-2.737191864640562	1.436992923725776	27.54660834121307
-2.6342714273867234	1.4297353704883298	27.354088017920073
-2.534061816466629	1.421451919727522	27.16324967938767
-2.436563063571004	1.4121400030915527	26.974093033207144
-2.340045784295926	1.405974632576089	26.785934326981057
-2.247737459396052	1.3949948906350247	26.600051875420597
-2.1579628542973275	1.383364615883531	26.41577289505388
-2.0707219972181083	1.371081521385354	26.2330972836489
-1.9857231438121268	1.3586309886612566	26.05189659118734
-1.903355349513903	1.3453607387630653	25.87234195830941
-1.8233275032056877	1.3317388671052273	25.69430465968136
-1.7456396297381747	1.3177633596813383	25.517784713591865
-1.5456013564584188	1.6130161899165647	25.32828839089987
-1.4678309623932029	1.5986261522204273	25.1540608222181
-1.392307848931587	1.5842082945081577	24.981335939449735
-1.3190320392423582	1.5697607390822763	24.8101138588182
-1.247671836923244	1.5555985726239516	24.64025216936324
-1.178669555182109	1.5412975188937648	24.471941058033604
-1.111694013396483	1.5271585974372823	24.305039214231567
-1.0467452315483976	1.5131801888253327	24.139546787637034
-0.9817630282946919	1.5011230652033554	23.974624900920865
-0.9206571194757357	1.487634840034184	23.811872459889976
-0.861362138530434	1.474452618345592	23.65044438298269
-0.8038781025873178	1.4615750119682347	23.49034082850926
-0.7478943077594491	1.449182532262347	23.331445329729885
-0.6938250637091555	1.437031432880947	23.17391354232317
-0.6413600463198494	1.4252918717938896	23.017630260433794
-0.5904992701966295	1.4139626653415787	22.86259563591048
-0.5263287594350237	1.414237076115541	22.70330731384985
-0.4785663461930891	1.403975467302162	22.550774476980912
-0.4322063914400811	1.3942060369116112	22.399423270845787
-0.3872489075104327	1.3849277853087425	22.249253832319724
-0.34341893681296254	1.3762361759053507	22.100176415607606
-0.30108311660028125	1.3680017253373187	21.95231098694393
-0.25996676169267596	1.3603124732923666	21.805568833155885
-0.22006988248908751	1.353167576995931	21.65995007322035
-0.17977413641020767	1.347124138853645	21.5149462241648
-0.14216747793695378	1.341131887690572	21.371529619122178
-0.10560946004856442	1.335721068904105	21.229185383578915
-0.07010009145093114	1.3308909769315933	21.087913618178742
-0.03540445908185763	1.326688735204328	20.94764652831143
-0.0018357994287520958	1.3230499668733884	20.80847472759247
0.03084060914958897	1.320016581104413	20.670331162360068
0.06262475940734935	1.317587990665521	20.53321591656105
1.2637817572431742	3.119569130812152	20.463475836688815
1.3097837319566854	3.1361909851036343	20.33760462710079
1.355099852531471	3.15405775768788	20.21297939105528
1.3997301124074333	3.1731689169065316	20.08960029256183
1.4439526933946534	3.193578223940096	19.967440615498766
1.4873966722607592	3.2152128502546287	19.846536359943677
1.5303400888745566	3.2381226960568985	19.72686208241977
1.572782938025019	3.2623073390230193	19.60841794380452
1.6163482121754567	3.288176538793566	19.4911306997272
1.657936021897324	3.3149736939331147	19.375154165550054
1.6991951178328153	3.343076961825796	19.260403273416586
1.7401254958990546	3.3724860115778985	19.14687818938603
1.7809632420611374	3.4032575172261654	19.034586699472722
1.8213935662929626	3.4353152051174614	18.923518819499087
1.86165246689433	3.46871336577349	18.813683685984056
1.9017399406976403	3.503451742478439	18.705081478508237
1.9527544338618406	3.543736877782649	18.5984550340443
1.9924816792177256	3.5814377117358407	18.492447355001413
2.0321931096202457	3.6205161939153387	18.387691453476233
2.0718887226901117	3.6609721314933257	18.284187531013952
2.1117708774468307	3.7028773426144754	18.18197812477431
2.1515697567976266	3.746135659120205	18.081007012346692
2.1914876688128895	3.790817512686156	17.981318424847476
2.2315246116678336	3.8369227554239114	17.882912593991875
2.272886736625735	3.884998976184855	17.78615053147788
2.31327519812745	3.934028000756598	17.69036181616062
2.353910275457694	3.9845331704505544	17.595898979751457
2.394791967193799	4.036514369967667	17.502762292492616
2.436100200278443	4.090063724925497	17.411032195905385
2.47759506902983	4.14505815061417	17.320602102691907
2.5194564689940018	4.201588912824698	17.23155475506153
2.561684398992236	4.259655916028365	17.14389047034427
2.6811298257011345	4.370673572674003	17.08645110146537
2.7236012248624606	4.4336497509362784	17.00260959463676
2.7666112281527955	4.498215842221916	16.92023970738419
2.810159834681011	4.5643717743100325	16.83934182479364
2.8544026982999218	4.632234234737952	16.76004810708621
2.89913227836987	4.701647464318281	16.682183293647352
2.944504206075728	4.772727516818335	16.605882830039352
2.990518480381901	4.845474308309176	16.531147169001535
3.0381420063875737	4.920695820396239	16.458935883483598
3.0855393897632033	4.996874674495296	16.38744728523658
3.1336810109410576	5.074802282616286	16.317635068816738
3.1825668685671378	5.154478535025365	16.249499764908148
3.2323465953080333	5.236034069091624	16.18323180718253
3.2828206773917197	5.319294413956817	16.11857859404961
3.3341387101849085	5.404389157283568	16.055735069746216
3.38630069181518	5.491318147323052	15.99470185353583
3.4466892941658434	5.587061244790597	15.944914177730535
3.5006295739665614	5.677868110341651	15.887753141865359
3.5555153496739886	5.770594652330832	15.83256226694975
3.6113466186633416	5.865240658034493	15.779342273088439
3.66826872374638	5.961937866321666	15.728357999114197
3.726087867587418	6.060510064540096	15.679258097054525
3.7849493206705005	6.16108696043117	15.63231348848963
3.8448530793462	6.263668258229701	15.587525004358497
3.9067090765803187	6.369080762339343	15.546746995612134
3.968791470805036	6.475759902542541	15.506487352552211
4.032011792442762	6.584522510482869	15.468598816881116
4.096370036500193	6.695368181481649	15.433082340839249
4.162006388843002	6.80840664865313	15.400294709536267
4.228733921982986	6.92349054755094	15.369762538097513
4.296692686654156	7.040725828682638	15.34185058587488
4.36588267614524	7.160111948138149	15.316559935192226
4.9718634078082005	7.753743226166643	16.071268330744704
5.0421153431470005	7.883500622252891	16.062037509321446
5.1138638984341425	8.015147105469643	16.05594271429059
5.187109063597816	8.148681859554404	16.052985182564527
5.26190672439256	8.284103516293808	16.053649504528224
5.338182340555518	8.421411799023426	16.05729252966366
5.4159915296299195	8.560597852562482	16.064408924233476
5.495334278513586	8.701660615054463	16.07500002395868
5.576494690203955	8.844273807813153	16.09226837826852
5.6589224199473245	8.989011012227584	16.11015228122211
5.74291337200563	9.135565461225598	16.131880812376277
5.828467529765286	9.283935808371302	16.157455387709934
5.915613567027968	9.4339654461636	16.187458046241627
6.004313210065985	9.585859781382657	16.221116087102363
6.09459470026699	9.739450174735307	16.25902280747489
6.186458017001513	9.894734954321036	16.301179673772484
6.2801053135763665	10.043055018657496	16.373171060905385
6.374917987308201	10.201179830952022	16.423948139488477
6.471310414583773	10.360797370263656	16.479393625759613
6.569282570420733	10.52190561191609	16.539508982244737
6.668803033129314	10.68410993153167	16.604942947921042
6.769913636083109	10.84793145295907	16.674833909515005
6.8725823195543425	11.012957847648561	16.749841737982905
6.976809053725165	11.179186699033977	16.82996783448905
7.082088076344396	11.34340428097184	16.919138312462636
7.189323657206596	11.511601572237202	17.00986096320651
7.298065001141837	11.680606771487241	17.106151589933667
7.408312073339475	11.850417057518628	17.2080114448913
7.519930117292291	12.02030088680656	17.31608307363987
7.633098723059515	12.191226738959653	17.42951247332839
7.74768226344338	12.362438985774027	17.54895082194837
7.863680698709988	12.533934407044756	17.674399114868645
7.915908276692754	12.498213817040037	17.94160418325526
8.031058328850467	12.665855009913965	18.072304159173402
8.147480242293854	12.833179529399901	18.209182831961673
8.265173975672296	13.000184024266794	18.352240823704065
8.383860676631372	13.165782559909836	18.501953973673473
8.503912049089791	13.331415007880832	18.657688895858534
8.625048233508384	13.495967684695849	18.819924131249234
8.7472691853643	13.659436982033041	18.988659818004766
8.868193571051446	13.814011051035815	19.165796398319873
8.992224497307667	13.974372350366254	19.347525608593294
9.117092568997103	14.132744770892439	19.53596695103187
9.242797740184063	14.28912458978978	19.731119949528825
9.36886362907057	14.441988862289396	19.93310481737883
9.495925304731822	14.593359537604137	20.141759559114888
9.623505312545225	14.741684305586942	20.357197357814588
9.751603607559488	14.886959523193179	20.579417004002764
9.852560584630805	14.958875433024144	20.800153936690414
9.980275577739118	15.096814515584846	21.033147650781967
10.108138398177624	15.23059370161757	21.27274683097752
10.236149005604693	15.360209721663992	21.518949521819984
10.363604165962313	15.483817314006531	21.771254635858163
10.491441436712197	15.603869699841908	22.0303250456069
10.618956714736155	15.718498141022181	22.29564064412169
10.74614996765155	15.827700013119937	22.567198674180364
10.8678260934371	15.919784950950955	22.839274184236494
10.993696560425134	16.016947736654235	23.122286007907523
11.118703397044934	16.10739024075161	23.410890286479912
11.242846583115458	16.191110827685065	23.705083566768828
11.365198815224241	16.266199450456764	24.003470202195853
11.486996464106525	16.33520009790839	24.30790253666846
11.607311920588263	16.396195047748428	24.61695537301219
11.726145180861543	16.449183991367537	24.930624770882563
10.547300944032061	14.73857494995525	23.207967491548633
10.651804135598196	14.825412134326557	23.4440421106691
10.755743006801945	14.906765698931387	23.684550771448425
10.859117543012022	14.982634457987775	23.92949115700683
10.96115983863496	15.051644427945488	24.17779888473503
11.062893742301949	15.115625520774842	24.43088741699137
11.16355111414866	15.173197789114585	24.687672528018176
11.263131950215833	15.224360912089182	24.948151571979437
11.356463620394939	15.26129439475022	25.203554390453142
11.453291636036065	15.2989889885657	25.470167084953268
11.54850151447223	15.329437558835222	25.739503322891874
11.642093264349569	15.35264080627832	26.011560353462688
11.733211947222843	15.367517662710853	26.28457118220979
11.822997512737132	15.375512122948287	26.56088547320895
11.910595370670093	15.375553249339282	26.838715107450856
11.996005543440015	15.36764285875742	27.118057509675896
12.039713000214457	15.314628881171874	27.30822012145663
12.120264631125076	15.293045492741895	27.587255150618336
12.198122822882716	15.263106494941347	27.86649221081244
12.273287609893025	15.22481467615086	28.145929216401672
12.344931326057285	15.177760201672246	28.42327712281072
12.414157616537985	15.122496841270703	28.701583734671523
12.480139748050261	15.058640799572615	28.978546874722344
12.542877766435952	14.986195791796549	29.25416525780041
12.597660018084058	14.905302070743463	29.513315485947512
12.653507580199491	14.816143041001524	29.784565900436906
12.705612962825727	14.718478405132458	30.052857123774196
12.753976219497988	14.612312501859304	30.318188935554108
12.797944859534873	14.498216443168976	30.578103806441653
12.838388998709503	14.375439136119612	30.835878942158473
12.874657440102075	14.244587230704864	31.08906049628402
12.906750240031778	14.105665291272649	31.33764949027323
12.769685124489301	14.137446314026038	30.874269811383076
12.80182374963938	14.006575448400458	31.117297319691797
12.829805820329078	13.868203328916977	31.35528266334653
12.853631388477494	13.722334163321172	31.588227274965497
12.872882854522885	13.57021848629356	31.8139990218675
12.888117135598684	13.410198458611715	32.03544504219319
12.898917802691438	13.243556421483923	32.25044960642158
12.905284902532104	13.070296162186622	32.45901526887431
12.905864251599168	12.900647967030212	32.649565879701676
12.903452052466916	12.715585610942833	32.84435620729094
12.896454012761739	12.525052433651064	33.031537404896284
12.884870168982642	12.32905139319027	33.2111129274434
12.868671211482944	12.129615031010506	33.38167437995413
12.847896293490535	11.924039264725401	33.54510821764898
12.82251681240846	11.714375330935189	33.70003629558214
12.792532790421005	11.50062502754928	33.84646263656059
12.766016666277878	11.379903034809892	33.93235926610602
12.729105398548791	11.160683435756841	34.06480568641233
12.687683417669428	10.938733077258414	34.188238376690606
12.641750731297964	10.71405257996602	34.30266150913928
12.59167253635146	10.48897388088751	34.40764496092494
12.536961907520073	10.26038804779749	34.503771813509374
12.477984041444362	10.030626230056411	34.59064438683121
12.414738929290738	9.799687711752362	34.66826659124356
12.35074946479614	9.581892936096452	34.736928897160254
12.27955898347327	9.35002518365083	34.79656476264907
12.204459324094403	9.1184718663332	34.84704871636667
12.125450463422712	8.887231100931933	34.888384022707974
12.043235396759464	8.658406915108761	34.92114656751811
11.95687673285145	8.429188736833197	34.94457536607748
11.86707679310792	8.20166158570914	34.959268487895194
11.773835543215485	7.975822680832791	34.965228249434084
12.47113358942073	10.685981234275763	34.078349512225984
12.424401593747783	10.468925325137285	34.17993621367451
12.37348008213795	10.250330434640818	34.27281386790182
12.31836905137698	10.030196302289747	34.35698618459053
12.259549223459487	9.81067238588183	34.43238078520674
12.196379616160307	9.588891156000525	34.499102471741814
12.129340720723333	9.366995082377873	34.55710658423521
12.058432519926741	9.144982769283962	34.60639633750264
11.98767969467866	8.935617602589033	34.649136872461575
11.90963384432265	8.71457257685869	34.681647130241686
11.82813130460516	8.494725943519736	34.70572494924616
11.743172047188947	8.276075406001285	34.72137276949743
11.65550573077613	8.060411952741884	34.729373165109415
11.564132737373265	7.845341678282209	34.728687613049374
11.469801970773938	7.632634508942627	34.720114167052024
11.372513395185218	7.4222875439113345	34.70365430315905
11.310839300894688	7.291309599960294	34.72331318377548
11.20909529542146	7.084600036835135	34.694290717351926
11.104871957348239	6.881148510902701	34.658019858489
10.998169247536017	6.680951850170455	34.61450117925555
10.88986173747593	6.485180675490489	34.56502404711578
10.778783240112137	6.2922667245182256	34.507869822492104
10.665807401147113	6.103355220914759	34.444328323105616
10.55093418175052	5.918443017703822	34.374399157124344
10.439692285280612	5.74293078363425	34.306988161596614
10.321606396270044	5.566268749703513	34.22535129070599
10.202202480993396	5.394114607234978	34.138245686064174
10.081480504177357	5.226465497528657	34.04567014849094
9.960294107703383	5.063785947961631	33.949061715630314
9.837505024721455	4.905450293604569	33.84650100163619
9.713966125934975	4.751902164304189	33.73941277659362
9.58967738207079	4.603139187638944	33.62779523274914
9.744353215817789	4.708782043300947	33.98438942274173
9.61817397075881	4.553819193297342	33.870374300370734
9.49141586812865	4.403893973912722	33.752149085801925
9.364078880421042	4.259004155922005	33.62971169175149
9.236965937810345	4.119175649333781	33.50446719967056
9.109006409100704	3.9843692368850214	33.37453700340334
8.98100266014532	3.854595699216365	33.24130804902664
8.852954671498154	3.729853460337768	33.10477793401675
8.729319784981893	3.608939315646685	32.97328714685142
8.6015404319055	3.4939154681404716	32.83096420646704
8.474190942410258	3.383770037586149	32.68616213083789
8.347271305111912	3.2785021013547504	32.538878412742655
8.22139738913433	3.1777081178435074	32.39024005008222
8.095748015387416	3.081924500706094	32.23873857106013
7.97093886509387	2.990742888192155	32.08548114140982
7.846969934373256	2.90416296581463	31.930465326301494
7.748661625743293	2.800252633116084	31.827272793644543
7.625571901645133	2.721353403803548	31.668769644370396
7.503664172699145	2.646751646234218	31.50910273383631
7.3829384413289665	2.5764475568299194	31.348269777465116
7.263810473620147	2.5098299589306725	31.18708139148247
7.1457259249939264	2.4477145815613257	31.02445164955347
7.029100676862315	2.3894936570862746	30.861174018564874
6.913934736954044	2.3351678118747623	30.697246489934347
6.802185421798449	2.280594446531408	30.537050561602836
6.690021939194112	2.233568481987447	30.372180592933315
6.579531101442936	2.1900204649420423	30.20707814990851
6.470712920282602	2.149951346666939	30.04174153265483
6.3637947003805415	2.112719019160456	29.876689166869195
6.2584733986646075	2.079182042983663	29.71122612158676
6.154976628158451	2.048706909687211	29.54585856791596
6.053304403382763	2.0212947960899026	29.380585123320305
6.868473178287892	1.6464242836270162	31.628270741549645
6.738812283825241	1.582249132831326	31.445589266100797
6.610851913834719	1.52234738546376	31.262631495116693
6.484592081293934	1.4667200932850069	31.079395013941564
6.360360376881769	1.4145293122847318	30.89653825839978
6.237720046981143	1.3668950529825035	30.71317804252174
6.1169990356734285	1.3229892724750902	30.529955274274528
5.998197360150267	1.2828133640465822	30.346867967944245
5.882655561540346	1.2410726395339289	30.167289890407517
5.76770043904785	1.2077841429996796	29.98471791055857
5.654814318121466	1.1777038852655872	29.802593743152773
5.543997218634166	1.150833476922252	29.620915813992116
5.435375931442832	1.1264156385031727	29.440044377666595
5.328781449673728	1.1054639338418037	29.25949574718535
5.224341049783065	1.0872344930208282	29.079619192024584
5.122054753003297	1.07172903680906	28.900413514452737
5.02436182671074	1.0207511815746901	28.739021649939495
4.925430125392479	1.0101246528043355	28.560750967392938
4.8287070425718905	1.0017952010750681	28.383317901273788
4.734192600155755	0.9957646018058989	28.206721563404326
4.6418703750701855	0.9914184676373718	28.031131329469694
4.551762315580595	0.9895801014847052	27.8563195316189
4.46385251339953	0.9896492534681824	27.682449632403216
4.378140990046578	0.9916276676269512	27.509521015523546
4.294179373567725	0.991924557954948	27.3382832916962
4.21275397495889	0.9973719477429388	27.167269238872223
4.133484635119717	1.004392686383854	26.99726290169441
4.056371374694944	1.012988447015407	26.82826387930104
3.981309796452657	1.0227101439113815	26.66033306661523
3.9084391438570827	1.0341603796834076	26.493388482724377
3.8376554955379536	1.0469031014877062	26.327488571435396
3.768958870916586	1.060939883310793	26.162633097754906
3.653975275253457	0.835332044836294	26.05310426126962
3.584617543959491	0.8515715896765582	25.887690870896236
3.5173719215997714	0.8688570794827202	25.72338110578307
3.4522384276381453	0.8871900916881319	25.56017484637455
3.389049493795958	0.9062448242232763	25.39806907815752
3.328028588440371	0.9264592454407307	25.237067628805068
3.269008586376003	0.9475196681123501	25.07716699218191
3.211989505383224	0.969427533235335	24.918367144969036
3.1558387301780106	0.9903597542366356	24.760565363026416
3.102688447110435	1.0137916503010016	24.603942300625203
3.0514218474936223	1.0379140869595895	24.448409604639256
3.0020389474402123	1.0627283700495196	24.293967317465533
2.9543602578060755	1.0880397675988007	24.140592413088374
2.908625133684412	1.1141108588242161	23.988315731633243
2.86465445049418	1.1407568715186613	23.837114819422244
2.822448222739612	1.1679789811670453	23.686989761800614
2.7730401678539995	1.184570253736183	23.536462957256152
2.7341883308164694	1.2127911909963272	23.388379841332668
2.696983484621998	1.2415024372123318	23.24135707052298
2.6614256422732114	1.270705046172614	23.095394756837948
2.627345239558058	1.3003039965346677	22.950467556968725
2.5949683912477193	1.330428346276762	22.80660953841683
2.5641258263168023	1.360991080256916	22.66379636166242
2.5348175563701916	1.3919931389845857	22.522028154350842
2.506032606295319	1.422949248551288	22.381141068556037
2.4796972371327657	1.4547851136642833	22.24144316165086
2.4547899458782863	1.487032551444698	22.102776443681876
2.431310742860438	1.5196923989629174	21.96514105093557
2.4091135557970143	1.5527431770775917	21.828518232807617
2.3883931708598483	1.5862153991080294	21.692933313028437
2.3690037482932422	1.6200939342732257	21.558368682583865
2.350945297278978	1.6543795267040142	21.42482448267911
1.6675892996713193	0.3849355459401389	21.298887010668018
1.6362686647063274	0.4118849599009475	21.159082650833373
1.6063679652506657	0.4388131132858515	21.020280436678412
1.5778872117890679	0.46572085582245537	20.882480515084122
1.5506205974441416	0.49260566511809323	20.745628446517813
1.524842554659924	0.5194727906020555	20.60979714715135
1.5003475104046393	0.5463260886597103	20.474933316503552
1.4771354737628013	0.5731662955388623	20.34103708589784
1.454039721302042	0.6000158788379588	20.207789738656643
1.433295057505859	0.6268273658772167	20.07579775420381
1.413709872278869	0.6536469902683244	19.944743045700633
1.3952841734858707	0.6804753894081926	19.814625729827263
1.3778555199184637	0.7073521071815714	19.685404950634886
1.361640517320171	0.7342258339001881	19.557135444557762
1.3464768999891992	0.7611409013001005	19.429777256226185
1.3323646747472349	0.7880978622399806	19.3033304899294
1.3120008998491244	0.815728717109538	19.17566241999017
1.300086211435491	0.8426558209942354	19.05101634082587
1.2891204674402144	0.8696688600847571	18.927258777153384
1.279103673736553	0.8967683103750643	18.80438982197212
1.2699158249423665	0.9240207004539105	18.68237983911727
1.2617169412996685	0.951338384446683	18.56126855444271
1.2543871487524023	0.9787914743914818	18.441027057620047
1.247926452420794	1.006380385253307	18.321655434718778
1.2416959516815507	1.034529575570133	18.202984865377495
1.2369277727524923	1.0624287325172983	18.085337297759054
1.2329605924410243	1.0905192282519822	17.968543928943888
1.2297944152237383	1.1188014255763032	17.85260484070828
1.2273462830327269	1.1473604601194491	17.737499906390635
1.2257268166159754	1.176083627404299	17.62325615088195
1.224853158357869	1.2050588051084223	17.509854100339414
1.2247253121978796	1.2342863125034398	17.397293835156987
1.1892195891601383	1.2752872258021917	17.27310911554641
1.191699530314612	1.304136980692067	17.16222445536645
1.194830588798526	1.333327145842142	17.052170430578542
1.1986127678006315	1.3628579796824387	16.942947116552627
1.2030062930371832	1.3928253289365378	16.83454398637952
1.2080642040518543	1.4231019786832755	16.726975255819024
1.2137467986503043	1.4537857449696014	16.620231020295343
1.220054079694983	1.4848768597807038	16.514311360408527
1.2268228450451268	1.5169958688014562	16.409169940496113
1.2343781721887672	1.5489658176135044	16.30489712475551
1.242540323749422	1.5814143788512012	16.20144593277916
1.2513093023156285	1.6143417623006748	16.098816453045597
1.2606720528295385	1.647857837029687	15.997008129744984
1.270645987887349	1.6818165852513343	15.89602191900257
1.2812181113311147	1.7163294859578735	15.795858009896273
1.2923884255251994	1.7513967307674514	15.696516501744
1.3040131856251564	1.7922311730205873	15.597984929054583
1.3165085221936939	1.8284706674603028	15.500308369804266
1.3295982348895141	1.8653485826817677	15.40345942955669
1.34328232586911	1.9028650934563742	15.307438221705075
1.3575730570318396	1.9411453130417646	15.212256870520926
1.372454084083376	1.9800228212684272	15.117899489214492
1.387937718284477	2.019624081092838	15.024379168549899
1.4040239616370354	2.0599492547569604	14.931696039820391
1.4208666275167585	2.1018297419277623	14.839960999916572
1.438187917078977	2.1436948346829086	14.748968411434713
1.456127387090809	2.186375207059062	14.658827800881111
1.4746850394169455	2.229871010178822	14.569539321729978
1.4938958603640475	2.274325710375575	14.481131804336792
1.5137132057749372	2.3195483637809673	14.393567188090616
1.5341721047010373	2.3656836050942243	14.306875619493097
1.5552725588822416	2.4127315753237686	14.221057279129614
1.5982721931695136	2.794231612482848	14.14921132686353
1.6283900269235472	2.8431907175420457	14.066574148773968
1.6589983246609463	2.893428431792476	13.984906806690608
1.6900970868545728	2.944944793556866	13.90420953892928
1.72180561216247	2.997881874298425	13.824546130859323
1.7539648368501841	3.0520503380280695	13.74583212990339
1.7866940709259098	3.1075925656631562	13.668133379361123
1.8199933148926024	3.1645085979653054	13.591450165546282
1.8546428083279651	3.223808330561548	13.516265125431293
1.889168632306313	3.283597593304185	13.441674459444892
1.9243463836346668	3.3448668700523796	13.36815684924297
1.9601760627729674	3.407616198081712	13.295712638607684
1.9967842389517	3.4720205893333045	13.224443289381684
2.0340021541820716	3.5378467743960886	13.154214376073611
2.0719563871497484	3.605270016387259	13.085130325216003
2.1106469381839226	3.6742903419859125	13.017191548754628
2.156695944416506	3.7544004779523146	12.955545733888854
2.1970189190772644	3.8269375811482846	12.890061144217732
2.238169287346138	3.9012020093782183	12.825813428779488
2.280147049310167	3.977193769696211	12.762803082642858
2.323090591005919	4.055120690611181	12.701184331781578
2.366815397641127	4.134705661216865	12.640752773926298
2.4114598534895895	4.216156443452398	12.581666894655273
2.457023958263824	4.299473014018907	12.523927284864834
2.504438336930608	4.386082182380484	12.468654246643284
2.5519494792159243	4.473300481740376	12.413743694921445
2.6004776642672223	4.56253289124464	12.360311360798173
2.650022891252274	4.653779343446004	12.308357948162937
2.7007387397598794	4.74727565731873	12.258109697164715
2.7524204344820857	4.84270720309833	12.209266703134748
2.80522152774653	4.940309017669324	12.162061243301732
2.859142017963119	5.040080972163751	12.116494153376488
2.982020628488698	5.247346760631775	12.149651440923371
3.039233761014375	5.353491233175957	12.108710650618747
3.0976970458402895	5.461988284064972	12.069651894668965
3.157410480089464	5.572837680136176	12.032476192586017
3.2185433419738376	5.6862893774667125	11.9975196766567
3.280869919361953	5.8020094651810155	11.96433669492776
3.3445594079492915	5.920245571883384	11.933272075080716
3.4096118033958214	6.04099734583909	11.904327016133207
3.477152724759806	6.165887683902292	11.879887326068765
3.545059248079383	6.291852586222456	11.855463909069226
3.6144463101100874	6.42049397071117	11.833439842703367
3.6853139045873204	6.551811329658556	11.8138165297729
3.7578439929356047	6.6860411648579	11.797064632439927
3.8317939433571766	6.822866798081025	11.782560059621257
3.9073455446036447	6.962519887340089	11.770785352574089
3.9844987879178677	7.104999722918952	11.761742141204472
4.072505441970238	7.262620823104318	11.77820010681544
4.1530615892986535	7.411004464118275	11.775134962215398
4.2353432536903375	7.562345008028058	11.7751946129737
4.319350423137106	7.7166414816392175	11.77838093806539
4.405266978920309	7.874065432279751	11.785337768056722
4.492847714782234	8.03438560030796	11.795211263104362
4.582276188147003	8.197764476312289	11.808660989106533
4.673552382937065	8.364200757299141	11.825689087772082
4.767806040234511	8.534544530117808	11.850736155252163
4.8628909830981115	8.707157626677175	11.875426546338229
4.959941752461894	8.882884972656523	11.904214335640406
5.058958327152393	9.06172485206753	11.93710193154334
5.160105518303147	9.243698667463173	11.974939313931399
5.263163523366834	9.428773475788326	12.016599010884871
5.3682965913498695	9.616954995270524	12.062950824298696
5.475504694794317	9.808241000601276	12.1139974174037
6.069066408903615	10.46469250740366	13.655880036122564
6.179917245103735	10.657265751825658	13.726282118527728
6.292817400707481	10.852184048427153	13.802249154828463
6.407766839254989	11.049444442345049	13.883783602078417
6.524787258283784	11.24862219010127	13.971864146348908
6.64384963606306	11.450276186131685	14.065191620110834
6.764974727659569	11.65395549177621	14.164763826014475
6.88816248838107	11.85965648498491	14.270583218102201
7.013156425025637	12.063655210702661	14.388769278426233
7.140373415527703	12.272866159475011	14.507678415558713
7.2696268335265914	12.483621756817223	14.633540684057214
7.400916625400403	12.695917656981504	14.766358392045028
7.5341280780409265	12.908828609083567	14.907175138961014
7.669414009563729	13.123577526768349	15.054604597139193
7.806658348854983	13.339201529180801	15.209706892873106
7.945861032993092	13.555695516885923	15.372484000698346
8.076902956616305	13.726015417377562	15.582903947980107
8.218981263321297	13.942423584830276	15.76014927979786
8.362871096353807	14.15881457189896	15.945692621107607
8.508572384845877	14.375182635141316	16.139535364858347
8.655747614258354	14.589935116959076	16.342563101191207
8.804846632478238	14.805181661842393	16.553597630173186
8.95553018073799	15.019281487718471	16.773531693834578
9.10779818091307	15.23222826304113	17.00236584068259
9.258532035119321	15.43224965592511	17.244036304476587
9.413467329588283	15.641432730765866	17.490767199153197
9.569663164274594	15.848078078152314	17.746837423016917
9.7271194569682	16.052179035430406	18.01224638608443
9.885179981637318	16.251357201657896	18.28734501575295
10.044719514422376	16.44876822553697	18.57166287830625
10.205079897056024	16.641980772894485	18.865539970659157
10.366261047903942	16.830988227736196	19.168974283160754
10.275194246206713	16.400707062293865	19.407220975644954
10.428545256721582	16.577902605141944	19.703442985497013
10.58234812144339	16.749789640632656	20.008547790850347
10.736602771363575	16.91636257601719	20.322532555725477
10.890357480710291	17.074918149234712	20.644870228141695
11.04488106540903	17.229048409585793	20.97625568995355
11.199220296866136	17.376009430433655	21.316133020721978
11.353375118186918	17.515796600789297	21.6644979195263
11.500155232341386	17.63103137882671	22.01401259896823
11.65297780281325	17.754673221720722	22.377906166142605
11.80486692706542	17.86920383391016	22.749440510187355
11.955822568543537	17.97462025287358	23.128610017307516
12.104539101874282	18.06802983163398	23.513473485826342
12.252757298711233	18.153284393695937	23.90660519424322
12.399170968483936	18.227477034902964	24.30601523511306
12.543780103291267	18.290607114913783	24.711697048091768
12.620576669333097	18.22846580203966	25.006855345633934
12.759495032880325	18.2712253293704	25.41752849286666
12.895762871586994	18.30141350099032	25.83262954898232
13.029380209739413	18.319032285165733	26.25215184842859
13.158825604481592	18.32187266083192	26.67261428340878
13.286127734752291	18.3128871589177	27.098643095003297
13.409766126668512	18.289894914143115	27.526706661661834
13.52974084231147	18.252900957835198	27.956798915225956
13.636412972449309	18.19250864760269	28.363141136519985
13.748043226876202	18.127310122341154	28.793998400864144
13.854999689834687	18.047211464964608	29.224061681324738
13.957282459031804	17.95222059406942	29.65332656302766
14.053407643492964	17.84182080001776	30.077084319539235
14.145354018367046	17.71672160203545	30.50160501941681
14.231640301465493	17.576478919227984	30.922156307365864
14.312266618926126	17.421102974343285	31.33873645241731
12.65267821915641	16.491121209222097	26.792947672019245
12.74729963283201	16.482758919318535	27.136452301359906
12.83914729223909	16.463595006646536	27.48083023086552
12.928221238479711	16.43363280229287	27.82607800757827
13.013339372915706	16.392111354099892	28.169221886755775
13.096077940447952	16.340054454013156	28.514219573922826
13.1752560240679	16.27673436432632	28.858074318160558
13.2508736849922	16.202156046297823	29.200783713433164
13.31607698961431	16.11529304343464	29.52219350225901
13.383964060120348	16.018719217266334	29.86029780947868
13.447567192424293	15.910869989892545	30.195093305332236
13.506886462664124	15.791751531860504	30.526579142055976
13.56095317420518	15.661971168633038	30.851395420693695
13.611059107920765	15.520734155327057	31.174021594442
13.65623744351432	15.368699486038189	31.491099434925918
13.696488264493203	15.205873928559585	31.80263003539835
13.696641688993187	15.080904766249393	31.960844107309956
13.728602225957426	14.90259709761716	32.26054392666442
13.75519672418539	14.714431260832358	32.55281952318419
13.776425264613135	14.516413815298131	32.83767380324346
13.79174457365415	14.310591814295464	33.11219528823267
13.80187919684689	14.09425050272469	33.38027432651445
13.806287647662314	13.869485300770588	33.63903088222743
13.804969995414838	13.63630182597003	33.888469722118295
13.796462752197801	13.410962730370656	34.113486619945114
13.783891789893108	13.16315827198058	34.34324959154549
13.765425578365637	12.908751591087935	34.562196180410155
13.741064166705248	12.64774666614476	34.770332513245556
13.710856715650886	12.383288495567772	34.96600169236835
13.67473777058509	12.111191288045216	35.15142788371148
13.632757363377161	11.834622642627172	35.32500637682995
13.584915516624793	11.553584390727176	35.486743959801444
13.590240190866105	12.096999279041754	35.107907239673665
13.550011986763444	11.823215543414326	35.27894703399682
13.503996704204706	11.545589016685566	35.43819888217751
13.452194359316971	11.264121005862934	35.5856694684665
13.395040772614117	10.982132798973137	35.72072258038609
13.331954864398838	10.695197172631712	35.84422192238586
13.263372532160865	10.40663620764412	35.955583587583476
13.189293764440155	10.11644897523965	36.05481390164646
13.114256235159672	9.845023429767597	36.14243835702695
13.02998274585966	9.5536053593492	36.21818619640962
12.940671826212917	9.262685714525821	36.28197058494222
12.84632344067388	8.972261614533474	36.33379678416404
12.74786958893134	8.685314202379857	36.37456359977632
12.644067505312579	8.39786056321865	36.403083619824905
12.53584814267209	8.112852256409957	36.42029110389664
12.423211447285516	7.830284927902072	36.42618969841223
12.356497842386405	7.677613162570739	36.47479726899759
12.237589702634358	7.398558771336552	36.46343727866954
12.114873775713853	7.123447066422966	36.44162631702072
11.98834999818697	6.852272906549629	36.409366412590565
11.859221588842303	6.587077208509181	36.36854164701092
11.72588410410911	6.325126443126746	36.31664305421425
11.58953922216479	6.06841909935139	36.255562947187656
11.45018687668917	5.816949802312917	36.18530146214258
11.31564655666224	5.580258166211752	36.11927839607478
11.171141590608862	5.339735015206795	36.03231516710366
11.024445647411364	5.105351485578761	35.93756971638953
10.875558665014124	4.877102548074762	35.8350405293388
10.725709618472953	4.655829662128832	35.72695230250421
10.57325973690116	4.440399739948097	35.61033410687583
10.419436628332138	4.231617152987537	35.48739293571308
10.264240240493981	4.02947766490908	35.35812598601418
11.978807087992505	7.297559022124441	36.88793759339046
11.859803068208	7.01546087546049	36.855416954124564
11.736936860983972	6.7380216751666895	36.81288974375169
11.610208401636914	6.46523617901503	36.760357750326904
11.480921233435323	6.198941471662646	36.69979993022247
11.347337145401907	5.936675683950678	36.6285801845798
11.210758129162407	5.680233242102655	36.54868353638903
11.071184118967107	5.429608817480405	36.460109809694316
10.936872608708857	5.193009674174981	36.37661259916553
10.792181433624885	4.95434443580925	36.272336480018
10.645359870308443	4.722260183757532	36.160812800519416
10.496407858940106	4.496752069997754	36.04203973456834
10.34659888599856	4.278454055694678	35.91824844963243
10.194234838376229	4.0665102314740995	35.786458703663385
10.040587901707239	3.86151933420669	35.64888175019606
9.885658027241067	3.6634774129417584	35.50551453213461
9.785487544532852	3.4940688283023125	35.462197139932904
9.627913514693747	3.3064335543569805	35.30890981052568
9.469779101937975	3.125871419992455	35.15109522267974
9.311084269668015	2.9523794591892445	34.98874954168288
9.152904753487103	2.785666049857568	34.82384371714115
8.993806165794952	2.6261140677242	34.653740528236796
8.834863531600012	2.4734130256894593	34.48037865268329
8.676076828788332	2.3275611315440834	34.30375391450784
8.523211199385033	2.1848808546237257	34.13513634036279
8.365155682169473	2.0520470433123488	33.95301150535463
8.207871860707659	1.9256481346788217	33.768715959007906
8.051359726314548	1.8056834248498095	33.58224554917899
7.896387759106258	1.6913114454128046	33.39503095400889
7.741931308467429	1.5836533064848137	33.20515514617462
7.588758774527629	1.4818658619869276	33.014016761583804
7.436870160129294	1.385949342282204	32.82161195514372
7.541505060958189	1.1233589005344071	33.244658343484836
7.381902109442478	1.024746032535569	33.04385325609405
7.223928778055969	0.9319935804776112	32.8423123825901
7.067585077035925	0.8451023740322812	32.64003170739346
6.913421876686095	0.7629525555984866	32.438067196772124
6.760704714378736	0.6870397899793355	32.23500203590521
6.609984794325165	0.6162537721217713	32.031862566580664
6.461262135084676	0.5505960061504025	31.828645386384373
6.316950383310855	0.48277291460217686	31.630755166407972
6.172281603494493	0.42655175277022017	31.42777545866965
6.029876202495394	0.37473160785033777	31.2252129062578
5.88973420448288	0.32731443862786813	31.023064744285147
5.75210950832515	0.28321766438641394	30.821894562359393
5.616663641459985	0.2438895289303816	30.62094498602273
5.483651110852538	0.2082643142910463	30.420760061155143
5.353071943875474	0.17634423886611317	30.221337638872647
5.231633905817639	0.0940327194779007	30.04998712507649
5.1045353350424225	0.06862381271320003	29.851478228231056
4.979990970656396	0.04630424520132248	29.6539861377233
4.858000841929074	0.027076389068797696	29.457509217685008
4.738598169319116	0.01002757162141954	29.262289992824495
4.621738727207545	-0.003619772792015686	29.06800169273755
4.507456429253392	-0.014759255379926728	28.87487576293656
4.395751304658925	-0.023388509465721026	28.682911038531465
4.286281593978947	-0.034872046741801555	28.49312382270876
4.179593729197045	-0.039005214232298496	28.303515999821975
4.075454661721855	-0.04113596787084628	28.11515169622063
3.9738644197577058	-0.04126202185807927	27.928030123968707
3.874712622685565	-0.040068520141034014	27.74221129267856
3.778146509096101	-0.03663671561583191	27.55761361077615
3.6840563489086233	-0.03163393066809128	27.374292060553437
3.5924421686611345	-0.025058014544769636	27.192246145744747
3.6911365783843446	-1.9929366301746239	29.19853381597264
3.5508050791844337	-1.997854557551899	28.986637768432768
3.413826601211716	-2.0006379621291224	28.77679990350586
3.2802011900407524	-2.0012831503491344	28.56901910910794
3.1497070287056133	-2.0008034463065743	28.363215373542232
3.0226399759122646	-1.9978394237966195	28.15949322003409
2.8987792500898153	-1.99337609377943	27.957765792259874
2.778124892551226	-1.9874101080761815	27.758032461458786
2.658847522607044	-1.9856826550827922	27.5595340961022
2.5443345123461514	-1.9772459758150367	27.36367711210554
2.432842503031824	-1.9678310727411041	27.169720500750216
2.3243715315245677	-1.957434958528118	26.977663969431507
2.218598028610311	-1.9467344751656022	26.787343163585625
2.1159535021410516	-1.9348205021347131	26.598976744082023
2.016115209890112	-1.922347305320696	26.412398977929
1.9190831842915181	-1.9093122561315885	26.22760979352343
1.8074696781210517	-1.9320038494492193	26.03740186639762
1.7153581632478687	-1.9181675605613893	25.856046092843684
1.625834592912245	-1.9041160612420018	25.676373620763776
1.5388989955503958	-1.8898470468986823	25.498384518376596
1.454192532666119	-1.8757870167074202	25.3219080621413
1.3721937186306135	-1.8613621958318212	25.147172114909456
1.292544348365393	-1.846981806716152	24.974006842636673
1.2152444464383398	-1.8326438582742246	24.802412387706127
1.1380180864447131	-1.8207291391938654	24.631372066915453
1.0651756003775708	-1.80670102140495	24.462822433909107
0.9944448082713628	-1.7929173094638253	24.295739615938253
0.925825731213083	-1.7793762943903952	24.130123788230193
0.8589701467933244	-1.7663299993361656	23.965831435664732
0.7943423981179486	-1.7534386200122565	23.80305433029436
0.7315947303924535	-1.7409414312445888	23.641650408782095
0.6707271616117126	-1.728836974651672	23.48161985247044
0.4636203495699682	-1.9255623926967136	23.274708993615643
0.4047838537461946	-1.9155579434513348	23.118067945068383
0.3476112137787588	-1.906139517143977	22.96274364180947
0.29210244508178407	-1.8973058645482541	22.808736267950565
0.2379297526387214	-1.8891974488308962	22.65593175905412
0.18553023033874905	-1.8816242410340298	22.504482615419267
0.13457642317375207	-1.874717439660798	22.354276173861578
0.08506834409922107	-1.868475994742869	22.205312598603697
0.03506179389713315	-1.8637127220823366	22.056957717935074
-0.011736421092294006	-1.8588910059206034	21.91042645262165
-0.057293947314573046	-1.8547935168933023	21.7650746756955
-0.10161077395722097	-1.8514193787106423	21.62090252925938
-0.14497094822669299	-1.8488439262393772	21.47782782678414
-0.18699571685695718	-1.8469647956916528	21.335960464434507
-0.2279688896220371	-1.8458508551493908	21.19521930836048
-0.2678904575532658	-1.8455013777534892	21.055604479790563
-0.32008742854717154	-1.8516121497511158	20.913319901397553
-0.3578999103937502	-1.853047812384204	20.776001345475784
-0.3948450281671043	-1.8552791667840838	20.639763796905743
-0.4309227745631813	-1.8583056209991584	20.504607357934937
-0.46637258832602235	-1.8621701867645797	20.37047542903703
-0.5008752019094702	-1.8668142275144233	20.2374437027738
-0.5346698946887667	-1.872276417206396	20.105456336526675
-0.5677566607166395	-1.878556273848164	19.974513418779313
-0.6015273788221998	-1.8859596874518303	19.84431264495272
-0.6333226692401779	-1.8939212698502919	19.715435539595976
-0.6645573642249287	-1.9027197378595098	19.587572798996348
-0.6952314590008969	-1.9123547044480336	19.46072450202758
-0.7255460258714299	-1.922859330453095	19.334853599938246
-0.7552329581360673	-1.93418856699348	19.21000967007883
-0.7844932249024148	-1.9463727689279082	19.0861562646624
-0.8133268223896222	-1.9594116298401383	18.96329345739895
-1.9628062296692885	-3.350072742539819	18.88415009145526
-1.9974970183968865	-3.3870294721972476	18.775355022568373
-2.0322735744400546	-3.4252386194553033	18.667765154147908
-2.067135896283368	-3.464700061497549	18.561380660810766
-2.1022541363173852	-3.5054892038909298	18.456239900373504
-2.137401421537747	-3.5475052505671907	18.352292159535352
-2.1727478726866476	-3.590822747703326	18.249577276605
-2.2082934886891414	-3.6354416081811602	18.14809545540372
-2.2450624770096503	-3.6819204821253546	18.048167777306602
-2.2811046620310846	-3.729217157584926	17.94919742670429
-2.3174542784914642	-3.7778708370732197	17.85149846960381
-2.3541113256347046	-3.827881459313969	17.75507114595454
-2.39123018141085	-3.8793440883564507	17.659986607856
-2.4286050069694074	-3.9321318437796124	17.56615058038973
-2.4663901641050323	-3.9863393473216675	17.47363626624645
-2.5045856522533967	-4.041966553247058	17.382443948760574
-2.5506874199978142	-4.104453566127557	17.29629929689029
-2.589755309160589	-4.1631499522838755	17.207897627045103
-2.6293379725581065	-4.223334980394503	17.120882876355427
-2.6694354097097617	-4.285008611509139	17.03525538053183
-2.7101921830166757	-4.348286739505555	16.951127318934653
-2.751415541453578	-4.413014745436335	16.86834995076829
-2.7932500351532727	-4.479308178071388	16.787038324872636
-2.8356956635613946	-4.547166992482726	16.70719283705845
-2.8796560338982022	-4.617396583964739	16.62963361457876
-2.9234169166435424	-4.688484415769521	16.552821575178992
-2.9678841276170767	-4.761220391537934	16.477571229918908
-3.0130576660445505	-4.835604448521149	16.403883044237848
-3.059078320759685	-4.911769402753025	16.331920984310596
-3.10575837122277	-4.989537996420974	16.261467579013722
-3.1532385839553374	-5.069042412761508	16.192690759796125
-3.2015189577953787	-5.15028255760051	16.125591071780928
-3.309952657707748	-5.292416037966287	16.116054449494197
-3.359936261413792	-5.378374106298468	16.053343628488733
-3.4108411590300776	-5.4661511545892125	15.992470558792148
-3.4626673487911805	-5.555747039760936	15.933435887744771
-3.5155496541073443	-5.647301805498444	15.87647505809454
-3.569308305646724	-5.740628339103766	15.821275739723575
-3.624078076425664	-5.835865262152419	15.768078856424248
-3.6798589638200236	-5.933012361972832	15.716885157763512
-3.7375080200438315	-6.032964412855129	15.66934987402292
-3.7954020325060287	-6.134029783580739	15.622356893835288
-3.854397153259402	-6.237093610715217	15.5775591671499
-3.914493378547804	-6.3421555898443005	15.53495755678244
-3.9758248569607293	-6.449342958268243	15.494872028355992
-4.038212713806709	-6.558485263471363	15.456878075156538
-4.101790994356232	-6.669706844031353	15.421302913344295
-4.166559693398186	-6.783007277617504	15.388147529083367
-4.239082287283687	-6.9048380199731305	15.372815815323046
-4.306317987533535	-7.022395007140214	15.344827712331224
-4.374832639073817	-7.142096021861578	15.319518874316936
-4.444626234843102	-7.263940491848781	15.296890418652614
-4.515826151421686	-7.388010778096017	15.277365301510605
-4.588262535084883	-7.51419558410714	15.260382301074351
-4.662062572784362	-7.64257196984784	15.246373662163371
-4.737226255170608	-7.773139177593536	15.235340638326365
-4.814513559877951	-7.9062550683030715	15.230164766003599
-4.8924764888669525	-8.041220959449573	15.22540664872829
-4.971882852417953	-8.178396658135778	15.223957723648816
-5.0527326383803395	-8.31778117962396	15.225819379559901
-5.135134600356665	-8.459362622670152	15.231531745683414
-5.218943702506135	-8.603154340197145	15.240377997402687
-5.304268377825817	-8.749135491880038	15.252909626781404
-5.391108610785744	-8.89730481910411	15.269128149491188
-5.81661069654951	-9.249265702243804	16.225546508404975
-5.903158474204122	-9.398157418556709	16.253863873946724
-5.991268046289102	-9.548773340590332	16.28628891924748
-6.0809393936111995	-9.70111191284141	16.322823078489545
-6.172184542154074	-9.854942036900185	16.36407110576167
-6.264987409032884	-10.010567934406996	16.409230030787487
-6.35935952423122	-10.167744720123622	16.458915867049303
-6.4553008642673015	-10.326470490986129	16.513130067030048
-6.552673034692251	-10.48471487982987	16.575676329004946
-6.651700577183961	-10.646246386831459	16.639322632698473
-6.752283248270221	-10.809068626874964	16.707934401103024
-6.854421019801057	-10.973179318566409	16.781513045182248
-6.958052051217139	-11.138077382148559	16.86071123911341
-7.063258726889821	-11.304425274549898	16.94466195563618
-7.16997849246364	-11.471702130753052	17.034028341836738
-7.278211314848319	-11.639905268980444	17.128811688731535
-7.382467398717145	-11.783428736175331	17.255143064574273
-7.493159600782297	-11.952475114525098	17.36039043526156
-7.605285192439041	-12.1219680201398	17.471467119273758
-7.718844136012	-12.291904399645786	17.588374181245253
-7.833654141071058	-12.461421508671513	17.711711883987675
-7.949958169861507	-12.631662244403802	17.840682096009235
-8.067572997948199	-12.801738060908747	17.97589188101965
-8.186498583151778	-12.97164553979126	18.11734196380575
-8.305045744173208	-13.134973535712067	18.26807015653065
-8.426320522802948	-13.303744231012564	18.42216928919886
-8.54873063428615	-13.471592788981837	18.58285207214196
-8.672276032934127	-13.63851550681362	18.750118754790815
-8.796600471213681	-13.803207882334455	18.924347368556045
-8.922178837422312	-13.96740046548773	19.10503395697559
-9.048653786955578	-14.129758595264295	19.292555739426238
-9.176025272165333	-14.29027841005435	19.48691234802591
-9.160278580250333	-14.091419362374147	19.706135722341863
-9.28386208465018	-14.244873078310475	19.900666347900685
-9.408110571460222	-14.395735581941963	20.101825332934798
-9.533023996586179	-14.54400329967938	20.30961180631965
-9.658061155804923	-14.688081478149833	20.523980151728203
-9.783943553836174	-14.830088276915866	20.744988533445298
-9.91012897545325	-14.968401349861438	20.972581091006884
-10.03661737934389	-15.103017348864125	21.206756197269193
-10.159245828221053	-15.223305946849543	21.44519093833448
-10.285771470030197	-15.349364377448286	21.69193566645564
-10.41216641755777	-15.470528660593164	21.944994006897254
-10.538430635860696	-15.586795964347665	22.204363551915378
-10.663794737230086	-15.696297283784197	22.46929470904238
-10.789284498610733	-15.801518682194532	22.74078067988207
-10.91412981570134	-15.900571961913052	23.018049556117887
-11.038330663941185	-15.993455132433757	23.301098194902984
-11.1212562272295	-16.00042983892444	23.5381758726719
-11.242657156808814	-16.080932705920727	23.828547714756603
-11.362882813391266	-16.154121426144236	24.123860509347313
-11.481933186209638	-16.219995126973597	24.42411063764875
-11.598846925785486	-16.27677338938275	24.727656579985783
-11.714905820758101	-16.326829241044916	25.036678284318583
-11.82914845162664	-16.368381101937043	25.349504234637227
-11.94157482527802	-16.4014295302041	25.66613052837972
-12.0457251541981	-16.416356949361607	25.973436540148064
-12.153772260867221	-16.43169257867174	26.29584464445605
-12.259327437363895	-16.437515385544245	26.620600991665487
-12.36239071033617	-16.43382752965098	26.947701810464004
-12.461903021179413	-16.419434935836982	27.274564775545567
-12.559276527465565	-16.395936141852196	27.60462461184411
-12.653453012195502	-16.36216099331967	27.935271657968787
-12.744432522257336	-16.318113290252217	28.266502763366166
-11.464264262118443	-15.095083074057026	25.473008945449845
-11.554248921546916	-15.126186762945395	25.73694521794492
-11.642620196633196	-15.149986949587642	26.003140149949775
-11.729378098453813	-15.166484531673218	26.271591200392617
-11.813666000988862	-15.174749240246243	26.54052163130466
-11.896626109025826	-15.176024413178398	26.812294641799923
-11.977402193639819	-15.169391214139097	27.085114303666707
-12.05599427887422	-15.154851591706633	27.358978314473525
-12.127115009895903	-15.128471982206662	27.62116295443416
-12.200806625415712	-15.098041450325429	27.895546662784994
-12.271758017066901	-15.059323228140745	28.16959379253454
-12.339969220970243	-15.01232024303455	28.44330258911033
-12.404637484168497	-14.956801691782854	28.71440908933065
-12.466833237065174	-14.893082859443112	28.985928472390047
-12.525754683867751	-14.820959580654996	29.2555864742814
-12.581401870597862	-14.740435585208543	29.523382186609172
-12.600742110985784	-14.655457255119828	29.683472958539046
-12.650291299285028	-14.561704914837108	29.94566337896307
-12.696147778699471	-14.459771295040394	30.20456357945585
-12.738311600339346	-14.349660537921254	30.46017363128721
-12.776175099722428	-14.232061470511251	30.710161055653863
-12.810548617421412	-14.106065484445175	30.957636956240556
-12.84082570977031	-13.972394882083428	31.200274574625826
-12.867006429193559	-13.83105391212643	31.43807515723124
-12.886333996975187	-13.689118217197183	31.657347252557017
-12.9042261960238	-13.533610042656132	31.884220614905672
-12.917724510489432	-13.371255708375521	32.10484022169163
-12.92682898856682	-13.202059120262668	32.31920845614069
-12.931267644934152	-13.027653721768196	32.52542961831668
-12.931403231926186	-12.845870117310177	32.72603771222568
-12.926964799203954	-12.658369643020649	32.919160395206895
-12.917952385363545	-12.465155426891673	33.10480101662067
-12.858117571554155	-12.713860476801315	32.72267105249449
-12.852259786528366	-12.527634736965688	32.90940005494534
-12.841879850293287	-12.336268647551965	33.08847065074735
-12.826977795890397	-12.139764886382565	33.259886315115956
-12.807562547300135	-11.940159600169082	33.42235344722955
-12.783622271408404	-11.73474323717624	33.5776054148405
-12.75516651703902	-11.52556838660491	33.724378634025214
-12.722195302883511	-11.31263656329616	33.862677056809375
-12.68614466702575	-11.10972099497764	33.98719976217884
-12.644541254102654	-10.89084998059655	34.10845878930447
-12.598560978227331	-10.669698298005205	34.22075672956976
-12.548203842295548	-10.446266181888872	34.32409759416448
-12.493877773453438	-10.22283551161308	34.41820115358225
-12.435038862290853	-9.9963632506275	34.503450166486026
-12.372094932421499	-9.769127701553119	34.57959510932273
-12.305045971125086	-9.541127833482982	34.64663963009459
-12.260468296938289	-9.414825282298576	34.703634713216914
-12.187420877629144	-9.186036312459459	34.756302763118356
-12.110590213135648	-8.957792092611763	34.80000954007486
-12.029976278734576	-8.73009061908001	34.83475808306348
-11.946293016333133	-8.50495304113451	34.86118079174005
-11.8585884365643	-8.279679077372547	34.878440794139145
-11.767575783166702	-8.056270249501058	34.88719083279047
-11.673255021333155	-7.8347237365972875	34.88743299296861
-11.580812383965476	-7.626134960325318	34.88529932082177
-11.480542709544222	-7.409206931015203	34.86951520106982
-11.377501756527971	-7.195253487663663	34.8458985914368
-11.27168948444386	-6.984271350176831	34.81445051545254
-11.163991503639064	-6.777637833509004	34.77644791114264
-11.05322690406939	-6.57350871737545	34.730189687326266
-10.940280321178237	-6.373234500051497	34.676956433381704
-10.825151713224678	-6.176811798674099	34.616748109357026
-11.9345315877425	-8.891872248276648	34.91825937189742
-11.856632235794429	-8.663894574279038	34.94641770915027
-11.775108650101492	-8.437321410775459	34.9660145504203
-11.689960801241131	-8.21215037323585	34.977052500388076
-11.601992989475448	-7.990199735654347	34.98035632171072
-11.510132738511505	-7.7690389779222455	34.97483155859415
-11.415183563648247	-7.550464468981247	34.961319466433025
-11.317145427661425	-7.334473192018999	34.93982160713011
-11.221574960561354	-7.130722428968147	34.91735936837295
-11.118028959491912	-6.920617103951506	34.88092054810694
-11.011971671900078	-6.71405276425493	34.83725517327454
-10.903403057243473	-6.5110261241510985	34.78636373384043
-10.79324079142876	-6.312669020905952	34.72959764988716
-10.680261211999873	-6.117464672955656	34.665155316733454
-10.565381041405859	-5.926518783233247	34.594387788876745
-10.448600239959307	-5.739828135301481	34.51729455238695
-10.373009852855128	-5.60373968072	34.50108476426515
-10.253091220361776	-5.423561624441496	34.41358751093276
-10.131819068400723	-5.248118731526763	34.320624826877975
-10.009193360749897	-5.077408066384481	34.22219541725722
-9.886103687710838	-4.911861346661521	34.11978493888398
-9.761363849390984	-4.75089650657803	34.01140893603984
-9.635862647504432	-4.594923908064217	33.89853994522117
-9.509600052322517	-4.443941141781859	33.781176040930205
-9.387746355298013	-4.2989289692413415	33.66853791899748
-9.26042322176077	-4.157752936098477	33.54314313558593
-9.132885487478644	-4.021626421501955	33.414176361807456
-9.005133130454867	-3.8905476427392807	33.28163528102492
-8.877910530408903	-3.764368416653813	33.14683983430417
-8.750225136447087	-3.6432827061286144	33.00802452944311
-8.622820895792369	-3.527130821520881	32.86648997672485
-8.495697794606901	-3.4159116413521575	32.72223369415189
-8.615408991244053	-3.3556697201397885	33.06858484879783
-8.484191640514174	-3.2407334554547296	32.91921501767512
-8.35349421947325	-3.1308447314193337	32.76750411235547
-8.223316717973164	-3.0260027255869164	32.61344944665586
-8.094282863302336	-2.925731609387741	32.45819310671085
-7.96556100201257	-2.830664438004748	32.30020611996629
-7.837774706513169	-2.7403214843148493	32.14060948201183
-7.710923974505703	-2.6547025620435143	31.979400620248263
-7.5881917820934355	-2.570074201506932	31.822959833291637
-7.463409118274601	-2.4933890790632454	31.65908296406657
-7.339904574513891	-2.4210376307906696	31.494208317319902
-7.217678155112697	-2.353020205292256	31.328333551427132
-7.097134671739703	-2.288674891158676	31.1622489452853
-6.9777343900197595	-2.228885413409281	30.994895584555962
-6.859882280390275	-2.1729944585804546	30.827046283083263
-6.743578352364689	-2.121002797681955	30.658699007875967
-6.6436797464702515	-2.039316884378051	30.527386738385044
-6.529495553416932	-1.9940676840182145	30.357741226423308
-6.417076827998734	-1.9523067453600529	30.187997012926292
-6.306423583712316	-1.914035162230022	30.018152366253705
-6.197749492706048	-1.8785716017838734	29.848705193289476
-6.090769692566731	-1.8468272458647856	29.678987868145256
-5.9856982036433415	-1.8181304489970023	29.509485888885823
-5.882535042046603	-1.7924825168625589	29.34019786440262
-5.782076979249386	-1.765643941865716	29.1736839198206
-5.682713190795306	-1.745644009755986	29.005009642215136
-5.585348307608447	-1.7282795861158213	28.83678920607367
-5.4899823473516545	-1.7135521024177973	28.66902153301459
-5.396678213715919	-1.7008702417290031	28.501987387914447
-5.305352076937588	-1.6910258162493232	28.335310141824408
-5.216067266169475	-1.6834392337966158	28.16926313935441
-5.128823799729502	-1.6781119789333032	28.003845579133525
-5.582806725096862	-0.681416072256642	29.889376907325353
-5.461524516341631	-0.6549689304394899	29.700076834971078
-5.342629201603916	-0.6316022139910835	29.511526568344667
-5.226120805913305	-0.6113179514159427	29.323724544210087
-5.112059253629308	-0.5932901156506674	29.136961205222807
-5.000364704516897	-0.5786248505112866	28.95084601671609
-4.89109768168957	-0.5665126161339984	28.76565872976839
-4.7842582106775104	-0.55695548159389	28.581398204832215
-4.6797028250427575	-0.545056577143372	28.39938371042906
-4.5776077097295715	-0.5401246661935448	28.217042178142307
-4.477932089536485	-0.537282410068852	28.035742323348167
-4.3806759895731044	-0.5365318437590634	27.855483353420755
-4.285762374937682	-0.5372393803386748	27.676372993997248
-4.19329401652077	-0.5402544776750795	27.498266005243067
-4.103194462487181	-0.5449595361210111	27.321264983945703
-4.015463736837313	-0.5513565007712219	27.145369412698123
-3.924000688176296	-0.5267711269493063	26.975615137051907
-3.8402808208837222	-0.5362144613609914	26.801611840064066
-3.7588649761905017	-0.5470105237435785	26.628752616224787
-3.6797531768121763	-0.5591611550615644	26.457037155501137
-3.6027883913426244	-0.5722167505451576	26.286478398242476
-3.528180046512218	-0.5867809588008641	26.117058507091507
-3.4557716302227757	-0.6024183829687741	25.948788657208414
-3.385563163427088	-0.6191307211525526	25.781668693989182
-3.3164101709556517	-0.6343720711568359	25.61564309384766
-3.2504529658057257	-0.6529945242327162	25.450795817014683
-3.186578236081127	-0.6724649103337148	25.287090114915628
-3.1247860008987582	-0.6927847787753251	25.12452594273698
-3.064886376498124	-0.7136646531556536	24.963076993640012
-3.0071325842775543	-0.7354939910478183	24.802778307058134
-2.9513351737888236	-0.7579951573663379	24.64360358781107
-2.897494162311343	-0.7811695525085302	24.485552865377862
-2.7637347989960173	-0.6135453544188216	24.329141068693403
-2.710969787089086	-0.6376222089123662	24.171838504157666
-2.6600899004771854	-0.6621890642640036	24.015658786089126
-2.611095155395193	-0.6872472362176199	23.86060199864559
-2.5637781971406284	-0.7126224303782456	23.7066221487408
-2.5184155350131374	-0.7385499862858325	23.553780783806435
-2.474800179995026	-0.7648655949866479	23.402032751737124
-2.4329321465323535	-0.7915704272510775	23.25137816463342
-2.3915400023492825	-0.8177217036738167	23.101515843697307
-2.3530395403667748	-0.8451163459660013	22.953013188249027
-2.3161531813662473	-0.8728298369091974	22.805575400635647
-2.280880938150277	-0.9008632140788644	22.65920260698184
-2.2470342535670387	-0.9291381475386142	22.513853240126984
-2.21486456576427	-0.9577613960400233	22.369583023299867
-2.184183605233054	-0.9866624816502672	22.226351459355467
-2.154991383290653	-1.0158423215686212	22.08415867964903
-2.118355327554865	-1.0398616059024075	21.940707086114127
-2.092105682707859	-1.0694656636720308	21.800530824657002
-2.067223895954119	-1.0993284803021925	21.661369550597946
-2.0437099772489487	-1.1294508626132198	21.523223394540953
-2.021405173075749	-1.159822734381187	21.386060145779258
-2.0005211770204627	-1.190459332224163	21.249923055373173
-1.9808994590302467	-1.2213566793128985	21.11478097571439
-1.9625400278829506	-1.2525154870417998	20.98063403513065
-1.944541339929522	-1.283933275006592	20.847293426194156
-1.9286298531661152	-1.3156145263073622	20.71511769711203
-1.9138853434917786	-1.3475749330375386	20.583920500630413
-1.9003078186416649	-1.379815122086964	20.453701962193126
-1.8877723782473854	-1.4123728751690647	20.324440822472205
-1.8764455734136751	-1.4451992171285282	20.196165718414314
-1.8662026774772285	-1.478336671081519	20.068856404087647
-1.8570436972657918	-1.5117857903777505	19.9425130030517
-1.1507621709658977	-0.509031188735932	19.672936370885207
-1.1352052680926759	-0.5316952682807473	19.543772186630413
-1.1205799228280364	-0.5543528488270315	19.41550664219313
-1.1068861412973006	-0.5770044267969308	19.288139817461218
-1.0939921918718714	-0.5996952466017786	19.161634236463357
-1.0820737303222876	-0.6223660844871206	19.03604004594552
-1.0709991616898948	-0.6450659134165297	18.91132038352265
-1.0607684912828748	-0.667795163587736	18.787475320125765
-1.0506625526691638	-0.6908433869869697	18.664284844449025
-1.0420644604574207	-0.7136555850770724	18.54216781481348
-1.0342337936023203	-0.7365389206341941	18.420903934700295
-1.0271705567103795	-0.7594937669901384	18.300493268110166
-1.0207784359872099	-0.7825845024723712	18.180906576930195
-1.0151858600748571	-0.8057261199764594	18.0621829905601
-1.0102966182158646	-0.8289858096383469	17.944293770066995
-1.0061107144280392	-0.8523638970781845	17.827238974816623
-0.9984539091281937	-0.8782221348189889	17.709543445625798
-0.9957775199992842	-0.9017796719749785	17.59414688519852
-0.9937448389784547	-0.9255095647513221	17.47956810182819
-0.992355869548783	-0.9494120954315455	17.365807151618966
-0.9915470279804333	-0.9735647320891969	17.252842048193795
-0.9914031003619487	-0.9978648146537941	17.140702237137003
-0.9918605812313666	-1.0223919481458195	17.029366181643233
-0.9929194736640329	-1.04714638180443	16.918833937514087
-0.9942682565074161	-1.072620340636167	16.80898120516453
-0.9965134658344063	-1.097877530222804	16.700045389040785
-0.9993266029984165	-1.1234203528281697	16.591901628243694
-1.002707670732881	-1.1492490299814124	16.484549980243994
-1.0066206087871876	-1.1754522894595096	16.37797550770238
-1.0111135036387622	-1.2019123254372088	16.272198264051752
-1.0161503568570254	-1.2287195546822742	16.167203785477565
-1.0217311708972627	-1.255874176181568	16.06299213324013
-1.012112386996506	-1.3070270825976742	15.951410831129918
-1.0197285225603063	-1.3344418619297431	15.848821364964133
-1.0278379706663534	-1.36229473196133	15.747008843530523
-1.0364407333427852	-1.390585857061364	15.645973331641818
-1.0455335591900505	-1.419412222113296	15.545708271491606
-1.0551207880149536	-1.4486448873428177	15.446222565176134
-1.0651992148238678	-1.4783821069388132	15.347510203602706
-1.0757688414954663	-1.5086240331570053	15.249571260537804
-1.0868759530352712	-1.5400106695966365	15.152385054590082
-1.0984448207242543	-1.5713317088191228	15.05599358067274
-1.1105092252100448	-1.6032285546501583	14.96037508293856
-1.1230691682492888	-1.6357013494559383	14.865529646582953
-1.136141417725411	-1.6688612785731758	14.771460569985498
-1.149703620480013	-1.7025604206437144	14.678163665520387
-1.1637725848917668	-1.7369110692941536	14.585642960210983
-1.1783483126203835	-1.7719133590345335	14.493898553523543
-1.1946807300593125	-1.813112928831857	14.40313741455163
-1.2103916385776934	-1.8495276917657764	14.31297287511934
-1.2266251949573235	-1.8866787322136807	14.22359275607414
-1.2433814007657678	-1.9245661772176756	14.134997174795954
-1.2606968833415602	-1.9633184350124235	14.047202727648534
-1.2785228098382324	-2.0027645867757577	13.960187577385136
-1.2968958438970972	-2.043034034393923	13.87396932977538
-1.315815987018114	-2.0841268994299607	13.788548123825935
-1.335579216945126	-2.1269116384807294	13.70406635669429
-1.3556362062475777	-2.169750913830439	13.620259216313297
-1.3762709260487185	-2.2135076425367597	13.537267386880197
-1.3974833777828215	-2.258181940839281	13.455091033750607
-1.4193292032272824	-2.3039234750359583	13.37376482522974
-1.4417342166410207	-2.350532957140026	13.293242948300485
-1.4647540929262934	-2.3981609592267636	13.213561496668133
-1.4883888334482072	-2.446807591930208	13.13472066751714
-1.687770119531094	-3.0011325218743607	13.13055788771262
-1.7208709999710379	-3.0570445111312674	13.056217279561858
-1.7545629605375996	-3.114392761234816	12.98287412114476
-1.7888460016725436	-3.1731773079874346	12.910528719927544
-1.8238487830661514	-3.2335658072040268	12.839268523361454
-1.859399759463051	-3.2953347987075756	12.768977702251956
-1.8956276002743557	-3.358652199535145	12.699746359788344
-1.9325323058807162	-3.423518040536344	12.631574865682877
-1.9709648549625802	-3.4911170452379405	12.565113808247576
-2.0093193663601414	-3.559226160681687	12.499143406935422
-2.0484399824110486	-3.629007921777111	12.434310055878376
-2.0883267033406505	-3.700462346787537	12.370614199255222
-2.1291186462584086	-3.7737927712173267	12.30819054285844
-2.1706303220126912	-3.8487281076147983	12.246860586372208
-2.2130008502460647	-3.925471747039005	12.186762865378936
-2.2562302309125246	-4.004023685761495	12.127897912286869
-2.30765166573965	-4.095412248964525	12.077055022558344
-2.3527882167076104	-4.177950045569943	12.02086050694093
-2.3988842314721506	-4.262445851411867	11.966019058432552
-2.445939709558605	-4.34889962802146	11.912531316902593
-2.494108494723278	-4.4375482462329146	11.860598655137144
-2.543185460387717	-4.528075751023913	11.80995416872844
-2.593324432983856	-4.6207185100530825	11.76080473233923
-2.6445254114289605	-4.7154764355709755	11.713151109370633
-2.697825608790229	-4.813963731905657	11.668447934448283
-2.7512711584966216	-4.913143211604283	11.623961967065418
-2.8058871826516585	-5.014604123966254	11.581143096778169
-2.861673679324276	-5.118346312489966	11.539992232083963
-2.918801704662089	-5.224631322711048	11.500801868594591
-2.9770431784078935	-5.333109990118711	11.463184268140564
-3.0365690996413885	-5.444042244090426	11.427439707540806
-3.097379465281335	-5.557427834909281	11.393569263641606
-3.235024104090927	-5.791937341810069	11.460524470344128
-3.2996103587129286	-5.912456923913519	11.43203901590625
-3.365624611505443	-6.03562271447338	11.405739770498197
-3.4330668574668066	-6.1614343081334	11.381628041888954
-3.5021234518126665	-6.290153496992691	11.360134331857719
-3.5725459075798764	-6.421430143603509	11.340687871521665
-3.6445204405768727	-6.555522123420552	11.323730285375783
-3.71804704365592	-6.692428857160807	11.309263105040259
-3.794351138103054	-6.833803632623603	11.300326183828538
-3.8711193119863294	-6.9765194925133445	11.29119714560922
-3.949567573575697	-7.122208453684786	11.28491517216587
-4.029695912929655	-7.270869710436018	11.281482044943917
-4.111699395296782	-7.422724541756697	11.2814949695715
-4.195317907674822	-7.5774758015065515	11.284162051752622
-4.280746245075878	-7.735337203102684	11.290095509297283
-4.367984393974116	-7.896307650353556	11.299297395838945
-4.466736950581126	-8.071796178784046	11.340375886374256
-4.557767134733821	-8.239152826417488	11.356718274511941
-4.650736096575261	-8.409715813649697	11.376822624047422
-4.745643817975602	-8.583483671160728	11.400691274877174
-4.842676098081955	-8.76056081696323	11.42912911275663
-4.941585157896177	-8.94080423400657	11.46106865771244
-5.042556311981894	-9.12430480659631	11.497334226361373
-5.14558953649575	-9.311060602364861	11.537928448055707
-5.251763770451721	-9.50131718648164	11.588338902107424
-5.359018069520965	-9.694557058425556	11.638204469363473
-5.468447269542343	-9.891030441326706	11.693039896610536
-5.580051339631469	-10.090734832182422	11.752848084043125
-5.693974769200164	-10.293535840140045	11.81866705624218
-5.810024826878861	-10.499606265055313	11.889119743803555
-5.928345188603064	-10.708789045289073	11.965267688914242
-6.048935814962899	-10.921080986896873	12.047114016603292
-6.557269983908228	-11.334150971614292	13.747199775264297
-6.6776984490632145	-11.54042641421145	13.844404685281086
-6.8002696989406335	-11.748756486838133	13.947993532946832
-6.924983686862416	-11.959137406504343	14.057968893228079
-7.051795633915379	-12.170901191188577	14.175400446086647
-7.180765128741879	-12.384929035832089	14.298867857885618
-7.311846196371338	-12.600519758507808	14.429460200845995
-7.445038780641224	-12.8176688075643	14.5671798976646
-7.579523401960646	-13.030833884666173	14.718463883571035
-7.716758566291754	-13.250337055060402	14.871019299651358
-7.856020363140976	-13.470709015277599	15.031442156952224
-7.9973087266196625	-13.691944425420143	15.199734521443334
-8.140396218546508	-13.912749960938388	15.376941439865712
-8.285585928367635	-14.134836968971586	15.561673868053338
-8.43264877005928	-14.356866550153391	15.75499028653584
-8.581584668383579	-14.578832606885419	15.956892150796183
-8.71559329578233	-14.736301095286954	16.20359836951268
-8.866881359817226	-14.95591667340401	16.421039175239653
-9.019805125570455	-15.174304716676506	16.647606810875345
-9.174364511367868	-15.391458605882262	16.883301832397684
-9.33005195996934	-15.6053184403684	17.128824230224236
-9.48754401979926	-15.818614986166915	17.383241012422847
-9.646331163531082	-16.029234154658894	17.64725115525618
-9.806413305100373	-16.237168970814803	17.920854002663834
-9.963400122160271	-16.42766611965768	18.206010805686315
-10.125402129250718	-16.62846902866984	18.498557030077414
-10.288242801663447	-16.82487487912714	18.800903344258064
-10.451922054312435	-17.01687677529465	19.11304759730689
-10.6155556055143	-17.20161750994189	19.434853249139536
-10.780322304857693	-17.382891079055323	19.766495919171813
-10.945335947446738	-17.55778791794095	20.10781457376849
-11.110596456292827	-17.726301787112806	20.45880535559355
-10.955185319207123	-17.1791773356229	20.58247178182322
-11.11071338916883	-17.33585267815965	20.91996201638775
-11.266089828500858	-17.485160535726184	21.26607927524039
-11.4213145784887	-17.627096149847745	21.620819128719763
-11.57521653069813	-17.758711418740116	21.98296754395713
-11.729357042771547	-17.883927397595656	22.35413168060076
-11.882563840335852	-17.999764945581536	22.733056323943913
-12.034836885892279	-18.106221023637488	23.11973565628698
-12.17767550059572	-18.18535072552107	23.501838276452386
-12.326993257103862	-18.27134931152421	23.901961800413808
-12.474490902609558	-18.346002225961595	24.308437565786505
-12.620168429323549	-18.409308837558484	24.721258803729892
-12.762535094324003	-18.458525129539204	25.13757194330278
-12.903578567078538	-18.49731078279889	25.561165576226127
-13.041808305565738	-18.522928864235308	25.989131147201487
-13.177224338917991	-18.535381734862007	26.421461627241424
-13.238104626067411	-18.435026137411057	26.702155784364
-13.366228378056856	-18.42487946046226	27.135352625328768
-13.490631940257337	-18.40039307895259	27.570551492259263
-13.611315377250545	-18.36157222685873	28.00774615185538
-13.726691429679853	-18.306913802648893	28.442619722401222
-13.838876626588183	-18.238436791771555	28.880914757460033
-13.9462856285162	-18.154692266028533	29.318272213059185
-14.04891853756416	-18.055688500060448	29.754687604664166
-14.137360106919385	-17.937970006617096	30.160312956857215
-14.229560810350657	-17.809089195332806	30.59133276294895
-14.315995132218262	-17.664740606884486	31.018191206186028
-14.396663203191103	-17.50493483123839	31.440886594413115
-14.470215209838123	-17.330391499620948	31.854363277707208
-14.538451223473848	-17.140177043823353	32.26536106467929
-14.600024672267224	-16.935100412751346	32.66882639122451
-14.654935701357187	-16.71517336908466	33.064761160533436
-13.10143455598606	-16.509286320827265	28.06801011427554
-13.184925514011704	-16.460046794044878	28.421167196170337
-13.264898077715607	-16.399205699782314	28.77325090045789
-13.341352308807723	-16.326768039277876	29.124258645296166
-13.413127110898223	-16.24257634255004	29.470844416503198
-13.481770771389888	-16.146853446132056	29.81746479210999
-13.54612382407943	-16.03948720750079	30.160760129623718
-13.606186347081957	-15.920483957438567	30.500729459720457
-13.655668247267997	-15.793220600110985	30.81587560909079
-13.706676089322281	-15.652009375679881	31.14690481625644
-13.752726048035754	-15.499634250349434	31.472330621627773
-13.793818209624504	-15.336102211440169	31.792154048461157
-13.82913414365374	-15.162819686400667	32.10302288025652
-13.859765292043823	-14.977927756138588	32.40941091333581
-13.884895239727925	-14.782887898002336	32.70798350400759
-13.904524070954865	-14.57770693987643	32.99874382740114
-13.893006378491151	-14.445204059407601	33.140406996734185
-13.903929661267034	-14.226078209918843	33.41650495583437
-13.90903136957741	-13.998188070059534	33.68308807527364
-13.90831157629032	-13.761539545367055	33.94016124733509
-13.901482292232053	-13.518896699859727	34.185253369050365
-13.888927656624471	-13.266586567859358	34.421671985798135
-13.870361172735642	-13.007413071166184	34.64699175333861
-13.84578289224995	-12.741380398503534	34.86121904101023
-13.815551291332504	-12.488374091809604	35.0530667217217
-13.779377719532853	-12.21106765922999	35.244628416463186
-13.737211706529653	-11.929071346136041	35.424028999713514
-13.689053276796377	-11.642387135962494	35.59127555672902
-13.63525539296862	-11.35451906101315	35.74548059984033
-13.575347470279695	-11.060797678179279	35.88784398916953
-13.509682721252062	-10.764732439353613	36.01753465743808
-13.438261140500627	-10.466322908105504	36.13455953893589
-13.505330784489523	-11.107778395115577	35.89350048297257
-13.442520581558165	-10.812475934562913	36.022908941561056
-13.373999288957922	-10.515384631409493	36.13975988410568
-13.299766896382057	-10.216503650353568	36.244060092561725
-13.220545962081577	-9.919249827172514	36.33595679008976
-13.135373028050049	-9.61906357133641	36.41526867099192
-13.044970114581123	-9.319345706692468	36.48219274210599
-12.949337184994299	-9.02009326049638	36.53673465234743
-12.854586829382777	-8.741098361856968	36.58415507751892
-12.74941560886513	-8.444550179911554	36.615173011163485
-12.639639843262632	-8.15049068219205	36.63445932902975
-12.525259476436963	-7.858915319009289	36.642017996968185
-12.407413465585655	-7.572485220357658	36.639401234223875
-12.284583059245668	-7.287640715457535	36.62454702234964
-12.157905755782101	-7.007002370036666	36.599030935077366
-12.027381487925231	-6.730564732269055	36.562854932615416
-11.950528856113198	-6.569769360604425	36.597455388170985
-11.814404790254006	-6.2992123838062195	36.544843918824256
-11.675136450190431	-6.034103472197515	36.48272070921113
-11.532723765690445	-5.774436933874858	36.41108595662435
-11.388464563879314	-5.521717133752638	36.33218744445893
-11.24062824732296	-5.2739251821733975	36.2430270457641
-11.090511024375015	-5.0325212121732115	36.14584645517432
-10.938112829466188	-4.797499909736331	36.040644074627785
-10.791440554760195	-4.574902483938171	35.94224601769772
-10.635288329700638	-4.3527350540122285	35.82267376698221
-10.47769550887167	-4.137486512592824	35.69659248912551
-10.31866203698456	-3.9291523788442704	35.56399921156055
-10.159395543389277	-3.7280377401400298	35.42716097062281
-9.998285737646098	-3.5337262522721504	35.283047299350976
-9.836539088037805	-3.3464917505358684	35.13389747760625
-9.674155553134668	-3.1663308772890693	34.979707634269076
-11.539197102945433	-6.177467817402178	37.15500604308307
-11.403470097896086	-5.901029925379921	37.08081341706444
-11.264463467095885	-5.630765664960114	36.99751946045009
-11.122177139498875	-5.366669278274973	36.905124198328
-10.978022748546262	-5.110053715223138	36.80595952597109
-10.830117954477842	-4.859155259848327	36.69691468038267
-10.67987276876853	-4.6152426003167335	36.58031380344742
-10.527287126688616	-4.378310490656123	36.456155037756616
-10.380890774062731	-4.153146545520535	36.33956586200087
-10.224451466968318	-3.930125076202465	36.201957854293575
-10.066569151860456	-3.714490497343771	36.058332683591125
-9.907243775789917	-3.5062385177127227	35.90868710252676
-9.747740855772925	-3.3054788424547876	35.755295940011464
-9.58637292425513	-3.1120561589547266	35.595117725180465
-9.42440440372501	-2.926050782965433	35.430397545921785
-9.261835256224758	-2.7474596382241363	35.261131296233486
-9.152583779573055	-2.5746425263789616	35.19440861913996
-8.988190127084305	-2.4073609659621416	35.01697194168006
-8.823903182174435	-2.247344686344629	34.836223421827995
-8.659722921212023	-2.094591772335014	34.652158516452104
-8.496638549328338	-1.9484150168310066	34.46659605275506
-8.333331083645877	-1.8097272351777545	34.27710031069419
-8.170789330210013	-1.677830921829985	34.08545376945359
-8.009013280208299	-1.5527253625891586	33.89165192104335
-7.8530710590419766	-1.4286934262298825	33.70573785477636
-7.6931448200857515	-1.3163429073915518	33.50848267623493
-7.534529097272596	-1.2101768406016946	33.31002942241409
-7.377223894312231	-1.110195526512066	33.11037391202928
-7.221874807779447	-1.0153411629965063	32.91071988091468
-7.067621059329128	-0.9270255377694421	32.70945302004614
-6.915108440472954	-0.844196645273894	32.50774573349356
-6.764336964709309	-0.7668555794768376	32.30559436593285
-6.83061498462652	-0.4143744904070692	32.67363569620528
-6.671313187506724	-0.336357129104826	32.46297322041467
-6.51412357204379	-0.2637015363221433	32.2523991246252
-6.359046159783975	-0.1964094582599953	32.04190970109789
-6.2064863943987625	-0.13324705851955443	31.832309176112055
-6.055903739680881	-0.07586393848102066	31.62251721582774
-5.907704213348364	-0.023042301793609887	31.413311392641663
-5.761887842703832	0.02521563882163805	31.204688726981562
-5.620000615161455	0.07660229036143029	31.00058173250756
-5.47892769503611	0.11654874376752064	30.79338019375478
-5.340412806408258	0.15268574651437916	30.587111158900665
-5.204455979797577	0.18501082515694275	30.381772327575693
-5.071184723354431	0.21460465130988915	30.177732232045823
-4.940429098498776	0.24002047103083715	29.974494653606694
-4.812317349263822	0.26231866916415214	29.772412260418527
-4.686849507283923	0.28149668192649363	29.571483355245935
-4.565212034746049	0.35183074494013855	29.38988361897898
-4.44370157850889	0.3654717843232316	29.190687499564202
-4.324882087358838	0.37659310331718565	28.992798235622733
-4.208753593141925	0.38519212098368716	28.79621461050007
-4.095251338503828	0.3921214598792959	28.601047665016402
-3.98446173975616	0.39623835971518656	28.407146866611395
-3.8763207793516985	0.39837515468756557	28.214615271175397
-3.770828487729561	0.3985293778802181	28.02345206925464
-3.6671287258654157	0.40163169881674055	27.833984682398995
-3.5667615914381026	0.3982923013894837	27.645540408699066
-3.4689596357520998	0.39343032322651794	27.458481973720293
-3.3737228872565077	0.3870434586912256	27.27280887746725
-3.280873753914398	0.37974043585131856	27.0885038171737
-3.190649089504122	0.3707043983739678	26.905588900624263
-3.1028719509963265	0.3605263210134577	26.72404382807334
-3.0175423644808315	0.3492040893392625	26.543868326045878
-2.865100317140522	2.6217918339560473	28.29825162593177
-2.7297592120778815	2.6166290109630106	28.09207987282756
-2.5978757918516697	2.6101284965335414	27.88817120222125
-2.4694501028335982	2.602286532505956	27.686525050468756
-2.3441377561158117	2.593987469063081	27.486936310181573
-2.2223980402954244	2.5840437937326364	27.289677466044374
-2.1038876062629672	2.573311471103898	27.094540400834138
-1.9886064947449467	2.561787200526667	26.90152490292794
-1.8741066103436381	2.5544226009090076	26.70927406701121
-1.7649760484457397	2.541771239484309	26.520354739472626
-1.6588227041627661	2.5287699738563827	26.333409084821085
-1.555646612879392	2.5154159362999486	26.14843711434327
-1.4550462650175229	2.502269704503824	25.965218379281907
-1.3575570850183207	2.488577492781492	25.78404696064055
-1.2627783502934324	2.4748784166380258	25.60470306440527
-1.1707100912936599	2.461170008210327	25.427186830350543
-1.0608615150123413	2.4784327963788133	25.241661727257735
-0.9736845950964025	2.465034278538446	25.06777304388051
-0.8889528016019144	2.451906888522043	24.895582697278503
-0.8066661606204478	2.439048511757162	24.72509089521412
-0.7264210514870797	2.426795585936564	24.55611008322201
-0.6487556925889549	2.4146948673771718	24.388890843488763
-0.5732670406492106	2.403067056208536	24.22324739112889
-0.4999551178149583	2.391910357534133	24.05917995509355
-0.42633844744886673	2.383109454022245	23.895626114393746
-0.357131031983928	2.3730783299764444	23.734618347875447
-0.28983998226620056	2.3636723280876923	23.57507939443714
-0.22446531698252464	2.3548899338946225	23.417009478914117
-0.16063517657228532	2.3469232157931406	23.260267435178264
-0.09884541481766625	2.3395127569614917	23.10504199694557
-0.03872458410388857	2.332839401673287	22.951193731353996
0.019727299884280472	2.326901878767963	22.79872284546919
0.23477045879492264	2.5018440244887654	22.595741383419238
0.29068435211312715	2.4991977327898605	22.447322270995333
0.34519235397678605	2.497438954891198	22.30022214403493
0.3982944515109686	2.4965666473533874	22.154441191926953
0.45032297232052043	2.4966854711764666	22.0098823258174
0.5008347848065574	2.4976535989288853	21.866675419271047
0.5501619343178974	2.4995680051062212	21.724724793402387
0.5983044102226802	2.5024278280570775	21.584030613426442
0.6472152918603138	2.5068725827987866	21.44408189350696
0.6931672463896912	2.511700752888245	21.305862963265724
0.7381408659009216	2.517519314715722	21.16884992391101
0.782136141695207	2.5243275632934203	21.033042919848608
0.8254370923516756	2.5321884187599286	20.89838096300703
0.8676650075348441	2.541016456132236	20.764945694017285
0.9091037162676576	2.5508694365461655	20.632677203805798
0.9497532114928466	2.5617467880504265	20.501575621280963
1.0029051983464432	2.5786308116350596	20.36899093356141
1.0419536559857776	2.591833449781365	20.240306191433827
1.080397763011299	2.606090154019366	20.112758745303417
1.1182375138405394	2.621400471921965	19.986348713708434
1.1557119735691865	2.6378131718202154	19.861044932160738
1.1925023767123988	2.6552622548025226	19.736889226281274
1.2288476678288562	2.6737932116060414	19.613851349299985
1.2647478425097272	2.6934056849202155	19.49193141671075
1.3015996342386436	2.7144713956328568	19.37100283874093
1.3367356849959198	2.736303565773435	19.25131659695077
1.3715744994835561	2.7592463496912005	19.132737264737365
1.4061160742894225	2.7832994708525325	19.015264960665863
1.4405638995309422	2.8085155383903433	18.898893826793525
1.4746466477973235	2.8348238188805204	18.783631956927678
1.5085677365373062	2.8622749479810534	18.66947445638742
1.5423271631648443	2.890868716107735	18.556421452996023
2.7015886598950787	4.176908582129794	18.600383728838462
2.7386590940516125	4.230615127062417	18.505338713385267
2.776169238285963	4.285723408071705	18.41169640594921
2.814119092057224	4.3422333813202405	18.319457093299764
2.8526504820737824	4.400238996881476	18.228717889315817
2.8915743048304305	4.459614888520479	18.139350018335385
2.931032374190172	4.520454648378312	18.0514530409401
2.971024689625751	4.5827582337239505	17.96502729415152
3.0124242148475195	4.6471800485073995	17.880786425369667
3.053572380097608	4.712491522929386	17.797391830803118
3.095346894732996	4.77933387818859	17.715551384929174
3.1377477581034277	4.847707061585471	17.635265482820923
3.1809092506322756	4.917718971018342	17.556676760316844
3.2246523300380754	4.989225603472391	17.479596011616195
3.269111258448895	5.062334338508258	17.404169233306316
3.314286034938559	5.137045101064687	17.3303968866372
3.3667546192076783	5.219105053121584	17.26539566013056
3.4134302223517725	5.297194513213574	17.195132430156555
3.460912431459987	5.376958816356413	17.126643758675616
3.5092012451628736	5.4583978515641896	17.059930182593284
3.558426053838075	5.541625784272268	16.995191918274628
3.6084143332901686	5.626490094692861	16.932163331333193
3.659295434950891	5.713103848698396	16.87104918090881
3.711069356805544	5.801466883009132	16.81185008760842
3.7645461665219853	5.892312638446974	16.755974337576035
3.818189382116805	5.984255108769021	16.70077103111569
3.8728106340722133	6.078019465494608	16.647645741013136
3.9284099195019317	6.173605474707409	16.596599180395707
3.9851127198775513	6.271118605862749	16.5479027797133
4.042751718946714	6.370417615173425	16.501196377924792
4.101452318550024	6.471605736311471	16.45675739517015
4.161214514666071	6.574682643364459	16.414586645233214
4.272572971602656	6.726887339016734	16.46253808389226
4.334464399399664	6.834204380591287	16.425884957196015
4.397510109120622	6.943446919084859	16.39173625858813
4.461710095229062	7.0546145057983765	16.360092910025184
4.52717762461375	7.167774351195422	16.33131386923159
4.593761660394226	7.282835677358227	16.304922767689114
4.661575320388868	7.399861525552188	16.2812862200934
4.730618597235919	7.518851299148991	16.26040525803487
4.801564776250534	7.640095968135548	16.244720394893598
4.873130515807009	7.763026924974655	16.229624257657033
4.945996653389026	7.887937769898698	16.217565507181366
5.020163179408568	8.014827725853948	16.208545284187977
5.095726611334071	8.14368798457888	16.203019063197598
5.172558234705721	8.274528304683422	16.200382293439144
5.250754313816354	8.407332817690277	16.20109978297298
5.330314836401874	8.542100529664696	16.20517277570367
5.415333708072618	8.677985119922866	16.23357798390181
5.497557768425377	8.816471498142215	16.24464019305878
5.581199658338877	8.956857956334277	16.2594043041032
5.666259362426336	9.09914324748844	16.277871645254066
5.752798764934358	9.243183645652854	16.30059374408683
5.840735314703518	9.389167638430742	16.32683838592172
5.9301304962032795	9.536940378222571	16.357167716635757
6.020984290392499	9.686500321852755	16.391583126921457
6.113511420401563	9.836500942557194	16.43363894454978
6.2072739002434885	9.98943392028988	16.476592792473472
6.30251800646056	10.14397587960282	16.524041424177824
6.399243715889455	10.300124943241364	16.575986252181195
6.497451993289554	10.457523487920884	16.633053442422526
6.597141494589812	10.616643666390422	16.69441138330217
6.698312592367867	10.777111420708538	16.760697094033205
6.80096525891185	10.938924504986975	16.831911952603757
6.9188253151015	10.717968557253776	17.693412428671376
7.014453437525352	10.869793741893972	17.76318691785169
7.1114703536419155	11.022393148814071	17.837810632041684
7.209876036814148	11.175764619234398	17.917284623729394
7.309555495079115	11.329340560730259	18.002141828834233
7.41066198570404	11.483872466956145	18.091673986993843
7.5130798491971795	11.638774274443364	18.18642146738155
7.616809055041602	11.794043509969379	18.286385146412936
7.7207568768440025	11.94536725079157	18.39451011574509
7.826929384416592	12.10082020141722	18.505124544955937
7.934299700983091	12.256129393093714	18.621290309970433
8.042867792506343	12.411292067304215	18.743008019892486
8.15239891314003	12.565406796953532	18.870704480647767
8.26320597549063	12.71966885093389	19.003811745314
8.375053402191257	12.873153881708625	19.142759726668825
8.487941156355907	13.025858899878298	19.287548664359047
8.58713147210439	13.13413533191129	19.450250780177928
8.701192307626455	13.284105115390684	19.605444368571973
8.81609164167766	13.43256295206862	19.766647823137735
8.93182943614626	13.579505753206124	19.933860924944096
9.048010013728115	13.723678115855007	20.107236648937832
9.165160855113648	13.866746693747599	20.286570057282276
9.282885385593666	14.00743148750199	20.47200986353708
9.401183567160526	14.145729416816202	20.663555284175448
9.516929567114236	14.27305228692126	20.860712979461727
9.63593607004609	14.405602370579203	21.06415968475162
9.75519076116649	14.534790083270543	21.273651895742262
9.874693604986144	14.660612548791539	21.48918819834378
9.993854252600569	14.781503975078321	21.710426689138014
10.113459757228318	14.899545710419064	21.937819383722776
10.232918988964613	15.013150788520665	22.17101026326112
10.352231917721078	15.122316770892496	22.409997253876373
10.26084061576774	14.821359417442125	22.457433418918374
10.374651792960613	14.924065939375941	22.690451008398593
10.48807081882197	15.0217902311009	22.928671611885957
10.601097670780492	15.114530463340452	23.172092950810786
10.713002825137464	15.200732865573002	23.419829481260034
10.824758935529816	15.28246551498195	23.673056180701362
10.935636050027389	15.35816333575555	23.93086730100082
11.045634156088466	15.427825311459355	24.193260079884624
11.149656551933353	15.482215940572095	24.452410179842914
11.257275132571966	15.538966802288522	24.72277802926778
11.363482179752321	15.588681264663567	24.996854840331192
11.46827769368797	15.631359345004414	25.274637559570383
11.570793340630408	15.665630982826277	25.554467758891732
11.67218691176097	15.693323966860877	25.838549473330428
11.77159023419299	15.713073284119822	26.125199886989417
11.869003323046208	15.724880159971493	26.414415921810942
11.923003455920762	15.677898172979406	26.617923399156478
12.0156391375261	15.67570021690101	26.9084428896594
12.105754554311595	15.664949250935344	27.200222668434552
12.19334973551121	15.645647644327623	27.49325999408469
12.277527315612577	15.61703375920876	27.785232939608008
12.359483862789899	15.580129663090572	28.079231504957207
12.43832285528585	15.534197456439847	28.372914860981926
12.514044336934415	15.47924069175001	28.666280939995808
12.58131860368643	15.413218570129922	28.9434619481701
12.650306105930353	15.340460608998871	29.234350096611806
12.715614624135577	15.258528325657778	29.52321371651599
12.7772442136968	15.16742620952929	29.810051768175196
12.834422269087051	15.067397031089405	30.092184030968543
12.888179067070865	14.958128123408757	30.373182761988367
12.937743384023037	14.839900392047115	30.650365195494484
12.983115282296069	14.71271889031768	30.923731607182525
11.993022262513506	14.540135366902339	27.853902502943164
12.05543958321315	14.504475542545459	28.10378608003309
12.115284507286377	14.461367657586488	28.35287389941062
12.172557066754273	14.410814307150774	28.60116475020291
12.226559492742451	14.35277584672234	28.84667161078016
12.278222224787513	14.287311703274773	29.092041595491445
12.326848323423887	14.214405244989306	29.335281235005688
12.37243782764141	14.13405963176888	29.57639005385235
12.411211935938466	14.048309884507985	29.802682278848295
12.450444300798235	13.953672479088967	30.03818983866504
12.486238601390156	13.851868102099903	30.27022320256982
12.518594880224581	13.742900198761872	30.498782774160592
12.547017707677663	13.627538329231198	30.721886902947247
12.572167756035224	13.504764473478355	30.9421795134504
12.593550593473417	13.375375481105035	31.1576863188516
12.61116626195314	13.239374752801634	31.36840866566467
12.608838103376856	13.14250820774609	31.488786028825952
12.620208991722716	12.996713379402317	31.690244019046002
12.627605762737058	12.845057483925848	31.88585388704287
12.631028453904998	12.687543559270527	32.075617770612645
12.630278990175684	12.525663935368728	32.25797547042773
12.625621552523212	12.357435395969162	32.43501286694685
12.616858859098578	12.184371595475799	32.60519003068165
12.603990938837878	12.006474878993751	32.76850981109243
12.586982264320088	11.834632816187911	32.917242133654184
12.566118393409473	11.648434460626936	33.06638656595704
12.541135315957844	11.458591936530652	33.207912074973216
12.512033049465847	11.265106662226517	33.34182194428107
12.478972622635387	11.069933756886643	33.46732866584549
12.441739360453852	10.870468820056816	33.58549005308147
12.400494561243045	10.668673738102248	33.695545450830785
12.355238229307595	10.464548859888293	33.79749824742359
12.383301798884215	10.812427500472745	33.624013657177734
12.342041912275661	10.610298579268248	33.73049756846459
12.296815047281157	10.406304763637312	33.82885936740547
12.247621204327068	10.200446088134173	33.91910239249288
12.194855439925519	9.994716783440456	34.00102621130979
12.137991002170027	9.786457073760728	34.074905620466055
12.07742281742212	9.577657021151447	34.14056555931434
12.013150873367126	9.368315627579097	34.198009023841976
11.948637906457233	9.170467791314502	34.248418109342474
11.877496541994429	8.9612078519756	34.28994804851281
11.803005416125037	8.752652117696059	34.32343639505831
11.72516450593406	8.544798731346647	34.34888553532114
11.644634751319796	8.33937697383895	34.366899626831035
11.560534838618608	8.134076236875408	34.37667804470393
11.473525079490344	7.930608206715568	34.37884066092138
11.383605443345411	7.728970404248199	34.37338905600826
11.325461711640786	7.604208458150105	34.396139351621706
11.23117675897795	7.405459513106719	34.37851674619419
11.134411565764115	7.2094297938945076	34.353814574109045
11.035166097396724	7.016116496174507	34.32203362982121
10.934239488567435	6.826718126272718	34.284292866026135
10.830566144263761	6.639630022807602	34.239101464938855
10.724944368162642	6.456027843259041	34.187581004482766
10.6173741247677	6.275908710848962	34.129731407300966
10.512991575364198	6.1050471455048845	34.07349577962334
10.402080341877385	5.932215709604571	34.00397148147884
10.289758055095453	5.763420055172128	33.92894245702373
10.176024681704789	5.598657482329869	33.848407868207616
10.061684082586222	5.438483462406996	33.763684554074864
9.94566436897976	5.282151349247342	33.673014244955326
9.828768662187969	5.130196523579202	33.57770442807204
9.710996933523308	4.982616660441566	33.477753660975445
10.950959406984927	7.100546868433229	34.680491309810364
10.853484875048073	6.9016193597814794	34.640274872849325
10.753620220983633	6.706096911565791	34.59339514997089
10.651365408813863	6.513976607996003	34.53985257765424
10.547595444936055	6.326264200111855	34.48087362837053
10.44114357028287	6.14161188926692	34.41482326724286
10.332883945771796	5.961002253102802	34.34292767735959
10.222816536246654	5.7844324424128075	34.26518640695852
10.116383579329348	5.616419184829045	34.189973552757465
10.003257319901225	5.448112510918584	34.1015300559461
9.888894676837737	5.284267153177541	34.00810388268979
9.773295618664951	5.124880560824089	33.90969385259216
9.657290507933647	4.970312107132299	33.807638311192456
9.539772125628948	4.820077039963372	33.70014956798585
9.421570150507872	4.674516219803515	33.58855418143372
9.30268455687482	4.533627564171655	33.472850435092646
9.219811464616129	4.409694086872076	33.41758005509188
9.099461459239881	4.276250140085788	33.29473381211815
8.978907986536884	4.147553470248986	33.16855293948858
8.858151027035925	4.023602499331513	33.03903537969735
8.737890647393966	3.904257649587304	32.90738712951765
8.617193385915492	3.7897018245446645	32.771995245024954
8.49675892624165	3.679785254580319	32.63404855576973
8.376587256120803	3.574506946769073	32.49354485632582
8.260478137181442	3.4719531590572563	32.357529200819585
8.14111845103944	3.375584115499071	32.212577011077855
8.022427005294345	3.283637078164443	32.065758912890885
7.904403794515938	3.1961116069649895	31.91707271180408
7.787563280352064	3.1125567712083155	31.767452136272553
7.67121950639337	3.033573200293303	31.61564719782587
7.555886871595866	2.9587085150716783	31.462574597219128
7.44156537659122	2.887962766736626	31.30823227764801
7.50059813404836	2.7203337977493818	31.5446851324631
7.381753599159704	2.6491935294004425	31.384957831780458
7.264171363448554	2.582131203733032	31.224305433240612
7.147851431488638	2.5191471914215944	31.062725832799003
7.033166652833444	2.4596277056512843	30.900948448210517
6.919619909397525	2.404392316346128	30.737996045605605
6.807584209534822	2.3528318086972035	30.57458237208045
6.697059562450913	2.3049469287640294	30.410705604886225
6.589765184917111	2.256659356092936	30.25028544744209
6.482327408955709	2.215654558383566	30.085798015734884
6.37658872768424	2.1779172767967165	29.921220528326284
6.272549153725134	2.1434485343080927	29.756551463104273
6.170403296303762	2.1116297410458893	29.592251432578845
6.069891707912401	2.0832882331130866	29.4277029908776
5.971209321630938	2.057814423443777	29.26335585210461
5.8743561523723296	2.0352095206475167	29.099208793968106
5.78527432703761	1.984173210293096	28.957021815577964
5.691255431633346	1.9666824088791246	28.792952547052227
5.599163236305899	1.9517008671087366	28.629311481494053
5.5089977575205	1.9392299193945648	28.46609765706525
5.420816538216366	1.928727960279196	28.30358008098848
5.334542893442434	1.9209202884971248	28.1413980477659
5.250234762440831	1.9152762180742373	27.979813956176372
5.167892162265812	1.9117971311600699	27.818827092328796
5.087522515107238	1.9072440588225215	27.659779687894204
5.009046492684655	1.9077687790426554	27.500075946678173
4.932541566460941	1.9101513340347829	27.34109616587255
4.858007753505841	1.9143931072041898	27.182839840491916
4.785408978507252	1.920072827731004	27.025451719088256
4.71479338137153	1.927755390497666	26.868737776036937
4.646125286263419	1.9370304874617208	26.712839498366495
4.579404709816922	1.9478994667138625	26.557756552780866
4.68212715961724	0.6921628173406127	27.828845504904816
4.583678920972807	0.6934255638186735	27.652031143970895
4.487707166187273	0.6965679841873396	27.47625691807031
4.39421192002001	0.701592085051833	27.301522193409554
4.303080860173435	0.707923825700794	27.127911884890015
4.214463806361709	0.7163331849656546	26.95531151015816
4.128249008379288	0.7262617978014552	26.78380200161287
4.044436489624677	0.7377115605231493	26.61338296863933
3.9620616893700666	0.7473863886199439	26.444346440078473
3.8829052883863846	0.761564011859485	26.276102558426263
3.8060538358697342	0.776961521621284	26.108972452229985
3.7315073535790044	0.7935806813386593	25.942955912077046
3.659092395890005	0.8110284802269723	25.7780605081064
3.5890402728913036	0.8298329246079283	25.614275776111434
3.5211780352095485	0.8496145761005076	25.451608227172304
3.4555057028046083	0.8703750523377644	25.290057782369974
3.382546420495065	0.8710110386010355	25.129627962399187
3.3208446497940107	0.8935066474646001	24.970108909563667
3.261214408708416	0.9167834475074725	24.811701864839737
3.2036557154575616	0.9408429152980728	24.65440684024997
3.1479728364035604	0.9654402120303303	24.49820010315146
3.094426790719058	0.9909051113527958	24.343113380588374
3.0428222572135146	1.0170040433787744	24.189123349347714
2.9931592523074735	1.0437383388992363	24.036230081471604
2.944192331987934	1.069760917477688	23.884238899654598
2.898279357178057	1.0976400775639619	23.73351004707157
2.854178044618388	1.1260453589569233	23.58385993084852
2.811888409024734	1.154977954288292	23.435288660740046
2.7712208598495933	1.1843083361404156	23.287766729712747
2.7324282174832564	1.214211881681005	23.1413337578916
2.6953212231668675	1.2445681237877144	22.99596125935584
2.65989989003175	1.2753781266790556	22.85164936604597
2.5449181571670825	1.1889030917655017	22.69331530648691
2.5118366634923937	1.2198676149229064	22.55019502169265
2.4803255201524506	1.251205247104819	22.40811954876867
2.4503847389684155	1.2829169463487264	22.26708903056554
2.4218412484448457	1.3149558905917713	22.127074847041005
2.3949258370170794	1.3473866521763087	21.988115496465
2.3694656989986984	1.3801696652597464	21.850183557502348
2.345460844864779	1.4133057787870267	21.713279177362878
2.321907986120659	1.4465871723448736	21.577230118978978
2.3007242734356317	1.480410203959518	21.44236218820672
2.2808900569132744	1.5145857071274955	21.308507530531898
2.262405345820831	1.5491144329058475	21.175666294252732
2.2451285639929557	1.5840111196196545	21.043820396252865
2.229248500370565	1.6192577954430674	20.91299429401341
2.214623787059958	1.6548748837233909	20.783171117757476
2.201254432261859	1.6908630490823993	20.654351016108794
2.1827117876416167	1.7266927556824436	20.525407196838316
2.171910404645495	1.7633405862973663	20.398562525001413
2.1622755518200725	1.8003927632483938	20.27271410997921
2.153807236385276	1.8378498716692329	20.147862100261474
2.146399494354356	1.8757707461976167	20.02400103548119
2.140193627196865	1.914078249829932	19.90113854497496
2.1350838332859983	1.952835649059585	19.779270382984848
2.1310701190218677	1.9920434625790158	19.65839670100248
2.127592226187867	2.032110604436181	19.538506093850685
2.1257313520274743	2.072260654295787	19.419622173485383
2.1249069320203136	2.1129173439326787	19.301735321844166
2.125118971843396	2.154081133436111	19.184845696008136
2.1262962224254824	2.195843424406193	19.068962282302405
2.1285336952455594	2.23808337870986	18.95407347264904
2.131760269028981	2.280895886305799	18.8401895513782
2.135975948823955	2.324281356322296	18.727310684675786
1.628891629341869	1.800199431024907	18.45417291021946
1.633546075483002	1.8348000318104263	18.339004670843728
1.6389429627001126	1.8699109971474819	18.224766124964766
1.6450822946767032	1.905532625562832	18.11145738086761
1.6519355510521416	1.941761239988077	17.999081345071808
1.6595407672737688	1.9784690825015523	17.887634403654626
1.6678695064619953	2.0157547566530054	17.777120370653023
1.676921771948538	2.053618532458987	17.66753936538896
1.686600315915376	2.092698747712433	17.55893749640194
1.6971042653975905	2.1317868344940973	17.45123080537178
1.708320908297517	2.1715269906729335	17.344464867712002
1.7202502476392258	2.211919461332562	17.238639817075665
1.7328891829358277	2.253080429358901	17.13377274387306
1.7462418550047454	2.2948555381671722	17.02984118728095
1.7603052320828696	2.337362848167507	16.92686336980718
1.7750793169273527	2.380602582811304	16.82483944326836
1.7909011769664436	2.4300894048765023	16.724615611526186
1.8072275545623748	2.4748723535357557	16.62453803469355
1.8242676609931883	2.520477412852859	16.525434032229327
1.8420214987551506	2.5669047851359394	16.42730377852391
1.8605110231046165	2.614290178729615	16.33018307507094
1.879706966012431	2.6624531067491173	16.23402461568831
1.8996313394333402	2.711530825629178	16.138865689200703
1.9202841456435351	2.7615235198420747	16.044706497684647
1.9418818043797925	2.8133353979944817	15.951823717603567
1.9640280976758082	2.8652584526115517	15.859699555619736
1.9869249922680303	2.9181960147719543	15.768609062756868
2.010572490214369	2.972148251257539	15.67855247464123
2.0350157324574387	3.0272715321252277	15.589590542319016
2.0601945356972213	3.0833577386713893	15.501642846592928
2.086154087148864	3.140564501665941	15.414772154550988
2.1128943886450506	3.1988919696373825	15.328978742095025
2.159962464065055	3.3170665038040834	15.26329195823907
2.189270848286024	3.378135119000441	15.180060667331574
2.2193842679312086	3.4404677763177363	15.097976140268454
2.2503027244465943	3.504064592944821	15.017038707020523
2.2821001490279422	3.5691016617717177	14.937346099882115
2.3146779699011355	3.6353444478567507	14.858768826455364
2.3481101494691488	3.7029698877678894	14.781407446346199
2.382396688893178	3.7719780756134433	14.705262348334934
2.418077176855682	3.843548707059579	14.631046848583873
2.454142044171609	3.9154566024119855	14.55742155424615
2.4911174366245583	3.9888731562271738	14.485096866722989
2.529003355017286	4.0637984335639095	14.414073244308575
2.5678946020928737	4.140429796776243	14.344495785064165
2.607664775714745	4.218504219316273	14.276172160037264
2.6484086929380894	4.298219435918308	14.20925138927176
2.690126354110399	4.379575474744594	14.143734012545874
2.738008636640112	4.472734952968964	14.086825931212012
2.781865329667118	4.5576161268813955	14.024313056588642
2.8267655221359145	4.644279396494941	13.963329926047324
2.8727092137850425	4.732724740619848	13.90387717622166
2.9198120456558847	4.8231661593824375	13.846164866924951
2.967919828490008	4.915318221763929	13.789914493444622
3.017148189443431	5.009394513218125	13.73534154921042
3.0674971274911154	5.105394950671575	13.682446781541918
3.1197658545222335	5.204724413543689	13.632728209061696
3.172452158432953	5.304730497822141	13.583368360109928
3.226342419995864	5.406805716936361	13.53586220034183
3.2814366371940817	5.510949907429355	13.49021060467418
3.3378687911530225	5.617382987564049	13.44671002199881
3.395460234669578	5.725811270830616	13.404967346540802
3.454344888445864	5.836452962204171	13.365286461730083
3.514522749188542	5.9493077947785675	13.327668387724781
4.033379292577648	6.869344415287636	13.986984887123768
4.1049105602055995	6.994613758087533	13.964349966666193
4.177811411732507	7.122328283429294	13.944454865216272
4.252081839103705	7.252487338528461	13.927300898511108
4.327881090821829	7.385211559259559	13.9133658966468
4.404996814674085	7.520338405914019	13.902015968529238
4.483588042610909	7.6579824597971555	13.89373994243949
4.563654763931005	7.798142853630452	13.888539310992268
4.646163260481452	7.94142904689352	13.88969896435728
4.7292755005177884	8.086668552819383	13.891022401572286
4.813964596804876	8.234466805287017	13.89580292594203
4.900230535342562	8.384822669664267	13.904042210446866
4.9882144277687495	8.53775790275818	13.916363424486981
5.077728089362184	8.693240588376494	13.931939726023971
5.1689122609686295	8.851282139824695	13.951408056922778
5.26176692454074	9.011881094468684	13.974770265195003
5.362488084423831	9.175744655640772	14.030903081846418
5.458633205404362	9.34124295436694	14.062485027376187
5.55652965851161	9.509231460986639	14.098444589042767
5.6561774208641955	9.679708321095024	14.138783763147337
5.757673847886409	9.852506569785954	14.184277498585402
5.860889074373316	10.027844128591358	14.233897290899268
5.965919858439101	10.205537405985623	14.288434123630093
6.07276617145386	10.385584081679122	14.347890108218897
6.181809561403466	10.566301996821215	14.417307181141735
6.292285930100172	10.75079412079718	14.487127846295314
6.4046182930438675	10.937407338922053	14.56245043734513
6.518806615007493	11.126138796244248	14.643277114468757
6.634865545946902	11.31650734866086	14.730508170522397
6.752775464444632	11.509147378157754	14.822948232512411
6.872550115508989	11.703552610625026	14.92151420737487
6.994189456525378	11.899719592393554	15.026208208344032
7.109024436427701	11.966427433306345	15.366260588709462
7.231303008632384	12.161599438542385	15.479645447755559
7.3553874317564105	12.357957873741642	15.59961029325318
7.4812776578619715	12.555498853819183	15.726156962769334
7.608841466935662	12.753311191495717	15.860172549620671
7.738255034331465	12.952600240144566	16.00047829185029
7.869384934091924	13.15242142816109	16.147974107104414
8.002231110782905	13.352770262926466	16.302661491475224
8.135324841569346	13.546605582573266	16.46945428907295
8.271337583252857	13.747097881485532	16.63889052671466
8.408914406878193	13.947272606155405	16.816077563513307
8.548055250258003	14.147124716653957	17.001016351064134
8.688419124438752	14.345145839269414	17.19441487892297
8.83046053175571	14.543335014502642	17.395330768792302
8.973836964030363	14.740141997926157	17.604476015951256
9.118548353834223	14.935561324846976	17.821850798293855
9.242224639542759	15.056725368723802	18.066244696782285
9.388066341448045	15.247358627700859	18.297779215034478
9.534935883627357	15.435364533674393	18.53778897004237
9.682833197301962	15.620737512522114	18.786273173666828
9.831134040942734	15.801339549712475	19.043421984455858
9.980670577118914	15.980008407190157	19.30897904338611
10.130816961388348	16.154562215120016	19.58312300668679
10.281573126784842	16.32499554627544	19.86585189315936
10.42789978994197	16.47671225280382	20.155590899197538
10.579152565680548	16.637258589882737	20.45483919222586
10.730490947252207	16.79202309979503	20.762478301668988
10.881914875333097	16.941000974682588	21.078504942028612
11.03245998225666	17.081542802864362	21.40214263491023
11.183411964463625	17.217170831331412	21.73441790371073
11.333805205078038	17.345202039634888	22.074522542598302
11.483639659298976	17.465632796916697	22.422451963632312
10.261031170533965	15.21393897966524	21.185028438111
10.384915828964177	15.348265451066315	21.437191255779585
10.508931209030443	15.477512590300183	21.69578076245738
10.633077272737617	15.601677318077908	21.960794626712527
10.756520456823198	15.71888258410214	22.23151793246221
10.880372098442317	15.83162459575292	22.508897768422266
11.003797844964266	15.93800511054184	22.79219721482255
11.126797668750385	16.038021888513498	23.08141313783706
11.24343830591388	16.120038625704403	23.36925894370672
11.364845431971288	16.20619026557243	23.669080437779314
11.485206795531772	16.284697979686527	23.973997026126895
11.604522383669316	16.355560720467363	24.284004949897522
11.721762373667318	16.416937630248444	24.59742399579438
11.838299847590712	16.471281979125663	24.91648532941709
11.95310487218944	16.516750680294084	25.239477402443775
12.066177453226233	16.553344200789795	25.566396121418677
12.127176578133689	16.510159558648336	25.803086398499737
12.235592788464391	16.53070655520452	26.132889728185074
12.341628610672958	16.541474158957058	26.465190678057038
12.445284069816763	16.54246440066275	26.79998531078996
12.545443423159774	16.532426834740686	27.134654178711628
12.643594404298304	16.513034931167137	27.472681086072157
12.73862208595819	16.483061494619502	27.811417793766232
12.830526514550275	16.44251028643092	28.150860956365953
12.912462456049553	16.386684133883	28.47240340682755
12.997438071206139	16.32502773908338	28.810991354318247
13.078570969102408	16.252366882080647	29.14826701522451
13.15586121496273	16.168706848936147	29.48422818532726
13.228283003972233	16.073967872595226	29.815603829930676
13.297204240839907	15.968269677855995	30.146751474742143
13.361600807072314	15.851579258099212	30.4743896346737
13.421472781692012	15.723903017650745	30.798517746378103
13.205700005060468	15.618538332017541	30.194171965227696
13.263804838613169	15.501925676483753	30.506498860500663
13.317400178008402	15.37504142495666	30.814626551598288
13.366486097777678	15.237891617788131	31.118555221430068
13.410284856118666	15.09140795128246	31.415206899161223
13.44983361888415	14.93436249095107	31.70868746456726
13.484356422430858	14.76773566837066	31.99592834538731
13.513853342966824	14.59153365976567	32.27693153964178
13.53486216572931	14.41546707376729	32.53378265256043
13.554203178598186	14.221735586502447	32.80069790315395
13.568144438295002	14.019567187433822	33.05953012602712
13.576686013791699	13.808967466341999	33.31028305536356
13.579502417778626	13.592196641217694	33.55052895181333
13.577027782370847	13.366253166549601	33.78351477403703
13.568938079886347	13.133436482807161	34.00684903207168
13.555233363557019	12.893750904130039	34.220536890613495
13.533385161157158	12.759879341864437	34.32938877640811
13.511227289766877	12.511122400369958	34.52691467655119
13.48341866086876	12.25715838290631	34.71377022730901
13.449959308290813	11.997990031039901	34.889961376752915
13.411056959065347	11.7366447746012	35.054297649553725
13.366434701977722	11.469090754161607	35.208380531012644
13.31630078824001	11.198368565380802	35.35106844458914
13.260655226528058	10.924478911386643	35.48236756914256
13.202644113833268	10.666909093806288	35.599084485529296
13.136635543269685	10.388762514726707	35.70796505373356
13.065428700614808	10.109509716632022	35.80523282555385
12.989023569892094	9.82914940471536	35.890893496642434
12.90814865710214	9.550714986432075	35.96525787563024
12.821832564822762	9.270157372892347	36.02792399059888
12.730803181663696	8.990492018566595	36.079243700200465
12.635060470206994	8.71171589094464	36.11922157681975
13.192941645130954	11.906950128318892	34.37977382755443
13.158219113536424	11.664870828968157	34.538180429630316
13.118354248792153	11.419198804741303	34.68638506883193
13.07334706625081	11.169935299884026	34.82439301977144
13.023550909436482	10.919852849474534	34.95155447426786
12.968494671401345	10.665256178688983	35.06874808099833
12.908531822382004	10.408920274882933	35.1753656585039
12.843662356246078	10.150844641062179	35.271412286596004
12.77763268378647	9.908236210698616	35.356513955937004
12.703616229188285	9.648419397155447	35.43197757999004
12.625071940413404	9.38866151070441	35.49692084544283
12.541999792042086	9.12896049122079	35.55134809599577
12.455176266873629	8.871875366093098	35.59587254337283
12.363565981553487	8.613988186179654	35.629685781424456
12.26794464641587	8.357836067555287	35.65343093758994
12.168312220805163	8.103415715315165	35.667111179765485
12.107182328649145	7.961372892955263	35.710442381266674
12.00176583823901	7.709588927197962	35.70852829771837
11.892855826493458	7.460860727540904	35.697200591739204
11.780452243884671	7.215184280038149	35.67646120672297
11.665577492824639	6.974402409204102	35.64778514777445
11.546868250196306	6.736048298391142	35.609209049820386
11.42534569846726	6.5019311056878815	35.562217258736986
11.301009784218769	6.272046501812372	35.50681025021099
11.18059148907918	6.055364648947131	35.45379493495251
11.051386114775774	5.834462689278324	35.382938525997076
10.920069613578699	5.618654379277397	35.30480006263121
10.786641933849081	5.407935533909609	35.21937869158846
10.652173095653112	5.203183388295038	35.12851630813062
10.515236289693368	5.003218904533929	35.0297541119407
10.376900379860407	4.8088878684453515	34.92492245577685
10.237165320910433	4.620186613278946	34.814019397185675
10.440943620263493	4.843132591771773	35.25749558262884
10.300352596594157	4.644657332286053	35.14588999793322
10.15849660377961	4.452174571615694	35.02853444582612
10.015375597650435	4.26568073008231	34.90542661553694
9.872038405227903	4.085448334849792	34.77844109488664
9.727086495810209	3.9111063436260314	34.64507240696902
9.581567763313785	3.742902140475443	34.50717355377378
9.435482174121262	3.5808330009026346	34.36474152289606
9.29477105784904	3.4245133868569164	34.22905935738238
9.148052634017535	3.2743407202882415	34.078680001298665
9.00139740408939	3.1302146453893194	33.92488400450667
8.85480534583123	2.992133360271993	33.767668000542955
8.709111126008072	2.8596879162453277	33.60857794833512
8.563201813010007	2.7334201265645626	33.44554464126602
8.417911668032525	2.612910408651623	33.28008678046586
8.27324067997274	2.4981578626811642	33.11220095283456
8.163205589343693	2.3660238067224206	33.01515287018994
8.018842490159518	2.260584937349354	32.84252482921148
7.875560188099562	2.1605584453731765	32.66828014793287
7.733358681556556	2.065944200533834	32.49241552440124
7.592819974728173	1.9759762814144963	32.31604498270791
7.4531680653571994	1.891676187233203	32.137675724906465
7.314985010300135	1.8122798200932069	31.958396711920287
7.178270816240382	1.7377877216460746	31.778204981760236
7.045810738933052	1.6628602018931398	31.60308664352046
6.912164816256556	1.5975246210154594	31.421553163617457
6.780290410711504	1.5365501159981267	31.23967217232046
6.650187535322894	1.4799377424428386	31.05744112656899
6.522185450584939	1.4268345930887332	30.87555214432362
6.395845176780363	1.378380655410006	30.693076851682793
6.271496331781856	1.333733046009118	30.510688911895667
6.14913893306425	1.292893181121057	30.3283862356529
7.2595838322204544	1.1247735814370499	33.18653516861409
7.10702996109732	1.0307764905371586	32.985437152315434
6.9560402150344105	0.9423863712092198	32.783757782117576
6.806614604931404	0.859604106809675	32.58149338663626
6.659278958338474	0.7813473933320525	32.379609462374155
6.513332203784733	0.7090618904754699	32.1768105845934
6.369300508780834	0.6416749702685562	31.974035192435323
6.227183891715668	0.5791881230256364	31.771280179832104
6.089281990739525	0.5145972166518717	31.573483187465
5.951050918890668	0.4611300281795751	31.37112697674107
5.814988585996234	0.41186526185116445	31.169243354094856
5.681095015468141	0.3668048150684071	30.967829797935362
5.549611578795875	0.32491489463047696	30.767400891807664
5.420216504490624	0.28757852427342684	30.56726512460663
5.293151749815505	0.253778140030656	30.367919263523902
5.168417341017357	0.22351586905823614	30.16936134967962
5.052391516784697	0.14513273868254029	29.996511208442683
4.930994482714792	0.12111591322901909	29.798965389315395
4.812043212051112	0.10004931956787377	29.602439726081133
4.6955377327059695	0.08193521983217228	29.40693272859552
4.581509039627452	0.065906418837133	29.212665402615638
4.469915871310314	0.05312445217949109	29.019339972818386
4.3607898828110825	0.04274027123541746	28.827167354603677
4.254131101908204	0.034756127288861176	28.6361464867675
4.149611947400141	0.024078926348355623	28.447201469039562
4.047757159472236	0.02039771994746382	28.258514940063808
3.9483423119579903	0.01863450083211493	28.071054991202153
3.8513674316580087	0.01879144103799063	27.88482090453263
3.756727289802106	0.02021860429588518	27.699866846589106
3.6645622526378334	0.02378753388005655	27.51611915674145
3.5747677094310832	0.02886522352213028	27.33362742231932
3.4873436853960187	0.03545371668562212	27.1523911910827
3.3521585020072786	-0.28700062896472733	27.052559069597187
3.2624662710524697	-0.2777240267068713	26.870580808172008
3.175214907540192	-0.26728666014412195	26.689949442168007
3.0904044372760677	-0.25568643787850437	26.510664696467686
3.0078287746763936	-0.24341777634916095	26.332683077216686
2.9277627586873556	-0.22981673946094697	26.156062077982877
2.8500008894741167	-0.2153617317917016	25.980756722434112
2.7745431904243594	-0.20005085790375324	25.806766893468755
2.6999421751977777	-0.18667141606340998	25.63371619980601
2.628913523297741	-0.16990969544769596	25.462302649665236
2.560039770602698	-0.15253977791817608	25.29216308325563
2.493320938100678	-0.13455996251524274	25.123297489200244
2.4285213886807995	-0.11628490972574479	24.955634767657912
2.365955352162681	-0.0972912627389425	24.789269753953132
2.305387664242612	-0.07788077020186002	24.624131585957397
2.2468183435939064	-0.05805191874942178	24.460220318487462
2.178262199964638	-0.055308430425020205	24.29395406167528
2.12339486410066	-0.03485052120818638	24.132379271158015
2.0703702109085285	-0.014127076897223922	23.97198500527463
2.0191882569286554	0.006863243013574392	23.812771357446163
1.9696153313741156	0.027939229477984995	23.6546656889318
1.921963032189927	0.04934548474967235	23.497765087774752
1.8759980595018975	0.0709109234881673	23.34199777955283
1.831720427853496	0.09263672435835796	23.187363875550435
1.7877039946437823	0.11353116943053987	23.033413369219957
1.7466598342823416	0.13548267871368763	22.880999178335305
1.7071533994348023	0.15751930435337247	22.72967388875854
1.6691847028339026	0.17964207826514242	22.57943761665772
1.6325423183997922	0.20176424696136674	22.430227052451382
1.5975081759072356	0.22400377814541664	22.282126879009603
1.5638711340571059	0.2462816889746522	22.13507473558954
1.5316312039651119	0.26859888031358164	21.989070735355476
0.6174744872752229	-1.5549467355399207	21.996719875744954
0.5640221285036519	-1.5421118515769259	21.848364290760784
0.5121700787912373	-1.5299161136083823	21.701204628234816
0.46191835187933644	-1.5183584079760128	21.555241085484493
0.4129434174546516	-1.5075205618331058	21.410369870072333
0.36567667942631504	-1.4972910281698237	21.266729807138884
0.31979491021687156	-1.4877433861979306	21.124218573508518
0.2752981213352794	-1.4788767031822752	20.982836335744487
0.2302989091008576	-1.4711783323018581	20.842003449204967
0.18840192203821984	-1.4637347107112941	20.702829467100468
0.14769045237323342	-1.4569992412101307	20.564727038728847
0.10816450968368516	-1.4509711475735751	20.42769630169882
0.06955214557923162	-1.4456850724924424	20.291662332085696
0.0322159788586298	-1.4410931282427981	20.156725328291227
-0.004115728670930352	-1.437224232873854	20.02281137166616
-0.03944296907887663	-1.4340777436581829	19.889920574811008
-0.0864033420218755	-1.4353189436629368	19.754506217381845
-0.11967391110927567	-1.433876827409224	19.62368748607637
-0.15211608431550872	-1.433164827545447	19.49384982070583
-0.1837298552015928	-1.4331824222290377	19.3649933118233
-0.2147383936876608	-1.4339442727331164	19.237064661102536
-0.24484412587354593	-1.4354296955342187	19.110135130604323
-0.2742700811785159	-1.4376495276905628	18.984152082605465
-0.3030162543595702	-1.4406033442869797	18.85911559202578
-0.3323657406908329	-1.4444353152116438	18.73473186392445
-0.35986419886612286	-1.4488887201230243	18.611564227925076
-0.38681886378275365	-1.4540796169889347	18.489313743210054
-0.41322973122735385	-1.4600076643397863	18.367980473308666
-0.43928028878180925	-1.466685035472726	18.24752654441441
-0.4647258772464501	-1.4740947625928078	18.12800259655419
-0.48974989308923433	-1.482246541399694	18.009371230757587
-0.5143523329676195	-1.4911401009994916	17.89163250337224
-0.6180774214232874	-1.536245398563465	17.758124034958467
-0.6408882043714228	-1.5485927669624104	17.642612995366434
-0.6634619960492167	-1.5616816616584401	17.527974831128315
-0.6857987942908531	-1.5755119071245915	17.414209593031128
-0.7080395896932776	-1.5901107037794313	17.30129483187227
-0.7299963902217559	-1.6054414138523994	17.18926059974834
-0.7518101407468736	-1.62152999761014	17.078084854806104
-0.7734808396682226	-1.6383763253487869	16.96776765007549
-0.7958350757129797	-1.656227376581061	16.85819621821509
-0.8172948063470874	-1.6746310448252515	16.74958881180443
-0.8386990427730447	-1.6938142844751116	16.641829166773448
-0.8600477838755715	-1.7137770051435808	16.534917341377056
-0.8814623349479698	-1.7345629646501441	16.428841833568573
-0.9027809533448635	-1.756113636536833	16.32361812161899
-0.9241249219097258	-1.7784721729855804	16.21923519185501
-0.9454942399348103	-1.8016385166376285	16.115693110735798
-0.9726947771816992	-1.8285948292482068	16.01255105223799
-0.9941248113189117	-1.8535762640913094	15.910723179558284
-1.0156619516466252	-1.87940002300014	15.809733480039275
-1.0373061978293503	-1.9060660787852437	15.709582031743263
-1.0591656458446552	-1.9336400502070603	15.61026962007
-1.0810961671842407	-1.962034401966278	15.511795391576673
-1.103205852594062	-1.9913146162591628	15.414160800855727
-1.1254947020230108	-2.0214806889436954	15.317365940661091
-1.1486279825223438	-2.053033622224209	15.221450514692789
-1.171341710046672	-2.08503987922774	15.12634441383466
-1.1943048184643548	-2.1179837438111697	15.032084305547151
-1.2175173079617951	-2.151865231081347	14.938670300969113
-1.241081750699994	-2.186774778085324	14.846118005903671
-1.2648613843986958	-2.2225918508077473	14.754406889861512
-1.288958787388168	-2.2594070597425038	14.663553518222598
-1.3133739600445735	-2.297220435375343	14.573558024585916
-1.9486104588185196	-2.985570551645229	14.585269636047292
-1.9749213252542448	-3.043995410682328	14.503140427409958
-2.002043591512084	-3.103591631414041	14.422055889935042
-2.0299772593131404	-3.164359353325785	14.34201632329235
-2.0587825538875073	-3.226483777251593	14.263104648651563
-2.0883791787377963	-3.289718277476522	14.185211046631395
-2.1188273970271254	-3.354249084664554	14.108421006740274
-2.1501272102125384	-3.4200763169007904	14.032734882020552
-2.182746045781279	-3.488437560864881	13.958763022082545
-2.2158136892533253	-3.5569976587380934	13.885359922954965
-2.2497813718873783	-3.6269868316104965	13.813133391173254
-2.2846490948256313	-3.698405172050304	13.742083843644245
-2.320502299699326	-3.7714605867847872	13.67233714644032
-2.3572270666995228	-3.8458760585989986	13.603726511938651
-2.394908860492367	-3.921860109365122	13.536381380595133
-2.433547681833893	-3.999412800355364	13.470302245031386
-2.4779659991502765	-4.089248370873953	13.411758867923785
-2.518727810535943	-4.1701950010701925	13.348389199691132
-2.5605111317107827	-4.2528613265101285	13.286396833292505
-2.6033159629182996	-4.337247366928382	13.225782352645302
-2.6472528918370983	-4.423582087371685	13.16673139380552
-2.692174468305887	-4.511560207339083	13.108997889630672
-2.7381912793466165	-4.601410645967647	13.052772475207181
-2.7853033245685657	-4.693133371591683	12.998055839863666
-2.834292536051085	-4.788247493006377	12.946181247408587
-2.883692071916919	-4.883887054399113	12.89464234174801
-2.9342683020093476	-4.98155710150089	12.844769000082717
-2.98602122511053	-5.08125753561267	12.796562034961253
-3.039084329909432	-5.183231941577361	12.750287933867934
-3.093279627811895	-5.287155241723135	12.705593391399432
-3.1487405680019034	-5.393269890363339	12.662751829130704
-3.2054671481895625	-5.501575701915188	12.621764201981252
-3.321301419375529	-5.717967892706302	12.671312445882343
-3.381853784717129	-5.8320573791248185	12.635369555743885
-3.443769170714134	-5.948523763907101	12.601556351939458
-3.507047573342341	-6.067366720914595	12.56987397574546
-3.571844861185334	-6.188820307230774	12.540707463449634
-3.6379531986155547	-6.312571567458772	12.51354624821846
-3.7055283405733626	-6.438851360505595	12.48878504515432
-3.774570281166935	-6.567659208872761	12.466425182146246
-3.8461118489606747	-6.700454044001592	12.449173656814143
-3.918204579288597	-6.834472578526724	12.431933122172435
-3.991871939543378	-6.971159992723276	12.417410690027058
-4.067113921434693	-7.1105156147078885	12.405607895327881
-4.144095957249299	-7.252734097402769	12.397053086524842
-4.2225974488715465	-7.397554142218295	12.391045564791035
-4.30278360259728	-7.545164072683159	12.38812658121366
-4.384654407093374	-7.6955629703125	12.388297895247549
-4.476432374897976	-7.858617005333942	12.416813172206403
-4.561823455900842	-8.014705832835462	12.423683017182055
-4.649008031688566	-8.173669901796883	12.434076085141932
-4.7379860870636135	-8.335507980544957	12.447994370050345
-4.828916280070284	-8.500311141125739	12.466142423645827
-4.921587027433366	-8.667954775900622	12.487585693716188
-5.016156581163177	-8.838518617313532	12.513045259551074
-5.1126249213035395	-9.012001048030704	12.542523352032578
-5.211913875188518	-9.18861450262656	12.58080754636632
-5.312262688095039	-9.367909845353033	12.618856441325883
-5.414606712871251	-9.550106512015693	12.661481816659101
-5.518945923741405	-9.735202413637717	12.708686124812038
-5.62540408681207	-9.923084314337014	12.761370051683281
-5.733816114905485	-10.113897870491675	12.818338566199632
-5.844305096184316	-10.307510955756358	12.880512229559951
-5.956870997871695	-10.503920913753557	12.947893679212289
-6.384144217434022	-10.89466967899988	14.42596328908613
-6.497802985627125	-11.085011004551928	14.506454053299159
-6.613379565114702	-11.277342489535862	14.592749126758552
-6.73087391703113	-11.471660984115694	14.684850719582814
-6.850269125355711	-11.667401019896708	14.783693128010187
-6.9715876477636	-11.865308691895207	14.888035716200566
-7.094811572839635	-12.06479090273044	14.998829555106237
-7.219940853872636	-12.265843866728623	15.116076754575607
-7.3464041965099085	-12.46380380371378	15.24544505096495
-7.475202382110543	-12.66735991681171	15.376119875138968
-7.605847114693301	-12.871907404851186	15.513898942538326
-7.7383383394080765	-13.077441822545111	15.658784104164827
-7.872501910502038	-13.2828795761963	15.81170452461529
-8.008569887754483	-13.489654552261083	15.971425287032408
-8.146366751587255	-13.696645150883747	16.138887980557392
-8.285892439165059	-13.9038462796236	16.314093999342862
-8.41379234199043	-14.05712367802553	16.530333448926996
-8.555596493792274	-14.262875410090492	16.719771336799337
-8.698940760982781	-14.46785838566229	16.917455854552163
-8.843825074793452	-14.672067031447813	17.123387707199754
-8.989836861309545	-14.873771729582703	17.338237896874887
-9.137526054614057	-15.075265307868504	17.561112650071056
-9.286478413383817	-15.274772247368293	17.792684312232257
-9.436693864298512	-15.472286605890542	18.032952648120485
-9.584558126604495	-15.655363814296411	18.284209654064636
-9.736742158372012	-15.847396669642626	18.54175361448423
-9.889813756748289	-16.035990580028102	18.808243388146874
-10.043772847770574	-16.22113955119551	19.083677557499545
-10.19788557070837	-16.40041724060489	19.368075966729602
-10.353130237180924	-16.57704504641015	19.661407709824857
-10.508771290266987	-16.748550338666963	19.963675336765824
-10.664808660646715	-16.91492749939898	20.27487604723639
-10.549355576612154	-16.457621224977974	20.431344613378183
-10.697078293224447	-16.613170115189227	20.733124805624502
-10.844843385742704	-16.762631182002227	21.04302383248692
-10.99265079871953	-16.905999931723187	21.361038294630646
-11.139501537188012	-17.04068699686501	21.686291907694947
-11.28672747711228	-17.170135358883975	22.019944053761712
-11.433328474703915	-17.291724829105835	22.361086102798346
-11.579304489917583	-17.405452162085375	22.709713419570377
-11.717325674904597	-17.495224715340022	23.056365072869024
-11.86110170222344	-17.591650256506508	23.418316158280778
-12.003488597479203	-17.67844111865351	23.786674509449607
-12.144486343213925	-17.755595886913696	24.161434529702344
-12.282796280637218	-17.820568137819265	24.540339364356367
-12.420149937918353	-17.876751734261877	24.926384573109907
-12.555248547945784	-17.921598535184444	25.317266691867903
-12.688092122439041	-17.955109490387876	25.71297963691456
-12.754930217639297	-17.880640749900518	25.986333379058415
-12.881587028778691	-17.894028876255977	26.384754862132272
-13.005176904228023	-17.894873432740532	26.78605567401686
-13.125699885558689	-17.883177788478072	27.190230070065446
-13.241724457931298	-17.857286702993893	27.593681626035565
-13.355159433010014	-17.819417311274155	28.00119289195122
-13.464574624055789	-17.767952156869107	28.409126264791738
-13.569970105651112	-17.702897284262544	28.81747706428726
-13.662597759749929	-17.618585804611378	29.200719509772835
-13.759087665177994	-17.526563960972215	29.60680118583804
-13.850639108946751	-17.42046761788624	30.010530336343127
-13.937252193670675	-17.30030509166895	30.411904251716738
-14.017628651208938	-17.166188014312137	30.806459648588035
-14.09349976306516	-17.017988397136232	31.200143432155574
-14.163569883716107	-16.855890455668813	31.58848266271356
-14.227839134489551	-16.67990402283154	31.971477391736144
-12.733687123734528	-16.164482699637812	27.504490574458824
-12.817983692515476	-16.13464568878961	27.835649037977507
-12.899241286212327	-16.094277006711632	28.166577283382566
-12.977459952673364	-16.04338053123314	28.497272635814866
-13.05155227019793	-15.98157784174009	28.824792117886037
-13.122968260269575	-15.909383701121001	29.153054384617242
-13.19062179966945	-15.826455925988796	29.47910038088413
-13.25451295227906	-15.732799693573018	29.80292864630856
-13.30856755089907	-15.629757713359403	30.105223759783996
-13.364438508909194	-15.515398567294081	30.42249446263973
-13.415904000533253	-15.390547881667395	30.73548970365984
-13.462964099589767	-15.255211639047676	31.04420962216407
-13.504796249700263	-15.110351976047326	31.345553206808606
-13.542497368163584	-14.95470026394911	31.643656965294426
-13.575246663976849	-14.789267037511351	31.935428978716782
-13.603044213032387	-14.61405844737334	32.22087121611177
-13.597977647303246	-14.491026240082334	32.366331762823854
-13.617683223561407	-14.301953158215724	32.63925558002433
-13.632087379429947	-14.10418314336447	32.90419254442635
-13.641190184344964	-13.897721822926549	33.16114620137436
-13.644613666560542	-13.684801639114134	33.4076317252188
-13.64286193933488	-13.462458234348604	33.64697178926924
-13.635558511442223	-13.232963884300432	33.876716517659
-13.622703437496849	-12.996323015143826	34.096870940757924
-13.603822380364374	-12.76925346374675	34.2952160854663
-13.580157252526424	-12.520468213738354	34.495478670651245
-13.550875022470152	-12.266377551708928	34.684959571471495
-13.515975723529404	-12.00698417917613	34.86366474569126
-13.47565015072962	-11.745355829440072	35.030402453303
-13.42964396764264	-11.477406806021031	35.18677589436088
-13.378148480772026	-11.206217653580666	35.3316423188971
-13.32116369820653	-10.931789027666294	35.46500792195319
-13.355068239328602	-11.478585154378571	35.17921181994919
-13.305431106032508	-11.208745937951495	35.32217120032267
-13.250361102530643	-10.936240861238943	35.453689979353896
-13.189858231489985	-10.661070140384238	35.57377423935281
-13.12446582395821	-10.386348231042223	35.68217774630184
-13.053459423986055	-10.107921346287565	35.77924256188378
-12.97738215707694	-9.828897150422168	35.86476862280308
-12.896234001641966	-9.549273893789364	35.93876135576621
-12.814987058970688	-9.287669457403105	36.00373025096525
-12.724497141673949	-9.008615091115267	36.05556822762884
-12.629442848422443	-8.730884720156066	36.09623158098912
-12.529824137920873	-8.454474997777881	36.125724523622715
-12.42660638302346	-8.182011762347082	36.14514697679908
-12.318502311066334	-7.909985073704933	36.1530409098204
-12.206476164112724	-7.640989105699333	36.15053327174531
-12.090527887410103	-7.3750194209516895	36.13762666801359
-12.021041493057275	-7.223699503639269	36.175736666763996
-11.899425250190273	-6.9620834832014244	36.14677911897261
-11.774501452943799	-6.704784292947302	36.10833486727652
-11.646270040518672	-6.451797005451312	36.060405004291916
-11.515898992351763	-6.204799912622743	36.00487428100983
-11.381830859761596	-5.961543721577663	35.9392308394556
-11.245232180821274	-5.723667171076151	35.865361125101394
-11.106102895099633	-5.491165363518446	35.7832645733821
-10.971856138535077	-5.271538247832789	35.70590247643612
-10.828451915695805	-5.050083030979008	35.60889409930381
-10.683293036816197	-4.834699068462367	35.50499699589759
-10.536379447610832	-4.625381960760011	35.39420922784986
-10.388855818811523	-4.4227145084198405	35.278606343544894
-10.23919580410464	-4.22591002642277	35.15541552558573
-10.088542898443066	-4.035519503397552	35.026692401978515
-9.936897057883748	-3.8515393780112537	34.89243402506577
-11.627833740468557	-6.813956442545191	36.62391801959173
-11.505765160582442	-6.548751714211796	36.57318070915
-11.380330129533291	-6.288584115041049	36.5133914134
-11.251528585443756	-6.033448630228192	36.44455097311092
-11.120630163731953	-5.784822059334525	36.36863732077632
-10.985941873346322	-5.540723679890931	36.28301370467935
-10.848731900866458	-5.302590602310705	36.18965753122721
-10.709000186567085	-5.0704179862023775	36.08856792115297
-10.57460735815797	-4.850392134478028	35.99304038168895
-10.43063013427393	-4.630293130425709	35.87801867368515
-10.28495623516864	-4.416714663941841	35.756631838708785
-10.137585608859768	-4.209652522155953	35.62887762871784
-9.989709110453138	-4.009485566628786	35.49683952154702
-9.839738820900724	-3.815699552182504	35.35773344673456
-9.688864486397737	-3.6286434072241125	35.21362076195411
-9.537086066512176	-3.4483138549716976	35.064498266941015
-9.436157997766738	-3.285592065889503	35.00908332247473
-9.282276598575349	-3.1155177898770927	34.8512061419665
-9.128164640959186	-2.9521783915028115	34.689481436766506
-8.973822096331757	-2.795571553995364	34.523905444413586
-8.820223409408468	-2.645280242025362	34.356250139267566
-8.666069264853375	-2.501855987284119	34.18414392995078
-8.512333573378633	-2.364867682129283	34.00932787390055
-8.359016319627443	-2.2343140819798983	33.831798047974154
-8.211258740918538	-2.106053344706325	33.661578547978
-8.059134808457081	-1.987690610973723	33.479516174114664
-7.907979703499944	-1.8753100526837159	33.2957072775522
-7.757793422531446	-1.7689113849106062	33.11014807106332
-7.609251114800223	-1.6676408039695536	32.92409197570455
-7.461452581520881	-1.572636732018769	32.73585920740625
-7.315072996208473	-1.4830464759903297	32.54667429584259
-7.170112365202684	-1.3988705496793163	32.35653381047808
-7.251580721767789	-1.11877077761853	32.72286328044236
-7.099179754807523	-1.0331650801826846	32.52479007055207
-6.948537491629843	-0.9529098999351753	32.326257429719114
-6.799653945533605	-0.8780063146722324	32.12726182898839
-6.6529910906228125	-0.8073830584969865	31.928703730187365
-6.507932998284505	-0.7424714731528443	31.72937478013263
-6.3649420311353175	-0.6822112725798313	31.53014964172287
-6.2240182091624785	-0.6266040766280663	31.33102537772479
-6.087112009062896	-0.5687904974319498	31.13657429964416
-5.950350976334211	-0.5217350359566911	30.937977530598435
-5.815873559511271	-0.478652806731497	30.739899190966664
-5.683679782911096	-0.43954578051153503	30.542336931295598
-5.553963614962388	-0.4034162126762997	30.34576171805261
-5.426466489894688	-0.3715991948824322	30.14954058874539
-5.301382977528872	-0.34311361963998355	29.9541280276821
-5.178713104463501	-0.3179616426098976	29.75952223534073
-5.062882089840585	-0.2461425959309098	29.58850580937777
-4.943777645473198	-0.2268884680301117	29.394961209217424
-4.827174778178323	-0.21040405991096733	29.20243448483404
-4.713073515780118	-0.1966916265622341	29.010924289027024
-4.601473230590087	-0.18492854033030337	28.82062798617628
-4.492374824164492	-0.17621687664803487	28.63127963538365
-4.385778323826122	-0.1697520033571971	28.44306755892892
-4.281683756980716	-0.16553614153598975	28.255990813591897
-4.179611424502434	-0.15875612465892708	28.07085990805565
-4.080382990507117	-0.15857042118901213	27.88607725412568
-3.983612703649559	-0.1601804347283542	27.702495485976574
-3.8893005901779705	-0.16358829254413507	27.52011397957712
-3.797323351914275	-0.16818593129168757	27.33897807801506
-3.7078454462790873	-0.17478895258448493	27.159026085507318
-3.620744179075536	-0.18280583321175392	26.980299432734835
-3.5360195748734076	-0.19223856441395393	26.80279773962318
-3.5379655813160635	1.7660886239686793	28.560933810411413
-3.407077976712219	1.7656709852036356	28.355993959986556
-3.279434395107044	1.7634818353985073	28.15298780316224
-3.1550348783571076	1.7595177823181571	27.95191453502682
-3.033627476196404	1.7546625726790013	27.752676210793066
-2.915548216443613	1.747730248773891	27.555401894239303
-2.800546096846327	1.739578644897188	27.359988855285927
-2.688621155082216	1.7302047074894469	27.166436673985437
-2.5778468113846955	1.7246001109115614	26.973940924379228
-2.471811689255293	1.7132456614634213	26.784002175969466
-2.368656951709781	1.701121253888208	26.595830547059844
-2.2683826322079734	1.6882241764596426	26.409425879003397
-2.170660050950998	1.6751350896008366	26.224631780965666
-2.07592752224714	1.6610737354196898	26.04165655893848
-1.9838571161384957	1.6466003075211448	25.86034329462248
-1.894448861987197	1.631712426272689	25.68069199577616
-1.7904537171844535	1.6478868827284465	25.49563658098209
-1.7057929764060842	1.632473878672315	25.319182592858255
-1.6235746653152097	1.6169409353068964	25.144292270211253
-1.5437988095778397	1.601285972549083	24.970965721869185
-1.466116939986068	1.5858678520210354	24.79904861506685
-1.3909937390435085	1.570203480702193	24.628747029805034
-1.3180813091469723	1.5546361299234075	24.459907746470865
-1.247379672459484	1.5391640034984777	24.292530922796246
-1.1767094673319116	1.5257889756959448	24.12570031652612
-1.1102037680527723	1.5106981441590424	23.961161095355305
-1.0456807706463689	1.4958691764853231	23.797991367322147
-0.9831404941351605	1.4813005310133605	23.63619130722286
-0.9222527863964158	1.4671987852642117	23.4756329368018
-0.8634578922717301	1.4532850977689884	23.316487302716173
-0.8064260815770705	1.4397545426856118	23.158627840443412
-0.7511573705546275	1.4266058036775386	23.002054721920622
-0.5570682467335271	1.5952450575757027	22.80012783189259
-0.5040890044137494	1.584282631701312	22.64661454719785
-0.45265526629531605	1.57386198964153	22.494331309702737
-0.4027670461709943	1.5639820135715357	22.343278284194252
-0.3541211964833666	1.5547527775412475	22.1933543760894
-0.3071219442973135	1.5460250587541244	22.044694746196136
-0.26146644648339157	1.5379006356026732	21.89719954525099
-0.2171547146519751	1.5303785671325507	21.75086891715658
-0.17239986914608307	1.524099409703215	21.605134674835604
-0.13061093352061698	1.5178547630374202	21.46108407818316
-0.08997717528284443	1.5122558541303697	21.31814127031149
-0.05049860413947937	1.5073018963084772	21.1763063734263
-0.011915541148802333	1.50304802428139	21.035504736155342
0.025425753846213837	1.499419002586834	20.89583616210712
0.06178474646462506	1.4964641553595577	20.757226900564422
0.09716142863767387	1.4941828286729628	20.61967705384081
0.14369394283195192	1.4971306431331488	20.479684693516912
0.1770852874655326	1.4964344959065905	20.344279902810147
0.20966258570230956	1.4964319180959293	20.209892339376474
0.241425830957745	1.4971223760620453	20.076522087452805
0.2725915892476407	1.498534491583242	19.94411516934542
0.3028710915466599	1.5006289403080295	19.812743740334046
0.3324807600388131	1.503430428718839	19.682354441208883
0.3614205893458466	1.5069385209389994	19.55294734295702
0.3909434764174673	1.5113704246239612	19.424224446026987
0.4186544029446341	1.5163284252967817	19.29675714700035
0.445828174308851	1.5220040993831652	19.170242091535627
0.47246478617508497	1.5283970955535167	19.04467934087841
0.49874438110897934	1.5355286965616486	18.92003022857819
0.5244267596622886	1.5433697667696218	18.79634644717844
0.5496919705722974	1.5519390372970006	18.673589790461364
0.574540010390838	1.561236228689517	18.55176031359255
1.642146909495596	2.81681674888501	18.4151626631806
1.6715403616609918	2.849648034500051	18.3045609537338
1.7010443219969045	2.8835747679258033	18.19504322950591
1.73065878958143	2.9185968744472626	18.086609625068498
1.7605279731752483	2.9547896812945034	17.979282697660427
1.790459592617483	2.9920526052029075	17.873032703823412
1.82059783855821	3.0304604850802437	17.76788334788555
1.8509427104642262	3.07001327771352	17.66383478829042
1.8823707756848294	3.1112690298383607	17.561090456687694
1.913214576958322	3.153185975119758	17.45927385974579
1.9443576021709876	3.1963045816837616	17.35858300650885
1.9757998510893675	3.2406248306098724	17.259018084919294
2.007674793814392	3.286243801316665	17.160627196855327
2.039804469854706	3.3330320256642985	17.063346673411306
2.072322345680318	3.3810864863041323	16.967226229557753
2.1052284212650707	3.4304071811163026	16.872266088783004
2.1450832843387726	3.4864869784236823	16.781025612685838
2.178828871459945	3.5385661685346834	16.688497660178523
2.213054014541001	3.5919841657235207	16.59717616210638
2.247758713688317	3.6467409786114238	16.507061385348507
2.283071438608902	3.7029581204710738	16.418234203165422
2.318820896641925	3.7604735964476466	16.330587447589828
2.355135560018959	3.8194089852790785	16.244204283393767
2.3920154288640183	3.879764297016003	16.159085027653948
2.430277346178537	3.94239257334016	16.075832126334138
2.4683741817432714	4.005692464446654	15.993316448743967
2.5071221806605215	4.070501411971887	15.91213548025695
2.5465213429684246	4.136819419006624	15.83228959694939
2.5867010664724304	4.20479158560846	15.75390206217473
2.627488820708878	4.2742244404634455	15.676809457641143
2.669014002186008	4.345263035659741	15.601138268448627
2.711276610736384	4.417907357627521	15.526888939313473
2.809781098145008	4.55581219210588	15.496583406750014
2.8538224935478507	4.633052880542224	15.426075329646004
2.8987149383592956	4.7120061409919245	15.35711823831314
2.9444584320494793	4.792671930512564	15.289712670779032
2.991183858360078	4.875215783950307	15.224043385600066
3.038716703975165	4.959416853614367	15.159865368734968
3.0871878344590997	5.0454401492381695	15.097367967667523
3.1365972487271425	5.133285582909636	15.036551813492093
3.187800393862926	5.2240542674390795	14.978735589906782
3.239181244172907	5.315670184481654	14.921439624328096
3.2915900781290355	5.409221120290672	14.865978681363057
3.3450268938843197	5.504706925178061	14.8123534984353
3.3996294172147663	5.602300592107975	14.760823669289039
3.4552140086554712	5.701771050720704	14.711044887073742
3.51191834015813	5.803289771878638	14.6632830026786
3.5697424088628478	5.90685652380359	14.617538873540385
3.6356813291981713	6.021436712783595	14.586512472508398
3.6958876967511256	6.12930723942076	14.545111541278555
3.7573085749729613	6.2393354294688255	14.50594517575181
3.8199439596622677	6.351520942427527	14.469014368496051
3.883936080174844	6.4660234674483235	14.434675561697505
3.949095286234006	6.582629183184522	14.402455935469552
4.015563690970735	6.70149451616032	14.372720292630211
4.083341288484324	6.822618988157267	14.345469773050944
4.1533327156665845	6.946955950164159	14.323183423052757
4.223824858858499	7.072693984818657	14.301189568232333
4.295720951872985	7.200779149335466	14.281969107952978
4.369020986657698	7.331210791118177	14.265523340684858
4.443864864786239	7.464100301786136	14.25232817648801
4.520066029920277	7.59929746479876	14.241752235568127
4.597764166712307	7.736907605692031	14.234282251236829
4.67695926442473	7.876929854245155	14.22991968816697
5.220034470000919	8.520199145982106	15.178429691804983
5.303289486921528	8.667212121569895	15.190244823297846
5.388150758045348	8.816359117741737	15.205802012138395
5.474618267416202	8.967638841341046	15.225102820714575
5.562763203609998	9.120966614954872	15.248762427289936
5.652490607944971	9.276452052978852	15.275964328664495
5.743871250420468	9.433998818057056	15.30733631687559
5.836905110886914	9.59360527718174	15.34288005640146
5.931894936712403	9.75427446079205	15.386617205907664
6.028241247517185	9.917832136852633	15.430928052890975
6.12627268203463	10.08330582269477	15.479875011710073
6.225989215293135	10.25069349451296	15.533459809604476
6.327408713713608	10.41968238406634	15.592404302391863
6.430507292756598	10.590684438665065	15.655750059731563
6.535302175118605	10.763369004083769	15.724232413746499
6.641793330388983	10.93773361571379	15.797853096491773
6.748888357935956	11.09722356463303	15.90750292934794
6.858378776765943	11.274124555797496	15.991397009134042
6.969544915804669	11.452356597842847	16.080929825723288
7.082386738984736	11.63191676771298	16.176103021211663
7.19682368456087	11.812152880785941	16.277681793700822
7.312963079047879	11.99392729182074	16.384649569740954
7.430723448451233	12.176562540663282	16.497783510406773
7.550104750586272	12.360055208488541	16.61708506746228
7.670128340263633	12.539291224595594	16.7469713347954
7.7925658827491375	12.723827085777263	16.878973343117327
7.916523044732501	12.908602666801565	17.017647141292894
8.04199977813584	13.093614071231235	17.162993849401182
8.168759842882988	13.27774600047143	17.31569121999391
8.297118109192995	13.462476073672462	17.474837806461068
8.42683715073727	13.646656247450643	17.641117900745556
8.55791691423463	13.830282203671283	17.814532125670432
8.584956649218054	13.701752905888565	18.11020682875687
8.713416552646844	13.879099887336325	18.286989175076908
8.84303507069793	14.055088638004838	18.470929449241314
8.973812150659791	14.229714885927264	18.662027706619803
9.105315257880013	14.40145064552041	18.860640413740448
9.238120980835582	14.572323149562967	19.066291786786888
9.371795528118547	14.740769902711198	19.279335272104824
9.506338845637815	14.906786521191998	19.499770152218517
9.638201940268523	15.05968739724369	19.72806357084606
9.773965797599711	15.219599612795713	19.963010162038092
9.910229200863224	15.375855911573568	20.20539277935267
10.04699209791154	15.52845206731938	20.455209799595814
10.1835652656036	15.675382545428876	20.712213186457237
10.32086755103571	15.819311902423436	20.9767290391585
10.458208564416529	15.958202891055624	21.2484921055134
10.595588259709459	16.09205178032282	21.527499770610493
10.694535734235169	16.131472251889473	21.783462839630246
10.83022289872657	16.25426683063131	22.07281005869719
10.96543977248902	16.37066166462354	22.368865293114407
11.100186320650684	16.480653927703475	22.671625066114824
11.233510547249775	16.582035810188888	22.97992098871671
11.366681711767013	16.677745509356967	23.29530208274897
11.498747163045671	16.7655579544207	23.616568858784014
11.629706882356816	16.845471627507347	23.94371703581435
11.752799991166333	16.904362621606587	24.26602461702948
11.880706021698185	16.967288629197466	24.603261566213234
12.006800803483706	17.020893366339024	24.945174279571678
12.131084338781974	17.065177016116554	25.29175800668641
12.252392159148863	17.098202510798913	25.640678532382417
12.372276914993165	17.122554699650514	25.99503696221279
12.489574449881797	17.13630612417735	26.352461323483944
12.604284790836777	17.139458974359165	26.71294687338222
11.211252008287087	15.404253782072745	24.156208200386562
11.315537650622252	15.470004311433634	24.428797809783404
11.418710546709683	15.528642725253418	24.70520672994123
11.520770693085211	15.580168742781249	24.98543197201426
11.620796184570892	15.62321088315739	25.267880736013666
11.720016232240926	15.659598125504825	25.554669638925954
11.817509004056904	15.687961627237662	25.84418166357096
11.913274511420951	15.708302312432751	26.13641371876704
12.001337886494067	15.713567337824164	26.419128252548756
12.092995264807815	15.717414034073041	26.715168154312465
12.182298676397096	15.712506667991558	27.012584110744083
12.269248148459726	15.69884744380695	27.311373278922847
12.352892298167818	15.67564218047033	27.60920857441897
12.434499712604438	15.643955997756867	27.90918660262616
12.513119812028076	15.60301736782574	28.20896040035903
12.588752638969456	15.552829737548743	28.508527762012807
12.6197733179683	15.473275567138922	28.694401541902334
12.689386810089223	15.408045935097807	28.990439762217413
12.755485169489956	15.33346117279468	29.28468504387926
12.818068449664104	15.249525615579717	29.577136126581735
12.87631131966541	15.156408537041685	29.86509963732118
12.931314353357237	15.053894985669817	30.1521648272048
12.982253569393343	14.942191536591631	30.435633891244144
13.029129029432827	14.821303186924062	30.715506858664046
13.067670518027414	14.695618993662258	30.975022155521582
13.106138791543904	14.557355306620964	31.246004052442
13.140088498228517	14.410462314569084	31.511628164587883
13.169519701617057	14.254945166719912	31.77189596257912
13.193910094381126	14.09215039989877	32.02429099620833
13.213956231471789	13.920294397668595	32.272173175480305
13.229137251648561	13.740763044406597	32.51304412691066
13.239453213356606	13.553561076758651	32.74690675703596
13.128200866615314	13.730223402780807	32.252917987686516
13.140867748526093	13.552756567244558	32.48493189564658
13.148728839546559	13.368279639042678	32.70965394787145
13.151784191558557	13.17679682290141	32.92708731993719
13.149813333090083	12.980279339096331	33.13529375119362
13.143110337006796	12.776107881978762	33.33686589031352
13.131455815111662	12.566282717932086	33.529895370606354
13.114849806104779	12.350806983377757	33.714386371016595
13.09347431873681	12.14399412233237	33.881046628740265
13.067266954135645	11.918997701396364	34.04796894966932
13.036114076991145	11.689914845953757	34.20545245089255
13.00001570874466	11.456747293703403	34.35350186843316
12.959216263484604	11.222049350054224	34.491258393664516
12.913389889612022	10.982418017992888	34.61987827092584
12.862781295017413	10.740414732669421	34.73854097375548
12.807390481694545	10.49603965566745	34.84725127628936
12.768351734405366	10.366087810093159	34.921049527370755
12.706017155261666	10.118755003552725	35.01403976342031
12.639152712414818	9.870595737044896	35.09695007298657
12.567758391234452	9.621608824861978	35.16978484292254
12.492482254933657	9.374303191135983	35.23282287999534
12.41246017092075	9.125329688639477	35.28570200083364
12.328339676503408	8.877182053395318	35.328732512989454
12.240120740905718	8.629857791192174	35.36191791763018
12.152944903119222	8.397734769202152	35.389979863470344
12.05725852462538	8.153322047246151	35.40444534038101
11.958002374810558	7.911196022185917	35.40961993435668
11.85517641151421	7.671353277150841	35.40550597542411
11.749707335033136	7.435702963792873	35.393323345107255
11.640359440588306	7.20169108690758	35.37144988086899
11.528058360452688	6.971197205810309	35.34111854473777
11.412804046446443	6.744217415801077	35.30233034773526
12.443924531189346	9.792616133271805	35.078244364727986
12.375477079312985	9.547958946822762	35.144157120126145
12.302738512193335	9.303480779502662	35.20044431493251
12.225708807927141	9.059179856178249	35.24710979206875
12.14513438629008	8.817332795367255	35.28468900972075
12.06001995794306	8.574899002231394	35.31247617900054
11.97111127575987	8.334136174927721	35.331033288342006
11.878408304578645	8.095041463788615	35.340363152706075
11.787441572978608	7.870287322530283	35.346396815064494
11.68787850498949	7.635579351490606	35.3383034711013
11.585092807317404	7.403817128610432	35.32165133986581
11.479084436572094	7.17499713735802	35.29644202964606
11.370810275597137	6.95072718952982	35.26400021470271
11.258994375918414	6.7288550521318715	35.22256236504728
11.144592556121161	6.510959184254388	35.17346071614326
11.027604769790655	6.297035824249975	35.116695621531875
10.954439212495126	6.15419950945522	35.11981259991651
10.833413248717953	5.946217656017467	35.05074102659879
10.710382242618973	5.74294057233516	34.97490689562564
10.585346148863952	5.544364584328218	34.89230951854419
10.459300809005189	5.35129211528737	34.8045945096732
10.330918332343447	5.16264500398756	34.709565281506165
10.201193542324887	4.979197965515147	34.60885782433805
10.070126398942026	4.800947757493044	34.50247049723668
9.943683024217137	4.630767181827942	34.400950272631064
9.810499858360387	4.4628660017232065	34.284351079823054
9.676602958002835	4.300403921717201	34.163138412205
9.541992290960676	4.143378333496677	34.0373099512965
9.407548666437304	3.9918432718621455	33.90843276896868
9.272097604545685	3.8457212105364094	33.77441165949199
9.136519251883726	3.705048409282814	33.636793355354335
9.00081358549452	3.569823007575624	33.495575142710926
9.15403433784826	3.5760655771159464	33.90449517754004
9.014640455437219	3.434927225177625	33.758657121579006
8.875341732161317	3.299436973801836	33.609611966687844
8.736138148447264	3.16959323668554	33.457356708395174
8.59780452107559	3.045020442963197	33.303303491066615
8.459307723533362	2.926216316879383	33.145562386082496
8.321422215800865	2.812795933381012	32.985521240637894
8.184147988132422	2.7047585026364938	32.8231770146627
8.05155518953836	2.598631197147373	32.66653724496729
7.915781702594004	2.50081562742764	32.5003050986508
7.781055609175458	2.408008460716161	32.33254454475616
7.6473769082273	2.320209611477174	32.1632526987932
7.51527841140304	2.2367311833725743	31.993440115014035
7.384049706858655	2.158490670896454	31.82175289400974
7.254223659970244	2.0848019802423785	31.649179694926033
7.125800276889125	2.0156656099393757	31.475717928638314
7.019011590886149	1.915958863220352	31.349374143700103
6.89232139042444	1.854549114318159	31.173848397736446
6.767322696415251	1.797248122519675	30.99794656250826
6.64401552066187	1.744056844413924	30.821666365390385
6.522708207533445	1.694200046871182	30.645657715284017
6.402989662256423	1.6487138906492624	30.469049101696385
6.285168552905624	1.6068322210245856	30.292473920847776
6.169244895315138	1.5685563212594675	30.115930299374998
6.056486966271358	1.5289667051938638	29.94277822059839
5.944367505302435	1.4973670137133028	29.766546002595415
5.8342869639009605	1.4688883896460165	29.590658717014275
5.726245360515458	1.443532328139211	29.415114874250897
5.62036375502369	1.4205926604401604	29.24028159964932
5.516480778553845	1.4010145350286787	29.06566622134418
5.414717943177224	1.3841042759813176	28.891625458058048
5.315075268730331	1.3698634909330742	28.718158172394862
5.962078529024314	0.5065954967191315	30.978683555392077
5.826910410927406	0.4629596850214576	30.780078409733594
5.6940671742714155	0.4231631708465393	30.582072707628864
5.563548844187066	0.3872079908955714	30.384664212396753
5.435524942128982	0.35410819774631097	30.18828699467317
5.309769499866283	0.32518328103284305	29.992357541512472
5.186452655415685	0.2994643311983527	29.797294303831478
5.065574435813221	0.27695353935830314	29.603095584355895
4.947511844580783	0.2517132819957819	29.411795094623823
4.831423544041603	0.2350184755420346	29.219440131033057
4.717822436077134	0.22096012841819412	29.028127450636145
4.6067085482211265	0.20954047207703208	28.837855816831773
4.498065730596867	0.19996742127294542	28.648800181317817
4.391915580173629	0.19330226031759573	28.460724724090884
4.288242593201116	0.18877064721610815	28.27379614052792
4.187046796613576	0.18637476483502147	28.088013573826984
4.084311660730522	0.14576444254491694	27.91186567299578
3.9871344580516412	0.14720312674220398	27.727979121596103
3.8924027706665627	0.15034618637039898	27.54530544660755
3.800116624548927	0.1551957264442538	27.363844083583295
3.7101425135730777	0.16116538238895473	27.183628569195516
3.6226585050408064	0.1690417661299236	27.004613075573737
3.537531689397301	0.17825484614525244	26.826827641386323
3.454762090853366	0.18880658458202035	26.65027193114754
3.3732593257554906	0.19734813355606917	26.47495616767938
3.295043928234797	0.2102604813287178	26.300831393776285
3.2190751481942312	0.22420613284385738	26.1279309094004
3.1453530078797107	0.23918689100576934	25.956254545423153
3.0736856041828813	0.2548066012346242	25.785772366676397
3.004328858082105	0.2715975354029878	25.616523997770738
2.9370913716096116	0.28917734714949184	25.448478695034545
2.8719731649536744	0.3075476726181435	25.281636405358352
2.725755931824184	0.08595490842829268	25.12745327972843
2.6608536546991273	0.10559908363769112	24.96122709839944
2.598025627082184	0.12578695306439247	24.79621486188356
2.537271868304732	0.14652008340590825	24.63241660395489
2.47836159024933	0.16753755406873072	24.469768514562332
2.4216025536876042	0.18919076691178333	24.30835579920273
2.366764405807035	0.211230688117638	24.1481151770793
2.3138471637912432	0.23365871032036625	23.98904673113959
2.2613965384389956	0.2550337997447887	23.830729607184217
2.212168423652549	0.2781024986014271	23.673957338259303
2.1647092888711947	0.30144172313054085	23.518315367282355
2.119019149286837	0.32505270454904733	23.36380380377398
2.0748774613368046	0.3487942139460891	23.21036058104966
2.032578317008552	0.3728573042524407	23.058068722420202
1.9919015135727047	0.39711004953617923	22.906867127151163
1.9528470644049325	0.4215535338187429	22.756755916044956
1.9047808697775117	0.4374348889381867	22.604495764033928
1.8688741585391337	0.4620935391966086	22.456495381001435
1.8344471387724373	0.4868869335551196	22.3095479986098
1.8014998221923844	0.5118160214443098	22.163653738709925
1.7698375704935856	0.536823976395735	22.018759722778476
1.7397199275136164	0.5619886820509392	21.8749367375356
1.7109525172504192	0.587260469946921	21.732132893587686
1.6835353499619305	0.61264017143069	21.590348308643275
1.656334860004318	0.6378458089967038	21.44926516487447
1.6315161851803426	0.6634124508088861	21.30948691446713
1.6079281743491192	0.6890782423375068	21.170697430512416
1.585570836475154	0.7148439101044769	21.032896823705105
1.5642827213281152	0.7407101406224026	20.89604304765782
1.5442791158406666	0.7666776360946939	20.76019241645751
1.5253987703878005	0.7927525571222649	20.625303759386036
1.5076416928050436	0.8189355387296822	20.491377179475265
0.6662019751881143	-0.5018241977264282	20.267068148345693
0.6375495774609292	-0.487884598025204	20.131673895280045
0.6099263781072342	-0.47431707954241276	19.99722979072194
0.5833323847303915	-0.4611210260691255	19.863735925669157
0.5575677725099686	-0.44829250113681596	19.73113403059753
0.5328989912688971	-0.43583539757877227	19.599501995356476
0.5091263841697637	-0.4237412008004906	19.468782216498532
0.48624995762532	-0.41200939108520235	19.338974767049006
0.463135404462538	-0.4006279279866174	19.209739797240083
0.4419552622567967	-0.38963049212690815	19.08172524515206
0.4215510475871369	-0.37898042899792017	18.954588881940758
0.4019227658379418	-0.36867730222620587	18.828330765167493
0.3829111150511122	-0.3586992850543762	18.702903896621013
0.36472850966060566	-0.3490745216263338	18.578371064037558
0.3472157664151361	-0.3397779506363108	18.454685684579598
0.3303728898273805	-0.3308092063576758	18.331847803128
0.3069476254053729	-0.32229203188720756	18.207562732200905
0.29152002595395105	-0.3141313003891388	18.086411735997746
0.27666001753170555	-0.3062751031395452	17.966079604556853
0.26236760385570396	-0.2987231388914036	17.846566371536653
0.2485196259928122	-0.2914474020066553	17.72783282794051
0.23528030399818403	-0.28448457328648064	17.609931324047782
0.22252656069630516	-0.27780441984344506	17.492822891032556
0.21025839918125055	-0.2714066909204874	17.376507554543405
0.19779002507322918	-0.2651504140088621	17.260751294383795
0.18643766351681498	-0.25931342605599944	17.14599964235414
0.17549797460834204	-0.25373707389986677	17.032016987731776
0.1649709609093126	-0.2484211499454055	16.918803349805557
0.15476183883206973	-0.2433376946155068	16.806324584459933
0.1449969920924751	-0.23852353358056777	16.694626257966373
0.1355816932978713	-0.23394917679145877	16.583674362613433
0.12651594456450566	-0.22961445273847633	16.473468912834473
0.07636897111191798	-0.23100342024374498	16.349401197819482
0.06881694563672557	-0.22830705253777245	16.240785659838473
0.061509764807162526	-0.22581502752746907	16.13289355610263
0.05444743008778408	-0.2235272265189959	16.025724894476532
0.04756672241999205	-0.22142465121069677	15.919249701180945
0.04095193706807932	-0.21953237445129492	15.813507957839873
0.03453988693688048	-0.21783052789644763	15.708469745986013
0.028330573218541835	-0.21631901492953887	15.60413507147249
0.02197356520907956	-0.21490913406138468	15.500321513012043
0.016141782943531722	-0.21377629005959994	15.397375943327457
0.010475435480107542	-0.21282158328302092	15.295114789234502
0.00497452377950102	-0.21204493587286938	15.193538055093942
-0.000409338576394358	-0.21143245510216246	15.092618101256997
-0.005611634284798103	-0.2110024961451648	14.992391789831933
-0.010680728922804139	-0.21074059935567124	14.892831511986367
-0.015616621721796908	-0.2106467024418059	14.793937271031544
-0.022610373648402682	-0.21040858869345502	14.694390529638081
-0.027248609281059974	-0.21071459387908914	14.596820280847243
-0.03178510060084472	-0.21117906041633905	14.499898246888636
-0.036219847016342045	-0.21180194037440436	14.403624430268696
-0.04058962634616625	-0.21257546453126785	14.307973125115897
-0.04484540023162156	-0.21350988914951938	14.212978611373122
-0.049023933799468455	-0.2145971001792022	14.118615201412641
-0.053125226591158835	-0.21583706045763265	14.024882897302998
-0.057355986112190394	-0.21720618266493208	13.93162441130571
-0.06131985218933909	-0.21875443441396428	13.839138723777223
-0.06522846553383799	-0.22045171534782604	13.7472675847532
-0.0690818258002095	-0.22229799746754372	13.656010996056734
-0.07290900748348106	-0.22429138344106825	13.565344912412929
-0.07667124386412143	-0.2264343441932353	13.475301398350801
-0.08039760218009784	-0.2287247857062331	13.385856422690857
-0.08408808218011393	-0.23116268761393424	13.297009987176814
-0.3312911510493306	-0.4108214188133834	13.130373054494173
-0.33339375169753216	-0.42216462442045866	13.043520867292777
-0.3357248000213917	-0.43363863681305403	12.957255547931426
-0.33828429686809	-0.44524352465033856	12.87157710737001
-0.34106077702088333	-0.45703116157399215	12.786465415920315
-0.3440695293475848	-0.4689325376976086	12.70194733952622
-0.34729910789418383	-0.48100005336982754	12.61800283943749
-0.35074951343142896	-0.49323377105540744	12.534631927640593
-0.35438891121796523	-0.5059640712963924	12.45171374798486
-0.35828493712242815	-0.5185643385123339	12.369478328575777
-0.3623980859254372	-0.531367209608157	12.287804025660607
-0.36672835833955314	-0.5443727423328555	12.206690852763009
-0.37127631531104344	-0.5576361514907777	12.126121195196493
-0.37604121053996625	-0.5710839493164485	12.046118572424758
-0.38102362139849344	-0.5847718004038347	11.966665484707923
-0.3862235485584657	-0.5986997592017801	11.887761947662202
-0.391905215586164	-0.6156129937578152	11.80857461558827
-0.397604177591203	-0.6300656704888936	11.73076792310171
-0.40352339687187966	-0.6448000565303342	11.653500238136731
-0.4096628740669355	-0.659816203648481	11.576771579072135
-0.41603429916227874	-0.675175259794079	11.500567302179542
-0.42262208698900655	-0.6907958142285747	11.424906978077711
-0.42943794247101197	-0.706739424551774	11.34977612122959
-0.43648186623305113	-0.7230061413965596	11.275174753471463
-0.443861786109633	-0.7400072479226818	11.201018913252422
-0.4513792912675412	-0.7569670652807521	11.127468998982973
-0.4591359307581646	-0.7742943716880744	11.054440222591953
-0.4671317052013815	-0.7919892173822474	10.981932610235274
-0.4753882977117567	-0.8101220119742782	10.909935198772809
-0.48387679891996804	-0.8285989935049225	10.838462671019803
-0.4926189066001756	-0.8474909740362531	10.767504290223876
-0.5016146213758726	-0.8667980040988013	10.697060087866626
-0.521222248875306	-0.916782501828382	10.62266176612452
-0.5312377457980592	-0.9373606636767731	10.55333324444321
-0.5415226456915923	-0.9584276460526802	10.484515844835581
-0.5520769491692316	-0.9799834986627243	10.41620960731732
-0.562935961589579	-1.0021116616767678	10.348409123397918
-0.5740526105922322	-1.0247009991356126	10.281121704632797
-0.5854622162166634	-1.0478353546788135	10.214342290141165
-0.5971647790984822	-1.0715147798189273	10.148070928507757
-0.6094195774090028	-1.0963207058422668	10.082288476978524
-0.6217417542599576	-1.1211603147661116	10.017033340024328
-0.6343838687088343	-1.1466070154451362	9.952285367581586
-0.6473459214158821	-1.1726608613887417	9.888044618775805
-0.6606737298966894	-1.1994229461626906	9.824312628918053
-0.6743062056946492	-1.2267586051136103	9.761087499188626
-0.6882891821441808	-1.2547693664997288	9.698371279057715
-0.7026226599313266	-1.2834552859208193	9.636164040511954
-0.7199032922380373	-1.318298020099201	9.574592763980501
-0.7350432318140215	-1.3485139619615343	9.513425217263212
-0.7505690489092238	-1.3794834218208152	9.45277219304483
-0.7664807442348464	-1.4112064573159069	9.392633779723505
-0.7828366944260892	-1.4438065743941104	9.333021488705535
-0.7995590656508501	-1.4771192347347988	9.273920193280409
-0.8167062515298067	-1.511268410710616	9.21534217410388
-0.83427825279673	-1.5462541617894663	9.15728753901135
-0.8526943134203862	-1.5829446810113756	9.09985827754286
-0.8711689773653807	-1.6197096558609647	9.042865084728055
-0.8901121436000894	-1.6574032847066151	8.986408556733997
-0.9095238128750033	-1.6960256283712958	8.93048882531134
-0.9294768754679623	-1.7357275991770154	8.875131546364063
-0.9498741461039153	-1.7763081235000262	8.820302842803914
-0.9707885328168011	-1.8179186004539218	8.76602951748091
-0.9922200363641843	-1.8605590914349595	8.712311731316031
-1.458536877632115	-2.7888435595524816	8.792246864300632
-1.4921538224553796	-2.8526910524698166	8.744223894632201
-1.5265484388076	-2.9182097449416418	8.697010569079422
-1.5617207270887963	-2.9853996693873053	8.650607292753596
-1.5978097719182642	-3.054502486118432	8.60512617113059
-1.6346301279258637	-3.1251960453237286	8.5604187466849
-1.6723208871568298	-3.1977222012101283	8.516600645790671
-1.7108820498116077	-3.272080970022565	8.473672362310047
-1.75127580791243	-3.3499784859754325	8.43246402391809
-1.791693719026066	-3.4282133559303487	8.391418436675124
-1.8330825142022071	-3.5084590056261415	8.351361812581349
-1.8754421933291405	-3.5907154260091745	8.312294753524306
-1.9189350916949746	-3.675273787985203	8.274390188582913
-1.9633447616419843	-3.7617458144929588	8.237419054497913
-2.0088335312414003	-3.8504224577274577	8.201559503429033
-2.055401399921707	-3.941303671370584	8.166812267320465
-2.111938154360958	-4.050445861991163	8.141891196788775
-2.1609591154236245	-4.146298602300588	8.109630153802344
-2.2111807303772064	-4.244572951220572	8.078638857161508
-2.2626029979634543	-4.34526880677717	8.048918201632945
-2.315416445285595	-4.44872670939551	8.020731345119769
-2.369367032554841	-4.5544923092705	7.993729650213925
-2.4246452479157163	-4.662905037396534	7.968184020233741
-2.481251089175019	-4.773964716027111	7.944095538878931
-2.5405029335652873	-4.890014753938047	7.923378804354255
-2.5999230395862374	-5.00665041267947	7.902437675096026
-2.660808265674204	-5.1261728741454675	7.883181133993715
-2.7231586083389816	-5.2485818554749075	7.865610490765012
-2.787195109228186	-5.374257258428893	7.850117071916187
-2.8526230366396	-5.502691776968042	7.83618237981697
-2.9196633324051193	-5.634262499163583	7.824209035321482
-2.988315991269075	-5.768968999073704	7.814198614646245
-3.1608693228088764	-6.088748988833064	7.940433837245586
-3.2349110956554576	-6.23365131554078	7.936775639777121
-3.310764151640928	-6.381995792633877	7.935534317953238
-3.3884284822959594	-6.533781733721802	7.93671184783512
-3.468155208730021	-6.689394385163666	7.940910307661138
-3.5496094803442815	-6.848318265470545	7.94733183851902
-3.633042184148378	-7.010932052522797	7.956595430406016
-3.7184533082056883	-7.177234778925392	7.968703430517742
-3.80751635352372	-7.3496856275417155	7.9879485591776715
-3.8970759490722657	-7.523639399105075	8.006254720331466
-3.9887884195056538	-7.70151452214553	8.027913429214165
-4.082653748289871	-7.883309656675943	8.052927452744084
-4.178939806620572	-8.069350610669366	8.082155266396068
-4.277289389642439	-8.259199467429765	8.114459070485726
-4.377969919110505	-8.453169453848401	8.150720777854701
-4.480981372486142	-8.651258743298639	8.190943616921738
-4.5998139187146965	-8.870638890078219	8.276334211987422
-4.707758453177595	-9.077275277095676	8.325389121119452
-4.818212554205816	-9.288167593871838	8.37913002995175
-4.931176191372595	-9.50331337449173	8.437560655973614
-5.046905080822182	-9.722851878588976	8.501868029183317
-5.1650581889220035	-9.946591042505249	8.570478527419759
-5.285890415839502	-10.174647328566037	8.644610132704994
-5.409401721225897	-10.407017466733848	8.72426705343611
-5.537062119219961	-10.643906012324843	8.817589284303216
-5.66606103337893	-10.884841453719737	8.909211922724309
-5.797892347094242	-11.130031449231126	9.007318300802359
-5.932556007611317	-11.379471723402268	9.11191307557884
-6.070242287856015	-11.63290315106834	9.224554691514482
-6.2106973555055704	-11.890660284317418	9.34317639895141
-6.3541100884934245	-12.152445103331207	9.469374298410365
-6.500480418875894	-12.418252101663473	9.603153394242746
-7.124307763927586	-12.880134083513862	12.01743651397863
-7.269477352473697	-13.133645223050923	12.170770270731587
-7.417341858988404	-13.389366104484424	12.332617259142554
-7.567901204731188	-13.647290346346	12.502981212574221
-7.721030229893135	-13.90625791669968	12.68338703888963
-7.876895617864632	-14.167799611359037	12.871809918779524
-8.035370195679524	-14.430699541360017	13.069801892322031
-8.196453868999443	-14.69495006111817	13.27736624618249
-8.358463103803487	-14.951020167010004	13.503355625825261
-8.524431223195666	-15.216671633097087	13.730800510782982
-8.692833470078229	-15.482492862769526	13.968835786474642
-8.863669734962384	-15.748474982587846	14.217463876627917
-9.036511164713206	-16.012420140659206	14.478050618750117
-9.21192929699757	-16.277237206819645	14.748779491258533
-9.389492564699067	-16.540653377094706	15.031029281663963
-9.56920084518669	-16.802658712943845	15.324801050572473
-9.72095644138091	-16.955558613089607	15.670453155087024
-9.902646179254637	-17.21126700383103	15.983842071653314
-10.086059196644346	-17.46364934931587	16.309310299406516
-10.271195365418098	-17.71269526518427	16.646857048574574
-10.457171793970025	-17.955025306458246	16.997067205194046
-10.645165371448591	-18.19512111410013	17.359157143612375
-10.834290188698958	-18.429520563963536	17.733695025495017
-11.024546117936092	-18.658213299803098	18.12067767189887
-11.208502801048391	-18.857596510523404	18.51905323091038
-11.399913455516845	-19.07214644493477	18.929978516167985
-11.591682760468503	-19.278269708497422	19.353192493550953
-11.78381060110285	-19.475956997287142	19.78868926346035
-11.974831624434964	-19.660796319217933	20.235378382480416
-12.166699388548576	-19.83865040192835	20.69469762878817
-12.357946126142288	-20.00504233134411	21.16549770345238
-12.548571750977073	-20.15996511828603	21.647769920554936
-12.245752864425675	-19.300624990068204	21.555548510420834
-12.421618809436493	-19.443808413732175	22.00743132461823
-12.596389848125584	-19.574758962108227	22.468852019334424
-12.77006592851999	-19.69347242308609	22.939802004450566
-12.94086647981647	-19.795960369161687	23.417515044016728
-13.111165513391184	-19.88753397471636	23.90565802576396
-13.279181723223374	-19.964186701015446	24.40139021022176
-13.444915104762723	-20.02591817928177	24.904701572788188
-13.595954945431906	-20.05057583238377	25.39108961371083
-13.755613445516174	-20.080741140686452	25.905851979979104
-13.911694138368802	-20.093630343979974	26.42543163255525
-14.064197077325348	-20.08924776480618	26.949818403609026
-14.21103072438877	-20.064733243132345	27.473808038104217
-14.354983974580673	-20.02391472660473	28.004316759186796
-14.4939672068055	-19.963987221116408	28.53606580296063
-14.627980537108781	-19.88496013149326	29.06904653537951
-14.663639054761262	-19.70488833682839	29.34259260659334
-14.786711160701357	-19.59667913644746	29.868326682575425
-14.903664831711708	-19.468759969253327	30.39153767947922
-15.014500230528604	-19.321144024090277	30.91222016056662
-15.117270857058887	-19.153678541515287	31.423707142461698
-15.214572461313322	-18.96660096003864	31.934879054468837
-15.304462803571553	-18.759876762708505	32.43904650516033
-15.386942085612443	-18.533522302546146	32.9362089385735
-15.451825949079854	-18.296807544008693	33.38428373493368
-15.51878890592019	-18.03380851533253	33.86308829259178
-15.57726116424152	-17.752464878157408	34.330463128863954
-15.627242936913568	-17.45279388435564	34.7864135005363
-15.66749717106724	-17.138327123821625	35.22464837715271
-15.699673755034917	-16.8043950765404	35.65357303147033
-15.722540439372139	-16.454659686640515	36.06696417128201
-15.736097415525018	-16.089136469732395	36.464832917276134
-14.196635881675249	-17.286112112863798	30.01408634422675
-14.271372185377345	-17.164109057567575	30.425344015837247
-14.340955408188165	-17.027454973316512	30.831979799777944
-14.405385661963969	-16.876158925419787	31.233992683295398
-14.463354192417274	-16.71119628711234	31.626837788910034
-14.516606277771473	-16.531288645858993	32.016575092633154
-14.563835918981074	-16.337487205174373	32.398665048253456
-14.605043238532145	-16.129801891852978	32.77310974743431
-14.63400597729187	-15.920651168051577	33.11286159953954
-14.662880740892865	-15.687495013263177	33.469481563382665
-14.685065884903835	-15.441947288603256	33.81565484871182
-14.700561525782346	-15.184017432290098	34.151386739553985
-14.708705119294322	-14.916869559070552	34.472918885495936
-14.710380312920801	-14.636305529263522	34.78527718901603
-14.704927067061298	-14.34555690493794	35.08475794902413
-14.692345475234683	-14.04463126526279	35.371369255375065
-14.660845224396226	-13.893700205731243	35.49898121450364
-14.638043432069074	-13.580035558724044	35.76438794422094
-14.607961744543221	-13.258596911517213	36.01536926374056
-14.570600223980852	-12.92938930199947	36.25193488019944
-14.526103205225773	-12.596916479046321	36.472214161528406
-14.474278351190254	-12.255182308024244	36.67872469892773
-14.415270988998724	-11.908715623671927	36.86967693875708
-14.34908113730289	-11.557517937603444	37.04508124718152
-14.279474219246275	-11.230798627236599	37.20003234568966
-14.199828018379764	-10.873281357531122	37.34492973148996
-14.11336830637179	-10.514130372263557	37.47395341684175
-14.020095058360843	-10.15334365655089	37.58711303491354
-13.920964779367239	-9.795483493488572	37.68495981886036
-13.81470203805947	-9.434459439249228	37.76677977338179
-13.702262326071267	-9.074804163249585	37.83319325044228
-13.583645580751783	-8.716512587997526	37.88420788724324
-13.773072085951164	-9.624100350493713	37.88543709269444
-13.666196886309486	-9.26042095494144	37.95647660435692
-13.553106111317074	-8.898569574551594	38.012273873645285
-13.433799695826561	-8.538540929503103	38.052836440832756
-13.30961402104331	-8.184294778016836	38.07987482473311
-13.178767070234167	-7.830537249505524	38.0911235602991
-13.042593397105918	-7.481176768380713	38.088341409113426
-12.90109291182694	-7.136206054303763	38.07153296829219
-12.763958096516971	-6.81620536313574	38.05579516262665
-12.613049800471353	-6.48145767340638	38.013196317533165
-12.457816418995852	-6.153125132284071	37.95822964863836
-12.29825785217305	-5.831199642034367	37.890896615883534
-12.136015671461271	-5.517969665620406	37.81416898966159
-11.96890088243146	-5.210365077544178	37.72408529913113
-11.798552714999238	-4.910610198186493	37.6236165229691
-11.624971072731066	-4.618697212161712	37.51276117297643
-11.524657684601273	-4.425335897278693	37.53432241548362
-11.345990333858554	-4.144013905798585	37.4071110665489
-11.165033191414093	-3.8714144072057586	37.27132601766494
-10.981786171878996	-3.60753048121918	37.12696360941866
-10.797849739785978	-3.3529681221442793	36.97717081103311
-10.61108975897329	-3.106904469883479	36.8177416101338
-10.423104884949682	-2.8698967525185486	36.65178637074082
-10.233895052513562	-2.6419396858336057	36.479299750544286
-10.052570793510966	-2.4228769402299157	36.31913560251032
-9.861688859105522	-2.2123770266060983	36.13543940725979
-9.670546640592388	-2.0108176819943084	35.94707141482189
-9.479144095376498	-1.8181954543083119	35.75402539668929
-9.28876195734521	-1.633825042690792	35.558845051621496
-9.097692500488929	-1.4586136310972417	35.35812402420003
-8.907215691302872	-1.291855847892407	35.15435519331342
-8.717331509412597	-1.13355004184447	34.94753215689022
-11.03652181066711	-3.9947169279157038	38.54320444402449
-10.859093173944625	-3.6987518046314127	38.39215293544553
-10.679010004085246	-3.4124285471020297	38.232858620941876
-10.49627221361572	-3.1357400661214423	38.065317760631935
-10.312655114647727	-2.869114122897326	37.89279751991952
-10.125791437709537	-2.6119652417403154	37.710931237652545
-9.937454655518989	-2.3646716399936016	37.52294806648947
-9.747644702931273	-2.127228038043485	37.32884236950374
-9.566342189736764	-1.8982146885774176	37.14801165117513
-9.374412549832222	-1.6796715401219242	36.94353412410975
-9.18206836709458	-1.4707364675138122	36.73484635094654
-8.989309601045615	-1.271406190225197	36.521941715057615
-8.797524272364795	-1.0807839395868024	36.307407238935305
-8.604861612296334	-0.9000593680223082	36.087777887617655
-8.412708939424615	-0.7283174723751626	35.865586819292744
-8.2210662371091	-0.565556904025223	35.64082724535794
-8.085481817493225	-0.3639210054004218	35.534655369562714
-7.893093355884621	-0.21505960732749477	35.304452360734956
-7.701968138172409	-0.0744921093272426	35.0729838017437
-7.512106167451077	0.0577812378098005	34.84024311023579
-7.324438856268561	0.18328298729365855	34.60793386495201
-7.137724342432842	0.2999813496152713	34.37376990539517
-6.9528942888061	0.40939127944336384	34.139405312224596
-6.7699487146760315	0.5115112136203313	33.90483429628195
-6.593171199924043	0.6166328142371151	33.678760467732026
-6.414153500962311	0.7053840687787978	33.444408754502525
-6.237488657033307	0.7878826273156454	33.210640257021666
-6.063176698749021	0.864126008921093	32.977450142572614
-5.891699161372776	0.9357016794258213	32.74572482591227
-5.722414075387338	1.0004867367481294	32.51427200207216
-5.555803776838733	1.060046327268994	32.28394355396442
-5.39186830315008	1.1143774180588413	32.054735654630925
-5.38982688122891	1.6929179546528186	32.3800029535199
-5.214395954273209	1.7451002357797274	32.14228001319655
-5.042088300885371	1.7924078079647972	31.90628483084975
-4.872903969131993	1.8348367756857737	31.67201374045574
-4.7070177249175185	1.8739780834897792	31.439864755596606
-4.544196660059234	1.9077013120965132	31.20929953342383
-4.384616689518353	1.9375657633086547	30.980691002136812
-4.228277862109193	1.963567481005272	30.75403652062646
-4.075246838437126	1.9950838189114979	30.53085352146041
-3.9252071660311043	2.0142786892449607	30.30813400218868
-3.7784295148849036	2.0305032801155014	30.08747030556187
-3.6349139322818487	2.043753759480388	29.868860622543366
-3.4945616285328818	2.0552390945590457	29.652334110811076
-3.357504430972203	2.0633385966365947	29.437848250477273
-3.2236446378379684	2.069231433223699	29.225420440754945
-3.092982293280502	2.072914026189519	29.015049521526766
-2.9561679857825567	2.136115755750212	28.809740753413895
-2.8305039141884096	2.135901608748774	28.603028758684708
-2.707946539356284	2.134122341565059	28.39834665954739
-2.5884959021739666	2.1307746404780943	28.19569377069343
-2.471891580205109	2.1267128932132247	27.994937364954378
-2.3584808950905805	2.120790482290948	27.79625312514493
-2.2480043476870764	2.113836569579808	27.59950429818862
-2.1404619745455604	2.105848192833546	27.404690542419107
-2.0338960035403844	2.1016440563291603	27.210850736647703
-1.9319582654875571	2.0920338176717626	27.019792351330643
-1.8327543212751092	2.081825491516649	26.83056012198959
-1.7362842031680692	2.0710164629679797	26.643153936806453
-1.642216614431458	2.060166322234314	26.45740217581205
-1.5509933558251865	2.04852313168469	26.27353353909617
-1.4622838521451476	2.0366267924645065	26.091376136283095
-1.3760881315523055	2.0244750222889185	25.910929999033495
-0.6963201203596467	5.194280120639187	27.662923646669984
-0.5511206980785238	5.180661270718838	27.47115943041149
-0.4097921307594947	5.167069952196186	27.282495619710602
-0.2723344723711942	5.153501791222437	27.096932426762574
-0.13815566741023444	5.140711067051588	26.91401015429885
-0.008045241192826211	5.12768251254121	26.734342403261294
0.11858767803930625	5.11513817236987	26.557471855700125
0.24174304551446665	5.103074418047949	26.38339890224193
0.3651955960089266	5.095627091498896	26.20956835475224
0.4818002628353733	5.084904562543236	26.0408820511936
0.5953212377687782	5.075009599468314	25.874730404172553
0.7057584838481621	5.065939206798462	25.71111387573821
0.8136903202095729	5.058117370721401	25.549693259028324
0.9183455740899327	5.050972245636421	25.390921923579963
1.0203017560752783	5.044905803692731	25.234464328917248
1.1195588357558592	5.039915580354205	25.080320943399876
1.2441613586765434	5.061337957486672	24.913949834319894
1.3383310716808927	5.058900697537753	24.76477116155727
1.4301767671458407	5.057734245706081	24.617729012458653
1.5196984202125965	5.057836587329011	24.47282382918039
1.607419689373497	5.059430346829439	24.329837997356236
1.6926423091896856	5.062214305872614	24.189062668045498
1.7758893950206405	5.066396300795801	24.05028353163027
1.8571609265153435	5.071974682265499	23.913500988050988
1.9395585858285416	5.080202681670493	23.777640979821754
2.017167903503396	5.088705226071359	23.644787396031532
2.093128838042456	5.0986943456699825	23.513824480321695
2.16744137282844	5.110168693730757	23.384752589260533
2.2405582486347213	5.123238955318525	23.257455567051636
2.311875774947237	5.137754620631691	23.13208908823649
2.3818463295892887	5.153816491155174	23.008539637974135
2.450469898989055	5.171423466970634	22.886807536141728
2.708661797042567	5.335227258172305	22.724387913106693
2.773765739557369	5.3583980324148595	22.60997950414113
2.8378864832395854	5.383169058167718	22.497355637924898
2.9010240176758737	5.409539491489087	22.38651660365744
2.963549126808974	5.437551423524717	22.277439776241874
3.024967409344542	5.467146892715857	22.170155985946693
3.085649421017685	5.49836177139835	22.064644811600374
3.1455951532578137	5.531195364975129	21.96090653165432
3.2069410119667907	5.56592524523778	21.85898606739438
3.2656013238409276	5.6020391138550885	21.75882830684093
3.3237517414462197	5.639782473408773	21.66045341838881
3.381392257662094	5.67915474681721	21.563861681625813
3.4388290445803498	5.720172063601141	21.469095522464016
3.495653857076165	5.762811647842905	21.376099033548943
3.552172709362673	5.807085318854942	21.284916859790975
3.608385595398233	5.8529925869969155	21.1955492933421
3.6783274464765534	5.902773363517259	21.11068366538975
3.7338313770479026	5.952157236311139	21.025198887891936
3.789225843921915	6.003170732143552	20.941578096366488
3.84451084188755	6.055813428689441	20.859821605102756
3.899934725198247	6.110087192422604	20.780030174785775
3.9551663431029707	6.165988582728926	20.70207021558555
4.010453930891078	6.223516204832262	20.626045056318922
4.065797483796186	6.282669672444577	20.55195504287928
4.122612463945864	6.3434754555013	20.48057245678108
4.178188784928014	6.405892007487823	20.410453737191506
4.233971297908455	6.469926764778538	20.342359007558738
4.289959998295007	6.5355793552035175	20.276288652371402
4.346355859823208	6.602837238773419	20.21239778821057
4.402890906757227	6.671716263833602	20.150480525350115
4.459766003153497	6.742200866240387	20.09069515018964
4.5169811443203205	6.81429066575854	20.033042091198002
5.570107260763748	7.516876154180634	20.460757983784426
5.619219337241047	7.603590905463026	20.430216701163484
5.669275509577345	7.691431811180465	20.40205832470017
5.720275773445163	7.780398520615549	20.37628337221159
5.7722424148676	7.870413890570307	20.35313107516332
5.825145708037333	7.961579878251634	20.33228368785521
5.879007824045006	8.053816132802556	20.313984597225414
5.933828757311236	8.147122202045928	20.298234345574397
5.989670131263899	8.240851861017246	20.2865572235928
6.046401075556411	8.336206543490833	20.276059351913275
6.104097720020665	8.432552572090717	20.268284497438614
6.16276005769328	8.529889382475032	20.26323321697822
6.222384587303795	8.628067725448954	20.261170601303093
6.282975959736645	8.727285183594534	20.261744498329378
6.344530494017669	8.827387512878762	20.265224353761617
6.407048181674181	8.928374026639158	20.271610725646575
6.469546995128023	9.022465584635365	20.292182545308187
6.533811638849038	9.124909741473653	20.304343694260552
6.5990251416968615	9.228098613857291	20.319591516087065
6.665187493649371	9.332031389550599	20.3379265510932
6.732257525695739	9.436457299381264	20.359620808246266
6.800290105110954	9.541708697255139	20.38431284106089
6.8692438096418895	9.647527796943127	20.41227870638404
6.939118627617209	9.753913652550342	20.443518906234257
7.009490042107259	9.858990040881784	20.479608632692766
7.081133378878234	9.966272193784945	20.517529264587427
7.153653953794462	10.073901713533646	20.55890391430528
7.227051753559975	10.181877522565703	20.60373301877424
7.301232742714546	10.28981584390435	20.652262302359723
7.376322269568957	10.398225762224143	20.70416507648928
7.452225969446824	10.506714406018585	20.75969004383917
7.528943827520246	10.615280573571358	20.818837545218745
7.565267431217401	10.609159336083259	20.930651609944167
7.641705234114484	10.716221698855929	20.99355859780458
7.718884694657268	10.823083882965145	21.060149430805982
7.796805797403933	10.929744636939857	21.13042433493275
7.875309374004442	11.035687953703793	21.20455026102211
7.954607612043051	11.141598853579803	21.28230500938392
8.034540969042212	11.246951028340908	21.363856583775295
8.115109428581652	11.351743147218214	21.449205053633143
8.195041877097038	11.4523796887348	21.53893135464007
8.276700065219382	11.555632563802481	21.631846386642813
8.358861034329292	11.657915902249325	21.728625074648054
8.44152476753144	11.759228334805877	21.82926729855603
8.524448891285974	11.858897330145746	21.9337929849952
8.607956530949421	11.957816406535985	22.04217510459084
8.691804916418937	12.055302167183386	22.154431630232462
8.775994030967587	12.151353256465669	22.270562222003456
8.84690323584455	12.214736727816307	22.386094137909694
8.931157776064262	12.307417710636791	22.50885397797628
9.015570936872258	12.398179206287985	22.63541094041243
9.100142702614978	12.487019946138668	22.76576445911818
9.184538467697955	12.573146651671479	22.899704958873073
9.269204337881622	12.657614188417869	23.03751034625544
9.35380535857294	12.739619793871446	23.178965458626685
9.438341516051088	12.819162356038332	23.324069484800887
9.520392594744083	12.891179873767811	23.47056656360005
9.604490692054785	12.965274480643254	23.622572749605048
9.688271237433737	13.036345919249348	23.77797801228368
9.771734220163063	13.104393320963624	23.936781310453913
9.854453195089029	13.168575396844464	24.09845645700138
9.936996734042916	13.230012106250111	24.26370243255713
10.01893818190045	13.287856582036476	24.43198391808563
10.100277532044885	13.342108287953934	24.603299677085396
9.492665106337864	12.451807016175435	23.818342896193098
9.566513704551951	12.518529157586313	23.956466485508827
9.640120010174194	12.582438396013645	24.0974921363071
9.713484015041697	12.643534069901866	24.24141900919341
9.786205962608538	12.70113016848059	24.38776323821456
9.858818845240949	12.75614004675764	24.537167888975315
9.930922748582885	12.807873511437206	24.689141779935913
10.002517667802236	12.85633017090442	24.84368392530329
10.070914147591804	12.89746275938178	24.99685288010235
10.141179895464443	12.939001995369496	25.155971225330603
10.210654818042702	12.976826400032245	25.317226225027753
10.279338914530724	13.010935908870351	25.48061680253635
10.346786079674617	13.040729535362793	25.64535889270686
10.41359112242423	13.06700875247442	25.812495372672288
10.479307966884404	13.08917357640587	25.98123353168101
10.543936616852589	13.107224314918588	26.15157227371897
10.586250847705587	13.09806367105509	26.28215715087838
10.648367146279378	13.108608289402653	26.454080374656407
10.709118828522424	13.114745110524085	26.62700543514788
10.768505902692466	13.116474803661978	26.80093130988755
10.826075927082012	13.113419140680978	26.974812196107933
10.882432180535455	13.106084308776868	27.15004022892785
10.937122465188201	13.094098962607196	27.325562178466694
10.990146793949526	13.077464148394723	27.501377183764244
11.038783757735343	13.054804413549169	27.670341129076657
11.08821520282938	13.028898637429343	27.84591028890042
11.135693700497985	12.998216006570697	28.021004715655607
11.18121926768003	12.962757893771705	28.19562380536494
11.224387807032453	12.922502453424508	28.368551208402604
11.2657381572994	12.877482240103442	28.54140758719327
11.30486665318783	12.827687376670056	28.712973289462862
11.341773314682175	12.773119482748362	28.883248053803463
11.26158819855059	12.727201384679	28.677292807465058
11.297100358926967	12.674032236033893	28.843599855794245
11.330338924904918	12.616276696548391	29.00822750789237
11.361303916359981	12.553936377021119	29.171175707917904
11.389679570785635	12.48731157961848	29.33125843657639
11.415886952091066	12.416005729482787	29.490057247114965
11.439610774405876	12.34033221475563	29.64638742156587
11.46085105830729	12.260292703102909	29.80024929902483
11.47811536350161	12.178972117756267	29.94454399098578
11.49432201806643	12.090715147697592	30.092795257939915
11.5078843809044	11.998447305976796	30.237836785220587
11.518802471610217	11.902170180631732	30.37966930409068
11.526915069994809	11.802592574071657	30.517265228891482
11.5324371800682	11.698772962747194	30.651996685057057
11.535208015742496	11.591431918746029	30.782843514100385
11.535227593948465	11.480570814210113	30.909806802703322
11.529362749553234	11.403363268887674	30.98980791055272
11.524819747322164	11.287177916748728	31.109688498932588
11.517482869506722	11.168024168803708	31.22516378032007
11.507352129277162	11.04590309242647	31.336235095088774
11.494450566122621	10.921819960603166	31.442199935952786
11.478747487296358	10.794436562869326	31.543998269351086
11.460266187776616	10.66476493540094	31.640939102279262
11.43900667558947	10.53280572866534	31.733023947809894
11.415784390737914	10.40537172511643	31.817089404726133
11.389174544757784	10.269621431823388	31.899340773994233
11.359866158612379	10.132311702709142	31.97642906321438
11.327859234648948	9.99344272800495	32.048355829957025
11.293370511711917	9.854150686597146	32.11485891196921
11.25611100528853	9.712920722995642	32.176291440642956
11.216297446843713	9.570888545804332	32.23240338148878
11.17392983296	9.428053878056893	32.283196204994525
11.372574916864233	10.764620729856917	31.304453299496487
11.356067504307822	10.642697852616	31.399488380532826
11.336939453477726	10.518686258959411	31.489899564286215
11.315190770993121	10.392586485333668	31.575688221636632
11.290946263245356	10.265423889662749	31.65641924223303
11.264039532880261	10.135832233120283	31.73267601211516
11.234595486685897	10.004839386347163	31.804034540335497
11.202614126122496	9.872445467687013	31.87049622423913
11.16947109500581	9.7452630591681	31.93054897970484
11.132665280818758	9.610778674513595	31.987261994190867
11.093461183616794	9.47559016701352	32.038942034487086
11.051858799788432	9.339697243977536	32.085590410758606
11.008149556759243	9.204141276860263	32.1271869999947
10.961944872222999	9.067532764996837	32.16376154484418
10.913536037709678	8.93090913913373	32.19530360544132
10.862923044991781	8.794269732479084	32.221814300308914
10.826895862091083	8.704944844063032	32.24785453103228
10.77284696887974	8.568493618406452	32.26599159226187
10.716803561496686	8.432625492500788	32.27920260721437
10.658765628264563	8.297339519962891	32.28748845341887
10.599143788778425	8.163532518458844	32.291180024864744
10.537390520565182	8.030006325732208	32.28983791720399
10.473916137569537	7.897649251904342	32.2837986791154
10.408720625452093	7.7664601348492095	32.27306286914085
10.344644912766421	7.641417594998015	32.2605755193438
10.276350199119761	7.512976807050064	32.24089866030082
10.20662998703952	7.386205102015326	32.21684031941279
10.135484260798403	7.26110120528659	32.188400720807564
10.063385026248	7.138301552476164	32.156159645349426
9.989702905224531	7.01695456183401	32.11934430005605
9.91490952942267	6.897686395554188	32.07853484122366
9.83900488296639	6.780495766975749	32.03373116724463
9.922149903901989	6.902034846025808	32.1695891924604
9.84614520767954	6.78251960489052	32.12438184563914
9.769135521979653	6.665288093097662	32.07533467936193
9.691120830903474	6.550339022135875	32.022447461095325
9.612590794923864	6.438097388549533	31.966404160185245
9.532892497315759	6.327993605020376	31.906292037795264
9.452515237233166	6.22044281607441	31.842791993309795
9.371459000181355	6.115443846996761	31.775903519155758
9.292703394753989	6.014869918289547	31.71015779337191
9.210581681355407	5.915042303803069	31.637010275306487
9.128094833132439	5.8179419797808585	31.56093590406958
9.045242837751978	5.723567946695396	31.48193396040151
8.962474083742983	5.6320662718628745	31.40070907218307
8.879190693115998	5.543240041664772	31.31631992768804
8.795840791585755	5.45722823168264	31.22946474573208
8.71242436950812	5.37403006031432	31.14014266286589
8.64873244675547	5.298236585925306	31.082848373894223
8.565081536125433	5.219801062133406	30.98915735348876
8.481627021883488	5.144206750952783	30.893413812463486
8.398368897109302	5.071453091530037	30.79561680372358
8.315681697214291	5.001476270644885	30.696407402025557
8.23306602795375	4.934360262596604	30.594928606576637
8.150896293006168	4.8700377716126395	30.491813796020594
8.069172488406693	4.80850847636465	30.387062002506212
7.9899442247179975	4.74891204127041	30.284493475170414
7.909270131978316	4.692803204762912	30.176840510040044
7.829260666334051	4.639393535483462	30.067930241923218
7.749915826594407	4.588682936924736	29.957761730571054
7.671516719701994	4.540474360314192	29.846863574737892
7.593688535727906	4.4950304828794305	29.73452883397385
7.516712380463895	4.4521543369909855	29.621278855022307
7.4405882552127895	4.411846028235759	29.507112764071977
8.122126659345852	4.6647719714383875	30.866339296547174
8.035963653173177	4.596463144611642	30.75452937754184
7.950309110505112	4.531158397753596	30.641193622474333
7.865163028098678	4.468857468039441	30.526330943527498
7.780872073809036	4.409357952108811	30.410548955161165
7.696974018837483	4.352929316550198	30.29303500164074
7.613815487429829	4.299368098195719	30.174388182748288
7.531396479407917	4.248674282606734	30.054607459659632
7.451532094464651	4.19922997174498	29.93721113421665
7.370714642692793	4.1540425852278595	29.81548902894963
7.290831572680778	4.1115554695941725	29.692980075296028
7.2118828869182225	4.071768826612936	29.569683321019355
7.134107056830672	4.034395079937989	29.44606839549467
7.057186128220653	3.9998182890023313	29.321506997189317
6.981358655411133	3.9677532535470386	29.196461618519685
6.906624643111535	3.9382003552441116	29.070931420358882
6.842139425828215	3.896016134154342	28.967168970111803
6.769125924816432	3.870936602137669	28.84062129772167
6.697337691785138	3.848186211526614	28.713843302561237
6.626774733219148	3.827765487878339	28.586834260279325
6.557580186770347	3.809369117980868	28.459941515467836
6.489563218509044	3.7934055049358624	28.33270036156402
6.422867133718763	3.7795739987838335	28.205452919367847
6.3574919402014896	3.7678752318309847	28.0781985944775
6.2940605127350455	3.7563615299946083	27.952861350302893
6.231341127448109	3.7487125061509357	27.82575580986598
6.170011592030206	3.7430077319695245	27.69883355307787
6.110071915192397	3.739247913432094	27.572094110313927
6.051588210993106	3.7371574092952993	27.445785865738223
5.994472348166377	3.737105427905594	27.319576644364368
5.938790652675662	3.7388221733662914	27.193711600374918
5.884543133775662	3.7423083957179175	27.068190380614315
5.850022404721169	3.6239729223315917	27.053825902102595
5.79515763258186	3.6295963107505087	26.926753966159595
5.741807732730735	3.636874836466389	26.80014620829213
5.689972715195115	3.6458093121362527	26.674002345642645
5.639661273226626	3.6561597913204094	26.548506909572982
5.590861839252952	3.6682481014605086	26.423413284666605
5.543583343839726	3.681840816791213	26.29890420454746
5.497825797025767	3.696938750901241	26.174979486367594
5.453498393910058	3.7121133502126473	26.05265053115696
5.4107463605961295	3.7300759744970975	25.929976122665373
5.369507892035573	3.749413601166878	25.807989604237754
5.329782998074788	3.770127028216107	25.686690878736073
5.291543591798675	3.792040033325797	25.566216910922627
5.25482714511874	3.815389418593942	25.44638491776721
5.219605800178673	3.84000523963663	25.3273314379759
5.185879566468565	3.8658882655714484	25.209056447414987
5.151569305335462	3.883420623423522	25.097618776422493
5.1206227402662305	3.911676116533133	24.980800272079378
5.091148094189163	3.9411108133447534	24.864840758610796
5.063145376154712	3.971725447345724	24.74974027269461
5.036567350596376	4.003404064710791	24.635610359801884
5.011477018929096	4.036302944883004	24.52230242374773
4.987827353641158	4.070311826145951	24.409928562872583
4.965618363224014	4.105431396683091	24.298488866435783
4.944517817882025	4.141005774078797	24.18863168319739
4.925148794279674	4.1782814233409225	24.079117211868372
4.907186410346798	4.216615764330385	23.970608231941327
4.890630673957751	4.256009435218605	23.863104877734823
4.875428950181569	4.296398945535592	23.75670981780962
4.861651436755924	4.337870394237911	23.651286508131747
4.849245677923312	4.3803651850349485	23.546938886729272
4.838211680898928	4.423883902676827	23.443667127491754
4.639804418004741	3.7418473484362162	23.658341161770966
4.618156456124901	3.7833181531094664	23.54460270373351
4.598070670515461	3.825753999502452	23.43191276196967
4.579547070268102	3.869155624444022	23.320271515951234
4.562498196735482	3.9134751945671598	23.20976464953374
4.5470406819436215	3.9587781487965774	23.10027836669678
4.533087273113518	4.00502227414716	22.991899968908307
4.520637978474069	4.052208237523986	22.88462967073278
4.509173488698761	4.100098335821979	22.778993817563638
4.499683561267749	4.149144371238197	22.673989348878024
4.491643324703342	4.199123860486196	22.570154291581918
4.485052786376033	4.250037400902133	22.467488891668296
4.479838251191409	4.301883963507671	22.36608691140374
4.476097995768952	4.354666256985624	22.265823933699508
4.473758490329037	4.408387758613454	22.166795833081462
4.472819741393563	4.463048996953704	22.069002885418122
4.469856100339889	4.517601322995665	21.976502916961582
4.471731026344721	4.574062892846057	21.881172182442977
4.474959949578022	4.631481678039658	21.78714685119316
4.479542875704811	4.689858137694029	21.694427227766102
4.485424679670961	4.749223360920879	21.603124409559054
4.492678874072518	4.809536910559502	21.513091002913704
4.50125045893813	4.870833276461624	21.4244406721825
4.511139439091569	4.933112849566244	21.33717375270456
4.522054606279889	4.9965833166777305	21.252021702582358
4.534557906453079	5.060846769662872	21.167599093887063
4.548347711867955	5.126125263527326	21.084645440061912
4.563424026492662	5.192419119866423	21.00316110895617
4.57975046325907	5.259777485933452	20.923282694181367
4.597375546796789	5.328135524075819	20.84482895814102
4.616262974655876	5.3975446687324515	20.767939566415805
4.636412749926255	5.468005170323995	20.692614921928126
4.64002793842018	5.538544118275421	20.655600091525514
4.663088011030267	5.610398580686349	20.58300422991807
4.687364322412768	5.683351366290615	20.512075692674003
4.712856874651491	5.757402643968938	20.442814911841094
4.73955125236901	5.832602902686223	20.375389896360286
4.767466680156958	5.908885155163905	20.309577676023963
4.796588782028109	5.986300931959218	20.24554984737682
4.8269175591158024	6.064850324922813	20.183306883242235
4.858399404293534	6.144806380657658	20.12396837570678
4.891142603340416	6.2256411933738205	20.06541669028833
4.9250865359132945	6.307641047079151	20.00877947461483
4.960231202112367	6.390805949894223	19.954057244256216
4.996573272397882	6.475173004196599	19.901457175883774
5.034117185471804	6.560692684685159	19.850704273600105
5.072859602514594	6.647401791220554	19.80200996135242
5.112800522493895	6.735300240136311	19.75537479893074
5.153798303256397	6.825555585230064	19.720268768902773
5.1961662839859555	6.91572322186389	19.6778561383928
5.239728825447422	7.007094636049961	19.63766032295087
5.284485925348905	7.099669642043599	19.599681924944615
5.330438993533304	7.1934506244579675	19.564171550149037
5.377586143736798	7.28843387918598	19.53079649862647
5.425928717464718	7.384619856438394	19.49981228517539
5.4754667110346515	7.482008257777004	19.471219554434516
5.526195646384723	7.580472693399503	19.44665598312809
5.5781217291071155	7.680230228094639	19.423019023682507
5.631242628503244	7.781170243554161	19.401962012669838
5.685558339344769	7.883292316051029	19.38348563219818
5.741064265898615	7.986537833673975	19.36788438233858
5.7977665222207495	8.090983844397776	19.354767214024818
5.855660371703285	8.196567798052872	19.34443409735873
5.914745807404667	8.303289132065892	19.336885744190933
5.860942054368515	8.286165912177564	19.687516598008838
5.922044999480229	8.387761966887295	19.679096018613194
5.984162295878549	8.490475768983512	19.673550024571377
6.047293935515013	8.594306666184485	19.67087925943737
6.1114475100751235	8.699105429137804	19.671384500151134
6.176612877121965	8.805069394063594	19.674666220622314
6.24279742075392	8.912043562149176	19.681030252322664
6.310001131184592	9.020027140263167	19.690477245927273
6.378146115200115	9.127825143544836	19.70487658011151
6.447357662452514	9.237666623463133	19.720670777155853
6.517580739765586	9.348373294984565	19.739761471199067
6.588815335489274	9.459944213938757	19.76214929962313
6.661027820597302	9.572113912101996	19.788150399926124
6.734263005006541	9.68523401426031	19.81734471408204
6.80848696497097	9.799030884507667	19.85005317934732
6.883699686884372	9.913503420137953	19.88627639405929
6.957017064450272	10.015201171374814	19.93878790837649
7.033909891098272	10.130556199162516	19.981861919004356
7.111751008809999	10.246349951311828	20.028652113791406
7.19054040211511	10.362581174040034	20.079159019061002
7.270185320188705	10.478832559742019	20.133675444097484
7.3508093931488245	10.595657467363273	20.191812119945528
7.43231948632176	10.712627982475766	20.25386547736456
7.51471558237228	10.829742700158384	20.31983593444812
7.5971614403194545	10.943963738401365	20.39125942332924
7.681197426317748	11.060994540995534	20.465161383269056
7.766032655652204	11.177817196263158	20.543155146736556
7.851667109376075	11.294430168678899	20.625240981271983
7.9379281518234555	11.410231782770007	20.711626939758116
8.025045918616389	11.526020603963843	20.802036085219846
8.112847314930674	11.64118231432828	20.896677669684877
8.201332320602777	11.75571527972471	20.995551764576927
8.219899692759752	11.695333629283041	21.121707315951213
8.307043050735196	11.806935858107503	21.223270176922817
8.394758034457325	11.917528525516541	21.32903571814043
8.483044624119778	12.02711002631779	21.439003827709872
8.571641205697984	12.13493069898479	21.553223142988124
8.660896551650742	12.241986344681573	21.67162833931979
8.750548581877192	12.347514527075267	21.794265980128372
8.840597276653508	12.451513647662694	21.92113569234669
8.9290396248709	12.548929486595434	22.05174416090523
9.019609339465909	12.649306446602179	22.18688439128281
9.11036696692477	12.747584748356896	22.32620195718316
9.20131248861932	12.843762882153367	22.469696198503193
9.292076186056834	12.936935735772508	22.617150402069743
9.383150975515022	13.028306744940192	22.768851726741733
9.474166722923522	13.116959503374119	22.924576887057015
9.565123411931665	13.202892685946251	23.08432492324039
9.636105894413534	13.245621705329702	23.230502731201415
9.726170120504637	13.325779818598036	23.396543622677882
9.81591183853076	13.402614074810446	23.566325754472576
9.90533103569884	13.476123437162366	23.739847906767597
9.993953363685424	13.545347691643343	23.916534836678025
10.082411261004726	13.611565023171655	24.097150475804206
10.170230128638748	13.673808557484614	24.281108834205533
10.257409958688713	13.732077654431581	24.46840845140319
10.34066493833815	13.780638692544263	24.654162266120384
10.426170553958825	13.8304316473495	24.847424281972923
10.510693557329038	13.875628409060301	25.04348775497302
10.594233946674377	13.91622883387045	25.242351066122044
10.676234696776433	13.951370288989779	25.443008781574054
10.757438509685601	13.982203094043593	25.646797639254956
10.837288393096207	14.007865826189459	25.85269913045788
10.915784352372842	14.028358920196757	26.060711589276977
10.160304201538981	13.112257184781653	24.7482306521907
10.23374270448755	13.160121306690097	24.91746196004196
10.306461029341406	13.204016565500012	25.08907135606312
10.378459174012987	13.2439427920266	25.263057641852114
10.449241165513065	13.279225494911998	25.43860257189881
10.519468300590658	13.3107639497753	25.61679428836321
10.588644611549018	13.337884034348084	25.796804814309304
10.65677010151804	13.360586002290665	25.97863290496275
10.72065370937357	13.375296855104843	26.156165396688866
10.78633265949071	13.388913333297966	26.340834696624807
10.85062562897968	13.397736396836446	26.526655922784123
10.913532626514822	13.401766748726494	26.71362788797384
10.974546312569407	13.400565383367086	26.9006149268055
11.034343164775835	13.394719662000742	27.089128612413564
11.09241610628962	13.383798014380925	27.278024588230465
11.148765151300186	13.367801590479036	27.467301839665126
11.180657126533612	13.333292154413865	27.600698939991304
11.233474211906433	13.30854438950464	27.789181892525296
11.284273702707713	13.278595434869676	27.97725652781837
11.333055617550814	13.243446799015603	28.164922106200027
11.379362897072758	13.203042609664893	28.350849062383645
11.42380500059442	13.157461159050303	28.53680872852851
11.465925348077539	13.106659869332946	28.721467339887113
11.505723961917857	13.05064055555943	28.904824542131628
11.540695529705676	12.990437035191322	29.078375650142455
11.57565621871858	12.924317652048341	29.25822844096206
11.60802912179961	12.85312183321277	29.43587800699695
11.637814263457312	12.776851564961722	29.611324451758303
11.664677051243428	12.695938237824224	29.78322768770869
11.689063666085294	12.609811337683734	29.953375150010395
11.71064009568418	12.518918149769197	30.12042976970816
11.729406364696194	12.423260672317051	30.284392146354307
11.659993067025349	12.459337118196787	30.04111669395037
11.678573131054522	12.366456799091523	30.20233889589899
11.694327522532484	12.26912173789139	30.36015228982689
11.707256264392363	12.167333793194958	30.51455766840803
11.717163370598243	12.061858167404791	30.664397639582702
11.724310207295852	11.951678758852974	30.811217609868834
11.728501299139596	11.837574626560961	30.95386843223472
11.729736666189373	11.719547396268515	31.09235132911166
11.727492640342776	11.6035178741937	31.220383612278244
11.722889825453677	11.478435619630178	31.35004452064757
11.715270354870732	11.350083142956603	31.4748978749687
11.70463424401657	11.218461694088793	31.59494523311233
11.690998927264673	11.08469550947725	31.70940579093331
11.674341189890294	10.947288128196732	31.819324451334765
11.654678765208988	10.807371697840312	31.923933825941543
11.632011662599895	10.66494697853358	32.02323568058923
11.612297287436672	10.574342360846025	32.087805350129976
11.584881148789908	10.428331186424964	32.17804015853728
11.554531183774147	10.280563221867657	32.26265426090143
11.521247395652606	10.131038731639292	32.34164947965439
11.485258351005633	9.981028447361794	32.41472616140534
11.44625929625444	9.82883821108381	32.48228804239887
11.404478800632937	9.675738509157018	32.54404969884736
11.359916860580533	9.521729053015436	32.60001285927632
11.314671174920615	9.374717872837188	32.64980074372944
11.264884442571068	9.219694944134574	32.69437546506232
11.212530301567497	9.064587623410965	32.733140381983944
11.1576087422022	8.909395123912555	32.76609698751838
11.100530812324294	8.755306698515282	32.79344662587875
11.040748421038142	8.600734480676326	32.814924042856774
10.978672331071019	8.4468596689046	32.83074104295478
10.9143025276788	8.293681068273095	32.840898766473885
11.389888786478451	9.975767120516661	32.31775633562907
11.353160744137142	9.827412958815467	32.38354277782324
11.313689729937899	9.678162350376883	32.44373981709331
11.271475741029723	9.52801506414382	32.49834911160707
11.226839681136825	9.378174568276734	32.54731241503187
11.179353666867694	9.22703528554333	32.59071109399761
11.129338469428832	9.075796773936228	32.62849926531057
11.07679408002927	8.924458320997848	32.660678366444095
11.024275063083213	8.780236138864568	32.6882441208884
10.967035681944145	8.629389950679576	32.70953295636909
10.907530156319332	8.479188481013933	32.72533988745802
10.845758472611777	8.329630627908749	32.73566602729983
10.782185285380288	8.181749139821424	32.74089088617792
10.716191020378464	8.034164195659319	32.7405107246042
10.648239972748042	7.8878985264769295	32.734912269392225
10.578332125490045	7.742950754604141	32.72409623649295
10.530405531112073	7.64473267144226	32.73077312721121
10.457432367742454	7.502021410304807	32.71133604097453
10.382804572535848	7.361171713785444	32.68700816175462
10.306522126723697	7.222182060799841	32.65778982148278
10.229121996953731	7.085789485088968	32.6243481092566
10.149888183363053	6.951007682095772	32.58579400004068
10.069357204262971	6.81856136785582	32.54279545564138
9.987529040559698	6.688448994927236	32.49535239586286
9.907834082067355	6.5643470559499715	32.44822874157505
9.823778937461805	6.439133014028246	32.392492699482055
9.738786066187085	6.316610317957413	32.33280550184172
9.652855450214318	6.196777506600178	32.26916670565946
9.56652350221918	6.080021212741382	32.20237242285614
9.479074964893861	5.965822651252848	32.13135988027751
9.391045847814345	5.854557491975126	32.05692034205148
9.302436135157492	5.746224452533447	31.979053069922898
9.393291409490919	5.813157272411003	32.168416240902985
9.303573826845694	5.702329277563335	32.08884032618595
9.213417108543208	5.594597412023757	32.00605141092042
9.122821239649396	5.489960465472115	31.920048615266875
9.032297838906208	5.388564988947809	31.831647451645562
8.94116471583842	5.290212975278757	31.739758355175397
8.849933171920382	5.1950424186531174	31.645188986056823
8.758603195571638	5.103052380541136	31.547938284749605
8.670106572474555	5.014390135834527	31.453039751637444
8.578833361716766	4.928651990523637	31.35094635739909
8.487772600141723	4.846093899149381	31.246675454800023
8.396924279763807	4.766715214523419	31.140225889794415
8.306707073565722	4.690411327213786	31.03232029863596
8.216562735259117	4.6173204485458905	30.921992449849423
8.126909787825863	4.547334013743213	30.809955634357983
8.037748226877353	4.480451667134314	30.696208680443092
7.966651797368107	4.409640264704901	30.615495340372366
7.878112695406172	4.348076171353313	30.498577347043696
7.790304193369146	4.289507839271333	30.380353080455805
7.703226290084304	4.233935173416198	30.260821397218905
7.617190288619685	4.181103710977546	30.140568969261686
7.53178111801107	4.131352718939871	30.018810969068262
7.44731008600389	4.0844279981381915	29.89612528042558
7.363777194414322	4.040329695763141	29.77251084844795
7.282769306626733	3.997171232866417	29.65131931611866
7.201210308926265	3.9584776976824045	29.52615073557854
7.120760468606408	3.9224187055001125	29.40038287324282
7.04141978998498	3.888994606253876	29.27401479106973
6.963391102743555	3.857890133730521	29.147486436411135
6.886403979094476	3.8295265982126874	29.02020913612621
6.81066137250165	3.8035922231786587	28.892615910748976
6.7361632892773455	3.7800875202018727	28.764705956739782
7.326042347827792	3.6575447303955806	30.212574015682897
7.234918017097353	3.609434820263476	30.07781723682695
7.144915346323503	3.564323377430111	29.942346054015633
7.056034339684401	3.522210740511301	29.80615927313356
6.968524786756061	3.482714080831363	29.66976673750107
6.882053646746696	3.4463448072297185	29.53248600461543
6.796870836274358	3.412723697404167	29.394818053171296
6.712976362113997	3.381851300425601	29.256761851521755
6.631541247032118	3.3511843926610156	29.12113426365345
6.550272286656402	3.325514282852613	28.982540225486527
6.470419520113837	3.3023406192755957	28.843832233229673
6.391982956141821	3.281664110046212	28.705009425300798
6.315098707635901	3.263102301708485	28.566425437675296
6.239585312317861	3.2471668813427663	28.427606888883822
6.165579104667156	3.233481544314198	28.288901260453915
6.093080094790528	3.2220471097163585	28.150307859558225
6.026414907041483	3.193179162755673	28.02837389508063
5.956405831543768	3.1858160178080537	27.88983084541038
5.887973325721145	3.180481198795795	27.751585703539952
5.821117400630739	3.177175601835776	27.6136379260927
5.755886705748589	3.1755641442251803	27.47622617661346
5.6922164013065775	3.176095726255591	27.339031092546914
5.6301554031206065	3.178442602792764	27.20228763561127
5.569703722683893	3.1826057052962007	27.0659954055847
5.510939067996556	3.186563708210497	26.931429997720198
5.4536720610074285	3.194151474223724	26.796138989343834
5.398025674744359	3.2033657919477854	26.661425739899755
5.343999920798922	3.2142076008134928	26.52728997336223
5.291583287442356	3.2264151465093045	26.39389219704215
5.240791150565252	3.2403396164071903	26.261017849265702
5.191612270767759	3.255726731733347	26.128825723934195
5.144046659463322	3.2725774174818723	25.99731565104823
5.087402862752147	3.1562045334100333	25.939475338215058
5.039979363437459	3.1751981626807315	25.807134648892898
4.994207591504446	3.1955320495535187	25.675561234064524
4.950087558620766	3.2172071396251516	25.544754995908317
4.907565451551875	3.2400250673488857	25.41482921907845
4.866713048046112	3.2642524895902	25.285632697556405
4.827476804928615	3.289698438211751	25.15727831268974
4.789856733308721	3.316363813561505	25.029766044919956
4.753435788449326	3.3431151554089875	24.903711889792042
4.718989829595535	3.3721087252449404	24.77793130865776
4.686117697844164	3.4022245166860023	24.653058405575013
4.654819403647915	3.43346337686386	24.529093224748028
4.625024691093006	3.4657020879416645	24.406123988120196
4.596827258521732	3.4991068684592648	24.284033215261026
4.570157089562523	3.5335610523234657	24.16290974503803
4.545014193944922	3.5690654280579723	24.04275367397248
4.517648850280494	3.5985005690444276	23.927300446796202
4.49542875844147	3.6359859403967945	23.808997521173037
4.474688437667464	3.6744692192433575	23.691717866542355
4.455427896945499	3.713951133930972	23.575461622395792
4.4375755323061	3.754371180721221	23.460309425941603
4.421226836034393	3.795811678556936	23.34615411858343
4.406310408481351	3.8382177052325765	23.23307764277426
4.392826257859278	3.881589926308134	23.121080175276205
4.380338094184736	3.9256189180048833	23.01065200109141
4.36967523997548	3.9708940018949934	22.9008582141998
4.360399151222816	4.017119229602937	22.79220000214215
4.35250983535954	4.064295203514407	22.68467757475524
4.3459444907084155	4.1124109195735565	22.57837674978116
4.340786869537676	4.161482403179438	22.473183619388728
4.336974337712955	4.211503220827303	22.36918582912648
4.334506901890292	4.262473911951038	22.266383619753473
4.048141673494888	3.6169959043166466	22.324109036908915
4.03810409839755	3.6657994653082326	22.21252159510398
4.029521951391907	3.715466660120877	22.102091400713118
4.022395240345636	3.765998126384798	21.99281869930689
4.016640316328056	3.817410276552721	21.88477673842858
4.012368728863428	3.869682655085911	21.777868449428954
4.00949700572013	3.9228364929563906	21.672169171937178
4.008025153876618	3.9768723557280694	21.567679177304957
4.007494138591728	4.031939609734441	21.464879059331313
4.008786097431243	4.087754532461674	21.362857532329855
4.011429398052204	4.144481418379589	21.262102904383624
4.015424046570804	4.202120763170746	21.162615473360002
4.0207098734143445	4.260725374083187	21.06448798857053
4.027367118256407	4.320225941762553	20.967597503049387
4.035335747343141	4.380678970153424	20.87203927147937
4.044615765952397	4.442084886995428	20.77781362053372
4.052616090224376	4.506146324066385	20.689054375490716
4.064588886768414	4.569412449166172	20.597526173480443
4.077836507644597	4.633681263535329	20.50740453290031
4.092358957276746	4.698953125699061	20.41868981127582
4.108121010195753	4.76530351938125	20.331502119548983
4.125169643330731	4.832632580638004	20.245682173410223
4.143469727082653	4.901018391861481	20.16135307649344
4.163021265040974	4.970461243956518	20.078515222255774
4.183672988785291	5.0414370273099065	19.997983205027662
4.205724267041047	5.113038767236582	19.918218037938075
4.229010612246103	5.185755130529596	19.84003963768964
4.25353202712545	5.25958633803402	19.76344843790814
4.279275386604595	5.334617457892291	19.6886000835225
4.306258196400672	5.410735521205853	19.61528809649039
4.33446738641996	5.488027067975453	19.54367173884609
4.363902958477894	5.5664922453317445	19.473751489139218
4.386494658270618	5.663991012283483	19.449351322319107
4.419009874745298	5.744170387860529	19.38273367110733
4.452717310399024	5.825592982290439	19.317937419542094
4.487616965928377	5.908258852027345	19.254963087098524
4.523719756889466	5.992244220089881	19.194009322894527
4.561011129984057	6.077447518723626	19.13481251792132
4.599502006431381	6.163945082141058	19.077575637497073
4.6391923858771165	6.251736881626608	19.022299255116607
4.680187359052002	6.3412433483292725	18.970324467384803
4.722294279793668	6.431656153403869	18.919117640609333
4.765611377210368	6.52340710695325	18.87002654211158
4.810138649766175	6.616496084499425	18.82305180242806
4.855896833594386	6.710975135575147	18.778443795942092
4.902858275856952	6.806774483111067	18.735870210288127
4.9510436627725	6.903944750052712	18.6955866178448
5.000452991468266	7.002485703578879	18.657593708161507
5.052085494729831	7.104385058262704	18.63346011160482
5.1039803012988125	7.205562806803285	18.60020257199506
5.1571103203227455	7.308128667362311	18.569428258094494
5.211475547403107	7.412082283464605	18.541137916293064
5.2670978646809425	7.517425515751669	18.51563887853289
5.323948084313634	7.624154938832992	18.49252315717323
5.382047967043693	7.732269008682117	18.472104164072288
5.441397506744946	7.841767228807611	18.45438270100413
5.50210382528513	7.95247803014512	18.441377287147006
5.563958528550648	8.064699083868602	18.429265610718655
5.627074038476362	8.178274770106487	18.420083790975532
5.691450346980326	8.29320443386324	18.413832677479366
5.757096874195984	8.409405980198741	18.41087640751743
5.824001039311788	8.526987196796261	18.410731478742278
5.892172049425254	8.64586005038848	18.41376882149248
5.961609894255999	8.766023707809214	18.419989320927527
5.968633208154228	8.801721928428705	18.90464320297356
6.03995771495347	8.915987295033114	18.911568376938124
6.112358230500248	9.03145197959814	18.921801706903757
6.185834743147449	9.148115038192206	18.935343973923693
6.2603946754879924	9.265764597422638	18.952561914904496
6.336028101732451	9.384680804953994	18.972968368237673
6.412742146920744	9.504643529066351	18.996936132707027
6.490536797158656	9.62565164371312	19.02446598318476
6.569284064101725	9.746027987089283	19.057813031788527
6.649195497317394	9.868904157776853	19.092681295084507
6.73017482486146	9.99262289794847	19.131369090892267
6.812222030460188	10.117182888711074	19.173877156220385
6.89528718973639	10.242214070993601	19.22058152845581
6.979436828545635	10.368206616685601	19.270982485728698
7.064620613834517	10.494779153590756	19.325461468050488
7.150838526880975	10.621930164393344	19.384019135172178
7.233974759764628	10.731095083934365	19.461400503655792
7.321851823097609	10.85878715483081	19.527818311303385
7.410705594232754	10.986730858989441	19.59854471841455
7.500536052232803	11.114924499565346	19.67358025917127
7.591212291208946	11.242796598403537	19.753251594836044
7.682908801717279	11.371105023187953	19.837124282198
7.775494162640475	11.499264076783607	19.925528345998554
7.868968350925781	11.627271890896575	20.018464141462456
7.9621676474364635	11.751006118777	20.11751906089541
8.057237693958642	11.878211989259675	20.2195918586685
8.153075797187906	12.00478936289476	20.326376104659246
8.249681932462918	12.130736241022118	20.437871916120038
8.346818044383243	12.255244927531834	20.55426579575429
8.444801481791576	12.379387620998129	20.675309105429143
8.543393598959291	12.502340402608484	20.80118790717055
8.64259437034925	12.624101202724018	20.93190201963259
8.647576219456685	12.51555143647038	21.07001834683403
8.744482023316426	12.63326143460184	21.20241261543955
8.84185437537599	12.749306042419821	21.339530599739632
8.939693251492345	12.863683303270143	21.4813718740511
9.037647930859865	12.975424362051053	21.627886724477342
9.136185985744769	13.08581652966466	21.77914014262518
9.234956138715388	13.19387574391377	21.93507741237817
9.33395836684379	13.299600146620774	22.09569774469492
9.430543324611417	13.39657220592967	22.259565852025844
9.529654760570894	13.49692872568234	22.429206926503646
9.62872209404624	13.594230983515839	22.603369418335426
9.727745304876683	13.688477345514698	22.782052161083765
9.82624105641897	13.778546501722044	22.964825042978774
9.92485375403642	13.865930007112555	23.152258511413724
10.023099632399644	13.94949499519562	23.343911584195702
10.120978675845883	14.029240196594138	23.53978272917033
10.19297935265844	14.056296037547202	23.71036446518056
10.28920566887418	14.128254517745706	23.91231550086965
10.384729970957958	14.195682714383143	24.11801765113973
10.479552249319916	14.258579850256233	24.3274691123204
10.573073150228376	14.31583939860659	24.539760232547085
10.666091795997543	14.368935432166701	24.75609947696584
10.758008688454495	14.416757803122515	24.97556196313657
10.848823825843183	14.459306369156138	25.198145681556237
10.93448393100177	14.49031661705059	25.41656546048507
11.022622791587457	14.521801132231843	25.644376833507238
11.109235738027646	14.547343734383762	25.874506562258908
11.194322777622244	14.566945015122121	26.106952587072787
11.277212500672125	14.57974462136035	26.3402780806279
11.358800145340732	14.586891735397614	26.576394086416247
11.43841457663842	14.587533951730524	26.81384800820481
11.516055811627032	14.581672653123627	27.052637926852686
10.640117100224948	13.649614823690886	25.293574386561023
10.714822368757913	13.685053561117419	25.489023917084566
10.788450074134891	13.71555488672882	25.68649748979139
10.861000219548137	13.741119059239033	25.88599362749984
10.931889961792768	13.76107889133157	26.08640966810008
11.001896438301799	13.776325032624532	26.289212404272156
11.070436952790878	13.786194614980236	26.493287676874665
11.137511515292868	13.79068845150475	26.698634066739427
11.199473950503199	13.786640286945472	26.897296496538612
11.263240662892255	13.78023446706584	27.104193550004908
11.325157889283528	13.768131312314395	27.311498752310786
11.385225646431552	13.750332180550194	27.51921088886984
11.44288047032005	13.72653861999483	27.725899947456014
11.498873690664064	13.697152161477346	27.933470046177355
11.552642302643493	13.661887193728488	28.140483049766097
11.604186329065971	13.620745565176625	28.346938097660203
11.62932585585534	13.568609118649903	28.484205904337173
11.676555045578938	13.517697942909667	28.68806126531451
11.7212489779432	13.460925459059927	28.89041521749231
11.763407679816229	13.398293844606755	29.09126735230697
11.80256689461614	13.330021886127106	29.289061513372015
11.839345696381887	13.255823157386029	29.48587208522284
11.873280490369924	13.175934683757385	29.680142167564565
11.90437130605032	13.090358853621568	29.87187192374641
11.930275441610405	13.002153532434338	30.05151643584278
11.95553813556971	12.905794019051044	30.237219942320536
11.977706311505484	12.804112972105786	30.419381479213254
11.996779998936882	12.697112783957	30.598001817438107
12.012479717126304	12.58559699597295	30.77165972467172
12.025178174158636	12.46849965784854	30.94225247389506
12.034596557826596	12.346642497447487	31.108367595331877
12.04073489499108	12.220027691691797	31.270006447641112
11.980798482669753	12.324859093737654	31.001422090592747
11.987772530302632	12.201944492513858	31.16154332775391
11.991473819952969	12.074663015305813	31.3169284611233
11.991902375635771	11.943016608392034	31.46757901580022
11.988956174430768	11.808139690141603	31.612377924313503
11.982771298286586	11.668523867453859	31.752818533711103
11.973246227319313	11.525317063187414	31.887797818961257
11.960380979592609	11.378520741298596	32.017317716716626
11.94440905292682	11.236252760360575	32.1358541050984
11.925045672340735	11.083274241299916	32.254129061300624
11.902359115358468	10.927587064824149	32.366397669071134
11.876349392520016	10.769192085139352	32.47266210337707
11.84717251513148	10.609521811257506	32.572352623117794
11.814620485712831	10.44666765711849	32.66623402351895
11.778849472770029	10.282066046033412	32.75375421266378
11.73985947840492	10.115717148345366	32.83491540581163
11.710553225368146	10.014518540729707	32.89149781260407
11.666617139586245	9.845819775327286	32.962125351822706
11.619618854465287	9.676265730128238	33.026246790286095
11.569558364580622	9.50585596549597	33.08386421124336
11.516819552166686	9.336036475616512	33.134994822007606
11.460890555102138	9.164877716884677	33.17962029346905
11.402155044904456	8.99381955485535	33.217773155909974
11.34061300865438	8.82286094249629	33.24945516565047
11.279312421281968	8.660552519612164	33.276413461138844
11.212589885981227	8.490592950682203	33.2956043822945
11.143374573942545	8.321611387659567	33.30853579837184
11.071666466423817	8.153606311604102	33.315209008883684
10.998017963860962	7.987775273298644	33.31616429354004
10.921692485036656	7.8225177047479	33.310683868579545
10.843241944086847	7.6590176372428935	33.29931610798317
10.762666318439507	7.497273241450447	33.28206176987295
11.444943377421518	9.442035252754426	33.096476647899564
11.393425001146124	9.272582145995646	33.142790993208735
11.339031463834813	9.103118521113833	33.18277745921897
11.281762754586607	8.933643494647287	33.21643785559357
11.222090950556721	8.76548394645725	33.24400828728261
11.159386584705466	8.596868204578573	33.265177826954876
11.094121408841724	8.429113940727445	33.28019524942974
11.026295405964348	8.262219777058018	33.28906193030292
10.959361587690603	8.103764539173469	33.29469222905739
10.886861662937992	7.939254935445001	33.2917959413287
10.812158552484187	7.776375626022281	33.283075602410285
10.735252235205861	7.615124898980953	33.268532074771365
10.656737891351714	7.45651149144261	33.248841360794415
10.575821895908065	7.299186259056376	33.22310368224466
10.493098906064114	7.144143492586099	33.191999610026784
10.40856889867113	6.991381315959785	33.155529460857224
10.351502758958246	6.884182166525492	33.14981534698243
10.264097331341823	6.735114005967537	33.10448214716102
10.175256398473362	6.58882108588987	33.05426909712636
10.084979937026533	6.445301515827073	32.999176036417424
9.993897730148285	6.305159676342734	32.94010620716422
9.901170013644888	6.167585404502616	32.875854519969025
9.807426035825005	6.033168477508186	32.80732094776174
9.71266577502577	5.901907139708104	32.734504873792105
9.620745550163742	5.776449944556581	32.66341880595083
9.524335919623573	5.651592729624218	32.582728083421785
9.427315738888145	5.53013702560608	32.49836848904695
9.329684989278894	5.412081318711466	32.410339049353134
9.232025826466074	5.297624502147466	32.31957695584422
9.133562002422218	5.186498105342343	32.22483012672773
9.034875272810025	5.078890218637372	32.12702685497274
8.935965622859829	4.974799645035672	32.02616591969778
9.031371825981099	4.997011813481367	32.253966220385145
8.930496407444645	4.890356870394471	32.15034650524118
8.829569119270333	4.787353648491277	32.04393016871805
8.728589948351175	4.688001085525288	31.93471584240928
8.628084874909952	4.5922421759667955	31.82359751071987
8.527352565201928	4.500150756739859	31.70937991308364
8.426918739193686	4.411662886120977	31.592945651953706
8.326783388395084	4.32677787603269	31.47429326954948
8.229836251884752	4.24440471619587	31.358729382333618
8.130522937602949	4.16649242329858	31.23615574668171
8.031816100354584	4.0920580926943915	31.111888734553744
7.933715736078248	4.02110139522914	30.98592689166235
7.836618551895385	3.953343846995553	30.85899431096829
7.73999559889643	3.889156267042101	30.73012220066826
7.644243531825169	3.8282589154847897	30.600023322786985
7.54936235064908	3.7706517896878498	30.4686963023406
7.471326202767748	3.701141346538299	30.370673780639667
7.377645330294712	3.649212846843781	30.23694119736745
7.28505756046245	3.600373380159099	30.102372027857324
7.193562896627523	3.5546232185143234	29.96696500676376
7.103428200586474	3.5115810177134277	29.831263293206987
7.0142976668702675	3.4717560681733755	29.694539856637867
6.926438267514094	3.434770181742436	29.557328415920033
6.839850008709439	3.4006238602050285	29.41962786796087
6.7557990030491135	3.3667520369454937	29.2844470353532
6.671809560295511	3.3379826338280383	29.146024756453873
6.589229213913287	3.311797334827219	29.007406227937032
6.508057972268622	3.288196817974127	28.868590520363554
6.428445059406088	3.2667899098754054	28.729955923075753
6.350191530804333	3.2480998665637197	28.590996030182342
6.27344682531375	3.2317414856518214	28.452082457388887
6.198210952851229	3.2177155708468907	28.31321445030192
6.720307773500687	2.8141530460115796	29.831657499379848
6.623464713438465	2.7778870942919314	29.68000821976876
6.528170502567702	2.7445811372504973	29.528165969804384
6.434425151024114	2.7142359963290077	29.376129509735613
6.342406296484891	2.686348766991951	29.224329887237904
6.251877114112658	2.6615920470536327	29.07218967899295
6.163015503336508	2.6394702143957387	28.92013102359942
6.075821476296779	2.6199842529230994	28.768152916112818
5.990994506018008	2.5999804395536774	28.61854131718511
5.907131930197918	2.585427075563567	28.466901586203655
5.825015685294283	2.5732027250523055	28.31556183936153
5.744645784721299	2.5633084751637725	28.16452129032356
5.666084503498527	2.5553023270066872	28.014049773736687
5.589248840152235	2.549776196588	27.863785845488426
5.514201394216798	2.5462970320432787	27.713993921341192
5.4409421797496345	2.5448659726457734	27.564673411974656
5.370318424367113	2.5227908935658974	27.42832509794628
5.3000758718555545	2.5250893467785347	27.2797114154964
5.231645568165282	2.529189112868651	27.13170574079537
5.165027527640635	2.535091354362741	26.98430764866708
5.100203580841154	2.542444536328412	26.83768109488243
5.037197987000978	2.5517200718794126	26.69160660541904
4.975992913861452	2.562575684074737	26.546245394049603
4.916588375549108	2.575012517788932	26.40159717958752
4.8586782418595185	2.5869724610087808	26.25849844053756
4.802807355165086	2.6023686235832404	26.115333158961164
4.748707697087942	2.6191573190808786	25.97296390857318
4.696379281276544	2.6373396536312352	25.831390525552834
4.645756205825478	2.656664586800233	25.690713909573052
4.5969263712369335	2.6774693754446384	25.55079922843702
4.5498241914076605	2.6995116302948325	25.411746522661417
4.504449679314197	2.722792403024918	25.27355572270989
4.429111529844248	2.6041057000388936	25.18375320479484
4.384385581080347	2.6293353537522406	25.04522730014623
4.3413919909308065	2.6556744566127786	24.90762151768165
4.300130772233904	2.6831240490895225	24.77093585528098
4.260504974211847	2.7115135080035175	24.635235042447075
4.222643893757674	2.7410726965533883	24.50043282262564
4.18645087410294	2.771639033980458	24.36659421881484
4.151925927166845	2.8032134862674893	24.233719290344517
4.118425634643222	2.8348531343056043	24.102151061734432
4.087163172934508	2.8683546507477056	23.97122712949681
4.057502200898552	2.9027887170714917	23.841305382895357
4.029442729512598	2.9381562229195897	23.712385929105267
4.002885101079382	2.9743680959870105	23.5845211567168
3.9779622173555396	3.011545111429299	23.45764149780981
3.9545746703931175	3.0496050219761464	23.331800400064246
3.9327224702297947	3.088548641123953	23.206998008651297
3.907471042963743	3.122831023554169	23.085290455069927
3.888608894119302	3.1634419203322244	22.962495491884784
3.8712173634103606	3.204907669448861	22.840775167386578
3.8552964599582427	3.2472290101352255	22.720129657415423
3.8407571706337706	3.2903813361006335	22.600612941139516
3.827718200152229	3.334399120629007	22.48215348004009
3.8160907418038055	3.379263393608231	22.364806803164516
3.805874803825312	3.424974822584645	22.248573113499685
3.7965576586000402	3.4714500245709665	22.133794091307763
3.789119556043488	3.518849677753419	22.019819581994376
3.783039080178591	3.567104322720083	21.906999450361447
3.7783162383914437	3.6162145580716563	21.795333924556626
3.7748804921437626	3.6662048682538693	21.684888645620074
3.772825909376052	3.7170439491182563	21.5755766455952
3.772082117667197	3.7687608161498565	21.46746551080085
3.7726491235897215	3.821356002014112	21.36055549455996
3.410027283322637	3.1760414551050284	21.306327699288865
3.4048635183668803	3.2255195342856755	21.19199594548159
3.4010505664213486	3.2757690050831156	21.078814602905222
3.398588434738096	3.3267904552348377	20.96678391664553
3.3973971107475447	3.378639693266832	20.855957974786552
3.3975832940923953	3.431243622073423	20.746265248751545
3.399067134892531	3.4846624867385807	20.637761884584936
3.401848639556499	3.5388968066383697	20.5304481479733
3.4055138311557367	3.594340159644255	20.424697887693185
3.410863479390185	3.650245855123219	20.31980475991284
3.4174667441202624	3.7070215304173724	20.216147329124272
3.4253236309564583	3.764667640224708	20.113725884624927
3.4343836414526874	3.8232730578412997	20.01261754073804
3.4447141193328905	3.882720295552827	19.912720176084235
3.456264690897899	3.943101623169691	19.81411332993737
3.469035360999728	4.004417433920023	19.716797319519486
3.4810351150266143	4.070256585278439	19.624274976481672
3.496355359318514	4.133431706995767	19.529590307242454
3.5128667443182935	4.197615088051516	19.43626137149464
3.53056927410819	4.262807059287626	19.344288518484618
3.549442145840195	4.329118439543359	19.253779265030637
3.5695131055669536	4.3964021934406645	19.164591101784072
3.590761439295135	4.464771550219207	19.07683447615333
3.6131871503709103	4.534226781066941	18.990509776237083
3.6367443763751606	4.60547723590541	18.90636503926967
3.661535322272834	4.677175706372191	18.822989898121794
3.6874981956162465	4.750041619970686	18.741134930089725
3.7146329989887543	4.824075186067118	18.660800568366504
3.742944953967876	4.899399103263835	18.582133449879127
3.7724271038241617	4.9758502089488665	18.504939111753416
3.8030847228611018	5.053552616039265	18.429367825378122
3.8349178128549974	5.1325064684940775	18.355420075939087
3.868069952328523	5.247796170716764	18.32572723880383
3.9031187780763945	5.328850339386681	18.255202309570357
3.9393220503834394	5.411257029519734	18.186428772121086
3.976679769955299	5.495016298304081	18.119407165026193
4.015225846480675	5.580246272726592	18.05433390835295
4.054915067913133	5.666789520795345	17.990948419751646
4.095781350728145	5.7547643149856595	17.929451629879317
4.137824694665477	5.844170634207066	17.86984414397395
4.181310023973641	5.935718035330206	17.813477790565887
4.225744411044253	6.028054613020509	17.75780278588207
4.271383221673863	6.1218970277873215	17.7041740490749
4.318226454487068	6.217245168161782	17.65259225846042
4.366321958423357	6.314200398636091	17.60331474307055
4.415605930650913	6.4126272224539	17.55600004501592
4.466126174445482	6.512625695711083	17.510911141092922
4.5178826871348665	6.61419560184134	17.46804878845874
4.5733428206436875	6.721932481970109	17.439547243978513
4.627657146671265	6.826618230676257	17.401348253371655
4.683238989826426	6.932928817385635	17.365579659811527
4.740088345901992	7.040863901130454	17.33224230196358
4.798259030472373	7.150482999703271	17.301665239725658
4.85767927819625	7.2617058449391	17.27341175348748
4.918402787273929	7.37458865787344	17.24781782014514
4.980429551715066	7.489130953023123	17.22488436271341
5.0440876794212395	7.605551772145241	17.20682061171696
5.108753438870769	7.723413055193269	17.18945108898874
5.174756685598517	7.842945400398051	17.174997115429445
5.242097411526773	7.96414815310744	17.163459695895305
5.310822354468964	8.087004054867176	17.155246813874196
5.380869176547173	8.21153443176779	17.149816899524044
5.452284400414299	8.33771601888041	17.147586102888
5.525068015565445	8.465547964843315	17.148555503486755
5.6458695179879905	8.67620482153422	17.75946374250018
5.722176386693102	8.799768920534941	17.76521813948903
5.799672686142272	8.924868779634563	17.774427944912908
5.8783584033694645	9.051503348010026	17.787094151345865
5.958274398254201	9.179494482493341	17.803657669309047
6.039366158482604	9.309077075435074	17.82353295798719
6.121674210192598	9.44006371090074	17.847168767243996
6.205198537660717	9.572453114593404	17.874566113862514
6.290019595671631	9.704749883376806	17.90851308065786
6.375953463536822	9.839737163040642	17.943712150055045
6.463112738222496	9.975939836819801	17.98299189019438
6.5514974009735605	10.113356384721346	18.0263533076159
6.641088958158219	10.251631651685624	18.07427614561241
6.731912021544442	10.391235416709222	18.126123055968186
6.823947622244733	10.531799351359913	18.18238138079126
6.917195738251242	10.673321672027644	18.243052071202282
7.008939172830402	10.797723850216892	18.32780128219914
7.10419986479973	10.940488030290052	18.397101591620693
7.200633758799853	11.083875976162377	18.471124595612054
7.298240829687085	11.2278856500822	18.549871128394894
7.396914092826013	11.371922027633541	18.63379919892831
7.496796133092299	11.516773506294111	18.722299932721437
7.597779340644419	11.661827781319657	18.815837026457796
7.6998636871534325	11.807082556811553	18.91441113087259
7.8019925072300005	11.94813003919288	19.020462363998003
7.906100813222465	12.09323695721242	19.129273325375042
8.011200825454898	12.238027171994094	19.24339787292477
8.117292512853584	12.382498165191388	19.36283639275226
8.224146208265099	12.525755209360966	19.487922845127812
8.332068060303685	12.668985256323394	19.61821256833258
8.440827648742307	12.811272845353516	19.754040950415664
8.55042494049417	12.95261529495625	19.895408024670143
8.565826228023715	12.83942255927175	20.08051423741558
8.6729768271003	12.976172310254796	20.224238403359724
8.780812009259275	13.111405970014031	20.373431793083824
8.889331742579468	13.245120951521537	20.5280941125462
8.998167962745748	13.376191602232037	20.688301081874485
9.107811347954495	13.506112776792149	20.85395066907219
9.217893086803425	13.633738364883758	21.025114153422628
9.32841314789867	13.759065822213932	21.20179076985296
9.436501655737098	13.874478038231107	21.383163242464708
9.547500634644004	13.99435683265041	21.570552568105114
9.658639063000756	14.111076325930158	21.76336016691081
9.769916911942085	14.22463417870559	21.961584759111098
9.880797768023106	14.333661221855788	22.164863003154217
9.991996785595312	14.439977861817232	22.373675922053405
10.102976920984498	14.542197864590161	22.587647700017342
10.2137381501922	14.64031928523649	22.80677652997603
10.295315928169487	14.673953713632717	23.002216714779866
10.404475994834849	14.76347639621867	23.228836819792377
10.513035646107694	14.848006140668065	23.4601407615913
10.620994865281133	14.927541592983099	23.696126307624073
10.727658789781161	15.000663525317792	23.935834304397737
10.833953872013028	15.069261726925944	24.18053808197742
10.939184957827154	15.131909402825	24.429259168962815
11.043352040361917	15.188605996919996	24.681994969497204
11.14165638341561	15.23110691396404	24.930666748255817
11.243119178970483	15.275184364441888	25.190253950823397
11.34301641454043	15.312424544524623	25.452958972795997
11.441348095222782	15.342827867321567	25.718779050946452
11.537305464125895	15.365215699769822	25.98605775357417
11.631966886881573	15.381161425521695	26.256997229653113
11.724523867668	15.389494142462176	26.529919454456138
11.814976425023765	15.390215353037831	26.80482175277883
10.791041778296684	14.195731060795564	24.841133105269655
10.875642262371839	14.242737230856635	25.05978276770788
10.959191034203862	14.284194231687136	25.281066493567828
11.041688094699172	14.320102136747275	25.50498238913835
11.122449355928062	14.349579735557633	25.73030124040705
11.202386944674723	14.373802748957793	25.95865755328043
11.280816887927605	14.391893498396097	26.188807080993758
11.357739195547385	14.403852783023918	26.420747936551233
11.428806705768203	14.405296176107065	26.64538160869161
11.502253298418136	14.404742947789623	26.87973778267477
11.573735531687879	14.397607321720468	27.114893552385855
11.643253424574807	14.383890837528128	27.350847235210846
11.710125715038448	14.363130145663025	27.585924050235942
11.775260804192069	14.335947237618287	27.8223534203431
11.837977968510238	14.301893884014591	28.058448972613245
11.898277235558954	14.26097231891842	28.294209438608252
11.926547709494995	14.202530105361095	28.448500541377992
11.982068691491957	14.15022294089806	28.681607961759294
12.034792751815774	14.091008220111604	28.913255424471533
12.084719924076435	14.024888666898683	29.143442229314292
12.131271644284022	13.952033884572032	29.37028855309515
12.175219413643337	13.872224425713982	29.596299792384755
12.215985507272647	13.785653058832763	29.819593813206204
12.253569963092195	13.692322857146852	30.04017066229465
12.284991308325106	13.595428576540549	30.246377569993157
12.316020082415829	13.489258481212294	30.460345538812984
12.343549173138742	13.376722766321784	30.67037116079321
12.367578619289052	13.257824575998617	30.87645530156754
12.387743161277994	13.133480237666857	31.076844526431724
12.404529900642435	13.002475174256555	31.27387945311575
12.417574463121014	12.865749822430747	31.465817151922746
12.42687688463672	12.723307093542195	31.65265930099452
12.348633763108076	12.840079424276468	31.317103879635884
12.359069217370463	12.702921907014332	31.502046523606687
12.365778786704732	12.560513601001716	31.681605689575562
12.368762503317537	12.412857116403561	31.855783268671637
12.367866706148233	12.261292781244656	32.02319319121477
12.363296345967472	12.104039112435833	32.18568848015079
12.35489844155412	11.942454710110784	32.341900812005406
12.342673017614759	11.776541576596708	32.49183266405836
12.326720704910835	11.616023191916256	32.62860820520081
12.307043133669344	11.44266376043289	32.76556786053843
12.283539564127631	11.266035564495825	32.89556829048245
12.256210011168681	11.086139810286149	33.018612324994315
12.225216879745323	10.904714417395237	33.1339936878366
12.190343655358907	10.719444221342092	33.24266079455701
12.15175297233358	10.5320729010671	33.34393046232205
12.109444834329416	10.342600753198273	33.43780560046974
12.077875363986722	10.231888500250637	33.501633833149825
12.029948139634078	10.039635168770147	33.58341644485841
11.978477796889955	9.84636165796453	33.65762883198238
11.923464329398815	9.652067452753798	33.72427374096806
11.865351783551015	9.458514769593062	33.78338472328749
11.803548073960727	9.263352079406829	33.834923125096196
11.738496985873438	9.068333965696803	33.87894269743195
11.670198502887077	8.873459099169285	33.91544575133688
11.602227499341158	8.68910341644328	33.94668985454147
11.527948663086267	8.495477291879839	33.968728406434685
11.450789939010452	8.30305930419863	33.98352522517933
11.37075130297964	8.111847497471084	33.99108200461139
11.288484835865063	7.923283059830267	33.99208842959895
11.203121035526767	7.735439465155877	33.98562827230964
11.115311355786604	7.549740466019789	33.97240166540537
11.025055767547112	7.366183704239358	33.95240956944009
11.793070268355388	9.641609768726948	33.69895220971495
11.737605229707768	9.449407028796307	33.75484726694899
11.678804696901791	9.257112893337059	33.80341907536181
11.616668657103213	9.064726322207237	33.84467003576068
11.551736967296534	8.873860302918809	33.878878304009106
11.483289780929582	8.682361167407043	33.90567816276057
11.411866559878561	8.491830679865451	33.92536463823478
11.337467283064909	8.302267131996903	33.93793956577493
11.264093249954863	8.122856134586858	33.946932616527484
11.18426892709939	7.936026144481046	33.9459426546092
11.10188242763349	7.751095862858195	33.938240515749605
11.016933724910658	7.568063130172102	33.92382735539265
10.930117456828246	7.388142174453106	33.9035331115832
10.840507374576626	7.209708761452616	33.8762532907068
10.748797454062156	7.033958827258396	33.842823979460576
10.654987665926694	6.8608899925610025	33.803245605285056
10.593245025998684	6.742259315548474	33.80140802592277
10.496127657438711	6.573424196948021	33.751780575687235
10.397341659469863	6.407856084932864	33.69659701444288
10.296887002523256	6.245552583114515	33.63585713767451
10.195501633345595	6.08721715833131	33.57066460788795
10.092201555454986	5.931906385421693	33.4995468779531
9.98772403912682	5.78030526717131	33.423603356372695
9.88206905706905	5.632411591716389	33.34283323474493
9.779742619960073	5.491202236718348	33.264529632600116
9.672178216692389	5.3508041298528655	33.17493492828203
9.563910428732546	5.214385383699282	33.08125696247868
9.454939232805373	5.0819441119381	32.983494461890956
9.345942354103798	4.953676000505789	32.88277343523819
9.236016108876722	4.829316069596978	32.77758928404572
9.12583772721905	4.709046649285867	32.66905642486257
9.015407191047174	4.592866273999469	32.55717327088077
9.129720938323869	4.6191232782314	32.83725334676914
9.016931285177012	4.499363146888532	32.72221265207033
8.904075254198812	4.383850533280659	32.60412014647828
8.791152829360986	4.2725841384073835	32.482974053697305
8.678774278051904	4.16544753201871	32.3598344795699
8.566125877992652	4.062593326364137	32.233283701463066
8.453817582367149	3.9638967368259332	32.104367111818924
8.341849381170228	3.869356952542654	31.97308283255139
8.233539531126183	3.7773635290631855	31.845648515906337
8.12250282889023	3.6908267140006052	31.710220345455784
8.01216027477159	3.6082654506160456	31.573035837072936
7.902511864443494	3.529679388249618	31.434093134555898
7.794008037900911	3.454689320955826	31.29422346370526
7.686048202665486	3.3838003851144225	31.15231428386152
7.579082751339218	3.3166323023793085	31.00918243748557
7.473111684655007	3.253185132147809	30.86482618890539
7.386020114524842	3.1732887164911654	30.75879971094088
7.281354641918377	3.1162143673906386	30.611972023569308
7.177933557058833	3.0625963388542825	30.464360971113635
7.075756864860308	3.0124350291413915	30.315964972592074
6.975117076902166	2.9652397355381974	30.167382259516415
6.875624192116744	2.9216658930566006	30.017811684531516
6.777570875217347	2.8812271586586116	29.867839755967825
6.680957134497674	2.8439242045008655	29.71746511367202
6.587127741630115	2.806514231327444	29.56993967896851
6.49344275827995	2.775109876730638	29.419026913613585
6.40134457240216	2.7465187159627464	29.26802437042158
6.310833194791552	2.72074162388087	29.11693091900496
6.222060654096287	2.6972917515811683	28.966140661529046
6.134824272120463	2.676820392249525	28.81512568362097
6.04927635142632	2.658848299523038	28.66427202108696
5.965416904498726	2.6433764852287314	28.513578769457762
6.547211875618326	2.1377204723169387	30.270134496215032
6.437891889294607	2.0969444529426964	30.103351854687613
6.330323192894589	2.0594661210002494	29.936524382281707
6.224505799839194	2.0252865641783835	29.769650517201885
6.12063011732933	1.9937648315480505	29.603188647586258
6.018442302401156	1.9657582234494873	29.43652421349166
5.918133104776475	1.9406353040623623	29.27010444806931
5.819702540140446	1.9183973445791043	29.103928103740113
5.723841439094247	1.8950718328219627	28.94035599614892
5.629147189851726	1.8781844495624254	28.77483819955726
5.5364105565340695	1.8637957880938125	28.609785898925036
5.445631556139289	1.8519072260076053	28.44519813281633
5.35686139975477	1.841968384023703	28.281336112081306
5.270031846076797	1.8347163547963592	28.117849531001674
5.185194514296117	1.8296119998185314	27.95499301257575
5.10234942192282	1.826656738182822	27.792765847257368
5.021424500322714	1.7977570693926257	27.643337879724374
4.941882879581347	1.7986990977501172	27.482071090818675
4.864348156640187	1.8014847126021447	27.32155918493366
4.7888203491185	1.8061153418894564	27.16180165754952
4.71525584106769	1.8121613286319698	27.002935832542757
4.643712827788997	1.8201988475572437	26.844777587690007
4.574148104972291	1.8298095357373034	26.68746100199661
4.506561689719575	1.8409947791915549	26.530985745500818
4.440459321690538	1.8512598257359025	26.376000991457204
4.376737274561395	1.8653518281623955	26.221243237612583
4.314944907711658	1.8807893889446516	26.06738904762287
4.255082237445902	1.8975738294751074	25.914438229218533
4.197051616586397	1.9154029075590975	25.76245851820225
4.140983278588423	1.9346826291201036	25.61135924599472
4.086779951651914	1.9551210295448902	25.4612071163483
4.034441651088232	1.9767193497316988	25.312002043318767
3.9393363419607867	1.8255308263656516	25.203274491903322
3.887461866688879	1.8490127171418844	25.053807784177433
3.837448597621655	1.8734888969383094	24.905333979607448
3.7892965498175717	1.8989605861565675	24.757853068401154
3.7428723598891334	1.925223717088215	24.611392717387005
3.6983538797844697	1.9525531434698002	24.46591607076788
3.655608089463635	1.9807541857306274	24.321451035869078
3.6146350027500582	2.0098279641803742	24.177997665334324
3.5745661561094346	2.038651125214854	24.03566890268417
3.5370420264105653	2.0693653721685195	23.894239218404508
3.5012004094397944	2.1008615093416405	23.753835255117085
3.4670413178017685	2.1331405582686767	23.614457110534506
3.4344311704850283	2.1660954366317515	23.476121026731352
3.403548103925704	2.1998712242018894	23.338805605044715
3.374258823026008	2.2343686505964837	23.202528052501975
3.3465633392159697	2.2695886421539697	23.067288499423675
3.3139225409844033	2.2989284890459207	22.933436419979905
3.2893256917687346	2.3354828278981183	22.800190530166685
3.2662362485311434	2.372722992545021	22.66799464064285
3.244654221588536	2.4106498191127868	22.536848905359953
3.2244608664267886	2.449231240987436	22.406771385666968
3.2058145322654537	2.4885118939398225	22.27773837577701
3.1885967078350985	2.528466081019644	22.14976928196472
3.1728074024175617	2.569094554466799	22.02286427711441
3.157761405005021	2.610279880117208	21.897139029134962
3.144768572667726	2.652248277717231	21.772372224390686
3.1331321268467964	2.694897318263059	21.64868630014005
3.1228520758636207	2.7382276761556477	21.526081445540093
3.1138331788553306	2.7822639711555563	21.404586015402842
3.1062024423151615	2.8269748905044545	21.28416265813866
3.0998648130115716	2.8723901755915295	21.1648413288391
3.094820298384719	2.9185104293989843	21.04662223255258
2.60721559294071	2.0889860832719944	20.91188609527096
2.594935171157159	2.1301872459046987	20.786677842718696
2.583970659822311	2.171888282229793	20.662507810297743
2.574322067002393	2.2140898459688425	20.539376184636016
2.5658755518298997	2.25684667642688	20.417290250750828
2.5587829201765313	2.300087250580021	20.296240735852294
2.5529305125074124	2.3438712565558295	20.176236462185486
2.5483183359726076	2.388199273826132	20.05727762257411
2.5443396272224295	2.4334615155355257	19.939435581165277
2.5421642681462826	2.4789173438700427	19.82257692024694
2.5411646389844136	2.5249729378783132	19.70677607169992
2.5413407460670716	2.571628810590784	19.59203323720067
2.5426147772661665	2.6189767987178363	19.47837296723619
2.545090496246577	2.6668956009606535	19.365763008568816
2.5486902330812233	2.715480933837384	19.254229583017924
2.5534139933738	2.7647332514953793	19.14377290500694
2.556051746270851	2.8183204487362477	19.035406493185995
2.563148012864329	2.8688948115373027	18.92712112971535
2.571322326651071	2.920214877295585	18.819938237927005
2.5805746925432773	2.972281044116877	18.71385804855557
2.590863398783208	3.0252130514340663	18.60892650640004
2.6022440720179247	3.0788521357317045	18.50508290825766
2.6146751105209813	3.1333210364271595	18.402375129582765
2.6281565186133875	3.188620103713525	18.300803423787038
2.6425310957872354	3.245534477004783	18.20070737734234
2.6581157638526607	3.3025758093041704	18.101448938843284
2.6747334917817867	3.360538800158254	18.003368510090542
2.6923842833392237	3.419423754667142	17.906466373012897
2.7110590201338027	3.479372611613584	17.810815561020124
2.7307698683685446	3.540196795855288	17.716319382401572
2.7515077931467595	3.602040518299307	17.623053246845235
2.7732727977016336	3.6649040409768507	17.531017471521555
2.79122838999979	3.769744480297418	17.459585835622192
2.8161738460534513	3.834398652506761	17.370186757087506
2.84211532289293	3.900203009238604	17.282090499771932
2.8690528229946293	3.9671577511913063	17.195297420694843
2.897015803323936	4.0354188634662655	17.109917091564782
2.9259649932841842	4.104778800097272	17.02580429190924
2.9559299029608987	4.175394982958601	16.943071619155678
2.9869105343067903	4.24726757030629	16.86171948245092
3.0191771300391097	4.321409939562411	16.782530620474805
3.052232637324258	4.395903880110977	16.704032713697416
3.086331612688335	4.471764677411059	16.627007561380516
3.1214740575017217	4.548992442524193	16.5514556337628
3.1577141686612267	4.627755497326546	16.477533050488738
3.1949796863077915	4.707829629039708	16.405032806673603
3.2333248329228788	4.789383833651734	16.334115006577417
3.272749609213082	4.872418168427971	16.264780191342563
3.3163942999846845	4.965160929510156	16.204628562624393
3.358144972190635	5.0512805504713665	16.13864088767239
3.401016174322848	5.138997754316063	16.07436795522121
3.44500790627929	5.228312532774988	16.011810388238437
3.490196438343117	5.319396265479295	15.951185480763817
3.5364800758220007	5.412020366712919	15.892205036410099
3.5839350770462453	5.506355847698741	15.835091614150386
3.632561440973401	5.60240262395212	15.779845929741882
3.682901633697215	5.701236642886512	15.727991068337603
3.7339385692483194	5.800817967064198	15.676658550664806
3.7862032953290763	5.902221493372272	15.627371264360656
3.8396958097484544	6.0054470442402	15.580130029391375
3.8945085686711836	6.110654382259049	15.535230241994801
3.950518290989004	6.217629986387056	15.492280047967943
4.007817366967425	6.326531750625766	15.451581736879778
4.066405793011234	6.437359383603933	15.413136244010445
4.340445015518893	7.0264102944227105	15.930474131833105
4.408140176061378	7.140784814592233	15.901851380308713
4.477023977201839	7.257240552048706	15.875933069672488
4.54709641168399	7.375776918711629	15.852720249135094
4.618487335360154	7.4964459015473786	15.832620299704677
4.691023588452558	7.619176673826866	15.815092595903929
4.764834833810853	7.7440158337454275	15.800553214773936
4.839921062014498	7.870962617822144	15.789003327519653
4.91703684902256	8.000180843029765	15.783206789131805
4.9947406309861835	8.13133938071649	15.777944756717702
5.073798824110608	8.264604002257629	15.775991432578206
5.154211416331605	8.399973729916368	15.777348106517703
5.236083613147902	8.537406198291631	15.782529464084924
5.319275109884073	8.676955408379843	15.790852359038015
5.403890795488521	8.81857017533743	15.802841987083614
5.489930654721233	8.962249264048554	15.81849974588532
5.581700576259856	9.10544773987324	15.86137945392048
5.670479607303838	9.25298544937242	15.884662364687264
5.76073890985524	9.402488380318587	15.912001805984273
5.852478464997031	9.553954999594609	15.943399255692444
5.945757489370698	9.707178069229204	15.979471469225379
6.0404969798763055	9.862430050596863	16.01939960093613
6.136755663807558	10.01949010124871	16.063812126648386
6.2345335179598695	10.178356340585792	16.112710572903932
6.333979878929368	10.337188958309856	16.1700319677962
6.43477208866252	10.499402170656792	16.22830128521176
6.537099789350772	10.663183500014798	16.291509070815216
6.640962953010389	10.828530678462421	16.359656844294264
6.746343845806141	10.994978260868885	16.433430618858328
6.853266043351197	11.16314120812671	16.511919200106437
6.961711099554895	11.332534321506479	16.595820080395804
7.071678981244273	11.503154912529444	16.68513469752303
7.164681886851215	11.54321621432141	16.950639552068303
7.274824915165193	11.712609225182282	17.047148499452987
7.386430382396311	11.882744622445	17.149382430246458
7.499498251982016	12.053619442924004	17.257342555165348
7.613887683359056	12.224441218376876	17.371670716868028
7.72978637457864	12.396259330486997	17.49151372791604
7.847052573305877	12.568256101412864	17.61752159955355
7.965686238071658	12.740428170320614	17.749695254659645
8.084279994658662	12.906815926657591	17.891454250159324
8.205409366590972	13.078585960942084	18.036187180133933
8.327760295312975	13.249826202299511	18.187473470176784
8.45133273518342	13.420532951768038	18.345313619850433
8.575817559718018	13.589473400802905	18.51017261021508
8.701626828507012	13.7582824558085	18.681431176203645
8.828450309403921	13.925696872174752	18.859555653806137
8.956287953849424	14.091712714446718	19.044545971838048
9.06565837003598	14.19726659009915	19.2470462622517
9.194291210455003	14.359005197425649	19.443878139763147
9.323673040112537	14.518363176658191	19.64770628131759
9.453803810252063	14.675336576360104	19.858529934801503
9.584156589898267	14.82825164686168	20.07639402488331
9.715433841315065	14.979330947457404	20.301236223994483
9.847107505612982	15.126869902212059	20.53309187577833
9.979177536129272	15.270864729376969	20.771959409461015
10.10749750048694	15.400046264825374	21.016020486058867
10.23978018688284	15.535702897693255	21.268355560045244
10.372027667718557	15.666541376792173	21.527488364784205
10.504239902284437	15.792558402837692	21.793416458909466
10.635638014572429	15.911745135268163	22.065457460208822
10.767260419083776	16.026772990052315	22.344514785135402
10.8983273871819	16.135610206178026	22.629882973349666
11.028838888540227	16.238254325849706	22.921558733742998
10.011949846393025	14.419288966273125	21.85527177946689
10.122140404612024	14.53492441891678	22.073085560162223
10.232357611964645	14.64620818153407	22.29626027767698
10.342601441171217	14.753138043263808	22.524794122463117
10.45217603205546	14.854233168972161	22.75804917994882
10.562009140674355	14.951463344535416	22.99687130144218
10.671404343847584	15.043332636167987	23.24060578959737
10.780361622074864	15.129839463483878	23.489250281862887
10.883989419160654	15.201872012929917	23.736667658549393
10.991469757843008	15.276772745529442	23.99413649099884
11.098000823452221	15.345311874586244	24.255828617518834
11.203582607161582	15.407488684745832	24.52174125335452
11.307374250916256	15.461874431106544	24.79050653525299
11.410496889060395	15.510373318394096	25.06394155309428
11.512109593581526	15.55155525328018	25.340655352571645
11.612212368926876	15.585420596187163	25.620644929390366
11.669829215180739	15.556474404549647	25.82809236104114
11.76599676692248	15.577013351709164	26.11083175244185
11.860124992278216	15.589523377982808	26.395707309028356
11.952213909327085	15.594005948581355	26.68271613457523
12.041361824826065	15.589481052667914	26.96978869089557
12.128771051334523	15.577259820851202	27.25967787370638
12.213540479554414	15.556378881512874	27.5502928348135
12.295670142549993	15.526840914321369	27.841631079651098
12.36962688737751	15.484831195771672	28.119063520799973
12.445925435539952	15.437982952744154	28.410073974589842
12.519002357133088	15.38212349588118	28.700222719290753
12.588857698573577	15.317256586986964	28.989508027127407
12.654659585432144	15.243264057810032	29.275364083213276
12.71751730118948	15.160312994798797	29.561208808733955
12.776600174676702	15.068318615512862	29.844467423310483
12.83190826245907	14.967285504242643	30.12513930255632
12.657729177087054	14.868498909890763	29.658785634496393
12.711127475185064	14.774585697959088	29.930010059557684
12.760726853583584	14.672144193418264	30.198013532837763
12.806527366695027	14.561178806082909	30.462795999267964
12.847885415380986	14.442345149589563	30.721896670687816
12.885659261464525	14.31477957888254	30.978597504611045
12.919206612280318	14.17917355898264	31.230442808814544
12.948527524271288	14.03553166426554	31.47743379139143
12.970658419920888	13.890912908580095	31.705041669864617
12.991412482347034	13.732401834283989	31.940979672929434
13.007620896135105	13.566683677590065	32.170558126167684
13.019283713752648	13.393762690692414	32.39377947695041
13.026100913816348	13.21530995571746	32.60861740227411
13.028472639914229	13.029106689490012	32.8177803076983
13.02610000376884	12.836854539822129	33.019266199763514
13.018983047982289	12.638556959370217	33.21307859590516
13.002940845883662	12.519184681300162	33.317764378147444
12.988453217012049	12.312557659747968	33.49832826406586
12.969165277438044	12.10115102978092	33.67030228180063
12.945077056803894	11.884967193733132	33.83369060571409
12.916302080571322	11.66632399741227	33.987352178879426
12.882689036474426	11.442135438505321	34.13281848739522
12.844351962004467	11.214732575398466	34.268983426134405
12.801290869515613	10.984116409326075	34.395851484408105
12.75568520606381	10.765516626003507	34.509456577393536
12.703667887910512	10.530148048221665	34.617838586071024
12.647142150292815	10.293185731194166	34.71658729995267
12.58610798778637	10.054629235308935	34.805707039310285
12.521097526337547	9.816916031421119	34.88518724626251
12.451401237824394	9.576793981530995	34.95505162048377
12.37755093791342	9.33669127024387	35.01532167237048
12.299546604745348	9.096606125990544	35.06600109493803
12.713041181189439	11.683934755801378	33.47692215886083
12.685115517109566	11.478932460627064	33.62087059662767
12.65279254489578	11.270619821844193	33.756403216479036
12.616072278763694	11.058997991546512	33.88352385816221
12.57521393789049	10.846249987761631	34.00157973624182
12.529871917015157	10.629466765678973	34.11145021318121
12.480305602851752	10.41083520873107	34.21251318086291
12.42651499423009	10.190355222081115	34.304772429986556
12.371361467804785	9.981779857195123	34.3869799678822
12.30964315120344	9.759026973028185	34.46196492003484
12.243989407199132	9.535869016136692	34.528081353128975
12.174400220288534	9.312304730064602	34.585332627863
12.101479057582779	9.090425331592753	34.63404194070219
12.024421249528757	8.867438743811379	34.67378561744221
11.943829763306075	8.645421907413827	34.7049106353317
11.85970457144028	8.424372595753264	34.72741959987893
11.805775952033775	8.296045766862742	34.766169161308696
11.71645589074509	8.076626697576414	34.775073464036055
11.624015268476581	7.859294557674006	34.77579528166898
11.528454050085404	7.644046499029532	34.76833638574732
11.430591760679151	7.432485477750732	34.75373875922935
11.329335613642419	7.222467210970934	34.730616366211024
11.22550425066098	7.015570203815711	34.70002097351761
11.119097632135464	6.811791246982673	34.66195331604925
11.015609586023908	6.61930322261984	34.62440157424376
10.904687389624424	6.422307172520785	34.57246025327319
10.791762429064558	6.229227311265153	34.51389078657853
10.676834664400927	6.040060401670549	34.4486929233468
10.56079107205894	5.855693100744084	34.3782840282728
10.442448925718361	5.674935817115291	34.30077295756159
10.322694289085133	5.49865030112017	34.217571359968126
10.201527125433351	5.326833576334351	34.128678127175526
10.368284649708695	5.53225569575644	34.465154260377126
10.246733519783305	5.353290635408978	34.37600026483505
10.123899435352474	5.179109970579407	34.28142736893848
9.999782360286945	5.009710773198382	34.18143417546311
9.875267591444036	4.845498532771953	34.077519448816226
9.74917465398726	4.685926191961558	33.967681034307404
9.622388061539885	4.531378044764773	33.853403837110655
9.494907784743257	4.381851711830822	33.734685849887676
9.371863722262958	4.238169072397921	33.62079176269162
9.243451680332546	4.098497777684351	33.494150136334234
9.114888652265446	3.9638919618381916	33.363993584757736
8.986174616612736	3.8343498865471832	33.23031973165811
8.858046110080737	3.709701442763539	33.09444776862027
8.729521040490441	3.5901699384197614	32.95461308193895
8.60133552607488	3.475574147572281	32.812115143823036
8.473489553630568	3.365913000154048	32.666951434183304
8.37674926240638	3.2495905655720803	32.58196995887332
8.248968079028815	3.1479748376360925	32.431826083720175
8.121940165287276	3.0510943841232887	32.279730415033896
7.995665515333131	2.958948731035746	32.125680428532426
7.8706882924938375	2.8710263701726983	31.970695830848303
7.746282937859804	2.7880086798111696	31.813411256120716
7.622993551443244	2.7093827257750793	31.654826887292312
7.500820134287892	2.635148592653026	31.49494037479727
7.382485976423682	2.561509424753335	31.339400853051544
7.262700832928293	2.495562646350912	31.17739473123167
7.144325622217859	2.4336159580802224	31.014629183176517
7.0273603509656395	2.3756699007709208	30.851102118585462
6.912144324929509	2.3210819769748126	30.68750600094473
6.79822515572413	2.2707104134483163	30.522912927073527
6.685942354253723	2.223918544905983	30.357999926601536
6.575295931503095	2.180707261603563	30.192765219393934
7.589677703573653	2.211035607880101	32.605394826254354
7.455829600436435	2.1206975758371795	32.42945013916137
7.323162105437416	2.0352805409521495	32.25241908424179
7.191675221884447	1.9547847713074253	32.07429884847062
7.061866368702159	1.8784398070868096	31.896000503130807
6.933072333987623	1.8072740083583032	31.716303003896734
6.805790686145703	1.7405213144422254	31.536096320152904
6.680021435024467	1.6781825234681016	31.355377983192803
6.558084744124644	1.6150882691443638	31.17899644786714
6.435434410658344	1.5609740989002663	30.997638155553037
6.314549693236217	1.5107531078854182	30.81622476419988
6.195430606542651	1.4644264861852445	30.63475419377226
6.078343201917773	1.4211989224637112	30.453779548906034
5.962932781338377	1.3821338383319557	30.272558843419677
5.849465779178204	1.3464465935114958	30.091630222345604
5.737942213356449	1.31413864025027	29.910992005303548
5.636741793241265	1.2453004303838595	29.756987160670068
5.528045379653146	1.2189613291979955	29.576506118566556
5.421427674988477	1.195537996906527	29.396581886296385
5.316888699372583	1.1750320645516887	29.21721313154678
5.214514624360107	1.1567392840754205	29.038698549721186
5.114190602264046	1.1416025202553883	28.860637064488305
5.016003290246703	1.1289309107671315	28.683318165000568
4.919952709250491	1.1187261528733563	28.506740856383033
4.826113022484322	1.1067805475561885	28.332335819307115
4.7342575804516445	1.1010879683769552	28.157326649466825
4.64455288088577	1.0974605774922033	27.98318886501751
4.5569989447455255	1.0959000734948774	27.809921754458863
4.4715574922965455	1.0958550461129297	27.637661761278412
4.388279611610769	1.0980646337019122	27.466225504082058
4.307127512844057	1.101990869166479	27.295744757769654
4.228101216348088	1.1076354018935872	27.126219041841964
4.127878222825171	0.847232098987603	27.055744012685697
4.047022276967283	0.855612989485678	26.884736991656474
3.968376801681394	0.8654352692626599	26.714791573617735
3.89194181819506	0.8767006586904681	26.54590742458452
3.817587040132281	0.8889751226323952	26.37812251811324
3.745486230970474	0.9028412898055607	26.211385581684688
3.6755095915177467	0.9178784604959596	26.045732627060847
3.6076571415405123	0.9340882366581666	25.88116347468162
3.5409443658929436	0.9490037483652198	25.71776723800654
3.477206863784146	0.9673254563461039	25.555351674859278
3.415492923799617	0.9865987960078675	25.39402633684516
3.3558025641292892	1.0068252415402714	25.233791156452828
3.297969409940059	1.0277215952966663	25.07463987787975
3.242215335419088	1.049668783142803	24.91658075610226
3.1883743793183683	1.0723949136855797	24.759607383212842
3.136446558208834	1.0959013299042466	24.60371977022696
3.077714038829025	1.1046333667487827	24.448247804133224
3.0293297218071356	1.1295229088422245	24.294384317555092
2.9827472962724517	1.1550560304490909	24.141597670021383
2.9379667772555536	1.1812339497118323	23.98988792588432
2.8948151287242188	1.2078932236633948	23.839233621211648
2.853523099174581	1.2352545144624936	23.689663556651656
2.813917992469924	1.2631636642017825	23.54115697659128
2.7759998221232958	1.2916217680364257	23.39371397965385
2.738698606708042	1.319748799923273	23.247175925768474
2.704045629079924	1.3492230311664768	23.101838087881596
2.6709676661093815	1.379180519882956	22.9575500540798
2.6394647298928215	1.4096222464172559	22.814311944146976
2.609377609141385	1.440476104503941	22.67210283044834
2.580918612697846	1.4718404340990072	22.530950908133793
2.5539288020250823	1.5036505769552901	22.390836299509978
2.5284081879199514	1.5359074080962023	22.251759136983235
1.8673501061761018	0.08912418741596095	22.261895105315517
1.8237947605016527	0.11566469550211933	22.114526972333522
1.781947408699425	0.14217490767322527	21.968239490043324
1.7418080643950793	0.16865592821106312	21.823032834718532
1.7031258353534626	0.19504865861923282	21.67883447694455
1.6662352747917588	0.22143434742697343	21.535741522535858
1.630885794252667	0.24776218198077515	21.393682828965773
1.5970774055336907	0.27403311840072975	21.25265855733997
1.5633549928228796	0.29994742761770254	21.112241208136076
1.5324991238219725	0.3260710842434258	20.973243965477195
1.50303068386911	0.35213051909894233	20.835240097170168
1.4749496831578257	0.3781265583117258	20.698229746865106
1.448049055249216	0.40406163140035467	20.56215711473435
1.422604911336243	0.4299343312360138	20.42709692179288
1.3984104121172574	0.4557532825934629	20.29299447375399
1.375465566401066	0.48151919937602433	20.15984989722682
1.3442814845467466	0.5057169286014354	20.024769425499798
1.3239022165762522	0.5312230816867308	19.893510026384437
1.3046407958859734	0.5567002974825321	19.763176521161178
1.286497230027652	0.5821491880142625	19.633769019283093
1.2693098091200956	0.6076110495711324	19.505245435199328
1.2532941630942702	0.6330321784154923	19.377662127416674
1.2382887504385076	0.6584584636394464	19.25097784938696
1.2242935776861033	0.6838904347291884	19.125192697585263
1.210417128365505	0.7095972988874095	19.000061695787334
1.1983721672464887	0.7350618395377034	18.876051347629378
1.187242743779078	0.7605741889756326	18.752916683956652
1.1770288636196158	0.7861348056153526	18.630657790710504
1.16760981624045	0.8118096002059509	18.509243184295016
1.1591465615832346	0.8375117105928004	18.38871503674335
1.1515185154724874	0.8633104949729686	18.269042530377146
1.1447256828255659	0.8892063518701332	18.150225743504997
1.0864077250019137	0.9111972304051159	18.014365583471623
1.0823912243838645	0.9361038466374116	17.897229045872077
1.0790838665889488	0.9611778997403801	17.780927293744593
1.0764856555535514	0.9864197087354458	17.665460391873918
1.0745230175190097	1.011907819272309	17.550806084484528
1.0732940596173357	1.03753821596451	17.43699419591086
1.0727252964525582	1.0633918567065748	17.324002987238494
1.0728167314911878	1.089469022439374	17.211832522131946
1.073200788491411	1.1162688289946345	17.100357904423255
1.0745914935234289	1.142841426392749	16.989817745351232
1.076602968371554	1.1696974355845882	16.880086708882843
1.0792352161062704	1.1968371054153308	16.771164859762273
1.082444432988437	1.2243515936053537	16.663037681360677
1.086289030894127	1.2521199149672226	16.555724682826963
1.0907252754092593	1.280235120872271	16.449211878506514
1.0957531692798705	1.3086974338710649	16.343499336592835
1.0997278559821746	1.3415758631913706	16.23786888387975
1.1060560552417076	1.3707441577399133	16.133760428158826
1.1129512144137788	1.4003302639475423	16.030446242595023
1.1204133359500648	1.4303343805086381	15.927926400890827
1.1284260509271375	1.460859582069772	15.826195059003457
1.1370111901168287	1.4917688848022552	15.725260187654815
1.1461524403681937	1.5231668878985225	15.625116561421631
1.155849803918364	1.555053772665288	15.525764262481214
1.1660783901556568	1.5881029175899846	15.427188211493247
1.1768994570843572	1.621039366032168	15.329419856993756
1.188273388685581	1.654540123048445	15.232443189602101
1.200200187018461	1.6886053555197422	15.136258302734127
1.212687072147105	1.7233520621522005	15.040869926431014
1.2257244220047607	1.7586246243951005	14.946271983421061
1.2393195038308191	1.7945413312164984	14.852469998783503
1.253472319540161	1.8311023378065026	14.759464080306039
1.1335779344973274	1.9940810392451471	14.597045962413388
1.1552258346731787	2.0275131634584396	14.505840168821802
1.1771834359186706	2.0618656632014396	14.415448929008571
1.1994507386986655	2.0971385761486063	14.325872358264213
1.2221197139717144	2.133432203287384	14.237128268462838
1.2450677349963437	2.1706129074852742	14.149193198436926
1.268386784936374	2.2087813273398917	14.062085957593348
1.292076864390307	2.2479375113564077	13.975806684949964
1.3167341169073237	2.2888064475619734	13.89051074772572
1.3412314469934554	2.330030095765409	13.805909739420885
1.3661624635037892	2.3723181695631967	13.722156274501431
1.3915271671365985	2.4156707255463843	13.639250520704609
1.4174217340654158	2.460216184594097	13.5572298819765
1.443717931082121	2.50578345582612	13.476044905388724
1.4705119513666443	2.5525014269108923	13.395734446260825
1.4978037956788357	2.6003701594299597	13.316298706759182
1.5306187282627146	2.656418231303458	13.239698937335257
1.5590232438434455	2.706842542978087	13.162093403249097
1.587994992028808	2.7585161519192134	13.085399853273534
1.6175339736018322	2.811439121586956	13.009618532232869
1.6477451908630307	2.865771327477143	12.934814277227845
1.6784886425585848	2.921299749238298	12.860901249998426
1.7098693490676269	2.978184754907197	12.787946404082014
1.741887311140948	3.0364264053311447	12.715950034047053
1.7752525907920267	3.0971455502164433	12.645400308648627
1.8086278977211934	3.1582371206471604	12.575382645148869
1.8427148045074873	3.2208037740813324	12.50638179220083
1.8775133118078255	3.284845563758322	12.438398104068115
1.9131416281903637	3.3505556102246	12.371534257694343
1.9494421436412703	3.417676533721114	12.305654234229658
1.9865330804512722	3.4864018220934962	12.240863768931849
2.0244144391060144	3.5567315147005005	12.1771632871096
2.1163975602165523	3.7143032842419097	12.150214502991204
2.156760859098251	3.7897060536328437	12.089492125603801
2.1980215700604697	3.8668831134194503	12.029980827000154
2.2401796932435976	3.9458344749793897	11.971681139399625
2.283371374240724	4.026790042434817	11.91475652587163
2.327415085590507	4.109443276641031	11.85899036140581
2.372446971765189	4.194024030588879	11.804550692305316
2.418467032466706	4.280532280122004	11.75143815494866
2.4664076556847085	4.3705398899631245	11.700839831993171
2.5145148677395763	4.461089452851038	11.650526051048688
2.5637076730358626	4.5537300190884915	11.601679493925083
2.6139860706582967	4.648461514498119	11.554300920293116
2.6655059380680224	4.745543025573543	11.508630627848465
2.7180594358656434	4.844628877985689	11.464350108772836
2.771802411453878	4.945977296128006	11.42170618322433
2.8267348630733	5.04958813740902	11.380699755231925
2.8911728040038835	5.16928715486826	11.353261712959437
2.9487310575070977	5.277825268722984	11.315853933269606
3.0075916207677884	5.38880705092225	11.280293311266634
3.0677544908516152	5.502232263654592	11.246580923216557
3.1293957396820313	5.618376818836941	11.215064314185353
3.192280596661571	5.736872182895966	11.185282759918195
3.2565850492172737	5.857991883440596	11.157593003971938
3.322309092885721	5.981735558736339	11.131996317486038
3.390634943994841	6.1099060846672355	11.110967329317466
3.4593348943826863	6.239101343926539	11.089850791009907
3.52957788007336	6.371099899201908	11.071118198065731
3.6013638945830095	6.50590122501421	11.054771044473577
3.67488548710192	6.643771371146079	11.041300118465262
3.749885908195071	6.784354212107539	11.030054725565227
3.826557527881654	6.927910770095526	11.021538335465845
3.9049003370476156	7.074440306468134	11.015752692368913
4.717411425236668	8.339179361850618	12.207951551394304
4.808846914726835	8.505966269117444	12.226796001171026
4.902191796399302	8.67572910542934	12.249552075038496
4.997446051205824	8.84846632703495	12.276222011684714
5.094763636300912	9.024216558212554	12.307600331127631
5.193939226517895	9.202924331943805	12.342633098816098
5.295126272654032	9.384614141531994	12.382133277685437
5.398324749948756	9.569283980275229	12.42610334628162
5.504384092319887	9.756698040648963	12.47989793447126
5.61167323006632	9.9472403232628	12.533397271177419
5.721062687151319	10.140689047705552	12.591990307463183
5.832552431906474	10.33704164743394	12.65567972965961
5.946246752224594	10.53607665848122	12.72546416560191
6.062006517161556	10.73808284852529	12.800018513720644
6.179935185700642	10.94281567318316	12.88036293654693
6.300032717971408	11.150271901183691	12.966500268041843
6.425372897551294	11.348138368417864	13.10266411710891
6.549472828647949	11.5601961331166	13.20071842468354
6.675775178551424	11.77464398923758	13.305301115453235
6.804279898228639	11.991477962930341	13.416415046945623
6.934982058237893	12.210040294351609	13.53521516904871
7.067888108345769	12.43119804257755	13.660168149622196
7.202991858015996	12.654258424218721	13.792450699201463
7.3402932477602665	12.879216618088517	13.93206556419037
7.479200434768512	13.100542361444834	14.086063190789002
7.620736282676294	13.328528418165469	14.240997390613144
7.764408855613491	13.557717291990627	14.404076042406592
7.910218083131008	13.788103273424658	14.575301563575472
8.05796739067451	14.018370532715114	14.755839597288627
8.207918704364694	14.250259465768371	14.944141132675966
8.359873679469729	14.482405251609906	15.141388006599465
8.513832234699713	14.714801302158937	15.34758203105244
8.569549973292103	14.583457971890324	15.79184381258396
8.720732762866593	14.808141259701454	16.003382051366007
8.873686131210846	15.031956973334177	16.22407152625967
9.028409995486715	15.254898399231019	16.453913144835504
9.184432152904224	15.474973430296188	16.693716477143937
9.342382008741321	15.694822126734831	16.942403285519518
9.50178534776464	15.912396968304009	17.20078507453554
9.6626420812736	16.127690766329692	17.468861583270915
9.820795519088092	16.32626754201481	17.749432491461725
9.983915342495676	16.535251011040582	18.036765502532997
10.148056526286256	16.740269219541815	18.334097397561976
10.313218980892854	16.941314908628026	18.641426432358948
10.478554798411833	17.135548621147265	18.958783935912145
10.645194317861478	17.32673969778739	19.286122630581
10.812287580618076	17.51199273713155	19.62345240738403
10.979834503083453	17.69130096402664	19.9707697794798
11.098552680372489	17.73665614018987	20.30089980176279
11.264408898175548	17.902145830107237	20.662291211943344
11.430062452031068	18.05968833978143	21.033120888025287
11.595513274103343	18.209278171517074	21.413383712145023
11.759496397645547	18.347582788704795	21.801748301621704
11.923698306278892	18.479034332010347	22.19997645596364
12.086852689647266	18.600264516188886	22.606689064575548
12.248959504763183	18.711269857351112	23.021879369434092
12.400744734363872	18.791768322952667	23.431793318946134
12.559555335581688	18.880410880694757	23.861612623721598
12.716352063617121	18.956608101239105	24.298339933446627
12.871134910624281	19.020359348721144	24.741967375155692
13.022267054677126	19.068569050990362	25.189279336529875
13.171930942849038	19.105366083301913	25.644544508612952
13.31849002506355	19.127664197541332	26.10448343995813
13.461944337329179	19.13546631199275	26.569087984024556
11.638149372856667	16.672091409272486	23.29712807670037
11.763497164387365	16.762927984669457	23.629550530048665
11.88778716691377	16.844883011229374	23.967362243503604
12.011019366827071	16.917955386036347	24.310558752898856
12.131979226369097	16.98010010377264	24.657157502963056
12.252286116543523	17.0340428110491	25.00979109036733
12.370725420844801	17.077737338524404	25.366439880060348
12.4872971490006	17.111184474570226	25.727099045600486
12.59397158517709	17.123541322496802	26.07583478971123
12.705902255179694	17.13574163486144	26.44229461840145
12.815124307441623	17.136559018055834	26.811000355268746
12.92163777767638	17.125996366454938	27.181947395173506
13.02414288428151	17.102760382370153	27.55199112473977
13.124372775162879	17.068584034712355	27.925314239609264
13.221028787033523	17.022205772817863	28.29873932975695
13.314110981837391	16.96363061688874	28.672262693291277
13.346352574608071	16.858153261738504	28.891197808958456
13.432053523386006	16.780122984436026	29.260138802329614
13.513460487491226	16.689675507644548	29.626994645196547
13.590573547982599	16.586817400720946	29.991763125191337
13.662239307423926	16.4716695971659	30.350672260050853
13.729995832341293	16.344087326815192	30.708747874060958
13.792691797958781	16.20424889713505	31.06220953039348
13.85032730026833	16.052162087722493	31.411057138198544
13.896901584269326	15.893637807085476	31.73168734851712
13.944015458554915	15.71847505545234	32.06889584655736
13.985430778964215	15.531822074511549	32.39900892577804
14.02114764544453	15.333686964419742	32.722028925147775
14.050431438747164	15.125991615811078	33.03441353312798
14.074261879489514	14.906192009096644	33.34089334770973
14.091906619216891	14.676271778171737	33.63795546370341
14.103365749430388	14.436238338675627	33.925604658580795
13.948593318802997	14.69395772525901	33.222561542934876
13.96422898269639	14.470409926889884	33.50875065246638
13.973809619967804	14.2376554619083	33.78531673653475
13.977335311127899	13.995700855242283	34.05226484515455
13.974490550107214	13.747357407358253	34.306930001697026
13.96569618267127	13.488890576710665	34.55287877413843
13.950638367543075	13.223156202796062	34.78749402361068
13.929317163267996	12.950159030381183	35.01078245952294
13.901992388906285	12.690360787579078	35.21039597737659
13.868575598231155	12.405384480917224	35.41046527493179
13.82890409964007	12.11538620806006	35.598034780429074
13.782977922808167	11.820368374007462	35.773112055414984
13.731146931388547	11.52397841821836	35.93468772824531
13.672944682886003	11.221356522379928	36.08412535202307
13.608721388850594	10.916158121880137	36.22047613183971
13.53847704682278	10.608383017387295	36.34374754678902
13.49192425974164	10.46195092353943	36.42831198266212
13.413316217133145	10.151165923593803	36.53169555363154
13.3290378352915	9.839948450702316	36.621975129419546
13.239089085492324	9.528296176918612	36.69915739949674
13.144382677833255	9.219677690804998	36.76392387833228
13.043701576560805	8.909460998185512	36.8153802074981
12.937957534852147	8.601087263015978	36.854254714471466
12.827150499360394	8.294552161836716	36.88055243379449
12.71842909989438	8.009170209876995	36.90271453078909
12.598497412401242	7.707911556395176	36.90540120058841
12.47423779847781	7.410439079918582	36.896482440083986
12.345650189180393	7.116747192955817	36.87596121454862
12.214008572074025	6.829273841640447	36.84581663353479
12.077614129510376	6.544754851218223	36.80341495172161
11.937739142570674	6.265581042006597	36.75074967276001
11.794383536354863	5.991746343785031	36.68782154376582
13.132800469199921	9.968206253599543	36.523495673235516
13.05094650319683	9.663599510424591	36.60099147550943
12.963675307678526	9.359519215548818	36.666096719694714
12.870986847818765	9.055962546504533	36.71881734189872
12.773878937593976	8.756069879624166	36.76004804752627
12.67102105846697	8.45564594998359	36.788608359469926
12.563409966797323	8.157801136901485	36.80543332997986
12.451045607156463	7.862530948209257	36.810527140511894
12.341339233645842	7.58694103924427	36.81312688782809
12.220447674295528	7.298168877604943	36.79629633799533
12.095568186864936	7.0136839880108885	36.768774191095495
11.966700704228376	6.7334809303093515	36.73056260348011
11.835125305995028	6.459642033497732	36.68365981074054
11.699135058890993	6.189377854414307	36.62540480158419
11.560008415019524	5.924725910854904	36.557804418349086
11.417745304526024	5.665680541504659	36.48085876399854
11.333624635582456	5.497361240827948	36.493578144158555
11.186499733683657	5.246257302292561	36.40188436957949
11.036998578839329	5.001653427595068	36.30214990589524
10.885121104846437	4.763544251358636	36.19437322118842
10.732175567292952	4.532800593851243	36.08090593770221
10.576417478754047	4.308249476979832	35.95860772805072
10.41915363654757	4.090722155885465	35.829811797750416
10.260383984993165	3.880214117994398	35.694515186237716
10.107803895223684	3.679076027167561	35.56738899730952
9.946729288013877	3.4823573084643544	35.42062530951771
9.784960910144894	3.292822746542469	35.26883155486667
9.62249871975051	3.110468948383882	35.112003842470365
9.460458401839038	2.9351114056393297	34.952242072197464
9.297352291148584	2.7669892203514674	34.78673686805787
9.134295244850282	2.605895835855428	34.61755494905897
8.971287236238743	2.451829087832226	34.44469198019913
9.170669640993456	2.424455042932782	35.01891180081433
9.002173862495674	2.261266351717327	34.83938788921179
8.833985318658266	2.1053739954090496	34.65669004503012
8.666103988058046	1.9567762377811537	34.47081348653634
8.49949176135746	1.8147199867811032	34.28357594494114
8.332866080349094	1.6802063402369267	34.09254268491746
8.167188491844689	1.5524734393841113	33.899493556659856
8.002458989445913	1.4315207656742586	33.70442390610821
7.843555116826074	1.3112800403703373	33.51730022767081
7.681016838190905	1.2030335517530928	33.31902921155653
7.519951742192055	1.1009283723818726	33.119683777758304
7.36035983488215	1.0049649927871822	32.91925967393658
7.202855552395578	0.9140479026336115	32.71893649153655
7.046619668914172	0.8296395946009193	32.51713199838341
6.892266868618244	0.7506518066811783	32.31499412031292
6.7397971670919	0.6770858018768641	32.1125191869457
6.611392111715895	0.5541373678767822	31.96602145211535
6.461116963624217	0.48970671474961897	31.76224127415604
6.313050286977204	0.4300277838183284	31.558694780154944
6.167192104429374	0.3751024111018691	31.35537886370936
6.023852206928736	0.3238058030355955	31.152955937095108
5.882617596463429	0.2776422703018627	30.950536095894535
5.743798647169995	0.23550324227738972	30.74875962486664
5.607395385897157	0.19739089489741996	30.547624072033198
5.474484742851634	0.15637399755404413	30.35034274373268
5.342865274614686	0.12559136019791536	30.150691973445205
5.213785602170147	0.09815974175540543	29.951967436144145
5.087245754496955	0.07408149080365606	29.754167270678987
4.963316233729836	0.05239904404920459	29.557589731511126
4.841903105126212	0.03439467196666802	29.36183325008215
4.7230775628624375	0.01912986352023882	29.167183362566224
4.60683963637063	0.006607004014530936	28.97363871908682
5.309458188288507	-1.3105373776961455	31.854871899424193
5.145528792722092	-1.3560849477335744	31.62597572632642
4.9845922754654834	-1.3972400806103478	31.39862710931464
4.826648679676218	-1.433999278655187	31.17282296859997
4.671830779045203	-1.4677792739920505	30.948912183123678
4.519961643242059	-1.4966828841155193	30.726423153444628
4.371175074796151	-1.522098520878707	30.505683726968925
4.225471117301516	-1.5440226512344468	30.286691690964997
4.0827796538744145	-1.5707987306541016	30.070793471130365
3.9430669543644674	-1.5865561350299353	29.855322592734968
3.806441687583556	-1.599615747553604	29.641692528540037
3.672903895696492	-1.609974151008511	29.429901766624035
3.5423471734414	-1.6187057048524265	29.21998440212024
3.41491349061985	-1.6243701399082557	29.011891932529764
3.2904974124355486	-1.6280152332595357	28.80564865374399
3.169098978307092	-1.6296377902547554	28.601253598703945
3.0415610193545146	-1.6842046855083526	28.401493149129063
2.9249632249729114	-1.6822567655102123	28.200377608569813
2.8112905340491694	-1.6788605664329932	28.001091565054562
2.7005429831366965	-1.674013125832377	27.803634450606374
2.5924739054682773	-1.6684732861131693	27.60790000184321
2.487412272177657	-1.6612226027928785	27.41402883963634
2.385112243124027	-1.652997329988354	27.221911393174164
2.2855738511090453	-1.6437948093131576	27.031547382376864
2.1869704456422796	-1.6378990074488273	26.84214592411566
2.092713564146826	-1.6271405459359793	26.655190961490494
2.001031032686469	-1.61579208877518	26.469900072982174
1.9119228803429495	-1.6038512790577937	26.286273171214567
1.8250823909659306	-1.5918147252080317	26.104167339286665
1.740918584229675	-1.5790150304122403	25.923773041969653
1.6591253955432943	-1.565931019808735	25.744947200644667
1.579702850412569	-1.5525606263000464	25.567689848323507
1.3717183082901854	-1.8580838231570613	25.37378781035586
1.2921820700225963	-1.8444361750905427	25.199142881909516
1.2149161822577714	-1.8308377850270539	25.02604863916741
1.139920668679581	-1.8172867335245046	24.854505214343412
1.066849248051962	-1.8041041992140485	24.684360004214593
0.9961636810962522	-1.790857696667088	24.515816820641017
0.9275182130193218	-1.7778540488506929	24.34872427304558
0.8609128641642697	-1.7650916070731957	24.183082524522234
0.7942008720576923	-1.7543674191061225	24.018002825968075
0.7314570226115131	-1.7422605061057153	23.85518101827639
0.6705283150868953	-1.7305433557957066	23.69371989098554
0.6114147668490656	-1.7192145608238953	23.5336196132863
0.5537929055614024	-1.7084590341742407	23.374758064718957
0.49809406595234196	-1.6980271228585213	23.21729846276153
0.443995160093833	-1.688093261688314	23.061120021390852
0.3914962027284672	-1.6786562558610052	22.906222901177177
0.32508193229609317	-1.6811939304788046	22.74689906563996
0.2756723184445771	-1.6730084432561423	22.59458541662411
0.2276525272014398	-1.6654045642923867	22.443483613705034
0.1810225709547872	-1.6583812896024892	22.29359380088733
0.13549630861339157	-1.6520386876811735	22.144824098706405
0.09145528883395732	-1.646241129324048	21.997297334002788
0.04861364360745846	-1.6410812424234775	21.85092270882228
0.006971383323315036	-1.6365581849764648	21.705700348317777
-0.03515687699817294	-1.6332627178860228	21.561117141137814
-0.07455547352290336	-1.6300816522818442	21.418155705033918
-0.11293261556557699	-1.6275780035683862	21.27629508501893
-0.15028829448098832	-1.6257510711012289	21.13553538760973
-0.1868675351635498	-1.6246540325453243	20.99580938076173
-0.22234361885977744	-1.6242144530752598	20.857206941851068
-0.25696138085650544	-1.6244803468144404	20.71966162418401
-0.29072081400943267	-1.6254511347581713	20.58317351791154
-1.536715973382198	-3.4791740672201215	20.552045397352323
-1.5849055202128557	-3.4997446730430415	20.429126101340795
-1.632454480922088	-3.5216560085312807	20.307522216130433
-1.6793628490175467	-3.5449075475171985	20.187233926298795
-1.725916119740944	-3.569555071925164	20.068245534713913
-1.7717336187595345	-3.595523070388265	19.95057840070127
-1.8171007007443851	-3.6228635003462344	19.834218274309595
-1.8620173605300856	-3.6515759431722095	19.719165341126924
-1.9081496691840059	-3.6820840981135614	19.605428009971092
-1.9523155270293688	-3.713605084793794	19.493007228232376
-1.996207386406521	-3.746530940062902	19.38189825666626
-2.039825243243257	-3.7808613338919055	19.272101291053524
-2.083411584228023	-3.8166553028784964	19.16363975520687
-2.126643085023984	-3.853833422240184	19.056482888552924
-2.1697621444191295	-3.892452336538538	18.95065571931422
-2.212768759207891	-3.9325117859804246	18.846158462607903
-2.2670542879442905	-3.978308662855346	18.744538756189492
-2.3098177037213308	-4.021529859592437	18.6428554350459
-2.3526283312234586	-4.066230001202596	18.542533491048523
-2.395486167968196	-4.112408886495139	18.443573167978137
-2.4385991001260106	-4.16013967364027	18.34603804084897
-2.481689940764113	-4.2093243830278295	18.24984394125657
-2.524966521850728	-4.260034693706874	18.155056497008793
-2.568428841375912	-4.3122704427829985	18.06167598938518
-2.6133147451409844	-4.366581194809296	17.970210234426382
-2.657264743941841	-4.4219440006597805	17.879712483367495
-2.7015314220329216	-4.478884860545421	17.790681391982847
-2.746114777703628	-4.537403635832002	17.703117288089715
-2.7911992036844655	-4.5975907986125435	17.617128005737875
-2.836538839137376	-4.659325406270494	17.532570575604346
-2.8823180373332455	-4.72269684458549	17.449555616956054
-2.928536796678468	-4.787704984404869	17.368083513277117
-3.053317079367166	-4.904460019851442	17.32632590520221
-3.099863168669444	-4.974468111637396	17.249110983232075
-3.1470221913192944	-5.0461580364172125	17.173549392321686
-3.194794145831761	-5.119529673843757	17.09964159239861
-3.2433367724814888	-5.194690884098016	17.027554527800845
-3.2924397471935447	-5.271497553033155	16.957066740854465
-3.342260771626602	-5.350056461446762	16.88834908144039
-3.3927998439580915	-5.430367461630041	16.82140208573919
-3.445027641314651	-5.5131580999983605	16.75741940672679
-3.4970999516786474	-5.597059724275302	16.69415723557202
-3.549992635940715	-5.682785524704544	16.6328039535745
-3.603705691727261	-5.770335308919958	16.573360182979982
-3.6583876984568873	-5.859819909950232	16.51605897604108
-3.7138405440872533	-5.951091051930924	16.4605911260789
-3.7702127438956206	-6.044257770185167	16.40719494030712
-3.8275042947124756	-6.139319807842016	16.35587113659857
-3.8929227024346336	-6.242131123322832	16.31801896630998
-3.9521177758244463	-6.341135975020973	16.271115786701994
-4.012331071172563	-6.44210068861819	16.226476262560706
-4.073562584230473	-6.545024919797123	16.18410121695243
-4.1359512103411715	-6.650002853424784	16.14430521928614
-4.199311744699038	-6.756908016979007	16.10667085625092
-4.263782968182712	-6.86583139231559	16.07151959020811
-4.329364875137954	-6.9767725211908855	16.03885235660489
-4.396900562348716	-7.0902598228387	16.01083909582243
-4.464786221150693	-7.205285172801605	15.983388394150216
-4.5338712665117065	-7.322372230799493	15.958672539095947
-4.60415569099834	-7.441520394396552	15.936692583777027
-4.675764718790404	-7.56277513171176	15.917859197617021
-4.748531365225141	-7.686074271477459	15.901627377640004
-4.8225806568734475	-7.811457765003011	15.888416509198287
-4.897912584095599	-7.938924831043871	15.8782277647341
-5.43455079383712	-8.3670826192804	16.677346471554618
-5.508569071859624	-8.500776506211153	16.681520998961993
-5.584083289656203	-8.636161429909954	16.689137669086367
-5.661093434585914	-8.77323636590086	16.700197708117447
-5.739622728926209	-8.911906224687712	16.715203101945463
-5.819640177495489	-9.05229518709739	16.73348744833941
-5.901168671034988	-9.194298928761725	16.755562549589133
-5.98420819360852	-9.337916158144193	16.78142968920102
-6.068788494994552	-9.482143639096481	16.81432404955333
-6.154832727927669	-9.628825662671595	16.848108414044283
-6.242391154258499	-9.776985343922382	16.886057369522483
-6.331463754359983	-9.926621092187975	16.928172224533604
-6.422031557035751	-10.077447444358457	16.97502451680515
-6.514119808129118	-10.229841039841228	17.025855240100114
-6.607709032425834	-10.383502418633892	17.08124604914159
-6.702799206237172	-10.538429660900682	17.14119823237109
-6.796853371538438	-10.679604018767629	17.229838289249216
-6.8946054858881265	-10.836351774935574	17.298829639950625
-6.993819305076489	-10.994066144766878	17.372770665390092
-7.094494801294387	-11.15274487449034	17.451662564657504
-7.1965346045617515	-11.311832398747526	17.536091552690205
-7.30006847305884	-11.472063923071959	17.625278684687007
-7.404998336884301	-11.632864502546838	17.71981881206931
-7.511324163874331	-11.79423153047989	17.81971297156282
-7.618056922940845	-11.951886442230709	17.92828046667852
-7.72700484812366	-12.113832804917818	18.0391449398278
-7.837246078706874	-12.275834880831184	18.155741664100173
-7.9487805784378	-12.437889731897997	18.27807141544865
-8.061388021827113	-12.5990873898375	18.406631662661514
-8.175362088644796	-12.760634050336325	18.540760629569515
-8.290481563065006	-12.921595184225371	18.680960180257426
-8.406746405335015	-13.081967569773791	18.827230717257525
-8.428666834075122	-12.98556757089463	19.060847693113903
-8.543037678316853	-13.140868031686333	19.210336790645556
-8.658376586104106	-13.294950910877347	19.36590977047403
-8.774683518065757	-13.447813017663819	19.52756662967906
-8.891587983309536	-13.598233968776043	19.69554906621065
-9.009583876996668	-13.747833429496893	19.86953435915914
-9.12829977212948	-13.89536532080183	20.04976168636972
-9.24773562856274	-14.040826389149688	20.236230489584575
-9.364922280244256	-14.175757370493898	20.429084520600703
-9.48537513481823	-14.316101230736813	20.627803822998658
-9.606238851844862	-14.45340854094524	20.832776440673893
-9.727513392701214	-14.587676170951134	21.044001174792115
-9.848631491163495	-14.717334444835533	21.261255138165286
-9.970349415355408	-14.844469225829663	21.484832135707883
-10.092099033257032	-14.967487293708942	21.714496714557885
-10.213880310594243	-15.08638587075201	21.95024698105492
-10.304330148833772	-15.130936074153219	22.167582445813615
-10.424796686424262	-15.24084719438375	22.41234335673504
-10.544879561509765	-15.345575076307199	22.662767905459177
-10.664578747524486	-15.445117566917967	22.9188535877616
-10.783126797813324	-15.53775330404578	23.179690647414578
-10.901546921436488	-15.625773130024077	23.44648574015085
-11.019071159942715	-15.707442132051007	23.71830672070456
-11.135699497825195	-15.7827590533882	23.995150509962468
-11.246010870089679	-15.841423546919629	24.268786267028496
-11.360176745922193	-15.90308861195867	24.554402638568334
-11.472880701786735	-15.95728340724611	24.844120565947076
-11.584122736508936	-16.00400783760602	25.137936606802384
-11.692971553605496	-16.04171962989987	25.434077492388518
-11.800668893033428	-16.072476065135003	25.734899431558933
-11.906283608093268	-16.094739703361526	26.03860151419475
-12.009815714597345	-16.10851182607814	26.345180235981204
-10.838139201343061	-14.663830909718428	24.286236085313718
-10.933302511084852	-14.724888755971019	24.523306790692004
-11.027489511976855	-14.780001790766043	24.763759237068424
-11.12070020054342	-14.829169732421779	25.007591127896635
-11.212171358963074	-14.871262692971221	25.253509769440956
-11.302920611880875	-14.907787261273526	25.503233277493113
-11.392184773327887	-14.937614889093737	25.75545029128751
-11.479963850746541	-14.96074617959806	26.010158421056406
-11.561304823178707	-14.971271430376675	26.257473648207295
-11.645570804930442	-14.980613453390541	26.515851110154145
-11.727832099401567	-14.982642879785583	26.775636206024707
-11.80808872570518	-14.977361258568816	27.03682669669811
-11.88554987509795	-14.964073138996724	27.2975494327909
-11.961270013674662	-14.94371020053528	27.560297024426728
-12.03445890462456	-14.915593153333795	27.82318033586177
-12.105116578561635	-14.879724478480838	28.086197550978774
-12.13824624799683	-14.816687257778938	28.257263281247162
-12.203742838020561	-14.767928766659075	28.517959021948027
-12.266261793990807	-14.711276445957502	28.777496065161557
-12.325803155167817	-14.646733477492448	29.03587324706274
-12.381667000066377	-14.574335278981689	29.290898256477146
-12.434786655337476	-14.494042569467586	29.545492175907754
-12.484463199295396	-14.40591844230726	29.797457361015898
-12.530696678090333	-14.30996663770979	30.046793551162217
-12.569773091612587	-14.208988646416305	30.279682444157558
-12.6088571010451	-14.098092670767642	30.522330531596726
-12.644103105078779	-13.979733498665865	30.76089136506072
-12.675511152502773	-13.85391508419223	30.995365722079708
-12.70260925348949	-13.721587203110655	31.223634441725856
-12.726026840653084	-13.581492633098392	31.448525783492943
-12.745293052719378	-13.434611944167873	31.667931522374243
-12.760407936272955	-13.280948911732965	31.8818535084746
-12.660420661426267	-13.392953791815017	31.474056487456426
-12.676689218324226	-13.24636089908015	31.68525908974927
-12.688835531820644	-13.09352622428521	31.890649639182246
-12.696859643863911	-12.934453167107367	32.0902302604087
-12.700530024555237	-12.770628098121687	32.28229537796838
-12.70015547188804	-12.600076602341424	32.46912476364867
-12.695505355388555	-12.424309286336005	32.64903347112912
-12.68657970852151	-12.243328862230186	32.82202444159428
-12.673168694390036	-12.06818644299268	32.97948808770656
-12.655894695017478	-11.878192223255708	33.138097499850474
-12.634312773065348	-11.684198035595422	33.288937269703375
-12.608422950125975	-11.486205629946543	33.43201086930625
-12.578365571936775	-11.28623606744052	33.56640749973788
-12.543953549640944	-11.081597743859472	33.69334987004338
-12.505327585719234	-10.87432083279097	33.811955889332715
-12.462487687682188	-10.664405942921663	33.92222921063027
-12.430204882473863	-10.545955834557898	33.99400820692974
-12.381072792107377	-10.332579381172696	34.09077638357418
-12.327903485905033	-10.117832071523106	34.178969451553726
-12.27069695859218	-9.901713478128613	34.25859091513374
-12.209933398049392	-9.686314732580541	34.32962888922846
-12.14497253012379	-9.468845743095702	34.39210702144114
-12.076294272932035	-9.251389625100373	34.446039413960264
-12.003898608074872	-9.033944887440132	34.491429060636065
-11.931765438616846	-8.828861616075379	34.530708389794334
-11.852523822081922	-8.612590050491123	34.55967213573908
-11.769973033833843	-8.397599140085795	34.58039872965458
-11.684113045235655	-8.183886563998467	34.59289040014964
-11.595680808459738	-7.973172151464551	34.59794709842749
-11.50369364753211	-7.763156874325757	34.59450666202616
-11.408887761358976	-7.555539581492081	34.583382947358075
-11.311263114625925	-7.350317410932596	34.564577250618335
-12.135226107720674	-9.931790314305937	34.16699767441137
-12.078232309507577	-9.719640954232116	34.23634889243927
-12.017447589982533	-9.507135464326181	34.29743598854558
-11.95287193607549	-9.294272785335128	34.35026203694901
-11.885086694602764	-9.082965614378994	34.39509202237781
-11.813316696413557	-8.870660441804933	34.43157928573024
-11.738142858456474	-8.659257663878133	34.46001067075232
-11.659565156800955	-8.4487553411636	34.48038858361561
-11.581998070528847	-8.25009185258742	34.49655783477974
-11.497210407701422	-8.042349787495535	34.501582671774784
-11.409474546889212	-7.836620744372482	34.49899680285785
-11.318790456628701	-7.632902173280024	34.48880179773395
-11.225935375544621	-7.432646694734071	34.47194619833376
-11.129872908149148	-7.233911214914496	34.44716818444275
-11.031379503344434	-7.038126501182969	34.41542497651202
-10.930455125774008	-6.845289688100148	34.376717227460794
-10.865556727784542	-6.717132359730186	34.38117469593235
-10.760859232553289	-6.528848700322658	34.33121280948412
-10.654213019978737	-6.344210656145561	34.27497072074226
-10.545618054091324	-6.163215312071861	34.21244828288418
-10.435912759293672	-5.986702340849776	34.144934410021946
-10.323979154104794	-5.8135455106955805	34.07070953975629
-10.21065483774082	-5.6445619617862555	33.99105806060647
-10.095939776828034	-5.479748989373126	33.90597904957164
-9.984968037768114	-5.3226322077038635	33.82399546074564
-9.867981928576564	-5.166249686602	33.729029729214716
-9.750144925045468	-5.014358073627562	33.6295056625515
-9.631456998682246	-4.866955059620258	33.52542173887916
-9.512691229840643	-4.7242636127744415	33.418092783768586
-9.392816783347497	-4.585981468625682	33.30576178165549
-9.27260613394277	-4.4523152603865	33.18972958105782
-9.152059259547684	-4.323263198698633	33.069994256573096
-9.286191438703494	-4.3630988229331535	33.40173353517671
-9.163048698465397	-4.2292701853837	33.27862079418695
-9.03976260840285	-4.100246929073114	33.15213379275272
-8.916333148762611	-3.9760274531145736	33.02227036905623
-8.793459613235964	-3.8564620293589496	32.8902643542123
-8.6702095703176	-3.741747060299661	32.75446545897607
-8.547281927039371	-3.6317225394413093	32.61608955902278
-8.424676671129	-3.526387472185732	32.47513435753548
-8.306181132851487	-3.423747179360742	32.33878951970633
-8.184504396555399	-3.3274124410813	32.19335222501299
-8.063554263563319	-3.2355425247368466	32.04603992737387
-7.943330728622559	-3.1481370046271064	31.896850355965846
-7.82434536977004	-3.0647309719268243	31.746732435182725
-7.705916075948404	-2.9859437371008215	31.594415750489507
-7.5885543683448695	-2.9113091108924998	31.440831650266478
-7.472260247905878	-2.840827170005499	31.285978017077863
-7.377199732533267	-2.7500515071741436	31.17496051593255
-7.262228904401281	-2.6866207652094203	31.017487670705773
-7.148607888419894	-2.627022115430428	30.859241964667177
-7.036336690607035	-2.571256045555764	30.700221475149267
-6.925741556002389	-2.518729388456035	30.541089383722312
-6.816387508725567	-2.4702344523867037	30.380957194539906
-6.70860098017657	-2.4251833724006886	30.220473869227252
-6.602381980393067	-2.383576961993703	30.05963776409274
-6.499202879534378	-2.341523620529962	29.902003120617056
-6.396166377336233	-2.306363716000827	29.740745604199763
-6.2948590389537955	-2.27426120796064	29.579473909429964
-6.195280877329948	-2.2452171453557095	29.418186680061527
-6.097594005009654	-2.2186506569087623	29.2573015187636
-6.001582303795158	-2.195338819904749	29.096258696620403
-5.907408213294929	-2.174709836328873	28.935466166503677
-5.815071748341144	-2.1567649082440723	28.774922851763222
-6.470618738094126	-1.5893767307208746	30.778528972490683
-6.349580260040968	-1.5423852755493566	30.59913323263368
-6.230436388061971	-1.4990675865708418	30.419798886459724
-6.113187138369325	-1.4594249776904245	30.240524002383587
-5.998049704962266	-1.4226805266889961	30.06180890693979
-5.884734536017737	-1.389873385887235	29.882982331745698
-5.7734592386572	-1.3602381075969792	29.704530834016293
-5.664223831754828	-1.3337762214620255	29.526452880315524
-5.5577901324951	-1.3056943658322488	29.35126785082822
-5.452603074932212	-1.2850772803414108	29.17411103503192
-5.349543574099918	-1.267167145489787	28.997560262816318
-5.24861165032673	-1.2519656087866757	28.821614360527054
-5.149858698525168	-1.2388106893653585	28.646536181519096
-5.053216240022525	-1.228588908564187	28.47197278916671
-4.958736156222754	-1.2206516803857719	28.29817900661034
-4.866418467906374	-1.2150006889723224	28.12515397368951
-4.775756378987371	-1.1779967910592912	27.96528403132098
-4.686952522308285	-1.176471954638479	27.793441579929638
-4.600323060911798	-1.1768664381465381	27.622488070696633
-4.515868015566151	-1.179181924730648	27.452422895223773
-4.4335266927664385	-1.1829046647240542	27.28336409885663
-4.353380065009907	-1.1887235335468074	27.11515305455692
-4.275367922240324	-1.1961380403797222	26.947903884595885
-4.199490284438174	-1.2051498045266154	26.781616191599728
-4.125108302726362	-1.2127863528186777	26.61679519808313
-4.0533854804951455	-1.2247062608352404	26.45244752661405
-3.983733885827479	-1.2379496185332561	26.289106873705116
-3.91615353760369	-1.2525179560552202	26.126773004973312
-3.85052066355079	-1.268050619029495	25.965486206789034
-3.787000336325866	-1.2850319615948231	25.80519232664171
-3.725469216793522	-1.3031131839527452	25.645930350884623
-3.6659273225259117	-1.322295710225703	25.48770016759701
-3.5529137879274053	-1.1358566755654866	25.365610421427256
-3.493525307140407	-1.1568746448993577	25.207218446098437
-3.436118727025855	-1.178787964117566	25.04989690006025
-3.380694064825165	-1.2015980305380574	24.89364575945263
-3.327084609613803	-1.2250586167357573	24.738460587154396
-3.275512681533217	-1.2495011792743396	24.58434730419491
-3.2258119613404252	-1.2746901966723323	24.43130161978735
-3.1779824647122337	-1.300626939445062	24.27932357646851
-3.1309424399636017	-1.3259508256758759	24.128327569777586
-3.0867360085642237	-1.3532559555201127	23.978465303854914
-3.044288312587117	-1.3811966087609484	23.829663505064023
-3.003599366195767	-1.4097739332678716	23.68192226051489
-2.964502513737271	-1.4388534009782017	23.535226546282765
-2.927219994585242	-1.4686169628007788	23.3895966244601
-2.891585473328731	-1.4989388383457607	23.24501833797252
-2.8575989626993556	-1.5298200594379263	23.101491802860824
-2.8171119944884504	-1.5531241258983162	22.957907117497165
-2.7863126941142684	-1.5849929525266582	22.816393942520182
-2.7570534388776204	-1.6173695940710209	22.675923878409392
-2.729334240175316	-1.6502549741774681	22.536497059080993
-2.703005419600962	-1.6835988277340466	22.39810065848194
-2.678266573925701	-1.7174702465939053	22.260752101400616
-2.654968281768303	-1.751825984029888	22.124439718281312
-2.633110553308499	-1.7866668650507882	21.989163654574917
-2.6118215075906797	-1.821768401639658	21.854845417594962
-2.5927663092837214	-1.8575599181401588	21.721632155222242
-2.575059865257445	-1.893833502101975	21.589450820339767
-2.5587021845850093	-1.9305898888527495	21.4583015661824
-2.5435701631086802	-1.9678409549151379	21.328180578316704
-2.529827960038758	-2.0055725128247666	21.199093306056675
-2.51735267560779	-2.0438020191543984	21.071037213070795
-2.506144317898	-2.082530128921897	20.944012459142122
-1.8858253584433857	-1.0329040322416256	20.766390530365825
-1.8651668320222397	-1.0644914277021107	20.633381562435012
-1.8457861222140775	-1.0962516688592192	20.50134726379877
-1.8276832376810221	-1.1281854577283648	20.370287775153383
-1.810702142355746	-1.160327662550058	20.2401720017899
-1.7950509036273863	-1.1926333564402163	20.111041725200863
-1.7805736793841724	-1.2251427002281785	19.982866966360888
-1.767270477212646	-1.2578563087597276	19.8556478581916
-1.7542807495083554	-1.2910280005465857	19.72920889144026
-1.7432576326945302	-1.324173009091122	19.603884436950537
-1.733317220323861	-1.3575647417831318	19.479500477473387
-1.7244595190458123	-1.391203737523621	19.356057140066312
-1.7165685766031284	-1.425160458840069	19.23353599458067
-1.709799010842752	-1.4593421581714794	19.11196190829429
-1.7040350186387636	-1.4938233681480195	18.99131746768122
-1.6992766058395812	-1.5286045627505527	18.871602796828434
-1.6904798915443795	-1.5661333490181457	18.751777677850054
-1.6878471447639904	-1.6014573850200389	18.63391210558203
-1.686148541094246	-1.6371451844777951	18.51696927822741
-1.6853840856507096	-1.673197161978455	18.400949318890426
-1.6854769485582084	-1.7097092574228903	18.285846503810504
-1.6865295810962084	-1.7465544785681835	18.17166875464221
-1.6884652684509254	-1.7838319063749202	18.05841135155963
-1.691284015156822	-1.8215419083353455	17.94607442143675
-1.694612573674343	-1.8603088083269625	17.83464742384859
-1.6991783565634573	-1.8989468943635432	17.72415317773416
-1.7045871000018886	-1.9380927200094247	17.614581395627862
-1.7108388080224193	-1.9777466120984777	17.505932211759223
-1.7178911980236986	-2.018025104524561	17.398213721584636
-1.725800655859987	-2.0587735524125876	17.291415453342974
-1.7345249899286488	-2.1001109743211854	17.18554661852123
-1.744064203836471	-2.142037662559772	17.080607362787475
-1.73583981512642	-2.213589772920738	16.97441562614715
-1.7481556829689089	-2.2562204141174123	16.871386630196167
-1.7612277087535988	-2.2995554963150235	16.769302215066197
-1.775055895471724	-2.343595261935965	16.668162538104713
-1.789639169317736	-2.388471761282231	16.56799312857766
-1.804978968778299	-2.4340094740037457	16.468760331987443
-1.8210742878330777	-2.480342301421217	16.370491010208383
-1.8379251291904202	-2.527470463030702	16.27318534231846
-1.8556136890713866	-2.5762653156865785	16.17704778069589
-1.8740001421868504	-2.6250787899296393	16.081696341424642
-1.893150072178245	-2.6747846956990706	15.987334361474797
-1.913063481492299	-2.725383231288164	15.893962046925317
-1.9337660148752533	-2.777025915604935	15.801626576768502
-1.955223484841123	-2.8295111699118753	15.71026555305783
-1.9774615913860032	-2.882992020214491	15.619927912177875
-2.0004803367090034	-2.9374686447381184	15.530613893237813
-2.0260930452280377	-3.000412388429954	15.444675073496578
-2.0508356083735206	-3.057016746571995	15.357485150018444
-2.076381917395878	-3.1147306828266927	15.271363608066697
-2.1027319742229342	-3.173554353433172	15.186310727221601
-2.129937641965552	-3.2336596138468394	15.102403155094077
-2.157929774095687	-3.2948176708519052	15.019539386003688
-2.186760276487316	-3.3572015423249546	14.937798459578275
-2.2164291507996023	-3.420811362731585	14.857180703579662
-2.247347061614744	-3.4867923321935326	14.778250667189445
-2.2787506487449445	-3.552982682468214	14.699948828129688
-2.311035129736771	-3.620522417872319	14.622837388806254
-2.344200505938928	-3.689411647710707	14.546916734521343
-2.378322872324838	-3.7598434919604298	14.472303366856586
-2.413300771788574	-3.8315606889947973	14.398842904318066
-2.449210327362273	-3.904757112615119	14.326655146858965
-2.4860515400242207	-3.9794328421058127	14.255740547889234
-2.7256046835276564	-4.628831097754871	14.42709453050209
-2.773581601554905	-4.710632715988638	14.363264102960086
-2.822429243661918	-4.794328596109619	14.301013626727942
-2.8721476087600437	-4.879918649888933	14.240343719355415
-2.9228914428310846	-4.96758383835834	14.181463387284131
-2.974454414877462	-5.057082635239083	14.124095485135157
-3.0269912387522364	-5.148595089965317	14.068454294815151
-3.080501912733311	-5.242121062970851	14.014540543862998
-3.135989007748285	-5.338876958568683	13.963849293189217
-3.191557043935396	-5.4365721568336856	13.913569625934903
-3.2482041106396498	-5.536404330232074	13.865192026235823
-3.3059302052515003	-5.638373267275005	13.818717347789027
-3.36489542542542	-5.742669426840603	13.774440952111524
-3.424886300606341	-5.849038295170062	13.7319711317263
-3.486062854846139	-5.957668258603661	13.6916105021722
-3.548425084340098	-6.068559008790921	13.653360059903246
-3.6200845654012106	-6.191732647394424	13.63168563531131
-3.684974592575425	-6.307401566628983	13.598010132121273
-3.7511604850652773	-6.425450757726203	13.566692812170754
-3.818642237467027	-6.545879782743778	13.537734833261036
-3.8875829617052258	-6.668863551035294	13.511544172982793
-3.957765161007214	-6.79416769876657	13.487579706311912
-4.029351799344027	-6.92196298792533	13.466259172852475
-4.102342869270832	-7.052248815150507	13.4475839060613
-4.177770402139048	-7.186066997032997	13.434395979677921
-4.253679094013361	-7.3214385615243645	13.421340070024842
-4.331100321315343	-7.4593946882428135	13.411260551446373
-4.410034074000231	-7.599934563117766	13.40415894630561
-4.490638881109411	-7.743174779320842	13.40058267569292
-4.5727033445812655	-7.888957771617264	13.399805559950703
-4.656385723855789	-8.037392598065686	13.4023877122032
-4.741686005627604	-8.18847818034153	13.408330851990124
-4.891145756323375	-8.404768124023976	13.588266011634518
-4.979784775290031	-8.561208248317808	13.602300423892242
-5.070140619787761	-8.720275118645459	13.62016374487734
-5.162213272266098	-8.881967312641926	13.641857871961866
-5.25613129374365	-9.046259433970869	13.668090120348495
-5.351723224676597	-9.213181709388646	13.697921977950719
-5.44911716285265	-9.382695827504726	13.732076273999992
-5.548313085803215	-9.554799967368114	13.77055507965676
-5.649977642558429	-9.728873616398584	13.818071802555682
-5.752822044671623	-9.906031479510537	13.865710607254915
-5.857538467130791	-10.085670155872664	13.91822056141818
-5.964126881626866	-10.267787351197343	13.975603874250535
-6.072661294401481	-10.4521167354193	14.038726132785973
-6.1830429589726315	-10.63900762118076	14.106438451965127
-6.295345145690169	-10.828173207480129	14.179623955045283
-6.409567819439683	-11.019610648495602	14.258284930163267
-6.527293642824159	-11.198938040443945	14.380323622723104
-6.644987910673772	-11.394095630110982	14.47012125887193
-6.764617578077228	-11.591184122728862	14.566016965931867
-6.88618260251977	-11.790200072720076	14.668013001486557
-7.009650937756884	-11.990491300953472	14.77707827302483
-7.135065206215249	-12.192918797068943	14.891926070121995
-7.26239227582958	-12.39680025573216	15.013542236446764
-7.391632095800794	-12.602131559968573	15.141928881635886
-7.52206231791795	-12.803609856806055	15.28288823152421
-7.6549601556264015	-13.011123431541577	15.425335133272963
-7.789696301360074	-13.219432592073765	15.575218034794927
-7.926270695888742	-13.42853253813211	15.732538718597048
-8.06447625605607	-13.637211065406987	15.898232002464384
-8.204588947887459	-13.847072707071415	16.071055199736126
-8.346400210649659	-14.056864407559189	16.25195462226268
-8.48990997707835	-14.2665807154823	16.4409315052948
-8.2148430633393	-13.176961898141919	17.321501852162662
-8.33959312336016	-13.363002161046595	17.480019897333577
-8.46582148425339	-13.548395281309425	17.64557111278233
-8.593528093613317	-13.733137011750983	17.818156170794946
-8.722345374157802	-13.915889929784292	17.998325616744193
-8.852763303425144	-14.098427094099863	18.185346421963683
-8.984413030969993	-14.27937602050391	18.379771398051922
-9.117294500700964	-14.458732163110925	18.581600543947136
-9.248334700643516	-14.626851722609096	18.7928452777607
-9.383224437016949	-14.801858310564898	19.009421837985318
-9.519025985109721	-14.974152511793157	19.233624960710856
-9.655739287761307	-15.14372969376036	19.465453800055677
-9.792756747138819	-15.308706466847145	19.704978468642196
-9.930888361922454	-15.471583338523407	19.952102693011227
-10.069525211743983	-15.63044077401915	20.206885503264985
-10.20866724190024	-15.78527433995635	20.469325060217834
-10.313427084639653	-15.850035281486672	20.724780515876827
-10.451852513634767	-15.995407158078853	20.998862300485342
-10.590316250312087	-16.13540405004407	21.280307198935088
-10.728818247543972	-16.270022137957245	21.569112399184277
-10.866478252171197	-16.3970147271892	21.864522331399503
-11.004469834773461	-16.5193692818974	22.167536988992882
-11.1419117582189	-16.634812671514805	22.47737407525705
-11.278803987725375	-16.743342077148245	22.794029764572304
-11.408706900572778	-16.830958290993703	23.1094252001685
-11.54366799969573	-16.924279684199536	23.43831870940559
-11.677407908890604	-17.009144963344585	23.773113135429742
-11.809926611431546	-17.0855527728941	24.113803846288942
-11.94008495190789	-17.15127602545931	24.458475751705674
-12.069401784246134	-17.20928255370297	24.809671037400403
-12.19673780156144	-17.25734212169843	25.165435857413094
-12.322093010491127	-17.295455267362268	25.525765133148962
-12.089283086307534	-16.818624728850303	25.240088236229326
-12.206443422076157	-16.855115691287363	25.581825399843172
-12.321393603095009	-16.88161075712352	25.926919961849848
-12.434133647626208	-16.89811140639929	26.27536743462494
-12.5434780054464	-16.903061898982823	26.62453525427419
-12.651007473190921	-16.89854166117919	26.977923275252063
-12.75553718530289	-16.883014743761183	27.332865021872305
-12.857067184264169	-16.856484589640786	27.68935642636726
-12.948158268773472	-16.81232158333113	28.02819487237371
-13.04291689923089	-16.76363927878203	28.38537117941999
-13.133895101785107	-16.703316679592987	28.742002384465767
-13.221092941610568	-16.63135906777954	29.098085471750565
-13.30337056227868	-16.54738470441698	29.450152927154868
-13.382247940974752	-16.451916239925467	29.80282235346346
-13.456586953971193	-16.344620161196712	30.152609411697163
-13.52638768476385	-16.22550323509103	30.499512752068473
-13.5454707449626	-16.10109676628468	30.68295479803253
-13.606849934269773	-15.96427650398512	31.021237509126507
-13.663118945075706	-15.816025253041254	31.354483168990203
-13.714277869003935	-15.656350439016158	31.682692333476318
-13.759481519666856	-15.486439722081819	32.00233238916464
-13.799857028260316	-15.304727061907826	32.31811666607693
-13.834561376728907	-15.11245946548624	32.62652696200569
-13.86359465706471	-14.909644388248035	32.92756611213759
-13.883341029263562	-14.708287671202033	33.20096129219789
-13.900960381135354	-14.486341952117531	33.48548348353259
-13.912516952235134	-14.255253083313008	33.76055803457015
-13.918010823564732	-14.015027629522733	34.026189899350925
-13.917133633050462	-13.768413092609684	34.279707146774555
-13.91029670265951	-13.511760119779463	34.52468539379279
-13.89719335177601	-13.247861232290234	34.75849979834012
-13.877823639896686	-12.976721252010403	34.98115697673882
-13.266940147122057	-14.623437541366421	31.153013034731444
-13.298619558710095	-14.477877636996237	31.42743972570312
-13.325764212467732	-14.323531593663667	31.695920381242562
-13.348374171707258	-14.160404542467358	31.95845681139463
-13.365916611810736	-13.990044009858984	32.21254276044555
-13.3791021090424	-13.810398252252455	32.46152535554556
-13.387399263475043	-13.623053483700353	32.702919177704686
-13.390808131842714	-13.428014302172219	32.93672748688859
-13.387556675507604	-13.237892073443213	33.14948781246476
-13.381288558446544	-13.029226286706049	33.36710897245411
-13.369933442261114	-12.81427859695696	33.57578941569365
-13.353491370382553	-12.59305252404928	33.77553355236787
-13.331910769810332	-12.368041353860846	33.964743492077126
-13.305260490912632	-12.135927704810314	34.14556070695628
-13.27348978402776	-11.89922652985026	34.316425784890285
-13.236598673918646	-11.657939835874148	34.47734383120342
-13.203609194836382	-11.530281798098358	34.57084143118166
-13.159263678017616	-11.282986416131331	34.71570252666608
-13.109898968749473	-11.032742901304754	34.850079456677946
-13.055515073224875	-10.779551755519751	34.97397746493824
-12.996541705902667	-10.526227444496046	35.08701381484493
-12.932405910766052	-10.269017071317885	35.18971079605522
-12.863537317007198	-10.010731764856269	35.281726064937246
-12.78993590981497	-9.751370324753472	35.36306444502755
-12.715770910302128	-9.508015698072423	35.43497235046393
-12.633404097447984	-9.248167647905367	35.49567525025506
-12.546727772402942	-8.989015437510576	35.54591622642492
-12.455741902539145	-8.730556422587346	35.58569918416844
-12.361278169959524	-8.475254952956092	35.6158614604654
-12.262227577170576	-8.219818095101791	35.63529468224617
-12.15942088696623	-7.966684361259343	35.64486205170387
-12.052858053680044	-7.7158500504250425	35.644566180058334
-12.216303429419574	-8.231760649183958	35.79239976143853
-12.114799445897004	-7.97452964917839	35.80021776794571
-12.009566181040713	-7.720042577566396	35.798315175118816
-11.900603586840651	-7.468295543408476	35.78669439139803
-11.788930022937635	-7.221274388053516	35.766755800428115
-11.67318755853744	-6.976321764690782	35.736636591085876
-11.554393348878353	-6.735390189577483	35.69775006515399
-11.432547340222355	-6.498475307555007	35.65009712240261
-11.314448397013393	-6.2754498643926055	35.604242816391924
-11.187280032489296	-6.047179266545582	35.54044758045667
-11.057768293562386	-5.823880677291546	35.469001970502475
-10.925913126828211	-5.6055497685052895	35.389905476546616
-10.792806726640737	-5.393198179459597	35.30500675302692
-10.656992712974839	-5.18546726063205	35.21183870247802
-10.519562071201667	-4.983335708005836	35.1122407528838
-10.380514753347509	-4.78679963358641	35.00621119980916
-10.28961916773172	-4.63540937274168	34.983308730184234
-10.1477635095605	-4.447240262320888	34.866573068443714
-10.004924088411183	-4.2650285449335925	34.744508480658986
-9.8611008639714	-4.0887709534929195	34.617112417396314
-9.717291657920724	-3.918616579640382	34.4861984290112
-9.572165955972656	-3.7543597149281998	34.34934198392074
-9.426720741238306	-3.596126915833196	34.20833371646156
-9.280955984193104	-3.443915789558049	34.063170514789284
-9.140461265854512	-3.296732445457275	33.92465152232957
-8.994515894314466	-3.1561535387218553	33.77223175639997
-8.848844577632233	-3.0214504829800894	33.61672111996146
-8.703447297430825	-2.892621788882146	33.45811626154964
-8.559101445962602	-2.7691992193985726	33.29787558852721
-8.41477046620547	-2.651804333527906	33.134046739841274
-8.271231430340702	-2.5399605842599158	32.96806134647676
-8.128484330557674	-2.4336673385881076	32.79991609468748
-9.728189753561473	-3.945806376430127	35.518785777883096
-9.583157035735452	-3.7565019400003785	35.37553154211102
-9.43720683573325	-3.573832143064724	35.22758582031882
-9.29033911609661	-3.397793949846116	35.07494558611594
-9.143626157237938	-3.2282674985037065	34.9194589782752
-8.995638174670129	-3.0654063424886506	34.75865428904798
-8.84744669474726	-2.909070463634844	34.59435327369497
-8.699051692467297	-2.7592578356706836	34.42655241684793
-8.556306396020478	-2.6133708353544645	34.26601461558843
-8.407952875593104	-2.4760387330870595	34.092224021442156
-8.260019571889199	-2.3449234004686312	33.915986439198726
-8.11250647206703	-2.2200237967503975	33.73729821709663
-7.966208323611525	-2.1006510696121126	33.557567381473376
-7.8200654424769915	-1.9877220085672225	33.37490814112735
-7.674872390495592	-1.880543148647691	33.19069984461583
-7.530629165766436	-1.779114335797198	33.00493899149902
-7.4187631122614075	-1.6476229418317763	32.88425892606665
-7.27520916060309	-1.555677621132372	32.69519189441987
-7.133041717936045	-1.4690012306359819	32.505292735133175
-6.992260791305831	-1.387594341344527	32.31455820613092
-6.853376604602129	-1.3105287697015822	32.1239282322374
-6.715708881820187	-1.2390439184799704	31.932142390552322
-6.5797680904626255	-1.1722186123941256	31.740116525067695
-6.445554244614848	-1.1100539929852786	31.54784784774315
-6.315368116851758	-1.0464519947377866	31.360236339223196
-6.184681912425473	-0.9929157981521892	31.16785284037025
-6.055975133209895	-0.9434298450015772	30.975681663454548
-5.929247798245783	-0.8979956784305416	30.78372050670274
-5.804752133778905	-0.8556969574026478	30.592503868261122
-5.6821518852819715	-0.8177592898856134	30.401314125166305
-5.561699763476486	-0.7832797878428401	30.2106693817177
-5.443395790461596	-0.7522602422835788	30.020567817411987
-5.408675851337506	-0.386298278091183	30.137430743999616
-5.284386373511076	-0.35810304122044	29.94225030228075
-5.16251643699518	-0.33306831741279375	29.7479326238662
-5.043066068489403	-0.311196270516741	29.554476057285456
-4.926099420931557	-0.29160709844581767	29.362161135683788
-4.811531019805341	-0.27547895488932594	29.170610355564218
-4.699425655380365	-0.2619495816385502	28.980092962129625
-4.589783354765516	-0.25102117571356686	28.790607755185295
-4.48245416894379	-0.23748908109284184	28.603396597873328
-4.377620480778361	-0.2312492039280655	28.41603159653948
-4.2752415618993975	-0.22711539662026503	28.22980411208058
-4.175317438853792	-0.2250898106432705	28.044713312349682
-4.077766543289064	-0.2244999249770201	27.860850861052707
-3.9826976939031917	-0.22624736947912127	27.678092855886092
-3.8900299376365624	-0.22967648988985978	27.496525574164103
-3.7997632997535504	-0.23478933374215857	27.31614847421158
-3.705444617956201	-0.2069530672824227	27.1413450806508
-3.619209693616736	-0.21508941043879284	26.9630274889842
-3.535307525025962	-0.22454911094996	26.78592837496166
-3.453738136005002	-0.2353340993816487	26.610047414563972
-3.374334913507017	-0.246967562637864	26.435380452655945
-3.2973200622075716	-0.2600896235637493	26.261932419095242
-3.2225275126867263	-0.27423833927186525	26.08969730304541
-3.1499572868218118	-0.2894154827946202	25.91867494208906
-3.0783951508289604	-0.3029218529272937	25.74870803159244
-3.0101119020965506	-0.3199021908873324	25.58007473121323
-2.9439263171132426	-0.33766959089764637	25.412634868626927
-2.8798384157529964	-0.35622566362883257	25.246388394250197
-2.8176465668461717	-0.3752621486136851	25.081293382121725
-2.7576196566386786	-0.39519368138446614	24.917405687038507
-2.69955650366479	-0.4157242885566168	24.75468335592507
-2.6434571258088386	-0.43685541955277873	24.593126414230305
-2.1089971013483835	1.6378810432450783	25.33646801255165
-2.0167572354894943	1.6196376326479889	25.159843841405717
-1.9272145616204508	1.601232920409351	24.984836730712143
-1.8403691082284515	1.5826645978048635	24.811446817185562
-1.7558405414312706	1.564321345489052	24.639502522902696
-1.6741360361799011	1.5456798080451422	24.469232995937602
-1.5948758925740023	1.5271113761088255	24.30046804883487
-1.518060135171987	1.5086140593614437	24.133207876501093
-1.4413126191770518	1.4923491149631705	23.96642998387582
-1.3691400444162962	1.474199505309089	23.80208090827134
-1.2991631724142838	1.4562996616868027	23.639133410386478
-1.2313820242236466	1.438647877901112	23.47758770490237
-1.165437141285154	1.4214641474804397	23.317301622002205
-1.1018078481595452	1.4044513786393118	23.158465223085724
-1.0401351530869736	1.3878168392680745	23.00093807676341
-0.9804190740309735	1.3715590735252141	22.8447203934964
-0.9053624383410668	1.36926327132399	22.683017901181127
-0.849417338535034	1.3540417988044375	22.52940754378831
-0.7951954873413927	1.339295558730694	22.377025250712997
-0.7426968999633884	1.3250233189667395	22.225871214249313
-0.691602452248115	1.3113375138009413	22.075836183822627
-0.6423376765350982	1.2980855183793667	21.92706625681608
-0.5945837847233078	1.2853706083915157	21.779453645199624
-0.5483407896662453	1.2731917421346695	21.632998517232853
-0.5017308859504834	1.2621926803709926	21.48708084335334
-0.4583371611796381	1.2511584285132105	21.342885671063375
-0.416256159926478	1.2407014298947643	21.199786394441
-0.3754878929976966	1.230820808695037	21.057783155896676
-0.3357602262128214	1.2215664107695767	20.916794273828355
-0.2974360288630317	1.2128698528331388	20.776928968961652
-0.26024340485644126	1.204774493986681	20.638106610742565
-0.22418236324082583	1.1972796009598135	20.50032731710713
-0.07251518110033572	1.274629017125216	20.3266403118839
-0.03932307463890104	1.2703707612163007	20.191476742020054
-0.007028375939599041	1.2667492839223247	20.057309696868693
0.0243689079491085	1.2637640140058035	19.924139265360072
0.05508871013426253	1.261434691288322	19.79190757276236
0.08483777108607826	1.2597337489744187	19.66069197885707
0.11383586951519353	1.2586767227792777	19.530435256338773
0.14208299961842558	1.2582631423881823	19.40113747783053
0.17084516921906445	1.2586512635692344	19.27247338240523
0.19770105865596158	1.259555112507538	19.145065491093035
0.22394009568224726	1.2611063981277622	19.018583790819942
0.2495622755709686	1.2633047373374444	18.893028341343726
0.2747485562623915	1.2661602338188245	18.768355862245265
0.2992576502505874	1.2696585851102085	18.644624191952055
0.3232704126674819	1.2738070976085156	18.521790488819043
0.34678683970042035	1.2786054623199135	18.39985480333419
0.37819179615183574	1.2858296211394684	18.276801685865713
0.40066810530603786	1.2921301083460257	18.15667823766279
0.42276599108345225	1.2990826820655466	18.037428039153124
0.4444854505077185	1.3066871010810401	17.91905113419755
0.4659742400640656	1.314956893363577	17.801515616231946
0.4870353447217515	1.3238735042504148	17.684864126815423
0.5078164570230506	1.3334487242326283	17.56906509423383
0.5283175746515006	1.3436823655742611	17.454118559471155
0.5493938947988206	1.354724512053033	17.339848544929623
0.5694106383552671	1.366305708735492	17.2265925848678
0.5892380472459537	1.3785555397803124	17.114171408257363
0.6088761197226072	1.3914738634998989	17.002585055846442
0.6284485163383859	1.405085327998436	16.8918108753144
0.6477903526850063	1.419356771644667	16.781879166316664
0.6670252526285685	1.4343118482633228	16.672767605342436
0.6861532149008436	1.449950455071719	16.564476235447795
1.4984553332239177	2.2633882485906303	16.426870479354584
1.5178023360864668	2.3014862013513944	16.326354673154523
1.5376274825697833	2.3404476771135454	16.22676611635639
1.557930774021193	2.3802727850701	16.128104942714412
1.5787726086169318	2.4210741746308444	16.030395900970888
1.600072458598108	2.46270190128515	15.933606325400062
1.62189075378519	2.5052694812944787	15.837762117837105
1.6442274955167824	2.5487770231450537	15.742863437546317
1.6675047186458318	2.594001199861564	15.649112314497032
1.6909298412137608	2.639480268026862	15.556132145945387
1.7149175342641767	2.685983233743976	15.464122497435902
1.7394677991077434	2.7335102032347045	15.37308355867469
1.7646529706916567	2.782196793755053	15.283061513028256
1.7903766054429855	2.831862427320581	15.193995254382342
1.8167110686381485	2.882643549900911	15.105932600200077
1.8436563615347654	2.934540263418884	15.018873776322026
1.8751319650053015	2.9946244984817256	14.935190774626967
1.9034289725992666	3.0489498426460306	14.85022654009465
1.9323901651174282	3.1044931348920097	14.766310248895138
1.9620155437244078	3.161254469605559	14.683442170831784
1.9923918344849638	3.21939455483406	14.601698205282716
2.0234034052657877	3.2786993254929016	14.52097782378345
2.0551370081946403	3.3393301976405736	14.441359247269636
2.0875926443017048	3.4012872547675466	14.362842796688891
2.121374382286674	3.465668760757479	14.285991493680118
2.155347504517169	3.5304069996345055	14.209749427562855
2.1901057692419834	3.5965883444748545	14.134676339188763
2.2256491772939815	3.664212862777374	14.06077261022218
2.262080565447799	3.7334672246294183	13.988154628586923
2.2992628197378515	3.8041026771062727	13.916668158590625
2.3372987937358554	3.876306337827701	13.846432867150359
2.3761884879967616	3.9500782517692765	13.777449207478496
2.4611423707468356	4.104258959540061	13.749273662251149
2.5026562126854692	4.18248492510501	13.683577790452398
2.5451071064653834	4.262438635627109	13.619262525490393
2.588495052141132	4.34412009552759	13.55632842122112
2.632942978233498	4.427740075176672	13.494953803945712
2.6782869797514106	4.5130175233687675	13.434902279350181
2.7246499809033984	4.600163067015798	13.376356918976484
2.7720319811915424	4.689176665764209	13.319318377929854
2.8212743317667033	4.781470372579311	13.265069203739378
2.8707942336956127	4.874382746344225	13.211198776656506
2.9214210295513734	4.969309802082083	13.158985759811978
2.9731547180921143	5.066251439146362	13.108430926335453
3.0261357375244398	5.165435273806325	13.059790419076316
3.0801768332457873	5.266557521046594	13.012724628372066
3.1354184042625466	5.3698446782561025	12.967496296418476
3.1918604483490642	5.475296565058428	12.924106332397042
3.2569068350217982	5.594814502161394	12.89516852348746
3.315959688729441	5.704894770595965	12.85577757433405
3.376312944478534	5.817292894412356	12.81844387850781
3.437966598719357	5.93200858592603	12.783168503296086
3.501076722911399	6.049269352509985	12.750312668041147
3.5654352121767	6.168771073085333	12.719397380638055
3.6311980373307393	6.290738420934538	12.690792919320124
3.698365193137865	6.415170971738026	12.664500527612015
3.767968074555979	6.543501085384793	12.64306345035528
3.8380604157620866	6.673017906056573	12.621693357161934
3.9096648427762655	6.805139237750258	12.602932809501032
3.982781348188294	6.9398644799097955	12.586783247246922
4.057575165442716	7.077389422656111	12.573741462302607
4.133825963817646	7.217451435170972	12.5631486006098
4.211698774259272	7.36024063402475	12.555513572998514
4.291193586589254	7.505756194321315	12.550838033442943
4.931460522983269	8.460158934703838	13.626118267580981
5.020481947419748	8.617438744285796	13.641448687981967
5.111230962387206	8.77732962337926	13.660647136331379
5.203707549984181	8.939830121173122	13.683715519996056
5.298036092267318	9.104906424656587	13.711366604983132
5.394050700766838	9.272599911885303	13.74265463177368
5.491875285336461	9.442863605877102	13.778307942039898
5.591509823088171	9.615695651689343	13.818328612978059
5.693590396403598	9.790408449587595	13.867457830979873
5.79688541158992	9.968241762969061	13.91672578351659
5.902057209318668	10.148526407877458	13.970910851554128
6.009105760796677	10.331260050791625	14.030015244228894
6.118099503312762	10.516162170943744	14.094907923996717
6.228947114478951	10.703600906573302	14.164435498251452
6.341716283716441	10.893274935320921	14.23948442835879
6.456406975372121	11.08518136770632	14.320056993677618
6.574277702333543	11.264210974569101	14.444087754574808
6.692427796036208	11.459732889921428	14.53587145366121
6.8125098078652915	11.657134392801236	14.63380115542471
6.9345236947471705	11.856411992338039	14.737879096778935
7.058429596204666	12.056892926664185	14.849072070969726
7.184280552338173	12.259465523453635	14.966096126287585
7.312035603738718	12.46342653562775	15.08993476646391
7.441694699056588	12.668771801586102	15.220590065431512
7.572476414159707	12.870054428047025	15.363823474015073
7.705768194058885	13.077433811271574	15.508622508389372
7.840883415385642	13.285527054396095	15.660898718117954
7.9778220184291415	13.494329318199128	15.820653831838703
8.116366123671314	13.702602219733004	15.988810084128021
8.256806091279119	13.911985115375893	16.164141423229296
8.398922554350994	14.121198508829249	16.347581067144265
8.542715445294794	14.330236922136393	16.539130176615814
8.584748962666481	14.19432609932003	16.910127902797885
8.725673554149184	14.396302903443155	17.10597272473336
8.86805844662129	14.597132161511114	17.310029577101467
9.0119035722442	14.796808375593676	17.52229888211519
9.15675125221207	14.99355098389409	17.743355059048955
9.303211563580739	15.189720992156447	17.9724324155101
9.450825194186443	15.383492922747717	18.21010432251741
9.599592072843496	15.574861006475375	18.456370222220638
9.745616982065972	15.751144441410572	18.712779561838904
9.896103966637646	15.93619779706245	18.976018169963748
10.04733921328998	16.117380090878914	19.248014906568322
10.199322651711562	16.29468562452276	19.528768017380617
10.35127809115295	16.46567643597096	19.81814920087757
10.504240293214426	16.633590222880283	20.116324305503156
10.657431475064433	16.795945665093036	20.42314518129732
10.810851572795409	16.95273758326749	20.73860871533877
10.92025868709826	16.99469268733461	21.033034249586905
11.071942564277013	17.13893425251212	21.36072504020424
11.223268334854536	17.2759278317974	21.69650054857212
11.374235948632588	17.405669356910032	22.04035643562617
11.52372925420887	17.52538597309142	22.391016596429115
11.673236352732365	17.638766657180078	22.750171327872955
11.821640122608725	17.743012857286043	23.11650491385842
11.968940534316367	17.83812218085391	23.490011824638245
12.107079013633703	17.907416304363544	23.858297963554392
12.251148011274816	17.982708911746858	24.2441371503152
12.39327342570282	18.0470479734318	24.635745351930467
12.53345525541444	18.100433367586596	25.0331162840374
12.67028791872438	18.14036247965329	25.433453496659734
12.805645549151654	18.170174123159896	25.840470698330673
12.938122884188946	18.18737588280723	26.251321013416632
13.067719956323868	18.191970391530287	26.665998060206203
11.453112022637574	16.08098944913307	23.724304644298257
11.568284231559955	16.159282548597183	24.02884960798935
11.68236077808143	16.22950834490157	24.337990583934335
11.795341654308157	16.291666198295594	24.651723837428776
11.906150241129343	16.344051535092706	24.968242799638908
12.016222027970073	16.38893689955403	25.289947260940153
12.12448040832233	16.424618877811618	25.615000013924757
12.230925393413496	16.451098379780575	25.943397109149405
12.328511676410207	16.45947536876081	26.260942976162255
12.430547392340216	16.466958410976503	26.594092830307748
12.530031255503838	16.464311674279173	26.929021425134376
12.626963297923199	16.451537753878764	27.265725062901897
12.72021272823171	16.42760552643678	27.601453193176482
12.811287360618365	16.393897308877513	27.939865141475284
12.899057375640448	16.34940947650318	28.27818428396107
12.983522825894955	16.294146291999287	28.616407705547335
13.01506281377425	16.201261367354167	28.819884106795385
13.092795636657295	16.12866438609995	29.153990136803724
13.166597409804613	16.045137149955874	29.48610952335183
13.236468200633404	15.950685122700026	29.81624057106551
13.301416882825878	15.845469155252651	30.141143988758266
13.362765126172402	15.729288397857715	30.465136224739936
13.419523515906638	15.60235103959603	30.784971849093722
13.471692130724168	15.464663458293671	31.10065086608648
13.514134735700498	15.321417333490254	31.391972494084317
13.55678541066289	15.163445087099069	31.69728509129145
13.594299668193798	14.995388944831175	31.996318209091953
13.626677589706885	14.817255504797771	32.2890737723376
13.653291823667828	14.630691213846305	32.57252319327878
13.674979024666014	14.433515873776294	32.85071069864978
13.691113690963979	14.227426238127013	33.1206315151341
13.701695897129246	14.012428350169325	33.3822894844499
13.568547035034072	14.232183916024711	32.78330963025401
13.582432079850355	14.030213518021785	33.04333667221245
13.59085720406269	13.820120954294007	33.29484884921254
13.593822473543126	13.601911563393637	33.53785028204123
13.591062685025957	13.377988013231011	33.77004120126902
13.58293158306758	13.14515810917151	33.99449875470932
13.569165331044633	12.90586111180862	34.208962033724376
13.549763977282897	12.660100937669942	34.41343647491627
13.524970316470567	12.425325090338928	34.59711657813683
13.494668248659549	12.168806483689377	34.78108678799913
13.458740648547886	11.907733061698753	34.954032836401815
13.41718754150907	11.64210688074353	35.115960855570286
13.370309960382212	11.375036241723167	35.26593860733652
13.317706565856605	11.102379807568857	35.40522348092084
13.25967870896527	10.827253377189002	35.53293252862922
13.19622638943834	10.54965692871287	35.64907186038047
13.152978832034306	10.410351030477955	35.728462248045474
13.081834689928154	10.12978135188031	35.8266947595933
13.005570256679666	9.848591927379205	35.91328253652613
12.924185510651073	9.566781003357532	35.9882311051618
12.83846545089603	9.287344509762663	36.052021954770446
12.747363343528834	9.006282323352496	36.104025024924596
12.651663447882594	8.726569117393947	36.144760913842234
12.551365721985798	8.448201490336288	36.174233889741046
12.45264659473697	8.18807628916842	36.19903860580944
12.34402227650117	7.913837988826784	36.20724455326233
12.231435279833452	7.642656134870028	36.204951749855695
12.114885549230035	7.374526229034432	36.192162855956646
11.99547868278692	7.1116306901569395	36.17048065993995
11.871740413764236	6.851048608874727	36.13777285540525
11.744774953052111	6.594924041708483	36.095656106374925
11.614582239042967	6.3432519957169875	36.04413131366834
12.807744069482581	9.87409379136428	35.85806361201496
12.73193993238767	9.59790315941649	35.92956294565817
12.651260147602228	9.322089537011639	35.9900060771183
12.565704686598503	9.04665061213898	36.0393978796404
12.476152424037506	8.774299646440628	36.07845982590937
12.381431445305521	8.501412333786613	36.106240227265104
12.282419760069812	8.230677406981107	36.12349388195946
12.179117322961398	7.962091189128074	36.13022427700892
12.078036218389164	7.710569682767102	36.13405510306356
11.96701023848605	7.447482918493517	36.121027841333415
11.852366352584797	7.188042704725025	36.09833524043448
11.734104505381575	6.932244559403074	36.06597917900302
11.613349447606113	6.6819372875883705	36.02562707589681
11.488601378924688	6.434645061770959	35.97505870622873
11.360983702914986	6.192179569436306	35.915949571644546
11.230496361367205	5.954536093013326	35.8482999038505
11.151275368847928	5.797998581897537	35.855728238535605
11.016322067377342	5.567359936818468	35.77448944105912
10.879173643397456	5.3423580200367935	35.68581743005487
10.73983004102083	5.122988302195438	35.58971110179312
10.599448963023335	4.910089868244499	35.488176216130206
10.456486681067725	4.7025338372096845	35.37853480984173
10.312099656231942	4.501125558281084	35.26277867729192
10.166287840484298	4.305861138765311	35.14090552504111
10.025915160593387	4.119361968066521	35.025574118133
9.87789446204953	3.936238437139459	34.89281394770377
9.729172807485991	3.7594630250435834	34.75521060709127
9.579750159640511	3.58903271188636	34.61276099629892
9.430629568750142	3.424882141045116	34.46730716226007
9.280473557493321	3.2670922138291627	34.31638540630184
9.130284425073857	3.1155775017158156	34.161811032176566
8.980062146407088	2.9703359717369864	34.00358051522995
9.157118477451426	2.9591540104663094	34.49678714905695
9.002281141853416	2.8064036334733427	34.33289726454256
8.847653279624522	2.660159343025934	34.16580344450406
8.693234870021827	2.520419458029433	33.99550179826846
8.539897810502097	2.3866173717369032	33.82361495863373
8.386479533162222	2.259505483309026	33.647970334651916
8.233851579480762	2.138507971000072	33.470159467142
8.082013941157118	2.023624162093859	33.29017850605636
7.935458445027509	1.9100617544759162	33.11706017560039
7.7854891529246535	1.8067028710584463	32.93352224154663
7.636792702952216	1.708948282630784	32.74867936096199
7.489369097426907	1.6167981769490303	32.562527957889216
7.3437941301056	1.5293558201331425	32.376169581016356
7.1993000886365826	1.4478178831704815	32.18812750956571
7.056462914043966	1.3712920609433321	31.99947643933913
6.915282617080588	1.2997792249075297	31.81021322993272
6.797038822958915	1.1880745160778816	31.672761650214312
6.657843710923516	1.1250364570430855	31.481809221542466
6.52061362314562	1.0664508384147018	31.29078928885939
6.385348576799075	1.0123190520346075	31.09969915080451
6.252358359058584	0.961684715930768	30.909199004550505
6.121229964106727	0.9158265516599141	30.71840273268933
5.992273631977019	0.873800814384146	30.527951119137448
5.865489384024508	0.8356092348079652	30.337841989439493
5.742049849635474	0.7952859703655202	30.151379444331944
5.619589811628085	0.7641289658408975	29.962181441598762
5.499434694452891	0.7362217049388908	29.773626892684902
5.3815845218932985	0.7115661151685271	29.585714111640623
5.266134516809556	0.6893241787937106	29.39877708537172
5.152957771788269	0.6706178237147311	29.212366941172622
5.042150083885169	0.6546248632803815	29.026806028455415
4.9337114778457085	0.6413473029678051	28.84209309490085
5.609647754590844	-0.4593017667910546	31.419121608544767
5.459328571450044	-0.5039116533793672	31.20383812473658
5.311686852044353	-0.5443955535822189	30.989630497836767
5.1667226304108285	-0.5807507088911347	30.776496065128367
5.024585534659695	-0.6141849708783811	30.564828980988157
4.885076141286046	-0.6430813352038178	30.354098104286457
4.748344899466317	-0.6686250161877805	30.1446792251241
4.614391844496327	-0.6908131533062507	29.93657038241443
4.483357675444352	-0.716826637602896	29.731470021175422
4.354828445934773	-0.7330159881209474	29.526051195678185
4.229102786001044	-0.7465368036745552	29.322078830458533
4.1061807305418725	-0.7573862559232291	29.11955154507893
3.985998592311629	-0.7665036633428013	28.918573939166393
3.868641367755725	-0.7726301082014468	28.71900373597051
3.7540461795817586	-0.7766826991532145	28.520936464704345
3.6422130610637216	-0.7786587395315846	28.324371208001814
3.526425882163913	-0.8264983756228093	28.134902398777644
3.419026220107329	-0.8247774016964764	27.94092218376817
3.314324874858109	-0.8214863432376971	27.748467314424886
3.2123218778066094	-0.8166226562378608	27.557537219988205
3.112824165584051	-0.810863764885692	27.368093507928627
3.0160892269464123	-0.8033006883831446	27.1801862705029
2.9219247132461272	-0.7945913042600816	26.99377368295962
2.8303306531291708	-0.7847332909242798	26.808855433864682
2.7398288821305754	-0.7775699955342104	26.625023359598
2.6531725128539376	-0.7657746969771155	26.443027897792454
2.5689356033086104	-0.7531796587890067	26.262477461703654
2.487118179298947	-0.7397827896748406	26.08337191996592
2.40746779428537	-0.7260337481660919	25.905621332609268
2.330321101463055	-0.7113283044598318	25.729345422472417
2.255426235878042	-0.696100232876141	25.554453742392436
2.18278322050997	-0.6803476710468236	25.380946279290207
2.0040787527465977	-0.9458826581782924	25.2038877593427
1.9314836499029906	-0.9293771762903128	25.031916873071356
1.8610661474413053	-0.9126424589246662	24.86132398222645
1.792826267000223	-0.8956767523901358	24.692109166526496
1.7264720290374902	-0.8787736611887436	24.524159295531458
1.6623927877430222	-0.8615378117003538	24.35762543471993
1.6002970473469282	-0.8442496083031283	24.192395296885422
1.540184826723988	-0.8269075213042371	24.02846900089223
1.4802345321004458	-0.8111452888243154	23.86515766676238
1.4239015506098704	-0.7938511829546073	23.7037700743906
1.369361420041792	-0.7766375890963504	23.543616659387833
1.3166141567655893	-0.7595031806051511	23.384697555598695
1.265384573258071	-0.7426128006355572	23.22691470065108
1.2160396225032772	-0.725743717505736	23.070399159082147
1.1683044815478985	-0.7090508308562571	22.915053969057208
1.122179164521581	-0.6925329955601859	22.760879263963645
1.0644363160195376	-0.6864145114137044	22.603095919398715
1.0214258865743626	-0.6704618462840733	22.451229539936225
0.9798467934237061	-0.6547558028126339	22.300475736892132
0.9396990486698679	-0.639295400177293	22.15083463368516
0.900739366873399	-0.6241606311175172	22.00222656267693
0.863292155372923	-0.6092426704948887	21.854758024566454
0.8271143974562127	-0.5946141837436532	21.708350302034336
0.7922061034798962	-0.5802743315183941	21.563003504389506
0.7571402444209006	-0.5666702625186222	21.41825208085574
0.7246406203362634	-0.552957658325544	21.274983402201656
0.6932598522644322	-0.5395594182778254	21.13272912575142
0.6629979490270165	-0.5264748274345508	20.991489344937417
0.633649016569275	-0.513731868130809	20.851200323539132
0.6054875997509604	-0.5012916539972865	20.71194724838437
0.5783079998934006	-0.4891768413885984	20.57366708009729
0.5521102244888696	-0.47738682309882546	20.436359896560322
-0.5148024687873081	-2.1056524195193616	20.27731286497149
-0.5541246374090504	-2.110789090385203	20.145460300889024
-0.5926362383377137	-2.116860040421898	20.01469115089394
-0.6303372647484176	-2.123864716511934	19.88500553055687
-0.6674785954173945	-2.1318410383175728	19.756353716416303
-0.7037257105218622	-2.1407372478222144	19.628802264488716
-0.7393293405416936	-2.1505872299195943	19.502302314638808
-0.7742894799860749	-2.161390539610662	19.376853969594702
-0.8100621575600684	-2.17344310195726	19.252205864445408
-0.8438649243688507	-2.1862018776616545	19.128844154963815
-0.8771784002057235	-2.1999328834101597	19.006509626859437
-0.9100025807235763	-2.2146357668943897	18.885202375610525
-0.9425478236113101	-2.230346587742373	18.76489503194366
-0.9745336426275581	-2.2470165108878986	18.645624308738025
-1.0061703020510064	-2.2646790574120645	18.527363580506876
-1.037457798496649	-2.2833339529794996	18.410112941155706
-1.0782428527874428	-2.3061539000352944	18.292752761354297
-1.1088028948876563	-2.3270482031965996	18.17758225457813
-1.1391520588084338	-2.3489575718254656	18.063411289582913
-1.1692903420344913	-2.371881802072557	17.95023996388241
-1.1993950495053491	-2.3958688821878775	17.83806114466846
-1.2292297693415288	-2.4208543988341393	17.726884576690388
-1.2589717535189155	-2.446884903812661	17.61670392693195
-1.2886210001950544	-2.473960247803004	17.507519302229447
-1.3192253872489719	-2.5024733148407483	17.399337323594875
-1.3487860328936228	-2.5316984980429336	17.29215339562248
-1.378364861175629	-2.562005034319931	17.185968459716467
-1.4079618708165191	-2.593392820058976	17.080782637229447
-1.4377320817828592	-2.625929709301028	16.97660886666411
-1.4674687981968348	-2.6595250201630045	16.87343019532445
-1.4973270141675643	-2.694245907984387	16.771260589250762
-1.5273067288733546	-2.7300923061716467	16.67010018961302
-1.6247153886462948	-2.810183339944283	16.574492540283714
-1.6544630179774962	-2.850122432690489	16.475980278433074
-1.6844876572759127	-2.8912336027213117	16.37850434550793
-1.7147893063469184	-2.933516834263471	16.282064915470368
-1.7455004820603568	-2.9770712814163165	16.186702354109176
-1.7764444950010827	-3.021764718019062	16.092363273039126
-1.807753859486703	-3.067696231921637	15.999089533337166
-1.839428575544719	-3.114865825352894	15.90688134249417
-1.8722953388143528	-3.1639970304199263	15.816061021740506
-1.9047855150046598	-3.213736359166508	15.726027322335462
-1.9377281893410583	-3.264788976092497	15.63709786280564
-1.9711233619945179	-3.3171548950539265	15.54927289108886
-2.005099970904988	-3.3709608390186947	15.462622754149663
-2.0394860992827453	-3.426037881597142	15.377054273134451
-2.0744106895257826	-3.48251286613708	15.292639928901067
-2.1098737418622173	-3.5403858111261757	15.209380017469385
-2.1523727113288373	-3.6066514372510863	15.130908824742265
-2.1890130448162197	-3.6675831787211415	15.050089281302602
-2.226281920031105	-3.730007636778817	14.97048888533199
-2.264179337173452	-3.7939248276297426	14.892107991255601
-2.302836076251481	-3.8594900183622265	14.815057228858583
-2.3420777642905146	-3.9264962161470733	14.739189972905946
-2.3820351844476058	-3.9950987648632257	14.664619898762416
-2.4227083367781725	-4.0652976690020335	14.591347428129502
-2.464949687835352	-4.138170570612916	14.520183419232064
-2.5071483962156265	-4.211692451136707	14.449606162663866
-2.550152329035396	-4.28692318642393	14.380421787359952
-2.593961486081072	-4.363862759164436	14.312630794060906
-2.638713501787267	-4.442692163355998	14.24639739554911
-2.6842248627613667	-4.523170007768694	14.181503884058076
-2.730633194100937	-4.605477009552576	14.11811876278746
-2.7779384951732484	-4.689613117428636	14.056242624433393
-3.457901402766538	-5.547961058389088	14.485842025257067
-3.5107612822025027	-5.651832251735351	14.438237940333345
-3.564912852353423	-5.757680044055073	14.392645178426804
-3.6203561108575784	-5.865504243944377	14.349064649212819
-3.677198341581862	-5.975504700624487	14.307812250527316
-3.7352964926815893	-6.087414406375926	14.268469019778085
-3.7947577772184573	-6.201431203464125	14.23135853564297
-3.8555821913339976	-6.31755477918228	14.19648184517902
-3.9185031057566606	-6.437009512702218	14.166046095730685
-3.982140848096927	-6.557471267961296	14.135893254843577
-4.0472180945144665	-6.6801605431175854	14.10823167684756
-4.113734839283111	-6.805076874098038	14.083062560545288
-4.181811416909307	-6.9323856012538485	14.060813066072921
-4.251287366195865	-7.061865039834838	14.040916578511197
-4.322282863272155	-7.193676086039513	14.02381030176618
-4.394797900095385	-7.327818088045899	14.009495598736768
-4.474862490964196	-7.4724222770359034	14.018325762908754
-4.550549189336548	-7.611276157174285	14.009994574931131
-4.627834435114586	-7.752538685497566	14.004801220152638
-4.706718217367368	-7.8962089761154	14.002747232171936
-4.787320080930123	-8.042370460043472	14.004394521024633
-4.8694806044076575	-8.19090960386948	14.008997596208593
-4.953319039590136	-8.341901650418952	14.017131056617087
-5.038835372040959	-8.495345429688097	14.028796609338151
-5.126732786397923	-8.651483493816812	14.047798533467555
-5.2156698096904135	-8.809818482639464	14.06695078873354
-5.306358247788943	-8.970602283253463	14.090076982950928
-5.398798082017622	-9.133833382085214	14.117178987212348
-5.493085351317642	-9.299440832448811	14.148967989393357
-5.589091956165528	-9.467515372064865	14.184500226594027
-5.686913444256643	-9.637972365131139	14.224502062868483
-5.786549791859235	-9.810809888324846	14.268975510248737
-5.918742723928668	-9.98419102911595	14.522703213656087
-6.021234441188829	-10.159661141989217	14.576012442232262
-6.125557891238092	-10.337294451839274	14.634300314803191
-6.2317130449540326	-10.517088598460255	14.697568871106405
-6.3397308112222	-10.69870386293136	14.766647340235588
-6.449569904996279	-10.882587271460862	14.840434868524603
-6.561260482669194	-11.06837819054526	14.919776640558341
-6.674802508584668	-11.256073730447389	15.004674712631726
-6.790068241612126	-11.44269714755422	15.100341214564983
-6.907242916947657	-11.633775722969004	15.196864622893813
-7.026256289091389	-11.826377669836749	15.299544703962223
-7.147108315255327	-12.020499520435614	15.40838342638864
-7.269718416165645	-12.215401900308763	15.524274527469528
-7.394193924900369	-12.41206205512114	15.646030785683285
-7.5204531775112216	-12.609710548704989	15.77456029191441
-7.6484961236953195	-12.80834330429995	15.909864789634259
-7.770719376221546	-12.97027887823345	16.086966897565695
-7.901490486025571	-13.169409409643745	16.235202248966697
-8.033934639315868	-13.368812337788611	16.390761985468536
-8.168051779088627	-13.568483042835595	16.55364744008125
-8.303580618449267	-13.76714381462341	16.72465068987847
-8.440869401571609	-13.966487054040002	16.902718267210236
-8.579655433106293	-14.165196165976305	17.088649970301596
-8.719938649676733	-14.363266014123106	17.28244652486688
-8.859267596632202	-14.551214473095506	17.48787743503053
-9.002146355840475	-14.746825900416818	17.697559339845
-9.146267784916178	-14.940681632608094	17.915529498588445
-9.29163181618224	-15.132776184830297	18.14178780119978
-9.43771806142464	-15.321182928397057	18.37674114985268
-9.58522021234603	-15.508457795306988	18.619845890530613
-9.733616273436196	-15.692630051231475	18.871503322116606
-9.88290617585338	-15.873694116940467	19.131712269705755
-9.138135479546497	-14.15229781869488	19.18164042214478
-9.263908578264324	-14.317162500448115	19.380438266557732
-9.390573533886862	-14.479521474890223	19.586205786990195
-9.518130297258136	-14.639370758211072	19.7989422906461
-9.646014826854254	-14.795060781062784	20.01870091596783
-9.774979064655204	-14.948781780021331	20.245408510553666
-9.904457830688862	-15.09885306524101	20.479109042939672
-10.034451077811681	-15.245270816007464	20.719800987691027
-10.160613502908543	-15.376889930264458	20.965699861145623
-10.291041249557125	-15.51475899364749	21.219817911472532
-10.421530574116952	-15.647712797779317	21.48071810523489
-10.552081435357547	-15.775748001166077	21.74839803240525
-10.681887919708087	-15.896869435829132	22.022179530884873
-10.81202449052644	-16.01373018817911	22.302960451991485
-10.941684369169476	-16.124311827491344	22.590039744809143
-11.070867524794378	-16.228611854132076	22.883414136108865
-11.156695644532867	-16.240919623994735	23.13308075275325
-11.283292447791633	-16.332417560883446	23.43453658305338
-11.408850158343695	-16.41638856124422	23.741464879963473
-11.533368759870681	-16.492831302566213	24.05386176794943
-11.655828284524507	-16.55978164115394	24.37008547018006
-11.777588666864746	-16.61985660600115	24.692315564425353
-11.897629752030465	-16.671087744885533	25.018877667452294
-12.0159515427296	-16.713475277269705	25.34976748790313
-12.125638217802855	-16.736202231439744	25.67154066944948
-12.239711619110121	-16.76007009218668	26.00917919701376
-12.35134262268279	-16.7739511201263	26.349652317016833
-12.460531253131778	-16.777847309832524	26.69295576981098
-12.56613417873049	-16.770364913140615	27.03639185415053
-12.669675918749181	-16.75336849876277	27.383547940360316
-12.77001396411824	-16.725487839413447	27.73169490801665
-12.867148362490859	-16.686726797110815	28.08082907410958
-12.629337956585896	-16.348012007744195	27.616751211009383
-12.720688063908145	-16.314066950188558	27.948837208635958
-12.808727775992336	-16.269617572034758	28.280876997672994
-12.893457144357754	-16.214668048625914	28.6128677412877
-12.9738270032565	-16.148746784280096	28.941782220004512
-13.051236375304859	-16.072493510360378	29.271651087185827
-13.124637485976784	-15.985475436913742	29.599430063282934
-13.1940304033542	-15.88769808158997	29.925117591609435
-13.253513693273192	-15.780051282674542	30.228814192162545
-13.314400239236667	-15.661481962533033	30.54812812792059
-13.370654692463667	-15.532350167768357	30.863229845328963
-13.422277131284204	-15.392662246579148	31.174119466793933
-13.4684655211638	-15.243343635059983	31.47759879423164
-13.510289427567939	-15.083175499637353	31.77793395216497
-13.546948688376453	-14.913134609207532	32.07193610761582
-13.578443384012727	-14.733227481624862	32.359607300787324
-13.577788184659397	-14.603989700350944	32.502762128461974
-13.600721239705692	-14.410179444961873	32.777856217047606
-13.618156482940392	-14.207580513170164	33.044904985468534
-13.630093987873899	-13.996198862572607	33.30391212448687
-13.636171673732587	-13.778286143893098	33.552311745219946
-13.63687247479913	-13.550853116591748	33.79353500701448
-13.631835879640484	-13.316193666291536	34.02505246720916
-13.621061946244605	-13.074312492584406	34.246869371619844
-13.604190158501915	-12.842154493360933	34.44634685501274
-13.582248954654897	-12.58801690710932	34.64802154820479
-13.55451703884954	-12.328528326610169	34.83876483852192
-13.520994446802284	-12.06369164647663	35.01858294257643
-13.481892992906644	-11.796631727742032	35.186243046360744
-13.436930319519515	-11.523187077161431	35.343403734444976
-13.386318796201714	-11.246496510591964	35.488883337521884
-13.330058432276036	-10.966560783592515	35.622688320422554
-13.266236040360013	-13.415055086194023	32.69135673405486
-13.26753349236552	-13.222568049183279	32.914295538747034
-13.2639467133448	-13.023503909110065	33.12908739988762
-13.25547574962761	-12.81786642073549	33.335736100227244
-13.241985947857074	-12.607896645323287	33.532510716017036
-13.223656941392907	-12.390614245013287	33.721728729881804
-13.20035499924921	-12.168284792070246	33.90169321880926
-13.172080151864735	-11.940910753380654	34.07240879308798
-13.139637268111173	-11.72412988491056	34.22621962936143
-13.101798445483553	-11.488524776818693	34.378168183789995
-13.059056885510572	-11.24956519336174	34.52014667187428
-13.011412599672274	-11.007252064931581	34.652160020747296
-12.959214122140045	-10.764261613306141	34.773654278217634
-12.90199675067835	-10.517026352655343	34.88537943263458
-12.840109071818654	-10.26822299340228	34.986820165489085
-12.77355107712348	-10.017850851737647	35.07798116889814
-12.72802218625262	-9.886644595431527	35.14799292984791
-12.65479061009887	-9.634399920349184	35.22307956598153
-12.577195033088787	-9.382147705181273	35.28793893590269
-12.495235430858727	-9.129885975393822	35.342575122924536
-12.409651106759544	-8.8800832897369	35.38756704912295
-12.319456253320398	-8.629442590213559	35.42215148439448
-12.22538943676837	-8.380411537257675	35.446935502073025
-12.127450618402033	-8.132986994340234	35.461922090694515
-12.031237523573985	-7.900912386219133	35.47352417362165
-11.926310661286395	-7.657841379060665	35.47003202164167
-11.818089157876882	-7.417761298800304	35.457463604785076
-11.706572965766188	-7.1806682894117415	35.43582061199086
-11.592742066848434	-6.948304682324306	35.40653211848888
-11.475289703916292	-6.718338074659774	35.367695493815376
-11.355194693328382	-6.492478658750393	35.3207475530189
-11.232456984310337	-6.270722319624603	35.265688625196866
-11.423625995187011	-6.665732522573535	35.5728153140236
-11.303365172226766	-6.435068489603517	35.52196680268796
-11.180523104738425	-6.208919501153801	35.463216927141644
-11.05509974088432	-5.987281356078064	35.39656573790185
-10.928163422390165	-5.771321524113407	35.32374951981691
-10.798289574611047	-5.5594737338140074	35.24245227820806
-10.66654534460287	-5.352872810841676	35.15440538449164
-10.532930683886311	-5.151514826225055	35.059607648171394
-10.404020236958736	-4.9602134899127535	34.96954941208023
-10.267324776233174	-4.769442734595763	34.86255441899033
-10.129449476704671	-4.584347765394007	34.74998175090444
-9.990394297054056	-4.404925233625269	34.63182925849878
-9.851150987547529	-4.231453438654633	34.509865845057696
-9.710397125769221	-4.063554123797974	34.381727378311936
-9.5691235871166	-3.901482006321933	34.249162723462895
-9.427330339934475	-3.745234520754515	34.11216908971383
-9.328045249757388	-3.6022363803440847	34.05513758202459
-9.184928183156106	-3.4550354894840676	33.91033623367738
-9.041853324262403	-3.3136498732263195	33.762093284488216
-8.898820651055631	-3.1780777469236217	33.61040558431005
-8.756637382458045	-3.0479644076883137	33.456768692351694
-8.614227183915506	-2.9237793355335455	33.299181093988416
-8.472396866701015	-2.8051571080104747	33.139112752927204
-8.33114641926397	-2.692096789009154	32.97656045524668
-8.194733570907225	-2.581153750363926	32.82002047690342
-8.05493771692301	-2.478660024096328	32.65326512550529
-7.916177640102692	-2.3813539623604347	32.48484789751846
-7.77845333821986	-2.289235384718431	32.314765725748096
-7.642324257774991	-2.201603598659121	32.144092550332665
-7.507044471550033	-2.1193929783175425	31.971389535329777
-7.373173458446846	-2.041904075455813	31.797707282915308
-7.240711224019685	-1.9691373402145818	31.62304302817841
-8.633753753465422	-2.6911272503866943	34.46074187659459
-8.485339308663928	-2.5482394613305424	34.287747490908124
-8.337213812428828	-2.4116783040744485	34.11213530485201
-8.189377249656856	-2.2814425545848334	33.933901657850974
-8.042660190497918	-2.156873049379058	33.75450374516835
-7.895955182368682	-2.0388465889022966	33.571990152231024
-7.7500925600683885	-1.9266980472721427	33.387789117326385
-7.605072319812466	-1.8204271177707465	33.201897081957284
-7.465114278684137	-1.7148786236523907	33.02235168859811
-7.322035772363534	-1.6196563939470061	32.833761861973116
-7.180253962820085	-1.5297711598773311	32.64424837818163
-7.039768855708114	-1.4452233796935559	32.4538079792687
-6.901113871287123	-1.365098867969878	32.26340725110711
-6.763577802031938	-1.2906181179576377	32.07175016551477
-6.627694281652277	-1.2208731343226766	31.87977900605854
-6.493463323111405	-1.1558649676635508	31.687490946882058
-6.380356669199784	-1.049762447496203	31.540917048146074
-6.248106791389292	-0.9928556773141762	31.347522602020497
-6.117795345663918	-0.9401244251840559	31.154286361277954
-5.989422350497405	-0.8915701882968705	30.961205922737182
-5.863263024533543	-0.8462610193530109	30.76884603061501
-5.7389504556640185	-0.8054432495481814	30.576448503228697
-5.616760337012973	-0.7681981233526081	30.384560908882975
-5.496692690430484	-0.7345274115900656	30.193181333731115
-5.379744511436584	-0.6986796313078303	30.005105487059836
-5.263891128364093	-0.6715561752657779	29.81492776878223
-5.150274170008764	-0.6474457123149948	29.62551121711435
-5.038893660044193	-0.6263501610649022	29.436854363934245
-4.929822727950521	-0.6074720812875603	29.249233186052717
-4.822963923523554	-0.5918792464047244	29.06227662838779
-4.718390942997886	-0.578789822176339	28.876250590353408
-4.616103810584361	-0.5682057707527136	28.691153993570396
-4.533164311710313	-0.21864390504185582	28.696216921420724
-4.426601192688908	-0.21135419892754462	28.50804858320143
-4.322510844889313	-0.20622943861357435	28.321016120050768
-4.22089329519073	-0.2032718025055007	28.13511865429668
-4.121672004851727	-0.2017917652116461	27.95045501812291
-4.024949087234397	-0.20271369490756513	27.766891655394044
-3.9306486272183783	-0.20536516378751912	27.5845216969366
-3.8387706504407753	-0.20974824959195706	27.403344567438594
-3.748486081883671	-0.21188167390369195	27.223688211225046
-3.6613023361114814	-0.21934718836360878	27.04488857029591
-3.5764590743450047	-0.22817509705689965	26.86730455635656
-3.493956320564156	-0.23836734341837557	26.69093582326588
-3.413631458041481	-0.24943712682867503	26.515782312007833
-3.3357013634194703	-0.26203791866273196	26.341843444626612
-3.2600039676202854	-0.2756979000161639	26.169117154800684
-3.1865392927049783	-0.29041885881102025	25.997603264056107
-3.1059553988290576	-0.2804820566681414	25.827138679840026
-3.0364334968709707	-0.29707673285928865	25.657832329379804
-2.9690305907574963	-0.3144805677787126	25.489725151508104
-2.903746700678309	-0.3326951976840659	25.32281708617707
-2.84037983758755	-0.35140249213850616	25.15706651093546
-2.779199365618584	-0.37103030491772265	24.992528855109263
-2.72000375268604	-0.39127299136489047	24.829162402846745
-2.6627930169690672	-0.41213202479604233	24.666967173166228
-2.6062437424758205	-0.43183504861956923	24.50562919928757
-2.552854510093019	-0.4537609069554796	24.34573462393022
-2.501312590710919	-0.4761524007301823	24.186979337692687
-2.451618000585611	-0.4990108474067429	24.029363409471056
-2.403564764034801	-0.5221505828319684	23.872835648578853
-2.35742755170269	-0.5458221093141792	23.717464497798805
-2.3130007539879998	-0.5698497589677114	23.563199485391056
-2.270284385345056	-0.5942347032329757	23.410040709095203
-1.5595944375325868	1.345371874657551	23.741170006156725
-1.4881510488261334	1.3255167551842633	23.578439527094567
-1.418927359222601	1.3059033442002246	23.41708296600939
-1.3519233896543088	1.286529945260872	23.2571005508527
-1.2867780433253113	1.2676031349249595	23.09835199848166
-1.2239728288532958	1.248843731663781	22.94102488250497
-1.1631471136368816	1.230445657380351	22.784980754393125
-1.1043009155451158	1.2124074638906446	22.6302198342516
-1.0452676462734782	1.1958803087628596	22.475931666826263
-0.9901731441837159	1.1786782718923214	22.323662565641925
-0.936830177360982	1.1619210550933694	22.17259633910312
-0.8852387609887502	1.145607427832376	22.022733186819707
-0.835080591935085	1.1298389474679151	21.87396523668515
-0.7867801078194007	1.1144774937844133	21.726436763496384
-0.740019341314003	1.099615471849042	21.58004141224469
-0.6947983052766763	1.0852518396119886	21.434779356532122
-0.6361321137410618	1.07876847627299	21.285421369018163
-0.5939737102197554	1.0656644643267088	21.14242532938267
-0.553149407430372	1.0530952054572955	21.00050100303919
-0.513659216138996	1.04105982713526	20.859648534719827
-0.475234501187789	1.0295980185437226	20.719787251523098
-0.43823346643629524	1.0186549441483215	20.581025033658683
-0.4023877141476957	1.0082638239580604	20.4432822759423
-0.3676972533601723	0.9984239254800819	20.306559097448613
-0.3326108659144986	0.9893807503337015	20.17039677442521
-0.3000942852200728	0.9806801636376888	20.035671885026265
-0.26856885782080964	0.9725375185201806	19.901920888030777
-0.23803459125838605	0.9649522037714853	19.769143879463126
-0.20826999638463262	0.9579320166375194	19.637279850510076
-0.17957040857589504	0.9514652225776237	19.506410353757044
-0.15171450441402978	0.945555104622958	19.376475076611776
-0.12470229016499519	0.9402011549534705	19.247474095696955
-0.0030289767827222924	0.9855719243095411	19.090936672357106
0.02133979297560177	0.9833193533221737	18.96417893465805
0.04507312303778299	0.9816210290987462	18.838317926320627
0.06817100872615477	0.9804765725411467	18.71335370047519
0.09080325235094877	0.9798854946482942	18.589241893787396
0.11274344065420872	0.9798476225816287	18.466041772422415
0.13416127385402676	0.9803596885061205	18.343709357570056
0.15505674813991674	0.9814213836037231	18.222244692165162
0.17639965548155967	0.9830780595635424	18.101393131385866
0.1963336549526247	0.9852577483381078	17.981641190029947
0.2158481613573935	0.9879832459635791	17.862731054822465
0.23494317163257458	0.991254304177716	17.744662761203454
0.2537565289110648	0.995071800402787	17.62740112460173
0.2721044357382021	0.9994340289749948	17.510993136000415
0.2901246689892698	1.0043400656221806	17.395403872884142
0.3078172262329014	1.0097897132959888	17.28063336577527
0.3315576138744687	1.0168154899892952	17.165033693366013
0.3485510675500641	1.023521838212112	17.051907182717237
0.3653069829081028	1.0307709625900454	16.939578583325375
0.381825358098191	1.0385627131592923	16.828047922657564
0.3982180732928873	1.0469072017010186	16.71728735311181
0.41433595099663423	1.055790627162398	16.607334068083837
0.43029083203632634	1.0652220334567941	16.49816043396765
0.44608271501508256	1.0752013073749662	16.389766477615193
0.46236039065003	1.085854162703665	16.28199354227439
0.4778838681533127	1.0969555687019747	16.17514505335704
0.4933131386597669	1.108614473917787	16.069060066938103
0.5086482011632847	1.1208307968118476	15.963738610993552
0.5239832159233431	1.133628007581208	15.859159132297862
0.5391926338610039	1.1469746451678096	15.755350435797723
0.5543705946369442	1.1608936231220262	15.652291198638277
0.5695170975756287	1.1753848866956118	15.549981451594094
1.2206277281981242	1.7928623892697297	15.402376251090299
1.2351722017131077	1.8271393506467266	15.30562634674762
1.2502145018891193	1.8621057374265173	15.209693541899268
1.2657546303625902	1.8977616822324697	15.114577940521375
1.2818254408497063	1.9342223857924798	15.020290905286434
1.2983831321620278	1.9713345523872408	14.926817543631653
1.3154605959597305	2.0092144215675938	14.834170111617253
1.3330578338133448	2.0478621206160135	14.74234873197977
1.3514405006730474	2.08805750008109	14.651459236007657
1.3701155602749362	2.1283301316402485	14.561305674812505
1.3893378929505376	2.169455501999792	14.471992193179835
1.4091075002087614	2.2114337334481995	14.383518936632743
1.4294744508592825	2.2544001562298415	14.29591349462354
1.4503719899641168	2.2981746116409143	14.209139442830507
1.4718502212925275	2.342893386432355	14.123225623926833
1.493909146291751	2.388556597894382	14.038172210901584
1.5194483538898707	2.4421436783331942	13.955410945681441
1.5428074376149654	2.4898729900300096	13.872138663202094
1.566786121407608	2.538649392329806	13.78975542546638
1.5913844066360308	2.5884729961199766	13.708261439381547
1.6166709057218276	2.6395027036505803	13.627706987835401
1.6425541385643199	2.6915268987705425	13.548025541877191
1.6691027489443144	2.7447053398109222	13.4692691679173
1.6963167381416722	2.7990381304971224	13.391438112823256
1.724695785627674	2.855610645852707	13.31491443670748
1.7533048170055683	2.912379077275598	13.238982652982893
1.782631263161955	2.97041799565674	13.164022247020805
1.8126751252569864	3.0297274950198365	13.090033513755484
1.8435242250034898	3.0904933778866774	13.017098047844543
1.8750614693701224	3.152468117122602	12.94510779074288
1.9073747057608093	3.215838212258395	12.874146879141497
1.9404639351723172	3.2806037440762954	12.804215665357884
2.013825447641932	3.425682501279828	12.763014345363104
2.0495169188280666	3.4945577318500365	12.695765066232875
2.0860554842434706	3.5649988181763654	12.629642555622802
2.123441144559519	3.6370058146699282	12.56464725029911
2.1617867831331004	3.7107941157542124	12.500910428286444
2.200941890138764	3.7860766356053213	12.438258139451607
2.241019361421506	3.863069095930246	12.376825422068286
2.282019197322711	3.941771524396139	12.316612797485178
2.324731019584539	4.023650279226478	12.258577373944183
2.3676721536492287	4.1059447559394044	12.200921911577533
2.4116180439084487	4.190103135811302	12.144599686045725
2.4565686902462693	4.276125409446744	12.089611319163215
2.5026583676630056	4.3642554180302255	12.036151474278588
2.549708042078098	4.454167979458061	11.98396214648527
2.5978519795055957	4.54610666058497	11.933243340928396
2.647090179208623	4.640071401691477	11.883995797594242
2.7046756067146904	4.748980977959068	11.845909535456267
2.7563386234001723	4.847361868458501	11.799872519138226
2.809194109779888	4.947942539767501	11.755477461932188
2.8632420642512546	5.050722862005906	11.7127252457226
2.9186389202010545	5.155968023022111	11.671899359550686
2.97517609517002	5.2633240653859685	11.632624006617679
3.033009973469606	5.373054781442972	11.595190225076657
3.0921405523721806	5.485159950134135	11.559599058590937
3.1536335009181857	5.6013916659491905	11.52787647323367
3.215483276729101	5.71844545735418	11.496212411292278
3.278740976706701	5.838051290576873	11.466629150181854
3.3434065966307918	5.9602088235947805	11.439127920529314
3.4096562655047835	6.085187122025492	11.414111917581149
3.477255133289863	6.212626510433328	11.39104659199261
3.5463792099389844	6.342792704499889	11.370345616333891
3.6170284892798654	6.475685203997105	11.352010434002816
4.362492155441393	7.719761466724244	12.352326292008733
4.44722681472341	7.872481711324379	12.355823993637632
4.533689763193064	8.028114485652168	12.362739373088129
4.621880986508348	8.186658627370011	12.37307436897961
4.711974310237757	8.348216258735194	12.387512203314047
4.8037379299403895	8.512648216783726	12.405146637629363
4.897345287868186	8.68004591771364	12.426677007209724
4.992796365171445	8.850407833864637	12.452105492286824
5.0911107946790475	9.024060150731913	12.48609329668175
5.190342773427354	9.200345023712503	12.519840799638885
5.291525253927313	9.379590751649774	12.558029744245058
5.39465821177586	9.561795356815168	12.600662542020746
5.499881680650249	9.746874431729278	12.648619578299762
5.607008886705477	9.934935472638951	12.700732806364375
5.716179220815275	10.12587615672923	12.757902235222046
5.827392651847993	10.319693960958059	12.820130477766625
5.946112478786121	10.511326769692817	12.927337917192713
6.061228174849729	10.71036609677493	13.000147053748275
6.178454943945392	10.912082519017579	13.078684034166532
6.297792747127925	11.116472880136357	13.16295159616341
6.419302153319463	11.323118745517315	13.254012714904322
6.542902305775262	11.532570070898645	13.350456527259416
6.668652763474979	11.74438033868551	13.453367475357235
6.796553478334663	11.958545651948974	13.56274833493886
6.926568014621303	12.171335056770912	13.685318710605493
7.058691724270746	12.389670979161375	13.808305792997245
7.192962630155782	12.609877265977827	13.938539410783829
7.329380674107349	12.831949202950812	14.076022224357233
7.467860619218674	13.054936843267484	14.221915439508233
7.608515970281438	13.28009507847936	14.374676755615058
7.7512600112306975	13.506432951267662	14.535486696575168
7.896092673189649	13.733944879561852	14.704347601279242
7.987708022942878	13.698493990218685	15.141939558753377
8.13138509842037	13.921126197650958	15.318578753752082
8.276992457626365	14.143987635811111	15.50365851471722
8.424530027064671	14.367072348253762	15.6971805094842
8.57367905082029	14.58879932832407	15.90012208261105
8.724864358245371	14.81126211569495	16.11118334713481
8.877765375811936	15.032829518816962	16.331350988958253
9.0323820216321	15.253494901145846	16.560625840505903
9.185699018324321	15.46145285048017	16.803577750121864
9.343253544596179	15.678837240144638	17.051235819065674
9.502210547942996	15.89392437248773	17.308513540059504
9.662569941107108	16.106707175775536	17.57541058902837
9.823687695787092	16.314768845657746	17.852394916039916
9.98642231160107	16.521315191382463	18.138840638652713
10.150127695327702	16.723872781063672	18.43520663207282
10.314803758942757	16.92243448084109	18.741491098155116
10.441189798427134	17.00460166001667	19.055279077222302
10.605483091730191	17.19280846639022	19.37685190225428
10.77021737433511	17.375192083049377	19.708201708278782
10.93539256566087	17.551745979364178	20.049325121684916
11.099966154952343	17.719372940342293	20.39963316330718
11.265327979711618	17.882188254259532	20.759901780431594
11.43043377960548	18.037047392030733	21.12950759177066
11.595283488710347	18.18394501092713	21.508445463621463
11.75191259448105	18.302982412213478	21.88831528246401
11.915169779298035	18.431902647203568	22.284247167179412
12.07734175253138	18.550642134255437	22.688537148337623
12.238428473099813	18.659197543967213	23.101178525504615
12.396973581982532	18.754263225308176	23.51992490139026
12.55491882369092	18.840241241172322	23.94775479195807
12.710807234060027	18.91381086682905	24.38236379896049
12.864638807111694	18.97497161778313	24.82374412360956
11.184598597306	16.359681646832463	22.288989530691357
11.313728740243546	16.474774116352652	22.600893472710602
11.442330699557495	16.58223703856179	22.919043742439868
11.570404446601824	16.68206809186365	23.243436428650668
11.696832898862805	16.772105429496232	23.572576563050685
11.823105448577085	16.85522737123163	23.90844766307363
11.948104539563861	16.92925992314097	24.249520656266608
12.071830162707569	16.994202346459605	24.595790935035986
12.186655718332922	17.037689399899854	24.934326413509904
12.306933127306355	17.083417216345154	25.28906495208565
12.425139294654416	17.118727868543434	25.64755673099054
12.54127423511877	17.143622551222002	26.00979689622369
12.654064999473094	17.156390354175944	26.37308404751123
12.765208909989795	17.159317081141467	26.741008888918923
12.873433642753556	17.150710083275673	27.11083283856066
12.97873923903711	17.13057270549756	27.482551382472412
13.022567584775242	17.04241525816565	27.71723629244166
13.12128314846275	17.003051013255188	28.08731363421927
13.216337550740462	16.951577913674107	28.457264529155008
13.307730855440496	16.888001132649727	28.82708546873067
13.394231398413229	16.811773674288368	29.193197646036996
13.477481566434506	16.723638474566535	29.560365883454768
13.556251427045847	16.623096860250502	29.924990575398205
13.630541065339871	16.510155727609742	30.287069872831726
13.693448890914363	16.386127027595517	30.62307256818084
13.758210200048298	16.249303977445987	30.977471209086715
13.817761724671334	16.100348794999885	31.326817281355943
13.872103562665332	15.939269413021707	31.671111123941817
13.920304237043917	15.767243919827141	32.0065819811188
13.963605949136168	15.582720334393972	32.33826036633622
14.001079553642025	15.386940621273908	32.66238910477629
14.032725150260806	15.179912860525556	32.97897102612988
13.836892557136478	15.296213946346562	32.25101732912093
13.870554842448804	15.105706611662052	32.561275403416424
13.898501063386359	14.90488372368827	32.863599897368005
13.920731309284294	14.693752522527598	33.15799414926018
13.936695513755843	14.4745379032903	33.44135673996457
13.947127297505821	14.244289455285925	33.717832452752106
13.951478557970693	14.005285182564739	33.9843556461787
13.949749370836713	13.757531219064106	34.24093171443431
13.940575692898891	13.51865945793234	34.47161779209275
13.92692029889967	13.255800447420702	34.70722920955904
13.907024780955332	12.986161836882603	34.931319066200864
13.880889191592336	12.709747883286479	35.14389422552166
13.848598841191029	12.429960017107774	35.343247673986895
13.810040080796394	12.14227095778231	35.531672137721976
13.765299135656544	11.85010577061847	35.70751875672178
13.714376028399009	11.553466289447856	35.870795057815606
13.675614042263797	11.409453810037578	35.9644700402718
13.61596208203018	11.107324518874233	36.10823338021919
13.550342260679548	10.802858145012413	36.2389959539184
13.478754573327066	10.496054292564185	36.35676511494868
13.401889569909345	10.190530697894909	36.46153318480028
13.318826480512849	9.881460741051601	36.553326803402044
13.230255414325798	9.572448675662228	36.6321930014001
13.136176337258918	9.26349173898617	36.6981380719641
13.042659097033914	8.975767017936711	36.75581603092318
12.938509892552045	8.66885460584148	36.79715400018678
12.829472221979021	8.364170077869026	36.82616991570414
12.715546028920325	8.061708863566738	36.84286836088525
12.59788448811886	7.764361502177189	36.84878193615072
12.474949888619603	7.468262219850333	36.84187613884169
12.3478939125746	7.176259948935056	36.82371141947983
12.216716489999948	6.888349017636779	36.7942902421526
13.31154125903716	10.796607885534774	35.98524931193942
13.245857556660628	10.503186719475984	36.098461630352396
13.174594347419363	10.208619724636543	36.1994343422727
13.097751615754673	9.912905640073175	36.28817387137347
13.01611727465676	9.619301127279254	36.36499642602673
12.928640715841277	9.323459300288809	36.429494437935965
12.836109212333486	9.028618110074325	36.48203051069835
12.738522724267481	8.73477432573235	36.522609814146676
12.642247480876263	8.460539109685747	36.55726296349108
12.535470766115367	8.170314621173032	36.575201864759975
12.424292626290223	7.882982046430666	36.581906623835025
12.308713004429205	7.598536768234685	36.57738069255059
12.189889482988379	7.319431074664994	36.56323609604158
12.066278476826115	7.042383750783886	36.537329903744414
11.939036114791897	6.769806768196158	36.50129356987665
11.808162331043413	6.501694790759432	36.45512858811226
11.731244066646143	6.340318688057591	36.48203870088047
11.594977193492133	6.078519764018128	36.42014084587198
11.455786658196594	5.822318023280791	36.34926778269622
11.313672393529929	5.571708017271466	36.269419321963305
11.169913130035857	5.328006812441091	36.1828057046353
11.02280374049522	5.089445907377552	36.0864780718683
10.873621421102547	4.857300506396856	35.98263807184019
10.722366110464558	4.631565633925463	35.87128386020671
10.576834559371006	4.417276205492217	35.76680494658398
10.422202787459081	4.204373361799353	35.64201913041642
10.266317461051875	3.9983181062145006	35.51118183986554
10.10917852948779	3.799106332905223	35.37429000049326
9.951951142180105	3.6069247720665483	35.23351286718151
9.793081659345207	3.4215157595189454	35.08595022298258
9.633734177340147	3.2430377294570185	34.933743312175295
9.473908659187545	3.0714876850756077	34.77688829235435
9.68960055500496	3.144671089922277	35.344681753065395
9.52583967112437	2.9626482251659225	35.183044184127084
9.361810584864514	2.7878851066612826	35.017209354307475
9.19751326298509	2.6203790404720078	34.847172959488596
9.034001202686742	2.4596872688792577	34.674914911398275
8.869869676190014	2.306394880170911	34.49778507055517
8.706171559252116	2.160042739776804	34.31772793228734
8.54290683393772	2.0206293941410043	34.1347390002437
8.385629621100168	1.8836333940784544	33.95998422472437
8.2236159374762	1.7573446279433913	33.77212347120205
8.06263018916115	1.6374990469220254	33.58240558624244
7.902672371881806	1.5240963046952034	33.3908262315738
7.744470757779292	1.416193197130267	33.19877101457925
7.587054317033197	1.3150473055120704	33.00438266548391
7.431151344350168	1.2197165583066778	32.80901372617
7.276761846764873	1.1302015256337306	32.612660276276905
7.151468539627075	0.9987147433878159	32.481146634573776
6.998646117989852	0.9188402621969732	32.28234449425469
6.847728908500507	0.8441737134386695	32.08324493618584
6.698716926961676	0.7747163778259066	31.883844503708204
6.552030068155949	0.7093796864007649	31.68498952713552
6.407108514580837	0.649618485127322	31.485544024279474
6.26437260257709	0.5943566185328475	31.2863292303472
6.123822354042783	0.543595861330692	31.087342308716575
5.987164791501417	0.4904376906893253	30.892838765239055
5.850992786657169	0.4479307443011324	30.694603460809272
5.71719719558257	0.4092443096046079	30.49698251650959
5.585778043956871	0.37438046775597494	30.299973693948445
5.456894637672376	0.3423494871454622	30.10400652697305
5.330334630447386	0.314476000196782	29.90850355495566
5.206257956778825	0.2897876412122047	29.713878713160685
5.084664644154212	0.26828663789785184	29.52013031041874
5.977138777033425	-0.6810046499701166	32.540295471321826
5.812047136503182	-0.7444497962174799	32.313744170006366
5.649557209984938	-0.8028135692945684	32.088174215590485
5.489669032254773	-0.8560931507990073	31.86358197580306
5.33266949856313	-0.9057058056706229	31.64054738760849
5.178176166045306	-0.9497550285914038	31.418289479555146
5.026476790604595	-0.9896342723889582	31.197362742604767
4.877571410283417	-1.025340453942964	30.977764416220307
4.732247019466129	-1.065416530037398	30.762093121948116
4.588824780582726	-1.0936405264892264	30.54527977606708
4.448292366551408	-1.1185159756970906	30.330008316629083
4.310649816245686	-1.1400397271856588	30.116276734120742
4.175908528604771	-1.1593554453446338	29.904267168212623
4.044053394973284	-1.1749309559904502	29.693732624326525
3.915096725003232	-1.187884917529673	29.48484177439183
3.78903855653	-1.1982142636209994	29.277593229724324
3.661698500904738	-1.263766433933613	29.08174104896482
3.5400786372312996	-1.269430009156367	28.877255790622858
3.4213342765051844	-1.2730905982869967	28.674467052215977
3.3054654550103058	-1.2747452607222267	28.473373918010648
3.192307506435411	-1.2752427957229893	28.27395300842598
3.082080068088337	-1.273444806981367	28.07623369082138
2.974619302741803	-1.2701774077228825	27.880186838225356
2.8699252437732725	-1.2654378928952226	27.685811904172628
2.76658272597644	-1.2640637812924274	27.49272141495417
2.6672041654606486	-1.2568339646352553	27.301617665183308
2.5704494537895854	-1.2485766395672027	27.112133322274765
2.476318621174997	-1.2392893575993038	26.924268103296814
2.3845564873281337	-1.2295501490225487	26.7379185890518
2.295503360365044	-1.2185828175686066	26.553222175762922
2.2089047415447913	-1.2069467763435853	26.37007396995252
2.1247606578272005	-1.1946398404081375	26.188473867730035
1.9330822151424223	-1.5245108527733873	26.017086225330317
1.8479236750972803	-1.5109366924324996	25.837164418738706
1.765179380858104	-1.4970577113703314	25.658804613784074
1.6848493582832218	-1.4828718139174377	25.482006845764023
1.606613862318706	-1.468773567052767	25.306629409413553
1.5308992771773875	-1.4542322235114	25.1328613951965
1.4573864354341561	-1.4396265903377055	24.960561709941963
1.3860753595951758	-1.424954843535979	24.789730459228775
1.3149299009206656	-1.4124211126260642	24.61950808678405
1.2478047858061891	-1.3978252461676746	24.45152911490134
1.1826688310424778	-1.3833507537616843	24.28493045490108
1.1195220560871475	-1.3689960584797571	24.119712246032623
1.0580521461032089	-1.3549951297841307	23.955750848662802
0.9986755639404076	-1.3410325180505718	23.793211452622174
0.941080427398751	-1.327330394693961	23.63197159913129
0.8852667532013643	-1.3138874044007696	23.47203143688123
0.8160520866743859	-1.3145963863168753	23.30754314488457
0.7636286737916008	-1.3019168303945126	23.150187425601434
0.7127832902096385	-1.289606109825761	22.994059309395407
0.663515950190593	-1.2776630687495802	22.839158939820372
0.6155427025787552	-1.2662157989190588	22.68538743485094
0.5692421803701059	-1.2550909620796191	22.53287696247265
0.5243307483034751	-1.2444080388080412	22.381529751033565
0.4808084185022631	-1.2341660465721558	22.2313459306741
0.4369887370950769	-1.225094074001115	22.081758810809852
0.39608660615309627	-1.2158119218943286	21.933850817437946
0.35639580790758085	-1.2070225975595967	21.78704936063242
0.31791635260086015	-1.1987252709147418	21.641354553546215
0.2804019639280302	-1.1909838334501917	21.49669007805351
0.24418103280493836	-1.183711272261506	21.353157941406053
0.20900750891959197	-1.1769653206588124	21.210682668159073
0.17488140088219054	-1.1707452808347192	21.069264354037227
-1.0208787761978133	-3.1150982887232335	21.04409521902705
-1.0726901116954164	-3.1256712869747387	20.91247907755353
-1.123526321227696	-3.1374808719735316	20.782161416043706
-1.1733873958719998	-3.1505263205897873	20.653142425213847
-1.2225919580760536	-3.164868699654237	20.525370153994803
-1.270715158576255	-3.1804250198725277	20.398914301500604
-1.3180754258742464	-3.1972510703764065	20.273724357518773
-1.364672752784882	-3.215346268850885	20.149800497710395
-1.41236274795867	-3.2351494787539465	20.026924369589185
-1.4576006450875092	-3.25584850615759	19.90552704550442
-1.5022720344496623	-3.277847044327194	19.78537626443541
-1.5463769103245795	-3.301144629645011	19.66647219576133
-1.5901841569274007	-3.3257937813835916	19.54880176661936
-1.6333352496571063	-3.3517234758535137	19.432382803412587
-1.67609894921413	-3.3789828729565556	19.317203569538247
-1.7184752510837649	-3.4075716068016266	19.20326423715787
-1.7730468024249015	-3.441748721274795	19.090324465137883
-1.8146160720417501	-3.4732961226165036	18.978994696676388
-1.8559742026066974	-3.5062040172161115	18.868909950604582
-1.8971211906620522	-3.5404721248475624	18.760070410476644
-1.9382843232008948	-3.576161713839431	18.652499114690144
-1.979160543506409	-3.6131904939501975	18.546165789135063
-2.019977064359619	-3.6516177151715503	18.44109498682444
-2.0607338830837936	-3.6914431605698996	18.33728691183922
-2.1027720480372123	-3.733147329805954	18.234979772438678
-2.1435330224810305	-3.77584031056834	18.133736243912896
-2.1843762482210556	-3.819975408916239	18.033784905424874
-2.225301723191038	-3.8655524573919178	17.93512599008367
-2.266507348831591	-3.9126503499383105	17.837818960024112
-2.3077292521234845	-3.961163535463925	17.741785105917888
-2.3491652898134703	-4.011169689273469	17.647085860628756
-2.3908154602737106	-4.062668679440146	17.55372149484233
-2.5173195611711563	-4.166272387947107	17.483206122225806
-2.558709334157412	-4.222770799487918	17.39361548343877
-2.600504845774716	-4.280804837998916	17.30543049334149
-2.642706094948648	-4.34037441640451	17.21865147935153
-2.6854793659331744	-4.4015838730027035	17.133386161816063
-2.7286029439416724	-4.464293891666359	17.049491724011215
-2.7722430880283078	-4.52860811386709	16.967078679397183
-2.816399797156535	-4.594526455598888	16.88614741328797
-2.8620935215179806	-4.6627883243463195	16.807493175399717
-2.9073849321673704	-4.732008172057414	16.729624757626496
-2.953300573478179	-4.802906858135566	16.65333074113514
-2.999840444290084	-4.87548428854329	16.57861157883837
-3.047160908709297	-4.949862226048333	16.505627109734036
-3.0950534783346404	-5.025878083139596	16.4341653346594
-3.1436744866525244	-5.103652764275548	16.364389949400888
-3.1930239321970744	-5.18318615065544	16.296301484549634
-3.250772564175203	-5.271114266913402	16.237897106763235
-3.3016578317748775	-5.354390385118348	16.173412044743326
-3.3533775643659	-5.439507189535746	16.110749614641037
-3.405931759976588	-5.526464520372058	16.049910436702174
-3.459470270314906	-5.61539261352997	15.991120824265336
-3.513793287928593	-5.7061174017371155	15.934080554236923
-3.569050610356191	-5.798767599002398	15.879021195368148
-3.625242234877316	-5.893342984854257	15.825943467429108
-3.6833056187894986	-5.990688159131459	15.776444008124802
-3.7414625453946693	-6.089208920398503	15.727517980905313
-3.8006523705735127	-6.189737553330794	15.68075871699189
-3.8608750905831255	-6.292273754587391	15.636167046719294
-3.9222756347867307	-6.396938399734566	15.59405211948033
-3.9846607542500774	-6.503569528471322	15.554003772166412
-4.04817527644525	-6.612285161014796	15.516338138071267
-4.112819196285953	-6.7230848851497536	15.48105616826137
-4.765456384169167	-7.3545492570300315	16.166720735948857
-4.830872912112519	-7.477998466646172	16.147981736382786
-4.897749481227984	-7.603309002914326	16.132131413242952
-4.9660860835727325	-7.730480222113711	16.119170910900067
-5.035941865243881	-7.85955242098963	16.109542368454868
-5.107237944126822	-7.990470196839275	16.10265902521991
-5.180033252114054	-8.123267856751859	16.098972402940554
-5.254327778609699	-8.25794454199196	16.098483750790315
-5.330456959963197	-8.394496635315349	16.10414189826608
-5.407778611951443	-8.53289436423126	16.110369879012346
-5.486634419911834	-8.673150371991294	16.120136792803937
-5.567024370145263	-8.815263548361385	16.133443982957917
-5.64899048331376	-8.959146890928013	16.15083292060188
-5.7324766970233565	-9.104913578954216	16.17158484421138
-5.8175246725203955	-9.2524665979602	16.196252022697685
-5.904134392513725	-9.401804546597091	16.224835873879066
-5.993461572178347	-9.547792613490511	16.28152626440455
-6.083056271058656	-9.700267774471444	16.31812999011062
-6.174223905459009	-9.85438764903258	16.3590483417327
-6.26696445409465	-10.010150512166557	16.40428277121768
-6.361274232337543	-10.16726744509752	16.45445631749447
-6.4571580997176925	-10.326119352602252	16.508741650724794
-6.554611824038663	-10.486402105766034	16.567773089514713
-6.653635379504847	-10.648113614002643	16.631552077007612
-6.753958174534276	-10.808801848737744	16.70394515807231
-6.856049438347966	-10.973026765102476	16.777591540820982
-6.959682686377924	-11.138373515987269	16.856429293883497
-7.064857888006724	-11.304839620025128	16.940459781691253
-7.171486998486145	-11.47184112627529	17.030335890452474
-7.279687335296419	-11.640150515739618	17.125190163012533
-7.3893700812575815	-11.809162443154325	17.22568538403406
-7.500535200767812	-11.978874023195683	17.331822749786728
-7.5664307441215435	-11.983649014706863	17.59367185982824
-7.677498320697847	-12.150603481195692	17.705894144662214
-7.789932536912184	-12.317733535612234	17.823996018395917
-7.903733354661641	-12.485036089933539	17.947978377001082
-8.01868647093901	-12.651588426495099	18.078388989184074
-8.135077530835977	-12.818613359080187	18.214499287713203
-8.252691292573648	-12.985162260841314	18.3568623438619
-8.371527714072755	-13.151231721494598	18.50547867294344
-8.489678846053124	-13.310050975743735	18.66295189104975
-8.610662359325541	-13.474327605579651	18.824181731853812
-8.732670252995483	-13.637333391394137	18.99195806611059
-8.855702482226986	-13.799064699489053	19.166280897534584
-8.979366461650306	-13.958166640054571	19.347435678797307
-9.104185532790897	-14.116437171789634	19.535041294297834
-9.22976604340734	-14.27249211707997	19.72938033984697
-9.356107947695575	-14.426327763768784	19.930452175909966
-9.459732671528412	-14.5142629335676	20.139326436214176
-9.586294457378553	-14.662310344874294	20.35156219287124
-9.713300814191758	-14.807109381475449	20.570506317576562
-9.84075169831902	-14.94865650586918	20.79615746551144
-9.968037044545335	-15.08522029434694	21.028288352026475
-10.095970175017085	-15.219101358144904	21.26719821597348
-10.223940046177328	-15.348541670156784	21.512645587240154
-10.35194661930707	-15.473538092429955	21.764628319589427
-10.475365821631199	-15.58278771304121	22.019417293075925
-10.602823956456069	-15.697695816699367	22.283688157656492
-10.729837025284867	-15.806896393461574	22.55406690931532
-10.856404998330236	-15.910387029232892	22.83055062531457
-10.981684409717923	-16.006238352335263	23.11211314109801
-11.106799821658786	-16.097018080389635	23.400115265085
-11.230907202573697	-16.180781905941508	23.69350473411372
-11.354006535866999	-16.257528484008173	23.9922779608445
-10.254251999224717	-14.529950613158494	22.613387922000662
-10.360993641931898	-14.629352227085585	22.83747154683679
-10.467438116165132	-14.723903384077339	23.066393651852227
-10.57358540161163	-14.81360243789886	23.300152181395024
-10.678718042039876	-14.897038390395835	23.537901003619844
-10.783792605671914	-14.976089323647631	23.78076311245678
-10.888091251731165	-15.049334090660455	24.027874166707672
-10.991613969025273	-15.116771784358326	24.27923167933781
-11.089421450148729	-15.17003928714345	24.527447064523255
-11.19080188285968	-15.225107087913262	24.786185246085527
-11.290889701768194	-15.273461740719789	25.048348315503226
-11.389684907174509	-15.315103269895461	25.313933529759073
-11.486354656562737	-15.348794312888522	25.581389251485263
-11.582009418374318	-15.376185638995747	25.852777864999705
-11.675816496546824	-15.396044470271853	26.126525844076994
-11.767775904719878	-15.40837191213016	26.402630428614838
-11.818347993150464	-15.367457309159917	26.59876867361477
-11.905920235560215	-15.366467406230703	26.876078084472752
-11.991136603351382	-15.357396638352203	27.154532264900315
-12.073997122775014	-15.340247133021721	27.434128754875182
-12.153652129310657	-15.314336774179019	27.71271449189732
-12.23123458145095	-15.280580922807262	27.993154925384506
-12.30589557098741	-15.238318737099924	28.27328000597619
-12.377635137160759	-15.187553397292488	28.5530878722671
-12.441421545663196	-15.126495928830181	28.817893624398554
-12.506850106732879	-15.058957333810492	29.095364915986707
-12.568826853444365	-14.982785094947737	29.370939864471552
-12.627351835345294	-14.897983227794104	29.64461751728767
-12.681696470186976	-14.804780005924393	29.913920407969695
-12.732832322683274	-14.702880928925532	30.182150534123885
-12.780032047027849	-14.592548394920215	30.44682790711644
-12.823295699040907	-14.473786927816809	30.70795273550897
-12.671016215873536	-14.440571819288792	30.249295651169874
-12.713311694552461	-14.329266937048152	30.503083715935862
-12.751670317311811	-14.210064174633434	30.75278342010599
-12.786092136660658	-14.082967787603895	30.998395453683823
-12.816056985931287	-13.948922134491525	31.237657144443155
-12.842258542736623	-13.806677962524788	31.47358797957708
-12.864177862541547	-13.657213008378022	31.703935974122544
-12.881814996184652	-13.500531392227856	31.928702994663198
-12.893060704627663	-13.345178813249248	32.135039000124706
-12.902122692523385	-13.175364817778682	32.347542427176705
-12.90667209109838	-12.999310750384765	32.553148136460685
-12.906708944072363	-12.817020154299682	32.75185904726165
-12.902073973764166	-12.630321009194894	32.941986434573955
-12.89297964306603	-12.436783517649319	33.12578946168096
-12.879267577226097	-12.238259825432412	33.301606361387826
-12.860937807945676	-12.034752501753402	33.469440855138735
-12.840038050463649	-11.916059314945578	33.563689695860624
-12.81464131514754	-11.705756833390767	33.71809130725572
-12.784647127558266	-11.491762783162336	33.86380891605624
-12.750055505798954	-11.274078631415238	34.000846634490884
-12.711104956443089	-11.054994744883174	34.12843476629125
-12.667477499094836	-10.831459600384077	34.24760925335369
-12.619411885861746	-10.605769506316735	34.35763356631881
-12.566908118184465	-10.377924579437229	34.45851183558602
-12.512789356987463	-10.162470118825569	34.548455860905655
-12.45194274389114	-9.931839066678881	34.631350057245136
-12.386942066970546	-9.700583880163654	34.70498318908732
-12.31778731184521	-9.468703393824836	34.76935897841816
-12.245088656935469	-9.238430909661417	34.824758033669106
-12.168032485615463	-9.00678501236668	34.870814293783056
-12.08722848625403	-8.77598492738129	34.90783495587565
-12.002676630996701	-8.546028397260049	34.93582296179841
-12.554631939571237	-11.1559995781261	33.71481949001188
-12.517543844089493	-10.947486562350733	33.835952104482274
-12.476218819217666	-10.736590570894338	33.94862924317377
-12.430656870156017	-10.523312025208464	34.052854618379506
-12.381224361876946	-10.309785847048335	34.14827455767733
-12.327432807612428	-10.093165462876499	34.23536911788456
-12.269648536246264	-9.875584122479703	34.313813321989265
-12.207871538511721	-9.657041074842454	34.38361061105303
-12.145504382477718	-9.45059700526709	34.44523127606098
-12.07629542382661	-9.231422014390617	34.49822000556839
-12.003440393939398	-9.012643423636524	34.54267049540436
-11.926939271050184	-8.794259469003496	34.57858559098098
-11.847460008995922	-8.578181080117144	34.60651173760975
-11.764111943299088	-8.361855539893444	34.625726304600875
-11.677562406338172	-8.147176282854097	34.63679497563539
-11.587811366833165	-7.934140773933653	34.63971974893327
-11.53053422268789	-7.805844251471914	34.66848272623166
-11.436020299705001	-7.5954120087308565	34.65848192886949
-11.33874490065662	-7.387616437521597	34.64086532098456
-11.2387079888844	-7.182454566894962	34.61563404608823
-11.136744953479104	-6.981290973433891	34.583935989156274
-11.031741854429184	-6.782299098670193	34.54424248183135
-10.924533188714213	-6.586818942725856	34.49770637528402
-10.815118917687814	-6.394847373533199	34.44432783120166
-10.70893309775509	-6.213064966921921	34.392419945313314
-10.595707367008147	-6.028504184950084	34.32640817082693
-10.480843900084873	-5.848095017151646	34.25442137691501
-10.364342659958663	-5.671834462732767	34.17645884695067
-10.247061617487962	-5.500388023403424	34.093924438639945
-10.127856728474358	-5.332861632513738	34.0049440452774
-10.0075851351308	-5.169898252822815	33.91091266888591
-9.88624680498699	-5.0114952527990155	33.81182887618709
-10.044555981782793	-5.1645256730532	34.152761881624905
-9.922092161631014	-4.999595006304969	34.05231945877958
-9.798711145621986	-4.839505852457965	33.947117212177325
-9.674412902432325	-4.684255672931119	33.83715342815494
-9.55002955945492	-4.534057868242568	33.723856435727434
-9.424451546240183	-4.388622453405952	33.60531739034827
-9.298510326960336	-4.248144951393986	33.482948904226575
-9.172205877594552	-4.112623415456338	33.35674881314325
-9.050265000861254	-3.981882958430214	33.23537716576479
-8.923635035497801	-3.856013548811211	33.10238333998216
-8.79714314320741	-3.7350476359042	32.966417823297284
-8.67078930781618	-3.6189839089071287	32.82747822215285
-8.54524049975921	-3.5075427711643883	32.686768296496204
-8.419607393821936	-3.401094481441972	32.542677398696604
-8.294556661424785	-3.299351582388308	32.39638991243505
-8.170088294121355	-3.202313389470601	32.24790341137397
-8.07363902484647	-3.093630887222842	32.15452369580809
-7.949641572282685	-3.0043637542421524	32.001829281628574
-7.826599432374266	-2.919555267870649	31.84758048945252
-7.7045126033728994	-2.839205286417563	31.691774965980677
-7.583855153949386	-2.7627648121002295	31.53531486306742
-7.463994993556882	-2.6909659241590935	31.376991996999475
-7.345406214724523	-2.623260551728638	31.217690577374967
-7.228088821684002	-2.5596490377632275	31.057408472375524
-7.11435800874165	-2.496247193293737	30.90109475451965
-6.99970304388277	-2.440340540871716	30.739267506876068
-6.88657033876644	-2.3881319230298477	30.576933713238244
-6.774959902352427	-2.339622065905895	30.414091520072038
-6.6651525432284	-2.2941821197436347	30.251339892439745
-6.556773873871896	-2.252652490092805	30.0878761438674
-6.450104953107246	-2.214411360930269	29.92428570010184
-6.345145793379632	-2.179459740866542	29.76056701457464
-7.2500658966171745	-2.014321180342966	32.05740354011673
-7.119918650934076	-1.9381216916455815	31.879881537217262
-6.991197164774306	-1.8664621478099335	31.70167181992974
-6.86390144605474	-1.7993431904531998	31.522771829132143
-6.738438684057471	-1.7359763195405096	31.34395557351026
-6.61426598277456	-1.6774147352947386	31.164185387425242
-6.491790776531385	-1.6228769073175577	30.98421638004246
-6.37101307852651	-1.5723639052771003	30.804046373167264
-6.2537432266099415	-1.5207474572219706	30.6277343164403
-6.136411917764749	-1.477708359766673	30.447472791060985
-6.020977293865247	-1.4381831197478192	30.267390318207006
-5.907439371803758	-1.4021731061914808	30.087485112751587
-5.795992985690271	-1.3689174321113358	29.908209592180448
-5.686378398129061	-1.3394339701479046	29.72895669417709
-5.5787908679885625	-1.312973608885195	29.55016616908815
-5.473230414423661	-1.2895379007169283	29.371836612207723
-5.375104640477831	-1.2308549303537157	29.215487480960398
-5.272610664601507	-1.2128045794490168	29.037671963853697
-5.172238268812688	-1.1973423516149841	28.86053273460559
-5.0739874736889945	-1.1844699145501894	28.684068710854007
-4.977894318638429	-1.1735411597450094	28.50851406534196
-4.88391079937902	-1.1654214765733983	28.333554302245453
-4.792073445216443	-1.1594782349659232	28.159416230702636
-4.702382276954594	-1.1557131209592966	27.986099066325966
-4.614664565718326	-1.1503051491224578	27.814700156699637
-4.529174188890962	-1.1505185360232943	27.64308481183027
-4.445817306559686	-1.1525486617340022	27.472389729713534
-4.364593939124608	-1.1563971795667758	27.302614369850662
-4.285435706079927	-1.1615739350521554	27.133860087105553
-4.208433828316628	-1.1687362671016883	26.965990652118023
-4.133520399040399	-1.1774070083437191	26.79910396776882
-4.060695437771703	-1.1875877408000242	26.633199687619662
-3.955430191666929	-0.9500274046912063	26.544097081151627
-3.8814196393939686	-0.962701568581146	26.37715332191372
-3.8095527454223745	-0.9766284598542514	26.211274504245402
-3.739829529723959	-0.9918096971115499	26.046460410925587
-3.6721052669434275	-1.007873641870992	25.88273261920427
-3.606572969543113	-1.0253194851922878	25.720061962653613
-3.5430883689360932	-1.04378808525078	25.558468856853786
-3.481651483571011	-1.0632809372033836	25.39795320703762
-3.421232370938882	-1.0817006270105498	25.238534582359566
-3.36376107200733	-1.1030444693360721	25.08015716714294
-3.3082315253694876	-1.1252279981351005	24.922858156915492
-3.254643747899832	-1.1482525809873185	24.766637543973278
-3.202829431301227	-1.171885039144617	24.611485155698045
-3.153013024684824	-1.1964393612015591	24.457414592268268
-3.1050266027233846	-1.2216928349776826	24.304415926401155
-3.058870180722975	-1.2476467009420136	24.152489210150105
-3.0059348516985978	-1.2612336204544166	24.000758055866513
-2.963214877919296	-1.2884268615119236	23.85084700814851
-2.9222136234673695	-1.3162124266640127	23.701998615558505
-2.8829311021682384	-1.344591436381839	23.554212969811903
-2.8452006499710487	-1.373438796659748	23.407471141570987
-2.8092445166666695	-1.4029238164483733	23.261798607486497
-2.7748963505803044	-1.4329299339224404	23.117177323532918
-2.7421561641165306	-1.463458154401922	22.973607406537678
-2.710012306129256	-1.4938504059384243	22.83095514616422
-2.680388841236227	-1.5253620276134199	22.689469841529778
-2.65226731519833	-1.557351303518967	22.54902513059683
-2.625647739105574	-1.5898191324367985	22.409621145624108
-2.600381882324391	-1.6227218869722364	22.271242511233616
-2.5766674105636977	-1.6561197520826072	22.133910045689156
-2.5543563431888616	-1.6899759266674286	21.997609506660023
-2.533448690093688	-1.7242912125629664	21.862341035987487
-1.8808050710573845	-0.40125947763588776	21.801806492805216
-1.8446402467845906	-0.42939876980898123	21.658949835259683
-1.8100435272578297	-0.4575609525459772	21.517128378666534
-1.7770149243997453	-0.4857469921088579	21.376342287176257
-1.7453327099528853	-0.5139316362251449	21.236533156897607
-1.7152925480806156	-0.5421507011919603	21.09777923152627
-1.686672976651316	-0.5703861944467956	20.960023395843212
-1.6594740060203372	-0.5986389552314817	20.823265799668125
-1.6324260241201491	-0.6268065846357587	20.68716322162633
-1.6079583427473232	-0.6550800125097722	20.55236840941784
-1.5847770143755424	-0.6833812795918419	20.418539419904988
-1.5628820479879995	-0.7117111139183019	20.285676388093584
-1.542095094252911	-0.7400961290120343	20.153735678984845
-1.5226539722374146	-0.7685024576650051	20.02277577654194
-1.5043805331549107	-0.7969621843688426	19.892754093783818
-1.4872747848078747	-0.8254759414695474	19.763670752381852
-1.4632579392915073	-0.8539124924858461	19.63322212587366
-1.4485722207013823	-0.8824099981343563	19.50598816563398
-1.4349414301661438	-0.9109996822577218	19.37966832323262
-1.4223655744147157	-0.9396820901966879	19.254262707612135
-1.4107101175216084	-0.968517515299145	19.129740220142303
-1.400154455690078	-0.9974267796081446	19.006142572716573
-1.390564203439924	-1.0264742814463972	18.8834395176827
-1.3819393666374369	-1.0556604962431944	18.76163115566734
-1.3735551596020334	-1.0853763820914866	18.640540991661016
-1.3668075054862032	-1.1148752142223495	18.52050557086743
-1.3609481207532355	-1.1445662680196964	18.4013487315364
-1.3559770105283475	-1.1744499588530866	18.283070568687744
-1.3517987934135043	-1.2046094417557924	18.165650650162384
-1.3485406560378697	-1.2349347698307054	18.04911643815906
-1.346107331927846	-1.2655122348617027	17.933448256973666
-1.3444988255860788	-1.2963422017624164	17.818646199143995
-1.3022468809333425	-1.334596544054694	17.691200542958928
-1.3034199307086323	-1.3649661841504783	17.578095190786453
-1.305312963967296	-1.395674494691435	17.46584437418526
-1.307925984366329	-1.4267217720560046	17.354448178628925
-1.311209177748692	-1.4582046480810327	17.2438967177117
-1.3152289711946772	-1.4899949452241337	17.134203376318947
-1.3199356330684386	-1.5221915491033187	17.025358970354656
-1.3253291666372191	-1.5547947245098985	16.917363590015192
-1.3311898109352427	-1.5884296219563687	16.81017615702423
-1.3379510532398389	-1.6219099676855142	16.703877145187384
-1.3453753103648172	-1.6558694944836825	16.59842500342336
-1.3534625852475357	-1.6903084404069098	16.4938198295356
-1.362191981818957	-1.7253387289590654	16.390062524111947
-1.3715913681296805	-1.7608116657374966	16.28715212313792
-1.381639914766355	-1.7968409955794762	16.185090347258264
-1.3923376243934196	-1.8334269344224732	16.083877305106757
-1.403185266654667	-1.8758068355390325	15.983559923716923
-1.4153144021692758	-1.9135606687799016	15.884065062022552
-1.4280838578108304	-1.9519571039750776	15.785425495251552
-1.4414936359898731	-1.9909963364851713	15.687641346253278
-1.4555501599990848	-2.0308060469315024	15.590727052675126
-1.4702448709139355	-2.0712164374502695	15.494663665665824
-1.4855842470102267	-2.1123566914644734	15.399466667045813
-1.501568290505848	-2.154226988721308	15.305136198049528
-1.5183190534529274	-2.197672518635671	15.211799500872248
-1.5356198456333017	-2.2410957144354757	15.119220135659313
-1.553577496468403	-2.2853422520413096	15.027524051949696
-1.5721920080040048	-2.3304122972514207	14.93671141387104
-1.5914941190802354	-2.3764518880373995	14.846814356839745
-1.6114428492243966	-2.4232666837548256	14.757790439120617
-1.632068983975393	-2.471003998177295	14.669673200925812
-1.653372525221944	-2.519663984374707	14.582462834451134
-1.6603667045310058	-2.8642118477950245	14.501885393993266
-1.6906854378124374	-2.9136812611152516	14.417635815409922
-1.721502141582869	-2.9644278077922186	14.334383575669973
-1.7528168163311342	-3.016451527442978	14.252128916275867
-1.7847474318264762	-3.069893514301535	14.17093737432722
-1.8171366962169373	-3.124565737844282	14.090722169238763
-1.8501025909141067	-3.1806096094129597	14.011550922265503
-1.8836451164287291	-3.2380251704004492	13.933423923134121
-1.918535907351501	-3.2978115358843496	13.856835923057321
-1.953317314243345	-3.358094117467362	13.78086030643904
-1.9887563660340444	-3.4198535231986558	13.705987809525334
-2.024853063181493	-3.48308979018794	13.632218779635949
-2.061732593446159	-3.5479756268024474	13.559656882770776
-2.0992280407851482	-3.6142808339183605	13.488164762830477
-2.1374646022446395	-3.6821783659045373	13.41784907866841
-2.1764422781400574	-3.7516682483244117	13.348710245758937
-2.2227009526314676	-3.832083067095498	13.286001955262257
-2.2633176407009934	-3.9050687981457854	13.21938252399541
-2.30476532934855	-3.979774905396887	13.154033142711407
-2.3470440186330364	-4.056201393622213	13.089954309687009
-2.3902903952815677	-4.134552059501168	13.027302832846795
-2.434322210168911	-4.214555161505567	12.965870874413524
-2.479276147425095	-4.296414406119403	12.905819525560041
-2.5251522067180106	-4.380129766427048	12.847149379861838
-2.572868125137271	-4.467095608639234	12.790997471975965
-2.6206944296908694	-4.554688728833706	12.735228036286742
-2.6695389115551382	-4.644282842053423	12.680973574558033
-2.7194015698339604	-4.735877875673147	12.628234792395752
-2.7704336506942564	-4.8297033874788795	12.577240695777041
-2.822433489890297	-4.925453082426913	12.527687695097784
-2.875552304592526	-5.02335568762914	12.479810841568415
-2.929790093124931	-5.123411067254399	12.433610971096764
-3.0515716318011474	-5.327663586181883	12.466878958705141
-3.109051961902852	-5.433931247571713	12.425367927276538
-3.167778319083016	-5.5425262706256735	12.38577756851388
-3.2277507003592487	-5.653448413638081	12.348108897437553
-3.2891349068808813	-5.766937869247652	12.312699818424507
-3.351709862335341	-5.882673723052892	12.27910230324143
-3.4156412826338025	-6.000893764557512	12.247662902087459
-3.480929163308533	-6.121597631677312	12.218382805646204
-3.548672008372642	-6.246334841013059	12.193655323551717
-3.6167973562878704	-6.372178476626496	12.168976548059016
-3.6863939841577587	-6.500658871738764	12.14673746170918
-3.757461885569233	-6.631775506607109	12.126939453634444
-3.8301780219718493	-6.765751246689057	12.110053268833079
-3.904306427839748	-6.902287566249146	12.095454668239544
-3.9800238882639585	-7.041602385104689	12.083626141476117
-4.057330394322384	-7.183694980170864	12.074569297640377
-4.145172899683798	-7.3401133540277	12.091008683254516
-4.225841744040746	-7.487980297378983	12.087999976126497
-4.308219297603144	-7.638744044078834	12.08815440093174
-4.392305548195659	-7.7924036073863485	12.09147380586177
-4.478277323250972	-7.949112230905282	12.098598230903342
-4.565898821258449	-8.108663028799697	12.108678808719656
-4.655346541935841	-8.27120008253539	12.12237102570082
-4.74662046904982	-8.43672207649403	12.139676980497653
-4.840797045738744	-8.605947730876562	12.16499775150572
-4.9358295327836235	-8.777485193229257	12.190030242775565
-5.032800796857455	-8.952050456287555	12.219190339203548
-5.13171081667116	-9.129641794693546	12.252480390544207
-5.232714820886443	-9.310257491581124	12.290739511035914
-5.33560578337423	-9.493895412697801	12.332854564115276
-5.440538368716258	-9.680538106687207	12.379683951622212
-5.54751254942073	-9.870183345496493	12.431230259040381
-6.105215000036036	-10.460505025766246	13.92693128980664
-6.215034934740531	-10.6502017533861	13.99638389668634
-6.3268568315264275	-10.842146449953157	14.071347030678453
-6.4406806547607225	-11.03633622761689	14.151823042548012
-6.556520635747519	-11.232338498171462	14.238759630850605
-6.674357709924599	-11.430722793232478	14.330898685398198
-6.794205188934217	-11.631030968962236	14.429206138640566
-6.916063029245283	-11.833259497414868	14.533684325133517
-7.039629708838387	-12.033657949617762	14.650234530704934
-7.165407783574964	-12.239194105931531	14.767624177544578
-7.293165299515685	-12.446173088028715	14.891864715172067
-7.422902204616387	-12.65459067802808	15.022958322787616
-7.5544976316889585	-12.863526546583913	15.1619060412808
-7.688112608366716	-13.074197375778777	15.307377983192232
-7.823624951637635	-13.28564638391849	15.46039069930937
-7.9610346006572525	-13.49786863990787	15.620946032307101
-8.090010835550004	-13.664192052865047	15.82713787967469
-8.230185469858354	-13.876180961619978	16.001878211554555
-8.372108282365838	-14.0880696007196	16.184753128678004
-8.515779204804598	-14.299852437444631	16.375763901698843
-8.660859286980719	-14.509965404708687	16.5757462860058
-8.807800297523071	-14.720480555986056	16.783588258669134
-8.956261609104095	-14.929787563327416	17.00013186708445
-9.106243146775089	-15.137880352569827	17.22537755962617
-9.25464445664401	-15.333244691625822	17.46296832098337
-9.407171520942025	-15.537489274473145	17.705689579306654
-9.560896760221047	-15.739168036447698	17.957518771092925
-9.715820095961599	-15.938274613995686	18.21845524707378
-9.871293294404666	-16.13249505223816	18.48880521940369
-10.028180484259982	-16.32489979576121	18.768157784914667
-10.185831590292922	-16.513124459364565	19.056808028092654
-10.344246534926771	-16.69716275589952	19.354753941801135
-10.254399905430274	-16.277812682026553	19.580942409100064
-10.405174942493367	-16.450440407954282	19.87188311905578
-10.556354716062046	-16.61781860121447	20.171456588649992
-10.707939160707927	-16.779941959211644	20.479660034307944
-10.858995911890796	-16.934195098081464	20.795949233355802
-11.010767978774142	-17.084053561853345	21.121042149450933
-11.162321576224652	-17.22686354583181	21.454366450036176
-11.313656650707875	-17.36262071135613	21.795917965963614
-11.457755554638842	-17.474558804471684	22.138395638656352
-11.607717177314022	-17.594483006135675	22.494984122466043
-11.756729139518677	-17.705487527316873	22.858959114845693
-11.904791407367199	-17.807569621780868	23.230315215579747
-12.050633411764288	-17.897949438342472	23.60714650354547
-12.195949187926484	-17.980328832976337	23.991980778815332
-12.339467651974589	-18.051915026178975	24.382865419854653
-12.481188797456321	-18.112707495029873	24.779794151425182
-12.557007268908013	-18.05300278135415	25.06880333835546
-12.6931418303924	-18.093938334592337	25.470567194192363
-12.826657337718052	-18.122633698756275	25.876581652034773
-12.95755381505534	-18.139090832716516	26.286840358565552
-13.084357317058398	-18.14119962185172	26.69796626842268
-13.209033190732018	-18.13178056618962	27.11444760570241
-13.33010843626818	-18.108750980757907	27.532859270893596
-13.44758311364922	-18.072115726781686	27.953195500801257
-13.552135771843261	-18.012932465655943	28.35052568359672
-13.661428666284944	-17.948902262121358	28.771537505507986
-13.766143971843018	-17.870412680329316	29.19174594716373
-13.866281782137257	-17.777471307626424	29.611146827809847
-13.960408964118386	-17.66959499490637	30.025198304328445
-14.050436604657419	-17.547447618957886	30.439948377916913
-14.134934065277761	-17.410615463749924	30.850832864047423
-14.213901466367892	-17.259108286078988	31.257850129567103
-12.598860096970743	-16.365118532150383	26.828860050903607
-12.691689570287064	-16.35589884817784	27.165898288647174
-12.781774149081018	-16.336126883593987	27.50373556933342
-12.86911387351208	-16.305805893094135	27.842368597723205
-12.952560104848548	-16.264216675426844	28.178901513202494
-13.033644471728861	-16.212327107168544	28.517188523293537
-13.111219484320586	-16.149450263234936	28.854311886718484
-13.185285201898747	-16.07559094752758	29.190269323901113
-13.249193055880191	-15.989863241118279	29.505476051125733
-13.315650940538665	-15.894553823985957	29.836858771159395
-13.377897560841824	-15.788256647230519	30.164974236687247
-13.435932990163328	-15.670977657366738	30.489821665911244
-13.48881900722769	-15.543320094356183	30.80814263785819
-13.537806752153253	-15.404494097982605	31.124281388610385
-13.581959809355496	-15.25515262296598	31.434981330322795
-13.621278259076243	-15.095302172447074	31.74024353754263
-13.621726875228198	-14.97263267348908	31.896723346452273
-13.652905281111504	-14.79765231793115	32.190417083847784
-13.678824118008393	-14.613071966681868	32.47685201162366
-13.699483463594051	-14.41889791487042	32.75603093554601
-13.71435891214658	-14.217119128914526	33.02513305368326
-13.7241498447216	-14.005097708808881	33.28792750193517
-13.728333570249351	-13.784869028250583	33.54162372882853
-13.726910155217837	-13.556438475711557	33.78622631214699
-13.718473978993785	-13.335574630060755	34.00708891217979
-13.706030305148497	-13.092884826547902	34.232492910006336
-13.687816862960307	-12.843752927902774	34.447349025312334
-13.663833699573035	-12.588182754861991	34.65166313164078
-13.634130143505288	-12.329219242082225	34.84382325609307
-13.598640512863428	-12.062809727273432	35.02599304414274
-13.557414974413575	-11.792020903318402	35.19661054467485
-13.510453550004431	-11.516854540928955	35.35568226421526
-13.515785029698328	-12.043107523257412	34.98863394382972
-13.476132589580239	-11.774859350464926	35.15653830519077
-13.430816028583791	-11.502852570263407	35.312939187298326
-13.379835362225153	-11.227088440148702	35.45784300275151
-13.32361597275937	-10.950785360861476	35.59062456943792
-13.261590697767833	-10.669653259668648	35.71213226077934
-13.194184995472561	-10.386911361148782	35.82179108961836
-13.121398855009964	-10.10255878487044	35.91960712945259
-13.047648366086928	-9.836368504246847	36.00601555580684
-12.964876695524243	-9.55075835460616	36.08089177948902
-12.877171391963229	-9.265598517519477	36.14407896350927
-12.784532421458948	-8.980886241943892	36.19558217151385
-12.687866041019468	-8.699517232562172	36.236256773013096
-12.585963812917216	-8.417622846526942	36.26497287290207
-12.479730993107552	-8.138070494079361	36.28262003581872
-12.369167530143537	-7.860856005739745	36.28920178992669
-12.303264954429485	-7.709986958762382	36.336483078967774
-12.186533968381621	-7.4361650385950915	36.32612896499523
-12.066066240472727	-7.166144917687838	36.305533078440526
-11.941861709804513	-6.8999216605830425	36.27469740364772
-11.815091166305711	-6.639490158801657	36.23543440361337
-11.684193410806701	-6.382178730085438	36.185330572074236
-11.550337752287474	-6.129941473002027	36.126206601582034
-11.413524126880727	-5.8827732114723155	36.05806266796244
-11.281370752174688	-5.650051423355649	35.993847261471345
-11.13948292742302	-5.413494463462615	35.90927182060378
-10.995432564776522	-5.182894713903895	35.817027188593684
-10.849219604238138	-4.958247312261683	35.71711195663705
-10.702042863115718	-4.740392251597202	35.611679432148804
-10.552303785189004	-4.528198750674298	35.49785415832516
-10.401199863252582	-4.322470855417766	35.3777727754041
-10.248731046498706	-4.123204448150582	35.25143262996613
-11.926002282611236	-7.318206118613897	36.738946210211914
-11.808878739099596	-7.041606000808672	36.70718138182862
-11.687977900346946	-6.769529736146719	36.66562065255839
-11.563299704102349	-6.501972279546253	36.6142657451823
-11.436114030564335	-6.240722936773466	36.55502781620807
-11.30472755856027	-5.9833840067308985	36.48536108922273
-11.170408674325172	-5.731703719776961	36.407182629666
-11.03315731449881	-5.485676940927975	36.320492284259295
-10.901021351217377	-5.253335816957751	36.238592112208295
-10.758756320228581	-5.018940862652328	36.1364787464833
-10.614401484024729	-4.790947556777489	36.0272363068401
-10.467956784815277	-4.569351215740676	35.91086305972454
-10.320664146052941	-4.354782025114144	35.7895206408611
-10.17086754295584	-4.146389457413287	35.660321775716376
-10.019807640288533	-3.9447696068491265	35.525409127047766
-9.867484390761929	-3.7499186409111958	35.38477977727799
-9.76862589347049	-3.5835705041237276	35.34111965678229
-9.613713169249634	-3.398892155716116	35.19070000290861
-9.458243008896618	-3.2211122103662504	35.03579078118362
-9.302215376713649	-3.0502277749724955	34.876388321863516
-9.146681857829039	-2.885972688049481	34.71441091324596
-8.990240266858075	-2.728696006091207	34.54729193974513
-8.833941492997361	-2.578113078118019	34.37691875684861
-8.677785514415861	-2.434222134849362	34.2032873568824
-8.527420477112798	-2.2935527027637397	34.03739393948666
-8.37196355219968	-2.1623947748404633	33.85825123540774
-8.217252533423228	-2.03753651331599	33.67691729153884
-8.063287411869466	-1.9189771957635602	33.493388112006784
-7.91082282367578	-1.8059128582042847	33.309065932544634
-7.758852576000584	-1.6994145347780023	33.122071995485285
-7.608131215407216	-1.5986763035037548	32.93377765431304
-7.458658744130389	-1.5036983454922264	32.74417919772205
-7.5611755638481934	-1.2508660442929225	33.15497631748012
-7.404246858270312	-1.1533122126562438	32.95720859773575
-7.248905700862078	-1.0615081248665872	32.75865342485793
-7.095152100955276	-0.9754545372115994	32.5593069246911
-6.943529151554323	-0.8940741462028372	32.36021056492019
-6.793312757471347	-0.8188056920268397	32.15996716456588
-6.645046321938278	-0.7485807638366317	31.959589565881323
-6.49872986241145	-0.6834007763683438	31.75907447546958
-6.356758219557857	-0.6162288863008909	31.563775875753443
-6.214404635028254	-0.560344772645734	31.36337887965527
-6.074264783538512	-0.508803247153109	31.16333629587962
-5.936338688080868	-0.4616061732122515	30.96364543869751
-5.800880619502173	-0.4177053466849223	30.76487076332998
-5.667551606534811	-0.3785029543742574	30.566253903235054
-5.53660650041417	-0.34296689358541155	30.368340297252864
-5.408045327358879	-0.3110992891881691	30.17112784989188
-5.28872608336753	-0.23050017778532794	30.00189614513205
-5.163586209594209	-0.20508188423057777	29.80549438099219
-5.040952113282728	-0.18273435565012708	29.61005053854264
-4.920823822599595	-0.16345987477811885	29.415563015887415
-4.803239983691083	-0.14637040311779437	29.222282402422383
-4.6881491342147745	-0.13265532897530136	29.02987124008274
-4.575590588630373	-0.12144499552814292	28.838569247066
-4.465564375157725	-0.1127416898332131	28.648375276906133
-4.357773103205763	-0.1013171863628175	28.46036141272968
-4.252680996388322	-0.09711561537637106	28.272424282851535
-4.150097345967784	-0.09492574939177523	28.085683800701506
-4.050022179298409	-0.0947498053150199	27.900139186058905
-3.95235294261101	-0.09591834659383114	27.715860243430793
-3.85722643682765	-0.09932902568274257	27.53275233305405
-3.76454073997603	-0.10432971717928474	27.350880266505385
-3.674295877878489	-0.11092251383617265	27.170243548454067
-3.781161443359836	1.7977277742635565	29.129564012901966
-3.6434243644204627	1.802750779402888	28.91947637066801
-3.508974653935721	1.80563298072021	28.711355774854976
-3.377812355777664	1.8063708226368382	28.50520112974027
-3.249727215112001	1.8059501912727987	28.30095066102667
-3.124999670762678	1.8030485447801639	28.09868459913127
-3.0034204661567685	1.79862446628277	27.898334396430872
-2.8849896412146308	1.7926747204642568	27.699899425065272
-2.7679581542383396	1.7907927245923805	27.502726529786425
-2.655562519325534	1.7823134970953263	27.3080194414683
-2.546138182123788	1.772820151586965	27.115145166949258
-2.4396851783777005	1.7623097911723526	26.92410340579652
-2.3358928934864576	1.751443658924754	26.734745131745633
-2.235175560088505	1.7393336270522632	26.54726854557572
-2.137223366601047	1.7266190134738189	26.361523167634193
-2.0420363445824634	1.7132972605634742	26.177508914472202
-1.9328753847790212	1.7347800241118954	25.988651808387484
-1.8425409178185934	1.7205604162447936	25.80794235586429
-1.7547617114974123	1.7060726323520816	25.628866965058318
-1.6695377935749347	1.6913144226887509	25.451425690941456
-1.5865229631558524	1.6767035835288295	25.275458812455923
-1.5061788830435812	1.6616780600626093	25.101179491900826
-1.4281599714317155	1.6466387604593775	24.928428798768472
-1.3524662523796085	1.63158373484636	24.75720686290444
-1.276898533770245	1.6188448328187741	24.586553466086702
-1.2056211910672883	1.6039785268946019	24.418295970090693
-1.1364393398649728	1.5892943311277885	24.251468996998216
-1.0693530008793752	1.5747905665990278	24.086072711009454
-1.0040254135250306	1.5607138589444123	23.921970451635975
-0.9409056377066847	1.54673166290093	23.759344827130402
-0.879657372772578	1.5330780636791523	23.598060551607222
-0.8202806364578912	1.5197516239443294	23.438117797133398
-0.6194872792837982	1.7101831973302462	23.233189360034828
-0.5621367104069376	1.6987774101105286	23.076392881854208
-0.5064496545408255	1.6878871211148416	22.920882714499758
-0.45242612694237966	1.6775110938573796	22.766659033541547
-0.3997486344054213	1.6677859138299937	22.613610913498995
-0.34884053476701143	1.6585267470230314	22.461886650605514
-0.2993846717990847	1.6498609956681483	22.311376661306753
-0.2513810583714292	1.6417876167427154	22.162081102541297
-0.20294681445185336	1.6350925490169406	22.013376593370225
-0.15767186092976368	1.628289519527923	21.86645607695889
-0.11365060507430469	1.6221351161824167	21.72068765941365
-0.07088305766967135	1.6166284649831495	21.576071476272467
-0.029094315834250928	1.6118405399430888	21.432525686019208
0.011349059625790017	1.6076747939134686	21.29015970972292
0.050721734400537954	1.6041957396617987	21.14889271021743
0.08902369950423503	1.6014026489438677	21.008724802314664
0.13914536669730015	1.6047373082724823	20.865828947046715
0.17529855055941276	1.6035619311698754	20.727890046641566
0.21055917491392417	1.6031004170359617	20.59100424896662
0.24492723240137318	1.6033521694285928	20.45517164939078
0.27863380703704266	1.6043545683768117	20.320333593653963
0.3113707707595779	1.6060564738124878	20.186568497193086
0.34336904664863566	1.6084908843654349	20.053818406963874
0.37462862867368873	1.6116573112959445	19.92208340356441
0.4064897382991517	1.615821032970258	19.791041598774388
0.43639110274189985	1.620492789334175	19.661310532409424
0.4656956486763302	1.6259113834356778	19.53256227193545
0.49440337122199735	1.6320764197426432	19.404796886772598
0.5227073038158636	1.6390136472065975	19.277973038123697
0.5503500579870328	1.6466878784741823	19.15214599969807
0.5775245613557476	1.6551219842894067	19.027274952930142
0.6042308100203512	1.6643156484453523	18.903359959956223
1.7198704231625648	3.0210764713030116	18.785316396526326
1.7523840063844334	3.053704092837995	18.67369868653174
1.7849288098751874	3.0874983981930733	18.563216155095574
1.8175048320834766	3.1224592616401927	18.45386894770278
1.8502775689695552	3.158657818843101	18.345681000357786
1.8830263560555922	3.1959989631117294	18.238620756424506
1.915916657272196	3.2345529621850195	18.132713382679473
1.9489484715550025	3.2743197298023983	18.027959048302225
1.983116883560184	3.315832281223996	17.924577663313013
2.016526965103666	3.3580972585151545	17.822162760521223
2.050183758021891	3.4016279677607266	17.72092777648264
2.0840872616277175	3.4464243532718206	17.620872910300356
2.1183873216848195	3.4925778966343226	17.522050299853195
2.152884142475986	3.53996651172265	17.42439092161092
2.1877275559633307	3.588681305422203	17.327948616557737
2.222917561723919	3.6387222434565474	17.232723620278755
2.265738905192868	3.6953857225317024	17.14150191469635
2.3016726023713683	3.7483124551751668	17.04883561483145
2.3380545152282295	3.8026329171133364	16.957436379437762
2.374884643516141	3.8583470883030895	16.86730448881696
2.412303447202226	3.9155696863947993	16.778527340312063
2.45012364580583	3.9741477120143753	16.69098909978511
2.4884856936489794	4.0341957241098205	16.604779566812326
2.5273895905219828	4.095713705686826	16.519899073530496
2.5677158973673095	4.159510183648037	16.436997346423677
2.607794567428327	4.224068292655268	16.354856553056795
2.648507849781056	4.290180114800456	16.274120903142922
2.6898557441333293	4.3578456264051875	16.194790789619123
2.7319759782528745	4.427201385080582	16.116998402841823
2.7746849142798538	4.49806524624249	16.04056846268314
2.8181202707343487	4.570573500236615	15.965636519916625
2.8622820471046837	4.6447261055946525	15.892203037950791
2.96589128497606	4.781461303732116	15.865889587978266
3.011668378138609	4.860292505820008	15.79641064237993
3.0582936215353507	4.940862533700913	15.728565640356958
3.105767014278492	5.0231713154243	15.662355139738798
3.1542230478986077	5.107372794935898	15.597975096688433
3.2034823978174556	5.193261507993472	15.535165614125463
3.2536795283929085	5.280990624057545	15.474127395912912
3.304814438128654	5.370560021860508	15.41486109395705
3.357754569230742	5.46298601790073	15.35875953739185
3.4108592286291124	5.556351639272623	15.303202866278033
3.4649927087405086	5.651660722441838	15.249580184238246
3.520155007235901	5.748913078653856	15.197892249710995
3.5764841353960577	5.848264968555764	15.148411630272433
3.6337960718880074	5.949507534691831	15.100776769042909
3.69222876190086	6.052795175152357	15.055266651053982
3.751782202004666	6.1581276119596735	15.011882153786988
3.8193725345135876	6.273570404285315	14.983903339831336
3.8812892254524947	6.38316787411577	14.94508157028147
3.9444203904761888	6.494904886792086	14.908610923671175
4.008766024711558	6.608781047376412	14.874492409458439
4.07446459747817	6.724931415558337	14.843095928341462
4.141331470216831	6.843174874403646	14.813930751195862
4.209504978962797	6.96364274784958	14.78737524988353
4.278985117024193	7.086334493557886	14.763430575920504
4.350636676058119	7.212020309974435	14.744654039196275
4.4228191814932645	7.339231725055386	14.726224196387518
4.496398983104885	7.468734305036733	14.710702011879164
4.571376071919688	7.600527322684555	14.698088787135369
4.647881590638915	7.734686236162749	14.688871827455365
4.725740659160357	7.871108557015546	14.682404556302659
4.805084180165837	8.009863038032881	14.679185072080486
4.885912141862099	8.150948723438828	14.679214829488217
5.397013927311385	8.694780986087686	15.617532246081021
5.480200419475123	8.841035656975818	15.632577514031745
5.564972767959881	8.989277363682355	15.65143107505574
5.651330956340104	9.139504775010193	15.674094426998838
5.739326302982422	9.291595564408075	15.70117002729503
5.828890341756968	9.445709459177444	15.731858162750093
5.920073961884657	9.601712185367598	15.766773295526486
6.012877142801796	9.759602076408905	15.805917000063765
6.10746320215018	9.91812061497946	15.853186765680839
6.203494413525946	10.079585509364673	15.901191283854338
6.301162522855651	10.24276577211837	15.953873695677995
6.400467504890962	10.40765935700777	16.011235608129702
6.501403312175902	10.57390833649384	16.07396817982065
6.603977944877235	10.741984832763615	16.141153601223277
6.708184707688094	10.911512929678407	16.213495423321504
6.814023570165957	11.08249016004592	16.290995223393175
6.919134099657116	11.236179712962148	16.402758610961836
7.027804341153898	11.409189215134994	16.49047369019099
7.138069100104403	11.58326996934298	16.58381496055138
7.249928340812586	11.758419082626105	16.682783873520187
7.363273854345694	11.9339391948102	16.788088223114492
7.4782498314353445	12.110753000095238	16.89878749867827
7.594747165241625	12.288138280149278	17.015599809435944
7.7127658145114415	12.466091691645278	17.138526379410244
7.831143479645714	12.6392388505662	17.271539795892643
7.951998230656667	12.817633554060386	17.407001556982195
8.074253808161373	12.995953200775014	17.549029891673097
8.197910165775095	13.174194031492677	17.697625659658335
8.322701623095913	13.351209820843312	17.85337474934718
8.448982308835161	13.528519806580224	18.015497570827858
8.576485406103814	13.704946424993848	18.184584413940378
8.705210864290493	13.880485574321632	18.36063561823048
8.720473734974947	13.735954315361132	18.631075048626826
8.846331722058602	13.905062230541292	18.809664775977044
8.973203443453247	14.072505764951401	18.995180558671212
9.101088849908015	14.238280927090917	19.1876221958811
9.229532834709747	14.400868654043144	19.387232409334352
9.35914209142516	14.562285011804734	19.593686489365872
9.489460349876799	14.720979034554814	19.80722220949974
9.620487560582076	14.876946712012918	20.02783861583869
9.74856654701142	15.019703692880377	20.255253541665
9.880489354383807	15.169017428825757	20.48967973299894
10.012740481336003	15.31440860683168	20.731146955703778
10.145319881474421	15.45587346696366	20.979653401873133
10.277528196838443	15.591478739388776	21.234822635768943
10.410297801907744	15.723793785773228	21.497151593073923
10.542928318227586	15.850857673170337	21.76624554770201
10.675419706526917	15.972667218885816	22.042101788920238
10.769351844930219	16.00393119982074	22.289347852324884
10.899894619514107	16.114516763536717	22.574641461602496
11.0297916828357	16.218571082549552	22.866090981979507
11.159043007244843	16.316091915972645	23.1636929616311
11.286710205298345	16.405024321275246	23.46617652796591
11.41404440876091	16.488104048628365	23.775227532122212
11.540106746019436	16.563263583000953	24.0895448678712
11.664897205610764	16.63050199536955	24.409124434749916
11.781849750935516	16.677852757650708	24.722822472459153
11.903293981866113	16.728206161145213	25.051248037758327
12.022780735396342	16.769350486872646	25.383688780021966
12.14031002024638	16.801286441553607	25.72014029887899
12.254765249748958	16.822306577088646	26.058249338632177
12.367635245661175	16.834690694953885	26.401143349178543
12.477803867561262	16.836744557279353	26.746434795886096
12.585271147152381	16.82847073342489	27.094119447718302
11.240748798852444	15.251692832761645	24.51937070777447
11.340424210362286	15.307926035853223	24.786169784531477
11.438868667264686	15.357105059374875	25.056339695225407
11.536082170094023	15.399229946635216	25.32987762026751
11.631174536059936	15.433066584896025	25.60516832034932
11.725332688438346	15.460261502369486	25.884358806238023
11.817666603630212	15.479585547789663	26.165811368846743
11.908176296221857	15.491039903294547	26.449523179548194
11.991161356640717	15.488495786092148	26.723333882408927
12.077410979686759	15.483864931370421	27.009976780366777
12.161238044264726	15.470736030149071	27.297547782813893
12.242642579430708	15.44911143725774	27.58604438398448
12.32072711098133	15.418355492040321	27.8731958171003
12.396688350727418	15.379322188272116	28.162024426342853
12.469629652903423	15.331399136658646	28.45024243282858
12.539551060120464	15.27458979058713	28.737848009707132
12.56770665110697	15.195223661369834	28.915281082788088
12.631670024013529	15.12405470253578	29.1989240710859
12.692122100755201	15.043977204713837	29.480436308162446
12.74906293311068	14.954995364270584	29.759816900219782
12.80173646554009	14.857406049785837	30.034512981814814
12.851150898993971	14.750823720791745	30.307927276002047
12.8965514659953	14.635580776552628	30.577505155448534
12.937938224496795	14.511681913804614	30.84324695600629
12.971495210120226	14.3840984109667	31.089474801867443
13.004625415613335	14.243905430834236	31.34598952647024
13.033334401037823	14.095667742973665	31.597025948485367
13.057622224583293	13.939390063318754	31.842585731071214
13.077038132781237	13.77646156302263	32.080354923126905
13.092183261960736	13.60504068776897	32.313423759666655
13.102608167238268	13.426552147515556	32.539497225737364
13.108312900672349	13.241000161306802	32.758578262995876
13.011862995968537	13.431154851752101	32.30227932447779
13.020028675208062	13.254352678450447	32.5202540813623
13.023528418668532	13.071111703047954	32.73097788264144
13.022362272295686	12.881435649183578	32.934453899056116
13.016370102178463	12.687270256474816	33.12893836449979
13.005765517142045	12.48602906216869	33.316764457239266
12.990389326548822	12.279683022438675	33.49621757221231
12.970241563197442	12.068234795427056	33.66730172401213
12.945804341269618	11.865560360889003	33.82186358464144
12.91643213704265	11.645599380980874	33.9758221173795
12.882326343273878	11.422045220218614	34.12062764516728
12.84348697632625	11.194899204725264	34.25628460015439
12.800192780842712	10.96659388420117	34.38208624553468
12.752072120460058	10.733887736089702	34.49898526334021
12.699403929708293	10.499217663959534	34.60631031793616
12.642188206989589	10.262583538315656	34.70406578003882
12.602430470994765	10.134843062615127	34.773307243735964
12.538585918400207	9.895782523497344	34.85591757801702
12.470457723591355	9.656213815074912	34.928892462334204
12.39804586993607	9.416135589408078	34.992235838458654
12.322000567280579	9.177886026680868	35.04629598429325
12.241454817815242	8.938343391853184	35.09061705079923
12.157058279503168	8.699830056508102	35.12557527957201
12.068810921498113	8.462343520734299	35.15117373912697
11.981757680179282	8.239182292497755	35.17230550024343
11.886508129277825	8.00490245276175	35.18013082824315
11.78792736002252	7.772999207685075	35.17916052244909
11.686015331867033	7.543469271219475	35.169396545227514
11.581669793999218	7.318059176182647	35.15203499802086
11.473693648032006	7.094432150682934	35.125484650037784
11.362983627710028	6.874306637635537	35.09095216770472
11.249539687731975	6.657678965629125	35.04843829914596
12.281624417001389	9.572494949238804	34.947774107117645
12.211843542895018	9.335413667124635	35.00403078942778
12.137995509269844	9.09878921988462	35.05107507041564
12.060080292904676	8.862619725574108	35.08891039053012
11.978844535455913	8.629025121960032	35.11812552782809
11.893292650115123	8.395173589901374	35.13794267521535
11.804170599265591	8.163165887570035	35.14897400860378
11.711478348125016	7.932999196059863	35.15122196682742
11.620649684526962	7.716373903195175	35.150719293766066
11.521517651514674	7.490841910296711	35.13640572991454
11.419377904070778	7.268327005180413	35.113980917459195
11.31423040059231	7.048825816164166	35.08344615740444
11.207004732508292	6.833803138265807	35.04609833443353
11.096461344979824	6.621297839435639	35.00021033347025
10.983528818795556	6.412746879742204	34.94708454649068
10.868207110320526	6.208146722821826	34.88672111836441
10.795270756441244	6.068519079428455	34.88493937980869
10.6761736091461	5.869880703649405	34.81287716986603
10.555249899536546	5.675854067683287	34.734446834584084
10.432499585562065	5.486435763576245	34.649647570105984
10.308875159937246	5.302331347684465	34.56004790771321
10.183106538219029	5.122592447319093	34.46355385699192
10.056145274047111	4.947899084014869	34.36172384438359
9.927991330777765	4.77824828800758	34.254556218329896
9.804318459810473	4.616063105304681	34.1520453077335
9.674313681477873	4.456431055930996	34.03528166722115
9.543714479963116	4.302041768653981	33.914189072341955
9.412520826156598	4.152892884306955	33.788765280424464
9.28156664768111	4.00899979989895	33.660486016766534
9.149739980175266	3.870337053379125	33.527378104066244
9.017874155644602	3.7369040810543535	33.39089780897385
8.885969153656445	3.608699226973678	33.25104255649842
9.0285159607042	3.600373501214453	33.63579243710626
8.892914883187796	3.466967662454751	33.49128732310536
8.757499083991473	3.338967097483666	33.34379105533337
8.6222685460472	3.2163704230351153	33.19330079606059
8.487950297952825	3.098796374154786	33.04113808281114
8.353574935999635	2.98675069084937	32.88553421593299
8.219869183146324	2.8798441248236086	32.72778791735317
8.086833031395145	2.7780760279060557	32.56789634635116
7.958271397571955	2.678045346307273	32.41334503655656
7.826831352150018	2.5860345125038764	32.24983293441627
7.696468852141445	2.4987976821631817	32.08489982903534
7.567183897510542	2.416334852392492	31.91854304446453
7.439472898824632	2.3379867717933953	31.751707171080678
7.312673980856682	2.264632890356461	31.583126741797443
7.187283625022007	2.195616200552833	31.413726089994142
7.063301837850778	2.130937231615624	31.24350282568897
6.959516033923892	2.0369337955719256	31.117328468410534
6.837330424281966	1.9796543566058598	30.945188208056383
6.716822471070569	1.9262897981339782	30.772705510958513
6.597992185960621	1.876841066017363	30.599878288183323
6.481124270181087	1.8305762630963605	30.4273163939626
6.365839152500013	1.788473716536776	30.254202129665163
6.252421850423939	1.749810385646286	30.081130196532055
6.140872379267468	1.714587511585667	29.908098877238658
6.032352808909347	1.678171749330427	29.738269682431174
5.924544983469202	1.6493270221179261	29.565554397079293
5.81873480607972	1.6234669877824026	29.39317564648844
5.714922294409969	1.6005930783006197	29.22113206820604
5.613216996684682	1.5800427022303856	29.04977237850797
5.513472890951447	1.5627027468286663	28.87862872362976
5.415799957485056	1.5479225526356482	28.708040316674886
5.320198215194215	1.5357036520936707	28.538006119536696
5.917417181916321	0.6668850569295319	30.672178945481274
5.787360467019904	0.6275973874564069	30.477925727374142
5.659604652341335	0.5919285154746161	30.284258174845206
5.534149762089503	0.5598804029761636	30.0911742678617
5.411140274541844	0.5305306410797543	29.899075134674646
5.290383609943847	0.5051138047068477	29.707421652592746
5.172024837840491	0.4827238134460643	29.51660088254211
5.056063984036216	0.4633627585994333	29.32661129890035
4.942774609833451	0.4414872090215596	29.139337556060724
4.831521380999171	0.4276249506903926	28.951117184222753
4.722703111916296	0.4162589732616073	28.763893887044773
4.616319828730663	0.4073913957056651	28.57766655862826
4.5123454696539405	0.4002859597002688	28.39260030731798
4.410814844263527	0.3959292483175874	28.208472711573542
4.311702503572042	0.3936018280531055	28.025441525422917
4.21500847309175	0.39330576652967736	27.84350598739651
4.116496672104772	0.3574429781282058	27.67057929721858
4.023772672446033	0.36080121560365636	27.490462829334326
3.9334306443144547	0.36579077718015185	27.311506339222053
3.845470612268394	0.3724136531719699	27.133709330294916
3.759759818645749	0.38012798260444036	26.95710799184347
3.6764753295770753	0.38966077832060886	26.781653097536218
3.5954849514503295	0.40048562156277345	26.607377790279116
3.5167887071604813	0.41260436783713733	26.43428178008028
3.4393259789619934	0.4229251865046306	26.26240557398123
3.3650654878284074	0.43733924808113545	26.09164439165299
3.2929913200521024	0.4527664122430801	25.92206131284327
3.2231034966873002	0.46920838531457804	25.753656197646173
3.155217389401557	0.4863017992558083	25.586407007103112
3.0895792168087857	0.5045349947126382	25.420342895482065
3.026004828907429	0.5235576795321037	25.255441203258734
2.964494244831897	0.5433714044485589	25.091701895331806
2.8249686163860317	0.34010081947655646	24.939698259409457
2.7639071706294	0.36115592803409097	24.776516569786352
2.704861268086101	0.3827763711886405	24.614507182778933
2.647830927034471	0.4049636302946783	24.45367014136828
2.592598036183275	0.4274822880486191	24.29395226973809
2.5394534515490226	0.45064955388602296	24.135424611468313
2.488179473836678	0.4742412618256653	23.97803457505318
2.4387761193364974	0.4982587320995692	23.82178224806706
2.389875814946192	0.5214077345318904	23.666311448914417
2.3440713606203074	0.5461551901670065	23.51229257972197
2.2999946031126544	0.5712245506282638	23.35937650731913
2.257645556867933	0.5966169865758714	23.207563343798668
2.2168177751699742	0.6222096064530716	23.05680105218562
2.1777865525806623	0.6481688812640996	22.907159288330437
2.1403457668535637	0.6743807768038828	22.758587000946928
2.1044954307491155	0.7008463272327956	22.611084313150908
2.060315851533941	0.7198039778196312	22.461862254017177
2.027565801945313	0.7466237626277881	22.31642783787624
1.9962729691223429	0.7736518581767138	22.172031964854764
1.9664373642819664	0.800889173534835	22.02867475996447
1.937878727029803	0.8282929431577433	21.886312547818303
1.9108374295822428	0.8559222158136855	21.74500385299329
1.885133463083727	0.8837410911646781	21.604706021858917
1.860766837397792	0.9117503685938319	21.46541917704476
1.836694435726676	0.9397545999433037	21.326881198519153
1.8149099319983784	0.9681250021914132	21.189589485836446
1.7943526886000452	0.9966853392960804	21.053284291835087
1.7750227141924602	1.0254363131642652	20.91796573442439
1.7567725796070526	1.0543906960860294	20.78360060030225
1.739798876385944	1.0835330239027083	20.65023344510492
1.723954369535972	1.1128813684053314	20.517831999674314
1.7092390666671813	1.1424363463443998	20.3863963769344
0.9271927103603064	-0.06350782698174573	20.147467201252745
0.9029694098242147	-0.045266536121791864	20.01354657098469
0.8797760184040637	-0.0272407642740502	19.880554313309432
0.8576125434204599	-0.009429918145327289	19.74849051688154
0.8363021510247046	0.008185500142549706	19.617303466643925
0.8160806358516198	0.025580803895746806	19.487062309892842
0.7967713264797651	0.042779919658537224	19.35771599125363
0.7783742291568793	0.059783353774382715	19.229264583974913
0.7598966543348671	0.076710792223321	19.10140363428962
0.7432421032965127	0.09332653387793437	18.974712928715867
0.7273944461325375	0.1097724935322768	18.84888679480113
0.7123536881652422	0.12604910252838647	18.72392529255007
0.6979823099663709	0.1421959998498643	18.599786414946863
0.6844636825283335	0.15816128617251438	18.476526302154
0.6716604045097654	0.1739878202978593	18.354103391463493
0.659572480450828	0.189675970180004	18.232517732105883
0.6420260301428637	0.20610409074007752	18.109682429449588
0.631457138715868	0.22139984646193514	17.989757492022175
0.6215162745214302	0.236593973923382	17.870644299543116
0.612203441387623	0.25168678336776523	17.752342891669134
0.6034168673027169	0.2667282131529163	17.634818245899503
0.5952922567456596	0.2816523647043911	17.518117145793134
0.5877279227430265	0.2965114954663104	17.402204864221382
0.5807238685702243	0.31130587089159273	17.28708143431343
0.573731681911513	0.32633218875989023	17.172537376548195
0.5678076268847587	0.34102044166587103	17.05897127315096
0.5623853971707997	0.3556823331427186	16.94617272664354
0.557464995576567	0.37031809067610866	16.83414176520366
0.5529736754850885	0.3849832848288228	16.722848328226892
0.549008438607289	0.3996043257445423	16.612332559247548
0.5454966008620405	0.4142384899919751	16.502564611584685
0.5424381646695704	0.4288859737166697	16.393544509985276
0.5080489702148236	0.4503102575321307	16.2716970758326
0.5067943225875913	0.46410567796250723	16.164216826094407
0.505908357743361	0.4779751858016521	16.057464370419428
0.5053910775299562	0.49191893080507276	15.951439727759038
0.5052030370723872	0.5059915873417555	15.846117115780455
0.5053968336605641	0.5201205904194273	15.741530954686764
0.5059330638966153	0.5343617468685622	15.637655612438639
0.5068117294060192	0.5487151884248644	15.53449110756161
0.5078430227103006	0.5635211206061728	15.431882647297284
0.5093973192464074	0.5781317577518175	15.330124785506353
0.511273587268565	0.5928940125525388	15.229061872576848
0.5134718282196047	0.6078080019415425	15.12869392740211
0.5159705235427126	0.6229323996920613	15.028998502017451
0.518798367891644	0.6381892370683784	14.930005572005873
0.5219338753767011	0.6536380805975455	14.831692844548726
0.5253770472965273	0.6692790355271921	14.734060339719731
0.5283769235820883	0.6878116519348012	14.636034018404294
0.5325093210609477	0.7038493450286268	14.539757448625014
0.5369377011291752	0.7201235807036968	14.444147547153298
0.5416620649575348	0.7366344538437678	14.349204335960533
0.546676970104282	0.7534457221039048	14.25490894156785
0.5519896758188991	0.7704725908947943	14.16128658213843
0.5575947664744128	0.7877795515787884	14.068318569434517
0.5634922431569357	0.8053666921790988	13.976004928286075
0.5696932578950378	0.8236505229029314	13.884236057830746
0.5761848557390855	0.841842821360249	13.793221092795005
0.5829696345135726	0.8603613273653883	13.70284951747736
0.590047595240598	0.879206123753613	13.613121360488272
0.5974268600623112	0.8984486014763835	13.524021893298945
0.6050966018039253	0.917993762896784	13.435570824559289
0.6130649662983458	0.9379136479796921	13.347753670428304
0.6213319545234045	0.9582083359727538	13.260570464342996
0.5696564622994891	1.1131893577683334	13.103784936450687
0.5833006060571917	1.131903279629393	13.018376301188118
0.5970828197734104	1.1512113480782045	12.933600310703346
0.6110031035857016	1.1711135742629384	12.849457005551905
0.6251292723048971	1.1916665651423015	12.765937676712067
0.6393709066245513	1.2127948805386242	12.683054037536758
0.6537958259295595	1.2345552565542608	12.600797729850456
0.668404030497864	1.2569477157148228	12.519168802628714
0.6836245191501567	1.280402906963917	12.438130088263287
0.6986443534598188	1.304117684917525	12.35775465657235
0.713892655069317	1.3285097359973	12.278003798833346
0.7293694243797655	1.3535790927112519	12.198877574470817
0.7451424881126654	1.3794043772160576	12.120375041336954
0.7611214116670076	1.4058808432553676	12.042497604480902
0.7773740322250662	1.4330874026683218	11.965244837671046
0.7939003502937487	1.46102409653688	11.888616813089591
0.8142140658499644	1.4941458957057185	11.812637418495171
0.831358399936663	1.5237323296882905	11.737283536689498
0.8488253509587018	1.5541110997484897	11.662558477019868
0.866614919521221	1.5852822549294314	11.588462327848669
0.8847991221533826	1.617349673029807	11.515004823419993
0.9032819382953342	1.6501749701850077	11.442173206185934
0.9221353994545911	1.683862436836847	11.369977978074257
0.9413595063115321	1.7184121281261682	11.298419246512404
0.9614389637023457	1.7545708750418578	11.227589806576097
0.9814605129335146	1.7909389559683082	11.157318146864286
1.0019034910197657	1.8282484172369822	11.087695262189328
1.02276789870185	1.8664993188814876	11.018721283251333
1.0441342657908763	1.9058236903906813	10.950420633034515
1.0658952209749455	1.9460456358603573	10.88276107509999
1.0881313119189902	1.9872976750679126	10.815768167821957
1.1108425394060168	2.029579871471522	10.749442070068948
1.1714405611464216	2.1332005016218787	10.692202954605637
1.195741033486446	2.179094737248001	10.627553565624414
1.2205960870249588	2.2261453152381243	10.563609061414441
1.2460057225869727	2.2743523024547874	10.500369646914349
1.2720639489537482	2.3238854917383303	10.437884442059072
1.2986454230022395	2.374518648129344	10.37608846701009
1.3258441727491501	2.4264220901647593	10.315032620874526
1.3536601990004642	2.4795958831649823	10.254717152506602
1.3827483219013186	2.535235394952781	10.195517061077343
1.4118785131406169	2.591096422854754	10.136730318845604
1.44169437053287	2.6483541046453642	10.078729324662083
1.4721958948262124	2.707008500956609	10.02151438084867
1.5034944520792501	2.7672664337034067	9.965166240765345
1.535441555883443	2.8288522756441594	9.909577990461536
1.568148588822657	2.891973296190269	9.854833006303425
1.6016155515356492	2.956629547109372	9.800931655141058
1.6419614094413588	3.0341076737257504	9.751982816878758
1.6771570212327942	3.102217918803976	9.699903011969187
1.7131962535050456	3.1720206451522324	9.648742238581118
1.7500791067098551	3.243515889381629	9.59850094461585
1.787938610466642	3.3169520821818774	9.549306429517216
1.8265973927985066	3.3919980514393666	9.500990081939074
1.866188491203445	3.4689024310246483	9.453683083256571
1.9067119058569704	3.547665235162076	9.407385976178873
1.9490977586766034	3.630014721205701	9.363035652393092
1.9915995033141976	3.71270379542128	9.318873901004151
2.0351306040737414	3.7974319274476955	9.275833591633505
2.0796910607256405	3.8841990986776116	9.233915381593807
2.125438913380067	3.9732968369389776	9.193312865405252
2.172163440918445	4.064336359712116	9.15376956099285
2.220022672308511	4.1576088635934125	9.115484749906003
2.2690166067468533	4.25311428347099	9.078459226513605
3.1489880323692274	5.831403896090279	9.749950056613653
3.2167943054029546	5.96188227770944	9.731946826122645
3.286200597568298	6.095324754036104	9.716178259934182
3.3572069027843208	6.231730832245264	9.702645921994108
3.4300233234509276	6.37142385665209	9.691844059283099
3.504369706817398	6.513971387166306	9.68311755381351
3.5804559859070175	6.659692010463155	9.676974001227045
3.6582821520299444	6.808585022280713	9.673415247183819
3.7392490932350513	6.9627104234157775	9.675950296843947
3.820715519554721	7.118175065493036	9.67797587684079
3.9040679566799743	7.277009684606123	9.68299985029563
3.9893063924934977	7.439213298716118	9.691024380514023
4.076655891633114	7.605065039927005	9.702745565668861
4.165816336172785	7.774190159570605	9.717240608627325
4.257012460823705	7.946858551597405	9.73522390130123
4.350244249029092	8.123068874174935	9.756697956323574
4.456853769328869	8.31738554412001	9.81509289228449
4.554388220250178	8.500930670832469	9.844277891986989
4.654108805099661	8.688145006262564	9.877536497427293
4.756015501539186	8.879026740032833	9.91487159327495
4.860326612537838	9.07371744945095	9.95723618146963
4.9667510096681555	9.27202368025095	10.003366638723437
5.075506397142559	9.47407028156315	10.05423999385571
5.186592745390816	9.679854856889607	10.10985950986708
5.301288753315004	9.889780036797706	10.176756273044175
5.417154120382358	10.10302192028426	10.242603059557482
5.535483952082007	10.319984892009723	10.31396227712826
5.656278209838055	10.540665825618733	10.390837545375215
5.779708870578243	10.764915216765393	10.474475038847984
5.905546533020247	10.992924404535104	10.563221896891351
6.033962154751493	11.224515464949762	10.658353696711956
6.164955686189189	11.459684379608008	10.759874355161879
6.354893431862656	11.6916765463454	11.218949640720409
6.489540910741417	11.930517366710303	11.333365610975868
6.626803802131341	12.172454654745396	11.455068417179938
6.766682044710539	12.417483440662952	11.584061967887687
6.909210831023859	12.664911035996496	11.721813995224956
7.054343083028013	12.915648491858201	11.866376635317296
7.2021124027497	13.1689588958514	12.019247802725587
7.352518714407264	13.424836106306739	12.180431355485064
7.505139401720014	13.677181603942707	12.359056977142908
7.660662057170705	13.937317759756132	12.537741557087443
7.818778285833773	14.199234329666366	12.725796213075878
7.979487996299111	14.462923905407761	12.923224458951122
8.14260146376432	14.726856106475669	13.131574738972729
8.308371428291437	14.99305309655458	13.348790113752695
8.47660584922126	15.259920328144524	13.576443214668
8.64730461914181	15.527449096119794	13.814536823876775
8.803762063090801	15.718098291308	14.1195147780537
8.977673548834153	15.983955779203804	14.376731361811066
9.15380670236511	16.249004824289614	14.645255308928457
9.332161403894743	16.51323571835865	14.925088171866074
9.512178237467984	16.774006440319035	15.217426642003158
9.694602802682668	17.03481631647146	15.520677368489055
9.878872756570031	17.292942667796712	15.836041469421156
10.064987969160942	17.548374961041077	16.163518742154
10.247786994689404	17.78169151344632	16.507487037957855
10.436763560533313	18.02935088607736	16.859059475491417
10.627049269481972	18.2720312991223	17.223221460534187
10.818643989263252	18.509722032682426	17.59997049331778
11.010463494617595	18.73853048603836	17.989422584118586
11.20395311660772	18.963622268132895	18.391414958419563
11.398025601636679	19.181022177289584	18.806031851094712
11.592680826299738	19.390720212261318	19.233268011883293
10.214109093018132	16.367981973093794	18.55127464698429
10.368416034391744	16.56593010953734	18.85012145185327
10.523663981844022	16.758839130760396	19.1584125967105
10.679852854627649	16.946702492655334	19.476145748611415
10.835996315432816	17.126751101123794	19.80303986947637
10.99340929948794	17.302662397651034	20.139462839636813
11.151103665031386	17.471618251541575	20.485107847668527
11.309079341090937	17.633612910903622	20.839970891402814
11.459861744581186	17.770409545275008	21.198133521729734
11.617395576928207	17.916528873767632	21.57010417555244
11.774431425310814	18.053634339928966	21.950603140478044
11.93096923764916	18.18172172298533	22.339624810007155
12.085643084029678	18.29764839092859	22.735428358045798
12.240274105650881	18.40559652181503	23.140320614697888
12.393495439665523	18.502399145952985	23.55251053227404
12.545307062601223	18.58805436104054	23.971991191575075
12.625675245031063	18.53630609307459	24.287708925067587
12.772334098078735	18.600904534667247	24.713648282329064
12.91667886596243	18.65263467013966	25.14509112029051
13.058709559586658	18.69149738324039	25.58203006785481
13.19679513786368	18.714883457288686	26.02101601008528
13.333110382600783	18.726276739445264	26.466630576246384
13.466024947675988	18.72308883874365	26.9153670049794
13.595538885898941	18.7053240351032	27.367218170908846
13.711121458906938	18.660959757063402	27.795833678950164
13.832688082500967	18.613561802114827	28.250434054806284
13.949751465754863	18.55039588557766	28.70524677256981
14.062311703350511	18.471469680876286	29.160266136199958
14.168716047206173	18.375834296802243	29.61053447694482
14.271168414655083	18.264775444008826	30.062650733147194
14.368018676539203	18.137417472035278	30.51162324547088
14.459266963762605	17.99377098990694	30.95744897628576
14.11242792928159	17.709745596942053	30.045709623227022
14.199672657219152	17.585795818385154	30.468312407835647
14.281401270129237	17.446757722463634	30.88675687359162
14.357613890657671	17.292641248918994	31.301041459363265
14.426980474774385	17.12419527037576	31.706319920883622
14.491274714884165	16.940445632839605	32.109052986058295
14.549169608817085	16.742225020278674	32.50439656678045
14.600665292767372	16.5295444704555	32.89235247534386
14.639328523520048	16.31393273802075	33.24374625515136
14.67770132443754	16.074620065861904	33.6141360351257
14.70898713224921	15.822269267893484	33.97410946387733
14.733186078610178	15.556891014009429	34.323671896529575
14.749599478868399	15.281634880358316	34.65871215522908
14.75915920328153	14.992324993395648	34.98472706830696
14.76116942797903	14.69218810962208	35.29766240062699
14.755630261339844	14.381233012530538	35.59752669837291
14.72972249466405	14.220585750088825	35.722771345353095
14.713156464901529	13.896277399123786	36.00094258698082
14.688885036913343	13.563619471208707	36.264307117914804
14.656908285464072	13.22261802558471	36.51287538200272
14.617357777267054	12.87795649054909	36.74451037446735
14.570058225891211	12.523401305176446	36.962086787088225
14.51514244737691	12.163667844163372	37.16355570082215
14.452610469213866	11.798758335393826	37.34892845293585
14.386302194636093	11.459335404136569	37.5120792087007
14.30948175931825	11.087412646229575	37.665791976871766
14.225420987113663	10.713578122506545	37.80297441866833
14.134119857396714	10.337830161379157	37.923637215496406
14.036569493540966	9.965011325170149	38.028249352501064
13.931448312307312	9.588657942311944	38.11620889675507
13.819746471650333	9.213584051653582	38.18806209114039
13.701463908508938	8.839784542454947	38.24381753392975
14.274619085680968	13.199192623471111	35.4660433192953
14.24434530832608	12.896529268430541	35.69386263336605
14.20728225470285	12.587744872948845	35.90809879392319
14.16342996682834	12.272842842268664	36.10876054025759
14.113079411385591	11.955924422493261	36.294519119055096
14.0558426992183	11.631526668533128	36.467166895059734
13.992011371676297	11.303764743997805	36.62544616673646
13.921585432704115	10.972638968568898	36.76936581594331
13.848841901569008	10.664140213631175	36.89657617738254
13.766114869395054	10.328991401952742	37.012493553803054
13.677219248018295	9.993215661206742	37.11396574180156
13.58215500539155	9.656810394152703	37.20100064241368
13.481901146852625	9.323726340061922	37.274359047547634
13.375152230821556	8.988687650601266	37.33304350706725
13.262886170577245	8.655613691311999	37.37787017483179
13.14510290448877	8.324499467360951	37.408845008887596
13.077528176156026	8.164187658531528	37.47818760987216
12.952225531623442	7.835806951196517	37.488615660853256
12.822069368161957	7.511402590435106	37.4861189746663
12.68705960677354	7.19096817390959	37.47070139770528
12.54859201749894	6.8773549522461295	37.44457857179252
12.404805380151242	6.566745578638381	37.40480304830031
12.257093490748238	6.26193671550149	37.35360998767742
12.105456261908913	5.962921281104508	37.2910005512764
11.959223933703118	5.6833331785441406	37.23337133901878
11.800810826650158	5.396639579591169	37.150038976421754
11.63944352505076	5.1170391004715805	37.057019020230086
11.47512194424849	4.8445248802661185	36.95431018176481
11.309340301394544	4.580365321004925	36.84472430118273
11.140106117758156	4.322853886742045	36.72450750953032
10.968911724953598	4.073207734950753	36.59645276642505
10.795757049966781	3.831420948257393	36.46055679016829
11.089852547233079	4.1989564301882725	37.1216138560053
10.916602817789464	3.9398502782235236	36.986630561600016
10.741464517863525	3.6891273525777337	36.84414345870074
10.564437574952894	3.4467817773492615	36.69414875395905
10.387004289960386	3.2131559452525984	36.53949228933807
10.207188107613161	2.987780846251302	36.376369572937726
10.026469813876977	2.7709581273266637	36.20759039863657
9.844849355284179	2.5626834552316167	36.03314967034548
9.670654882178082	2.361720315165225	35.86991762001181
9.48791878514841	2.1698752978459823	35.68578424409068
9.305163999940957	1.9863725718355028	35.497647136140934
9.122390493403811	1.811209450361498	35.30550058328857
8.940756257636139	1.6436396166651464	35.111590989936815
8.758717242056601	1.4846532066738933	34.91290973895689
8.57743086406634	1.3334889930510618	34.711657224395026
8.396897109874343	1.1901458581142192	34.50782771242462
8.263430290379898	1.0143942199615736	34.407209155709076
8.082921836003317	0.8832898889806104	34.198043160455875
7.9037942653441435	0.7594282350132957	33.98743899238844
7.726047580588032	0.6428094351944368	33.77539116802582
7.550458594928066	0.5321693910348468	33.56340378429466
7.3759915739335105	0.4291949038804994	33.34945913397276
7.203423527814643	0.332627889533347	33.135020154344154
7.032754471958737	0.2424695950438331	32.920082040912376
6.867557739830646	0.15014335561480863	32.71242509972584
6.7008194444238836	0.0717881762919495	32.497069495685025
6.536370803525176	-0.001023599242790496	32.28192871902078
6.374211841910406	-0.06828996304605646	32.0669987576275
6.21474412337709	-0.1313393407193244	31.853101363864475
6.05743229253617	-0.18839539171970918	31.63913220783555
5.902678565358051	-0.24076834480699816	31.425884340537905
5.750482972475068	-0.28845571740598885	31.21335457207021
7.235411886602679	-0.4930401416652206	35.18225192870884
7.043152856578972	-0.6176294186749602	34.93875324167064
6.852732680676184	-0.7344547238625925	34.69517107324442
6.664151379493616	-0.8435143877728768	34.45149911218962
6.478172650629603	-0.9465413710567576	34.2090767468369
6.293778289553368	-1.0412202832765542	33.966104272675494
6.111732617844088	-1.129266388437994	33.7238748386815
5.9320356685045414	-1.2106770118549655	33.48238318159449
5.757935578785397	-1.296552026587567	33.248182567074835
5.5829900182206895	-1.3659126023908892	33.008595058317354
5.4107532697380325	-1.4297369038489691	32.770320129678254
5.241225373925761	-1.4880216415097358	32.5333535947622
5.074733694198361	-1.5423782570543283	32.298292143484815
4.910841843903223	-1.5906502273370688	32.06433130418931
4.749878186959599	-1.634421330134062	31.832038484266405
4.591842767406542	-1.6736879963322644	31.60141051898669
4.444636914353948	-1.7885081833507517	31.402807970061176
4.290428691335684	-1.819911327186298	31.174645888623715
4.139302056857217	-1.8477062043472072	30.94839108126149
3.991257056576672	-1.8718891145039962	30.724041209327694
3.8463068332408055	-1.8937721719223308	30.50174608425094
3.70443396843744	-1.9115973609914767	30.28130115521307
3.565652669972534	-1.92664756931834	30.062840607017403
3.4299629818435458	-1.9389192311608747	29.8463628423879
3.2966868581481608	-1.956021518437474	29.6322107443966
3.1669693717315566	-1.9634641591545952	29.419655544437376
3.040282865312189	-1.9688443702571403	29.20908402444383
2.9166273800214273	-1.9721588182831946	29.00049515949133
2.7958196070610324	-1.9743607735033262	28.793819253402084
2.6781040510748118	-1.9741716788379828	28.589147224602865
2.5632983395867357	-1.972519196494428	28.386402962340018
2.4514025100901957	-1.9694002878480525	28.185585866178112
2.2593593275196	-2.459204580363549	28.073917975571664
2.1429925315269593	-2.452939157806054	27.874019406183454
2.0296383006834127	-2.445724094899602	27.67617043317294
1.9192966732587398	-2.4375562900977648	27.480370742921313
1.8116393955325691	-2.4291508227021303	27.286430935487886
1.7071042243939434	-2.419547343656733	27.094603026439078
1.6053637633953657	-2.409437533824539	26.904696090002012
1.5064180460797802	-2.3988186747420075	26.716710044287044
1.4080039415906849	-2.391697526676351	26.529445550149035
1.3143744139465487	-2.3804315979604804	26.345178407161704
1.2233056530944717	-2.369013000598967	26.16270364910768
1.1347976881559092	-2.3574393744646045	25.982021336527502
1.0484854199953868	-2.346162792742911	25.80294521008395
0.9648557119387343	-2.3345752655709013	25.625723832801125
0.8835441126129875	-2.323111200740467	25.45017177141099
0.8045506470827873	-2.311768566905984	25.276289164646798
0.7094684811571703	-2.3257104964739685	25.095726854238798
0.6347001126032504	-2.314900620900448	24.925185751187726
0.562009425325324	-2.304438064452036	24.75620569735407
0.49139644078016487	-2.294321088180076	24.588786869251084
0.42250217980981786	-2.2848210908343276	24.422775771942295
0.3558053285851318	-2.275572374541704	24.258377487994412
0.29094738286958366	-2.2668333928758138	24.095439974559223
0.2279283608786817	-2.2586026695740355	23.933963415530545
0.1645556476014507	-2.2524093322910943	23.773083886776657
0.1049972550207556	-2.2453460057057884	23.61445520809773
0.04704748502288503	-2.2389152630432942	23.457200185622387
-0.009293647030514796	-2.233115859330144	23.301318994871316
-0.06435344929293008	-2.228104035635191	23.146697154705926
-0.11769547717049224	-2.2236687375134747	22.9934877041266
-0.16964670027584106	-2.219956982116834	22.84157750077425
-0.22020710573140875	-2.216967725792133	22.690966704023673
-1.5620713356739753	-4.8365591443073015	23.078916884681377
-1.6429760093475128	-4.844443994616368	22.944970997137478
-1.7221383252709135	-4.85387343075225	22.81290385796143
-1.7995582659343925	-4.864846033647214	22.68271585924396
-1.8757103695721558	-4.877474681312783	22.554283453995822
-1.9499618804609504	-4.891605783758439	22.427772249655575
-2.022786954571167	-4.907341810342519	22.30306160859034
-2.094185577617418	-4.924681603316235	22.180151880443553
-2.1669239202234687	-4.944309293811488	22.058506884457415
-2.235718467446447	-4.964942618979637	21.939181653849708
-2.3033791003516715	-4.9872215782285245	21.82160740268978
-2.369905807296712	-5.011145228005909	21.70578444967912
-2.435698057498719	-5.036770294907853	21.591672809391447
-2.5002231999949256	-5.06401908981918	21.479326522632128
-2.563880449430073	-5.092941404657514	21.36870802356178
-2.6266697962767123	-5.123536467277697	21.25981761377519
-2.7071060849329793	-5.160960411857705	21.151551553027318
-2.7680848417779202	-5.195230780528953	21.046390079016863
-2.8284537237340697	-5.231191166410099	20.94295556908318
-2.8882127230584613	-5.268840941977977	20.841248320105024
-2.9476916984707486	-5.308212509521013	20.741298465518017
-3.006450821384867	-5.349261291488456	20.643066526296906
-3.0648197798046093	-5.392015033239007	20.54658498695112
-3.1227985672568197	-5.436473210160372	20.451854154828272
-3.1822886658898852	-5.482889873769125	20.359229918424518
-3.2396537766640754	-5.530801161517442	20.268063583410996
-3.296830281448604	-5.580429251630395	20.17869168615295
-3.35381817470838	-5.6317736955205575	20.091114556451217
-3.4108905939594116	-5.684858175989525	20.005423183122204
-3.4676833434873213	-5.739650114285584	19.921497042880628
-3.5244694358419544	-5.796169772342338	19.83942982395154
-3.5812488661018085	-5.854416751300153	19.759221889604692
-3.7520561243440183	-5.955560206038976	19.712398815586837
-3.8072194244694444	-6.019221602641697	19.637850192058472
-3.8626312061850125	-6.084578148487019	19.565249455520753
-3.9182914653133625	-6.151629505023862	19.494597015832138
-3.974407569399184	-6.220393435274785	19.42605115911783
-4.030703018606411	-6.290845462881927	19.359401836133276
-4.087385080710234	-6.3630005991237155	19.29481074119827
-4.144453751445454	-6.436858498329993	19.23227833730748
-4.203100532750039	-6.512536676409983	19.17293943170045
-4.26104606941477	-6.5898182869793365	19.1146618029914
-4.319504546450359	-6.668805733577182	19.058572932238082
-4.378475959240039	-6.749498642041131	19.00467334121232
-4.438130624681703	-6.831897696845559	18.953181276587447
-4.498241442330541	-6.916001073802779	18.90380701131786
-4.558978613592416	-7.001806254891559	18.85677311597587
-4.620342133220235	-7.0893128148650035	18.812080174939492
-4.690017974100255	-7.178918545610518	18.780269425677677
-4.752560933101618	-7.269866051846083	18.740496888296423
-4.815837286712674	-7.362494424668187	18.703236597012413
-4.879847028803743	-7.456803167301322	18.668489199815667
-4.9447236386200695	-7.552755509302921	18.636535959850413
-5.010289128581577	-7.6503992417547195	18.60700342334901
-5.07667682097906	-7.749693232313085	18.580178163300648
-5.143886708472595	-7.85063688611917	18.556060890034768
-5.212642164241627	-7.952875767717952	18.536536998230495
-5.281550900869448	-8.057067030419699	18.51804359556917
-5.351358670490111	-8.16285602123899	18.50247377553839
-5.422065464258426	-8.27024202332397	18.48982830511326
-5.493765921874408	-8.379119025513821	18.480450277599907
-5.566333834987302	-8.489626586235625	18.473884064795843
-5.6398636162647495	-8.601652386533807	18.470478930059286
-5.714355255049349	-8.715195562687123	18.470235686655695
-6.235387542839801	-8.805777839350986	19.08348195487992
-6.30026789236006	-8.923178011119587	19.09512081624538
-6.366451434112486	-9.04151809033311	19.110018491035802
-6.433938157157747	-9.160797190421464	19.128175780480113
-6.5026666214261475	-9.280816214416545	19.149953485727647
-6.572718719559565	-9.401838400191975	19.174872392007842
-6.644032729368844	-9.523656811401287	19.203299463777125
-6.716608637559656	-9.646270370615179	19.235235478206576
-6.789931828295913	-9.768053310081237	19.27285990281893
-6.864955308321757	-9.892033749998696	19.31201297414282
-6.941186825749082	-10.016613505260494	19.354924925821138
-7.018626364868643	-10.14179130272225	19.401596479369687
-7.097169571042647	-10.267203535365143	19.452386435450332
-7.176955545143168	-10.393331880593054	19.506818004208466
-7.257879537427845	-10.51980179203551	19.56525520806265
-7.339941529780021	-10.64661180144137	19.627698674235177
-7.416581753510968	-10.755430955315106	19.707788126054034
-7.500542577541514	-10.882276503424615	19.777869870906464
-7.585549320322315	-11.009143149243883	19.852172479348855
-7.6716019616317155	-11.136029253923468	19.930696437814515
-7.758527067615631	-11.262368891948395	20.01373809390803
-7.8465558345980515	-11.388912674512888	20.100903300540583
-7.935514332198434	-11.515080977856087	20.192491349866827
-8.025402538272164	-11.640872007284003	20.28850253704017
-8.11481931030062	-11.762209818296839	20.39029558813101
-8.206365866016576	-11.886752864333292	20.49519662333987
-8.298696113151944	-12.010448116466115	20.60467530766398
-8.391810028213422	-12.133293670697672	20.71873169056439
-8.485436651701518	-12.254495065588774	20.83750878071223
-8.579937207568218	-12.37510709477233	20.960815771667804
-8.675040176671398	-12.494319928682899	21.08879469814591
-8.770745534959586	-12.612131618086222	21.221445309674714
-8.760415567299804	-12.506088794336485	21.348159161993138
-8.854251418354721	-12.619600678929881	21.481937702787206
-8.948522143819739	-12.731276007416135	21.62026402147343
-9.043227721180285	-12.841112955118374	21.763137631821316
-9.137998747343708	-12.948168314853525	21.91046078136769
-9.233327708353679	-13.053695529453575	22.06236238282255
-9.328844686100652	-13.156737338721747	22.218739271452165
-9.424549659602272	-13.257292042158351	22.37959061252707
-9.51770914745232	-13.349162687935276	22.543181886672468
-9.61343239492304	-13.444076616190198	22.71260695690806
-9.70905839852233	-13.535810712288992	22.88631226058385
-9.804587140303536	-13.624363521757651	23.064296610451013
-9.89952736726852	-13.708664291353784	23.24608308434639
-9.994534045246622	-13.790137598755468	23.43230452280489
-10.089115546590843	-13.86770262280239	23.622473122207527
-10.183271858029636	-13.941358287911816	23.816587364668436
-10.251411213408634	-13.964841903581437	23.98337634027447
-10.343862568896151	-14.030633425044268	24.183073841995373
-10.435552494526164	-14.091849300947139	24.386228290658003
-10.526480983086444	-14.148488946780622	24.592837937171314
-10.616054388055744	-14.199523160982864	24.801963362241047
-10.705064227563513	-14.24632335602566	25.01485288797348
-10.792916764946323	-14.287858189738593	25.230552505260114
-10.879612000650905	-14.324127698326905	25.449060307099458
-10.961184060743399	-14.349409823693794	25.66300198184904
-11.045110259777053	-14.374696091806866	25.88611888492818
-11.127463835009106	-14.394109902516156	26.111233503551635
-11.208244795522054	-14.407651991905903	26.338343927563216
-11.286803022072345	-14.414560525216988	26.566019425272565
-11.36400536917374	-14.415853620716739	26.7961632971619
-11.439202027327275	-14.410778321930827	27.027330405345126
-11.51239301470072	-14.399336101252725	27.25951902042507
-10.639136743566556	-13.576479316577018	25.51379431848296
